8 1500 574
86 91 76 86 78 94 95 86
507 602 507 807
279 540 310 619
319 678 495 720
299 1140 299 1368
381 348 381 638
259 927 259 1164
180 1128 180 1368
152 931 152 1225
136 436 479 512
191 461 270 505
232 1124 232 1334
555 438 555 648
489 945 489 1178
368 1136 368 1357
364 816 491 850
397 463 14 526
276 999 276 1247
399 979 381 1058
48 1030 48 1317
553 768 553 1000
240 354 240 605
524 1131 524 1422
29 858 29 1112
571 375 571 564
546 983 546 1208
244 503 283 529
567 447 246 504
280 1074 231 1129
569 1046 349 1072
396 582 396 880
48 756 284 815
559 1042 559 1280
534 1043 200 1109
197 619 151 704
125 1101 125 1384
183 785 183 1057
107 1051 107 1308
190 607 175 640
154 458 371 499
294 976 294 1165
10 486 127 551
382 696 249 743
155 898 155 1109
566 744 566 1030
123 422 123 628
447 611 167 650
32 646 32 928
344 540 344 830
572 583 572 845
510 1146 510 1408
302 904 302 1161
464 1058 464 1302
391 577 391 835
341 434 365 524
394 304 394 525
155 602 155 892
209 954 30 1011
409 823 409 1099
247 594 247 838
366 462 366 644
125 520 125 803
187 816 377 879
566 470 202 560
223 531 59 553
349 595 85 660
186 1025 302 1065
86 726 437 787
369 385 369 640
255 713 255 912
141 969 343 1008
219 611 219 869
117 1160 117 1358
277 555 277 757
424 681 484 753
537 1056 537 1292
176 857 176 1060
496 382 496 577
346 665 144 707
119 1102 119 1378
106 1037 522 1083
433 839 397 898
41 1161 41 1431
285 850 285 1071
351 1027 544 1065
280 885 163 929
147 929 488 1007
387 877 387 1090
444 595 444 810
332 998 332 1194
228 935 291 989
210 448 210 675
256 682 256 866
431 1052 418 1128
215 941 215 1185
31 1036 31 1295
343 760 562 797
280 480 280 705
214 990 461 1033
282 1070 17 1129
130 317 130 616
95 454 464 511
340 439 340 636
298 853 298 1070
263 829 231 860
215 1066 120 1134
274 462 274 694
531 822 531 1060
227 404 227 662
160 522 450 578
386 1058 386 1244
142 761 142 958
270 1068 250 1109
351 955 351 1222
182 483 182 666
188 840 339 892
215 546 28 623
204 1115 204 1377
295 426 295 652
329 911 329 1160
237 568 237 833
291 699 470 754
236 1042 236 1320
377 1069 190 1103
137 999 137 1255
526 423 281 491
379 475 212 534
57 489 57 697
167 867 167 1083
234 1155 234 1339
162 415 162 638
519 1185 519 1394
569 643 392 711
444 652 334 728
452 692 452 978
45 457 45 657
78 469 78 729
186 314 186 602
572 415 572 600
235 842 171 863
57 850 57 1032
17 1021 17 1289
498 515 23 548
129 1129 129 1379
537 729 537 999
349 979 11 1021
174 672 174 856
22 344 22 605
488 660 488 952
117 1065 261 1113
216 741 180 779
143 1057 143 1239
486 417 486 688
315 1008 315 1251
480 471 480 724
341 696 449 767
137 935 137 1127
272 823 272 1111
465 453 471 479
544 347 544 591
482 342 482 529
142 674 475 705
350 966 479 1027
250 1055 193 1112
271 421 271 626
305 920 38 983
65 657 198 706
99 719 441 779
346 911 346 1132
327 1123 327 1346
178 1037 178 1252
336 1031 336 1290
497 565 497 751
568 642 202 697
509 752 509 959
484 1041 484 1320
488 649 488 841
314 654 314 837
514 826 319 877
485 341 485 578
246 575 279 635
563 707 563 912
164 421 78 484
193 1163 193 1402
453 645 453 939
535 1149 535 1441
566 809 239 824
509 937 498 1045
398 410 398 600
147 905 331 944
527 518 527 777
386 917 347 973
573 1033 102 1109
325 839 325 1134
375 882 375 1126
199 603 79 649
233 980 39 1036
371 1143 371 1346
421 472 421 769
210 493 527 524
192 1058 491 1130
363 1026 558 1067
142 785 142 1030
82 464 82 680
114 327 114 569
553 1082 553 1369
453 1001 71 1032
553 1107 553 1354
476 877 476 1125
79 1021 79 1319
101 471 270 511
287 1153 287 1357
469 378 469 612
179 865 287 918
229 626 132 679
382 823 371 904
435 622 115 678
85 433 546 470
321 514 158 602
541 598 541 852
318 1019 318 1205
73 911 73 1194
278 844 278 1135
456 747 533 794
505 1042 252 1106
402 640 402 878
408 471 152 559
270 455 185 496
527 319 527 594
464 825 377 872
371 617 371 911
446 881 446 1116
169 446 169 668
244 511 244 695
142 584 197 677
209 698 209 977
418 711 418 989
558 516 529 564
329 1026 490 1051
566 808 566 1069
258 1120 258 1375
146 882 347 917
438 693 438 876
94 1193 94 1377
525 804 525 991
317 439 317 659
344 619 160 680
110 1040 248 1096
21 1138 21 1395
216 672 301 731
424 806 424 1100
32 992 220 1058
400 695 400 973
86 1192 86 1490
242 479 242 725
81 467 81 674
484 816 484 998
548 975 548 1162
315 444 286 488
27 446 27 627
115 471 103 518
215 445 215 707
204 1111 204 1410
276 303 276 565
434 956 434 1176
473 942 473 1217
167 1039 167 1274
384 876 384 1108
464 339 464 609
123 688 123 948
195 890 195 1159
380 606 240 631
407 1166 407 1379
150 798 150 1016
483 1041 160 1078
184 501 184 720
378 1184 378 1372
368 906 175 930
407 614 407 864
184 1065 184 1354
236 495 236 707
118 844 118 1086
432 963 46 1011
36 656 36 900
117 1010 235 1045
431 1026 42 1119
359 449 359 656
238 743 526 794
424 1176 424 1393
302 617 302 853
30 891 30 1116
40 934 40 1199
358 947 224 993
318 319 318 543
252 1073 298 1123
282 844 11 896
39 1002 39 1278
459 1066 459 1261
379 969 379 1186
79 398 79 579
81 818 325 842
49 578 49 770
403 994 403 1242
521 854 521 1061
29 454 100 518
519 1044 519 1312
536 956 536 1221
63 593 63 848
471 925 471 1181
150 851 467 915
250 1185 250 1401
9 1062 9 1317
39 776 39 998
323 754 154 796
338 1076 235 1125
188 1121 188 1406
417 870 417 1122
356 1104 356 1358
426 555 457 598
332 590 332 863
335 400 335 662
52 843 52 1091
92 1059 18 1123
376 735 376 978
221 421 221 707
218 319 218 608
295 732 295 967
324 332 324 559
119 716 119 998
121 1059 487 1102
132 894 132 1075
531 952 464 982
476 665 476 891
508 1050 508 1304
499 1195 499 1458
266 775 266 1054
302 751 307 829
115 1048 72 1081
528 1083 528 1332
163 1025 98 1100
348 851 169 904
467 785 467 1061
573 569 573 853
19 479 278 543
465 373 465 580
477 746 477 966
378 457 153 558
314 733 314 965
19 507 19 770
307 790 307 971
343 1185 343 1368
197 931 322 997
37 791 406 867
551 680 551 917
518 1112 518 1395
83 988 381 1011
125 981 138 1011
41 534 41 812
530 1079 530 1357
330 720 330 981
510 429 510 613
34 1063 108 1137
481 802 32 869
161 836 161 1110
491 836 491 1088
268 628 25 701
323 530 338 587
271 537 271 755
525 443 296 481
25 713 25 910
453 1045 225 1115
454 474 382 576
247 376 247 561
133 608 309 661
392 980 392 1240
178 656 257 745
254 1115 254 1355
444 556 444 767
543 543 217 576
202 794 202 1052
53 325 53 593
450 818 55 869
304 514 550 578
101 527 101 808
526 1009 526 1269
96 1190 96 1392
311 1048 311 1238
493 682 370 732
417 993 147 1076
124 592 124 841
333 669 333 943
119 699 119 942
252 936 252 1218
311 1055 231 1115
28 1078 436 1127
10 475 125 503
332 1138 332 1425
247 378 247 654
256 833 171 865
129 1001 129 1251
424 948 398 990
342 637 342 828
336 699 336 998
220 1088 220 1330
552 882 234 939
397 961 397 1211
298 937 148 991
537 893 306 948
26 438 17 465
512 732 490 752
150 854 150 1107
205 934 495 1007
69 444 33 503
330 1030 330 1212
527 575 527 829
559 755 559 1049
210 321 210 579
369 776 565 843
487 1008 487 1197
527 1019 122 1054
15 873 15 1073
540 538 525 583
208 879 208 1068
150 941 150 1152
403 581 316 643
289 651 289 918
342 614 342 802
565 767 531 798
483 852 118 942
119 737 260 810
83 452 83 718
249 1018 93 1085
290 989 290 1192
568 947 568 1176
209 635 32 672
463 873 463 1102
55 649 55 884
323 451 323 730
223 551 57 609
490 540 484 613
481 892 481 1164
404 486 404 707
484 970 484 1245
83 555 397 620
387 896 462 969
252 951 252 1222
327 351 327 539
412 1043 412 1286
26 1076 26 1367
351 911 426 980
250 961 64 1009
517 1070 195 1135
502 557 502 814
396 890 125 926
47 838 390 894
242 592 242 820
385 987 457 1070
456 571 298 602
459 1183 459 1480
194 959 194 1222
303 983 303 1256
254 441 254 699
279 462 91 527
540 731 422 789
147 844 32 881
305 685 130 762
558 525 238 591
152 891 541 930
329 540 329 761
573 626 573 886
423 601 423 816
563 1030 563 1303
23 786 23 998
56 699 452 740
553 805 172 875
322 518 322 722
350 1076 350 1352
119 375 119 606
513 471 513 716
420 976 468 1009
346 483 346 781
26 825 26 1108
434 577 546 672
468 545 14 617
114 960 114 1228
376 759 330 818
512 1072 501 1140
266 925 126 999
99 880 99 1155
235 1080 144 1141
557 461 557 749
368 584 522 627
448 1125 448 1420
462 669 462 908
358 820 449 896
434 496 434 715
266 971 250 1023
37 594 145 641
191 543 191 746
278 1190 278 1453
355 554 146 608
381 572 562 631
431 510 400 548
165 745 165 967
440 501 545 576
538 872 538 1110
540 855 540 1131
330 709 330 993
253 678 110 748
502 486 502 730
404 1087 404 1378
316 1161 316 1391
275 618 275 814
519 455 404 517
95 1161 95 1447
231 518 231 790
383 876 383 1119
455 500 455 688
396 839 65 898
264 505 264 696
176 889 176 1076
455 489 455 711
458 971 326 1010
123 820 123 1092
460 858 282 895
339 779 339 1019
437 826 437 1054
143 704 143 938
380 1011 380 1275
308 843 308 1025
107 496 107 696
126 1066 521 1133
161 327 161 594
45 670 267 720
521 1180 521 1435
441 581 441 764
525 330 525 616
150 339 150 522
11 1002 11 1227
556 874 556 1112
237 571 436 621
204 1061 553 1123
164 741 164 1010
304 859 304 1073
383 606 385 644
74 340 74 549
423 877 423 1074
233 457 429 499
409 765 409 1032
12 573 307 636
178 974 178 1244
243 1039 243 1235
497 630 497 825
12 535 12 775
233 391 233 589
224 1073 224 1369
484 1169 484 1418
287 890 287 1126
236 656 471 705
206 1103 206 1382
285 1045 285 1314
140 426 224 480
144 781 144 1031
290 431 290 623
461 904 123 982
21 1009 21 1257
392 645 392 927
127 822 127 1021
410 521 410 801
413 360 413 639
92 587 92 820
183 512 183 788
256 804 256 1009
204 988 204 1268
91 911 91 1115
154 616 154 893
345 618 184 690
348 1055 348 1283
54 933 54 1146
458 716 572 762
438 469 521 534
158 1147 158 1370
522 1154 522 1417
155 644 155 853
133 964 179 1029
110 419 110 705
81 444 511 499
458 962 458 1168
390 809 390 1004
298 1034 298 1304
120 1058 245 1129
415 1160 415 1424
57 759 130 844
67 548 516 606
550 373 550 662
384 673 384 961
113 387 113 615
299 441 141 508
84 355 84 609
164 785 222 862
165 494 142 530
189 441 132 482
186 1077 186 1298
507 515 493 568
527 600 527 882
326 671 326 920
65 1065 65 1338
57 440 57 627
125 652 125 907
525 1053 153 1104
540 1047 540 1260
23 1019 502 1071
169 1162 169 1345
464 1011 464 1253
542 640 94 717
473 1072 210 1087
446 447 35 510
143 952 143 1174
168 794 180 812
61 776 61 990
59 816 59 1019
286 312 286 601
217 325 217 622
59 676 59 879
513 772 146 836
504 550 514 605
247 566 247 778
499 705 499 952
270 713 270 978
283 1007 334 1040
230 1185 230 1437
136 889 66 923
571 538 245 590
534 712 534 990
470 550 470 844
70 686 70 890
11 556 11 766
160 1058 160 1278
284 380 284 632
558 512 54 548
260 1027 156 1064
312 721 374 780
421 979 562 1018
473 775 473 1038
356 552 356 741
500 420 500 681
450 470 510 529
466 1122 466 1376
325 665 325 953
124 1036 124 1249
13 382 13 674
234 1005 275 1066
350 870 226 943
162 558 162 833
121 657 121 878
461 507 11 542
237 349 237 578
430 1027 430 1312
166 454 508 507
161 944 161 1223
9 846 9 1101
10 1164 10 1460
115 469 141 499
171 959 171 1205
313 679 313 949
248 860 137 918
541 758 542 825
90 312 90 504
470 559 470 753
303 934 465 968
484 935 484 1212
304 509 304 797
268 736 268 940
511 940 511 1162
488 973 544 1020
141 673 435 710
327 570 327 820
11 651 11 951
359 1107 359 1378
223 1153 223 1391
381 1043 381 1244
185 373 185 608
466 806 102 880
213 423 542 462
197 673 197 922
184 499 398 564
550 1132 550 1353
253 888 253 1093
323 455 99 512
515 789 515 974
284 1006 472 1092
446 457 446 741
497 440 473 457
545 652 96 702
105 1023 208 1086
515 472 225 539
123 684 561 765
453 621 453 845
109 668 109 942
511 384 511 598
554 710 554 915
465 983 406 1053
57 820 172 895
159 695 159 905
457 842 457 1042
14 1026 516 1089
96 301 96 582
573 881 573 1125
205 871 253 952
416 557 416 781
417 504 301 546
285 491 285 689
71 466 71 763
112 1030 112 1285
266 440 266 634
497 608 123 654
284 992 128 1029
420 588 132 661
465 903 465 1147
537 800 324 871
412 312 412 594
488 377 488 651
33 541 33 791
278 1009 125 1050
249 874 249 1118
182 353 182 535
446 846 446 1123
377 851 292 893
340 1085 340 1334
87 815 357 891
473 1164 473 1438
346 574 346 812
213 560 85 581
465 730 287 769
24 1060 24 1292
276 808 276 1079
110 870 110 1134
343 724 343 935
446 959 446 1151
137 518 137 731
116 372 116 563
332 592 348 619
120 586 544 667
336 704 336 930
528 866 528 1090
212 929 340 979
527 1100 527 1302
314 979 314 1201
209 685 320 725
290 1153 290 1447
232 595 232 806
548 852 548 1034
48 1056 48 1345
541 835 78 920
504 450 504 744
402 591 402 865
515 932 487 994
107 850 107 1096
135 803 135 1037
233 612 233 800
102 947 102 1183
526 563 495 598
112 880 54 929
532 1195 532 1473
350 622 350 830
526 546 185 561
377 468 377 756
106 1034 106 1269
390 323 390 524
222 1077 15 1136
11 1003 353 1035
256 814 256 1099
508 1104 508 1373
53 877 53 1136
266 396 266 646
82 977 82 1276
384 1136 384 1379
458 772 458 1007
84 478 332 528
82 872 501 925
297 510 555 566
63 1043 57 1109
17 317 17 522
315 789 391 841
149 705 149 929
17 381 17 592
513 987 513 1272
420 794 475 846
524 487 532 520
424 1004 424 1289
267 879 267 1160
61 527 69 607
135 467 135 660
84 1047 84 1326
379 845 329 917
287 475 138 533
311 707 220 794
335 334 335 589
221 510 278 582
181 985 181 1274
182 766 49 807
51 452 51 662
543 537 215 575
504 965 504 1157
352 721 352 942
542 940 149 998
127 659 426 701
437 741 437 1013
207 938 207 1214
50 1159 50 1401
399 722 178 789
553 424 469 464
329 725 329 958
127 1050 556 1085
560 927 560 1223
94 464 381 526
155 693 155 959
134 911 134 1132
287 841 287 1067
49 1042 49 1338
392 706 392 916
408 504 408 771
572 1063 416 1106
86 551 489 595
308 714 308 971
42 319 42 509
486 338 486 568
287 896 287 1142
510 544 510 829
89 808 390 870
272 801 339 881
34 656 34 854
243 506 243 715
161 884 161 1159
184 1000 121 1056
56 700 399 751
253 1025 24 1098
93 605 175 670
304 1075 457 1136
323 495 302 528
206 443 436 493
254 856 299 920
207 664 207 927
403 581 403 789
106 424 106 607
478 750 493 786
286 699 286 954
121 846 367 933
93 1106 93 1351
177 507 177 698
315 599 412 630
231 554 231 832
87 1045 364 1108
292 792 292 1026
111 380 111 627
564 384 564 664
191 1123 191 1337
137 793 392 849
551 948 64 1025
420 1017 420 1235
202 983 202 1213
487 1164 487 1447
38 540 220 589
144 1042 144 1329
292 907 269 970
325 985 171 1028
301 982 301 1163
167 959 84 1034
470 650 243 682
143 360 143 585
397 590 492 646
277 508 511 601
374 1196 374 1436
485 514 304 568
185 639 286 681
323 799 323 1012
411 727 411 920
142 820 142 1034
272 541 272 824
157 615 157 800
420 391 420 647
562 1148 562 1410
253 1078 253 1355
244 435 82 515
380 1007 380 1297
49 589 533 638
165 781 165 1030
367 478 367 665
87 959 332 1004
327 466 460 512
87 1022 87 1214
424 454 424 687
64 1044 220 1105
223 430 253 504
101 838 101 1124
170 897 37 930
214 867 270 898
366 1083 366 1310
461 538 158 597
213 1126 213 1417
134 376 134 637
485 1163 485 1408
14 765 219 805
481 831 481 1095
268 371 268 576
496 578 496 821
459 1052 414 1124
461 941 373 983
154 841 154 1042
558 495 465 584
165 911 279 992
454 629 339 651
179 454 67 495
431 509 431 786
478 1178 478 1453
179 812 132 860
344 680 138 758
228 545 228 815
53 340 53 574
91 424 513 467
516 470 397 517
294 808 294 1031
265 1152 265 1378
108 1011 328 1059
9 895 259 937
306 916 484 985
566 444 539 459
292 990 549 1062
450 944 450 1208
167 743 167 751
417 696 417 897
493 1179 493 1370
394 372 394 581
18 734 18 1032
51 1128 51 1366
146 659 541 722
172 961 214 1026
462 1072 381 1164
456 499 27 585
298 876 298 1125
324 342 324 547
179 883 190 931
475 329 475 557
374 482 374 724
495 680 495 917
14 850 389 921
185 413 185 688
105 1061 276 1098
457 896 457 1131
400 1033 201 1091
489 1029 188 1060
472 529 472 809
264 427 264 667
15 905 15 1113
90 536 539 600
325 391 325 621
258 747 173 811
353 1068 251 1131
463 893 180 978
560 448 77 523
42 545 42 740
219 690 468 749
68 761 412 801
90 772 90 1065
109 617 48 687
115 1142 115 1364
289 669 289 889
25 558 245 622
178 856 178 1098
196 554 277 619
249 780 249 1054
349 970 456 1017
486 916 486 1176
177 926 177 1211
73 643 73 893
572 379 572 588
527 632 527 909
258 507 258 784
521 668 521 905
122 519 35 574
131 714 57 747
273 894 273 1190
430 474 430 750
326 987 11 1035
134 563 399 601
205 859 205 1087
210 657 454 718
197 455 197 644
368 1033 368 1272
279 343 279 527
38 1071 38 1271
343 582 343 878
385 582 385 854
9 409 9 671
522 649 522 918
324 1023 324 1268
357 320 357 575
48 888 48 1130
296 905 296 1133
565 624 565 834
388 463 389 484
10 333 10 608
166 773 469 809
481 446 481 657
469 495 191 558
248 680 248 954
49 845 453 884
113 471 557 525
186 670 186 962
330 488 473 529
341 562 23 626
261 1114 261 1324
211 1125 211 1342
414 744 414 998
270 736 270 997
514 820 270 896
170 449 502 511
517 1032 204 1078
498 414 498 637
354 363 354 623
361 416 361 682
520 844 520 1131
46 532 46 734
176 880 176 1088
157 415 157 703
276 901 276 1189
457 520 457 762
185 460 185 716
182 604 128 666
430 309 430 535
213 786 341 847
413 634 116 670
307 363 307 594
276 961 276 1168
387 773 387 1007
425 491 282 531
237 981 237 1170
204 911 44 966
151 896 151 1108
422 925 125 949
183 376 183 625
563 555 9 607
232 473 232 688
100 871 100 1080
402 504 544 554
420 319 420 617
136 656 136 908
279 444 279 659
270 682 270 918
549 1072 549 1306
190 845 190 1131
328 817 328 1020
303 972 150 1010
461 635 230 683
320 602 17 679
159 1053 410 1117
186 446 506 501
284 426 233 478
171 475 171 693
340 811 340 1032
72 807 72 1006
149 680 149 861
83 833 261 909
193 1062 193 1325
567 595 225 644
335 908 335 1097
145 672 145 889
560 713 560 946
506 698 506 880
358 902 358 1137
430 852 256 893
132 513 339 541
155 913 291 971
491 996 491 1244
572 700 572 968
265 615 265 877
117 856 506 905
323 374 323 567
385 618 531 699
249 832 249 1032
213 954 213 1203
105 570 105 795
375 453 484 518
416 607 416 850
247 863 247 1151
28 437 28 619
126 707 218 771
63 556 159 624
512 514 512 762
53 333 53 593
221 524 460 597
510 551 518 593
201 381 201 647
501 1026 501 1248
50 1144 50 1387
107 444 152 500
40 746 40 955
175 338 175 532
508 520 508 710
337 682 337 940
282 763 282 955
306 896 35 931
82 587 149 627
429 1035 429 1262
493 753 493 960
430 639 194 705
358 725 413 747
509 494 21 532
320 1158 320 1387
125 433 125 727
113 1026 113 1218
317 1059 317 1324
105 901 454 976
294 911 294 1117
285 511 285 741
229 1169 229 1373
64 989 35 1044
490 387 490 631
539 510 539 719
382 317 382 605
149 663 149 961
457 721 457 985
411 374 411 575
503 650 470 704
540 453 540 682
330 612 330 877
266 926 208 970
436 875 436 1119
68 502 68 774
181 1064 111 1112
572 770 572 993
399 701 155 735
47 803 47 1040
524 479 386 527
133 1091 133 1358
401 475 247 511
269 489 269 746
93 788 323 841
386 606 88 661
164 766 164 1044
18 330 18 622
15 898 531 933
31 586 390 632
11 1100 11 1389
326 813 326 1023
409 987 565 1017
27 904 550 975
336 869 360 957
81 447 260 509
197 545 197 729
483 853 319 892
310 685 328 723
305 1003 305 1298
362 911 362 1179
255 1070 255 1308
178 648 367 662
308 1166 308 1421
298 919 298 1201
48 504 48 758
228 454 205 502
23 1170 23 1427
472 409 472 630
557 881 557 1152
566 557 566 744
294 638 208 708
336 500 336 697
211 651 346 710
327 775 327 1052
375 423 375 664
450 863 442 918
218 440 382 493
21 1030 100 1081
496 540 496 734
351 631 240 675
317 774 193 844
62 631 62 813
244 608 244 804
166 469 256 503
548 490 48 577
430 499 465 536
219 905 219 1194
531 301 531 549
271 1037 343 1123
426 840 426 1140
207 1158 207 1365
21 434 21 734
207 455 279 498
93 558 51 615
16 1062 175 1117
492 579 492 770
212 916 339 980
423 803 56 857
326 692 326 887
544 906 270 984
257 533 14 559
189 916 393 958
158 718 572 774
55 384 55 590
306 674 277 710
538 808 538 1102
133 341 133 568
572 939 572 1190
229 705 378 778
377 1074 424 1129
223 841 223 1073
51 473 16 508
230 953 450 985
286 845 506 859
311 953 311 1247
407 1056 407 1347
541 685 220 717
235 1129 235 1366
433 1069 362 1126
289 465 106 490
157 736 127 784
36 891 36 1186
549 678 571 725
526 890 385 931
173 981 173 1226
510 999 517 1011
261 744 261 976
387 734 387 1015
276 998 483 1052
352 481 215 521
532 898 532 1183
264 983 264 1252
380 980 380 1237
148 361 148 576
318 453 21 546
495 936 495 1146
241 524 241 805
214 723 141 765
569 1039 376 1076
435 1021 31 1112
100 679 100 930
530 703 530 978
526 477 526 708
563 756 251 804
196 462 373 542
344 671 344 895
263 573 354 621
398 590 276 634
387 457 387 742
548 524 557 572
562 1020 562 1207
122 507 327 566
462 687 462 881
113 1023 113 1209
165 1022 165 1263
560 803 535 879
519 1026 507 1085
302 1080 302 1356
251 352 251 541
284 464 284 728
564 514 156 567
125 770 125 1064
264 742 210 793
143 509 143 776
64 657 307 743
438 361 438 611
427 806 427 1011
473 681 25 743
480 949 480 1132
52 825 52 1113
469 856 469 1045
88 718 416 778
454 637 454 896
537 1072 537 1292
350 905 501 954
343 477 386 532
564 722 40 757
267 1008 267 1226
566 390 566 646
364 751 551 813
382 396 382 694
418 868 383 942
287 499 287 772
165 452 423 534
566 1077 356 1158
109 332 109 576
88 471 88 724
500 597 500 860
569 1130 569 1421
89 925 89 1157
467 1161 467 1360
459 457 424 504
180 1138 180 1339
250 491 26 540
212 449 208 504
482 461 482 653
346 1114 346 1321
358 474 135 529
213 455 311 531
488 1022 166 1103
230 547 230 817
389 823 389 1076
485 843 45 896
54 1056 54 1298
280 1074 37 1112
36 850 53 918
273 1138 273 1409
212 689 212 965
121 573 501 607
100 1004 100 1300
356 778 294 847
168 600 555 650
263 462 126 512
370 384 370 566
421 864 251 888
128 776 475 832
196 487 196 675
431 794 217 831
267 958 267 1167
449 1072 458 1130
563 683 563 865
176 500 176 748
36 989 223 1043
569 510 569 725
348 594 348 847
41 1059 41 1338
415 822 255 866
495 969 97 1019
573 778 573 1048
523 990 519 1057
278 355 278 602
76 851 76 1142
262 807 54 855
401 1027 347 1062
46 387 46 583
29 423 562 512
126 678 126 926
292 683 249 735
47 969 92 1002
58 473 58 677
455 540 455 754
52 998 74 1056
356 654 108 690
491 614 274 665
399 634 399 870
556 999 104 1066
254 461 298 492
364 765 147 785
246 842 164 855
430 606 255 691
124 1036 102 1074
525 483 337 537
126 840 126 1137
485 455 158 531
313 800 313 1001
47 662 47 929
65 1069 206 1099
199 438 201 512
392 1015 392 1299
307 885 71 963
213 755 213 1033
454 1093 454 1385
480 330 480 563
224 735 415 799
42 422 426 494
226 794 85 845
230 1121 230 1308
259 1057 259 1248
206 1128 206 1358
325 647 26 711
455 996 466 1058
397 644 160 696
469 894 499 946
409 761 409 1012
252 1196 252 1478
453 493 176 558
499 1058 108 1107
500 402 500 652
554 978 421 1042
539 1176 539 1460
26 562 26 805
168 494 182 551
77 724 77 1019
374 512 301 571
131 500 86 566
282 764 282 977
31 575 31 832
109 1126 109 1410
135 723 135 930
540 458 540 650
541 437 541 630
455 840 476 888
80 1151 80 1422
172 1017 172 1282
210 1071 134 1090
399 575 399 805
280 599 247 632
146 703 146 961
163 430 235 477
461 860 295 911
229 395 229 609
105 1175 105 1449
349 537 349 728
395 560 533 589
481 966 566 1062
513 638 345 662
378 806 378 1066
31 969 473 1041
56 748 56 968
144 857 252 886
514 452 514 695
76 709 240 753
553 896 553 1095
345 725 291 785
13 442 200 529
469 498 57 548
152 850 219 872
451 340 451 605
407 1043 178 1069
461 462 466 524
93 343 93 601
356 507 413 573
199 562 199 824
233 714 233 944
125 409 125 705
247 314 247 543
59 379 59 563
85 464 85 682
91 1048 119 1111
290 1183 290 1407
208 986 208 1243
495 960 472 995
481 1036 481 1280
519 583 30 653
474 1104 474 1336
58 366 58 590
39 954 39 1226
284 655 284 856
140 357 140 558
219 449 521 517
275 410 275 640
361 510 361 704
304 479 304 675
452 810 316 861
539 985 539 1219
474 856 474 1135
360 561 360 754
382 818 382 1080
457 570 457 787
208 536 279 575
381 714 148 772
13 1080 13 1326
281 496 68 568
381 586 381 851
227 750 227 1006
237 1052 295 1097
232 413 232 659
219 1033 223 1108
127 540 143 571
217 426 52 466
334 343 334 543
27 744 290 830
361 865 571 926
220 835 339 876
473 1053 117 1103
160 529 486 569
475 813 475 1105
47 1057 47 1261
176 1062 416 1135
562 728 562 986
146 722 146 968
382 694 534 727
446 886 446 1155
133 905 133 1195
298 399 298 697
18 766 481 853
185 636 185 824
484 851 484 1071
141 955 141 1187
129 487 129 787
465 818 416 895
477 739 477 1033
96 850 507 921
153 454 63 515
347 1057 27 1147
144 901 35 962
442 1171 442 1416
265 736 265 970
550 450 541 507
567 936 373 990
312 457 312 695
573 491 448 560
110 780 110 1014
82 1033 334 1117
407 301 407 494
430 451 342 540
28 549 28 759
39 524 39 732
23 1193 23 1440
304 1199 304 1491
516 434 239 498
239 896 96 963
430 505 430 728
293 637 324 714
365 1092 365 1334
57 329 57 532
396 375 396 573
0 85 60 60 33 31 31 35 69 58 72 53 58 55 51 49 37 46 18 65 33 75 56 25 62 61 52 3 51 59 52 22 57 15 4 55 35 40 35 73 39 59 78 76 70 21 21 18 24 29 6 43 63 76 36 54 52 55 43 53 65 44 73 20 69 25 39 21 47 57 52 44 42 25 45 45 52 63 73 69 30 74 14 60 10 58 45 10 48 22 53 54 42 21 54 43 42 40 62 74 64 26 43 35 56 37 19 55 58 69 44 39 25 61 59 51 66 64 24 65 50 43 49 54 55 65 68 30 29 20 52 59 52 78 59 62 21 35 66 31 39 45 57 40 56 63 80 45 53 13 55 57 37 50 10 49 44 36 68 60 64 25 65 55 45 57 63 53 19 51 23 73 49 50 42 57 29 20 51 32 18 65 48 30 16 25 36 50 48 50 60 32 43 59 40 8 50 42 55 58 33 59 63 24 37 71 45 29 22 46 64 38 68 49 40 65 41 49 48 23 54 32 30 50 60 45 46 76 42 13 24 42 11 57 27 68 21 55 60 12 59 23 20 16 64 47 50 43 49 56 34 37 49 14 66 54 74 58 46 44 32 33 35 35 49 62 36 25 28 55 39 59 27 14 51 77 49 71 56 14 39 47 56 58 51 25 55 44 38 34 51 65 33 29 52 33 59 19 72 26 57 66 44 46 29 69 77 11 62 60 58 14 61 51 54 35 50 60 25 46 64 58 74 31 44 67 57 45 51 35 53 60 29 53 70 48 67 51 63 46 49 78 19 32 59 43 52 78 43 30 20 27 47 56 22 50 64 49 60 38 23 50 55 15 54 9 45 54 49 48 64 30 37 41 66 58 17 63 53 71 73 49 53 23 54 52 59 13 62 73 50 53 32 60 29 60 64 57 59 70 26 59 35 11 67 63 51 56 65 60 24 44 27 62 43 24 61 48 74 55 37 29 61 60 63 41 46 30 38 47 73 19 42 27 53 70 37 50 66 44 55 39 40 20 8 53 31 40 40 32 43 41 39 31 59 23 59 56 56 61 71 43 40 65 59 66 60 61 30 70 36 62 2 60 28 54 47 45 28 45 65 67 57 70 45 33 51 65 21 53 41 67 63 54 36 17 28 64 7 50 43 47 54 60 72 35 60 42 62 80 31 35 41 31 55 55 58 34 22 49 57 52 18 61 48 38 21 55 5 7 41 63 64 54 58 60 46 52 61 11 10 59 59 47 1 37 82 34 71 70 65 38 50 70 42 18 25 45 28 42 44 40 21 68 23 71 12 14 53 19 31 60 46 42
85 0 60 60 55 55 59 62 17 28 20 37 50 56 60 41 50 58 70 28 54 10 39 61 27 45 46 83 50 55 35 71 55 72 82 35 54 52 51 17 51 56 10 11 16 72 65 68 63 57 80 47 27 12 57 36 53 43 55 40 22 56 13 67 26 67 63 65 56 59 35 49 46 66 52 41 58 23 13 19 60 14 74 51 76 30 60 76 38 68 34 38 44 70 40 60 63 59 24 14 22 61 47 53 36 50 73 34 28 19 45 51 61 41 52 34 20 37 66 28 59 55 49 57 35 23 25 56 58 72 57 27 42 8 28 26 70 51 20 58 47 43 60 47 45 39 5 48 33 75 31 56 64 57 76 37 42 60 19 55 22 69 30 60 53 44 23 40 70 40 64 17 40 39 56 38 57 68 60 54 68 22 57 63 75 62 56 54 38 36 57 55 63 42 47 80 50 59 55 46 57 35 30 66 51 19 56 61 67 49 29 62 25 37 53 30 45 46 41 68 39 54 62 42 34 42 43 11 45 77 67 51 76 48 59 20 67 53 27 77 27 66 66 70 24 41 50 43 58 38 51 64 59 76 20 60 17 46 60 46 55 66 63 54 55 39 55 64 58 54 63 51 69 74 39 10 38 21 53 75 47 43 31 29 35 65 37 43 48 54 49 33 60 66 45 64 27 68 19 69 36 31 44 41 62 17 11 77 43 38 37 75 36 61 37 57 46 28 65 50 23 57 14 58 51 24 46 49 41 56 34 49 58 49 24 38 19 45 39 54 43 9 70 60 53 57 40 9 43 58 69 62 40 37 64 51 34 40 45 49 70 49 33 75 38 77 41 58 39 49 31 60 55 58 20 30 74 33 61 18 15 61 44 69 58 56 40 76 25 15 55 54 67 28 60 32 25 32 27 23 68 34 55 78 26 39 55 42 23 33 64 43 61 31 61 70 46 58 18 31 62 68 26 34 40 46 43 58 64 40 13 68 63 60 60 18 51 45 20 62 55 53 47 72 78 48 57 59 47 55 57 50 47 67 59 63 29 32 30 29 15 46 55 21 32 32 55 43 56 22 50 42 84 33 67 44 45 45 59 55 32 26 41 19 58 66 38 21 69 33 63 21 26 39 61 69 65 25 79 39 59 53 38 46 21 53 29 44 35 7 59 60 54 62 49 59 35 61 64 57 33 48 69 26 52 52 69 42 80 79 45 26 38 32 27 30 45 37 50 76 76 60 35 39 85 49 5 58 16 17 21 61 56 21 60 74 70 53 62 52 55 58 66 24 67 22 76 72 49 69 57 30 59 62
60 60 0 85 36 47 57 27 55 42 42 30 12 78 11 57 48 72 58 63 48 54 26 50 37 73 66 60 17 80 48 63 78 48 59 56 32 27 41 45 32 6 52 52 50 41 49 51 54 51 58 55 36 50 28 57 13 21 67 60 55 69 57 56 65 61 70 50 71 5 38 26 35 61 66 38 77 45 52 57 56 48 59 11 57 55 73 54 48 40 50 60 42 41 25 19 18 68 49 58 49 39 58 53 59 50 43 55 45 43 32 58 48 21 78 44 47 70 39 34 76 21 19 9 31 42 62 49 53 62 76 45 24 57 39 55 61 43 51 35 42 52 82 52 18 23 58 60 43 49 48 79 25 74 53 43 44 65 55 80 44 37 64 80 66 70 50 26 59 59 43 60 55 55 21 26 47 43 78 40 49 44 73 62 46 52 60 72 47 42 5 39 74 20 40 52 17 20 77 72 32 28 32 59 52 60 69 35 41 63 33 24 37 45 26 64 45 23 33 39 26 42 33 59 63 51 30 56 36 49 38 61 56 73 47 58 43 10 51 62 48 58 49 51 40 33 68 43 74 26 42 70 13 48 50 80 45 16 16 56 37 68 67 55 14 69 30 57 49 76 23 77 65 58 29 58 52 62 10 48 45 28 50 50 41 37 59 35 38 35 68 29 31 33 66 29 49 55 43 66 28 31 32 36 59 52 59 59 19 24 64 60 26 9 59 60 21 55 59 63 51 5 59 56 64 38 17 62 59 60 38 76 41 15 38 43 52 65 70 18 27 53 44 32 78 69 27 59 37 52 59 57 48 28 45 69 28 54 73 52 39 18 54 60 59 57 48 78 33 21 31 34 29 68 51 53 63 29 7 59 58 11 65 62 8 76 22 49 41 47 73 75 28 37 35 32 38 54 51 39 64 62 33 49 62 71 74 67 56 62 40 38 55 62 72 64 75 14 44 40 68 67 39 28 71 36 32 53 24 38 56 44 74 54 79 57 53 22 52 18 9 28 47 62 56 70 38 22 51 38 19 58 45 29 3 49 37 36 48 58 53 54 63 46 32 30 7 19 46 61 46 20 60 30 64 66 59 57 50 18 66 36 22 58 17 27 32 48 41 45 73 56 38 61 26 51 63 39 57 32 70 17 29 16 41 54 57 42 66 59 58 27 63 62 72 7 61 64 50 13 33 18 55 54 18 56 59 22 57 55 38 39 24 45 47 34 58 33 77 58 56 3 63 39 61 44 60 60 48 56 49 24 73 41 20 42 64 20 58 62 68 66 44 61 39 63 59 55 71 56 36 58 73 20
60 60 85 0 53 43 34 66 46 49 62 58 75 8 78 29 39 16 44 34 41 54 63 43 56 17 20 59 69 7 40 40 8 56 58 33 57 60 47 60 55 80 60 56 52 63 48 49 41 40 56 31 58 59 61 31 73 67 21 27 41 19 49 43 36 37 23 46 16 81 49 60 51 37 21 48 10 50 53 43 35 59 48 78 52 36 17 55 38 59 39 27 44 61 63 71 74 22 45 48 47 54 28 35 30 37 62 34 46 57 54 29 45 70 10 44 51 25 58 62 12 67 67 78 57 54 37 41 38 42 10 47 63 55 52 39 41 44 46 56 45 34 5 34 69 71 57 26 45 59 41 7 70 13 56 43 42 26 44 7 52 63 32 7 20 19 45 62 43 28 52 45 31 32 67 63 44 56 11 49 51 53 14 32 61 42 29 14 40 45 82 50 17 69 47 61 68 69 9 16 58 63 62 38 35 43 18 58 57 23 62 68 62 42 62 32 41 63 54 61 61 46 60 28 28 34 56 52 50 61 60 26 52 14 45 42 55 75 41 48 44 40 49 51 56 53 17 43 13 62 45 25 75 61 47 8 62 72 74 29 52 29 27 33 72 23 58 38 42 10 70 11 35 48 58 52 35 41 76 60 42 58 39 41 47 59 29 51 48 53 18 67 61 64 21 66 43 44 61 34 61 66 54 50 34 49 51 51 73 67 26 48 66 79 30 29 65 37 37 23 44 80 48 35 23 60 71 24 27 30 50 13 50 71 64 44 47 21 23 69 59 59 57 60 9 19 60 53 49 39 42 37 38 61 50 17 66 32 17 35 63 68 35 47 29 53 38 8 54 65 64 58 59 21 47 37 43 65 81 44 47 78 22 39 78 11 68 60 53 58 14 11 68 55 57 60 57 35 41 63 36 29 56 61 36 23 12 21 41 30 56 48 38 31 19 38 16 74 62 49 25 31 54 63 22 50 54 37 70 48 50 55 18 38 9 45 34 64 46 74 77 60 40 42 56 16 52 68 35 51 69 29 41 68 83 46 55 53 42 35 49 32 25 50 59 67 80 72 43 40 41 72 60 62 34 21 27 29 42 69 30 63 67 43 71 69 55 49 60 43 19 42 57 26 66 50 34 56 56 55 19 69 59 74 63 34 35 44 27 55 33 64 24 31 14 80 29 28 45 73 57 68 45 39 68 31 41 66 58 58 48 56 70 44 44 58 28 54 12 51 53 83 28 47 59 43 57 30 54 46 48 68 13 61 70 63 37 66 36 25 19 23 54 38 59 40 50 49 15 44 54 34 16 72
33 55 36 53 0 11 21 14 40 27 40 21 29 45 27 28 15 38 24 41 13 45 24 14 30 44 36 31 22 48 24 28 46 19 30 31 5 10 7 41 7 32 47 45 39 17 15 18 18 15 28 23 31 44 9 31 25 24 33 32 37 35 44 21 44 26 35 15 38 32 20 12 10 25 32 14 44 32 43 41 21 43 26 32 25 32 38 24 22 14 26 33 14 16 22 20 22 33 33 45 34 7 26 18 33 16 19 31 28 37 11 24 13 30 47 22 36 44 11 32 42 16 20 28 23 33 42 13 17 28 43 29 21 48 27 35 26 9 36 4 10 22 49 20 25 32 50 28 23 21 27 47 17 41 23 19 17 30 39 49 33 15 42 47 33 40 34 21 25 30 10 45 27 27 16 25 11 14 44 5 16 34 39 26 20 16 25 39 21 20 34 3 39 28 10 26 21 18 44 43 6 26 31 24 18 44 35 8 13 30 32 16 36 20 11 41 15 18 15 14 22 7 8 29 38 22 14 46 10 22 13 27 25 42 11 41 13 28 32 29 30 22 15 18 32 15 36 15 40 24 8 34 24 22 36 46 42 29 23 25 1 32 31 20 22 42 6 22 13 44 18 46 29 25 19 48 24 44 29 21 13 15 28 30 21 10 33 13 8 1 37 33 9 13 35 14 31 21 40 30 25 34 12 15 23 39 48 27 32 28 37 27 29 29 32 25 19 33 23 31 35 32 46 20 31 35 27 30 30 25 21 45 5 24 38 19 38 34 43 19 17 47 15 8 47 35 20 49 12 16 24 22 21 23 12 37 32 26 43 18 16 21 30 27 32 26 19 45 17 18 32 6 8 33 37 31 29 31 30 43 44 27 35 26 29 42 28 22 31 42 40 42 17 28 7 27 32 31 31 38 28 37 4 24 41 44 41 38 37 36 10 13 19 39 37 28 45 23 42 24 33 31 29 28 44 9 14 18 18 16 44 14 39 18 45 42 19 20 37 22 28 9 15 27 26 39 3 16 19 2 18 25 14 17 34 14 27 24 28 36 41 23 29 34 27 34 33 31 10 43 13 32 31 27 29 36 28 26 14 18 43 35 26 42 20 17 19 35 15 24 38 39 31 33 14 18 27 32 27 18 36 20 22 31 40 20 35 13 41 50 23 12 29 27 41 30 36 28 16 23 25 23 20 34 19 22 24 24 28 26 10 31 32 24 29 28 27 20 47 26 25 34 37 17 32 11 52 25 40 41 35 15 40 38 18 19 29 17 22 28 34 32 12 41 12 45 26 22 39 22 3 35 39 20
31 55 47 43 11 0 11 24 39 28 43 27 38 35 38 21 7 27 17 36 2 45 30 6 33 36 27 29 32 38 21 20 36 19 27 25 15 20 7 43 16 43 49 45 40 22 10 14 10 5 25 14 35 46 20 25 35 32 22 25 35 24 43 13 39 17 24 10 27 42 22 22 14 16 22 16 33 33 43 39 10 45 20 42 22 28 28 22 18 19 23 26 12 20 30 30 32 22 32 43 34 12 17 8 26 8 23 26 28 39 18 14 6 38 37 21 36 37 17 37 32 27 29 39 28 35 38 3 7 20 33 29 29 48 30 32 18 6 35 14 9 15 39 12 34 40 50 19 23 22 25 37 28 31 22 18 14 19 38 39 34 22 36 37 23 32 32 29 17 23 12 42 20 20 26 32 3 17 34 7 14 35 29 16 23 8 15 29 18 20 44 8 29 36 11 26 31 28 35 34 17 33 35 14 9 41 25 16 16 21 37 27 40 18 22 35 10 26 21 20 28 5 17 22 31 15 21 45 15 24 19 18 21 33 5 38 15 38 30 23 29 14 11 15 35 20 27 13 30 31 5 24 35 24 35 36 45 37 33 16 10 22 21 10 33 35 17 12 4 34 28 37 20 19 26 47 19 41 39 23 8 23 25 28 22 17 26 17 10 12 27 39 19 22 27 24 29 14 43 21 31 39 19 18 13 39 47 23 40 35 30 21 36 39 25 15 28 30 14 21 33 42 44 10 21 38 35 20 23 14 23 36 8 33 42 18 37 26 36 29 25 48 18 18 37 24 26 48 15 6 16 12 16 30 11 27 38 19 35 9 22 30 25 21 25 22 15 35 22 27 37 16 18 23 36 27 21 37 41 41 43 38 27 18 39 32 36 23 33 43 30 32 26 31 15 32 35 26 29 41 19 30 15 25 37 37 31 30 34 31 15 15 10 33 27 19 37 34 44 26 22 21 32 34 37 13 19 7 28 18 43 16 28 9 35 40 10 28 36 32 39 19 9 19 24 29 10 27 11 10 28 15 9 26 44 8 31 27 26 31 40 15 19 35 31 40 43 39 1 39 5 40 30 33 19 28 20 17 5 29 37 39 34 39 30 27 24 35 19 22 27 36 34 26 24 15 17 35 25 23 25 30 28 39 43 9 30 12 34 49 12 23 19 16 32 40 29 18 10 34 29 32 14 31 30 12 16 32 26 25 13 34 39 23 28 32 18 24 38 22 22 44 30 18 30 6 51 14 40 40 34 26 30 41 29 24 20 27 12 18 24 21 14 38 18 41 21 18 30 15 12 30 28 30
31 59 57 34 21 11 0 34 42 34 50 36 49 27 48 20 12 19 13 36 10 49 40 9 40 31 22 28 42 31 25 13 29 23 27 26 26 30 17 49 26 53 54 50 44 29 14 15 7 7 25 13 42 51 30 25 45 42 15 23 38 16 46 11 40 9 14 13 19 52 30 32 24 8 15 24 25 38 48 41 1 50 17 52 21 30 18 23 22 26 26 24 20 27 39 40 42 13 36 46 38 20 14 7 26 11 28 27 33 46 27 9 11 47 31 27 41 34 24 45 23 37 39 49 36 41 39 9 5 14 25 34 38 52 36 34 12 15 39 24 18 16 30 12 44 49 54 15 29 26 29 29 37 22 24 24 20 9 40 32 40 30 36 28 16 27 36 38 13 21 18 44 20 21 37 41 11 23 25 17 18 41 20 6 28 8 6 22 22 26 54 19 19 45 20 29 41 38 27 29 27 42 44 8 9 43 17 25 23 16 45 37 47 24 32 35 17 36 30 27 38 15 27 20 30 17 30 49 24 28 26 12 20 28 12 40 21 48 33 20 33 9 15 17 42 29 21 20 22 40 15 13 45 28 39 27 51 47 43 15 20 11 10 5 43 32 27 6 9 27 38 31 11 17 35 50 21 42 49 27 15 32 29 31 28 25 25 26 20 22 22 47 29 31 22 33 33 12 50 12 40 48 28 27 4 43 50 21 50 45 28 18 45 49 25 6 38 32 6 16 37 52 47 1 15 45 45 15 21 5 31 31 17 44 49 24 40 21 32 39 34 53 23 27 31 15 36 51 24 5 11 4 20 39 17 20 47 20 30 10 29 40 27 17 24 22 19 27 31 37 46 25 29 13 40 30 16 45 51 43 45 48 23 10 49 24 45 27 39 49 22 25 35 38 25 41 42 28 32 49 10 29 25 28 37 33 23 26 37 30 22 24 4 33 17 12 32 44 51 32 12 12 39 43 33 23 29 4 38 26 47 21 18 5 26 43 9 38 40 42 49 30 15 13 24 24 20 37 13 20 39 11 16 35 54 12 38 35 30 32 44 14 11 40 40 49 53 49 11 41 13 49 29 41 10 24 17 15 8 39 35 47 43 42 41 36 33 39 26 27 18 39 41 24 34 16 8 41 25 32 16 40 37 49 50 6 32 19 32 53 2 32 11 6 26 51 29 8 12 44 38 42 13 33 40 8 10 41 26 26 22 41 49 28 33 40 16 32 31 20 21 55 29 26 30 15 55 5 46 43 39 36 22 48 39 29 11 37 3 12 16 12 20 39 25 42 19 17 24 12 22 31 19 40
35 62 27 66 14 24 34 0 50 36 45 26 24 58 17 41 28 51 32 53 26 53 25 25 35 57 49 34 17 61 36 38 60 22 33 43 11 11 20 47 13 25 54 52 47 15 23 25 29 27 32 36 36 51 6 43 18 23 46 45 48 48 53 30 56 37 47 25 51 23 29 14 19 36 46 25 57 40 51 51 33 49 33 26 31 44 51 28 34 14 38 46 26 15 24 9 9 46 42 54 44 14 39 32 45 30 17 43 37 43 19 38 24 29 60 33 44 56 13 36 55 10 16 19 28 40 54 26 29 37 56 38 22 56 35 46 35 22 46 10 23 35 62 33 23 31 58 41 33 23 38 60 4 54 27 30 29 42 49 62 41 11 54 60 46 53 43 23 34 43 17 54 40 39 9 27 23 17 57 18 23 41 52 38 20 28 38 52 33 31 25 17 52 26 22 27 17 8 58 56 8 29 34 34 31 54 49 9 15 44 35 4 40 32 9 53 27 18 22 12 24 20 8 42 50 35 19 54 20 23 12 41 30 56 22 51 17 21 43 35 40 32 23 25 39 22 50 27 54 26 22 46 15 22 45 60 48 25 12 38 14 44 44 34 15 55 10 33 25 57 5 60 40 32 23 56 37 55 22 22 26 19 40 41 31 11 45 22 20 13 50 34 5 7 49 3 41 30 45 41 28 36 19 24 35 48 57 33 29 29 50 34 30 18 44 38 18 45 34 44 44 23 55 33 44 40 23 43 43 38 29 59 17 19 42 29 47 48 56 13 20 54 18 7 60 48 23 57 22 29 33 33 33 26 20 50 33 39 56 32 13 17 42 34 44 31 32 58 24 15 35 9 8 46 46 42 37 33 20 53 54 16 48 36 20 56 28 23 38 48 53 56 5 35 10 32 38 43 42 42 39 49 11 24 53 57 54 51 48 49 13 23 31 51 50 39 59 13 47 33 45 43 36 30 57 20 20 30 5 26 53 18 51 30 59 51 33 19 47 10 21 10 28 36 30 52 14 6 32 15 9 38 27 5 25 24 34 31 39 48 50 36 42 43 31 36 26 28 23 54 26 30 34 30 40 49 41 39 26 11 55 39 25 52 11 5 25 43 14 35 51 49 37 46 2 25 38 38 31 24 49 13 25 27 44 33 47 25 53 58 35 2 42 39 54 21 48 41 25 15 30 19 29 45 14 35 34 23 31 29 22 37 32 35 39 33 40 26 60 32 30 25 49 27 35 24 60 37 47 51 44 3 53 43 7 17 39 11 34 41 47 45 18 53 13 56 32 29 52 30 13 47 52 8
69 17 55 46 40 39 42 50 0 15 18 27 43 41 52 24 33 41 54 13 37 9 30 44 18 30 30 67 41 40 18 54 40 57 66 18 41 39 36 15 37 49 15 11 7 57 49 52 47 41 64 30 19 13 44 19 45 35 38 23 6 40 5 51 13 50 46 49 40 52 21 37 32 49 36 26 43 11 8 4 43 13 58 45 60 13 43 60 22 53 17 22 28 56 31 50 53 43 8 5 7 46 30 36 19 33 58 17 13 14 32 34 44 35 37 19 8 23 51 22 43 44 40 49 25 13 11 39 42 55 42 12 33 10 17 9 53 35 5 44 32 26 45 30 37 34 13 31 18 60 15 41 52 41 60 22 25 43 2 40 11 55 15 45 37 29 7 31 54 24 48 6 23 22 45 29 41 53 45 39 53 11 41 46 60 45 39 38 22 21 50 39 46 35 31 64 41 48 40 31 44 27 23 49 34 6 39 47 52 32 23 50 20 21 41 15 29 35 28 54 30 38 48 25 19 25 31 7 31 61 52 34 59 33 43 5 51 45 10 61 11 50 50 54 16 28 34 27 42 29 36 47 50 61 5 45 17 39 50 29 41 49 46 37 46 24 41 48 42 39 51 36 52 57 28 8 21 8 46 60 31 32 14 12 20 50 20 29 33 40 33 28 47 52 29 51 10 51 17 52 27 26 31 27 45 3 8 61 37 31 21 59 29 53 20 40 37 11 48 33 6 50 6 41 34 19 39 32 25 39 21 34 43 41 21 22 3 29 24 43 32 13 54 46 38 41 30 10 29 41 52 45 23 28 49 35 28 23 30 33 56 40 16 58 21 61 25 43 27 38 25 46 42 41 4 13 58 27 53 5 5 53 28 52 50 41 33 60 14 13 39 38 54 18 46 23 17 15 10 20 51 18 41 63 11 25 40 26 7 17 49 28 45 16 45 53 31 49 17 18 45 51 16 27 25 32 30 41 52 25 5 53 47 44 44 3 34 36 4 52 47 41 30 55 62 33 42 48 30 40 47 33 30 54 52 47 19 20 13 13 4 29 38 9 23 27 49 37 40 8 34 36 68 25 50 28 28 28 42 45 18 21 33 5 48 54 26 8 55 17 47 4 18 23 49 53 49 17 63 27 43 44 28 40 19 36 13 29 20 11 42 48 37 45 34 51 19 44 48 48 23 39 52 9 43 35 52 34 64 63 30 16 33 17 12 21 28 25 35 60 60 53 19 24 69 33 14 41 9 1 6 49 40 17 49 59 53 43 45 35 39 41 50 9 52 10 59 56 34 52 43 14 43 51
58 28 42 49 27 28 34 36 15 0 17 13 30 42 38 21 23 39 44 21 27 19 17 34 8 34 30 56 27 43 11 46 42 44 54 17 27 25 24 16 23 37 21 18 13 44 38 41 37 31 52 24 10 18 30 18 32 22 35 22 14 37 18 41 23 42 41 38 38 39 7 23 18 41 33 13 43 5 16 17 34 17 48 33 49 14 41 49 14 40 11 22 16 42 18 36 39 39 8 19 9 33 26 28 19 24 45 16 3 12 18 29 34 23 40 8 9 29 38 13 42 30 26 36 11 8 21 29 32 47 42 4 19 22 4 13 44 23 11 31 20 20 46 23 25 23 24 27 6 47 8 43 38 40 49 10 15 38 14 43 7 41 23 45 34 31 9 17 44 22 36 20 19 18 31 17 30 40 44 27 41 8 40 39 47 35 33 37 13 9 38 27 44 23 19 52 27 34 41 34 30 15 14 40 25 20 37 34 39 29 14 36 15 11 27 22 18 22 14 40 16 26 34 22 22 19 17 19 17 49 39 30 48 35 32 17 39 32 10 51 6 40 38 42 8 14 33 16 41 16 24 43 36 48 10 45 18 27 37 24 28 43 41 29 32 29 27 39 31 40 37 39 44 47 15 21 16 21 33 47 20 18 10 9 7 37 20 15 20 27 32 19 33 39 29 37 8 41 16 45 14 17 17 13 37 13 22 50 26 20 24 49 18 39 20 34 23 13 39 30 10 37 20 33 31 13 26 29 23 33 7 37 30 28 17 11 12 28 29 30 18 21 42 32 41 38 16 22 15 31 43 37 15 15 37 34 18 19 34 24 42 26 14 48 21 50 16 43 13 25 16 32 28 38 11 13 48 17 40 18 19 39 28 44 37 41 21 48 6 16 38 39 40 6 33 12 10 14 9 15 44 22 27 50 20 30 39 28 14 21 36 15 35 21 42 45 35 35 17 4 41 44 6 15 31 19 16 32 38 12 18 40 44 35 45 17 26 22 12 37 34 26 20 46 51 33 29 34 22 27 33 28 20 40 39 35 7 7 8 17 14 23 33 8 11 19 36 25 29 20 23 25 56 14 43 28 25 24 32 31 25 15 21 18 34 40 11 8 42 7 44 15 9 23 34 42 41 9 52 13 40 30 14 28 17 28 16 17 25 23 35 34 33 38 35 38 21 38 37 34 10 25 42 12 29 28 43 21 53 51 18 8 22 6 5 10 24 10 39 49 49 40 23 11 57 22 25 34 13 16 9 35 39 15 35 46 45 28 37 31 36 37 38 19 39 22 49 45 34 42 29 17 41 37
72 20 42 62 40 43 50 45 18 17 0 20 31 56 41 37 39 55 60 31 43 14 21 49 11 47 44 70 31 56 27 62 56 58 69 31 39 35 39 4 35 37 10 11 12 56 52 56 52 47 67 40 10 9 40 33 34 25 51 37 22 53 18 56 30 58 58 53 54 40 22 32 31 57 49 28 57 14 13 22 50 7 63 31 64 27 57 63 30 53 26 36 32 55 22 42 45 55 18 20 16 47 42 44 33 40 58 30 19 6 30 45 49 22 53 24 12 40 51 9 57 37 31 38 18 10 29 45 48 63 56 17 24 16 14 24 60 39 17 43 35 36 60 39 26 19 17 42 22 61 23 57 47 55 63 26 31 54 20 56 12 53 33 60 50 44 18 22 60 37 50 22 35 34 38 19 45 54 59 41 55 11 55 55 60 51 49 52 29 25 37 41 60 23 34 66 32 41 55 47 42 17 12 56 42 24 53 46 52 45 10 44 6 27 36 32 34 28 25 53 22 41 46 38 35 35 27 17 31 62 51 46 63 49 47 23 53 34 22 66 20 56 53 57 9 26 48 32 56 20 39 59 40 61 16 60 3 27 42 40 41 59 57 46 36 41 39 55 47 54 45 52 60 62 23 18 32 26 34 61 36 27 25 23 23 49 34 29 35 40 47 14 44 50 43 47 21 57 2 61 18 12 29 27 53 15 20 65 23 19 37 64 17 42 34 50 28 25 55 46 19 38 20 49 47 6 27 45 38 49 21 50 44 31 4 27 17 43 41 35 25 12 55 44 54 54 23 19 30 47 59 53 31 19 51 49 15 34 46 41 54 31 29 64 35 65 32 58 24 31 12 44 39 54 16 26 64 14 42 22 20 43 42 60 39 55 21 62 12 6 53 54 50 13 45 14 9 28 22 4 60 34 39 64 29 42 54 42 23 33 49 29 51 32 58 61 48 39 2 19 57 61 12 16 43 32 27 48 46 26 17 54 60 50 60 20 42 27 17 44 36 37 36 62 65 48 43 42 38 40 39 44 36 50 40 51 14 17 23 28 15 39 50 13 15 12 35 24 44 26 39 22 71 15 59 42 41 40 48 37 35 7 22 23 39 49 22 14 54 24 59 22 10 37 44 57 57 9 66 23 56 35 20 27 1 45 28 32 37 18 51 44 49 55 49 40 34 54 52 38 16 29 57 24 34 44 58 24 67 66 32 10 18 23 20 13 39 21 52 65 64 41 35 26 72 38 19 50 10 19 15 44 54 3 42 58 61 35 53 47 52 53 52 27 51 27 64 60 49 58 42 29 57 43
53 37 30 58 21 27 36 26 27 13 20 0 19 50 26 29 25 46 42 33 27 28 5 32 10 44 38 51 15 52 19 46 50 39 50 27 19 15 21 22 15 25 29 27 23 37 34 38 36 31 48 29 11 26 20 28 19 10 41 32 26 43 30 39 35 43 46 35 45 26 9 12 13 42 39 12 50 16 26 29 36 24 45 21 46 25 47 44 20 33 20 32 17 35 5 24 27 44 20 31 21 27 31 30 30 26 38 26 15 18 10 33 31 13 49 15 20 40 31 12 49 18 14 24 3 15 33 29 33 46 49 16 7 32 10 25 44 22 23 23 18 25 55 27 13 14 33 33 13 42 19 51 27 48 44 15 18 41 27 52 17 33 35 53 40 41 21 5 43 30 31 32 27 26 19 6 28 34 51 23 37 17 47 41 40 34 36 45 19 13 26 22 50 12 17 47 15 22 49 44 22 6 10 41 28 32 43 26 33 36 11 25 15 16 17 34 20 10 7 33 4 23 26 30 34 24 8 30 13 43 32 35 45 44 29 29 33 20 22 49 19 40 35 39 13 8 41 17 48 5 22 47 24 42 22 53 23 15 25 30 22 46 44 32 20 40 19 39 30 49 26 49 45 44 3 32 23 33 21 41 21 7 21 21 12 30 30 11 17 20 41 13 24 30 38 27 20 40 20 46 4 13 9 10 39 25 33 47 16 10 35 46 10 27 29 37 11 25 40 37 22 25 32 35 37 15 14 35 31 36 8 47 26 15 18 14 24 37 40 18 6 29 36 24 50 44 3 33 12 32 42 38 20 4 32 42 12 26 44 27 34 14 25 46 30 46 21 51 5 13 11 25 19 43 23 24 47 11 27 31 30 27 37 44 25 49 11 42 14 23 46 47 30 10 25 7 13 25 21 17 45 33 20 44 32 41 47 38 26 32 30 13 36 33 47 46 46 23 22 10 45 47 12 8 42 14 8 32 27 11 29 35 49 35 52 29 29 10 24 26 22 17 22 45 47 42 23 23 25 22 21 32 21 31 27 33 9 7 19 29 26 28 38 19 6 14 24 15 27 32 24 15 52 7 45 37 32 30 31 19 37 15 10 30 22 30 4 19 35 16 49 27 12 32 24 38 43 13 47 4 45 17 2 17 20 31 28 17 37 33 37 24 38 41 44 26 32 41 35 22 5 13 40 24 16 32 42 9 48 47 15 12 14 15 18 8 31 4 49 46 45 28 33 11 53 21 35 37 22 28 21 24 47 18 23 39 46 17 37 36 42 42 33 32 32 34 46 42 43 41 23 28 48 25
58 50 12 75 29 38 49 24 43 30 31 19 0 67 12 46 39 62 52 51 39 43 14 42 25 62 56 56 8 69 37 56 68 44 55 45 25 20 32 34 23 7 41 41 38 38 43 46 47 43 54 45 25 39 23 46 6 9 57 49 44 59 45 49 53 54 61 44 62 9 27 17 26 53 56 28 67 33 41 46 48 37 54 4 53 43 63 50 37 36 38 49 32 37 14 17 18 59 37 46 37 34 48 44 48 40 40 44 33 32 22 49 41 10 67 33 35 58 35 23 66 15 10 8 20 30 51 41 45 56 66 34 13 46 27 43 54 34 39 29 32 42 72 42 6 12 46 50 31 45 37 69 23 64 49 32 34 56 44 70 33 34 53 70 57 59 38 14 53 48 38 48 44 44 16 14 39 39 68 33 43 32 63 54 43 45 51 62 36 31 8 31 65 9 30 50 9 17 66 61 25 16 21 52 43 49 60 30 37 53 22 21 26 34 19 52 35 13 22 35 15 34 29 48 52 41 20 45 26 46 34 51 52 62 39 46 39 4 40 57 36 51 43 45 28 23 58 33 64 15 34 61 12 45 38 70 34 4 15 46 30 59 58 46 9 58 24 50 41 66 21 66 58 53 18 47 41 50 4 44 35 18 39 39 30 33 48 25 29 28 58 18 26 30 55 26 38 49 32 58 17 20 22 25 51 41 48 55 8 13 53 55 15 13 47 51 11 43 51 53 39 8 47 48 54 27 5 52 49 51 26 65 34 6 27 32 40 54 59 12 16 42 40 27 68 59 16 48 27 44 52 50 37 16 40 59 17 44 61 42 36 9 43 55 48 53 37 68 22 12 19 29 23 58 39 42 57 17 12 47 47 14 54 55 9 65 11 45 30 35 63 64 27 26 30 20 27 43 39 28 56 51 26 47 50 59 64 56 44 50 35 28 47 51 63 57 64 12 33 28 59 59 28 17 60 26 21 45 22 27 44 40 65 46 69 45 44 11 40 17 6 21 37 55 52 59 31 19 41 30 15 48 35 28 10 42 25 24 37 47 41 44 54 35 20 19 6 8 38 50 37 9 56 18 57 55 49 47 42 13 55 25 10 47 14 26 21 36 37 34 64 44 26 50 22 46 55 27 53 21 61 11 17 5 30 45 46 32 55 48 50 23 53 54 61 10 50 55 44 10 21 7 49 42 11 47 52 10 53 51 28 27 13 34 35 22 47 22 66 54 52 11 51 28 57 35 48 51 37 44 37 21 63 30 17 40 57 14 50 52 58 57 39 49 35 51 53 50 60 50 30 46 63 18
55 56 78 8 45 35 27 58 41 42 56 50 67 0 70 22 31 9 37 29 33 49 55 36 49 12 13 53 61 5 32 34 3 49 52 26 49 52 39 53 48 73 55 51 46 56 41 42 34 32 50 23 51 53 53 24 66 59 13 20 36 12 44 37 31 31 17 39 9 73 42 52 43 30 13 40 4 43 48 37 28 53 42 70 46 29 11 49 31 52 31 20 36 54 55 64 66 15 39 43 40 46 20 27 23 29 55 27 39 51 46 21 37 63 6 36 44 20 50 55 6 59 59 70 50 48 32 33 31 36 4 40 55 50 45 33 35 37 40 48 37 26 5 26 62 63 52 18 38 52 34 2 62 5 50 36 34 20 39 6 45 56 27 4 13 12 38 54 37 21 45 40 24 25 59 55 36 49 6 41 44 46 7 26 54 34 21 6 32 37 74 42 13 62 39 55 61 61 1 11 51 55 55 32 27 38 11 51 50 15 55 61 56 34 54 27 33 55 46 53 54 39 52 20 23 27 48 47 42 54 53 18 45 9 38 36 47 68 34 43 37 34 41 44 49 45 10 35 7 55 37 19 67 54 41 5 55 65 66 22 44 23 21 26 64 18 50 32 35 2 62 7 29 42 50 47 27 36 68 53 34 50 32 34 39 51 22 43 40 45 10 60 53 56 13 58 36 38 55 29 53 59 46 42 28 43 46 45 65 59 20 42 58 71 23 22 57 31 31 15 38 73 43 27 15 53 63 16 20 22 43 9 43 63 57 36 41 14 18 61 52 54 50 52 5 13 52 48 41 31 35 30 30 53 43 9 59 24 12 27 55 60 28 41 22 47 30 3 46 57 57 50 52 15 41 31 38 58 73 39 42 70 14 33 71 3 60 53 46 52 6 3 61 48 50 52 50 29 35 56 30 23 48 55 31 18 5 15 35 24 49 40 31 25 13 32 12 66 56 42 19 26 47 56 17 42 47 30 62 40 44 48 13 31 5 39 26 56 40 66 69 52 32 36 49 9 45 60 28 44 61 21 33 60 75 39 48 46 35 29 44 24 17 44 51 60 73 65 36 35 33 65 54 54 28 14 19 21 34 61 25 56 59 38 63 61 47 42 53 35 14 37 50 19 58 43 28 50 50 47 13 61 52 66 56 26 29 37 22 50 26 57 17 25 8 72 23 22 38 66 50 61 39 33 61 23 34 58 52 52 40 49 63 36 37 51 20 47 8 45 46 75 22 40 54 35 52 23 48 41 41 60 6 54 62 56 31 59 29 17 12 16 46 33 51 35 44 43 8 38 46 28 10 64
51 60 11 78 27 38 48 17 52 38 41 26 12 70 0 50 40 63 48 58 39 53 22 40 34 67 59 50 12 73 42 53 71 38 49 50 23 19 32 44 23 9 51 51 47 30 39 41 44 42 48 47 35 49 19 51 8 18 58 54 51 61 55 46 60 52 61 40 63 7 33 19 28 51 58 31 69 42 51 54 47 47 49 13 47 50 64 44 42 30 44 54 35 31 22 9 9 59 45 56 46 30 50 44 53 42 32 50 41 42 25 50 39 21 71 38 45 64 29 33 68 12 13 5 28 39 58 40 44 53 68 41 20 56 36 50 51 34 48 25 34 45 74 44 16 23 57 52 37 39 43 72 14 66 43 37 37 56 52 73 42 27 60 73 58 63 46 22 50 52 33 57 49 48 12 24 37 33 70 31 39 42 65 53 35 43 52 64 40 36 10 30 66 19 32 43 12 10 69 66 22 26 31 50 44 57 61 25 31 55 32 14 36 39 17 59 38 17 26 29 23 33 24 52 57 44 24 55 29 38 28 53 46 66 37 54 33 9 47 52 44 48 39 41 38 27 61 36 66 23 34 61 3 37 47 72 44 16 6 49 28 58 58 47 7 63 21 48 40 69 13 70 56 48 24 57 45 58 9 38 37 22 45 45 36 27 53 28 30 26 61 29 21 23 59 19 45 45 42 56 25 31 25 30 50 50 57 49 20 23 58 50 25 2 52 52 16 50 49 56 47 8 57 47 56 37 15 54 53 51 33 69 31 12 38 36 49 58 64 10 21 52 34 22 71 61 23 58 30 43 49 48 41 25 36 62 27 48 66 44 29 13 48 50 53 47 41 71 27 14 30 24 20 59 48 48 53 28 4 56 56 2 58 52 4 68 21 39 39 46 65 67 19 35 25 30 37 49 46 38 54 56 24 40 58 65 66 60 52 56 30 31 46 57 64 54 68 5 43 35 59 58 37 27 65 28 25 44 13 32 54 34 65 45 71 54 45 17 49 7 7 19 39 52 46 63 28 12 43 29 10 50 37 20 9 39 34 32 44 53 51 47 55 44 29 30 11 19 37 58 38 21 49 28 55 59 52 50 40 10 61 35 20 55 8 18 27 45 31 40 65 52 36 55 16 41 53 37 47 27 62 9 25 17 41 46 52 34 61 58 49 17 55 53 65 5 56 55 41 5 30 13 45 49 10 48 49 19 47 45 30 36 24 40 43 31 50 28 70 48 46 8 57 33 50 36 59 51 47 53 46 14 66 40 10 33 55 12 49 54 60 58 34 57 29 60 49 45 63 46 27 53 65 10
49 41 57 29 28 21 20 41 24 21 37 29 46 22 50 0 15 19 32 17 19 32 34 25 29 17 10 47 41 23 11 32 22 39 46 7 31 33 22 35 29 52 37 33 28 43 30 33 26 21 43 7 31 35 35 5 45 38 15 4 19 16 28 30 20 27 22 29 18 53 21 32 23 27 12 20 22 24 31 22 20 35 37 49 39 11 21 41 10 39 11 6 16 41 34 45 48 19 20 28 22 31 7 15 7 14 43 8 19 32 26 11 25 42 21 15 26 17 37 34 21 39 39 50 29 28 20 20 21 33 21 20 34 34 25 16 31 20 22 32 18 7 26 10 41 42 36 7 17 42 14 23 44 19 41 15 14 19 22 24 26 42 17 25 13 13 20 33 32 2 32 26 3 4 40 34 23 37 24 25 34 27 19 23 43 25 15 17 11 16 54 26 23 40 20 46 40 43 21 16 33 34 34 27 13 24 17 35 37 8 34 43 35 13 35 16 14 35 25 40 33 23 36 2 11 7 28 31 22 44 38 10 39 16 25 22 35 47 16 39 17 28 31 35 29 25 13 15 20 34 21 24 48 44 23 25 37 44 47 5 28 25 22 15 44 15 32 25 22 20 44 20 28 36 30 32 6 23 48 43 16 30 12 15 18 37 6 23 22 28 12 39 36 41 9 41 17 31 36 29 32 38 26 22 22 25 31 40 44 38 10 37 37 52 5 17 37 13 25 9 20 52 28 19 11 33 42 9 3 16 22 19 27 42 37 15 23 8 16 41 31 37 38 35 22 18 31 33 21 20 30 23 10 32 31 13 38 3 16 12 42 40 9 36 5 40 10 23 25 37 36 34 33 18 23 12 35 37 53 24 27 51 8 29 50 20 39 43 26 34 18 19 44 27 34 31 30 10 16 36 28 10 31 45 18 17 19 10 18 11 35 20 23 14 22 30 18 46 36 21 22 27 26 34 17 23 26 20 45 20 29 36 24 22 24 24 13 36 22 47 49 33 14 32 43 13 29 42 11 27 42 10 15 44 54 28 27 25 15 13 27 7 14 25 30 39 52 44 22 22 16 44 48 33 27 9 5 5 23 41 17 35 38 23 44 45 26 24 40 14 24 21 29 5 40 34 25 29 43 26 20 42 30 45 37 14 13 17 14 35 20 39 13 22 15 52 9 20 28 46 29 40 31 15 41 12 30 37 45 44 21 28 42 15 18 30 4 25 20 39 40 55 10 19 48 18 37 18 30 25 23 42 19 35 43 44 30 39 23 11 15 17 34 20 38 23 38 35 14 31 30 12 21 45
37 50 48 39 15 7 12 28 33 23 39 25 39 31 40 15 0 24 21 30 5 40 29 12 29 30 21 35 32 34 15 23 32 25 33 19 19 22 9 39 17 44 44 40 34 29 17 20 14 8 31 9 31 41 23 18 36 32 19 19 29 21 37 18 33 19 22 16 24 44 19 23 14 18 18 14 30 28 38 33 12 40 25 42 27 22 25 28 12 25 17 20 8 27 28 33 36 20 26 37 28 18 11 6 20 2 29 19 22 35 17 10 12 37 32 16 31 31 22 34 28 29 30 40 26 31 32 7 9 24 29 24 28 42 25 25 22 6 30 19 7 9 35 6 34 38 45 13 18 28 19 32 32 27 28 13 9 18 32 34 30 28 30 33 19 26 27 27 22 17 18 36 14 14 29 30 9 23 30 11 21 30 25 16 29 13 13 25 12 15 45 12 27 35 9 33 32 31 30 28 21 31 33 18 4 35 22 21 23 16 34 31 36 13 24 29 6 26 19 25 27 9 22 15 25 9 20 39 13 30 25 13 27 28 11 32 21 39 24 28 23 17 17 22 31 18 22 9 27 29 7 23 37 30 30 32 40 37 36 11 14 22 20 8 35 28 20 16 9 30 32 32 22 25 24 41 13 35 40 29 5 22 20 22 17 23 20 15 10 15 22 37 23 27 21 28 23 19 39 23 29 37 18 16 15 33 41 28 39 34 24 26 34 42 19 13 29 24 16 17 27 44 38 11 16 34 35 15 16 12 20 31 14 34 38 13 31 20 29 31 24 43 24 22 33 21 25 42 13 9 20 14 10 28 17 22 36 13 29 4 27 31 19 25 19 28 9 31 20 28 35 20 21 20 30 21 26 35 43 35 37 40 21 21 41 28 34 29 28 39 25 28 31 27 20 30 32 20 23 38 21 24 18 32 30 30 27 24 28 24 20 13 13 27 24 22 31 36 40 21 21 22 28 32 31 13 19 9 32 14 37 22 26 12 32 34 5 28 30 35 40 22 4 23 30 24 15 30 4 13 31 10 4 31 45 14 27 24 20 25 35 9 15 30 29 37 44 38 8 33 3 39 35 31 21 22 14 12 10 31 30 36 33 33 33 32 22 29 26 17 26 30 30 20 28 21 19 31 30 21 23 32 26 39 39 7 24 9 28 44 12 26 15 17 26 42 23 17 15 36 27 32 20 25 31 8 20 31 32 31 11 30 38 18 23 29 13 22 32 27 28 46 24 15 36 5 46 13 35 34 29 30 26 37 32 30 22 29 14 14 20 19 20 31 23 35 27 23 25 20 16 24 25 34
46 58 72 16 38 27 19 51 41 39 55 46 62 9 63 19 24 0 28 31 25 49 51 27 47 18 12 44 55 14 29 25 12 40 43 25 42 45 32 53 41 67 55 51 46 47 32 33 25 24 41 17 49 53 46 23 60 54 5 19 36 3 45 28 34 22 8 31 2 67 38 46 37 21 7 35 7 42 48 39 19 53 33 65 37 29 3 40 27 44 29 20 30 45 50 56 59 6 37 44 40 38 15 20 23 22 46 26 37 50 40 14 29 58 14 33 43 24 42 52 5 52 53 64 46 46 34 25 22 27 7 38 50 51 42 33 26 29 40 41 30 21 12 20 57 59 53 13 35 43 32 11 54 4 41 32 29 11 39 15 44 48 29 10 6 15 38 49 28 18 36 41 21 22 52 51 28 41 7 33 35 45 2 17 46 26 13 5 28 33 68 35 6 57 33 46 55 54 10 15 43 51 51 23 20 39 3 43 41 11 52 53 53 30 47 29 27 49 41 45 49 31 44 18 24 22 42 48 36 45 44 11 36 13 30 38 39 62 34 34 36 25 33 35 47 40 8 30 4 50 30 10 61 45 41 9 55 60 59 17 37 14 12 18 58 21 43 23 26 10 55 14 20 33 46 48 24 38 63 44 28 45 31 33 35 43 22 37 34 38 9 56 46 48 13 50 35 29 54 20 49 56 41 37 19 43 47 36 61 55 21 33 54 65 22 13 52 31 22 10 38 67 44 19 9 51 58 11 17 14 39 15 35 57 55 32 41 13 22 54 46 54 41 44 14 4 47 49 35 23 26 21 26 49 35 7 56 21 17 20 47 54 26 32 21 38 26 9 41 51 54 42 44 6 41 30 29 54 66 40 43 63 14 24 64 6 56 44 44 52 5 8 53 45 42 49 48 28 33 54 21 24 41 46 32 23 6 16 35 25 40 35 22 27 5 23 18 59 55 39 10 17 44 52 22 36 41 22 55 35 45 39 6 23 9 41 19 51 40 59 63 45 25 27 40 10 37 53 21 36 54 14 27 52 69 30 45 43 33 29 44 18 9 43 48 57 67 60 28 37 26 60 45 50 19 14 15 16 26 54 28 53 55 39 56 53 43 41 44 32 7 37 47 19 50 34 19 47 41 42 4 55 47 61 55 18 29 31 24 51 17 49 9 16 11 66 23 13 30 59 46 55 30 33 54 16 25 53 43 43 34 46 59 33 36 47 16 42 16 36 37 69 23 35 45 28 53 14 48 41 41 53 5 53 55 47 22 52 20 10 4 7 38 34 43 37 35 34 10 29 39 28 2 57
18 70 58 44 24 17 13 32 54 44 60 42 52 37 48 32 21 28 0 49 17 60 46 11 49 43 34 16 45 42 36 6 40 14 15 38 28 33 22 59 29 55 64 61 55 22 10 8 8 14 13 25 51 62 30 37 47 47 26 35 49 27 58 4 52 8 22 9 30 54 39 36 30 7 27 32 35 49 59 53 12 61 5 55 9 42 28 12 33 20 37 37 28 21 45 40 41 22 47 58 49 19 26 18 39 21 21 39 43 56 33 22 12 53 42 37 52 47 20 53 33 38 43 50 44 51 51 15 13 5 35 45 44 63 46 46 4 22 50 24 25 28 40 24 49 55 65 27 39 16 40 39 35 32 13 34 30 19 52 43 50 25 48 38 27 39 48 44 2 34 15 56 33 33 38 47 15 17 34 21 10 51 30 13 19 9 19 33 33 36 56 22 27 51 27 18 44 38 38 41 27 48 51 7 20 55 28 24 19 28 53 35 56 34 34 47 26 40 36 22 44 20 25 32 43 29 36 60 30 18 22 24 8 39 14 52 16 50 44 8 44 5 10 9 51 35 32 29 32 46 21 20 46 18 50 37 61 52 43 27 23 16 18 18 45 44 29 7 13 38 37 42 10 5 41 61 33 54 51 17 24 38 40 42 38 22 38 33 26 25 33 55 28 27 35 31 44 3 59 11 46 55 34 34 11 54 61 8 55 51 40 5 51 50 37 17 43 44 8 28 48 54 58 14 27 54 50 27 33 18 39 42 19 47 58 34 52 34 45 41 40 64 17 27 42 26 42 63 31 13 2 9 31 45 13 32 53 32 42 22 23 44 39 5 37 10 30 37 38 41 53 25 30 24 51 42 5 53 51 55 57 48 35 6 50 34 51 17 49 59 33 36 32 47 24 48 52 40 44 58 9 42 27 19 50 46 34 38 49 42 19 31 10 45 26 8 44 44 60 42 20 13 48 50 45 29 35 13 36 34 58 15 26 10 36 54 20 42 51 42 51 32 24 4 12 35 22 37 24 22 39 23 25 32 56 10 47 43 41 45 55 26 22 50 47 56 56 54 16 53 21 55 17 49 11 36 29 28 13 41 48 56 49 54 41 33 40 50 20 38 25 51 50 36 33 8 11 51 13 39 26 42 43 54 59 18 44 28 45 64 13 32 23 14 37 52 41 17 8 45 45 46 4 45 42 21 3 47 15 15 29 50 55 39 44 48 29 40 43 8 9 56 41 34 17 22 67 16 56 54 50 35 33 57 39 22 9 39 10 24 27 23 15 51 21 55 7 6 35 2 23 43 29 39
65 28 63 34 41 36 36 53 13 21 31 33 51 29 58 17 30 31 49 0 34 21 38 41 28 18 19 63 47 28 17 48 27 54 62 11 43 43 35 27 40 57 27 23 19 57 46 49 42 37 60 24 29 25 47 12 52 43 28 14 9 30 16 46 4 44 36 45 29 59 25 41 34 43 26 29 31 20 20 10 37 26 53 53 56 9 33 57 20 53 15 13 28 55 38 54 57 33 15 14 15 46 23 31 10 29 58 11 18 26 35 27 41 44 25 21 19 10 51 32 31 48 46 56 32 24 4 36 37 49 30 18 39 21 24 9 47 33 14 45 31 22 32 26 45 43 24 22 21 58 16 28 56 29 57 23 25 35 11 28 21 55 3 33 27 17 14 38 48 15 47 12 17 16 49 37 38 52 33 38 50 22 30 39 58 41 32 26 21 23 59 39 36 44 32 62 47 52 28 18 46 36 33 43 29 10 29 48 51 23 33 54 32 21 45 2 27 41 32 54 37 37 49 17 7 21 35 19 33 59 52 26 55 21 40 9 50 53 12 55 15 44 47 51 26 32 23 27 31 37 34 38 56 59 15 33 29 48 56 22 41 40 38 31 52 12 43 42 38 27 55 24 44 52 35 19 17 8 53 58 29 37 14 13 23 50 11 32 34 41 22 38 49 54 18 54 14 47 29 45 35 37 35 30 39 16 18 56 47 40 10 54 39 59 12 33 43 9 42 24 13 58 15 35 25 30 47 23 16 32 26 22 42 48 33 24 14 18 12 49 37 26 53 48 26 31 36 20 31 36 47 40 21 35 46 24 38 17 18 28 56 46 12 53 13 57 22 31 32 44 35 47 45 32 15 11 52 37 60 10 13 59 17 46 57 29 42 58 23 26 27 27 57 26 47 32 27 11 13 31 44 8 43 61 2 12 28 15 8 7 49 30 39 4 35 46 19 54 30 23 37 43 25 36 13 33 34 36 56 28 17 51 36 39 33 12 29 42 14 56 55 44 28 49 59 21 42 52 26 40 51 26 28 57 60 43 27 27 15 5 16 23 30 19 32 38 57 46 37 7 31 46 64 34 43 17 20 21 39 50 5 32 42 10 53 56 31 18 54 19 37 9 27 13 52 50 42 27 59 32 33 49 35 49 31 31 6 29 7 22 36 51 28 38 22 58 8 36 44 54 31 46 48 9 48 28 46 42 61 60 32 26 43 19 16 30 20 30 23 55 56 61 9 27 65 32 24 34 22 13 16 53 28 29 53 58 46 48 39 27 29 32 49 4 52 7 55 52 22 47 43 7 32 55
33 54 48 41 13 2 10 26 37 27 43 27 39 33 39 19 5 25 17 34 0 44 31 8 32 34 25 30 32 36 20 20 35 21 29 23 17 21 7 42 17 43 47 44 38 24 12 15 10 5 27 12 34 45 21 23 36 32 21 23 33 23 42 14 38 17 23 12 26 43 22 22 15 16 21 16 32 32 42 37 10 44 21 42 23 26 26 24 16 21 21 24 11 22 30 32 34 21 30 42 32 14 15 6 25 6 25 24 26 39 18 13 8 38 35 20 35 35 19 36 30 28 30 40 28 34 36 3 6 20 31 28 29 47 29 30 18 6 34 16 9 13 37 10 35 40 49 17 22 24 23 35 29 29 24 17 13 18 36 37 33 24 34 35 21 30 31 29 18 21 14 40 18 19 28 32 5 19 32 8 16 34 27 15 25 9 13 27 16 19 45 10 27 36 10 28 31 29 33 32 18 33 35 15 7 39 24 18 18 19 36 28 39 17 23 33 9 27 20 22 29 6 19 20 29 13 21 44 15 26 21 16 22 31 7 36 17 39 28 24 27 14 13 17 34 19 25 12 29 31 6 22 36 25 34 34 44 38 34 14 12 21 20 8 34 33 18 13 5 32 30 35 20 20 26 45 17 39 39 25 7 23 24 26 21 19 24 16 11 13 25 39 21 24 25 26 27 15 42 21 31 39 19 18 13 37 45 24 40 36 28 22 35 40 23 13 29 28 14 19 32 43 42 9 19 37 36 18 21 13 23 34 10 34 41 17 35 24 34 30 25 47 20 19 36 23 27 46 15 5 17 11 15 29 13 25 38 17 33 7 24 31 23 22 23 24 13 33 22 28 37 17 20 21 34 26 22 37 42 39 41 39 25 18 40 31 36 25 32 42 28 30 28 30 17 32 35 25 27 41 18 28 16 27 35 35 29 28 33 29 17 15 10 31 25 20 35 35 43 25 21 21 31 34 35 14 20 7 30 17 42 18 27 9 34 38 8 29 34 34 39 20 8 19 25 27 12 28 9 11 30 13 8 28 45 10 30 26 25 30 39 13 17 34 31 40 44 39 3 38 4 40 31 33 19 26 18 15 5 30 35 39 34 38 32 29 24 33 21 21 26 35 33 24 25 16 17 34 26 23 24 31 27 40 42 8 29 11 32 48 11 24 17 15 30 42 27 17 11 35 29 32 15 29 31 10 16 32 28 27 12 33 40 22 27 31 16 24 36 23 23 45 28 17 32 6 50 13 39 38 33 28 28 40 30 26 20 28 12 16 22 20 16 36 20 39 23 19 28 16 14 28 27 32
75 10 54 54 45 45 49 53 9 19 14 28 43 49 53 32 40 49 60 21 44 0 31 51 19 38 38 73 42 48 25 62 48 62 72 25 45 43 42 10 41 49 7 3 6 62 55 58 53 48 70 37 19 6 48 27 46 36 46 31 14 48 6 58 19 57 54 55 48 52 25 40 36 57 44 31 51 14 3 12 50 8 65 44 66 21 51 66 29 58 24 30 34 60 32 52 55 50 14 7 12 51 38 43 27 40 63 25 18 12 35 42 51 34 45 25 10 30 56 21 51 46 41 49 26 14 18 46 49 63 50 17 34 4 19 17 60 41 11 49 37 34 53 38 37 32 5 38 23 65 21 49 55 49 66 27 32 51 11 48 13 59 23 53 45 37 14 32 61 32 54 10 31 30 47 30 47 58 53 45 58 12 49 53 65 52 47 46 28 26 50 45 54 35 37 70 42 50 48 39 48 28 23 56 41 12 47 52 57 40 22 53 18 27 44 23 35 37 31 58 31 44 52 33 26 33 34 3 35 67 57 42 66 41 49 13 57 46 17 68 17 57 56 60 16 32 42 33 50 30 42 55 51 66 10 52 11 39 52 36 46 57 54 44 47 32 45 55 48 47 54 44 59 64 31 5 29 14 46 65 37 34 21 19 25 55 28 33 38 45 41 26 51 56 37 55 17 58 13 60 28 24 35 31 52 7 6 67 36 31 30 65 29 54 28 48 38 19 55 41 13 50 8 49 42 17 39 40 33 47 25 42 48 42 18 28 9 37 32 45 34 6 60 50 46 49 31 6 34 48 59 53 30 29 54 43 27 31 38 40 60 41 24 65 29 67 31 50 30 40 24 50 46 49 10 21 65 26 53 11 8 54 36 59 50 49 33 66 15 8 47 47 58 19 51 24 17 23 17 16 59 27 45 68 19 32 48 35 15 26 54 33 52 24 53 61 39 50 12 22 53 59 17 26 33 37 34 48 55 30 5 58 55 51 53 10 41 37 10 53 48 44 37 62 68 41 47 50 37 45 49 41 37 58 52 53 20 23 20 21 6 36 46 11 24 25 48 36 46 15 40 35 74 26 58 36 36 36 49 46 25 19 33 12 49 57 28 11 60 23 55 13 18 31 52 59 56 17 69 30 51 45 29 39 15 44 21 34 28 6 50 51 45 53 41 52 27 52 54 49 24 40 59 17 44 42 59 35 71 69 35 17 31 22 18 22 36 27 43 66 66 53 28 29 75 39 7 48 7 8 11 52 48 14 51 64 60 45 52 43 47 49 56 17 57 16 66 62 42 59 47 22 51 53
56 39 26 63 24 30 40 25 30 17 21 5 14 55 22 34 29 51 46 38 31 31 0 36 12 49 43 54 12 57 24 50 55 41 52 32 21 16 25 23 18 20 30 29 25 38 37 41 40 35 51 34 13 27 21 33 16 6 46 37 30 48 33 43 39 47 51 38 50 22 14 13 16 46 44 16 55 20 29 33 40 25 49 16 49 30 52 47 25 35 25 37 21 37 2 22 25 48 24 34 24 30 36 34 34 30 39 31 20 20 14 38 35 8 54 20 23 45 33 12 54 17 11 20 6 17 37 33 37 50 54 20 4 34 14 30 48 26 26 25 23 30 60 32 8 10 35 38 18 43 23 56 27 52 46 20 22 46 30 57 20 34 39 58 45 46 25 3 47 35 33 35 32 31 18 2 32 36 56 26 39 20 51 45 42 38 41 50 24 18 22 25 54 7 21 48 12 21 54 49 23 4 9 44 33 35 48 27 34 41 11 24 15 21 17 39 25 8 11 34 2 27 27 35 38 29 11 33 17 44 33 40 48 49 33 33 35 16 26 52 23 44 38 41 16 12 46 22 53 1 25 51 21 44 25 58 23 10 22 34 25 50 49 36 17 45 20 42 34 54 25 54 50 48 6 35 28 37 16 43 25 9 25 25 17 31 35 15 20 23 46 10 25 30 43 27 24 43 21 51 3 11 13 14 43 28 35 50 11 5 39 50 6 24 34 42 8 30 44 42 26 21 35 39 42 15 9 40 36 41 13 52 28 12 17 19 27 42 45 15 7 31 38 25 55 48 4 36 17 36 46 42 25 3 35 47 9 31 49 32 35 11 30 49 35 49 26 56 10 11 10 26 20 48 26 29 51 8 24 34 34 24 42 48 21 53 6 44 17 24 51 52 30 13 27 8 15 30 26 17 49 38 22 46 37 46 52 43 31 37 32 17 40 37 52 49 51 20 22 15 49 51 15 5 47 17 11 37 26 16 32 37 54 39 57 32 34 7 27 24 18 18 26 49 49 47 26 22 30 24 19 37 25 30 23 36 12 11 24 33 29 33 43 22 7 11 20 10 31 36 28 10 54 6 49 42 37 35 35 17 41 14 5 33 19 29 9 23 36 21 54 31 14 37 24 41 47 15 50 9 50 15 4 12 20 35 32 21 41 36 41 24 43 45 49 22 37 46 38 19 8 9 43 29 14 36 46 5 51 49 19 14 9 20 22 9 35 9 54 49 48 24 38 16 55 26 37 41 25 31 24 24 52 19 22 40 50 15 42 41 47 46 35 36 33 38 49 45 48 44 25 33 52 23
25 61 50 43 14 6 9 25 44 34 49 32 42 36 40 25 12 27 11 41 8 51 36 0 39 39 30 23 35 40 27 15 38 15 22 30 19 23 12 49 20 46 54 51 45 20 6 9 5 5 20 18 40 52 22 29 38 37 23 29 40 25 49 8 44 12 23 5 28 45 28 26 20 11 24 22 34 39 49 44 9 50 14 46 16 33 27 17 23 17 28 30 18 18 35 32 34 22 37 49 39 12 20 11 31 12 20 31 33 45 23 16 2 42 39 27 42 41 15 43 32 30 33 42 33 41 43 5 6 15 33 35 33 54 35 37 12 11 41 16 15 20 39 16 39 45 56 22 29 18 30 38 29 31 17 24 20 18 43 41 40 21 41 37 24 35 38 34 12 27 9 48 25 25 29 37 5 14 34 11 10 41 29 13 19 3 15 30 23 26 47 12 28 41 16 22 34 31 36 36 19 38 41 10 12 46 26 17 14 23 42 28 45 24 25 40 16 31 26 18 34 10 18 25 36 20 26 51 20 20 17 20 15 36 4 43 12 41 35 17 34 9 7 10 41 25 29 19 31 36 11 22 38 20 41 36 51 42 35 20 13 19 19 11 36 38 20 8 3 35 30 39 16 14 31 52 24 46 42 19 14 28 31 33 27 16 31 22 16 15 30 44 20 22 30 25 34 8 49 17 36 45 24 24 10 44 52 17 45 41 34 15 41 42 30 14 33 35 9 24 39 45 49 9 23 44 40 22 26 14 29 39 9 37 48 24 42 29 39 32 30 54 15 19 39 24 32 54 20 5 11 8 22 35 8 29 43 24 38 13 20 34 30 15 29 17 20 36 27 31 43 17 21 22 42 33 16 42 43 46 48 40 30 13 42 33 41 19 39 49 31 33 27 37 16 38 41 32 34 47 14 35 18 21 42 40 32 33 40 35 14 21 6 38 26 15 39 36 50 31 20 18 38 39 40 19 25 7 30 23 49 13 27 5 35 45 13 33 42 34 42 23 15 14 19 32 13 29 15 13 31 18 15 26 47 3 36 33 32 36 46 19 19 40 37 45 47 44 6 45 11 45 24 38 15 31 23 21 3 32 41 45 38 45 33 27 29 40 17 28 26 42 40 30 25 9 14 40 19 28 25 33 33 44 49 12 35 17 38 55 11 24 20 14 34 43 34 16 4 37 35 36 9 36 33 15 10 37 21 20 18 39 45 29 34 37 22 30 40 16 16 48 34 24 25 12 57 13 46 45 40 28 31 47 31 21 15 30 9 20 25 21 11 43 16 46 15 12 32 9 14 35 28 32
62 27 37 56 30 33 40 35 18 8 11 10 25 49 34 29 29 47 49 28 32 19 12 39 0 42 37 60 24 50 18 51 49 48 58 24 28 25 28 12 25 32 19 17 13 46 42 45 42 36 56 31 2 16 30 26 28 18 42 30 19 44 21 46 29 48 49 42 46 34 11 22 20 47 40 17 50 9 17 21 40 14 52 27 53 21 48 52 21 42 19 30 21 44 14 33 36 46 13 22 13 36 33 34 27 30 47 23 11 9 19 36 38 17 48 15 11 36 40 6 50 28 23 32 8 5 27 34 38 52 49 10 16 22 5 20 50 28 15 32 24 27 54 30 20 16 23 34 13 50 16 50 37 48 52 17 21 44 19 51 8 43 30 53 41 39 14 14 50 29 39 23 26 25 29 12 35 43 52 30 45 8 47 45 49 40 40 45 20 15 33 30 51 17 23 55 24 32 48 41 31 10 6 46 32 24 44 35 42 36 6 35 8 17 26 29 24 19 15 42 13 30 35 30 30 26 17 21 20 51 41 37 52 43 36 22 42 28 17 56 13 46 42 46 4 15 41 21 48 11 28 50 33 51 13 53 13 21 34 31 30 50 48 36 29 36 28 44 36 48 36 47 50 51 13 23 23 26 28 50 25 17 17 16 13 39 28 18 24 29 40 11 34 39 36 37 15 46 11 51 9 10 18 16 43 16 23 55 20 13 32 53 12 36 27 41 20 20 45 37 15 32 23 39 38 6 21 36 30 40 10 45 34 24 10 17 15 36 37 27 16 19 44 33 48 45 13 24 19 37 48 43 22 11 40 42 11 26 41 31 44 23 22 53 28 54 22 51 13 22 8 34 29 45 14 20 54 10 36 23 22 36 35 49 33 48 15 51 5 13 46 47 40 2 34 6 3 22 16 9 50 29 29 53 26 37 47 36 20 28 39 18 41 28 49 51 43 32 13 8 48 51 3 9 38 21 17 38 37 16 20 43 51 40 52 20 33 19 16 35 30 27 26 51 55 41 32 32 29 30 31 35 25 40 34 40 3 6 15 24 17 30 41 10 5 11 31 19 33 25 29 19 60 8 49 36 32 31 37 28 32 7 16 22 31 39 11 11 44 15 51 20 2 30 34 46 47 3 55 13 47 27 11 22 11 35 23 22 32 24 41 34 40 45 43 34 29 45 42 31 6 21 47 19 26 35 48 17 57 55 21 2 15 14 13 3 31 10 46 54 53 35 30 15 61 27 25 41 13 19 13 34 47 9 33 48 51 26 42 38 43 44 41 25 41 27 53 49 42 47 32 24 49 35
61 45 73 17 44 36 31 57 30 34 47 44 62 12 67 17 30 18 43 18 34 38 49 39 42 0 9 58 57 10 26 40 11 53 57 18 47 49 38 44 45 68 44 40 36 58 44 46 38 34 55 22 43 42 52 17 62 54 18 14 25 18 33 41 20 37 25 43 16 69 36 49 40 36 16 36 15 34 37 27 32 43 47 65 51 21 20 53 26 54 25 13 33 56 49 61 64 22 30 32 31 47 20 29 15 29 58 19 31 42 42 23 39 56 7 30 35 9 52 47 16 56 55 66 44 39 21 35 34 42 14 32 50 39 38 23 41 36 30 48 35 23 16 25 56 57 41 18 32 56 27 12 61 15 54 30 30 26 28 11 36 57 16 16 17 5 29 49 42 15 47 29 19 19 56 49 38 52 17 41 48 37 16 31 58 38 25 13 27 32 70 42 22 56 36 59 57 59 11 3 50 49 47 37 28 27 17 51 52 16 47 59 47 29 51 16 31 51 41 55 48 38 52 16 13 23 44 36 39 58 54 20 51 5 40 26 50 63 26 49 29 39 45 48 41 41 11 32 16 49 37 27 64 58 32 16 46 59 64 20 44 31 28 28 61 7 49 36 37 10 61 6 36 47 45 36 22 24 64 57 32 46 25 26 33 52 15 39 38 44 10 52 53 57 10 58 27 42 45 36 47 51 43 38 33 33 34 50 59 53 10 48 52 68 15 26 53 22 36 16 29 68 32 31 17 45 58 17 15 26 37 4 43 58 48 31 31 11 6 57 47 43 53 51 8 19 47 36 37 34 41 34 26 47 46 12 52 20 1 27 57 56 20 47 15 52 26 14 41 53 49 50 50 21 31 22 45 50 69 28 31 67 10 39 67 14 54 57 38 42 13 11 61 40 50 45 42 20 26 47 36 13 47 59 20 7 13 7 25 14 50 36 35 15 22 39 2 63 46 35 26 34 39 49 6 39 42 33 61 36 34 51 23 35 17 29 27 52 30 64 65 50 30 42 55 8 45 58 26 43 59 21 31 60 70 42 40 39 27 19 33 22 21 35 45 52 68 58 37 24 32 59 59 47 35 9 17 19 36 58 13 48 54 27 60 61 42 33 55 29 24 26 42 13 57 47 34 41 55 42 20 58 46 61 47 27 19 34 11 38 30 56 20 30 7 68 14 27 42 62 43 56 43 24 57 24 40 53 57 56 37 40 56 29 29 43 18 41 6 50 52 71 12 35 60 34 41 27 38 30 32 58 14 45 60 59 38 56 33 20 17 22 49 22 53 24 49 47 9 42 46 18 19 62
52 46 66 20 36 27 22 49 30 30 44 38 56 13 59 10 21 12 34 19 25 38 43 30 37 9 0 50 50 14 20 32 13 44 49 14 39 41 29 42 37 61 44 40 35 49 35 37 29 25 46 13 39 41 43 12 54 47 10 8 25 11 33 33 22 28 18 34 11 62 30 41 32 28 8 29 14 31 37 27 23 42 39 59 42 18 14 44 19 45 19 9 25 47 43 53 56 15 27 32 29 38 11 20 12 20 49 15 27 39 35 14 30 51 12 24 33 13 43 43 13 48 48 59 38 36 22 26 25 34 13 28 44 39 33 21 32 27 29 39 26 15 17 16 50 51 41 9 26 47 22 14 52 11 45 24 23 18 28 15 33 48 17 16 9 6 27 42 34 9 38 30 12 13 49 44 29 43 16 32 39 34 12 23 49 29 16 8 20 25 63 33 18 50 28 50 49 51 12 8 41 43 43 28 19 28 11 42 43 7 43 51 44 23 44 17 22 44 34 46 42 30 43 8 12 15 37 36 31 49 45 11 42 7 31 26 41 56 23 41 25 30 36 39 37 34 5 24 13 43 28 20 57 49 30 16 44 53 56 11 35 23 20 19 53 10 40 28 28 11 52 11 28 38 39 36 15 26 57 48 24 39 20 22 27 43 11 32 30 36 3 47 44 48 1 49 24 33 43 29 42 47 35 31 24 32 36 42 54 47 9 39 46 61 11 18 46 20 27 7 27 61 33 22 8 41 51 8 8 17 31 10 34 51 45 25 29 2 11 50 40 43 44 43 13 13 40 38 30 25 32 25 19 41 37 6 47 13 8 18 48 49 16 38 10 43 19 14 34 46 45 41 42 14 30 19 36 46 62 28 31 60 2 30 60 12 49 48 34 41 9 10 52 35 41 40 38 17 23 44 28 12 39 50 21 12 11 5 24 13 41 29 26 15 16 31 11 55 44 30 19 26 35 44 12 32 35 24 53 29 34 42 18 26 16 29 18 45 28 56 58 42 22 34 46 4 36 50 18 34 51 12 23 52 64 33 36 34 23 18 33 13 13 32 39 48 61 53 28 25 24 53 51 42 27 3 8 10 27 50 16 44 48 27 53 52 35 31 46 23 18 26 38 8 48 38 26 37 46 35 14 50 40 55 44 18 18 26 13 40 21 47 12 22 6 61 12 19 33 55 38 49 34 22 50 15 32 47 48 48 29 37 51 24 25 39 9 35 12 42 43 64 11 28 51 25 42 19 37 30 30 50 10 42 52 50 30 48 25 11 10 14 40 23 44 26 41 39 5 34 37 17 14 54
3 83 60 59 31 29 28 34 67 56 70 51 56 53 50 47 35 44 16 63 30 73 54 23 60 58 50 0 50 57 49 19 55 13 2 53 34 38 33 70 37 58 76 73 68 20 19 15 22 27 4 40 61 74 34 52 51 53 41 51 63 42 71 18 67 23 37 19 45 55 50 42 40 23 43 43 50 61 71 67 27 72 12 59 8 56 43 8 46 21 51 52 40 20 52 42 42 38 60 71 62 25 41 33 53 35 18 53 56 67 42 37 23 59 57 49 64 62 22 63 48 42 48 53 53 63 66 28 27 17 50 57 51 76 57 60 19 33 63 29 37 42 54 38 54 62 78 43 51 12 53 55 36 48 8 46 42 34 66 58 62 23 63 52 42 55 61 52 17 49 21 70 47 48 41 55 27 18 48 30 15 63 46 28 15 23 34 48 46 48 59 30 42 57 38 8 49 41 53 56 32 57 61 22 35 69 43 27 20 44 62 37 66 46 39 62 39 47 46 22 52 30 28 47 58 43 44 73 40 12 23 40 9 55 25 66 19 54 58 11 57 20 18 14 62 45 48 41 47 54 32 34 48 13 63 51 72 57 44 42 30 30 33 33 48 59 34 23 26 53 37 57 24 12 50 75 47 69 55 12 37 46 54 56 49 24 53 42 36 32 49 63 31 28 50 32 57 17 70 25 55 64 43 44 26 67 75 9 61 58 56 12 59 51 52 33 49 58 23 44 61 57 72 29 42 65 55 43 48 33 50 58 27 51 68 46 65 49 60 45 48 76 17 30 57 41 50 76 41 27 18 25 45 54 20 48 62 46 58 36 21 49 53 13 51 7 43 52 47 46 62 29 35 39 64 55 16 61 53 69 71 49 50 21 53 50 58 11 60 71 48 51 32 58 28 58 62 54 57 68 24 57 33 11 64 61 49 54 63 57 23 42 25 60 41 21 59 47 72 53 35 28 59 58 61 39 44 28 37 45 71 18 41 25 50 68 35 49 64 43 54 37 37 18 5 51 29 39 38 31 42 39 37 31 57 21 57 54 54 59 68 41 38 63 57 64 59 60 28 67 34 61 1 58 26 51 44 43 25 44 63 65 56 68 44 33 49 63 20 51 40 65 61 51 35 15 26 62 5 48 41 46 52 59 70 33 58 39 60 78 29 34 39 29 53 53 56 32 20 48 55 51 16 59 46 36 19 53 4 6 39 61 62 51 56 58 44 50 58 9 8 58 56 45 2 34 80 32 69 68 63 37 48 68 41 18 22 43 26 39 42 38 19 65 22 69 10 12 51 17 29 58 44 40
51 50 17 69 22 32 42 17 41 27 31 15 8 61 12 41 32 55 45 47 32 42 12 35 24 57 50 50 0 63 32 49 62 37 48 40 18 13 26 33 16 12 41 40 37 32 36 39 40 36 47 39 24 38 16 41 5 7 50 44 41 53 44 42 50 47 54 37 55 13 22 10 19 46 50 22 61 31 40 43 41 36 47 11 46 39 57 43 32 29 34 44 26 31 10 12 14 52 34 45 35 26 42 37 43 34 33 39 30 31 16 42 34 12 61 28 34 54 28 22 60 8 3 9 17 29 47 34 38 49 60 30 9 45 25 39 47 27 37 21 26 36 66 36 6 15 46 44 27 39 32 63 18 58 42 27 28 49 41 64 31 27 49 64 50 53 35 11 46 43 30 46 39 38 9 13 32 32 62 25 37 30 57 47 36 38 44 56 30 26 13 24 58 10 24 43 1 11 61 56 19 15 20 45 36 46 53 23 30 47 21 15 26 29 11 48 29 7 16 29 12 27 22 42 47 35 14 44 20 39 27 45 45 57 32 43 32 7 36 49 33 43 36 39 27 17 52 27 58 13 27 54 10 38 36 64 34 8 11 40 23 52 51 39 6 53 17 43 34 60 15 61 50 46 13 46 35 47 8 38 29 12 35 35 25 26 43 19 22 21 52 19 19 23 49 20 34 42 32 51 15 21 15 20 44 39 47 48 12 13 48 48 15 13 42 45 5 39 44 47 36 12 46 41 47 26 6 46 43 44 22 60 27 2 27 26 38 49 54 5 11 41 33 20 62 53 12 47 21 37 45 43 32 13 33 53 17 38 56 36 29 2 38 48 43 46 32 62 17 5 20 22 15 52 37 38 50 18 13 45 45 12 49 48 10 59 11 39 28 35 56 58 21 24 23 19 26 39 35 28 49 46 19 40 47 55 58 50 41 46 28 22 40 47 56 50 59 9 33 25 52 52 26 16 55 20 15 38 17 22 42 33 58 39 63 43 37 6 38 13 8 14 30 48 45 54 24 13 35 23 10 42 29 22 14 35 23 21 33 43 40 38 47 33 19 20 12 11 31 47 31 13 50 17 50 50 43 41 35 7 51 25 9 44 9 20 17 34 31 30 57 41 25 45 16 38 48 26 46 16 55 5 14 10 30 39 42 25 50 47 43 17 47 47 56 12 45 48 37 8 19 3 42 38 4 40 45 8 46 44 22 26 15 29 32 21 42 18 61 47 45 15 47 23 51 28 48 44 36 42 35 15 57 30 12 34 50 7 43 45 52 50 32 46 28 49 47 42 54 43 23 42 57 13
59 55 80 7 48 38 31 61 40 43 56 52 69 5 73 23 34 14 42 28 36 48 57 40 50 10 14 57 63 0 34 38 2 53 56 26 52 54 42 53 50 75 54 50 46 59 44 46 38 36 54 26 52 52 56 25 68 61 17 21 35 16 43 41 30 35 21 43 12 76 43 55 45 35 16 42 8 44 47 37 32 53 46 72 50 30 15 53 32 56 32 21 38 57 57 66 69 20 39 42 40 50 23 31 24 32 59 27 40 51 48 24 41 64 3 38 44 19 54 56 10 61 61 72 51 48 31 37 34 40 8 40 57 49 46 33 39 39 40 51 39 28 6 29 64 65 51 21 39 56 35 3 65 10 54 37 36 23 38 1 45 59 26 7 16 12 38 56 41 22 48 39 25 26 62 57 40 53 10 44 48 46 12 29 58 38 25 10 34 39 76 45 17 63 41 59 63 64 4 10 54 57 56 35 30 37 15 54 53 18 56 64 56 36 57 26 35 57 48 57 55 42 55 22 22 29 50 46 45 58 56 21 50 8 41 36 51 70 35 47 38 38 45 48 50 47 12 37 11 56 40 23 70 58 41 8 55 66 69 24 47 27 25 29 67 17 53 36 38 5 65 4 33 46 52 46 29 34 71 57 37 52 33 35 40 55 23 45 43 48 12 61 56 60 15 61 36 42 55 33 55 60 49 44 32 42 44 49 67 61 19 46 60 74 23 26 59 31 35 17 38 75 42 31 18 54 65 19 21 26 44 6 46 65 58 38 41 15 16 63 54 53 54 55 2 16 54 46 43 35 40 34 32 55 47 12 60 26 11 30 59 62 29 45 22 51 32 6 48 59 58 53 54 18 41 31 42 59 75 38 41 73 15 37 73 8 62 57 47 52 10 7 64 48 53 53 51 29 35 56 34 22 51 59 30 17 8 15 34 23 52 42 35 25 17 36 10 68 56 43 23 30 47 57 16 45 49 33 65 42 44 52 18 35 8 39 29 58 40 68 71 55 34 40 54 10 48 63 30 47 64 24 36 64 77 42 49 47 35 28 43 26 21 44 53 61 75 66 39 34 36 66 58 55 32 15 21 23 38 63 23 56 61 37 66 64 49 43 56 37 19 36 51 20 61 47 32 50 54 49 17 64 53 68 56 29 29 39 21 48 30 60 20 28 8 74 23 25 42 68 51 63 43 33 63 26 39 60 56 55 43 49 64 37 38 52 23 48 6 49 51 78 21 42 58 38 51 27 48 40 41 63 9 55 65 60 35 61 33 21 16 20 50 32 55 34 48 47 10 42 49 28 14 67
52 35 48 40 24 21 25 36 18 11 27 19 37 32 42 11 15 29 36 17 20 25 24 27 18 26 20 49 32 34 0 37 32 39 48 9 26 26 19 25 23 43 29 26 20 41 31 35 29 23 46 14 20 26 30 10 36 28 25 13 14 27 22 33 21 33 32 31 28 44 10 25 17 32 23 12 33 14 23 18 26 26 40 39 42 8 31 43 4 37 2 13 11 39 24 38 41 28 11 23 14 29 15 19 11 15 41 8 9 22 18 19 27 31 31 5 17 22 34 23 32 32 30 41 18 18 19 22 24 38 32 10 25 28 14 11 36 17 15 28 14 10 37 13 31 32 30 17 6 42 4 33 39 30 43 6 8 28 17 34 16 39 19 36 24 22 12 23 36 12 31 22 9 8 33 24 23 36 34 22 35 17 30 29 43 27 23 27 4 6 44 23 34 30 15 47 31 35 31 25 29 24 23 32 17 21 27 31 35 19 24 37 25 4 28 18 11 26 16 37 22 21 32 13 16 9 19 25 16 44 36 19 42 26 25 17 34 38 9 43 9 32 32 36 19 16 23 10 31 23 18 33 39 43 15 35 27 34 39 13 24 33 31 20 36 22 26 30 24 31 38 30 35 39 20 26 6 21 39 43 14 21 5 7 8 34 12 15 17 24 23 28 32 37 19 37 8 34 26 36 22 27 18 13 28 18 26 43 34 28 16 41 27 43 11 24 27 10 31 20 13 43 23 24 21 23 32 19 13 23 11 29 26 33 27 7 16 19 22 33 22 29 37 31 32 28 21 27 14 23 35 28 5 22 31 24 27 9 25 15 39 31 7 40 12 43 7 34 16 28 25 30 28 28 15 8 40 26 44 20 22 43 19 35 42 31 29 43 15 25 28 30 40 16 30 21 20 8 8 26 35 15 26 45 18 23 30 20 14 14 32 13 27 16 32 36 27 38 27 10 31 35 16 24 24 16 18 24 39 11 22 35 34 26 35 19 17 27 15 40 40 27 13 37 45 24 25 35 13 23 35 18 13 40 45 29 16 14 5 12 20 13 24 15 20 28 43 33 22 19 16 33 50 22 34 19 15 14 25 33 20 25 28 19 36 39 16 15 38 4 34 16 19 14 35 35 32 19 45 16 30 33 20 35 27 19 11 12 19 29 26 34 22 29 26 43 14 28 30 38 18 31 34 10 32 18 34 27 47 45 15 18 31 5 8 19 14 15 30 42 42 46 15 10 51 16 31 25 21 19 14 36 29 25 36 42 36 31 28 20 26 26 33 18 35 21 42 38 25 35 26 12 31 38
22 71 63 40 28 20 13 38 54 46 62 46 56 34 53 32 23 25 6 48 20 62 50 15 51 40 32 19 49 38 37 0 36 20 19 38 32 37 26 61 34 60 66 62 56 28 15 13 10 16 17 25 53 63 35 37 52 51 23 35 50 23 59 8 51 5 18 13 26 59 41 40 34 5 25 35 31 50 60 53 12 62 9 60 13 42 24 17 34 26 38 36 31 27 49 45 47 19 48 58 50 24 25 19 38 22 27 39 45 58 37 21 16 57 38 39 53 45 26 56 29 43 47 55 47 53 51 18 14 2 31 46 48 64 48 46 3 25 51 29 28 29 35 24 53 59 66 26 40 22 41 36 41 29 18 36 32 15 53 39 52 30 47 33 24 37 49 48 5 33 21 57 32 33 43 51 18 23 29 25 16 53 27 10 25 12 17 29 34 38 61 26 23 55 30 23 48 44 34 38 32 52 54 6 21 55 24 29 24 27 56 41 58 35 39 47 28 45 40 28 48 23 30 32 42 29 40 61 34 23 28 23 13 37 18 52 21 55 45 10 45 6 15 15 53 39 30 31 28 50 25 15 51 24 52 32 63 56 48 27 27 11 14 18 50 42 33 8 17 34 42 39 5 9 45 62 34 54 56 23 26 41 41 43 40 27 37 36 30 29 31 58 33 33 33 36 45 9 61 6 50 58 38 37 10 55 62 12 59 55 39 9 55 55 37 15 47 44 7 26 49 59 59 14 25 57 54 26 32 16 42 39 23 51 61 36 53 32 43 46 43 65 22 32 38 22 46 64 34 15 5 9 32 49 18 29 57 32 39 22 29 48 39 8 36 14 31 33 41 45 56 30 35 20 52 42 5 56 57 55 58 53 33 3 56 31 54 22 51 61 29 32 38 50 29 51 54 40 45 60 5 41 31 24 49 44 30 36 49 42 25 34 11 44 22 2 41 50 63 44 16 9 50 53 43 33 39 14 42 36 59 21 22 12 31 55 21 47 52 47 56 36 26 3 17 33 26 42 25 27 44 22 27 37 61 15 49 46 42 44 56 26 20 52 50 59 60 58 20 53 23 59 20 52 7 34 28 27 16 45 47 58 53 54 46 39 43 51 26 39 21 51 53 35 38 14 7 53 17 42 22 47 47 58 62 19 44 30 44 65 13 37 21 11 34 57 40 13 13 50 48 50 9 45 47 20 5 51 19 19 32 52 59 40 45 51 28 43 40 12 14 61 40 37 21 25 67 15 58 55 51 40 29 60 44 28 3 44 10 22 24 19 21 51 26 54 11 11 32 8 27 43 25 45
57 55 78 8 46 36 29 60 40 42 56 50 68 3 71 22 32 12 40 27 35 48 55 38 49 11 13 55 62 2 32 36 0 51 54 26 50 53 40 53 49 73 54 50 45 57 42 44 36 34 52 24 51 52 54 24 66 59 15 20 35 14 43 39 30 33 19 41 10 74 42 53 44 33 14 41 6 43 47 37 30 52 44 71 48 29 13 51 31 54 31 20 37 55 55 65 67 18 38 41 40 48 21 29 23 31 57 26 39 50 47 22 39 63 4 37 44 19 52 55 8 60 60 71 50 47 31 35 33 38 6 39 56 48 45 32 37 38 39 50 38 27 5 27 62 63 51 19 38 54 34 1 63 8 52 36 34 21 38 3 45 57 26 6 14 12 38 55 39 21 46 39 24 25 60 56 38 51 8 42 46 46 10 27 56 36 23 8 33 38 75 43 15 62 40 57 61 62 2 9 52 55 55 33 29 37 13 52 51 16 55 62 55 35 55 25 34 56 47 55 54 40 53 20 22 27 49 46 43 56 54 19 48 8 39 36 49 68 34 45 37 36 43 46 49 46 10 36 9 55 39 21 68 56 41 6 55 65 67 23 46 25 23 27 65 17 51 34 36 3 63 5 31 44 51 46 28 35 69 55 35 51 32 34 39 53 22 44 41 47 10 60 55 58 14 60 36 40 54 31 54 59 47 43 30 42 45 47 66 60 19 44 58 72 22 24 58 31 33 16 38 73 42 29 16 53 64 17 20 24 43 7 44 63 57 37 40 14 17 62 52 53 52 53 3 14 52 47 42 33 38 32 31 54 45 10 59 25 11 28 57 61 28 43 22 49 31 5 47 58 57 51 53 16 40 30 40 58 74 37 40 71 14 35 71 6 61 55 46 51 8 5 62 47 51 52 50 28 34 56 32 22 49 57 29 17 6 14 34 23 50 41 33 25 15 34 10 67 55 42 21 28 47 56 16 43 47 32 64 41 44 50 16 33 7 39 27 57 39 67 70 53 33 38 52 9 46 61 29 45 62 22 34 62 75 41 48 46 35 28 43 25 19 43 52 60 73 65 37 34 34 65 56 54 30 14 20 22 36 62 24 56 60 37 64 63 48 42 54 35 17 36 50 19 59 45 30 49 52 47 15 62 52 67 56 27 28 37 20 49 28 58 18 26 7 73 22 23 40 67 50 61 41 33 61 25 37 59 54 53 41 48 63 36 37 51 21 47 6 47 49 76 21 40 56 36 51 25 47 40 41 61 7 54 63 58 33 60 31 19 14 18 48 31 53 34 46 45 8 40 47 27 12 65
15 72 48 56 19 19 23 22 57 44 58 39 44 49 38 39 25 40 14 54 21 62 41 15 48 53 44 13 37 53 39 20 51 0 12 44 21 26 21 59 24 46 65 62 56 9 10 8 16 19 11 32 49 62 22 43 39 40 37 43 53 38 61 13 58 21 34 10 41 44 38 29 28 20 38 32 47 49 60 57 22 61 13 47 10 46 40 6 36 9 41 44 29 8 40 30 30 34 49 61 51 12 34 25 45 26 8 44 45 55 29 31 14 47 53 38 53 55 10 50 45 30 35 41 41 51 56 19 20 18 46 46 38 65 45 50 18 22 53 17 25 33 52 30 42 49 67 36 40 4 42 51 24 44 6 35 32 30 55 54 51 12 55 50 38 49 50 39 15 41 9 60 38 39 29 43 17 6 46 18 5 51 42 25 6 15 29 44 35 37 47 18 40 44 26 8 36 29 49 51 19 44 49 19 26 59 39 15 8 38 50 25 54 36 26 54 28 34 34 10 39 19 16 40 50 34 32 63 28 6 11 34 9 49 14 56 6 42 48 15 46 17 9 6 50 33 43 30 43 42 21 33 36 5 53 49 60 44 33 34 18 29 30 26 36 52 22 18 17 49 26 53 24 12 37 64 38 59 43 4 26 33 44 45 38 12 44 30 25 19 43 51 19 16 44 20 47 13 58 24 43 51 30 32 22 56 64 12 48 46 48 14 47 39 44 28 36 48 19 38 51 45 62 23 36 53 42 37 41 28 39 53 15 39 56 35 54 43 53 33 35 65 4 18 53 37 38 65 29 20 16 20 34 41 9 43 49 37 52 27 10 36 43 14 43 10 33 49 35 33 50 16 22 35 53 46 18 49 41 59 60 37 44 19 41 46 45 5 49 59 44 47 20 46 15 45 50 45 47 56 22 49 20 7 55 54 45 47 52 49 10 30 19 51 38 21 54 35 60 42 32 27 47 46 54 27 32 21 25 33 60 5 39 19 48 58 27 36 54 31 41 25 27 18 9 45 16 27 29 18 29 32 27 19 46 12 45 42 44 50 58 33 33 51 45 52 46 47 18 58 24 48 13 45 24 45 37 35 17 32 55 53 43 57 32 21 37 52 8 40 38 54 49 44 23 7 23 50 10 36 38 34 39 46 58 26 49 28 52 67 24 21 34 25 48 42 48 28 11 36 43 38 12 49 34 29 17 41 10 8 27 49 50 40 45 46 36 38 54 11 9 46 48 34 14 24 69 27 57 57 52 25 44 56 29 8 22 31 21 33 38 34 7 56 9 60 12 9 46 13 17 48 41 29
4 82 59 58 30 27 27 33 66 54 69 50 55 52 49 46 33 43 15 62 29 72 52 22 58 57 49 2 48 56 48 19 54 12 0 51 32 37 31 69 35 57 75 72 66 19 17 14 21 26 3 39 60 72 33 50 50 52 40 49 62 41 70 17 65 22 35 18 44 55 48 41 38 22 41 42 49 59 70 65 26 71 11 58 7 54 42 6 45 20 50 51 39 18 51 40 41 37 58 70 61 23 40 31 52 34 17 52 54 65 40 36 22 58 56 48 63 61 21 61 47 41 47 52 52 61 64 27 26 17 49 56 50 75 55 58 18 32 62 28 35 41 54 37 53 61 77 41 49 10 51 54 35 47 7 45 41 33 64 57 61 23 62 52 41 54 59 50 16 47 20 69 46 46 40 54 25 17 48 29 14 62 45 27 14 22 33 47 44 47 58 29 41 56 36 7 47 40 52 55 31 56 60 21 33 68 42 26 19 43 61 35 65 45 38 61 37 46 44 21 51 29 27 46 56 42 43 72 39 11 22 38 7 54 23 65 18 53 57 10 56 19 17 13 61 44 47 39 46 53 31 34 46 12 62 51 71 56 44 41 29 30 32 31 47 58 33 21 25 52 37 56 24 11 48 73 46 67 54 12 35 44 52 54 48 23 51 41 35 30 48 62 30 26 49 30 56 16 69 24 54 63 41 43 25 66 73 7 59 57 54 10 58 50 51 32 47 56 22 42 60 56 71 27 41 63 54 42 47 32 49 56 25 50 67 44 63 48 59 44 46 75 16 29 56 40 49 75 40 26 17 24 43 52 19 46 61 45 56 35 21 48 52 11 50 6 42 51 46 45 61 27 34 38 63 54 15 60 52 68 69 48 49 20 51 49 56 11 59 70 47 50 31 57 26 56 61 53 56 67 22 56 32 10 63 60 48 52 61 56 21 40 23 59 39 21 58 46 70 52 34 27 58 57 60 37 43 26 36 43 70 16 40 24 50 67 34 48 63 42 53 36 36 16 4 50 27 38 37 29 41 37 36 30 57 20 56 52 53 58 67 39 36 61 56 63 58 58 27 66 32 60 3 56 24 50 43 42 24 43 62 64 54 66 43 32 48 61 19 49 39 63 60 50 34 13 25 60 3 47 40 45 51 58 68 32 57 38 59 76 28 33 38 28 51 53 55 31 18 47 54 50 15 58 45 35 18 52 2 4 38 59 61 50 55 57 43 49 57 8 6 57 55 44 3 33 78 31 67 66 61 36 47 67 40 17 22 42 25 38 41 37 18 64 21 68 9 11 50 15 28 56 43 40
55 35 56 33 31 25 26 43 18 17 31 27 45 26 50 7 19 25 38 11 23 25 32 30 24 18 14 53 40 26 9 38 26 44 51 0 33 33 25 29 30 51 31 27 22 46 35 38 31 26 49 13 26 29 37 2 44 36 21 7 13 23 22 35 15 34 29 34 23 52 18 32 24 33 19 19 27 18 24 16 27 29 43 47 45 5 27 46 10 42 7 6 18 44 32 45 48 25 14 21 15 35 14 20 3 18 47 1 14 26 26 18 30 39 24 13 20 14 40 30 27 40 38 49 26 22 14 25 26 39 26 14 33 27 20 9 37 23 16 35 21 11 30 15 39 39 30 13 14 47 9 26 46 25 47 13 15 26 16 27 20 45 12 30 20 15 13 31 38 7 36 19 6 5 40 32 27 41 29 28 39 21 25 29 48 30 22 22 11 14 52 29 30 38 22 51 39 43 25 18 36 31 30 33 19 18 23 38 41 15 30 44 30 12 36 11 17 34 24 43 30 26 39 8 8 10 27 24 23 49 42 17 45 19 30 15 39 46 9 45 12 34 36 40 24 24 18 17 26 31 24 30 48 48 17 29 31 42 47 12 31 32 29 21 44 14 34 32 27 24 45 23 35 42 28 25 7 17 47 47 19 29 7 9 15 40 4 23 24 30 17 35 39 44 13 44 11 36 30 36 29 34 26 21 29 19 25 45 42 35 8 43 34 51 4 24 35 7 32 16 14 51 22 25 17 28 40 15 8 23 19 21 31 41 32 14 17 13 14 41 30 30 42 38 25 24 29 26 21 26 37 29 10 29 36 19 34 7 18 17 45 39 3 42 5 46 12 27 24 36 32 37 35 24 17 5 42 33 52 18 20 51 12 36 50 25 37 48 21 27 23 23 47 22 37 28 25 3 10 31 35 7 33 50 12 15 24 12 12 7 38 20 29 9 28 37 20 46 31 18 28 34 22 31 16 24 26 25 46 19 22 40 30 28 29 17 18 35 16 48 48 34 17 39 48 17 32 43 15 30 43 16 18 47 53 33 23 22 9 7 20 13 21 19 27 35 50 41 26 15 20 41 53 30 34 12 11 11 28 41 12 31 36 16 44 47 24 18 43 11 30 14 25 7 42 39 32 24 49 24 26 41 28 43 31 20 6 19 11 28 26 41 20 29 19 51 6 27 34 46 25 39 37 9 40 18 36 35 50 49 22 23 38 12 12 26 11 23 23 45 45 54 7 18 54 21 30 24 24 18 16 43 24 29 44 48 36 39 29 18 22 24 38 13 41 17 44 41 18 37 33 5 27 46
35 54 32 57 5 15 26 11 41 27 39 19 25 49 23 31 19 42 28 43 17 45 21 19 28 47 39 34 18 52 26 32 50 21 32 33 0 5 10 40 4 28 46 44 39 18 19 22 23 19 31 26 29 44 5 33 20 20 37 35 38 39 45 25 46 30 39 20 42 27 20 9 10 29 36 15 48 32 43 42 25 42 30 28 29 34 42 27 24 15 28 35 16 17 19 15 18 37 33 45 35 10 29 22 35 20 20 33 28 36 10 28 17 26 50 23 35 46 13 30 46 12 16 24 21 32 44 18 22 32 47 29 18 48 27 36 30 13 37 5 13 25 53 23 22 29 50 31 23 23 28 50 14 45 26 21 19 34 40 52 33 15 44 51 37 43 34 18 29 33 14 45 29 29 11 22 15 16 48 9 20 33 43 31 22 21 29 43 23 21 29 8 44 24 12 28 17 13 48 46 4 24 28 28 22 45 40 8 14 34 30 13 34 22 7 43 17 14 14 15 19 11 8 32 40 25 12 46 11 24 13 31 28 46 15 41 15 23 33 33 31 26 18 22 31 14 40 17 45 21 12 39 20 24 36 50 41 25 18 28 6 36 36 25 18 45 2 26 17 48 14 50 34 29 17 48 27 45 24 23 16 13 30 31 21 11 35 12 10 4 40 30 7 12 39 11 31 25 39 35 22 31 10 14 28 39 48 31 28 25 39 31 26 24 34 30 16 35 27 35 35 27 46 25 34 33 23 33 33 29 21 49 10 20 36 20 38 38 46 14 14 47 17 6 51 39 17 49 13 21 28 26 23 21 16 40 29 28 46 22 16 17 32 30 34 29 22 49 15 13 29 6 3 37 37 33 33 28 26 44 45 23 38 31 24 46 25 24 30 40 44 46 14 27 7 25 31 32 32 36 32 39 1 26 43 47 45 41 38 39 12 14 24 41 42 33 49 19 40 24 37 36 29 25 47 10 12 22 14 16 44 17 43 23 50 42 23 16 37 18 24 5 18 31 29 42 7 12 22 6 13 29 17 15 29 18 26 23 29 38 41 26 33 34 25 31 29 27 15 44 16 28 34 25 33 39 31 29 18 14 45 33 22 43 15 15 18 35 16 25 42 40 30 36 10 22 31 30 30 16 40 15 19 27 38 24 37 15 43 50 27 9 33 31 44 26 38 33 20 19 23 18 25 35 15 26 28 20 31 29 11 30 29 25 30 26 30 18 50 30 28 30 39 17 35 14 51 29 39 42 35 12 44 37 14 20 33 12 26 32 38 36 15 43 13 46 30 26 43 26 5 36 43 15
40 52 27 60 10 20 30 11 39 25 35 15 20 52 19 33 22 45 33 43 21 43 16 23 25 49 41 38 13 54 26 37 53 26 37 33 5 0 14 37 5 23 44 42 37 22 24 27 27 24 36 29 26 41 5 34 16 15 40 36 38 42 43 30 46 35 43 25 45 23 19 4 10 34 39 15 51 30 40 41 30 39 35 23 34 34 46 32 25 19 28 37 17 21 15 13 15 41 32 44 33 15 32 26 36 23 24 33 27 33 8 32 22 21 53 23 33 47 17 27 49 8 11 19 18 30 44 22 26 37 50 28 13 46 24 35 35 16 35 10 15 27 56 26 17 24 48 34 23 28 28 53 14 48 31 21 20 38 39 55 31 18 44 54 40 45 33 14 34 35 19 44 31 31 8 18 20 21 51 13 25 31 46 35 26 25 33 46 23 21 25 12 48 19 14 33 12 10 51 48 7 20 25 33 25 44 43 12 19 37 26 11 30 22 3 43 19 9 12 19 15 15 11 34 41 26 9 44 11 29 17 34 33 48 20 41 20 19 33 38 30 31 23 27 28 12 43 18 48 17 15 43 16 28 34 54 38 20 15 31 11 41 40 28 14 46 5 31 22 50 13 52 38 34 13 46 28 45 19 27 18 9 30 30 21 15 36 12 12 9 43 26 9 15 41 13 31 30 35 39 18 27 9 13 32 38 46 36 23 21 41 36 22 20 35 34 11 35 32 38 34 23 45 29 37 30 18 36 35 33 19 51 15 15 32 20 36 40 47 10 10 44 22 9 53 42 13 47 13 25 33 31 24 17 21 43 24 30 48 25 20 12 32 35 36 34 23 52 13 8 25 10 4 41 35 33 38 24 22 43 43 19 40 35 20 49 20 28 28 38 47 49 15 24 11 22 28 33 32 32 37 40 6 30 43 48 48 43 38 40 16 14 28 41 45 38 51 15 37 22 41 40 26 21 48 10 10 26 13 16 42 21 47 27 53 41 27 11 36 15 19 2 20 36 34 45 12 10 25 11 10 32 19 16 25 23 23 20 28 38 39 29 37 32 21 27 24 22 19 44 20 23 39 21 38 41 34 32 23 10 45 29 18 42 12 15 15 33 20 25 46 39 27 37 10 27 36 27 35 13 44 11 15 22 35 28 37 16 44 48 31 9 37 35 47 21 39 37 25 15 20 13 30 34 10 29 33 15 35 33 13 27 24 24 29 23 32 16 52 35 33 25 40 17 40 17 49 33 37 40 33 10 47 33 11 24 38 8 31 35 42 40 20 42 17 46 35 31 45 31 10 37 47 13
35 51 41 47 7 7 17 20 36 24 39 21 32 39 32 22 9 32 22 35 7 42 25 12 28 38 29 33 26 42 19 26 40 21 31 25 10 14 0 39 10 37 44 42 36 22 14 18 16 11 29 17 30 42 15 25 29 26 27 26 33 29 40 19 39 23 29 15 32 37 18 16 9 22 26 11 38 29 39 36 16 40 25 36 26 26 32 25 16 18 21 27 9 20 23 25 28 28 29 40 30 11 19 13 27 10 23 25 24 35 11 18 11 32 40 18 32 38 16 32 36 21 23 33 22 30 37 9 13 26 37 25 23 45 25 30 24 3 32 11 5 16 43 13 28 33 47 22 19 24 22 40 24 35 25 15 11 24 35 43 30 21 36 41 27 34 29 22 23 24 13 40 21 20 21 26 8 17 38 4 18 31 33 22 24 14 20 33 15 16 38 4 34 30 5 29 25 23 38 36 13 27 30 21 12 39 30 14 17 24 31 22 35 15 16 35 9 20 15 19 23 3 15 23 32 16 14 42 9 26 18 21 25 36 9 36 16 32 27 28 26 20 15 19 30 14 30 9 35 25 2 29 30 25 32 40 40 31 28 19 7 27 26 15 27 36 12 19 9 38 24 40 26 24 20 44 19 39 33 24 6 17 23 25 17 16 26 11 5 7 30 33 15 20 29 20 26 19 38 27 25 33 12 13 19 35 44 27 34 30 31 26 30 34 25 20 22 28 20 25 30 36 41 16 24 33 29 23 24 19 19 39 7 27 37 14 34 28 37 24 19 44 19 14 41 29 21 45 9 12 22 18 15 24 13 31 32 20 37 12 21 24 24 26 26 27 14 39 16 21 32 13 13 27 33 26 27 31 35 39 40 32 29 23 34 36 30 25 28 39 34 36 23 26 13 27 31 25 26 36 25 31 10 27 36 38 35 31 32 31 14 10 16 33 32 26 39 28 40 21 27 27 27 28 38 8 14 13 24 13 40 17 33 15 40 37 13 22 33 28 33 14 9 25 28 32 7 22 12 6 23 19 7 23 38 13 26 22 23 30 37 16 23 31 26 34 37 33 6 38 6 34 33 27 25 30 22 19 10 23 37 34 28 37 25 24 18 31 19 19 33 34 29 27 20 19 23 30 28 17 30 24 22 33 38 14 29 8 34 46 18 18 23 22 35 35 30 23 14 28 24 26 19 29 24 16 22 26 30 28 7 29 34 20 25 26 20 19 40 26 26 39 30 13 34 5 48 19 37 37 31 22 34 36 24 24 26 21 18 22 28 26 15 36 17 40 26 22 33 20 9 29 33 25
73 17 45 60 41 43 49 47 15 16 4 22 34 53 44 35 39 53 59 27 42 10 23 49 12 44 42 70 33 53 25 61 53 59 69 29 40 37 39 0 36 40 8 8 9 57 52 56 52 46 67 38 11 5 42 31 37 27 49 35 19 51 15 56 27 57 56 53 52 43 21 33 32 56 47 28 55 12 9 19 50 3 63 35 64 25 54 63 28 54 25 34 31 56 24 44 47 53 16 16 14 47 40 43 31 39 59 28 17 4 30 43 49 24 50 23 10 37 51 12 55 39 33 41 19 9 25 44 48 62 54 16 26 13 14 21 60 38 14 44 35 34 58 38 29 23 14 41 21 61 22 54 48 53 63 26 30 52 17 54 10 54 30 57 48 42 16 24 60 35 50 19 33 32 40 21 45 54 57 41 55 9 53 54 61 50 48 50 28 24 41 41 58 26 34 66 34 43 52 44 43 19 14 56 41 20 50 47 53 43 13 46 8 26 38 29 34 30 26 54 23 41 47 35 32 33 28 13 31 63 52 44 63 46 47 19 53 37 20 66 18 56 53 57 9 27 46 31 54 22 39 57 42 62 13 57 2 30 44 38 42 58 55 44 39 38 40 54 46 51 47 50 59 62 24 15 30 23 37 61 35 28 23 20 22 50 32 29 35 40 45 17 45 51 41 49 18 56 3 60 20 15 30 27 52 12 16 65 27 22 34 64 20 45 32 49 30 23 54 44 16 40 17 48 45 8 30 43 36 48 20 48 45 33 8 26 13 41 38 37 27 9 56 45 51 52 24 15 30 47 58 52 30 21 51 47 17 33 44 39 55 33 27 63 33 65 31 55 25 33 15 45 40 52 13 24 64 17 45 19 17 45 40 59 42 53 24 62 11 3 51 51 51 13 46 16 9 26 20 7 59 32 40 64 26 39 52 39 20 31 50 29 51 29 56 60 45 42 3 18 55 59 12 18 39 32 28 47 48 26 13 54 58 50 57 17 41 29 14 46 39 38 35 61 65 45 43 43 37 41 41 42 35 52 43 50 14 17 21 25 12 37 48 10 16 16 39 27 44 23 39 26 71 17 58 40 39 38 47 39 32 9 25 19 42 51 23 12 55 22 58 18 10 35 45 57 56 10 66 24 54 37 22 30 5 44 25 32 34 15 50 45 47 53 46 43 31 53 52 41 17 31 57 21 36 43 58 26 68 66 32 10 22 21 18 14 38 22 49 64 64 44 33 26 72 37 16 49 6 15 13 45 52 4 44 59 60 37 52 45 50 51 52 24 52 24 64 60 46 57 43 26 55 45
39 51 32 55 7 16 26 13 37 23 35 15 23 48 23 29 17 41 29 40 17 41 18 20 25 45 37 37 16 50 23 34 49 24 35 30 4 5 10 36 0 27 43 40 35 22 21 24 24 20 34 25 26 40 7 30 20 18 36 32 35 38 41 27 43 31 39 22 41 27 17 7 6 30 35 12 47 28 39 38 26 38 32 26 32 31 42 30 21 18 25 33 13 20 16 17 19 37 30 42 31 13 28 22 32 19 23 30 25 33 6 27 19 24 49 20 32 44 16 27 45 12 14 24 18 29 41 18 22 34 46 26 15 44 23 33 32 12 33 8 11 23 52 22 20 26 46 30 20 27 25 49 17 44 29 17 16 34 37 51 29 19 41 50 36 41 31 15 31 31 16 42 27 27 12 19 16 19 47 10 22 30 42 31 25 22 29 42 20 18 29 9 43 22 9 32 15 14 47 44 7 21 25 29 21 41 39 11 18 33 26 15 30 19 7 40 15 11 10 18 16 11 11 30 37 22 8 42 7 28 17 30 31 44 17 38 18 22 30 35 27 28 21 24 28 10 39 14 44 18 11 39 20 27 32 49 37 23 19 27 8 37 36 24 18 42 5 27 18 46 16 48 35 31 14 44 24 42 23 26 14 9 27 28 18 15 33 9 8 6 39 27 10 16 37 15 28 26 35 36 19 28 7 11 28 36 45 33 26 22 37 33 23 25 32 29 14 32 28 33 32 27 43 25 33 29 21 32 31 29 17 47 12 18 33 16 34 36 43 14 11 43 21 9 49 38 14 45 9 21 30 27 20 17 18 39 26 26 44 21 20 15 29 33 32 32 19 48 12 12 26 10 5 37 33 29 34 25 26 41 41 23 36 32 24 45 22 27 27 37 42 45 18 23 10 22 27 30 29 32 33 36 5 29 40 44 44 39 35 36 15 10 25 38 41 34 47 19 37 20 37 37 25 22 44 7 8 22 17 13 40 20 43 24 49 39 22 13 34 19 23 5 16 33 32 40 9 13 20 7 14 27 15 18 29 19 23 19 26 35 37 24 32 30 21 28 28 25 15 41 15 26 37 22 34 37 30 27 19 14 42 30 20 39 16 18 14 31 20 22 42 36 26 33 13 24 32 27 33 13 40 15 16 25 34 23 34 12 40 46 27 11 32 31 43 25 35 33 21 19 20 17 27 32 14 25 30 18 34 32 9 26 26 22 26 22 28 15 48 32 31 29 36 14 38 13 48 29 35 38 32 14 43 33 15 24 34 12 27 31 37 35 18 40 17 43 32 28 41 27 8 34 42 17
59 56 6 80 32 43 53 25 49 37 37 25 7 73 9 52 44 67 55 57 43 49 20 46 32 68 61 58 12 75 43 60 73 46 57 51 28 23 37 40 27 0 47 47 44 39 46 48 50 47 55 50 31 45 25 52 8 15 62 55 50 64 51 52 59 58 65 47 67 4 33 22 30 57 61 33 72 39 47 52 52 43 56 6 55 49 68 52 43 37 44 55 37 39 20 17 17 63 44 53 44 36 53 49 54 45 41 50 39 38 28 54 45 16 73 39 42 64 37 29 71 17 14 6 26 36 57 45 49 59 71 40 19 52 34 49 58 39 46 31 37 47 77 48 13 18 53 55 37 47 43 74 23 69 50 38 39 61 50 75 39 35 59 76 62 64 45 20 56 54 40 54 50 49 18 21 43 41 73 36 46 39 68 58 44 48 56 67 42 37 2 35 70 15 35 51 13 17 72 67 28 22 27 56 47 55 65 32 39 58 28 22 32 40 22 58 40 18 27 37 21 38 31 54 58 46 25 51 31 47 35 56 54 68 43 52 41 5 46 59 43 54 45 48 34 28 63 38 70 21 38 65 11 46 44 75 40 11 14 51 33 64 63 51 11 64 27 54 45 71 21 72 61 55 24 53 47 56 5 46 40 23 45 45 36 35 54 30 34 32 63 23 28 31 61 27 44 52 37 62 23 25 27 31 55 47 54 57 14 19 59 57 21 9 53 56 16 49 55 59 45 2 54 52 59 33 11 57 54 55 32 71 37 10 33 37 46 60 65 14 22 47 42 29 73 64 22 54 32 48 55 53 43 22 42 64 23 49 67 47 37 13 49 57 54 55 43 73 28 16 26 31 25 63 45 48 60 24 8 54 53 11 60 58 6 71 17 47 36 42 68 70 27 32 32 26 33 49 45 33 60 57 29 48 56 65 69 62 50 56 37 33 51 57 68 60 70 12 39 34 64 63 34 23 66 31 27 49 22 33 50 42 69 50 74 51 49 17 47 16 5 24 42 58 53 65 34 19 46 34 17 53 40 28 3 45 31 30 43 53 48 49 59 41 27 25 2 13 42 56 42 15 58 24 61 61 54 52 46 15 61 31 16 53 14 26 27 42 39 40 69 50 32 56 23 48 59 33 54 27 66 13 23 10 36 50 52 37 61 54 54 25 59 58 67 5 56 60 47 10 27 13 52 48 13 52 56 16 55 53 33 33 19 40 42 29 53 28 72 56 54 4 57 34 59 40 55 56 43 50 44 22 69 36 18 41 61 16 54 57 63 62 41 56 37 58 56 52 66 53 33 52 69 18
78 10 52 60 47 49 54 54 15 21 10 29 41 55 51 37 44 55 64 27 47 7 30 54 19 44 44 76 41 54 29 66 54 65 75 31 46 44 44 8 43 47 0 4 10 64 58 62 57 51 73 42 18 3 49 33 44 34 51 37 19 53 12 61 26 62 59 58 54 50 27 40 38 61 49 34 56 16 7 18 54 5 68 41 70 27 57 69 33 60 28 36 37 62 31 51 54 56 19 13 16 54 43 47 33 44 65 30 22 11 37 47 54 32 51 28 13 36 58 19 57 46 40 48 26 15 24 50 52 67 55 20 33 8 20 23 65 44 16 50 40 38 59 42 36 29 7 44 26 68 26 55 56 55 69 31 35 56 17 54 15 61 29 59 50 43 18 32 65 37 56 17 36 35 47 29 50 61 59 47 61 14 55 58 67 55 51 52 32 29 47 47 60 33 39 73 41 50 54 45 49 26 21 60 45 19 53 53 59 45 20 53 16 31 45 29 39 37 33 60 31 47 54 38 33 37 35 9 37 69 59 47 69 47 53 19 59 44 22 71 21 61 59 63 16 33 48 36 56 29 45 60 50 68 15 59 7 37 51 41 48 62 59 49 46 38 47 59 52 53 54 50 64 67 31 10 33 21 44 68 41 35 26 24 28 57 34 35 41 47 47 24 52 58 43 56 22 62 10 65 27 22 36 33 57 13 12 71 33 29 36 69 27 52 34 53 37 25 59 46 18 48 14 53 47 15 37 45 38 52 27 48 51 40 14 31 15 43 38 45 34 2 62 52 52 54 31 10 36 52 63 57 34 28 57 49 25 36 44 44 62 40 29 68 35 70 35 57 31 40 22 52 47 55 15 26 69 24 52 17 14 52 42 64 49 54 31 68 17 6 53 53 58 20 53 23 16 28 22 14 63 33 47 71 25 38 54 41 20 32 56 35 56 30 58 65 45 49 8 24 58 63 18 25 39 39 35 52 55 32 11 61 60 55 59 16 46 37 16 53 46 45 40 66 71 46 49 51 42 47 49 46 40 59 50 56 21 24 24 26 11 41 51 14 23 22 45 34 49 21 44 32 77 25 62 42 41 41 52 46 31 17 32 18 49 58 29 15 62 27 60 19 17 37 52 62 61 17 72 31 56 44 29 37 11 48 27 38 34 9 54 52 50 58 48 50 32 56 58 48 24 39 62 23 44 47 63 33 73 72 38 17 28 26 22 22 41 29 49 70 70 51 34 32 78 43 9 53 9 15 15 52 54 12 51 66 64 45 56 48 52 54 58 23 59 22 69 65 47 63 49 28 57 53
76 11 52 56 45 45 50 52 11 18 11 27 41 51 51 33 40 51 61 23 44 3 29 51 17 40 40 73 40 50 26 62 50 62 72 27 44 42 42 8 40 47 4 0 6 62 55 59 54 48 70 38 17 3 47 29 44 34 47 33 15 49 9 58 22 58 55 55 50 50 25 39 35 57 45 31 52 13 3 14 51 5 65 42 67 23 53 66 29 58 25 32 34 60 30 50 53 52 15 10 13 51 39 44 29 40 63 26 18 10 35 43 51 32 47 25 10 33 55 18 53 44 39 48 25 13 20 46 49 63 51 17 32 6 18 19 61 41 12 48 37 35 55 39 36 30 7 40 23 65 22 51 54 51 66 28 32 52 13 50 12 58 25 55 46 39 14 30 61 33 54 13 32 31 46 28 47 58 55 44 58 11 51 54 65 52 48 48 29 26 48 44 56 32 37 70 40 49 50 41 47 26 21 57 42 15 49 51 57 41 19 52 16 28 43 25 35 36 31 58 29 44 51 34 29 34 33 6 35 66 57 43 66 43 49 15 56 44 18 68 17 57 56 60 14 31 44 33 52 28 42 57 49 66 11 55 9 37 51 37 45 58 55 45 45 34 44 55 48 49 52 46 60 64 29 8 30 17 43 65 38 33 22 20 25 54 30 33 38 44 43 24 50 56 39 54 18 59 10 61 26 22 34 30 53 9 9 68 34 28 32 66 26 52 30 49 36 21 56 42 14 48 10 49 43 14 37 41 34 48 24 44 48 40 15 28 11 39 34 44 32 4 59 49 48 50 30 8 33 48 60 53 31 27 54 45 25 32 40 40 60 39 25 65 31 67 32 53 29 39 22 50 45 51 11 22 65 24 52 13 11 52 38 60 49 50 30 66 14 6 49 49 56 18 50 22 15 24 19 14 60 29 45 68 21 34 50 37 16 28 54 32 52 26 54 61 41 48 9 21 55 60 16 25 35 36 33 49 54 30 7 58 56 51 55 12 42 35 12 52 46 43 37 62 68 42 47 49 38 45 47 42 37 57 50 53 19 22 21 22 7 37 47 11 22 23 46 34 46 18 40 33 74 24 59 38 38 37 49 45 27 17 32 14 48 56 27 11 59 24 56 15 16 33 51 59 57 15 69 29 52 43 28 37 12 44 23 34 30 8 51 50 46 54 44 50 28 53 55 47 23 38 59 19 42 43 59 33 71 69 35 15 29 23 18 20 37 26 45 67 66 51 30 29 75 40 9 49 5 11 12 51 50 12 50 64 61 43 53 44 48 50 56 19 56 18 66 62 43 59 47 24 53 51
70 16 50 52 39 40 44 47 7 13 12 23 38 46 47 28 34 46 55 19 38 6 25 45 13 36 35 68 37 46 20 56 45 56 66 22 39 37 36 9 35 44 10 6 0 56 49 53 48 42 64 32 14 8 42 24 41 31 42 28 11 44 8 52 19 52 50 49 45 47 19 34 30 51 40 25 48 8 4 10 45 8 59 40 61 18 48 61 23 52 19 26 28 55 27 46 49 46 9 9 7 45 34 38 23 35 57 21 13 8 30 37 45 29 43 19 4 29 50 16 48 40 36 45 21 8 17 40 43 57 47 11 29 9 13 14 55 35 6 43 32 29 50 33 33 28 11 34 17 59 16 46 50 46 61 22 26 46 9 46 7 53 22 50 41 34 9 27 55 28 48 11 26 25 41 25 42 53 50 39 53 7 46 48 59 46 42 43 23 20 45 39 51 30 31 64 37 44 45 36 42 23 18 51 36 13 44 46 51 36 17 47 14 22 38 21 30 32 26 53 26 38 46 29 24 28 28 8 29 61 51 38 60 38 44 11 51 41 13 62 12 51 50 54 11 26 38 27 46 24 36 51 46 60 6 50 10 34 47 32 40 52 50 39 42 30 39 49 43 44 48 42 54 58 25 10 24 15 41 60 32 29 16 14 19 49 24 27 33 39 38 22 45 51 34 49 12 53 10 55 22 20 29 25 47 4 10 62 32 26 27 60 24 49 25 43 33 15 50 37 9 45 10 43 38 13 34 36 29 42 19 40 42 37 15 22 6 33 30 40 28 9 54 44 44 45 26 11 28 42 54 48 25 24 49 39 23 26 36 34 54 36 20 59 26 61 26 48 24 35 19 44 40 45 5 17 59 21 49 11 9 49 33 54 46 46 28 60 10 7 44 44 52 14 45 19 12 19 13 13 54 24 39 62 17 31 45 32 12 23 49 27 46 21 49 56 37 45 11 16 49 54 12 22 32 31 28 43 49 24 7 52 51 45 50 9 36 32 7 48 43 38 31 57 63 38 41 45 32 39 43 36 31 52 47 47 15 17 15 18 4 32 42 5 18 22 43 32 40 15 35 31 68 21 53 33 32 32 43 41 24 15 29 11 44 51 23 5 54 18 51 10 13 27 46 54 51 12 63 24 47 40 24 34 13 39 18 29 26 11 45 45 41 48 39 47 24 47 49 44 19 34 53 13 39 37 53 30 65 63 30 11 27 17 12 16 31 22 41 61 61 48 25 23 69 34 13 44 3 8 6 46 45 11 45 58 55 39 47 39 43 44 50 16 51 16 60 57 39 54 42 19 48 47
21 72 41 63 17 22 29 15 57 44 56 37 38 56 30 43 29 47 22 57 24 62 38 20 46 58 49 20 32 59 41 28 57 9 19 46 18 22 22 57 22 39 64 62 56 0 16 15 22 24 18 36 47 61 17 46 32 36 43 47 54 44 61 21 60 29 42 17 48 37 37 25 27 28 43 31 53 49 60 58 28 60 21 41 18 48 47 14 38 5 43 48 30 2 36 23 23 41 50 62 51 12 39 30 48 30 2 47 45 54 28 36 19 42 59 39 53 59 7 48 51 24 30 34 39 50 59 24 25 27 53 46 34 65 44 51 26 24 53 14 27 37 59 34 37 45 67 41 40 9 44 58 16 51 13 36 33 37 56 60 50 5 58 57 44 54 51 35 24 45 12 61 42 42 23 39 21 7 53 19 13 51 49 32 5 22 35 50 37 37 40 19 47 40 26 13 31 22 55 56 15 41 46 27 31 61 45 11 6 43 47 18 51 37 22 57 30 30 32 4 36 21 11 44 53 37 29 63 27 8 5 39 17 55 19 58 9 35 49 23 47 24 15 14 49 31 48 31 50 38 23 40 29 7 53 56 59 39 26 38 17 37 38 31 29 57 18 26 22 55 19 58 32 20 34 65 40 61 36 8 28 30 45 47 38 8 48 29 25 18 49 47 14 9 49 13 48 20 56 33 40 48 28 32 29 56 65 21 43 42 52 22 43 32 47 34 31 50 27 43 51 38 63 29 42 51 37 42 45 34 38 58 16 33 54 35 55 48 58 27 32 64 6 13 59 44 35 66 29 25 24 27 37 38 13 48 46 41 57 31 3 31 46 23 47 18 35 55 33 29 47 13 18 42 54 48 26 45 34 60 61 30 49 28 34 53 41 9 48 58 50 53 13 45 12 43 49 47 48 54 30 52 18 10 58 59 51 52 54 52 9 30 25 54 45 30 59 28 58 41 39 35 46 43 59 26 30 26 17 33 61 8 46 25 55 59 32 32 54 23 35 20 30 26 16 51 16 20 33 18 23 37 29 12 39 17 44 40 45 52 58 37 39 51 42 49 40 42 21 60 27 43 19 42 32 50 42 39 22 25 58 51 39 59 25 14 35 52 3 41 45 56 47 48 16 15 31 48 17 34 45 28 37 41 56 31 51 29 56 67 30 15 40 33 53 35 51 35 18 29 41 33 20 50 28 34 25 36 17 15 27 47 45 41 46 44 40 36 59 20 17 38 52 34 20 26 69 33 57 58 52 18 50 54 22 3 30 25 28 39 44 41 10 58 6 62 20 18 51 21 15 51 48 22
21 65 49 48 15 10 14 23 49 38 52 34 43 41 39 30 17 32 10 46 12 55 37 6 42 44 35 19 36 44 31 15 42 10 17 35 19 24 14 52 21 46 58 55 49 16 0 4 7 10 15 23 43 55 21 34 38 38 28 34 45 29 53 7 49 14 26 2 33 44 32 27 22 13 29 25 38 42 53 49 13 54 12 46 12 38 32 12 28 13 33 35 22 14 36 31 32 26 42 53 44 10 25 16 36 17 15 35 37 49 25 22 5 44 44 31 46 46 12 45 36 29 34 41 36 44 48 10 10 14 38 39 35 58 39 42 13 15 45 15 18 25 44 21 40 46 60 27 32 13 35 42 27 36 12 28 24 22 48 45 44 17 46 42 29 40 42 35 11 32 6 52 30 30 28 39 8 9 38 12 5 45 34 17 15 7 20 35 28 30 47 13 32 42 19 17 35 29 40 42 18 40 44 12 17 51 30 15 10 29 45 26 48 28 25 45 20 32 28 14 35 12 16 31 41 25 27 55 22 15 14 24 11 41 6 48 8 41 40 15 39 10 1 5 44 27 34 22 35 38 14 25 37 15 45 41 54 42 34 25 14 22 22 17 35 43 20 10 8 40 28 44 18 11 33 56 29 51 42 14 18 29 35 38 31 13 36 25 18 16 35 46 19 19 35 22 39 7 52 18 38 47 25 26 14 49 57 13 46 42 39 13 43 40 35 19 34 40 12 28 43 45 54 14 28 47 40 28 32 19 32 44 10 38 51 27 47 34 44 32 31 58 10 18 44 29 33 58 23 11 10 12 26 37 4 34 45 29 43 19 16 35 35 13 34 13 25 40 30 32 45 15 21 27 46 37 15 44 42 51 53 39 35 14 41 38 42 14 42 53 35 38 24 40 14 40 44 36 39 50 16 40 18 16 47 45 36 38 44 40 10 24 10 43 30 16 45 35 53 35 24 20 41 41 45 21 27 11 27 27 53 8 31 10 40 50 18 34 46 33 41 23 19 13 14 37 12 27 20 14 30 23 19 23 46 3 39 36 36 41 50 24 24 44 39 48 46 45 10 49 15 46 20 41 17 36 28 26 8 31 46 48 40 49 32 25 32 44 13 32 30 46 43 35 24 5 16 44 15 31 29 33 35 44 52 17 40 21 43 59 15 22 25 17 39 43 39 20 3 36 38 37 7 41 33 20 11 38 16 15 21 43 46 33 38 40 27 32 45 13 12 47 39 27 20 16 61 18 50 50 44 26 35 50 30 16 16 30 13 25 29 25 7 48 13 51 12 8 37 8 14 40 32 30
18 68 51 49 18 14 15 25 52 41 56 38 46 42 41 33 20 33 8 49 15 58 41 9 45 46 37 15 39 46 35 13 44 8 14 38 22 27 18 56 24 48 62 59 53 15 4 0 8 13 12 26 47 59 24 37 41 41 30 37 48 31 56 6 52 14 27 4 34 47 35 30 26 13 30 29 39 46 56 52 14 58 8 49 9 41 33 9 31 13 36 38 25 14 40 33 34 27 45 57 47 13 27 19 39 20 14 39 41 52 28 24 8 47 46 34 49 48 13 49 37 32 36 43 39 48 51 14 13 12 39 42 38 61 42 45 11 18 49 18 22 28 45 24 43 49 63 29 36 11 38 44 28 37 9 32 27 23 51 47 48 18 49 43 31 42 46 39 9 35 9 55 33 33 31 42 12 10 39 16 3 48 35 17 13 9 21 37 31 33 49 16 32 45 23 14 38 32 42 44 21 44 47 12 20 54 32 17 11 31 48 28 52 32 28 48 24 35 32 15 39 16 18 33 44 28 31 58 26 13 15 27 8 43 10 51 9 44 43 12 42 9 4 2 48 31 36 26 36 41 18 26 39 13 49 42 58 46 36 28 17 22 23 19 38 46 22 11 11 42 30 46 17 7 36 60 32 54 45 12 22 33 39 41 35 15 39 28 22 19 37 50 21 20 37 24 42 5 56 18 42 50 29 30 15 52 60 10 49 46 42 9 46 43 38 21 37 43 12 31 47 47 57 16 30 51 44 30 34 20 36 46 13 41 54 31 50 36 47 35 34 62 10 20 46 30 37 61 27 13 9 13 30 40 6 35 49 32 45 22 16 37 38 10 37 9 28 41 33 35 49 18 24 28 49 41 12 48 44 54 56 41 37 13 44 39 45 12 46 56 37 40 25 44 17 44 48 40 42 54 15 43 21 13 50 48 38 40 48 43 12 27 11 46 31 15 47 38 57 39 25 20 45 45 48 25 30 14 29 30 56 8 32 12 41 53 21 37 49 35 44 25 23 11 10 39 16 30 23 17 32 25 22 24 49 6 43 39 39 44 54 26 26 48 43 51 49 48 13 53 19 49 16 44 17 38 31 29 11 34 49 51 43 53 34 26 35 48 13 36 31 50 47 37 26 1 16 47 11 34 30 36 38 48 56 19 44 25 46 63 17 25 26 18 41 45 42 21 5 38 41 40 5 44 36 22 10 41 13 12 25 46 50 37 42 44 30 36 46 9 8 49 42 31 17 20 65 20 54 53 48 28 37 54 32 15 15 33 14 27 31 27 8 51 14 54 9 5 39 6 17 43 33 32
24 63 54 41 18 10 7 29 47 37 52 36 47 34 44 26 14 25 8 42 10 53 40 5 42 38 29 22 40 38 29 10 36 16 21 31 23 27 16 52 24 50 57 54 48 22 7 8 0 6 18 19 44 54 26 30 43 41 22 29 42 23 51 5 45 8 20 6 26 49 32 30 24 7 22 25 32 41 51 46 6 53 12 50 14 35 25 16 25 19 30 30 21 21 39 36 38 19 40 51 42 15 20 11 32 14 22 32 36 48 27 16 6 47 38 30 45 41 18 46 30 34 37 46 37 44 44 8 5 11 31 37 38 56 39 39 9 15 43 20 18 21 37 17 43 49 58 21 31 19 33 36 33 29 17 27 22 15 45 39 43 24 42 35 23 34 40 38 8 27 13 49 26 26 33 41 8 16 31 15 11 44 27 10 21 2 13 29 25 29 51 16 25 45 20 22 39 34 34 36 23 42 45 6 13 48 24 20 17 23 46 32 49 27 29 41 19 35 30 21 38 13 22 26 36 22 30 53 24 21 20 19 14 35 8 45 14 45 37 15 37 4 8 10 44 29 28 22 28 40 15 19 42 21 43 34 54 46 39 21 17 15 16 11 40 38 24 4 7 34 34 38 12 11 35 54 26 48 46 20 17 31 33 35 30 20 31 26 20 19 29 48 24 25 29 28 37 5 52 13 40 48 28 27 7 47 54 15 49 45 34 13 45 46 31 13 37 37 5 23 41 50 51 8 22 47 44 22 27 12 32 38 13 41 51 26 45 28 39 37 33 57 17 23 38 22 36 56 24 6 7 5 24 39 10 27 47 25 37 15 22 38 32 12 30 15 23 33 31 35 46 21 25 20 44 34 12 46 47 48 50 44 29 9 46 31 44 20 42 52 29 32 30 40 20 41 45 33 37 50 10 35 22 21 43 40 30 33 42 36 17 24 3 39 23 11 39 40 53 35 17 14 41 43 40 23 29 6 33 27 51 15 24 4 33 47 14 37 44 38 46 27 17 10 18 31 17 33 17 17 35 17 17 29 51 6 40 36 34 38 48 19 18 43 41 49 51 48 10 46 14 49 23 42 11 30 23 22 6 36 42 49 43 47 37 31 33 43 20 31 23 44 43 30 29 9 10 44 18 32 23 37 37 48 52 12 37 21 39 57 9 28 18 11 33 48 34 13 5 41 39 40 6 38 37 14 7 41 20 19 22 43 49 32 36 41 22 33 38 14 15 52 35 27 23 15 59 12 49 47 43 32 29 50 35 23 11 34 6 19 23 19 14 44 19 48 13 10 31 6 18 36 26 36
29 57 51 40 15 5 7 27 41 31 47 31 43 32 42 21 8 24 14 37 5 48 35 5 36 34 25 27 36 36 23 16 34 19 26 26 19 24 11 46 20 47 51 48 42 24 10 13 6 0 24 14 38 49 23 25 39 36 20 25 37 22 45 10 40 12 20 9 25 46 26 26 19 11 20 20 30 35 45 40 6 48 18 46 20 29 24 21 20 20 25 26 15 22 34 34 36 19 34 45 36 14 16 7 27 8 24 27 30 43 22 13 5 42 35 24 39 36 19 41 29 31 33 43 32 38 39 2 3 16 30 32 33 50 33 33 14 9 37 17 13 16 36 12 38 44 52 18 26 22 27 34 31 28 21 21 17 15 39 37 37 24 37 34 20 31 35 33 14 23 13 44 21 21 30 35 5 18 31 11 14 38 26 12 24 5 12 27 20 23 48 12 25 40 15 26 35 32 32 33 20 37 39 11 8 43 22 19 18 20 40 30 43 21 26 36 13 30 25 21 33 9 20 21 32 16 25 47 18 24 21 16 19 32 6 40 16 42 32 20 31 10 11 14 38 24 25 16 27 34 10 20 39 24 38 33 48 41 37 16 14 17 17 8 37 34 21 9 3 32 32 35 16 17 29 49 20 42 43 23 11 27 27 29 25 19 26 21 15 16 26 43 22 25 26 27 31 11 46 17 35 43 23 22 9 41 49 20 44 40 30 18 40 43 26 11 33 31 9 20 35 46 46 6 19 42 40 19 22 11 27 35 11 37 45 21 39 25 35 33 29 51 19 21 35 21 31 50 19 2 13 8 18 34 12 25 42 20 33 9 23 34 26 18 25 20 17 32 26 31 41 19 22 19 38 29 18 41 45 42 44 41 26 14 43 30 40 23 36 46 27 30 29 34 18 36 39 28 31 45 15 31 19 25 38 36 28 29 36 31 17 19 5 34 23 16 36 37 48 29 18 17 35 38 36 18 24 3 32 21 45 17 25 4 32 42 9 32 38 36 43 23 11 15 22 28 14 30 11 14 32 13 12 29 48 8 34 31 28 32 42 14 16 37 35 44 47 43 5 41 8 44 28 37 15 27 19 17 2 33 37 43 38 41 34 30 28 37 21 25 24 38 37 25 27 13 13 38 23 27 22 34 32 43 46 7 32 15 34 51 8 26 16 12 30 44 30 14 8 38 33 36 12 32 34 10 12 36 25 24 17 37 44 26 30 35 18 28 36 20 20 48 30 21 29 10 54 10 43 42 37 29 27 45 33 25 15 31 8 16 21 18 15 39 19 42 19 15 28 12 15 31 25 34
6 80 58 56 28 25 25 32 64 52 67 48 54 50 48 43 31 41 13 60 27 70 51 20 56 55 46 4 47 54 46 17 52 11 3 49 31 36 29 67 34 55 73 70 64 18 15 12 18 24 0 37 58 70 32 48 49 50 38 47 60 39 68 14 63 20 34 15 42 54 46 39 36 20 39 40 46 57 68 63 24 69 8 57 5 52 39 5 42 18 47 48 37 18 50 40 40 35 56 68 58 22 38 29 50 31 16 50 52 64 39 34 20 57 54 46 61 58 20 60 44 40 45 51 50 59 62 25 23 15 47 54 48 73 54 56 15 30 60 26 33 39 52 35 52 59 75 39 47 10 49 52 34 45 5 43 39 31 62 55 59 22 60 50 39 51 57 49 14 45 18 67 44 44 39 52 23 16 46 27 12 60 43 25 13 19 31 45 42 44 57 27 39 54 34 8 46 38 50 53 29 54 58 19 31 65 40 25 18 40 59 35 63 43 36 59 35 44 43 20 49 27 26 44 54 39 41 70 37 10 20 36 5 51 21 63 16 52 54 8 54 17 15 10 59 42 44 37 44 51 29 32 46 11 60 49 69 54 43 39 27 28 29 29 46 56 32 19 23 50 36 54 22 9 47 71 44 65 53 11 33 43 50 52 46 22 49 39 33 29 46 60 29 26 47 30 54 13 67 22 52 61 39 41 23 63 71 6 58 56 52 9 56 49 48 29 46 54 20 40 58 55 69 25 39 62 52 39 45 30 47 54 23 49 65 42 61 46 57 43 45 73 15 28 54 38 47 73 38 24 15 21 41 51 17 44 59 43 54 32 20 46 49 10 48 4 40 48 44 43 59 26 32 36 61 52 13 58 51 65 67 47 47 17 51 47 55 10 57 68 45 48 30 55 25 55 59 51 54 65 21 53 30 10 61 58 46 50 59 54 20 39 21 56 38 19 56 45 68 50 31 25 56 55 57 35 41 24 35 41 68 15 38 22 48 64 31 46 61 41 52 34 34 15 2 48 26 36 34 27 40 35 34 29 56 17 54 50 51 55 65 37 34 59 54 61 57 57 25 64 30 58 5 55 23 48 41 39 22 42 60 62 53 64 41 31 46 59 18 47 37 61 58 48 32 11 23 58 1 45 38 44 49 56 67 30 55 36 56 74 25 32 35 26 49 52 52 29 16 45 52 48 13 55 44 32 16 50 3 4 36 57 59 48 53 55 40 47 55 5 4 56 53 42 5 31 76 28 65 64 59 35 45 65 39 16 20 41 22 36 39 35 16 62 20 65 6 9 47 13 26 54 40 39
43 47 55 31 23 14 13 36 30 24 40 29 45 23 47 7 9 17 25 24 12 37 34 18 31 22 13 40 39 26 14 25 24 32 39 13 26 29 17 38 25 50 42 38 32 36 23 26 19 14 37 0 33 39 31 12 43 37 13 11 25 15 34 23 27 21 19 23 17 51 21 29 20 20 11 18 23 27 35 28 14 39 30 48 33 17 19 34 10 33 14 12 13 34 33 41 44 16 24 34 26 26 3 8 14 8 37 14 22 35 23 6 19 41 24 17 30 23 31 36 21 36 37 47 29 31 26 14 14 27 22 23 33 39 27 21 25 14 27 27 14 4 27 4 40 42 42 5 19 35 17 25 40 20 35 15 12 15 28 27 29 36 23 26 12 18 24 32 25 9 26 32 8 8 36 34 17 31 24 19 27 30 19 17 37 18 10 17 12 17 52 20 21 40 16 39 38 39 23 20 29 34 35 20 7 30 15 29 30 8 36 39 38 14 31 22 10 33 24 34 32 17 31 8 18 5 25 36 20 37 33 7 32 20 19 28 29 45 21 33 21 21 24 28 32 23 14 13 20 33 15 20 45 37 27 25 40 43 44 2 23 20 18 8 42 21 28 19 16 22 40 24 22 29 29 37 9 29 46 36 11 28 17 19 19 31 13 20 18 23 14 40 32 35 13 37 21 24 39 23 32 39 24 20 16 30 37 33 44 38 16 30 37 49 12 11 35 19 19 9 25 50 34 13 9 35 41 8 9 10 22 23 22 40 39 15 28 12 22 38 29 41 32 30 25 15 30 39 18 13 24 17 10 32 25 15 39 7 21 5 36 37 14 30 12 34 9 24 24 34 37 29 29 15 28 17 29 38 50 30 33 48 13 23 48 21 39 36 29 38 18 20 39 29 28 32 32 15 20 39 22 17 26 39 25 23 20 16 24 17 29 18 16 20 19 24 23 43 40 23 18 22 28 35 23 20 24 13 40 18 34 30 21 16 25 30 6 34 27 43 47 29 9 26 36 16 23 38 5 22 39 4 10 39 52 21 29 26 18 20 32 1 11 28 31 40 50 43 15 28 11 43 41 34 21 14 6 3 16 38 23 38 38 29 40 40 26 28 33 17 21 26 32 12 36 27 19 31 36 25 17 39 30 44 40 8 19 14 20 40 13 35 10 16 18 49 16 15 22 43 29 38 25 21 38 5 23 36 38 37 17 30 42 18 21 31 4 25 24 32 33 53 17 18 42 13 43 12 34 30 27 38 19 38 40 38 24 36 16 8 14 14 28 26 32 30 32 29 17 24 25 18 19 41
63 27 36 58 31 35 42 36 19 10 10 11 25 51 35 31 31 49 51 29 34 19 13 40 2 43 39 61 24 52 20 53 51 49 60 26 29 26 30 11 26 31 18 17 14 47 43 47 44 38 58 33 0 15 31 28 28 18 44 32 20 46 21 48 30 50 51 44 48 34 13 23 22 49 42 19 52 10 16 22 42 13 54 26 55 23 50 54 23 44 20 31 23 46 14 34 37 48 15 22 14 38 35 36 29 32 49 25 13 8 20 38 40 16 49 17 11 37 42 4 51 28 23 32 9 6 28 36 40 54 51 12 16 22 7 21 52 30 16 34 26 29 56 32 20 15 23 36 15 52 18 52 38 50 54 19 23 46 20 52 9 44 31 55 43 40 15 14 51 31 41 24 28 27 30 12 36 45 54 32 46 8 49 47 51 42 42 47 22 17 32 32 53 17 25 57 24 32 50 43 32 9 5 48 34 25 46 37 43 38 5 36 6 19 27 30 26 20 16 44 13 32 37 32 31 28 18 21 22 53 42 39 54 44 38 22 43 28 18 57 15 48 44 48 4 17 43 23 50 12 30 52 33 52 14 55 12 21 34 33 32 52 50 38 29 38 30 46 38 49 36 48 52 53 14 23 25 26 28 52 27 18 19 18 15 40 30 19 26 30 42 10 35 40 38 38 16 48 10 53 10 8 20 17 45 16 24 56 19 13 33 55 11 36 29 43 20 22 47 39 16 32 23 41 40 4 21 38 32 42 12 47 35 24 8 19 16 38 38 27 17 19 46 35 50 47 14 23 21 39 50 45 24 11 42 44 10 28 43 33 45 23 24 55 30 56 24 53 15 23 7 35 30 47 15 22 56 9 36 23 22 36 37 51 33 50 15 52 6 12 48 49 41 4 36 6 2 23 18 7 51 31 30 54 28 39 49 38 21 30 40 20 43 30 51 53 45 32 11 10 50 53 5 9 40 23 18 40 38 18 20 45 53 42 54 21 35 19 17 36 30 28 28 53 56 43 33 33 31 31 31 37 27 41 34 42 5 8 17 25 17 32 43 11 6 10 30 19 35 26 31 18 62 7 51 38 34 33 39 29 33 5 16 23 32 40 13 12 45 17 53 21 2 32 35 48 49 3 57 14 49 27 12 21 9 37 25 24 34 24 43 35 42 47 44 34 30 47 43 31 7 22 48 20 26 37 50 17 58 57 23 3 14 16 14 4 33 12 48 56 55 35 32 17 63 29 25 43 12 20 14 35 49 8 33 49 53 27 44 40 45 46 43 26 42 28 55 51 44 49 33 25 51 35
76 12 50 59 44 46 51 51 13 18 9 26 39 53 49 35 41 53 62 25 45 6 27 52 16 42 41 74 38 52 26 63 52 62 72 29 44 41 42 5 40 45 3 3 8 61 55 59 54 49 70 39 15 0 46 31 42 32 49 35 18 51 11 58 25 59 57 55 52 48 25 38 35 58 47 31 55 14 6 16 51 2 65 40 67 25 55 66 30 57 26 34 34 60 29 49 52 53 16 13 14 51 41 45 31 41 62 28 19 8 34 44 51 29 49 25 10 35 55 17 54 43 38 46 24 12 23 47 50 64 54 17 31 8 18 20 62 41 14 48 38 36 57 39 34 28 9 41 24 65 23 53 53 52 66 28 32 53 15 52 12 58 28 57 48 41 16 29 62 35 54 16 33 32 45 26 48 58 57 44 59 11 53 55 64 53 49 49 30 26 46 44 58 31 37 70 39 47 52 43 47 24 19 58 43 17 51 50 56 43 18 51 13 28 42 27 36 35 30 58 28 44 51 36 31 35 32 9 34 66 56 45 66 45 50 17 56 42 20 68 19 58 56 60 13 30 46 34 54 26 42 58 47 66 13 57 6 35 49 39 45 59 57 46 43 36 44 56 49 51 51 48 61 65 28 10 31 20 42 65 38 32 23 21 25 54 32 32 38 44 44 22 49 55 40 53 19 59 8 62 25 20 34 30 54 11 12 68 32 27 34 66 25 50 32 50 35 23 56 44 16 45 13 50 45 13 35 43 36 49 24 46 48 38 13 29 12 41 37 42 31 4 59 49 50 52 29 11 33 49 61 54 31 26 54 47 22 33 42 41 59 38 27 66 33 68 33 55 29 37 20 49 44 52 13 24 66 22 50 16 14 50 39 61 47 53 29 66 14 4 50 51 56 17 50 20 13 26 20 12 61 31 44 68 24 37 52 39 19 30 54 32 53 28 56 62 44 47 7 21 56 61 15 23 38 36 32 49 52 29 10 58 58 52 57 14 43 34 13 50 44 42 38 63 69 45 47 48 39 44 46 43 37 56 48 53 18 21 22 25 10 38 49 12 21 21 44 32 46 20 41 31 74 22 60 40 39 39 50 44 30 14 30 17 46 55 27 12 59 24 58 17 15 35 50 60 58 14 69 28 54 42 26 35 10 45 25 35 32 10 52 49 48 55 46 48 31 54 55 45 22 36 60 21 41 44 60 31 71 69 35 14 27 23 19 19 38 26 48 67 67 49 32 29 75 40 11 50 6 13 13 50 51 9 48 63 62 42 54 46 50 51 56 22 56 21 67 63 46 60 47 26 55 50
36 57 28 61 9 20 30 6 44 30 40 20 23 53 19 35 23 46 30 47 21 48 21 22 30 52 43 34 16 56 30 35 54 22 33 37 5 5 15 42 7 25 49 47 42 17 21 24 26 23 32 31 31 46 0 37 18 19 41 39 42 43 48 28 50 34 43 22 46 24 23 9 13 33 41 19 52 35 45 45 29 44 32 25 31 38 47 28 28 14 32 40 20 16 20 11 13 42 36 48 38 12 34 27 39 24 19 37 31 38 13 33 21 26 55 27 38 51 13 32 50 9 14 20 23 34 48 22 25 35 51 33 18 51 29 40 33 17 40 7 18 29 57 28 20 28 52 36 27 24 32 55 10 49 27 24 23 38 43 57 35 13 48 55 41 48 37 19 32 37 16 49 34 33 8 23 19 17 52 13 22 36 48 34 22 24 34 47 27 25 26 12 48 23 16 28 15 9 53 50 4 25 29 31 26 48 44 8 15 39 31 8 35 26 5 47 22 14 17 14 20 15 7 37 44 29 14 49 14 24 13 36 30 50 19 45 17 21 37 35 34 30 21 24 33 16 44 21 49 22 16 43 16 23 39 55 43 23 14 33 10 40 40 29 15 49 4 30 21 52 9 54 37 31 18 50 31 49 22 23 20 14 34 35 25 11 39 16 14 8 45 30 4 10 43 8 35 27 40 38 23 32 13 18 32 43 51 32 27 25 44 33 26 20 38 34 15 39 31 39 38 24 49 29 39 35 21 38 37 33 24 53 13 18 37 23 41 42 50 12 15 49 18 5 55 43 18 52 16 25 31 30 27 22 18 45 29 33 51 27 15 15 36 33 39 31 26 54 18 12 30 6 2 42 40 36 35 29 22 47 48 19 43 34 21 51 24 24 33 43 48 50 11 29 7 27 33 37 36 37 36 43 5 26 47 51 49 45 42 43 13 17 27 45 46 36 53 15 42 27 41 39 31 26 51 14 14 26 10 20 47 18 47 27 54 46 28 15 41 13 21 4 22 34 30 47 10 8 26 10 9 33 21 11 26 21 28 25 33 42 44 30 37 37 26 32 26 26 19 48 21 27 35 26 37 44 36 34 22 11 49 34 22 46 12 11 20 37 16 29 47 43 32 40 6 24 35 32 31 18 44 13 20 25 40 28 41 19 47 52 31 4 38 35 49 22 42 37 23 15 25 17 27 39 12 30 31 20 31 29 16 32 29 29 33 28 35 21 55 31 30 26 43 21 36 19 54 33 42 45 38 7 49 38 10 19 36 9 30 36 43 40 16 47 13 50 32 28 47 28 9 41 47 11
54 36 57 31 31 25 25 43 19 18 33 28 46 24 51 5 18 23 37 12 23 27 33 29 26 17 12 52 41 25 10 37 24 43 50 2 33 34 25 31 30 52 33 29 24 46 34 37 30 25 48 12 28 31 37 0 45 37 19 5 14 21 23 34 16 32 27 34 21 53 20 33 25 32 17 20 25 20 26 17 25 31 41 49 44 7 25 45 10 42 8 4 18 44 33 46 49 24 16 23 17 35 12 19 2 18 46 3 16 28 26 16 30 40 22 14 22 14 40 31 25 40 39 50 27 24 15 24 25 38 24 16 34 29 22 11 36 23 18 35 21 10 28 14 40 40 32 12 15 46 11 25 46 23 46 14 15 24 18 25 22 45 12 28 18 13 15 32 37 5 35 21 5 5 41 33 27 41 27 28 38 23 23 28 47 29 20 20 11 15 53 29 28 39 22 50 40 44 23 16 36 33 31 32 17 19 21 37 40 13 32 45 32 13 36 11 16 35 25 43 32 26 39 6 7 10 28 26 24 48 42 15 44 17 29 17 39 47 11 44 14 33 35 39 26 25 16 17 24 32 24 28 48 48 19 27 33 43 48 10 30 30 27 20 45 13 34 30 26 22 46 21 33 41 29 27 7 18 48 47 19 30 9 11 17 40 3 23 24 31 15 36 39 44 11 44 13 35 32 34 31 35 27 22 27 21 26 44 43 37 7 42 35 52 2 22 37 9 30 14 16 52 23 24 15 30 42 13 6 21 20 20 31 42 34 15 19 11 13 42 31 32 42 38 23 22 30 28 22 25 35 28 11 31 35 17 36 6 16 16 45 40 5 41 3 45 12 25 25 37 34 37 35 22 19 7 40 35 53 19 22 51 10 34 51 23 38 47 23 29 21 21 47 24 36 29 27 5 12 33 33 6 33 49 13 14 22 10 13 7 38 21 28 9 26 35 18 47 33 19 26 32 23 33 15 24 26 24 47 20 24 40 28 27 27 19 17 36 18 48 49 35 17 37 47 15 32 43 14 29 43 15 18 47 54 32 25 23 11 8 22 11 19 21 29 37 52 42 25 17 20 42 52 31 32 10 9 10 27 42 13 32 37 18 45 47 25 20 43 13 28 16 26 5 42 38 30 26 48 25 24 42 29 44 33 19 8 19 11 30 25 41 18 27 17 52 5 25 33 47 27 40 36 11 41 17 35 37 49 48 22 25 40 13 14 27 9 25 21 44 44 55 7 19 53 21 32 23 26 20 18 44 22 31 45 47 35 40 27 16 20 22 38 15 41 18 43 40 16 36 32 7 25 47
52 53 13 73 25 35 45 18 45 32 34 19 6 66 8 45 36 60 47 52 36 46 16 38 28 62 54 51 5 68 36 52 66 39 50 44 20 16 29 37 20 8 44 44 41 32 38 41 43 39 49 43 28 42 18 45 0 10 55 49 45 57 48 45 54 50 58 39 59 8 27 14 23 49 54 26 65 35 44 47 45 40 49 9 48 43 60 45 36 31 38 49 30 32 15 11 13 56 39 49 39 29 46 41 47 38 34 44 34 35 20 46 37 14 66 32 38 58 30 26 64 10 7 5 21 33 52 37 41 52 64 35 13 49 29 44 50 31 41 24 30 40 70 40 9 17 50 48 31 40 37 67 17 62 44 32 32 53 45 69 35 28 53 68 54 58 40 15 49 47 33 50 43 43 10 16 35 34 66 29 39 35 61 50 37 41 48 60 35 31 9 27 62 12 28 44 5 11 65 60 21 19 24 48 40 50 57 25 32 51 25 15 29 33 14 52 33 11 21 30 16 30 23 47 51 39 18 47 24 40 29 49 47 61 35 48 34 3 41 52 37 46 38 41 30 21 56 31 62 17 31 58 6 39 40 68 37 9 9 44 26 56 55 43 4 57 19 46 37 64 15 65 54 48 18 49 40 52 4 39 33 16 39 39 30 28 48 23 26 24 56 22 20 24 54 20 38 44 35 55 19 24 20 24 48 43 51 50 13 16 52 50 18 8 47 49 9 44 47 51 41 8 50 44 51 30 8 50 48 48 26 64 30 4 31 31 42 53 58 7 15 45 35 22 66 57 16 51 25 40 48 46 36 18 35 57 20 43 61 40 30 6 43 50 47 47 36 66 21 9 23 24 18 56 41 42 52 21 9 49 49 9 53 50 6 63 14 40 32 39 61 63 21 28 25 22 30 43 40 31 52 51 21 41 51 59 62 55 45 50 30 26 44 51 60 53 63 6 36 29 56 56 30 20 60 24 20 42 16 26 47 34 62 43 67 47 41 10 42 11 4 16 35 51 47 58 26 13 39 26 10 46 33 22 10 38 27 25 37 47 44 42 51 37 23 23 9 13 35 51 34 14 51 21 53 54 47 45 38 7 55 28 13 48 8 20 21 38 32 34 61 46 28 49 17 41 51 29 48 21 59 6 18 10 33 42 46 29 55 51 47 18 51 51 60 7 50 52 40 5 23 7 44 43 6 44 48 11 48 46 26 30 17 34 36 25 46 22 65 49 46 10 51 27 52 32 52 48 40 46 39 15 61 33 11 34 53 9 46 50 56 54 34 50 30 53 49 45 59 45 25 47 61 12
55 43 21 67 24 32 42 23 35 22 25 10 9 59 18 38 32 54 47 43 32 36 6 37 18 54 47 53 7 61 28 51 59 40 52 36 20 15 26 27 18 15 34 34 31 36 38 41 41 36 50 37 18 32 19 37 10 0 49 41 35 51 38 43 45 48 53 39 53 17 18 12 18 47 48 19 59 25 34 38 41 30 49 12 48 35 55 46 29 33 30 41 24 35 5 18 21 51 29 39 29 29 40 37 39 33 38 35 25 25 15 41 36 7 58 24 28 50 32 16 58 13 7 15 11 23 42 34 38 51 58 25 4 39 19 35 49 27 31 24 25 34 63 34 3 9 40 42 23 42 28 60 23 56 45 24 26 49 35 61 25 32 44 62 49 50 30 5 47 39 33 40 36 35 15 6 33 35 60 27 39 25 55 47 40 39 44 54 27 22 17 25 57 5 23 47 7 17 58 53 22 9 14 46 35 41 52 26 33 44 15 21 19 25 15 43 27 7 14 33 6 28 26 39 43 33 12 37 19 43 31 43 47 54 34 38 35 11 31 52 28 45 38 41 20 14 50 25 56 7 27 54 16 42 30 62 28 6 18 38 25 52 51 39 12 49 19 44 35 57 21 58 51 48 9 39 32 42 11 42 27 10 30 30 21 30 40 17 22 23 50 13 23 28 47 25 29 44 25 52 9 14 14 17 44 33 41 50 8 7 44 50 9 18 39 44 5 34 45 45 31 16 40 41 45 20 5 44 40 43 18 56 29 6 21 23 32 46 50 11 8 35 37 23 59 51 8 41 19 37 47 43 29 8 35 50 11 35 53 35 34 6 34 50 39 49 29 60 13 8 13 25 19 51 31 33 52 12 19 39 39 19 46 49 16 57 5 43 22 29 54 56 27 18 26 12 20 34 30 22 50 42 21 44 42 51 56 47 36 42 31 20 41 42 55 51 55 15 27 20 52 53 20 10 51 19 13 38 23 19 37 36 57 40 61 37 36 5 32 19 13 16 29 50 48 51 26 18 33 25 15 40 28 27 18 37 17 16 28 38 34 36 46 27 13 14 15 7 32 41 30 9 53 11 50 46 40 39 36 13 46 19 3 39 15 26 13 28 35 25 56 36 18 42 21 41 48 19 49 13 53 11 9 8 24 38 37 24 46 41 43 21 46 47 53 17 41 48 39 14 13 5 44 34 10 39 47 1 50 48 21 20 10 25 27 15 39 13 58 49 48 19 43 20 54 28 42 44 30 36 29 20 55 23 18 38 51 12 43 44 50 49 34 41 32 43 49 45 52 45 25 38 56 19
43 55 67 21 33 22 15 46 38 35 51 41 57 13 58 15 19 5 26 28 21 46 46 23 42 18 10 41 50 17 25 23 15 37 40 21 37 40 27 49 36 62 51 47 42 43 28 30 22 20 38 13 44 49 41 19 55 49 0 15 33 3 42 25 32 19 9 27 5 62 33 41 32 19 3 30 11 37 44 36 16 49 30 60 34 25 7 37 22 39 25 17 25 41 45 52 54 5 34 41 36 34 10 15 19 17 42 22 33 45 35 9 25 53 16 28 40 23 38 47 10 47 48 59 41 42 31 21 18 25 11 34 45 48 38 29 23 25 36 36 25 16 17 15 52 54 50 9 30 40 28 15 50 9 38 27 24 8 36 18 39 43 27 15 2 15 34 44 25 15 32 39 16 17 47 46 24 37 12 29 32 40 7 14 42 22 9 8 23 29 63 30 10 52 28 43 50 49 13 16 39 46 47 20 15 37 3 38 37 7 48 49 49 25 42 27 22 44 36 41 44 26 39 14 22 17 37 44 31 42 40 6 34 14 25 35 35 57 30 32 32 22 29 32 43 35 7 25 8 45 25 10 56 42 37 14 51 55 54 12 32 13 10 13 53 20 38 20 22 13 50 17 18 30 41 45 20 35 58 41 23 40 27 29 31 39 19 32 29 33 9 51 41 44 11 46 31 26 49 19 45 51 36 32 16 39 45 33 56 50 19 30 50 60 18 10 47 27 19 6 34 62 41 15 4 47 53 6 14 10 34 17 30 52 51 27 37 10 21 49 41 51 37 40 17 3 42 46 30 19 24 17 21 44 31 7 51 17 17 15 43 49 23 29 17 35 21 13 36 46 49 38 40 4 37 26 27 50 61 37 40 58 12 21 59 10 51 41 40 48 8 11 48 40 37 44 44 24 30 50 19 21 36 43 30 22 9 15 32 22 36 30 19 25 7 21 19 54 51 34 9 16 40 47 21 31 36 17 50 30 42 35 9 19 13 37 14 46 36 54 58 40 20 25 38 10 32 48 16 31 49 9 22 48 64 26 40 38 28 26 41 13 5 39 43 52 62 55 23 34 21 56 42 46 17 13 10 12 22 49 26 49 50 36 51 49 38 38 40 28 10 34 43 16 46 31 16 43 38 37 5 50 42 56 51 14 26 26 23 48 14 44 4 13 12 61 21 10 26 54 41 50 27 29 49 11 23 48 40 40 29 42 54 29 31 43 12 37 18 33 35 64 20 30 42 23 50 11 44 38 37 48 8 49 50 43 20 47 16 5 2 4 34 32 39 35 32 31 10 26 34 25 7 52
53 40 60 27 32 25 23 45 23 22 37 32 49 20 54 4 19 19 35 14 23 31 37 29 30 14 8 51 44 21 13 35 20 43 49 7 35 36 26 35 32 55 37 33 28 47 34 37 29 25 47 11 32 35 39 5 49 41 15 0 18 17 27 33 17 30 23 33 18 56 23 36 27 30 13 23 21 24 30 21 24 34 40 52 43 10 21 45 13 43 12 2 20 45 37 48 51 20 20 26 22 35 10 19 5 18 47 8 20 32 29 14 29 44 18 18 26 13 41 35 21 43 42 53 31 28 17 24 24 36 20 20 37 33 26 15 34 24 22 36 22 11 24 14 44 44 35 9 19 46 15 21 48 19 45 18 17 21 21 21 26 46 13 24 14 10 20 36 35 2 36 24 6 6 43 37 27 41 23 29 38 27 18 25 47 28 18 16 14 19 57 30 24 43 24 50 44 46 19 13 37 36 35 30 17 22 17 39 41 9 36 47 36 16 39 13 18 38 28 44 35 27 40 4 8 11 31 30 26 48 42 13 43 13 29 20 39 50 16 42 18 31 35 38 30 28 12 19 20 36 25 25 51 48 22 23 37 46 51 9 32 27 24 18 48 11 36 29 26 18 48 18 31 39 32 30 9 21 51 47 20 33 13 15 20 41 4 26 25 32 11 40 40 45 7 45 17 34 36 32 35 39 30 25 25 25 30 43 47 40 6 40 39 55 3 20 40 13 29 10 19 55 26 22 12 34 45 10 3 19 24 16 31 45 38 18 23 7 12 44 34 36 42 39 19 18 34 32 24 24 34 27 13 35 35 13 40 7 13 16 46 43 9 40 2 44 13 21 28 40 38 38 37 19 23 12 38 39 56 22 25 54 6 33 54 19 42 47 27 34 17 17 48 28 38 33 31 10 16 37 31 7 34 49 15 13 18 7 17 8 39 23 26 10 22 33 15 50 37 23 23 30 27 37 13 26 29 23 49 23 27 40 24 26 23 23 16 39 22 51 52 37 18 35 46 11 33 45 15 31 46 13 19 48 58 32 29 27 15 11 26 11 16 25 32 41 55 46 26 19 20 46 51 35 29 6 7 8 26 45 13 37 41 21 47 49 29 24 44 16 24 19 31 1 44 37 28 30 47 29 20 45 33 48 37 18 11 21 10 33 23 43 15 25 13 55 6 23 32 49 31 43 35 15 44 15 33 40 48 48 24 29 44 17 18 31 7 28 17 43 43 58 6 22 52 22 36 20 29 23 23 46 18 35 47 48 32 43 26 13 16 18 38 17 42 20 42 39 12 34 34 10 21 49
65 22 55 41 37 35 38 48 6 14 22 26 44 36 51 19 29 36 49 9 33 14 30 40 19 25 25 63 41 35 14 50 35 53 62 13 38 38 33 19 35 50 19 15 11 54 45 48 42 37 60 25 20 18 42 14 45 35 33 18 0 34 9 46 10 45 41 45 35 52 19 35 29 45 31 24 37 11 12 4 38 18 54 46 56 9 38 56 18 50 13 17 25 52 31 49 52 37 7 9 7 43 26 32 14 29 55 12 12 17 30 30 40 36 32 16 10 18 48 24 38 43 39 49 25 15 8 35 37 51 36 11 33 15 17 4 49 31 5 41 28 22 40 26 38 35 18 26 16 56 11 36 51 36 57 19 22 38 4 35 13 52 11 40 32 24 6 31 49 19 45 8 18 17 44 30 37 50 40 36 49 13 36 41 56 41 34 33 18 18 51 36 41 36 28 61 40 47 35 26 41 28 25 45 29 7 34 44 49 27 25 49 23 18 40 11 25 35 26 51 30 34 45 20 14 21 29 12 28 58 50 29 55 28 39 4 48 46 6 56 8 45 46 50 18 27 29 24 37 29 32 42 49 57 7 40 21 40 50 24 38 44 41 33 45 19 39 43 38 34 50 31 47 53 28 13 17 7 46 56 27 31 10 8 18 47 15 27 30 37 28 30 44 50 24 49 8 47 21 48 27 28 30 25 40 8 13 56 39 32 17 54 31 53 15 35 36 6 43 28 5 50 10 37 29 21 39 27 19 35 20 29 39 41 24 19 6 24 20 43 31 19 51 44 33 36 29 14 26 37 48 41 19 28 45 30 30 19 25 28 53 39 11 54 16 57 20 38 26 38 27 43 40 36 6 8 53 29 53 6 8 52 23 48 50 35 34 57 15 17 34 34 52 18 44 24 19 10 7 23 47 14 39 59 8 20 35 22 1 13 46 25 40 11 40 49 27 48 21 17 40 46 17 28 21 29 29 37 51 23 10 49 41 39 40 5 30 35 5 51 48 39 26 50 58 27 39 47 26 37 46 28 27 52 53 43 19 20 10 7 8 24 33 10 24 30 49 38 36 7 30 38 64 26 45 23 23 23 38 44 14 24 34 5 47 52 25 9 52 14 42 2 19 18 47 49 44 18 59 26 38 43 27 41 22 32 8 26 15 16 38 46 32 40 29 51 13 39 44 47 23 39 48 5 42 30 47 34 60 59 28 18 34 14 9 22 23 24 31 56 56 54 15 22 65 30 18 36 13 6 8 48 35 21 48 56 48 42 40 30 33 36 47 6 49 9 55 52 28 48 40 9 38 50
44 56 69 19 35 24 16 48 40 37 53 43 59 12 61 16 21 3 27 30 23 48 48 25 44 18 11 42 53 16 27 23 14 38 41 23 39 42 29 51 38 64 53 49 44 44 29 31 23 22 39 15 46 51 43 21 57 51 3 17 34 0 43 26 33 20 8 28 4 64 35 43 34 20 4 32 9 40 46 37 17 51 31 62 35 27 5 37 24 41 27 18 27 43 47 54 56 5 36 43 38 35 12 17 21 20 44 24 35 48 37 11 26 56 16 30 42 24 39 50 8 49 50 61 43 44 33 22 20 25 9 36 48 49 40 31 24 27 38 38 28 19 15 17 54 57 51 11 32 41 30 14 52 7 39 29 26 9 38 17 42 45 28 13 3 15 36 47 26 17 34 40 19 20 49 48 26 38 10 30 33 43 5 15 43 23 10 7 25 31 65 32 7 54 30 44 52 51 12 16 40 49 49 21 17 38 1 40 39 8 50 50 51 28 44 28 24 47 38 42 46 28 41 16 23 19 40 46 34 43 42 9 35 14 27 36 36 59 32 32 33 22 30 33 45 37 8 27 6 48 27 10 58 43 39 12 53 57 56 14 34 13 10 15 55 21 40 21 24 11 52 16 19 31 43 47 22 37 60 42 25 42 28 31 33 40 20 35 31 35 9 54 43 46 12 48 33 27 52 19 47 53 38 34 17 41 46 34 58 52 20 31 52 62 20 11 49 29 19 7 36 64 43 16 7 49 55 9 16 11 36 16 32 54 53 29 39 12 22 51 44 52 39 42 16 2 44 48 32 20 25 19 24 46 32 7 53 19 17 18 44 51 25 30 19 36 23 11 39 48 51 40 42 4 39 28 27 52 63 39 42 61 13 22 61 9 53 42 42 50 6 9 50 42 39 46 46 26 32 52 19 22 38 44 31 22 8 15 33 23 38 32 20 26 6 21 18 56 52 36 9 16 42 49 22 33 38 19 52 33 44 37 8 20 11 39 16 48 38 56 60 42 23 25 39 10 34 50 19 33 51 11 24 50 66 28 42 40 31 28 42 16 6 41 45 54 64 57 25 35 23 58 43 48 17 14 13 14 23 51 27 51 52 37 54 51 40 40 42 30 8 36 45 17 48 32 17 45 39 39 4 52 44 59 53 15 27 28 24 50 15 46 6 14 12 63 22 11 27 56 44 52 28 31 52 13 24 51 41 41 31 44 56 31 34 45 14 39 17 34 36 67 22 32 43 25 52 12 46 40 39 50 7 51 52 45 20 49 18 8 1 4 35 33 40 36 33 31 10 26 36 26 5 54
73 13 57 49 44 43 46 53 5 18 18 30 45 44 55 28 37 45 58 16 42 6 33 49 21 33 33 71 44 43 22 59 43 61 70 22 45 43 40 15 41 51 12 9 8 61 53 56 51 45 68 34 21 11 48 23 48 38 42 27 9 43 0 55 14 54 50 53 43 54 25 40 35 54 39 30 46 14 6 7 47 13 62 47 64 17 47 64 26 57 21 25 32 60 34 53 56 46 12 2 10 50 34 40 23 37 62 21 17 15 35 39 49 37 40 23 10 25 55 24 46 47 43 52 28 16 13 44 46 60 45 16 35 7 20 13 58 39 9 48 36 30 48 35 40 35 9 35 22 64 19 44 56 44 65 26 30 47 6 43 13 59 18 48 40 32 11 33 58 27 52 5 27 26 48 32 45 57 48 43 57 14 44 50 64 49 43 41 26 25 53 44 50 37 35 69 43 51 43 34 48 30 25 53 38 7 43 51 56 36 25 54 22 25 45 18 33 39 32 58 32 42 52 29 22 30 34 3 35 65 56 38 63 35 47 8 55 48 14 65 15 54 54 58 18 32 37 31 45 32 40 51 52 65 9 48 16 41 54 33 45 53 50 41 48 27 45 52 46 42 54 39 56 61 32 4 25 9 48 64 35 35 18 16 24 54 24 33 37 44 36 29 50 56 32 55 15 56 17 57 30 27 35 31 49 6 4 65 39 33 25 63 31 56 24 44 40 15 52 37 10 52 3 45 38 20 41 36 28 44 25 37 47 44 22 27 7 32 27 47 35 11 58 50 41 44 33 5 33 45 57 50 27 31 53 38 30 27 33 37 60 42 20 62 25 65 29 46 30 42 27 50 46 45 8 17 62 29 56 6 3 56 31 56 53 44 35 65 16 13 42 42 58 20 50 26 19 19 15 20 55 22 45 67 14 27 43 30 10 21 53 32 49 19 48 57 34 52 17 21 49 55 18 29 28 36 34 45 56 29 2 57 50 48 48 5 38 39 8 55 50 44 34 59 66 36 46 51 35 44 50 37 35 58 54 51 21 24 18 16 4 33 42 12 26 29 51 39 44 10 38 38 72 28 54 31 32 32 46 48 20 22 36 6 51 58 29 11 59 21 50 8 20 26 52 57 53 19 67 30 46 47 31 42 19 40 16 33 23 7 47 51 41 49 37 54 22 48 52 50 25 42 56 14 46 39 56 37 69 67 34 19 34 21 16 24 32 28 38 64 64 55 23 28 73 38 9 45 9 4 10 53 43 18 52 63 57 46 49 39 42 45 55 12 56 10 63 60 37 56 47 17 47 54
20 67 56 43 21 13 11 30 51 41 56 39 49 37 46 30 18 28 4 46 14 58 43 8 46 41 33 18 42 41 33 8 39 13 17 35 25 30 19 56 27 52 61 58 52 21 7 6 5 10 14 23 48 58 28 34 45 43 25 33 46 26 55 0 50 8 21 6 29 51 35 33 27 7 26 29 34 45 55 50 10 57 8 52 10 39 27 13 30 19 34 34 25 20 42 38 39 22 44 55 46 17 24 15 36 18 20 36 40 52 30 20 9 50 41 34 49 45 18 50 32 36 40 48 41 48 49 12 10 8 34 42 41 60 43 43 6 19 47 21 22 25 39 21 46 52 62 25 35 16 37 39 33 32 13 31 27 18 49 42 47 23 46 37 26 38 45 41 4 31 13 54 30 30 35 44 12 15 33 18 9 48 30 12 19 6 17 31 30 33 53 18 27 48 24 18 41 36 37 39 25 45 48 6 18 52 27 22 17 26 50 33 53 31 31 45 23 38 33 20 41 17 23 30 40 26 33 57 27 18 20 22 10 38 11 49 14 48 42 10 41 4 8 8 48 32 31 26 31 43 18 20 43 18 48 36 58 49 41 25 20 16 17 15 42 42 26 5 10 37 34 41 11 7 38 59 30 52 49 17 21 35 37 39 34 20 35 29 23 22 32 51 26 25 33 29 41 1 56 12 43 52 31 31 9 51 58 10 51 48 38 8 48 47 35 16 40 41 7 26 45 51 56 11 25 51 47 25 31 16 36 41 16 44 55 31 49 32 43 39 37 61 15 24 40 25 39 60 28 10 4 8 28 42 11 31 50 29 40 19 22 41 36 8 34 11 27 36 34 38 50 22 27 23 48 39 9 50 49 52 54 45 33 7 48 34 48 17 46 56 32 35 30 44 21 45 48 37 41 54 10 39 24 19 47 44 33 36 46 40 17 28 7 43 25 9 42 42 57 39 19 14 45 46 44 26 32 10 34 31 55 14 26 8 35 51 18 40 48 39 48 29 21 7 14 34 19 34 21 20 37 21 22 30 53 8 44 40 38 42 52 24 21 47 44 53 53 50 13 50 18 52 19 46 11 34 27 26 9 38 46 52 46 51 39 31 37 47 19 35 25 48 47 34 30 7 10 48 14 35 25 40 40 51 56 16 41 25 43 61 12 29 22 13 36 49 39 16 6 43 42 43 2 42 39 18 4 44 16 16 25 47 52 36 40 45 26 37 42 10 11 53 39 31 19 19 64 15 53 51 47 33 32 54 36 21 10 36 9 22 25 22 13 48 19 52 9 7 34 2 20 40 28 37
69 26 65 36 44 39 40 56 13 23 30 35 53 31 60 20 33 34 52 4 38 19 39 44 29 20 22 67 50 30 21 51 30 58 65 15 46 46 39 27 43 59 26 22 19 60 49 52 45 40 63 27 30 25 50 16 54 45 32 17 10 33 14 50 0 47 40 49 32 61 28 44 37 47 29 31 33 21 19 9 40 26 57 55 59 13 36 60 23 56 19 16 31 58 40 57 60 37 16 13 16 49 27 35 14 33 61 14 20 26 38 31 45 45 27 24 20 11 54 33 34 51 48 58 34 25 3 39 40 53 33 20 42 20 26 11 51 37 15 48 34 25 35 29 47 45 22 26 24 61 19 31 59 32 61 26 28 38 11 29 22 59 5 35 30 19 15 40 52 19 50 10 20 20 52 39 42 55 36 42 53 23 33 42 62 44 35 29 24 26 61 42 39 45 35 65 49 55 30 21 49 38 34 47 33 8 32 51 55 26 34 57 32 25 48 5 31 44 35 57 39 40 52 20 10 25 38 17 36 63 56 29 59 23 44 8 53 55 14 59 17 48 50 54 27 35 26 30 33 39 38 42 58 63 16 35 29 49 58 25 44 44 41 35 54 14 47 45 42 29 58 26 48 56 37 17 21 6 55 62 33 39 16 16 26 54 15 35 37 44 25 39 52 57 21 57 16 50 29 49 37 38 38 33 42 15 16 60 48 42 14 57 40 62 15 37 45 11 45 27 14 60 13 39 28 30 48 27 20 36 28 24 45 50 33 27 15 22 14 51 40 25 56 51 28 34 38 18 34 40 50 43 24 37 50 27 39 21 20 31 59 48 15 56 16 60 25 33 34 47 36 50 48 35 15 14 55 38 62 9 12 61 20 49 59 32 43 62 24 25 30 29 60 28 50 34 28 14 15 32 48 11 46 64 3 13 31 18 9 10 52 33 43 8 38 50 20 57 29 25 40 47 26 37 14 37 37 40 59 31 15 55 39 42 35 11 32 44 14 59 57 47 31 52 62 24 45 55 30 43 54 30 32 60 62 47 29 29 18 9 16 27 33 20 33 39 59 48 40 5 35 47 68 36 46 20 24 25 42 52 7 33 43 9 55 60 33 18 58 22 40 10 29 17 54 53 45 28 63 34 36 52 37 50 31 34 10 32 10 20 40 54 32 42 24 61 12 39 48 56 32 48 51 12 51 32 50 44 65 64 35 27 44 22 18 31 24 33 24 59 60 63 12 30 68 35 21 37 21 12 17 56 31 30 56 62 49 50 43 30 32 35 52 4 55 4 58 55 25 51 46 10 35 58
25 67 61 37 26 17 9 37 50 42 58 43 54 31 52 27 19 22 8 44 17 57 47 12 48 37 28 23 47 35 33 5 33 21 22 34 30 35 23 57 31 58 62 58 52 29 14 14 8 12 20 21 50 59 34 32 50 48 19 30 45 20 54 8 47 0 15 13 23 57 37 37 31 1 21 32 28 46 56 49 8 58 12 57 15 38 21 19 30 26 34 32 27 27 46 44 45 16 44 54 46 23 21 15 34 19 27 35 41 54 34 17 13 54 35 35 49 41 25 52 26 41 45 53 44 49 46 14 11 6 27 42 45 60 44 42 5 21 47 27 25 24 33 20 50 56 62 22 37 23 37 33 40 26 20 32 28 12 49 36 48 30 43 31 20 33 44 45 6 29 20 52 28 29 41 47 16 23 27 22 16 49 24 6 26 10 13 26 30 34 59 23 20 52 27 25 46 42 31 34 30 49 51 3 17 51 21 28 24 22 52 40 55 32 37 42 24 42 37 27 45 21 29 27 38 25 37 57 30 25 27 19 16 33 15 48 21 53 41 13 41 5 15 15 50 36 26 27 24 46 22 13 49 25 48 30 59 53 47 22 25 9 11 14 48 38 32 5 14 31 41 35 4 11 41 58 29 50 54 24 23 39 37 39 36 27 33 33 27 27 27 55 32 32 29 35 41 9 57 5 47 55 35 34 5 51 58 15 56 52 35 12 52 53 32 11 44 40 3 22 45 57 55 9 21 53 51 22 28 12 38 35 21 49 57 32 49 28 39 44 41 61 23 31 35 19 43 59 31 12 6 6 28 46 18 25 54 28 36 18 29 46 35 11 32 16 27 30 38 43 53 28 33 17 48 38 9 53 55 51 53 51 29 3 54 28 52 24 47 57 26 29 37 46 27 48 50 36 40 56 3 37 29 25 45 40 27 32 45 37 24 31 7 40 19 4 37 48 59 40 13 7 46 50 39 30 36 11 41 33 55 21 19 8 29 50 17 44 48 46 54 34 22 6 20 29 24 40 21 25 43 18 23 37 59 14 46 42 38 40 52 22 16 48 47 56 58 55 17 49 20 56 24 49 4 30 24 23 13 44 43 55 50 50 45 38 40 47 26 35 18 47 49 31 37 14 3 49 19 39 18 45 44 55 58 14 39 27 39 61 8 35 17 7 31 55 36 10 12 48 45 48 9 41 45 16 5 48 21 22 29 48 56 36 41 47 24 40 36 15 17 59 36 33 24 22 63 10 54 51 47 39 26 56 43 28 3 42 6 18 20 16 20 46 26 50 14 13 29 8 26 39 22 44
39 63 70 23 35 24 14 47 46 41 58 46 61 17 61 22 22 8 22 36 23 54 51 23 49 25 18 37 54 21 32 18 19 34 35 29 39 43 29 56 39 65 59 55 50 42 26 27 20 20 34 19 51 57 43 27 58 53 9 23 41 8 50 21 40 15 0 25 9 65 39 44 36 15 11 35 14 45 52 44 15 56 26 64 30 33 7 33 29 39 32 25 30 40 50 54 56 4 41 49 43 34 17 17 27 21 41 30 40 53 39 14 24 58 22 35 47 31 37 54 12 50 52 62 47 49 39 22 18 20 14 41 50 56 45 37 19 27 44 37 29 23 19 20 56 60 58 16 37 37 35 19 51 12 34 33 29 5 44 22 47 43 35 17 10 22 41 49 21 23 32 47 24 25 50 51 25 35 13 30 30 48 10 10 40 21 10 13 30 35 67 32 6 57 31 39 53 52 17 23 40 52 53 16 19 45 8 39 36 14 54 50 56 32 45 35 27 48 41 40 49 28 40 21 30 24 42 52 35 39 40 13 30 21 25 43 34 61 37 27 39 18 27 29 49 40 15 30 11 50 28 3 58 39 44 16 58 59 57 19 34 7 5 15 56 28 40 17 22 17 51 22 13 26 46 53 27 43 61 38 26 44 34 36 37 39 26 37 32 35 16 57 42 44 19 47 38 22 57 13 50 57 40 37 13 47 52 28 61 56 27 25 55 63 26 10 51 35 15 13 41 65 49 15 12 54 57 14 22 11 40 23 31 56 58 33 45 19 29 52 46 58 36 41 21 6 47 54 35 19 20 15 28 49 30 14 57 24 24 19 42 53 30 24 25 31 27 16 41 50 55 39 42 5 45 33 22 55 64 45 48 61 20 17 62 14 56 38 47 55 13 15 49 47 38 50 51 32 37 56 13 29 38 40 38 29 13 23 40 30 36 34 17 33 4 16 25 57 58 41 3 10 47 53 29 35 40 17 51 36 50 34 5 18 15 45 18 50 44 56 62 43 25 19 34 18 34 50 21 33 52 15 26 48 67 25 47 44 36 34 48 20 8 46 49 58 66 60 25 42 24 61 38 51 11 20 18 19 22 52 34 56 55 44 54 50 43 45 39 34 4 42 50 24 47 28 12 50 34 42 5 53 47 61 58 16 34 30 30 56 13 46 10 9 19 64 29 7 24 57 47 54 23 37 53 15 19 53 36 36 33 49 59 35 39 49 19 43 23 29 31 68 28 35 38 26 58 10 51 46 44 49 12 56 52 42 15 50 14 12 8 6 33 40 38 43 28 27 17 22 35 33 8 54
21 65 50 46 15 10 13 25 49 38 53 35 44 39 40 29 16 31 9 45 12 55 38 5 42 43 34 19 37 43 31 13 41 10 18 34 20 25 15 53 22 47 58 55 49 17 2 4 6 9 15 23 44 55 22 34 39 39 27 33 45 28 53 6 49 13 25 0 31 46 32 27 23 12 28 26 37 43 53 48 12 54 11 47 12 37 30 12 28 14 33 34 22 15 37 32 34 25 42 53 44 11 24 15 35 17 16 35 37 49 25 21 5 45 43 31 46 45 13 46 35 30 35 42 37 45 48 10 10 13 37 39 36 58 39 41 11 15 45 16 19 24 42 20 40 47 60 26 33 14 34 41 28 34 13 28 24 21 47 44 44 18 45 40 28 39 42 36 10 31 8 52 29 30 30 39 8 11 37 13 5 45 33 15 16 5 19 34 27 30 48 14 30 43 20 17 36 31 39 41 19 41 44 10 17 51 29 16 12 28 45 28 49 28 26 44 20 33 29 15 36 13 17 30 40 25 28 55 23 16 15 24 11 39 6 48 9 42 40 14 39 8 3 6 44 28 33 23 34 38 14 24 38 15 45 39 54 44 35 25 14 20 21 16 37 42 21 9 8 39 29 43 16 10 33 56 29 50 43 14 18 30 35 37 31 15 35 25 19 16 33 47 20 20 34 24 39 6 52 17 39 48 26 27 13 49 56 13 47 43 38 12 43 42 34 18 34 39 10 28 43 46 54 13 26 47 42 27 31 18 33 43 10 39 51 28 46 33 43 33 32 58 11 19 43 27 34 58 24 10 9 10 26 38 5 33 46 28 42 18 17 36 35 12 34 13 25 39 30 33 46 17 22 25 46 37 14 45 44 50 52 40 34 12 43 36 43 15 42 53 34 37 25 40 16 41 45 36 39 51 15 39 19 17 46 44 35 37 44 39 12 24 9 42 29 14 44 37 54 35 23 19 41 42 44 22 27 11 29 27 53 9 30 9 38 50 17 35 46 34 43 24 19 12 14 35 14 29 20 15 31 22 19 25 48 3 40 36 36 41 50 23 23 45 40 48 48 46 10 49 15 47 20 41 16 35 27 25 7 33 45 48 41 49 33 26 32 44 14 32 29 46 43 34 25 5 15 44 15 31 28 34 36 46 52 16 40 21 43 59 14 24 24 16 38 44 38 19 1 37 38 38 5 40 34 19 9 39 16 15 22 43 47 33 38 41 26 33 44 12 12 48 39 27 20 16 61 17 50 49 44 27 34 51 31 17 15 31 11 23 28 24 8 47 14 51 12 8 36 7 15 39 31 32
47 56 71 16 38 27 19 51 40 38 54 45 62 9 63 18 24 2 30 29 26 48 50 28 46 16 11 45 55 12 28 26 10 41 44 23 42 45 32 52 41 67 54 50 45 48 33 34 26 25 42 17 48 52 46 21 59 53 5 18 35 4 43 29 32 23 9 31 0 67 37 46 37 23 6 35 6 41 47 37 20 52 34 65 38 28 4 41 26 44 28 19 30 46 50 57 59 8 37 43 38 39 14 20 22 22 47 24 36 49 40 14 29 58 13 32 43 23 43 51 5 52 53 64 45 45 32 26 23 28 6 37 50 50 42 32 27 30 39 41 30 21 12 20 56 59 52 13 34 44 31 11 55 4 42 31 28 11 38 13 43 48 28 10 5 14 36 49 29 18 37 40 20 21 52 51 29 41 7 34 36 44 2 17 46 26 13 4 27 33 68 35 7 56 32 47 55 54 8 14 44 51 51 23 20 38 3 43 42 10 51 54 52 30 47 27 27 49 40 45 48 31 44 17 23 22 42 46 36 46 45 11 38 12 30 36 39 62 32 35 35 26 33 36 46 40 7 29 3 50 30 12 61 46 40 9 54 59 59 16 37 15 13 18 58 20 43 24 27 9 55 13 21 34 45 47 23 37 63 45 27 44 30 32 35 43 21 37 34 38 8 56 46 49 12 51 34 30 53 21 49 55 40 37 20 42 46 37 60 55 19 34 54 65 21 14 51 30 23 9 37 67 43 19 9 50 58 10 17 14 38 14 35 57 54 31 40 12 20 54 46 53 42 45 13 4 47 48 35 23 28 22 26 48 35 6 55 20 15 20 47 54 26 33 20 39 25 8 41 51 53 43 45 6 40 28 30 54 66 39 42 63 13 25 64 6 56 45 43 50 4 7 53 44 42 48 47 26 33 53 22 22 41 47 31 21 4 15 34 23 41 34 23 26 6 24 16 59 54 38 11 19 43 51 20 36 41 22 55 35 44 40 8 23 8 39 19 51 39 59 63 45 25 28 42 9 37 53 21 36 54 14 27 53 69 31 44 42 32 28 43 18 9 42 47 56 67 60 28 35 26 60 46 50 20 13 14 16 26 54 26 53 54 38 56 54 42 41 45 32 8 36 47 18 51 35 20 46 42 42 5 55 47 61 54 19 28 30 23 50 18 49 9 16 10 66 22 13 30 59 45 55 31 32 54 16 27 53 44 43 34 45 58 33 35 47 15 42 14 37 39 69 21 34 46 28 52 15 47 40 39 53 3 52 55 48 23 52 21 10 4 8 38 33 44 36 36 35 8 30 39 27 4 57
57 59 5 81 32 42 52 23 52 39 40 26 9 73 7 53 44 67 54 59 43 52 22 45 34 69 62 55 13 76 44 59 74 44 55 52 27 23 37 43 27 4 50 50 47 37 44 47 49 46 54 51 34 48 24 53 8 17 62 56 52 64 54 51 61 57 65 46 67 0 34 22 31 56 61 34 73 42 50 54 52 46 55 9 53 51 68 50 44 36 46 57 38 37 22 15 15 64 46 55 46 35 54 49 55 45 39 52 41 41 28 54 44 19 74 40 44 66 35 32 71 16 15 4 28 39 59 44 48 58 72 42 20 55 36 51 56 39 48 30 37 48 78 48 15 21 55 56 39 45 44 75 21 70 49 39 40 60 52 76 41 32 61 76 62 65 47 22 55 55 39 57 51 50 17 23 42 39 73 36 44 41 69 57 42 48 56 68 43 38 4 34 70 18 35 49 13 16 73 68 27 25 30 55 48 57 65 30 37 58 31 20 35 41 21 60 41 19 29 35 23 38 29 55 59 47 26 54 32 45 34 56 52 69 42 55 39 7 48 57 45 53 44 46 37 29 64 39 70 23 38 65 9 44 47 76 43 13 11 52 33 63 62 51 10 65 26 53 44 72 18 73 61 54 25 56 48 59 7 43 40 24 47 47 37 33 55 31 34 31 64 27 26 29 62 25 46 51 41 61 25 29 27 32 55 49 57 55 17 22 60 56 24 6 55 56 17 51 54 59 48 3 56 52 59 36 14 58 55 55 34 72 36 12 36 39 49 61 66 14 23 51 40 27 74 65 24 57 33 48 54 53 44 25 41 65 26 50 69 47 34 14 50 56 55 53 44 74 29 17 28 30 25 63 48 50 58 26 4 56 55 8 61 57 4 71 20 44 38 44 68 71 25 34 31 29 36 51 47 37 59 58 28 46 58 67 70 63 52 58 35 34 51 59 68 59 71 10 42 36 63 63 36 26 67 32 28 49 20 34 53 40 69 50 75 54 49 18 49 14 5 23 42 57 52 66 33 18 47 33 15 54 41 26 2 44 33 32 45 55 50 50 59 43 29 28 5 17 42 58 42 18 56 27 60 62 55 53 45 14 63 34 19 55 13 24 29 45 37 42 69 53 35 57 22 47 58 36 53 28 66 13 25 14 39 50 54 37 62 57 54 23 59 58 68 2 57 59 46 9 30 14 50 50 13 52 55 18 53 51 34 36 22 41 44 31 54 30 73 54 52 3 59 35 57 40 57 55 46 53 46 20 69 39 16 39 60 16 53 57 64 62 39 58 35 60 54 51 66 52 32 54 69 15
52 35 38 49 20 22 30 29 21 7 22 9 27 42 33 21 19 38 39 25 22 25 14 28 11 36 30 50 22 43 10 41 42 38 48 18 20 19 18 21 17 33 27 25 19 37 32 35 32 26 46 21 13 25 23 20 27 18 33 23 19 35 25 35 28 37 39 32 37 34 0 16 11 36 32 7 42 12 23 23 30 23 42 30 43 17 39 43 12 34 12 23 11 36 14 30 33 36 14 25 15 27 24 24 21 20 39 18 9 18 11 26 28 21 41 6 16 32 31 16 41 24 21 31 9 13 26 24 27 42 41 10 15 28 8 18 39 17 17 24 14 17 46 20 21 22 30 25 5 41 10 43 32 39 42 7 10 35 21 44 13 34 27 45 32 32 15 13 39 22 29 26 19 18 25 14 24 34 43 20 35 14 39 35 40 30 30 37 10 5 34 20 42 20 13 46 22 28 41 35 23 14 15 36 22 26 36 27 33 28 15 30 18 8 21 26 14 16 7 34 13 20 27 22 25 16 10 26 10 42 32 27 42 36 26 23 32 28 15 45 11 35 32 36 13 8 33 11 40 13 18 40 31 42 16 45 23 24 31 22 21 39 38 26 27 31 21 34 26 40 31 40 40 41 10 28 15 26 29 41 15 12 13 13 3 30 22 9 14 20 32 19 26 32 29 31 13 36 21 41 12 19 11 6 33 20 28 44 24 18 26 43 17 34 21 31 18 17 34 29 16 33 26 29 29 16 23 27 23 30 1 39 24 23 20 7 18 29 32 24 12 27 35 26 42 36 11 29 9 26 38 32 12 12 30 34 18 18 35 20 35 21 16 43 22 44 13 43 7 19 17 26 21 35 17 16 43 17 35 25 25 34 28 39 32 40 19 42 11 22 38 39 33 9 26 12 13 17 14 19 39 24 21 44 25 33 39 29 20 24 30 8 31 25 40 41 37 29 22 4 38 41 10 14 34 12 10 27 32 5 24 34 42 30 44 23 22 17 18 32 30 20 16 41 45 34 23 28 19 20 27 25 15 34 35 30 9 5 11 21 21 20 31 14 11 20 33 23 23 26 18 24 50 13 39 29 24 22 26 25 29 18 18 24 28 33 6 15 35 8 41 21 12 24 28 36 37 13 45 7 38 24 10 25 21 25 20 11 28 30 31 27 30 35 35 34 24 35 31 29 9 21 36 17 23 25 37 18 47 45 11 12 22 7 10 10 22 5 40 44 43 36 25 5 51 17 32 30 20 22 15 29 39 19 29 39 40 23 32 28 34 34 32 25 32 28 43 39 34 37 23 20 40 31
44 49 26 60 12 22 32 14 37 23 32 12 17 52 19 32 23 46 36 41 22 40 13 26 22 49 41 42 10 55 25 40 53 29 41 32 9 4 16 33 7 22 40 39 34 25 27 30 30 26 39 29 23 38 9 33 14 12 41 36 35 43 40 33 44 37 44 27 46 22 16 0 10 36 40 13 51 27 37 39 32 36 38 20 37 32 47 35 24 22 26 36 17 24 11 14 17 42 30 41 31 18 32 27 35 24 27 32 25 30 7 33 25 18 53 21 31 46 21 23 50 8 8 18 14 26 42 24 28 40 51 26 9 43 21 34 38 17 33 13 16 27 56 27 13 20 45 34 21 31 26 54 16 49 34 19 19 39 37 55 28 22 42 55 41 45 31 10 37 34 22 42 31 30 9 14 22 24 52 16 28 28 47 37 30 28 35 46 22 19 23 15 49 16 14 36 9 12 51 48 11 16 21 35 26 42 44 15 22 37 22 14 27 21 5 41 20 6 9 22 11 17 15 34 40 26 6 41 10 32 21 35 36 48 23 39 24 17 31 41 27 34 27 30 25 10 43 18 49 13 17 44 16 31 32 54 34 17 15 31 13 43 42 30 13 45 8 33 24 51 15 52 41 37 10 43 27 42 17 31 19 6 28 29 19 19 35 10 13 11 43 22 13 18 41 16 29 33 32 42 15 23 7 12 34 35 44 39 20 17 40 39 18 20 35 35 7 33 34 38 32 21 42 31 38 26 15 37 35 34 17 51 17 12 29 19 34 40 46 9 7 41 26 13 53 43 10 44 12 27 36 33 23 13 24 44 21 30 48 26 23 9 31 39 35 37 23 53 11 6 22 14 8 42 33 31 41 20 21 41 41 19 40 38 19 50 16 32 25 34 47 49 18 21 15 18 25 32 30 29 40 39 10 34 41 47 49 42 36 38 20 13 31 40 47 40 50 14 34 20 43 43 23 18 48 10 8 28 16 14 40 25 48 30 54 39 28 8 34 16 18 5 21 39 37 45 15 12 25 14 11 32 20 19 23 26 20 17 27 36 36 29 38 29 18 24 22 19 21 42 21 20 42 17 40 41 34 32 25 9 44 26 14 40 12 18 12 30 24 23 48 37 23 37 13 30 38 24 38 11 45 10 12 19 31 29 35 16 43 45 33 12 38 37 47 20 38 39 28 14 17 11 32 33 9 30 36 12 39 37 13 24 21 23 26 19 33 13 52 38 36 24 39 15 43 19 46 34 34 38 31 13 48 30 13 28 40 7 33 36 42 41 23 41 21 44 38 34 45 34 14 35 48 15
42 46 35 51 10 14 24 19 32 18 31 13 26 43 28 23 14 37 30 34 15 36 16 20 20 40 32 40 19 45 17 34 44 28 38 24 10 10 9 32 6 30 38 35 30 27 22 26 24 19 36 20 22 35 13 25 23 18 32 27 29 34 35 27 37 31 36 23 37 31 11 10 0 30 31 6 42 23 34 33 24 34 33 29 34 25 38 32 15 23 19 27 8 25 16 22 25 34 24 36 26 16 23 19 26 15 28 24 19 28 4 24 19 24 44 14 27 38 20 24 41 17 17 27 14 24 35 17 21 34 42 20 15 39 18 27 32 10 27 13 7 18 47 18 21 26 41 25 14 30 19 44 23 39 32 11 10 31 31 46 24 24 35 46 32 36 25 15 31 25 19 36 22 21 17 18 16 23 43 10 25 25 38 29 30 22 26 37 14 12 32 10 40 22 5 35 18 20 42 39 13 19 22 28 17 35 35 16 22 28 23 21 27 13 12 34 10 13 7 23 14 11 17 25 31 17 7 37 1 32 22 26 33 39 17 32 22 25 24 36 21 28 22 26 23 6 34 9 40 17 9 36 25 31 27 45 33 24 24 22 10 35 33 21 22 37 11 26 18 42 22 43 34 32 12 39 19 36 26 30 10 9 21 22 12 19 27 3 4 9 34 25 16 21 32 21 22 27 31 35 17 25 5 5 27 30 39 35 26 21 31 34 22 29 26 26 15 26 28 29 26 30 37 23 29 26 22 27 26 26 12 42 14 21 29 10 29 31 37 18 11 38 25 15 44 34 12 40 3 20 30 26 14 16 20 34 24 21 39 17 25 18 23 34 26 34 14 44 8 15 24 15 11 33 28 23 35 23 30 35 36 28 31 32 28 41 22 31 22 32 38 40 24 19 15 19 23 24 23 29 33 30 10 33 34 38 39 33 29 30 19 4 24 32 38 33 41 24 33 15 34 35 20 20 39 1 5 21 23 7 35 23 39 23 44 33 19 15 28 24 27 11 12 33 35 35 12 19 16 10 19 23 10 24 32 20 18 15 20 29 32 20 29 25 18 26 31 25 15 35 12 26 40 19 33 32 25 23 19 19 36 26 20 33 21 24 10 26 24 16 39 30 22 28 19 26 31 23 35 9 36 19 14 26 31 20 28 7 34 41 25 17 29 29 38 29 29 30 22 23 16 19 27 26 18 22 30 18 37 35 3 22 25 16 20 19 23 11 43 34 33 33 31 8 41 10 43 26 30 32 26 20 39 29 21 29 34 16 26 27 33 32 21 34 21 37 34 30 36 28 12 28 39 23
25 66 61 37 25 16 8 36 49 41 57 42 53 30 51 27 18 21 7 43 16 57 46 11 47 36 28 23 46 35 32 5 33 20 22 33 29 34 22 56 30 57 61 57 51 28 13 13 7 11 20 20 49 58 33 32 49 47 19 30 45 20 54 7 47 1 15 12 23 56 36 36 30 0 20 31 28 45 55 48 7 57 12 56 16 37 21 19 29 25 33 31 26 26 45 43 45 15 43 53 45 22 20 14 33 18 27 34 40 53 33 16 13 53 35 34 48 40 25 51 26 40 44 52 43 48 46 13 10 7 28 41 44 59 43 41 5 20 46 26 24 24 33 19 49 55 61 21 36 23 36 32 39 25 20 31 27 12 48 36 47 30 43 31 20 33 44 44 7 28 19 52 27 28 40 46 15 22 27 21 16 48 23 6 26 9 12 26 29 33 58 22 20 51 26 25 45 41 31 34 30 48 50 2 16 50 21 27 23 22 51 39 54 31 36 42 23 41 36 27 44 20 29 27 37 24 36 56 29 25 27 18 15 33 14 47 20 52 40 13 40 4 14 15 49 35 25 26 25 45 21 13 48 25 47 30 58 52 46 22 24 9 11 13 47 38 31 4 13 31 40 35 5 12 40 57 29 49 53 24 22 38 36 38 35 26 32 32 26 26 27 54 31 32 28 35 40 8 56 6 46 54 34 33 5 50 57 15 55 51 34 12 51 52 32 11 43 39 2 22 44 56 54 9 20 52 50 21 28 11 37 35 20 48 56 31 48 27 39 43 40 60 22 30 35 19 42 59 30 11 5 5 27 45 17 25 53 27 35 17 28 45 34 11 31 17 26 30 37 42 52 27 32 17 47 37 9 52 54 50 53 51 29 3 53 27 51 24 46 56 26 29 37 45 27 47 49 35 40 55 4 36 28 25 44 39 27 32 44 37 23 30 6 40 19 5 37 47 58 39 13 8 45 49 39 29 35 10 40 32 54 20 19 7 29 50 16 43 47 45 53 33 21 6 19 29 23 39 20 24 42 18 22 36 58 13 45 41 37 39 51 21 15 47 46 55 57 54 16 48 19 55 24 48 5 30 23 22 12 43 42 54 49 49 44 37 39 47 25 35 18 46 48 30 36 14 4 48 20 38 19 44 43 54 57 14 39 26 39 60 8 35 17 7 30 54 35 10 11 48 44 47 9 40 44 15 4 47 22 22 28 47 55 35 40 46 23 39 36 15 16 58 35 32 24 21 62 10 53 50 46 38 26 55 42 28 4 41 5 17 20 16 20 46 25 49 14 13 28 8 25 38 22 43
45 52 66 21 32 22 15 46 36 33 49 39 56 13 58 12 18 7 27 26 21 44 44 24 40 16 8 43 50 16 23 25 14 38 41 19 36 39 26 47 35 61 49 45 40 43 29 30 22 20 39 11 42 47 41 17 54 48 3 13 31 4 39 26 29 21 11 28 6 61 32 40 31 20 0 29 12 36 42 33 16 47 32 59 35 23 9 38 20 40 23 14 24 41 44 51 54 8 32 39 34 34 9 15 17 17 43 20 31 44 34 9 25 52 16 26 38 21 38 46 10 47 47 58 39 40 29 21 19 26 11 32 44 45 36 27 25 24 34 36 25 15 17 14 50 53 48 7 28 41 26 15 49 9 39 25 22 10 34 17 38 44 25 15 1 13 32 43 26 13 33 36 15 16 47 45 24 37 13 28 33 39 8 15 43 23 9 7 22 27 62 30 11 51 27 44 49 49 13 14 38 45 45 21 15 35 5 38 38 4 46 48 47 24 42 24 21 43 35 41 43 26 39 12 19 16 36 42 30 43 40 5 35 13 25 32 35 56 28 33 29 23 30 32 41 34 6 24 9 44 25 13 55 43 35 15 49 53 54 10 32 15 13 13 52 18 38 21 22 12 50 16 20 31 39 43 18 33 57 42 22 39 24 27 29 39 16 31 28 33 7 50 41 44 9 46 29 27 48 21 43 49 35 31 17 37 42 35 55 49 16 32 48 59 16 11 45 25 20 3 32 61 39 16 3 45 52 5 12 10 32 16 30 51 49 26 35 8 19 49 40 48 38 39 16 6 41 44 29 19 25 19 20 43 31 5 49 15 15 15 43 48 21 31 15 36 19 13 35 45 47 38 39 6 35 24 29 48 61 35 38 58 10 23 58 10 50 42 38 46 8 10 48 38 37 43 42 22 28 48 21 19 36 43 28 20 9 13 30 20 36 29 19 22 10 23 17 54 48 33 11 18 38 45 19 30 35 18 50 29 40 36 12 20 14 35 14 45 34 53 57 40 20 26 39 9 32 48 15 31 49 8 21 48 63 27 39 36 27 24 38 12 6 37 42 50 61 54 23 32 20 54 44 44 19 10 9 10 22 49 24 47 48 34 51 49 36 36 41 26 12 32 41 13 45 31 18 41 39 36 8 49 41 55 49 13 24 25 20 46 15 44 4 14 11 60 18 12 27 54 40 49 28 27 49 11 24 47 41 41 28 40 52 27 30 41 10 36 16 34 36 64 18 29 44 23 48 12 42 36 35 47 8 47 50 44 22 46 18 5 3 6 34 30 39 33 33 32 9 27 34 23 9 51
45 41 38 48 14 16 24 25 26 13 28 12 28 40 31 20 14 35 32 29 16 31 16 22 17 36 29 43 22 42 12 35 41 32 42 19 15 15 11 28 12 33 34 31 25 31 25 29 25 20 40 18 19 31 19 20 26 19 30 23 24 32 30 29 31 32 35 26 35 34 7 13 6 31 29 0 40 18 29 27 25 30 36 30 37 20 36 36 11 27 14 23 6 30 16 26 29 32 19 31 21 20 21 19 22 15 32 19 14 24 7 22 22 24 40 9 22 33 25 21 39 21 20 30 12 20 30 18 22 36 39 15 16 34 14 22 33 11 22 18 8 15 45 16 22 25 36 23 9 34 14 42 28 37 36 7 7 30 26 43 20 29 30 43 30 32 20 15 33 21 23 31 18 17 21 17 18 28 41 14 28 20 36 30 34 24 25 35 9 7 34 14 39 22 6 39 21 24 39 35 18 18 20 30 17 30 33 21 26 25 21 26 24 8 17 29 9 15 6 28 14 14 22 21 27 14 8 32 5 36 26 24 36 35 20 27 26 28 19 39 16 29 26 30 19 5 31 6 37 16 12 35 29 35 22 43 29 25 28 19 15 35 33 21 25 32 16 28 19 39 27 40 35 35 11 34 14 31 29 35 9 10 15 17 7 24 22 4 8 14 31 23 21 26 28 26 17 30 27 36 16 24 7 3 28 26 34 38 26 21 27 37 21 33 22 26 17 20 29 26 21 33 32 23 27 22 24 25 22 25 8 38 17 23 26 6 24 27 33 22 12 34 29 20 41 33 13 35 3 21 32 27 10 15 24 32 23 17 35 16 30 20 18 36 22 37 10 41 7 18 22 20 17 32 23 19 37 21 34 30 31 32 28 33 31 38 22 35 18 28 35 37 29 15 20 17 20 19 18 26 34 26 15 37 28 34 37 29 24 25 24 2 25 27 36 35 37 27 29 10 33 36 16 19 35 6 7 22 28 2 30 27 38 24 42 28 18 17 23 29 30 16 11 35 38 32 16 24 14 14 24 22 10 29 35 23 15 11 15 24 27 17 27 20 16 25 33 26 17 30 13 26 44 17 34 28 22 20 20 22 31 24 20 28 25 29 9 21 29 11 38 25 18 24 23 29 32 19 39 8 35 22 13 27 27 20 23 5 30 36 26 23 27 30 34 33 25 30 25 27 14 21 30 21 22 20 32 19 40 39 5 18 25 11 15 16 20 8 40 37 37 36 26 3 45 11 38 26 26 27 21 25 36 26 25 33 35 20 27 25 31 31 25 29 26 32 37 33 33 31 17 23 37 27
52 58 77 10 44 33 25 57 43 43 57 50 67 4 69 22 30 7 35 31 32 51 55 34 50 15 14 50 61 8 33 31 6 47 49 27 48 51 38 55 47 72 56 52 48 53 38 39 32 30 46 23 52 55 52 25 65 59 11 21 37 9 46 34 33 28 14 37 6 73 42 51 42 28 12 40 0 44 49 40 26 55 38 70 43 31 7 46 31 50 32 22 35 51 55 62 65 13 40 45 42 44 20 26 25 28 53 28 40 52 45 20 35 63 10 37 46 23 48 56 2 58 59 69 50 49 34 31 29 33 1 41 55 52 46 35 31 35 42 47 36 26 6 25 62 64 54 18 39 49 35 6 60 3 47 36 34 17 41 9 46 54 29 4 11 15 40 54 34 21 43 42 24 25 58 56 34 47 3 39 42 47 5 23 52 32 19 6 32 38 74 41 9 62 38 52 60 60 5 13 49 56 55 29 26 40 9 49 48 15 56 59 57 34 53 29 32 55 46 51 53 37 50 21 25 27 48 49 42 51 51 17 43 11 36 39 45 67 36 40 38 31 39 41 50 45 10 35 4 55 36 16 66 51 43 3 57 65 65 21 43 20 17 24 63 20 49 29 33 5 61 10 26 39 50 49 28 38 68 51 33 50 33 35 39 49 24 43 39 44 11 60 52 55 15 57 37 35 56 26 54 59 46 42 25 45 48 42 65 60 22 39 59 71 24 20 57 33 28 14 40 72 45 25 14 54 63 15 20 20 43 12 41 62 58 36 43 15 21 60 51 56 48 50 9 10 52 50 40 29 33 27 31 53 41 9 60 25 15 26 53 59 29 38 23 44 30 2 46 56 58 49 50 12 43 32 35 58 72 41 44 69 16 29 70 2 61 50 47 54 5 5 59 48 48 53 51 30 36 57 27 25 47 52 33 21 4 17 36 26 47 40 29 28 10 29 15 65 57 43 15 23 48 56 20 42 46 28 61 40 47 46 10 29 3 42 25 56 42 65 69 51 31 33 47 10 43 59 27 42 60 20 32 59 74 37 49 47 36 30 45 23 15 45 52 61 72 65 34 37 32 65 51 55 25 16 19 21 32 60 27 57 59 40 62 60 47 44 50 36 11 39 51 21 57 40 25 50 47 47 10 61 52 66 58 24 31 36 24 52 24 55 15 22 10 71 24 19 36 65 50 60 36 35 60 22 32 58 49 49 39 50 63 37 39 51 20 47 12 41 44 75 24 40 51 34 54 21 50 43 43 59 4 56 61 54 28 58 26 16 10 13 44 35 49 37 40 40 9 35 45 30 6 63
63 23 45 50 32 33 38 40 11 5 14 16 33 43 42 24 28 42 49 20 32 14 20 39 9 34 31 61 31 44 14 50 43 49 59 18 32 30 29 12 28 39 16 13 8 49 42 46 41 35 57 27 10 14 35 20 35 25 37 24 11 40 14 45 21 46 45 43 41 42 12 27 23 45 36 18 44 0 11 13 39 13 52 35 54 14 44 54 17 45 14 23 21 47 21 40 43 42 5 15 5 38 29 32 20 28 50 17 6 8 22 32 38 25 41 12 4 28 43 13 44 34 30 39 15 5 19 34 37 51 43 5 23 17 6 12 49 28 7 35 25 23 48 27 27 24 19 30 10 52 11 44 43 42 54 15 19 41 11 44 2 46 22 47 37 32 6 21 49 24 41 16 21 20 35 19 35 45 46 32 46 3 42 43 52 40 36 39 17 13 41 32 47 25 24 57 31 38 42 35 35 18 14 45 30 16 40 39 44 32 14 41 13 15 32 21 23 26 19 45 20 31 39 25 22 22 21 14 22 54 44 33 53 36 37 13 44 35 9 55 7 45 43 47 7 19 35 20 43 19 29 46 40 53 6 47 14 29 41 27 33 47 44 33 36 29 32 43 36 41 41 40 48 52 19 16 19 18 36 52 25 22 12 10 12 42 21 20 25 32 34 19 38 43 30 42 8 46 12 49 17 17 22 18 41 9 17 55 28 22 25 53 20 43 21 38 27 13 43 33 7 40 16 37 33 11 29 31 25 37 12 38 35 31 14 15 8 30 29 34 22 16 47 37 42 40 19 18 20 36 48 41 19 18 42 36 19 22 34 28 47 30 16 53 22 55 20 45 17 29 16 37 33 41 7 13 53 18 43 15 14 43 29 48 40 42 23 53 4 11 40 41 45 8 38 13 8 15 9 13 48 22 32 55 18 30 41 29 12 21 41 20 40 20 44 49 36 39 14 9 44 48 6 17 31 24 21 36 42 17 13 45 46 39 47 13 30 26 8 42 37 31 25 50 56 35 34 38 26 32 37 31 24 45 42 40 9 11 9 16 10 26 37 3 13 19 39 27 33 17 28 27 61 16 47 30 27 27 37 35 24 14 24 14 38 44 16 3 47 11 47 12 8 24 39 47 45 8 56 17 42 33 18 30 14 32 16 22 25 18 39 38 36 42 36 41 22 41 42 38 13 29 47 11 32 32 47 24 58 56 23 7 24 10 6 11 27 15 39 54 54 43 23 16 62 27 20 38 8 12 5 40 41 12 39 51 49 33 41 34 39 40 43 17 44 19 54 50 36 47 34 17 44 41
73 13 52 53 43 43 48 51 8 16 13 26 41 48 51 31 38 48 59 20 42 3 29 49 17 37 37 71 40 47 23 60 47 60 70 24 43 40 39 9 39 47 7 3 4 60 53 56 51 45 68 35 16 6 45 26 44 34 44 30 12 46 6 55 19 56 52 53 47 50 23 37 34 55 42 29 49 11 0 11 48 7 63 42 64 20 50 64 27 56 22 29 32 58 30 50 52 49 12 8 10 49 37 41 26 38 61 23 16 10 33 40 49 32 44 22 8 30 54 19 50 44 39 48 24 12 18 44 47 61 48 15 32 6 17 16 58 39 9 46 35 32 52 36 36 30 8 37 21 63 19 48 53 48 64 25 30 49 10 47 10 57 22 52 43 36 12 30 59 30 52 10 29 28 45 28 45 56 52 42 56 10 48 51 63 50 45 45 26 24 48 43 53 33 35 68 40 48 47 38 46 25 21 54 39 12 46 49 55 38 20 51 16 25 42 22 33 35 29 56 29 42 50 31 26 31 32 5 33 65 55 40 64 40 47 12 55 44 15 65 15 55 54 58 14 30 41 31 49 28 39 54 49 64 9 52 10 37 50 35 44 55 52 43 45 31 43 53 46 46 51 43 57 62 28 7 27 14 44 63 35 32 19 17 23 53 27 31 36 42 40 24 48 54 36 52 15 56 11 58 26 22 33 29 51 6 8 65 34 29 29 63 27 52 27 46 36 18 53 39 11 48 8 47 41 15 37 39 31 45 22 41 46 40 16 26 8 36 31 43 32 7 58 48 45 47 29 7 31 46 57 51 28 27 52 42 25 29 37 38 58 39 22 63 28 65 29 50 28 38 22 48 43 48 8 19 63 24 52 11 8 52 35 57 49 47 31 64 13 7 46 46 55 17 49 22 14 21 16 15 57 26 43 66 18 32 47 34 13 25 52 30 50 23 51 59 38 48 11 19 52 57 15 25 33 34 31 46 53 28 5 56 53 49 52 9 39 35 9 51 46 42 35 60 66 39 45 48 35 43 47 39 35 56 50 51 18 21 18 19 4 35 44 9 22 24 46 34 44 15 38 33 72 23 56 35 35 34 47 44 25 17 32 11 47 55 26 9 57 21 53 12 16 30 50 57 54 15 67 27 49 43 27 37 14 42 20 32 27 8 48 49 43 51 41 50 25 50 52 47 22 38 57 16 42 40 57 33 68 67 33 15 29 20 15 20 34 25 42 64 64 51 27 27 73 37 9 47 4 8 9 50 47 13 49 62 58 42 50 41 45 47 54 16 55 16 64 60 40 57 45 21 50 51
69 19 57 43 41 39 41 51 4 17 22 29 46 37 54 22 33 39 53 10 37 12 33 44 21 27 27 67 43 37 18 53 37 57 65 16 42 41 36 19 38 52 18 14 10 58 49 52 46 40 63 28 22 16 45 17 47 38 36 21 4 37 7 50 9 49 44 48 37 54 23 39 33 48 33 27 40 13 11 0 42 17 57 48 59 12 41 60 21 54 16 19 28 56 33 51 54 40 9 6 9 47 29 35 17 32 59 15 15 17 33 33 44 38 34 19 11 19 52 25 40 45 42 52 27 17 7 39 41 54 39 13 35 13 19 8 52 35 7 45 32 25 42 29 40 37 15 29 19 60 15 38 54 38 60 22 26 41 3 37 14 56 12 41 34 25 8 33 53 22 48 4 21 20 47 32 41 53 42 39 52 14 38 44 60 44 37 35 22 21 53 40 44 38 32 64 43 50 36 28 45 30 26 48 33 3 37 48 52 30 26 52 24 22 43 12 29 38 30 54 32 38 49 23 16 25 33 10 32 61 53 32 59 30 43 1 51 48 9 60 12 49 49 54 19 30 31 27 39 32 36 45 52 61 8 42 20 42 53 27 41 47 44 36 48 21 42 47 41 35 53 33 50 56 31 10 20 5 48 60 31 33 14 12 21 51 18 30 34 41 30 31 48 53 26 52 11 51 20 51 30 29 33 28 44 7 9 60 40 34 19 58 32 55 18 39 39 10 47 31 7 53 6 40 32 22 41 30 22 38 23 31 43 43 25 23 6 26 21 46 34 17 55 47 35 38 32 11 30 40 51 44 23 30 49 32 31 22 27 32 56 42 15 57 19 60 24 40 29 41 28 47 43 39 7 12 56 30 56 3 5 55 25 51 53 38 36 61 17 17 36 36 55 20 47 26 20 13 10 23 50 16 42 63 8 21 37 24 5 15 50 29 44 12 42 52 28 51 21 19 43 49 19 30 22 33 32 40 54 26 7 53 44 43 42 2 33 38 6 54 50 42 30 54 62 30 43 50 29 40 48 32 30 56 55 46 21 23 13 10 7 28 36 12 26 31 51 40 39 5 34 39 68 28 49 25 26 27 42 47 14 25 36 1 50 55 28 10 55 18 44 3 21 20 50 53 47 20 63 28 40 46 30 43 23 35 10 29 17 13 41 49 35 44 31 54 16 42 48 50 25 41 51 8 45 33 51 37 64 63 31 19 36 17 13 24 26 27 32 59 60 56 17 25 68 33 15 39 13 4 9 51 37 21 51 60 51 45 44 33 36 39 51 6 52 6 59 55 31 51 43 11 41 53
30 60 56 35 21 10 1 33 43 34 50 36 48 28 47 20 12 19 12 37 10 50 40 9 40 32 23 27 41 32 26 12 30 22 26 27 25 30 16 50 26 52 54 51 45 28 13 14 6 6 24 14 42 51 29 25 45 41 16 24 38 17 47 10 40 8 15 12 20 52 30 32 24 7 16 25 26 39 48 42 0 51 17 51 20 30 19 22 22 25 27 25 20 26 39 40 42 14 36 47 39 20 14 7 27 11 27 27 33 46 27 10 10 47 32 27 42 35 23 45 24 36 39 48 37 42 40 8 4 13 25 35 38 52 37 35 11 15 40 23 18 17 31 13 44 49 55 16 29 25 29 30 37 23 23 25 20 10 41 33 40 29 37 29 17 28 37 38 12 22 17 45 21 22 36 41 10 22 26 17 17 41 21 6 27 7 7 23 22 26 54 18 20 45 20 28 40 38 28 30 26 42 44 7 9 44 18 25 22 17 45 36 47 24 31 36 17 36 30 26 38 15 26 21 31 18 30 49 24 27 26 13 19 29 11 41 20 48 34 19 34 8 14 16 42 29 22 20 23 40 15 14 45 27 40 28 51 47 43 15 20 12 11 6 43 32 27 5 8 28 37 32 11 16 35 50 22 43 48 26 16 32 29 32 28 24 26 26 20 22 23 48 28 30 23 32 33 11 50 12 40 48 28 26 3 43 50 20 49 45 29 17 45 49 25 7 38 32 5 17 37 52 47 2 16 46 45 16 22 6 31 32 17 43 50 24 41 22 33 39 34 54 22 27 32 16 36 52 24 5 10 3 21 39 16 21 46 20 31 11 28 40 27 16 25 21 19 28 31 37 46 25 28 14 40 30 15 46 50 44 46 47 24 10 49 25 45 26 39 49 23 26 35 38 24 41 43 29 33 49 10 30 24 27 38 34 24 27 37 31 22 23 3 34 18 11 33 43 51 33 13 12 39 42 34 23 29 4 37 26 47 20 19 4 27 43 9 38 40 42 48 29 15 13 23 25 20 36 13 19 38 12 16 34 54 11 38 35 31 33 45 15 12 40 40 49 53 48 11 42 12 49 28 42 9 25 17 16 8 39 36 47 43 42 40 35 32 40 25 28 18 40 41 25 33 15 7 42 24 32 17 40 37 49 50 7 32 20 33 54 3 32 12 6 27 50 29 8 11 44 38 42 12 34 39 9 10 41 25 25 22 41 49 29 33 40 17 33 32 19 20 54 30 26 29 15 56 6 46 43 39 35 23 48 38 28 11 37 3 13 17 13 19 39 24 43 18 16 25 11 21 32 20 40
74 14 48 59 43 45 50 49 13 17 7 24 37 53 47 35 40 53 61 26 44 8 25 50 14 43 42 72 36 53 26 62 52 61 71 29 42 39 40 3 38 43 5 5 8 60 54 58 53 48 69 39 13 2 44 31 40 30 49 34 18 51 13 57 26 58 56 54 52 46 23 36 34 57 47 30 55 13 7 17 51 0 64 38 66 24 55 65 29 56 25 34 33 58 27 47 50 53 16 14 14 49 40 44 31 40 61 28 18 6 33 44 50 27 50 24 10 36 54 15 55 41 36 44 22 10 24 46 49 63 54 17 29 10 16 21 61 40 14 46 36 35 57 39 32 26 11 41 22 63 22 53 51 53 65 27 31 53 15 53 11 56 28 57 48 41 16 27 61 35 52 17 33 32 43 24 47 56 57 43 57 10 52 55 63 52 48 50 29 25 44 43 58 29 35 68 37 45 52 43 45 22 17 57 42 19 51 49 55 43 16 49 11 27 40 28 35 33 28 56 26 43 49 36 31 34 31 10 33 65 55 44 65 45 49 18 55 40 20 67 18 57 55 59 11 29 46 32 54 25 40 58 45 64 12 57 4 33 47 38 44 58 56 45 41 37 42 55 48 51 49 49 60 63 26 12 30 21 40 63 37 31 23 21 24 52 32 31 37 42 45 20 47 53 41 51 19 58 6 61 23 18 32 29 53 11 14 67 30 25 34 65 23 48 31 50 33 23 56 44 15 43 15 49 45 11 33 43 36 49 22 47 47 36 11 27 13 41 37 40 30 6 58 47 51 52 27 13 32 48 60 53 31 24 53 47 20 33 43 40 58 36 27 65 32 66 32 55 27 36 18 48 42 52 13 24 65 20 48 17 15 48 40 60 45 53 27 64 13 2 51 51 54 15 48 19 12 26 20 10 60 31 43 66 24 37 52 39 19 30 52 31 52 28 56 61 44 45 5 20 56 60 14 21 38 34 30 48 51 28 11 56 58 51 57 15 42 32 14 49 42 40 37 62 67 45 45 46 38 43 44 43 36 54 46 52 16 20 21 25 10 38 48 11 19 19 42 30 45 21 40 29 73 20 59 40 39 38 49 42 31 12 28 17 44 53 25 12 57 23 58 17 13 35 48 58 57 12 68 26 54 40 25 33 8 45 25 34 33 12 51 48 47 54 46 46 31 53 54 43 20 34 58 21 39 44 59 29 69 68 34 13 25 22 18 17 38 24 48 66 65 47 32 28 74 39 13 50 5 14 13 48 52 7 46 62 61 40 53 45 50 51 54 22 54 22 65 62 46 59 45 26 55 48
14 74 59 48 26 20 17 33 58 48 63 45 54 42 49 37 25 33 5 53 21 65 49 14 52 47 39 12 47 46 40 9 44 13 11 43 30 35 25 63 32 56 68 65 59 21 12 8 12 18 8 30 54 65 32 41 49 49 30 40 54 31 62 8 57 12 26 11 34 55 42 38 33 12 32 36 38 52 63 57 17 64 0 57 5 46 31 9 37 20 42 41 32 20 47 41 42 27 51 62 53 21 31 23 43 25 20 43 47 59 36 26 15 55 46 41 56 51 20 56 36 40 44 51 47 55 55 19 17 7 39 49 46 67 49 50 7 25 54 26 29 32 44 28 51 57 69 32 42 14 44 44 36 37 10 38 34 23 56 47 54 24 53 42 31 44 52 46 6 38 17 61 37 38 39 50 18 17 38 23 11 55 35 17 17 13 23 37 37 40 57 24 31 53 30 14 46 39 42 45 29 51 55 11 25 59 32 25 19 33 56 36 59 38 36 52 30 43 39 22 47 23 26 37 47 33 39 64 33 15 22 29 5 44 17 56 16 52 49 4 48 9 12 9 55 38 37 32 36 49 25 24 47 16 55 41 65 54 44 32 25 20 21 22 46 48 30 12 17 42 37 46 14 1 44 66 37 59 53 15 28 40 44 47 41 22 42 36 29 27 38 58 29 27 39 31 48 7 63 14 49 58 37 37 15 58 66 4 57 53 45 1 54 50 42 22 45 48 12 32 52 55 63 18 31 58 52 32 38 22 43 46 21 49 61 37 56 38 49 43 42 68 16 28 46 30 45 67 34 17 7 14 35 48 14 36 56 36 46 26 22 45 43 2 41 6 34 40 41 43 56 26 32 28 55 46 5 56 52 59 61 48 39 9 51 39 53 15 52 63 37 40 32 51 25 51 55 44 48 61 13 46 29 16 54 50 38 43 53 47 20 35 14 50 30 11 48 45 64 45 23 17 51 52 50 32 38 18 37 37 62 15 30 15 40 58 25 45 55 42 52 33 28 7 9 40 24 37 28 25 40 28 29 31 57 13 50 47 45 49 59 30 26 54 50 59 57 56 20 57 25 57 13 52 15 40 34 32 16 42 52 59 51 58 42 33 43 54 20 42 29 55 54 41 33 9 15 54 9 42 30 44 46 56 63 23 48 31 49 69 18 32 28 18 41 53 45 21 11 46 49 48 6 49 44 25 8 49 11 11 32 53 57 43 48 51 33 43 47 3 6 57 46 38 13 26 71 21 60 58 54 36 37 61 40 20 12 41 15 28 31 27 16 55 21 59 2 5 40 6 25 48 32 40
60 51 11 78 32 42 52 26 45 33 31 21 4 70 13 49 42 65 55 53 42 44 16 46 27 65 59 59 11 72 39 60 71 47 58 47 28 23 36 35 26 6 41 42 40 41 46 49 50 46 57 48 26 40 25 49 9 12 60 52 46 62 47 52 55 57 64 47 65 9 30 20 29 56 59 30 70 35 42 48 51 38 57 0 56 46 66 53 40 39 41 52 35 40 16 19 20 62 39 48 39 37 51 47 50 43 42 47 35 33 26 52 44 11 70 35 37 61 38 24 69 18 13 9 22 32 53 44 48 59 69 36 15 47 30 45 57 37 41 32 35 45 75 45 9 12 48 53 34 48 39 71 25 67 52 35 37 59 45 73 34 36 55 73 60 61 40 17 56 51 41 50 47 46 19 17 42 42 71 36 47 34 66 57 45 48 54 65 39 34 6 34 68 10 33 52 12 19 69 64 29 18 22 55 46 50 63 33 40 55 23 24 27 37 22 54 38 16 25 38 18 37 32 51 54 44 23 46 29 48 37 54 55 65 42 48 42 6 42 60 39 54 46 49 30 25 61 36 67 17 37 64 14 47 40 73 34 6 17 49 33 63 61 49 12 60 27 53 44 69 23 69 61 56 20 48 44 52 5 47 38 21 41 41 32 36 51 28 32 31 61 19 29 32 58 28 40 52 33 62 19 21 25 28 54 42 49 57 8 14 55 58 16 13 50 55 14 45 54 56 41 7 49 51 57 28 8 55 51 54 29 68 37 9 27 34 42 57 61 15 19 43 43 30 71 62 19 49 30 47 55 53 40 19 43 62 18 47 64 45 38 12 45 58 51 56 40 71 25 15 21 31 26 61 41 44 60 19 12 49 48 15 57 58 10 68 12 48 32 37 65 67 29 28 32 22 28 45 41 29 59 53 29 50 52 62 67 58 46 53 38 31 50 53 66 60 66 14 33 31 62 62 30 19 63 30 24 48 24 30 46 43 68 50 72 47 47 14 42 19 7 24 40 58 55 62 34 21 44 33 18 51 39 30 9 45 27 27 39 49 43 47 57 37 22 19 4 9 41 52 40 9 59 20 60 58 52 50 45 16 57 26 12 49 16 28 24 38 40 37 67 46 28 53 25 49 58 29 56 24 64 14 20 6 30 48 48 35 57 49 53 26 57 57 64 10 53 58 47 13 23 10 52 44 13 50 55 13 56 54 31 29 13 36 38 24 50 25 69 56 55 10 54 31 60 38 50 54 38 46 39 23 66 31 19 43 60 16 53 55 61 60 41 51 38 53 57 53 63 53 33 49 67 20
10 76 57 52 25 22 21 31 60 49 64 46 53 46 47 39 27 37 9 56 23 66 49 16 53 51 42 8 46 50 42 13 48 10 7 45 29 34 26 64 32 55 70 67 61 18 12 9 14 20 5 33 55 67 31 44 48 48 34 43 56 35 64 10 59 15 30 12 38 53 43 37 34 16 35 37 43 54 64 59 20 66 5 56 0 48 36 5 39 18 44 44 33 18 47 39 40 31 53 64 55 20 34 25 46 28 17 46 49 60 36 30 16 55 50 42 57 54 19 57 41 38 44 50 48 56 58 21 19 11 42 50 46 69 50 52 12 26 56 25 30 35 48 31 50 57 71 35 44 10 46 48 33 41 6 40 35 27 59 51 55 22 56 46 35 47 54 46 9 41 16 63 40 40 38 50 20 15 42 24 10 56 39 21 14 15 26 41 39 41 56 24 35 52 31 10 45 38 46 49 28 51 55 15 27 62 36 23 17 36 56 34 60 39 35 55 32 42 40 19 47 24 25 40 50 35 39 66 34 12 20 32 1 47 18 59 14 51 51 5 50 13 12 8 56 39 40 34 39 49 26 28 45 13 56 45 66 53 42 34 25 24 26 25 45 52 30 15 19 46 35 50 18 4 44 68 40 61 52 12 30 40 47 49 43 21 45 36 30 26 41 58 28 25 43 29 50 9 64 18 50 58 37 38 19 60 68 3 56 53 48 5 54 48 44 25 44 50 16 36 54 54 65 21 35 59 51 35 41 25 44 50 21 48 62 39 58 42 53 41 42 70 14 26 50 34 45 69 35 20 11 17 37 48 14 40 56 39 50 29 20 45 45 6 44 1 36 45 41 42 57 25 31 32 57 48 9 56 50 62 64 46 43 14 50 43 53 11 54 64 41 44 30 52 24 52 56 47 50 62 17 49 28 12 57 54 42 46 55 50 18 35 17 52 34 15 52 44 65 47 28 21 53 53 53 33 38 20 34 38 64 14 34 17 44 61 27 44 57 40 51 33 30 11 5 43 23 36 30 25 39 31 30 29 55 14 51 48 47 52 61 33 30 56 51 59 56 55 21 60 27 56 9 52 19 44 37 35 18 41 56 60 51 60 41 31 43 56 17 44 33 57 55 44 32 8 18 55 4 42 33 42 46 55 64 26 51 33 52 71 21 31 31 22 45 51 48 25 13 45 49 47 9 52 43 28 12 49 6 7 33 54 57 44 49 52 36 44 51 2 2 55 49 39 9 28 73 24 62 61 56 34 41 62 38 17 16 40 18 32 35 31 15 58 19 62 3 5 43 9 24 50 37 38
58 30 55 36 32 28 30 44 13 14 27 25 43 29 50 11 22 29 42 9 26 21 30 33 21 21 18 56 39 30 8 42 29 46 54 5 34 34 26 25 31 49 27 23 18 48 38 41 35 29 52 17 23 25 38 7 43 35 25 10 9 27 17 39 13 38 33 37 28 51 17 32 25 37 23 20 31 14 20 12 30 24 46 46 48 0 31 49 11 44 6 10 19 46 30 45 48 30 10 17 12 37 17 24 7 21 49 4 11 22 26 22 33 37 27 12 16 15 42 27 31 40 37 48 24 19 11 28 30 43 30 11 31 23 18 5 41 25 12 36 22 14 34 18 37 37 26 18 13 49 7 30 47 29 49 14 16 30 12 30 16 46 11 33 24 18 10 30 42 11 38 15 10 9 40 30 30 43 33 30 42 17 28 33 50 33 26 26 12 14 51 30 34 36 23 54 39 43 28 21 37 29 27 37 22 14 27 39 43 19 27 45 27 12 36 10 19 33 24 45 29 28 40 12 9 13 26 20 24 51 44 21 48 22 32 11 41 45 6 49 9 37 39 43 21 23 22 18 30 29 26 34 47 51 12 33 27 40 47 16 32 36 33 25 43 15 34 35 30 27 46 26 39 45 26 21 9 14 45 50 21 28 5 5 14 41 8 23 25 32 21 32 40 45 17 45 7 40 26 40 28 31 26 21 33 15 21 49 39 33 11 47 32 51 7 27 35 3 35 20 9 50 18 29 21 25 39 19 12 27 17 24 33 40 28 15 13 17 16 40 29 26 45 39 28 28 28 22 22 29 40 33 12 28 38 23 32 10 20 20 47 38 3 46 8 49 13 31 23 36 29 38 36 28 13 2 45 30 52 14 16 50 16 40 49 29 35 50 17 24 27 27 48 20 38 25 22 2 6 27 39 8 34 52 10 17 28 15 8 8 40 21 32 8 32 40 22 46 27 15 32 38 19 29 17 24 25 29 47 19 18 43 34 32 33 14 22 34 12 48 47 35 19 42 51 21 33 43 18 31 42 20 20 48 52 35 20 20 7 4 16 16 25 15 25 32 49 39 29 12 23 39 57 27 37 16 15 15 31 41 12 27 34 13 44 47 23 14 45 10 34 10 22 11 43 42 36 21 52 23 30 41 27 41 27 24 3 20 12 24 30 42 24 32 22 50 8 31 37 45 23 38 40 5 40 22 39 34 53 52 23 20 36 10 9 23 15 22 26 48 49 53 9 18 57 23 26 28 19 14 13 44 28 25 44 50 40 39 32 22 26 28 40 10 43 14 47 44 22 40 34 4 31 46
45 60 73 17 38 28 18 51 43 41 57 47 63 11 64 21 25 3 28 33 26 51 52 27 48 20 14 43 57 15 31 24 13 40 42 27 42 46 32 54 42 68 57 53 48 47 32 33 25 24 39 19 50 55 47 25 60 55 7 21 38 5 47 27 36 21 7 30 4 68 39 47 38 21 9 36 7 44 50 41 19 55 31 66 36 31 0 39 28 43 31 22 31 45 51 57 59 6 40 46 42 38 16 20 25 23 46 28 39 52 41 15 29 60 16 34 46 26 42 54 5 53 54 65 47 48 36 25 22 26 8 40 51 53 44 35 24 30 42 41 31 23 13 21 58 61 55 15 36 42 34 13 55 6 40 33 30 10 41 16 46 47 31 11 8 18 40 51 27 21 36 44 23 24 53 52 29 40 7 34 35 47 4 16 45 26 13 8 30 35 69 35 4 58 34 45 56 55 11 17 44 53 53 22 21 42 4 43 41 13 54 54 55 32 48 31 28 50 42 45 50 32 44 19 26 24 44 50 37 44 44 13 36 15 30 40 39 63 36 33 38 24 32 34 49 41 10 31 5 52 31 9 61 45 43 10 56 61 60 18 37 13 10 18 59 24 44 22 27 11 55 16 19 32 47 50 26 40 64 44 29 46 33 34 37 43 24 39 35 39 12 58 46 49 15 51 36 28 56 19 51 57 42 39 18 45 50 35 62 57 23 32 56 66 24 14 53 33 21 12 40 68 46 19 11 53 59 13 20 14 40 17 35 58 57 33 43 15 24 55 48 56 41 45 15 4 48 51 36 23 26 20 28 50 35 9 57 23 19 21 47 55 29 31 23 37 27 9 43 52 55 43 45 5 43 32 28 56 67 42 45 64 16 22 65 8 57 43 46 54 7 9 53 46 42 50 50 30 36 56 20 26 42 45 35 25 7 18 37 27 40 36 22 29 3 22 20 60 57 41 8 16 46 53 24 37 42 22 55 37 48 39 4 22 9 43 20 52 42 59 64 46 27 26 40 13 38 54 22 37 55 15 28 53 70 30 47 44 35 31 46 20 10 44 50 58 68 61 28 39 27 62 44 52 18 17 17 18 26 55 30 55 56 41 57 54 44 44 44 34 5 39 49 21 51 33 18 49 40 43 3 56 48 63 57 19 31 32 26 53 17 50 10 15 13 67 25 12 29 60 48 56 29 35 55 17 25 55 42 42 35 48 60 35 38 49 18 44 17 34 37 70 25 36 44 29 56 14 50 43 43 53 6 55 56 47 21 53 19 12 6 7 38 37 43 39 33 33 12 28 39 30 1 57
10 76 54 55 24 22 23 28 60 49 63 44 50 49 44 41 28 40 12 57 24 66 47 17 52 53 44 8 43 53 43 17 51 6 6 46 27 32 25 63 30 52 69 66 61 14 12 9 16 21 5 34 54 66 28 45 45 46 37 45 56 37 64 13 60 19 33 12 41 50 43 35 32 19 38 36 46 54 64 60 22 65 9 53 5 49 39 0 39 15 44 46 33 14 45 36 36 34 53 65 55 18 35 26 47 28 13 47 49 60 34 32 16 52 53 42 57 56 16 56 44 36 41 47 46 55 59 22 21 15 46 50 44 69 50 53 15 26 56 22 29 36 51 32 48 55 71 37 44 6 46 51 30 44 2 39 35 30 59 54 55 18 57 49 38 50 54 45 13 43 14 64 41 41 35 48 20 12 45 23 8 56 42 24 10 17 29 44 39 41 53 23 38 50 30 7 42 35 49 51 25 50 54 18 28 62 38 21 14 38 55 31 59 39 32 56 32 40 39 16 45 23 22 41 52 36 37 66 33 8 17 34 4 50 18 59 12 48 51 10 50 15 11 7 55 38 43 34 43 47 25 31 42 8 56 48 65 50 39 36 23 27 29 27 42 54 27 18 19 48 32 53 21 8 43 68 40 62 49 8 30 39 47 49 42 18 47 35 29 25 44 56 25 22 45 26 50 12 63 22 48 57 35 37 22 60 68 7 54 51 50 9 52 45 46 28 42 51 18 38 54 51 65 23 37 58 48 37 42 28 43 53 19 45 61 39 58 44 55 39 40 69 10 24 53 37 43 69 34 21 14 20 38 47 13 43 55 40 52 30 16 42 46 10 45 4 36 48 40 39 55 22 28 35 57 49 14 54 47 62 64 43 45 17 47 46 51 7 53 64 43 46 26 51 21 51 55 48 50 61 20 51 26 8 58 56 45 48 56 51 16 35 19 54 37 19 54 41 64 46 31 25 52 51 55 32 37 22 31 38 64 11 37 19 47 61 29 42 57 37 47 30 30 14 3 46 22 33 31 23 35 33 30 25 52 14 50 47 47 52 61 35 33 56 50 57 52 53 21 61 27 54 8 51 22 46 38 37 19 38 57 58 49 61 38 27 42 56 14 44 36 58 54 45 29 8 22 54 4 41 37 40 45 52 63 27 52 32 54 71 24 27 34 25 48 48 50 28 13 42 48 44 11 52 40 30 15 46 5 4 32 54 55 44 49 51 38 43 54 6 3 52 50 38 9 27 73 27 61 61 56 31 44 61 35 13 19 37 21 34 38 33 12 59 15 62 7 6 46 11 22 51 40 35
48 38 48 38 22 18 22 34 22 14 30 20 37 31 42 10 12 27 33 20 16 29 25 23 21 26 19 46 32 32 4 34 31 36 45 10 24 25 16 28 21 43 33 29 23 38 28 31 25 20 42 10 23 30 28 10 36 29 22 13 18 24 26 30 23 30 29 28 26 44 12 24 15 29 20 11 31 17 27 21 22 29 37 40 39 11 28 39 0 34 5 13 8 36 25 37 39 26 15 26 17 26 13 15 12 12 38 9 12 25 17 16 23 32 30 7 20 23 32 26 30 31 30 41 20 21 21 18 20 35 30 13 25 31 17 14 32 14 18 26 12 6 35 10 32 33 33 14 9 39 8 32 37 28 39 5 5 25 20 33 19 36 21 34 21 22 15 24 33 11 28 25 8 7 32 25 20 33 32 19 32 20 27 26 39 24 20 26 2 7 44 20 31 31 12 44 31 34 30 25 27 25 25 28 13 24 25 29 32 17 26 35 28 4 27 20 8 25 16 34 23 18 30 11 17 5 19 28 14 41 33 17 38 25 22 21 31 38 13 40 12 29 29 33 22 15 22 7 29 24 15 30 39 40 19 34 30 35 39 11 22 30 28 17 35 22 25 27 20 29 36 29 32 36 20 29 4 24 39 39 10 20 8 10 9 31 12 14 14 22 21 30 30 35 18 35 12 30 29 32 23 29 17 13 25 22 29 39 35 29 17 37 28 43 11 21 28 13 27 18 16 43 27 21 18 25 33 16 12 20 13 28 23 33 29 6 20 18 23 32 22 32 34 28 31 25 22 31 12 20 31 25 2 23 28 22 29 7 25 12 36 30 9 37 12 39 3 32 16 28 27 28 26 25 19 10 37 28 44 24 25 42 17 31 42 29 30 40 19 28 26 28 38 19 28 23 22 10 12 29 31 16 24 42 20 24 28 19 17 16 30 11 24 17 29 33 27 38 30 13 28 32 18 26 24 15 17 20 37 10 26 32 31 23 33 23 13 27 19 39 40 25 9 34 41 23 23 34 9 21 34 14 9 38 45 25 19 16 9 15 23 9 21 19 22 31 43 34 19 22 13 35 47 24 30 18 13 11 21 33 22 28 29 22 35 38 17 18 35 7 31 19 22 14 33 32 28 21 42 17 27 33 21 36 30 16 14 9 20 32 22 32 20 25 25 43 15 25 27 37 20 31 31 14 32 15 31 28 43 42 13 20 33 8 12 21 11 16 30 39 39 46 16 10 47 13 35 21 25 22 18 34 27 28 35 39 32 30 24 18 23 24 30 21 33 24 38 34 23 31 24 14 29 37
22 68 40 59 14 19 26 14 53 40 53 33 36 52 30 39 25 44 20 53 21 58 35 17 42 54 45 21 29 56 37 26 54 9 20 42 15 19 18 54 18 37 60 58 52 5 13 13 19 20 18 33 44 57 14 42 31 33 39 43 50 41 57 19 56 26 39 14 44 36 34 22 23 25 40 27 50 45 56 54 25 56 20 39 18 44 43 15 34 0 38 44 26 3 33 22 22 38 46 58 48 8 35 26 44 25 5 42 41 50 24 32 15 39 55 35 49 55 3 45 48 22 28 33 35 46 55 20 22 25 50 42 31 61 40 47 24 20 49 10 23 33 55 29 34 42 63 37 36 10 39 54 16 47 13 32 29 34 52 57 46 5 53 53 40 50 47 32 22 41 8 57 38 38 21 36 17 4 50 15 10 47 45 29 8 18 31 46 33 33 39 14 44 37 22 14 28 20 52 52 12 38 43 24 27 57 42 8 3 39 44 17 48 33 19 52 26 27 28 2 33 17 8 40 49 33 26 59 24 10 2 35 17 51 15 53 5 34 45 23 43 22 12 12 45 27 44 27 47 35 19 37 28 9 49 52 55 37 25 35 13 34 35 27 28 53 15 23 18 51 18 55 29 19 31 61 36 57 35 9 24 27 41 43 34 4 44 25 21 14 45 44 11 8 45 12 43 18 53 30 36 45 25 28 26 52 61 20 41 39 48 21 40 31 43 31 29 46 24 39 47 37 59 25 38 47 35 38 41 30 34 54 12 31 50 31 51 44 54 25 29 60 5 10 55 40 31 62 25 21 22 24 33 35 9 45 43 37 53 28 4 29 42 22 43 18 31 52 29 26 44 9 15 39 50 44 25 42 33 56 57 29 45 25 33 49 38 10 44 54 47 50 13 41 8 40 45 43 44 50 28 48 14 12 53 55 48 48 50 48 5 26 22 50 42 27 55 27 54 37 36 32 42 39 54 22 26 23 17 29 57 5 43 22 52 55 28 29 50 23 34 17 26 24 16 47 12 18 29 14 22 33 25 12 38 14 40 37 41 48 54 32 35 47 39 45 39 40 18 56 23 41 21 39 30 46 38 36 18 24 54 47 36 55 23 13 32 48 2 37 42 52 44 44 14 13 28 44 17 30 41 26 33 39 52 27 47 25 52 63 27 14 36 30 49 34 47 32 15 27 37 31 18 46 26 30 22 34 18 16 23 44 43 37 42 40 37 32 55 19 17 38 48 30 22 22 65 30 53 54 48 17 47 51 21 6 28 23 25 35 41 37 6 54 2 57 19 16 47 19 11 47 44 21
53 34 50 39 26 23 26 38 17 11 26 20 38 31 44 11 17 29 37 15 21 24 25 28 19 25 19 51 34 32 2 38 31 41 50 7 28 28 21 25 25 44 28 25 19 43 33 36 30 25 47 14 20 26 32 8 38 30 25 12 13 27 21 34 19 34 32 33 28 46 12 26 19 33 23 14 32 14 22 16 27 25 42 41 44 6 31 44 5 38 0 12 13 41 25 40 42 29 10 21 13 31 16 20 10 17 43 6 9 22 20 19 28 32 30 6 16 21 36 24 32 34 32 43 20 18 17 23 25 39 31 9 26 26 14 9 37 19 14 30 16 10 36 14 33 33 29 16 8 44 3 32 41 30 44 8 10 28 15 33 16 41 17 35 24 21 11 25 38 11 33 20 9 8 34 25 25 38 34 24 37 17 29 30 44 29 24 27 6 8 46 25 34 32 17 49 33 37 30 24 31 25 24 33 18 19 27 33 37 19 24 39 25 6 30 16 13 27 18 39 24 22 34 12 14 9 21 23 18 46 38 20 43 25 27 16 36 40 8 44 8 33 34 38 19 18 23 12 30 25 20 33 41 45 14 35 27 35 41 14 26 34 31 21 38 20 28 31 25 30 40 29 36 41 21 25 6 19 40 44 15 22 3 5 9 36 10 17 19 26 22 29 34 39 18 39 7 35 26 37 23 28 20 15 29 17 25 44 35 29 15 42 28 45 10 25 29 8 32 20 11 45 22 25 21 23 34 19 12 24 13 28 27 35 27 9 15 18 21 35 23 28 39 33 31 28 23 26 16 25 36 29 7 23 33 24 28 8 24 16 41 32 5 42 10 44 8 33 17 30 26 32 30 28 14 6 41 27 46 19 20 45 17 36 43 30 30 45 16 24 28 29 42 17 32 22 20 6 7 26 35 13 28 47 16 22 29 18 12 13 34 15 28 14 32 37 26 40 27 11 31 36 16 25 22 18 19 25 41 13 21 37 34 28 34 18 18 28 14 42 41 29 14 39 46 23 27 37 14 25 37 18 14 42 47 30 17 15 5 10 19 13 24 15 21 29 44 34 24 18 18 35 52 24 35 18 15 14 26 35 18 25 29 17 38 41 18 14 40 5 33 14 19 13 37 37 33 19 47 18 30 35 22 37 27 20 9 14 17 28 26 36 23 30 25 45 12 29 32 39 19 32 36 9 34 19 35 29 48 47 17 18 32 5 8 20 13 17 29 44 44 48 14 12 52 17 30 25 20 17 13 38 29 25 38 44 37 33 29 21 26 27 35 16 37 19 43 39 24 36 28 10 31 40
54 38 60 27 33 26 24 46 22 22 36 32 49 20 54 6 20 20 37 13 24 30 37 30 30 13 9 52 44 21 13 36 20 44 51 6 35 37 27 34 33 55 36 32 26 48 35 38 30 26 48 12 31 34 40 4 49 41 17 2 17 18 25 34 16 32 25 34 19 57 23 36 27 31 14 23 22 23 29 19 25 34 41 52 44 10 22 46 13 44 12 0 20 46 37 49 52 22 19 25 21 37 11 20 3 19 48 7 19 31 30 15 31 44 19 17 25 11 42 35 22 43 42 53 31 28 15 25 26 38 21 20 37 32 26 14 35 25 20 37 23 11 25 15 44 44 34 10 19 47 14 21 49 20 46 18 18 23 20 22 25 46 12 24 15 10 19 36 37 4 37 22 7 7 44 37 28 42 24 30 39 26 20 27 48 30 20 17 14 19 57 31 25 43 24 51 44 47 19 13 38 36 35 31 18 21 18 40 42 11 35 47 36 16 39 11 19 38 29 45 35 27 41 5 6 12 31 28 26 49 44 14 44 14 30 19 40 50 15 44 17 32 36 40 29 28 12 19 20 36 26 26 51 49 22 24 36 46 51 10 33 29 26 20 48 10 37 30 27 19 49 18 32 41 32 29 9 19 51 48 21 33 13 14 20 41 2 26 26 33 12 40 41 46 8 46 16 35 35 33 35 39 30 25 27 24 28 44 47 40 4 42 39 56 3 21 40 11 30 12 19 55 25 24 13 33 45 11 4 20 24 16 33 45 37 19 22 7 11 45 34 35 43 40 19 19 34 30 25 25 35 28 13 34 36 13 40 8 13 17 47 43 8 41 2 45 14 22 28 40 37 39 38 20 21 11 40 38 57 21 24 55 7 34 54 20 42 48 26 33 18 18 49 28 39 33 31 9 15 36 32 5 35 50 14 12 19 7 16 6 40 24 28 9 23 34 15 50 36 23 25 31 27 36 12 27 30 25 49 23 26 41 25 27 24 21 18 39 21 51 52 37 19 37 48 12 34 46 16 32 46 14 20 49 58 33 28 27 15 10 25 12 18 24 32 40 55 46 27 18 22 46 53 35 31 7 8 9 28 45 12 36 41 20 48 49 29 23 45 16 25 18 30 1 45 39 29 30 48 29 21 45 33 48 36 19 10 21 9 32 24 44 16 26 13 55 5 24 33 50 30 43 36 13 44 17 34 40 50 49 25 29 44 17 18 31 9 28 18 44 45 59 5 22 53 23 34 22 29 22 22 46 19 34 48 49 34 43 27 15 17 20 39 16 43 19 43 40 13 36 35 9 22 50
42 44 42 44 14 12 20 26 28 16 32 17 32 36 35 16 8 30 28 28 11 34 21 18 21 33 25 40 26 38 11 31 37 29 39 18 16 17 9 31 13 37 37 34 28 30 22 25 21 15 37 13 23 34 20 18 30 24 25 20 25 27 32 25 31 27 30 22 30 38 11 17 8 26 24 6 35 21 32 28 20 33 32 35 33 19 31 33 8 26 13 20 0 28 21 29 32 27 20 32 23 19 16 14 20 10 31 17 16 28 10 17 18 29 36 10 25 31 24 26 34 24 24 34 18 23 29 13 17 31 35 17 21 37 18 22 29 8 24 18 4 10 40 11 27 30 39 18 11 32 14 37 29 33 33 7 3 25 27 39 23 28 29 39 25 29 21 20 29 18 21 32 14 14 24 22 14 26 36 12 25 24 31 24 32 19 20 30 8 8 39 12 34 27 4 37 25 27 35 31 19 23 25 25 12 31 28 21 25 21 26 27 28 7 19 28 4 20 11 27 19 10 22 17 25 10 13 34 7 34 25 19 33 32 16 28 24 32 19 35 18 25 22 27 23 10 27 1 33 21 8 30 32 33 24 38 33 30 31 15 14 30 28 16 29 30 17 23 15 34 29 36 30 31 16 35 12 31 33 32 5 15 15 17 10 23 20 8 6 14 27 29 22 27 24 27 18 26 31 31 21 29 11 8 23 28 36 34 32 26 24 33 26 36 19 21 22 20 24 22 22 37 33 19 22 27 28 20 18 20 12 35 15 28 31 6 25 24 31 25 17 37 27 20 37 28 18 37 5 16 27 22 8 20 21 27 28 13 32 11 29 25 17 32 19 34 7 37 12 22 27 20 18 27 25 18 33 27 38 30 32 35 24 28 35 34 27 33 21 32 31 33 30 19 20 22 24 18 18 30 29 24 16 35 28 32 32 26 24 24 22 5 20 25 31 30 34 31 33 14 28 30 20 24 32 7 11 17 29 6 32 25 33 19 38 29 13 21 25 31 34 18 6 30 35 28 15 26 9 13 26 17 4 30 39 20 19 16 15 23 29 13 22 23 21 29 38 31 13 30 8 31 41 23 29 25 18 15 16 26 30 28 25 29 28 30 14 23 27 11 33 26 23 21 25 26 27 23 36 13 30 26 18 32 32 15 22 1 28 38 20 24 22 25 30 37 23 25 21 30 19 25 26 21 25 15 27 24 37 36 5 22 30 12 17 21 16 14 36 34 33 40 24 7 42 6 40 21 29 29 23 26 32 30 28 32 30 24 22 20 27 26 23 28 25 32 33 29 29 26 16 22 32 30
21 70 41 61 16 20 27 15 56 42 55 35 37 54 31 41 27 45 21 55 22 60 37 18 44 56 47 20 31 57 39 27 55 8 18 44 17 21 20 56 20 39 62 60 55 2 14 14 21 22 18 34 46 60 16 44 32 35 41 45 52 43 60 20 58 27 40 15 46 37 36 24 25 26 41 30 51 47 58 56 26 58 20 40 18 46 45 14 36 3 41 46 28 0 35 22 23 39 48 60 50 10 37 28 46 28 3 45 43 52 26 34 17 41 57 37 51 57 5 47 50 23 29 34 37 48 57 22 23 25 51 44 33 63 43 50 25 22 51 13 25 35 57 32 36 44 65 39 38 8 42 56 17 49 13 35 31 35 55 58 49 5 56 55 42 52 49 34 22 43 10 60 40 40 22 38 19 5 51 17 11 49 47 30 6 20 33 48 35 35 40 17 45 39 25 13 30 22 53 54 14 40 45 25 29 59 44 10 4 41 46 17 50 35 21 55 28 29 30 3 35 19 10 42 51 35 28 61 26 9 4 37 17 53 17 56 7 35 47 22 45 23 13 13 47 30 46 29 48 37 21 39 28 8 51 54 57 38 26 36 15 35 36 29 29 55 17 24 20 53 19 56 30 19 33 63 38 59 36 8 26 29 43 45 36 6 46 28 23 16 47 46 13 8 47 12 46 19 55 31 38 47 27 30 27 55 63 20 42 41 50 21 42 32 45 32 30 48 25 41 50 38 61 27 40 49 37 40 43 32 36 56 14 33 52 34 53 46 56 26 30 63 5 12 57 42 33 64 27 23 22 25 35 37 11 46 45 39 55 29 3 30 44 22 45 17 33 53 32 28 45 11 17 40 52 46 25 44 34 58 60 30 47 26 33 51 40 9 46 57 48 51 13 43 10 42 47 45 46 52 29 50 16 10 56 57 50 50 52 50 7 28 23 52 43 28 57 28 56 39 38 33 45 41 57 24 28 24 18 31 59 6 44 23 53 57 30 31 52 24 35 19 28 25 16 49 14 20 31 16 23 35 27 12 39 15 42 39 43 50 56 35 37 50 41 47 40 41 19 58 25 43 20 41 30 48 40 37 20 25 56 49 38 57 25 14 34 50 1 39 43 54 46 46 16 13 29 47 17 32 43 27 35 40 54 29 49 27 54 65 28 15 38 31 51 35 49 34 16 29 39 32 18 49 27 32 23 35 16 14 26 46 44 39 44 42 38 34 57 19 16 39 50 32 21 24 67 31 55 56 50 18 49 53 22 4 29 25 26 37 42 39 8 56 4 60 19 16 49 20 14 49 46 22
54 40 25 63 22 30 39 24 31 18 22 5 14 55 22 34 28 50 45 38 30 32 2 35 14 49 43 52 10 57 24 49 55 40 51 32 19 15 23 24 16 20 31 30 27 36 36 40 39 34 50 33 14 29 20 33 15 5 45 37 31 47 34 42 40 46 50 37 50 22 14 11 16 45 44 16 55 21 30 33 39 27 47 16 47 30 51 45 25 33 25 37 21 35 0 21 24 48 25 35 25 28 36 33 35 30 38 31 20 21 12 37 34 9 54 20 24 45 31 13 54 15 10 19 7 19 38 32 36 49 54 21 3 35 15 30 47 25 27 24 22 30 59 31 8 10 36 38 18 42 24 56 25 52 45 20 22 45 31 57 21 33 40 58 45 46 25 1 46 35 32 36 32 31 17 3 31 35 56 25 38 20 51 44 40 37 40 50 23 18 21 24 54 7 20 47 11 19 54 49 22 5 11 44 32 36 48 26 33 40 12 23 17 21 15 39 24 7 10 33 2 26 26 35 39 29 9 34 16 43 32 39 46 49 32 33 34 15 27 51 23 43 36 40 17 11 46 21 52 3 25 50 20 42 26 58 25 10 21 34 23 50 48 36 16 45 19 42 32 53 23 54 49 46 5 36 28 38 16 42 24 8 26 26 17 30 35 14 20 21 45 11 23 29 42 26 25 42 22 50 5 13 11 13 42 29 37 49 11 7 40 48 7 23 34 41 7 30 43 41 26 20 36 38 42 17 9 40 36 40 13 52 27 11 19 19 28 42 45 14 6 32 36 24 55 48 4 37 16 35 45 41 25 3 34 47 10 31 49 31 34 10 30 48 35 48 25 56 9 9 11 25 19 47 27 29 50 10 23 35 35 22 42 46 20 53 7 43 18 25 50 52 28 14 26 9 16 30 26 19 48 38 20 44 37 46 52 43 31 37 30 16 39 38 52 49 51 19 24 15 49 50 16 7 47 17 11 36 25 15 32 35 53 38 57 33 33 6 28 22 17 16 26 48 48 47 25 20 30 23 18 37 25 29 22 35 13 11 24 34 30 32 43 23 9 13 19 10 29 37 27 11 53 7 48 42 37 35 33 15 42 16 5 34 18 28 8 24 35 21 53 32 15 37 23 40 46 16 49 9 50 14 4 12 21 35 33 20 42 37 40 22 42 44 49 21 37 45 37 18 9 9 42 29 13 36 45 4 49 48 18 16 11 20 22 11 35 9 54 48 47 23 38 16 54 25 38 41 26 32 25 22 51 20 20 39 49 14 41 40 47 46 34 37 32 39 48 44 48 43 24 33 52 22
43 60 19 71 20 30 40 9 50 36 42 24 17 64 9 45 33 56 40 54 32 52 22 32 33 61 53 42 12 66 38 45 65 30 40 45 15 13 25 44 17 17 51 50 46 23 31 33 36 34 40 41 34 49 11 46 11 18 52 48 49 54 53 38 57 44 54 32 57 15 30 14 22 43 51 26 62 40 50 51 40 47 41 19 39 45 57 36 37 22 40 49 29 22 21 0 3 52 42 54 44 22 44 37 48 35 25 45 38 41 20 43 31 23 65 34 43 59 21 33 61 6 12 12 26 38 55 32 36 45 62 38 19 55 34 47 43 28 46 17 27 39 68 38 18 26 56 46 34 30 39 65 7 60 35 33 32 49 50 67 40 19 56 66 52 57 43 20 41 47 25 55 43 43 6 23 30 25 63 24 31 40 58 45 28 35 44 58 35 32 18 22 58 21 26 35 11 3 63 60 14 26 31 42 37 54 54 17 23 49 32 5 37 34 10 55 31 15 23 21 21 26 15 46 53 39 20 53 23 31 20 46 38 60 29 52 25 13 44 43 41 40 31 33 37 23 55 30 59 23 27 53 6 30 45 65 45 19 4 43 20 51 50 39 8 58 14 40 32 62 5 64 48 40 22 55 40 56 14 30 30 18 41 42 32 19 48 23 24 19 55 30 13 14 53 10 42 37 43 48 25 32 20 25 42 48 56 41 23 24 53 42 26 10 47 44 14 46 41 49 44 16 55 40 49 37 17 48 47 44 30 63 24 13 39 32 47 52 59 7 19 52 26 14 65 54 21 56 25 35 41 40 36 24 27 55 29 42 60 37 21 12 44 42 48 39 35 64 24 12 31 16 13 52 46 44 45 29 12 54 54 8 52 44 11 61 23 31 37 46 58 61 11 33 17 29 36 45 43 39 46 52 16 32 54 60 60 55 49 51 21 26 38 53 56 46 63 6 44 32 52 50 35 27 60 22 21 37 6 27 52 26 58 37 64 52 38 15 47 3 13 12 32 44 38 57 20 4 37 21 3 43 31 12 17 31 32 30 40 49 49 40 48 42 29 32 18 22 30 55 31 24 42 27 47 53 46 44 33 6 57 36 21 52 3 10 25 43 23 36 57 50 35 49 8 33 45 36 39 23 55 8 23 20 41 39 48 28 56 57 42 9 48 45 59 13 51 47 33 7 28 14 37 46 9 41 41 19 38 36 25 35 27 36 40 31 44 26 65 40 38 17 52 28 43 29 58 44 46 51 44 6 59 40 2 25 47 8 41 47 53 51 25 54 21 57 40 37 57 38 19 49 58 2
42 63 18 74 22 32 42 9 53 39 45 27 18 66 9 48 36 59 41 57 34 55 25 34 36 64 56 42 14 69 41 47 67 30 41 48 18 15 28 47 19 17 54 53 49 23 32 34 38 36 40 44 37 52 13 49 13 21 54 51 52 56 56 39 60 45 56 34 59 15 33 17 25 45 54 29 65 43 52 54 42 50 42 20 40 48 59 36 39 22 42 52 32 23 24 3 0 54 45 57 47 23 46 40 51 37 25 48 41 44 23 45 33 25 67 37 46 62 22 36 63 9 14 12 29 41 58 34 38 46 64 41 21 58 37 50 44 30 49 19 30 42 70 40 20 28 59 49 37 31 42 68 7 62 35 35 35 51 53 70 43 19 59 68 54 60 46 23 43 49 26 58 46 45 9 26 32 25 65 26 32 43 60 47 28 36 47 60 38 35 18 25 61 24 28 34 14 6 65 63 16 28 34 43 39 57 57 18 24 51 35 6 39 37 13 58 34 18 26 21 24 28 17 49 56 41 23 56 26 31 20 49 39 63 31 55 26 15 47 44 44 41 32 33 40 26 57 33 62 26 29 55 7 30 48 68 48 21 4 45 22 53 52 42 10 61 16 42 34 65 5 67 49 41 25 58 43 59 16 30 33 21 44 45 35 20 51 26 26 21 57 33 14 15 56 11 45 39 45 50 28 34 23 28 44 51 59 42 25 27 56 43 29 9 50 46 17 49 43 52 47 16 58 42 52 40 20 50 50 46 33 66 25 15 41 34 50 55 62 10 22 55 26 15 68 56 24 59 28 37 42 42 39 26 29 58 31 45 63 39 21 15 47 43 50 39 38 66 27 15 34 18 15 54 49 47 46 32 11 57 57 7 55 45 12 64 25 31 40 49 61 63 10 36 19 32 39 48 46 42 48 55 18 31 57 63 62 57 52 54 22 29 40 56 58 48 65 7 47 35 54 52 38 30 63 25 24 39 6 30 55 27 60 39 67 55 40 18 50 2 14 15 35 45 38 59 22 6 39 23 6 46 34 11 17 32 35 33 43 52 52 43 50 45 32 34 19 25 32 58 34 26 42 30 49 56 48 46 35 9 60 39 23 55 6 9 28 46 23 39 59 53 38 52 9 34 47 39 39 26 57 10 26 22 44 41 51 31 59 60 44 10 50 47 61 13 54 49 34 8 31 17 38 49 11 43 43 22 39 37 27 38 29 39 43 33 47 29 67 41 38 17 55 31 43 32 61 46 49 54 47 7 61 43 5 24 48 11 43 49 55 53 26 57 21 60 41 37 60 39 21 51 60 3
40 59 68 22 33 22 13 46 43 39 55 44 59 15 59 19 20 6 22 33 21 50 48 22 46 22 15 38 52 20 28 19 18 34 37 25 37 41 28 53 37 63 56 52 46 41 26 27 19 19 35 16 48 53 42 24 56 51 5 20 37 5 46 22 37 16 4 25 8 64 36 42 34 15 8 32 13 42 49 40 14 53 27 62 31 30 6 34 26 38 29 22 27 39 48 52 54 0 38 46 40 33 13 15 24 19 41 26 37 50 37 11 23 56 20 32 44 28 37 51 11 48 50 60 44 46 36 20 17 21 13 38 48 52 42 34 20 25 41 36 27 20 18 17 54 57 55 13 34 37 32 17 50 10 35 30 26 5 41 21 44 42 32 16 7 20 38 47 22 19 31 43 21 22 48 49 23 35 12 29 30 45 8 11 40 20 8 11 27 32 65 30 7 54 29 40 51 50 16 20 39 49 50 17 17 42 6 38 36 11 51 49 53 29 43 32 24 46 38 39 46 27 39 18 27 21 39 49 33 39 39 9 30 18 24 39 33 58 34 28 36 19 27 29 47 37 12 27 10 48 26 5 57 39 41 15 55 57 55 15 32 9 6 13 54 25 39 17 21 16 50 20 14 27 43 50 24 40 59 38 24 42 31 33 34 38 23 35 30 34 13 55 41 43 16 45 35 23 54 14 47 54 38 35 13 44 49 30 58 53 24 27 52 61 23 8 48 32 16 10 38 63 46 14 9 51 55 11 19 9 37 21 30 54 55 30 42 15 26 50 43 55 36 40 20 4 45 51 32 18 20 15 25 47 29 11 54 21 22 17 41 51 27 26 22 32 24 15 39 48 52 38 40 2 41 30 23 53 62 42 45 59 17 18 60 12 54 38 43 52 11 14 48 44 37 47 48 28 34 54 15 26 37 40 35 27 12 20 37 27 35 32 17 30 5 17 23 55 55 38 4 12 44 50 26 33 38 16 50 33 47 34 6 17 14 42 15 48 41 54 60 41 22 21 34 15 32 49 19 32 50 12 24 47 65 25 44 41 33 31 45 17 6 43 46 55 64 58 23 39 22 58 39 49 13 18 15 16 21 50 31 53 52 41 52 49 40 42 39 32 6 39 47 21 46 28 13 47 35 40 4 51 45 59 55 14 31 28 28 53 12 44 6 10 16 62 26 7 24 55 44 52 24 34 51 13 19 51 37 37 31 46 57 33 36 46 16 40 21 30 31 66 25 33 39 24 55 9 48 43 41 48 11 53 51 42 16 48 14 8 5 2 32 37 38 40 29 28 14 23 34 30 7 52
62 24 49 45 33 32 36 42 8 8 18 20 37 39 45 20 26 37 47 15 30 14 24 37 13 30 27 60 34 39 11 48 38 49 58 14 33 32 29 16 30 44 19 15 9 50 42 45 40 34 56 24 15 16 36 16 39 29 34 20 7 36 12 44 16 44 41 42 37 46 14 30 24 43 32 19 40 5 12 9 36 16 51 39 53 10 40 53 15 46 10 19 20 48 25 42 45 38 0 13 3 39 25 30 16 26 51 13 6 13 24 29 37 30 36 11 6 23 43 18 40 36 33 43 18 10 14 32 35 49 39 4 26 17 10 7 47 28 4 36 24 20 43 24 32 29 19 26 10 52 8 39 45 38 53 14 18 38 8 39 7 47 17 42 33 27 1 24 47 19 41 13 18 17 38 23 34 45 42 32 45 8 38 40 52 38 33 35 15 13 45 32 43 30 24 57 34 41 38 30 36 22 19 43 27 12 36 39 44 28 19 43 18 14 34 16 22 29 21 46 23 30 40 21 17 19 24 14 23 54 45 29 52 31 36 10 44 39 5 54 3 43 42 47 12 21 31 20 39 23 28 42 43 53 4 42 18 34 44 23 33 44 41 31 39 24 34 41 34 37 44 35 46 50 22 15 15 14 40 52 24 24 8 6 12 43 17 21 26 32 30 24 39 45 26 44 4 45 17 47 21 22 24 19 39 8 16 54 32 26 20 52 24 46 17 35 30 8 41 29 2 44 13 35 30 16 33 28 20 34 14 33 35 35 19 15 5 26 24 37 25 18 47 38 37 37 23 17 21 34 46 39 16 22 41 32 24 18 29 26 48 33 11 51 18 54 18 40 20 32 21 38 34 37 5 9 51 23 47 12 12 46 25 46 44 38 28 53 9 15 36 36 47 12 39 18 13 11 4 18 45 17 33 55 14 25 37 25 7 16 42 20 38 15 41 47 31 42 18 10 41 45 10 22 26 24 23 34 45 18 12 45 43 37 42 10 28 29 5 45 41 33 23 48 55 30 34 41 24 32 39 28 23 47 46 39 13 14 6 11 9 23 33 6 17 24 43 32 32 13 27 32 61 20 44 25 24 23 35 38 19 19 28 10 41 46 19 4 47 10 43 8 13 20 41 46 43 13 56 19 39 37 21 34 18 30 11 21 20 18 36 40 32 39 32 45 17 38 41 41 17 33 45 6 36 29 45 28 57 56 23 12 28 9 4 16 23 18 35 53 53 47 18 17 61 26 20 35 11 9 4 42 37 16 42 51 47 36 39 30 35 36 43 13 44 15 52 49 31 45 35 12 39 44
74 14 58 48 45 43 46 54 5 19 20 31 46 43 56 28 37 44 58 14 42 7 34 49 22 32 32 71 45 42 23 58 41 61 70 21 45 44 40 16 42 53 13 10 9 62 53 57 51 45 68 34 22 13 48 23 49 39 41 26 9 43 2 55 13 54 49 53 43 55 25 41 36 53 39 31 45 15 8 6 47 14 62 48 64 17 46 65 26 58 21 25 32 60 35 54 57 46 13 0 11 51 34 40 22 37 63 20 18 16 36 38 49 38 39 23 12 24 56 25 45 48 43 53 28 17 12 44 46 60 44 16 37 7 21 13 57 39 9 48 36 30 46 35 41 37 10 34 22 64 19 42 57 43 65 26 30 47 6 42 15 59 17 47 40 31 12 35 58 27 53 4 27 26 49 33 45 57 47 44 57 15 43 50 64 49 43 40 26 25 54 44 49 38 36 69 45 52 42 32 48 31 26 53 38 6 42 52 56 35 26 54 23 26 45 16 33 40 32 58 34 42 52 28 21 30 35 5 35 66 57 38 64 35 48 7 56 49 14 65 15 54 54 58 19 33 36 32 44 33 40 51 54 65 10 47 17 42 55 32 45 52 50 41 50 26 46 52 46 41 55 38 55 61 33 5 25 8 49 64 35 36 18 16 24 55 23 33 38 44 35 31 51 57 31 56 15 56 18 56 31 29 36 31 49 6 4 65 40 34 24 63 33 57 23 44 40 15 52 36 11 53 1 45 37 21 42 35 28 43 25 36 47 45 23 27 8 32 26 48 36 12 59 50 40 44 34 6 33 45 56 50 27 32 53 37 31 27 32 37 60 44 20 62 24 65 29 45 31 43 28 50 46 45 9 17 62 30 57 4 1 57 30 56 54 43 36 65 18 14 41 41 58 22 51 27 20 19 15 22 55 21 45 67 12 26 42 29 10 20 54 32 49 18 48 57 33 52 18 22 49 55 20 30 27 36 34 45 56 30 3 57 50 48 47 4 38 39 8 56 51 45 35 59 67 35 47 52 34 44 51 37 35 59 56 51 23 25 18 15 6 33 42 12 27 30 52 40 44 9 38 39 72 29 54 30 32 32 47 49 19 24 37 6 52 58 30 12 59 22 50 8 21 26 53 57 52 20 67 31 46 48 31 43 20 40 16 33 21 8 46 52 40 49 36 55 21 48 52 52 27 43 56 13 47 39 56 38 69 68 35 20 36 21 16 25 31 29 37 64 64 57 22 29 73 38 10 45 11 4 11 53 42 19 53 64 57 47 49 39 42 44 55 10 56 9 63 60 36 56 47 17 46 55
64 22 49 47 34 34 38 44 7 9 16 21 37 40 46 22 28 40 49 15 32 12 24 39 13 31 29 62 35 40 14 50 40 51 61 15 35 33 30 14 31 44 16 13 7 51 44 47 42 36 58 26 14 14 38 17 39 29 36 22 7 38 10 46 16 46 43 44 38 46 15 31 26 45 34 21 42 5 10 9 39 14 53 39 55 12 42 55 17 48 13 21 23 50 25 44 47 40 3 11 0 40 27 32 18 29 52 14 7 11 25 31 39 30 37 13 5 24 45 18 42 38 34 43 19 9 14 35 37 51 41 6 27 15 11 8 49 30 2 38 26 22 45 26 32 29 17 28 12 54 10 41 46 40 55 16 20 40 7 41 6 49 18 44 35 29 2 25 49 22 43 11 20 19 39 24 36 47 44 34 47 7 40 42 54 40 36 37 17 15 45 34 45 30 26 59 35 42 39 31 38 22 19 45 30 12 38 41 46 30 18 44 17 16 35 17 24 30 22 48 24 33 42 23 19 22 25 12 25 56 47 31 54 33 38 9 46 40 6 56 5 45 44 49 11 22 33 22 41 23 30 45 44 55 2 44 16 34 45 25 35 46 43 33 40 25 35 43 37 38 45 37 48 52 23 14 18 13 40 54 26 26 10 8 14 44 19 23 27 34 32 23 41 46 28 45 6 47 15 49 21 22 25 21 41 5 14 56 32 26 21 54 24 47 19 37 31 10 44 31 3 44 12 37 32 15 33 30 23 36 15 35 37 35 18 17 4 28 26 38 25 16 49 40 38 39 24 15 23 36 48 41 19 22 43 34 24 20 31 28 50 34 14 53 20 56 20 42 21 33 20 40 36 39 3 10 53 22 47 11 11 47 27 48 44 40 28 55 9 12 38 38 48 12 40 18 13 12 7 17 47 19 35 57 14 26 39 26 8 18 44 22 40 17 43 49 32 43 16 12 43 48 10 22 27 26 24 37 46 19 10 47 45 39 44 8 30 30 3 46 42 34 25 50 57 32 36 42 26 34 41 30 25 48 47 42 13 15 9 13 7 25 35 4 18 23 43 32 34 13 29 31 63 20 47 27 26 25 37 38 20 18 28 10 41 48 20 3 49 12 45 7 13 22 42 48 45 12 58 21 41 38 22 35 17 32 12 23 21 16 39 42 34 42 33 46 18 41 43 42 17 33 47 8 37 31 47 28 59 58 25 11 28 11 6 16 25 19 36 55 55 48 19 18 63 28 18 37 9 8 1 43 39 15 43 53 49 37 41 32 37 38 45 13 46 14 54 51 33 48 37 13 42 45
26 61 39 54 7 12 20 14 46 33 47 27 34 46 30 31 18 38 19 46 14 51 30 12 36 47 38 25 26 50 29 24 48 12 23 35 10 15 11 47 13 36 54 51 45 12 10 13 15 14 22 26 38 51 12 35 29 29 34 35 43 35 50 17 49 23 34 11 39 35 27 18 16 22 34 20 44 38 49 47 20 49 21 37 20 37 38 18 26 8 31 37 19 10 28 22 23 33 39 51 40 0 28 19 37 19 13 35 34 44 18 26 10 35 49 28 42 48 6 39 43 20 25 32 29 39 47 13 16 24 44 35 27 54 34 40 22 13 42 5 15 26 50 23 31 38 56 30 29 15 32 48 18 42 17 25 22 29 45 50 40 11 46 48 34 43 39 27 20 33 4 50 31 31 19 31 10 8 44 8 11 40 40 25 14 14 26 40 26 26 37 7 39 33 15 20 25 20 46 45 9 33 37 21 20 49 36 5 6 33 38 17 42 26 15 45 19 23 22 9 28 10 7 33 42 26 20 52 17 16 7 29 19 45 9 46 6 32 38 23 36 19 10 13 39 21 38 20 41 30 12 33 27 15 42 47 49 34 25 28 6 30 30 21 26 46 11 19 12 45 19 48 27 20 26 53 29 50 33 15 17 22 34 35 27 6 37 19 14 8 39 39 9 11 38 13 36 16 47 27 31 40 19 21 22 45 54 22 37 34 41 22 35 31 36 25 25 38 20 33 40 35 51 20 32 41 32 32 34 25 27 48 4 28 44 24 44 37 47 23 23 54 9 8 49 35 26 55 18 16 20 20 25 30 7 38 38 30 46 21 11 26 34 22 36 20 24 46 23 23 38 6 11 33 43 36 24 37 33 49 50 29 38 23 32 43 34 15 37 48 41 44 15 34 5 34 39 36 37 44 25 41 9 17 46 48 42 41 43 41 4 19 17 43 37 25 48 26 48 30 32 29 36 34 48 15 20 17 18 22 50 8 38 17 46 47 21 25 43 23 32 14 19 23 20 41 5 18 22 7 20 26 18 15 37 10 34 30 34 41 47 26 30 40 33 40 37 36 11 48 15 37 25 34 26 39 31 29 13 22 47 42 32 48 23 16 25 41 9 30 38 44 37 36 14 12 25 38 21 24 36 24 28 36 46 21 40 18 45 56 22 13 30 25 43 33 40 28 12 26 31 28 16 39 24 24 20 29 22 20 16 37 38 30 35 34 30 26 49 21 19 37 41 23 26 15 58 24 46 47 41 17 41 45 20 13 26 21 20 29 35 32 6 47 7 50 21 16 41 17 5 40 39 21
43 47 58 28 26 17 14 39 30 26 42 31 48 20 50 7 11 15 26 23 15 38 36 20 33 20 11 41 42 23 15 25 21 34 40 14 29 32 19 40 28 53 43 39 34 39 25 27 20 16 38 3 35 41 34 12 46 40 10 10 26 12 34 24 27 21 17 24 14 54 24 32 23 20 9 21 20 29 37 29 14 40 31 51 34 17 16 35 13 35 16 11 16 37 36 44 46 13 25 34 27 28 0 10 13 10 38 14 24 37 26 5 21 44 22 19 31 21 33 38 19 39 39 50 32 33 26 15 15 27 19 25 36 40 29 22 25 17 28 29 17 7 25 6 42 45 43 3 21 37 19 22 43 17 36 17 14 13 29 24 31 38 23 23 9 16 25 35 26 8 28 32 8 9 39 37 19 32 21 22 29 32 16 16 39 19 9 15 14 19 54 23 19 43 19 41 41 42 20 18 31 37 37 20 9 30 13 32 33 5 38 41 40 16 34 22 13 35 27 36 34 19 33 7 17 8 28 37 22 39 35 4 33 17 20 28 30 48 22 33 23 22 26 29 34 26 11 15 17 36 18 18 47 39 29 23 42 45 46 2 25 19 16 9 44 19 31 19 18 19 43 21 22 30 31 38 11 30 49 38 14 30 18 20 21 33 13 23 20 26 12 42 34 38 11 39 22 25 41 23 35 41 27 23 16 32 38 34 47 41 15 31 40 52 12 10 38 20 19 6 26 53 35 13 6 38 44 5 8 10 25 20 24 43 42 18 29 10 20 41 32 43 34 33 22 13 33 39 21 15 24 17 12 35 27 12 41 8 19 8 38 40 15 30 11 35 11 21 27 37 40 31 32 13 29 18 29 40 53 31 33 50 10 23 51 18 42 38 30 39 15 18 42 31 31 35 35 16 21 41 22 16 29 40 25 21 17 14 25 17 31 20 17 20 17 24 21 46 42 25 16 21 31 37 21 22 27 14 43 21 35 32 19 17 22 31 7 37 28 46 49 32 12 26 37 13 26 40 8 24 41 3 13 42 55 23 31 28 20 20 33 4 9 30 34 43 53 46 18 28 13 46 42 36 20 11 4 3 18 41 22 40 40 29 43 42 28 29 36 19 19 27 34 11 39 28 19 34 37 28 15 42 33 47 42 9 19 17 19 41 13 37 7 15 16 52 15 14 23 46 32 41 26 22 41 6 24 39 39 38 20 33 45 20 23 33 3 28 22 33 34 56 16 21 43 15 43 11 35 31 28 40 16 40 42 39 23 39 16 5 11 11 29 26 34 29 32 30 14 25 27 18 17 44
35 53 53 35 18 8 7 32 36 28 44 30 44 27 44 15 6 20 18 31 6 43 34 11 34 29 20 33 37 31 19 19 29 25 31 20 22 26 13 43 22 49 47 44 38 30 16 19 11 7 29 8 36 45 27 19 41 37 15 19 32 17 40 15 35 15 17 15 20 49 24 27 19 14 15 19 26 32 41 35 7 44 23 47 25 24 20 26 15 26 20 20 14 28 33 37 40 15 30 40 32 19 10 0 21 4 30 21 26 39 22 7 12 42 30 20 35 30 24 39 24 33 35 45 31 35 34 7 6 20 25 28 33 46 30 28 18 10 33 22 12 10 31 6 39 43 48 11 22 28 22 29 35 23 27 18 14 13 35 32 34 29 31 29 15 24 30 33 18 17 19 39 15 15 33 35 10 24 26 14 20 35 21 12 30 10 8 22 16 20 50 15 22 40 14 32 36 35 27 27 24 36 38 14 3 37 18 24 24 14 39 34 41 17 28 30 10 31 24 27 32 12 25 15 26 11 25 43 19 30 26 10 25 26 12 34 22 44 27 25 27 14 17 20 35 23 19 13 23 34 11 18 42 30 33 29 45 42 40 10 18 17 15 3 39 28 24 12 8 26 35 29 17 22 29 44 15 37 44 29 10 27 23 25 22 25 21 20 15 19 20 42 27 30 19 31 27 16 43 18 34 41 23 21 10 37 44 25 44 39 24 23 39 46 20 8 34 26 12 14 31 48 41 6 13 39 40 13 16 7 25 29 16 39 43 18 34 18 29 35 29 47 24 25 30 17 30 45 18 6 17 10 14 33 17 19 41 14 28 4 29 36 21 22 19 26 13 27 25 33 39 23 25 15 34 24 22 40 47 37 39 44 20 17 45 25 40 29 33 43 22 25 34 32 23 34 36 22 26 42 16 25 22 31 32 30 23 23 31 25 22 18 9 28 20 18 30 40 44 26 16 18 32 37 30 18 24 5 36 20 40 22 21 8 28 37 3 33 34 39 45 26 8 19 28 22 18 34 6 17 35 8 10 34 50 14 32 29 24 27 38 9 11 34 33 43 49 43 9 35 7 44 34 36 16 21 13 11 9 35 31 41 38 36 37 34 27 33 27 21 21 33 35 19 31 19 14 35 29 26 18 36 31 44 44 2 26 14 28 47 8 30 11 11 24 47 24 12 14 40 31 37 17 27 36 5 16 36 30 30 16 34 43 22 26 34 12 27 30 25 26 51 24 19 34 9 49 8 39 37 33 33 22 42 36 31 18 33 9 10 16 14 21 33 25 37 24 21 22 17 19 25 21 37
56 36 59 30 33 26 26 45 19 19 33 30 48 23 53 7 20 23 39 10 25 27 34 31 27 15 12 53 43 24 11 38 23 45 52 3 35 36 27 31 32 54 33 29 23 48 36 39 32 27 50 14 29 31 39 2 47 39 19 5 14 21 23 36 14 34 27 35 22 55 21 35 26 33 17 22 25 20 26 17 27 31 43 50 46 7 25 47 12 44 10 3 20 46 35 48 51 24 16 22 18 37 13 21 0 19 48 4 17 28 28 17 32 42 21 15 22 12 42 32 25 42 41 52 29 25 13 26 27 39 24 17 35 29 23 11 37 25 17 37 23 12 28 16 42 42 31 13 17 48 12 24 48 23 48 16 17 25 17 24 22 47 10 27 18 12 16 34 38 5 37 20 7 7 43 34 29 42 27 30 40 23 23 29 49 31 22 20 13 17 55 31 28 41 24 52 42 46 22 15 38 34 32 33 19 18 21 39 42 13 33 47 33 15 38 9 18 36 27 45 33 28 41 7 5 12 30 25 25 50 44 16 45 16 31 16 41 49 12 45 14 34 37 41 26 26 15 19 23 34 26 29 50 50 19 27 33 44 50 12 32 31 28 21 47 11 36 32 28 21 48 20 35 42 30 26 9 17 49 49 21 31 10 11 18 42 1 25 26 33 15 37 41 46 11 46 13 37 32 35 32 36 29 24 29 21 26 46 44 38 5 44 37 54 2 23 38 8 32 14 16 54 22 25 16 31 43 14 6 22 22 19 33 44 34 17 19 10 12 43 32 32 44 40 22 22 32 27 24 26 37 30 13 32 37 16 37 8 15 18 47 41 5 43 3 47 14 25 27 39 35 39 37 23 18 8 42 36 55 18 21 53 10 36 52 23 39 49 23 30 21 21 49 25 38 30 28 6 12 33 34 4 35 51 12 13 22 9 13 5 40 23 29 7 26 37 17 49 33 20 27 34 24 34 13 26 28 26 49 22 23 42 28 29 27 19 19 37 18 50 50 37 19 39 49 15 34 45 16 31 45 16 20 49 56 34 26 25 12 7 22 13 20 21 30 38 53 44 27 15 22 44 54 33 33 10 10 11 29 44 11 33 39 17 47 49 27 20 45 14 28 15 27 4 44 40 32 27 49 27 24 44 31 46 33 21 7 21 9 29 26 43 19 28 16 54 3 26 35 48 28 42 38 10 43 18 36 38 51 50 24 26 41 15 15 29 10 26 20 45 46 57 5 21 55 23 32 24 26 19 19 46 22 32 47 49 36 42 29 17 20 22 40 13 43 17 45 42 16 37 34 6 25 49
37 50 50 37 16 8 11 30 33 24 40 26 40 29 42 14 2 22 21 29 6 40 30 12 30 29 20 35 34 32 15 22 31 26 34 18 20 23 10 39 19 45 44 40 35 30 17 20 14 8 31 8 32 41 24 18 38 33 17 18 29 20 37 18 33 19 21 17 22 45 20 24 15 18 17 15 28 28 38 32 11 40 25 43 28 21 23 28 12 25 17 19 10 28 30 35 37 19 26 37 29 19 10 4 19 0 30 19 23 36 18 9 13 38 31 17 31 30 24 35 27 30 32 42 27 31 31 7 9 23 28 24 29 43 26 25 21 8 30 20 9 8 33 4 35 39 45 12 19 29 19 31 33 25 29 14 10 16 32 33 30 29 29 32 18 25 27 29 21 16 19 36 13 13 30 31 10 24 29 12 21 31 24 16 30 13 11 24 12 16 47 13 25 36 11 33 33 33 29 27 22 32 34 17 3 35 20 22 24 15 35 32 37 13 25 28 6 28 20 27 28 10 24 15 24 9 21 40 15 31 26 12 27 27 12 32 22 40 24 28 24 17 18 22 32 19 21 9 25 30 9 21 39 31 30 31 41 39 37 10 16 21 19 7 36 28 21 15 9 28 33 31 21 25 25 41 13 34 41 30 6 23 20 22 18 24 19 16 12 17 21 38 25 28 20 30 23 19 39 22 30 37 19 17 14 33 41 28 40 35 23 26 35 43 18 12 30 23 16 15 28 45 38 10 15 35 37 14 16 11 21 30 15 35 39 14 31 19 29 32 25 44 25 23 31 20 26 42 14 8 20 13 10 29 18 21 37 12 28 3 29 32 19 25 18 28 9 30 21 29 35 22 23 19 30 21 25 36 44 35 37 42 20 20 42 27 36 30 29 39 24 27 32 28 21 30 32 20 23 38 20 23 19 32 30 30 25 23 28 24 22 14 12 26 23 22 30 37 41 22 19 22 28 33 29 14 20 9 34 16 37 23 25 11 30 34 4 30 30 37 41 23 4 22 30 23 16 31 4 15 32 9 6 32 47 15 28 25 20 25 35 7 14 30 29 39 45 39 9 33 4 40 36 32 20 21 13 11 10 32 30 37 34 33 34 33 23 30 27 17 24 30 31 19 29 21 18 31 31 22 21 33 27 40 40 6 24 10 27 44 12 28 14 15 25 44 22 16 16 37 27 34 20 25 33 7 19 32 32 31 13 30 39 18 23 30 12 23 31 27 28 48 23 15 36 6 46 12 36 34 29 31 25 38 33 31 21 30 13 13 19 17 21 31 25 35 27 23 23 20 18 23 24 35
19 73 43 62 19 23 28 17 58 45 58 38 40 55 32 43 29 46 21 58 25 63 39 20 47 58 49 18 33 59 41 27 57 8 17 47 20 24 23 59 23 41 65 63 57 2 15 14 22 24 16 37 49 62 19 46 34 38 42 47 55 44 62 20 61 27 41 16 47 39 39 27 28 27 43 32 53 50 61 59 27 61 20 42 17 49 46 13 38 5 43 48 31 3 38 25 25 41 51 63 52 13 38 30 48 30 0 47 46 55 29 36 19 44 58 40 54 59 8 49 51 26 32 36 40 51 59 23 25 25 52 47 36 66 45 52 25 25 54 15 27 37 58 34 39 47 68 41 41 7 44 57 18 50 11 37 34 37 57 60 51 7 58 56 43 54 51 37 23 45 12 62 42 42 25 41 21 6 52 20 12 52 48 31 3 21 34 50 38 38 42 19 46 42 27 11 32 24 55 56 17 43 47 26 31 61 45 13 7 43 49 20 53 38 23 57 31 32 33 5 38 21 13 44 53 37 31 64 29 6 7 39 16 55 18 58 8 37 50 22 48 23 14 13 50 32 48 32 50 40 24 39 31 5 54 55 60 41 28 39 18 36 37 31 31 57 20 25 22 55 21 58 31 19 36 65 41 62 38 6 29 32 46 48 39 9 48 30 26 19 49 49 15 11 49 15 48 19 58 31 41 50 29 33 28 57 66 19 45 44 52 20 45 34 47 33 33 50 26 43 52 40 64 28 42 52 39 42 45 33 39 58 16 35 55 36 56 48 58 29 33 65 6 15 58 43 36 67 30 25 23 26 37 40 13 48 47 41 57 32 5 33 46 21 47 16 36 55 34 30 48 14 20 41 55 48 25 47 36 61 62 32 48 26 36 52 43 7 49 59 50 53 15 46 13 44 50 48 49 55 29 52 19 8 58 59 51 52 55 52 9 31 25 55 45 28 59 30 59 42 39 34 47 44 59 27 31 26 19 34 62 8 45 24 54 60 31 34 55 25 37 22 30 25 14 51 17 22 33 19 25 37 30 14 41 17 45 42 46 53 59 37 38 52 44 50 42 44 22 60 27 45 17 44 31 49 42 40 22 27 59 52 40 60 27 16 37 53 4 42 44 56 49 48 18 14 30 49 15 35 44 30 38 43 57 31 52 30 56 68 30 17 39 32 53 37 51 35 17 31 42 35 19 51 30 34 24 38 15 13 28 49 47 42 47 45 41 37 59 18 15 40 52 35 18 26 70 33 58 59 53 20 50 56 24 1 29 27 27 39 44 40 9 59 7 62 19 16 51 20 16 51 47 24
55 34 55 34 31 26 27 43 17 16 30 26 44 27 50 8 19 26 39 11 24 25 31 31 23 19 15 53 39 27 8 39 26 44 52 1 33 33 25 28 30 50 30 26 21 47 35 39 32 27 50 14 25 28 37 3 44 35 22 8 12 24 21 36 14 35 30 35 24 52 18 32 24 34 20 19 28 17 23 15 27 28 43 47 46 4 28 47 9 42 6 7 17 45 31 45 48 26 13 20 14 35 14 21 4 19 47 0 13 25 25 19 31 38 25 12 19 15 40 29 28 39 38 48 25 21 13 26 27 40 27 13 32 26 19 8 38 23 15 35 21 11 31 15 38 38 29 14 13 47 8 27 46 26 47 13 14 27 15 28 19 45 12 31 21 16 12 30 39 8 36 18 7 6 40 31 28 41 30 28 39 20 26 30 48 31 23 23 11 14 52 29 31 37 21 51 39 43 26 19 36 30 29 34 19 17 24 38 41 16 29 44 29 12 35 11 17 33 24 43 30 26 39 9 8 11 26 23 23 49 42 18 45 20 30 14 39 45 8 46 11 34 36 40 23 23 19 16 27 30 24 31 47 49 16 30 30 41 47 13 31 33 30 22 43 14 34 32 28 25 45 24 36 43 27 24 7 16 46 48 19 28 6 8 15 40 5 22 23 31 18 34 39 44 14 44 10 37 29 37 29 33 26 21 30 18 24 46 41 34 9 44 33 51 5 24 35 6 32 17 13 50 21 26 18 27 40 16 9 24 18 22 31 40 31 14 16 14 15 40 29 29 43 37 26 25 29 26 21 26 37 30 11 29 36 20 34 8 18 18 45 38 2 43 6 47 12 28 23 36 31 37 35 25 16 4 42 32 52 17 19 50 13 37 49 26 36 48 20 26 24 24 47 22 37 27 24 2 9 30 35 7 33 50 12 16 25 13 11 7 38 20 30 8 29 38 20 46 30 17 29 35 21 30 16 24 25 26 46 19 21 41 31 29 30 17 19 34 15 47 47 34 17 39 49 18 32 42 16 30 42 17 18 47 53 33 22 21 9 6 19 13 22 18 26 34 50 40 26 15 21 40 54 29 34 13 12 12 28 41 13 30 35 15 44 47 24 17 44 10 31 13 24 8 42 39 33 23 49 24 27 41 28 42 30 21 5 18 11 27 27 41 21 29 20 51 6 28 34 45 25 38 38 8 40 19 37 35 51 50 22 22 38 11 11 25 12 23 24 45 46 53 8 18 55 21 30 25 23 17 15 43 25 28 44 48 37 39 29 19 23 25 38 13 41 16 45 42 19 38 33 5 28 46
58 28 45 46 28 28 33 37 13 3 19 15 33 39 41 19 22 37 43 18 26 18 20 33 11 31 27 56 30 40 9 45 39 45 54 14 28 27 24 17 25 39 22 18 13 45 37 41 36 30 52 22 13 19 31 16 34 25 33 20 12 35 17 40 20 41 40 37 36 41 9 25 19 40 31 14 40 6 16 15 33 18 47 35 49 11 39 49 12 41 9 19 16 43 20 38 41 37 6 18 7 34 24 26 17 23 46 13 0 14 19 27 33 26 37 7 9 26 39 16 40 32 28 38 14 9 18 29 31 46 39 2 22 21 7 10 43 23 9 31 20 18 44 21 27 26 23 25 5 48 6 40 40 38 49 10 14 36 13 40 8 42 20 43 32 28 7 20 44 19 36 18 17 16 32 19 30 41 42 27 41 9 37 37 47 34 31 35 11 8 41 27 42 26 19 52 29 35 38 31 31 18 16 39 24 18 35 35 40 27 17 38 17 10 29 19 18 24 16 41 19 26 35 20 20 17 19 19 18 49 40 28 48 32 32 14 39 35 7 50 4 39 38 42 11 16 31 15 38 19 24 41 38 49 9 43 19 30 39 22 28 41 39 28 34 26 29 38 30 37 39 36 43 46 17 20 13 19 35 48 20 20 7 6 7 38 17 16 21 27 30 21 34 40 26 39 5 41 18 44 17 20 19 14 36 12 21 50 29 23 21 48 21 42 17 32 25 10 38 28 8 40 19 32 29 15 29 27 20 31 8 35 30 30 19 10 10 26 27 32 20 21 42 33 38 36 18 22 16 31 42 36 13 17 37 32 21 17 31 23 43 28 12 47 18 49 14 41 14 27 19 33 29 35 9 10 48 20 42 17 17 41 25 43 39 38 24 48 8 17 36 37 41 9 34 15 12 11 6 18 42 19 28 50 18 27 37 26 12 18 37 15 34 18 40 44 33 37 19 6 39 43 8 18 28 19 18 31 40 13 17 40 42 34 42 15 25 24 10 40 37 28 19 45 51 31 30 36 21 27 35 26 19 42 42 35 10 9 5 14 14 21 32 8 14 22 39 28 28 18 23 28 56 17 42 26 23 21 31 33 22 17 24 16 36 41 14 8 42 6 42 12 11 20 36 42 40 11 51 15 38 32 17 31 18 27 13 17 22 23 33 35 31 37 32 41 18 36 37 36 13 28 41 9 31 26 42 24 53 51 18 10 25 5 3 13 22 13 36 49 49 43 20 12 57 22 25 33 14 14 8 37 37 16 36 47 44 31 35 29 34 35 38 17 39 20 48 45 32 42 30 14 39 38
69 19 43 57 37 39 46 43 14 12 6 18 32 51 42 32 35 50 56 26 39 12 20 45 9 42 39 67 31 51 22 58 50 55 65 26 36 33 35 4 33 38 11 10 8 54 49 52 48 43 64 35 8 8 38 28 35 25 45 32 17 48 15 52 26 54 53 49 49 41 18 30 28 53 44 24 52 8 10 17 46 6 59 33 60 22 52 60 25 50 22 31 28 52 21 41 44 50 13 16 11 44 37 39 28 36 55 25 14 0 27 40 45 23 48 19 7 35 48 10 52 36 30 39 16 5 24 41 44 58 51 13 23 14 10 19 56 35 12 40 31 31 55 34 27 21 16 38 18 58 19 51 45 50 60 22 26 49 15 51 6 50 28 55 45 39 13 21 56 32 47 19 29 28 37 19 41 51 54 38 52 5 50 50 57 47 44 47 24 20 39 37 55 24 30 63 31 40 50 42 39 17 11 52 37 20 48 43 49 40 11 43 7 23 34 27 30 27 23 50 20 37 43 33 30 30 25 14 27 59 49 41 60 44 43 18 49 34 17 62 15 52 49 54 5 23 43 27 51 19 35 54 40 58 11 55 6 28 41 35 38 54 52 41 36 36 36 50 43 49 44 47 56 58 21 16 27 22 35 58 32 25 20 18 18 47 29 25 31 37 42 15 42 47 38 45 16 53 4 57 17 13 26 23 49 11 17 62 25 20 32 60 18 43 29 45 27 20 51 41 13 39 17 45 41 6 27 39 33 44 17 45 41 31 8 22 12 38 36 35 24 11 52 41 49 48 21 17 26 43 55 49 26 18 48 44 16 30 41 36 52 30 24 60 30 61 27 53 21 30 13 42 37 49 11 21 60 15 43 18 17 43 37 55 40 50 22 58 7 5 48 49 48 10 42 13 6 23 17 6 55 29 37 61 24 37 49 37 18 28 46 25 47 27 52 57 43 39 6 14 52 56 8 16 38 29 25 44 45 23 13 51 54 46 54 16 38 26 13 43 36 35 32 57 62 42 39 40 34 37 38 39 31 48 41 47 10 14 17 23 11 34 45 8 13 14 37 25 40 22 35 24 68 15 55 37 35 35 43 36 30 8 23 18 39 47 19 9 51 19 55 17 7 32 42 53 53 6 63 20 50 34 19 28 6 40 23 28 32 16 46 42 44 50 44 40 29 49 49 38 14 29 53 19 33 39 54 24 64 62 28 7 20 18 14 11 35 18 47 61 60 42 30 22 68 34 18 46 6 15 10 42 49 4 41 56 56 34 48 42 47 48 49 23 49 23 60 56 43 54 39 24 52 43
44 45 32 54 11 18 27 19 32 18 30 10 22 46 25 26 17 40 33 35 18 35 14 23 19 42 35 42 16 48 18 37 47 29 40 26 10 8 11 30 6 28 37 35 30 28 25 28 27 22 39 23 20 34 13 26 20 15 35 29 30 37 35 30 38 34 39 25 40 28 11 7 4 33 34 7 45 22 33 33 27 33 36 26 36 26 41 34 17 24 20 30 10 26 12 20 23 37 24 36 25 18 26 22 28 18 29 25 19 27 0 27 22 21 46 15 26 40 22 22 44 14 14 25 12 23 36 20 24 37 44 20 12 39 17 27 35 13 27 14 10 20 50 20 18 22 40 28 15 32 20 47 22 42 34 13 13 34 31 49 23 24 36 49 35 38 25 11 34 27 21 36 24 23 15 15 19 25 46 13 27 24 41 32 31 25 29 40 16 13 29 12 43 19 8 37 15 18 45 41 13 16 20 32 21 36 38 17 23 31 21 19 25 14 11 35 13 10 5 24 12 14 17 27 33 20 3 36 4 33 23 29 35 41 20 33 24 23 25 39 22 31 25 29 22 4 37 11 43 14 13 39 22 32 27 48 32 21 22 25 12 38 37 24 19 39 10 30 20 44 21 45 37 35 9 38 21 37 23 32 13 6 22 22 13 20 29 4 8 10 37 22 16 22 34 20 23 30 29 38 14 23 1 5 30 30 39 37 23 19 33 37 19 27 28 30 12 27 31 32 26 27 37 26 32 24 19 30 28 29 11 44 16 18 27 12 29 33 39 16 8 37 26 15 47 37 10 39 5 23 33 29 17 13 22 37 21 23 41 20 25 15 24 36 28 36 16 47 6 12 21 15 11 36 28 25 38 20 28 35 36 26 34 34 25 44 19 33 21 31 41 43 23 18 16 17 22 25 24 27 36 32 10 35 35 40 42 35 30 32 20 6 27 33 41 37 44 21 31 14 37 38 19 17 41 5 3 24 21 8 35 25 43 26 47 33 22 12 28 22 24 10 15 36 37 38 14 18 19 12 17 26 14 23 29 23 17 13 20 30 32 22 32 25 16 24 28 22 17 36 15 23 42 17 36 34 27 25 21 16 37 24 17 34 19 23 8 25 25 17 42 31 20 30 18 28 34 21 38 7 39 16 11 23 29 23 29 10 36 40 28 17 32 33 40 27 31 33 25 21 14 16 30 26 15 25 33 15 39 37 6 20 23 16 21 17 26 9 46 37 35 30 32 9 43 13 42 29 30 33 26 18 42 27 19 30 37 14 29 30 36 35 23 34 22 38 36 32 39 31 13 29 42 21
39 51 58 29 24 14 9 38 34 29 45 33 49 21 50 11 10 14 22 27 13 42 38 16 36 23 14 37 42 24 19 21 22 31 36 18 28 32 18 43 27 54 47 43 37 36 22 24 16 13 34 6 38 44 33 16 46 41 9 14 30 11 39 20 31 17 14 21 14 54 26 33 24 16 9 22 20 32 40 33 10 44 26 52 30 22 15 32 16 32 19 15 17 34 37 43 45 11 29 38 31 26 5 7 17 9 36 19 27 40 27 0 18 45 23 21 35 25 30 41 18 39 40 50 33 36 30 13 12 23 19 28 37 44 31 26 20 16 32 28 17 10 25 7 43 47 47 6 23 34 22 23 41 17 32 20 16 10 33 25 34 36 27 23 9 19 29 36 22 13 25 36 12 13 39 38 16 30 20 20 26 35 15 12 35 16 5 15 16 22 55 22 17 44 19 37 41 41 21 20 30 39 40 16 7 35 12 30 30 7 41 40 42 19 34 26 14 36 28 33 36 18 31 11 21 11 29 41 23 36 33 4 29 20 18 32 28 49 26 29 26 17 23 26 37 27 13 17 17 37 17 14 47 36 32 23 45 47 46 6 24 15 13 5 44 23 30 15 15 20 42 23 18 26 33 42 14 34 49 35 14 31 22 24 24 31 17 24 20 25 14 44 33 36 14 38 26 21 44 19 37 44 27 24 12 35 42 30 48 43 19 27 42 51 16 6 38 24 15 8 30 53 39 9 7 41 45 6 12 5 27 23 22 44 45 20 33 13 24 41 33 46 31 31 24 11 34 44 22 11 20 13 14 36 24 13 43 12 22 7 35 41 19 26 15 31 14 21 28 38 42 30 31 10 33 22 25 42 53 35 37 50 14 19 51 19 43 35 34 43 16 18 40 34 29 37 38 20 25 44 18 20 28 37 29 25 17 17 29 21 28 22 13 24 15 20 23 46 45 28 12 17 34 40 24 23 28 11 42 23 39 29 17 13 22 35 5 38 32 45 50 32 12 22 33 16 24 40 8 23 41 2 14 40 55 19 34 31 23 24 37 7 6 33 36 45 54 47 15 32 13 48 38 38 16 15 8 7 15 41 27 43 42 34 43 41 30 33 33 22 16 31 36 15 37 25 15 37 33 29 13 42 34 48 45 6 23 17 23 45 9 36 5 11 18 52 20 10 20 46 34 42 22 26 41 3 19 40 35 35 21 36 46 23 26 36 8 30 24 29 30 56 20 22 39 15 48 7 39 35 32 39 16 43 42 37 19 39 12 4 10 9 27 30 31 34 28 26 16 21 26 23 15 43
25 61 48 45 13 6 11 24 44 34 49 31 41 37 39 25 12 29 12 41 8 51 35 2 38 39 30 23 34 41 27 16 39 14 22 30 17 22 11 49 19 45 54 51 45 19 5 8 6 5 20 19 40 51 21 30 37 36 25 29 40 26 49 9 45 13 24 5 29 44 28 25 19 13 25 22 35 38 49 44 10 50 15 44 16 33 29 16 23 15 28 31 18 17 34 31 33 23 37 49 39 10 21 12 32 13 19 31 33 45 22 18 0 42 40 27 42 41 14 42 33 28 32 40 33 40 43 6 7 15 35 35 33 54 35 37 14 11 41 14 14 20 40 16 38 44 56 23 28 17 30 39 27 32 17 24 20 19 43 42 40 19 41 39 25 36 38 33 13 27 8 48 25 26 28 36 4 13 35 9 9 41 31 15 19 4 16 32 23 25 46 11 29 39 16 21 33 29 37 38 17 37 40 11 13 47 27 15 13 25 42 27 45 24 24 40 16 30 25 17 33 9 17 26 36 21 25 51 19 19 16 21 15 37 2 44 11 40 35 18 34 10 6 10 40 24 30 18 32 35 10 23 36 19 41 38 50 41 34 21 12 20 20 13 35 39 19 9 4 37 28 40 17 14 30 52 25 46 41 18 14 27 31 33 27 15 31 21 15 14 31 43 19 20 31 23 34 9 48 18 35 44 23 23 12 44 52 17 44 40 34 16 40 40 30 16 32 35 11 25 39 44 50 10 24 43 39 24 27 15 29 40 8 36 47 23 42 30 40 31 29 54 14 18 40 26 31 54 20 7 11 10 22 34 7 30 42 24 38 14 19 33 31 15 30 17 20 37 26 30 42 15 20 24 42 33 17 41 42 46 48 39 31 14 41 34 40 18 38 49 32 35 25 36 15 37 41 32 35 47 16 35 16 20 42 41 33 34 40 36 12 20 8 38 27 16 41 35 50 31 22 19 37 38 41 18 24 8 28 23 49 12 29 7 37 45 14 32 42 33 41 21 15 14 18 33 11 27 16 12 30 18 15 25 46 3 36 32 32 37 46 19 20 40 36 45 45 43 5 45 11 43 24 38 17 32 24 22 3 31 42 45 38 45 32 26 29 40 16 28 28 42 39 30 24 9 15 40 19 27 26 32 32 43 48 12 36 17 39 55 12 23 21 15 35 42 34 18 4 35 34 35 9 36 32 15 12 35 20 19 18 39 44 29 34 37 23 29 41 16 16 46 35 23 25 12 57 15 46 45 40 26 32 47 30 20 16 29 10 21 26 22 10 43 15 47 16 12 33 10 13 35 30 31
61 41 21 70 30 38 47 29 35 23 22 13 10 63 21 42 37 58 53 44 38 34 8 42 17 56 51 59 12 64 31 57 63 47 58 39 26 21 32 24 24 16 32 32 29 42 44 47 47 42 57 41 16 29 26 40 14 7 53 44 36 56 37 50 45 54 58 45 58 19 21 18 24 53 52 24 63 25 32 38 47 27 55 11 55 37 60 52 32 39 32 44 29 41 9 23 25 56 30 38 30 35 44 42 42 38 44 38 26 23 21 45 42 0 62 27 27 52 38 14 62 19 13 17 13 22 43 40 44 57 62 26 9 37 20 36 54 33 31 31 30 38 67 39 6 3 38 46 25 49 30 64 29 60 52 27 30 54 35 65 24 38 46 66 53 53 31 10 54 43 39 40 39 39 20 8 39 42 64 33 45 24 59 52 47 45 49 57 31 26 17 32 62 3 28 53 13 22 62 56 28 8 12 52 40 40 56 32 40 48 13 27 16 29 21 45 32 13 18 39 10 34 32 43 45 37 18 36 24 49 38 48 54 57 40 38 41 13 33 58 29 51 44 47 19 19 53 29 60 9 33 59 20 48 30 65 25 6 22 42 31 58 56 44 16 51 25 50 41 61 27 61 57 54 13 38 36 42 13 48 33 16 32 32 24 36 42 22 28 29 53 9 29 34 50 31 30 50 23 58 10 11 20 22 50 32 39 56 3 4 46 56 6 21 42 49 11 36 51 49 31 16 39 46 50 18 6 48 44 48 20 59 35 10 18 27 32 49 52 17 14 33 43 30 63 56 12 39 24 43 53 49 33 10 41 54 7 39 56 39 40 12 37 56 42 55 33 64 18 14 11 31 25 55 31 35 58 9 21 39 38 22 49 55 18 61 3 49 22 27 58 60 33 18 32 12 18 37 32 19 56 44 27 51 43 53 60 50 36 44 37 25 47 44 60 57 58 19 24 22 57 58 20 9 54 25 19 44 28 23 35 42 62 46 65 37 41 11 32 24 15 23 34 56 55 54 32 24 38 31 21 45 33 33 19 43 17 17 30 40 33 40 51 26 13 10 15 3 38 42 35 3 60 10 56 50 44 43 42 18 48 15 4 39 20 32 16 28 41 28 61 36 18 45 27 47 54 19 56 17 58 16 12 6 21 43 39 29 48 39 48 27 50 52 56 19 44 53 45 18 14 10 50 35 15 44 52 7 56 54 26 19 4 27 28 14 43 17 61 55 54 20 45 24 61 33 40 49 28 36 29 26 59 20 23 44 57 18 49 48 55 54 41 42 38 43 55 51 55 51 31 40 60 25
59 52 78 10 47 37 31 60 37 40 53 49 67 6 71 21 32 14 42 25 35 45 54 39 48 7 12 57 61 3 31 38 4 53 56 24 50 53 40 50 49 73 51 47 43 59 44 46 38 35 54 24 49 49 55 22 66 58 16 18 32 16 40 41 27 35 22 43 13 74 41 53 44 35 16 40 10 41 44 34 32 50 46 70 50 27 16 53 30 55 30 19 36 57 54 65 67 20 36 39 37 49 22 30 21 31 58 25 37 48 46 23 40 62 0 35 42 16 53 53 11 60 59 70 49 45 28 36 34 40 9 38 55 46 44 30 39 38 37 50 38 26 9 27 61 62 48 19 37 56 32 5 64 10 54 35 34 24 35 4 43 58 23 9 16 9 36 54 41 20 48 36 23 24 60 55 39 52 12 43 48 44 12 30 58 38 25 10 32 37 74 44 18 61 40 59 61 62 5 7 52 54 53 36 29 34 15 53 53 17 53 62 53 34 55 23 34 55 46 56 53 40 54 20 19 27 48 43 43 58 55 20 50 5 41 33 50 68 32 47 35 38 45 48 47 45 11 35 12 54 39 24 68 58 38 10 52 64 67 22 46 28 25 28 65 14 51 36 37 5 64 1 33 46 50 43 27 31 68 57 35 50 31 32 38 54 20 43 41 47 10 58 55 59 13 60 34 42 52 34 53 57 47 42 32 39 41 49 65 58 17 46 57 72 21 26 57 28 35 16 35 73 39 31 17 51 63 18 19 26 42 3 45 63 55 36 38 13 13 61 51 50 53 54 1 17 51 43 41 34 40 33 30 52 46 11 58 24 8 29 58 60 26 45 20 51 30 8 46 57 55 52 53 19 38 28 42 56 73 35 38 71 13 37 71 9 60 57 44 49 10 7 63 46 52 51 48 26 32 53 34 19 50 59 27 14 9 12 31 20 51 40 35 22 18 36 7 67 53 41 23 31 45 54 13 43 47 33 64 40 41 51 19 35 10 36 28 56 37 67 69 53 33 40 54 9 47 61 29 45 62 23 34 63 75 42 46 45 33 25 40 25 21 41 50 58 73 64 38 31 35 64 58 53 32 13 19 22 37 62 20 54 59 34 64 63 47 40 56 34 20 33 48 18 60 47 32 47 54 46 17 62 51 66 54 28 26 37 18 45 30 58 20 29 6 72 20 26 42 66 49 61 43 30 61 25 39 58 56 56 41 47 62 35 35 49 21 46 3 49 51 76 19 39 58 36 48 27 45 37 38 61 10 52 63 59 35 59 32 20 16 20 49 29 54 31 48 47 8 42 48 25 15 65
51 34 44 44 22 21 27 33 19 8 24 15 33 36 38 15 16 33 37 21 20 25 20 27 15 30 24 49 28 38 5 39 37 38 48 13 23 23 18 23 20 39 28 25 19 39 31 34 30 24 46 17 17 25 27 14 32 24 28 18 16 30 23 34 24 35 35 31 32 40 6 21 14 34 26 9 37 12 22 19 27 24 41 35 42 12 34 42 7 35 6 17 10 37 20 34 37 32 11 23 13 28 19 20 15 17 40 12 7 19 15 21 27 27 35 0 15 26 33 20 36 28 26 37 14 15 21 22 25 39 36 8 20 27 10 14 37 17 15 26 13 13 41 16 27 27 29 20 2 41 5 37 35 34 42 3 8 31 18 38 14 37 22 40 27 27 12 19 37 16 30 23 13 12 29 20 23 35 38 21 34 15 33 31 41 28 26 31 5 2 40 21 37 26 13 46 27 32 35 29 26 19 19 33 18 22 31 29 34 23 20 34 21 4 25 21 11 22 12 35 18 20 30 17 20 12 15 25 13 43 34 23 42 30 25 19 33 34 11 44 9 33 32 36 16 12 27 9 35 19 18 35 36 42 15 39 25 29 36 17 22 36 34 22 32 26 24 31 24 35 35 35 37 40 15 26 9 23 34 42 13 17 8 9 3 32 16 11 15 22 27 24 29 34 24 34 9 34 23 38 18 23 15 10 30 18 27 43 30 24 20 42 22 39 15 27 23 13 32 24 13 39 24 26 24 20 28 22 17 26 7 33 24 29 24 4 16 23 27 29 17 28 36 28 36 31 17 28 11 24 36 30 7 18 30 28 23 13 29 17 37 26 11 41 16 43 9 38 12 24 21 28 25 31 15 11 41 22 40 22 23 39 23 36 38 35 25 42 13 23 32 34 37 13 28 17 17 11 10 23 36 19 23 44 21 27 34 24 16 18 31 10 28 19 35 38 32 34 25 7 33 37 13 20 28 14 14 25 36 7 23 34 37 27 39 20 19 22 16 36 35 23 13 39 44 28 24 32 15 22 31 21 13 37 41 29 13 10 7 16 20 16 27 14 16 25 38 29 22 22 16 29 50 18 36 23 19 17 25 30 24 22 24 20 33 37 12 14 36 2 37 17 15 18 32 35 34 16 45 12 33 29 16 31 24 21 15 10 23 29 27 31 26 31 30 39 18 31 30 34 14 27 35 13 28 21 35 23 46 45 12 15 27 3 8 15 17 11 34 43 42 42 19 6 51 15 31 27 20 20 14 33 33 22 33 41 37 27 29 24 29 30 32 21 34 24 42 38 29 35 24 15 35 35
66 20 47 51 36 36 41 44 8 9 12 20 35 44 45 26 31 43 52 19 35 10 23 42 11 35 33 64 34 44 17 53 44 53 63 20 35 33 32 10 32 42 13 10 4 53 46 49 45 39 61 30 11 10 38 22 38 28 40 26 10 42 10 49 20 49 47 46 43 44 16 31 27 48 38 22 46 4 8 11 42 10 56 37 57 16 46 57 20 49 16 25 25 51 24 43 46 44 6 12 5 42 31 35 22 31 54 19 9 7 26 35 42 27 42 15 0 28 47 14 46 37 33 42 18 6 17 37 40 54 45 8 25 13 10 12 52 32 5 39 28 26 49 30 30 26 15 32 14 56 13 45 46 44 57 18 23 44 9 45 3 50 21 48 39 33 7 23 52 25 44 13 24 23 38 22 38 49 48 35 49 4 44 45 55 43 39 41 20 17 43 35 49 27 27 61 33 41 43 35 39 20 16 48 33 14 42 42 48 34 15 44 13 19 35 21 26 29 22 49 22 34 43 27 23 25 25 11 26 57 48 35 57 37 40 12 47 38 11 59 9 48 47 51 8 22 37 24 45 22 32 48 42 57 4 48 12 32 44 29 36 49 47 36 38 29 36 46 39 42 45 41 51 55 22 13 21 16 38 56 28 25 14 12 15 45 23 24 29 35 36 20 41 47 32 45 10 49 11 52 20 19 26 22 44 6 14 58 30 24 25 57 22 46 23 40 30 14 47 35 7 42 13 40 36 11 31 34 26 39 15 39 39 34 14 19 5 32 30 37 25 13 50 41 43 43 23 14 24 39 51 44 22 21 45 38 21 24 35 31 51 32 17 56 24 58 23 46 21 32 17 41 36 43 5 15 56 19 46 13 12 46 31 51 43 44 25 57 6 9 42 42 48 10 41 16 9 17 10 13 51 23 36 59 18 30 43 30 11 22 45 23 43 21 47 52 36 42 12 12 46 51 8 19 31 27 24 39 46 20 10 49 49 42 48 10 33 29 6 45 40 35 28 53 59 36 38 41 29 35 40 33 28 49 45 44 11 14 12 17 6 29 39 2 16 20 41 29 37 15 31 29 65 18 50 31 30 29 40 38 24 14 26 12 41 48 19 2 50 14 49 10 10 26 43 50 48 9 60 20 45 37 21 32 13 35 16 25 25 15 42 42 38 45 37 44 22 44 45 40 15 32 50 12 36 34 50 27 61 60 26 9 25 14 9 14 29 18 40 58 57 46 24 20 66 30 17 41 5 9 4 43 43 11 42 55 52 36 44 36 41 42 47 16 47 17 57 53 37 50 38 17 45 44
64 37 70 25 44 37 34 56 23 29 40 40 58 20 64 17 31 24 47 10 35 30 45 41 36 9 13 62 54 19 22 45 19 55 61 14 46 47 38 37 44 64 36 33 29 59 46 48 41 36 58 23 37 35 51 14 58 50 23 13 18 24 25 45 11 41 31 45 23 66 32 46 38 40 21 33 23 28 30 19 35 36 51 61 54 15 26 56 23 55 21 11 31 57 45 59 62 28 23 24 24 48 21 30 12 30 59 15 26 35 40 25 41 52 16 26 28 0 53 41 24 54 52 63 39 33 13 36 36 47 22 26 46 31 32 17 45 36 23 48 34 22 24 26 52 51 33 20 27 58 22 20 60 22 57 27 28 30 21 18 30 57 8 24 22 9 23 45 46 15 48 21 18 18 54 45 39 53 25 41 50 31 23 35 59 40 29 19 25 28 66 42 29 51 35 62 53 57 19 10 49 44 42 41 29 19 23 51 53 19 42 58 41 26 50 8 30 47 38 56 44 38 52 16 7 23 41 28 37 60 55 23 54 12 41 18 51 60 20 53 23 42 47 50 35 38 17 30 23 44 37 33 61 60 25 24 39 55 61 21 44 36 33 30 58 3 47 40 38 18 59 15 41 51 41 28 20 17 60 59 32 43 20 20 29 52 12 37 37 44 15 47 52 57 13 57 22 45 39 41 43 45 40 35 36 25 27 54 54 48 7 51 47 65 13 30 49 16 39 19 22 65 24 34 21 39 54 20 15 30 32 13 44 55 42 28 24 14 3 55 43 35 54 51 17 25 43 29 35 36 45 38 24 43 47 18 46 19 9 28 58 52 16 51 13 55 25 22 38 50 44 50 49 27 24 17 49 45 66 20 23 65 12 43 64 21 50 59 32 35 20 19 60 34 50 40 36 16 20 40 41 8 46 61 12 2 21 9 17 9 51 34 38 8 28 43 9 60 39 30 32 39 33 44 3 38 39 35 60 33 26 52 30 37 25 21 28 48 23 62 61 48 30 46 58 14 45 57 27 43 56 24 31 60 67 43 35 35 22 13 26 23 26 28 39 47 64 54 38 16 33 54 63 42 39 11 18 20 38 55 6 41 49 19 58 60 38 27 56 25 30 19 36 12 56 49 38 35 58 38 27 55 42 56 40 30 13 32 4 31 34 54 24 35 14 65 9 32 44 60 38 52 46 18 54 27 44 49 60 59 35 35 51 25 24 38 19 37 13 54 55 68 8 32 63 34 32 31 31 22 25 57 21 39 58 60 42 53 37 23 23 27 50 14 54 15 53 50 15 46 46 13 26 60
24 66 39 58 11 17 24 13 51 38 51 31 35 50 29 37 22 42 20 51 19 56 33 15 40 52 43 22 28 54 34 26 52 10 21 40 13 17 16 51 16 37 58 55 50 7 12 13 18 19 20 31 42 55 13 40 30 32 38 41 48 39 55 18 54 25 37 13 43 35 31 21 20 25 38 25 48 43 54 52 23 54 20 38 19 42 42 16 32 3 36 42 24 5 31 21 22 37 43 56 45 6 33 24 42 24 8 40 39 48 22 30 14 38 53 33 47 53 0 43 47 21 26 32 33 44 52 18 20 25 48 40 30 59 38 45 24 18 47 8 20 31 54 28 33 40 61 35 34 11 37 52 16 46 15 30 27 33 50 55 44 6 51 52 38 48 44 31 22 39 6 55 36 36 20 34 15 4 48 13 10 45 44 28 10 17 30 45 31 31 38 12 43 36 20 16 27 20 50 50 10 36 40 23 25 54 40 6 2 37 42 16 46 31 17 50 24 26 26 3 31 15 7 37 47 31 24 57 21 12 3 33 18 49 13 51 5 33 43 23 41 21 11 12 43 25 43 25 45 33 17 36 27 11 47 51 53 35 24 33 11 33 34 25 26 50 13 22 16 50 17 53 29 19 29 58 34 55 34 11 22 25 39 40 32 2 42 23 18 12 43 42 10 8 43 11 41 18 51 30 34 43 22 25 25 50 59 21 39 37 46 21 38 30 41 29 27 44 23 37 45 36 56 24 37 45 33 36 38 29 32 52 10 30 48 29 48 42 51 24 27 58 6 9 53 39 29 60 23 20 21 23 30 33 8 43 41 35 51 26 5 27 40 22 41 19 29 50 27 25 42 7 13 37 48 41 25 40 32 54 55 28 43 25 32 48 36 12 42 52 45 48 13 39 6 38 43 41 42 48 27 46 12 14 51 52 46 46 48 46 2 24 21 48 41 27 53 26 52 35 35 32 40 37 53 20 24 21 17 27 55 6 42 20 50 52 26 27 48 22 33 16 24 24 18 45 9 18 26 12 21 31 23 12 37 13 38 34 39 46 52 31 34 45 37 44 38 38 16 53 21 39 22 37 29 44 36 34 17 23 52 45 34 52 23 14 29 45 4 35 41 49 42 42 14 13 27 42 19 28 40 25 31 37 50 25 45 23 50 61 26 13 34 29 48 33 45 31 14 27 35 29 17 44 25 28 22 32 19 17 21 42 41 35 40 38 35 30 54 20 18 37 46 27 23 20 63 28 50 52 46 16 45 49 20 9 28 22 24 34 39 36 5 52 1 55 20 16 46 19 9 45 43 20
65 28 34 62 32 37 45 36 22 13 9 12 23 55 33 34 34 52 53 32 36 21 12 43 6 47 43 63 22 56 23 56 55 50 61 30 30 27 32 12 27 29 19 18 16 48 45 49 46 41 60 36 4 17 32 31 26 16 47 35 24 50 24 50 33 52 54 46 51 32 16 23 24 51 46 21 56 13 19 25 45 15 56 24 57 27 54 56 26 45 24 35 26 47 13 33 36 51 18 25 18 39 38 39 32 35 49 29 16 10 22 41 42 14 53 20 14 41 43 0 55 28 22 30 10 9 31 39 42 56 55 16 15 24 10 25 54 32 19 35 28 32 59 35 18 12 25 39 18 53 21 56 38 53 55 22 26 50 23 56 12 44 34 58 47 44 19 14 54 35 42 27 32 31 29 10 38 46 57 34 48 11 52 50 52 44 45 50 25 20 30 33 56 14 27 58 23 32 54 47 33 8 3 51 37 28 50 37 44 42 1 35 4 23 28 34 29 19 17 44 13 34 37 35 35 31 19 23 23 54 43 42 56 48 40 26 45 26 22 59 19 50 46 50 7 18 46 26 54 11 32 55 31 53 18 58 12 19 33 36 33 55 53 41 27 41 30 49 40 53 36 52 55 55 14 25 28 30 25 53 30 18 23 22 18 41 33 21 27 32 45 6 35 41 42 38 20 50 10 56 9 5 21 19 48 19 26 58 16 10 37 57 8 34 33 45 19 25 49 43 20 30 26 44 43 4 19 41 36 44 15 50 37 22 6 21 19 41 42 26 17 20 47 35 54 50 14 26 23 41 52 47 27 10 43 47 7 32 46 36 46 22 27 57 34 57 28 56 16 22 4 36 30 50 19 25 58 6 34 26 25 34 41 54 31 54 12 54 10 14 51 52 41 8 37 5 5 27 21 6 54 34 31 55 31 43 52 41 25 34 41 22 45 33 54 55 48 31 11 14 53 56 9 7 43 25 19 42 37 20 22 46 56 44 58 24 38 18 20 35 28 28 31 55 58 46 35 33 33 33 30 40 30 41 32 44 8 11 21 29 20 35 46 14 6 6 28 16 37 29 33 15 63 6 54 41 38 36 41 28 37 3 14 26 31 40 14 15 46 20 56 24 5 36 35 49 52 6 59 15 52 26 12 19 9 40 28 26 38 26 46 35 45 50 48 32 34 49 45 29 8 20 50 24 25 40 52 15 60 58 25 7 11 19 18 6 36 13 52 57 56 33 35 20 64 31 27 46 15 23 17 35 52 8 33 50 55 26 47 43 49 49 44 30 43 31 57 53 47 51 34 29 54 35
50 59 76 12 42 32 23 55 43 42 57 49 66 6 68 21 28 5 33 31 30 51 54 32 50 16 13 48 60 10 32 29 8 45 47 27 46 49 36 55 45 71 57 53 48 51 36 37 30 29 44 21 51 54 50 25 64 58 10 21 38 8 46 32 34 26 12 35 5 71 41 50 41 26 10 39 2 44 50 40 24 55 36 69 41 31 5 44 30 48 32 22 34 50 54 61 63 11 40 45 42 43 19 24 25 27 51 28 40 52 44 18 33 62 11 36 46 24 47 55 0 56 57 68 49 48 34 30 27 31 3 40 54 52 45 34 29 34 42 45 34 25 8 24 60 63 54 17 38 47 34 8 59 2 45 35 32 15 41 11 46 52 30 6 10 15 40 53 32 21 41 42 24 25 56 55 33 45 3 38 40 47 3 21 50 30 17 5 31 37 72 39 7 61 37 50 59 59 6 14 48 55 55 27 25 40 7 47 46 14 55 58 56 34 51 29 31 53 45 49 52 35 49 20 25 26 46 49 40 49 49 15 41 12 34 39 43 66 36 38 38 29 37 39 50 44 10 34 2 54 35 14 65 50 43 5 57 63 64 20 41 18 15 22 62 21 47 27 31 7 59 12 24 37 49 49 27 39 67 49 32 49 33 35 39 47 24 41 38 43 10 59 50 53 14 55 37 33 56 24 53 59 45 41 23 45 48 40 65 59 22 37 58 69 24 18 55 33 26 13 40 71 45 23 13 54 62 14 20 18 42 13 39 61 58 35 42 15 22 58 50 56 46 49 11 8 51 50 39 27 31 25 30 52 39 9 59 24 16 25 51 58 29 36 23 42 29 4 45 55 57 47 49 10 43 32 33 58 71 41 44 68 15 27 68 3 60 48 47 54 4 5 57 48 46 52 51 30 36 57 25 25 45 50 33 22 4 17 37 26 45 39 27 28 8 27 16 63 57 42 13 21 47 55 21 40 45 26 59 39 47 44 8 27 4 42 23 55 41 63 67 49 30 31 45 11 42 57 25 40 59 18 31 57 73 35 48 46 35 31 46 22 14 45 51 60 71 64 32 37 30 64 49 54 23 16 18 20 30 58 28 56 58 40 61 58 46 44 49 35 9 39 50 21 55 38 23 50 45 46 8 59 51 65 57 23 31 35 25 52 22 54 13 20 10 70 25 17 34 63 49 59 34 35 59 20 30 57 47 47 38 49 62 36 38 50 19 46 13 39 42 73 24 39 49 32 54 19 50 43 43 57 3 55 59 52 26 56 24 15 8 11 42 35 48 38 38 38 10 33 43 30 4 61
43 55 21 67 16 27 37 10 44 30 37 18 15 59 12 39 29 52 38 48 28 46 17 30 28 56 48 42 8 61 32 43 60 30 41 40 12 8 21 39 12 17 46 44 40 24 29 32 34 31 40 36 28 43 9 40 10 13 47 43 43 49 47 36 51 41 50 30 52 16 24 8 17 40 47 21 58 34 44 45 36 41 40 18 38 40 53 36 31 22 34 43 24 23 15 6 9 48 36 48 38 20 39 33 42 30 26 39 32 36 14 39 28 19 60 28 37 54 21 28 56 0 7 13 20 33 49 29 33 43 57 32 13 49 28 41 41 23 40 15 23 34 63 33 14 22 50 41 28 31 33 60 10 55 35 27 26 45 44 62 34 20 50 61 47 52 37 15 40 41 24 49 38 37 2 18 26 25 58 20 30 34 54 42 29 32 40 53 30 26 18 19 55 17 20 36 7 5 58 55 12 20 26 39 32 48 50 15 23 44 27 8 31 28 5 49 26 9 17 21 16 22 15 41 47 33 14 47 17 32 20 42 37 55 26 46 24 13 38 43 35 37 29 32 31 17 50 25 55 17 23 50 9 31 39 61 39 16 8 38 17 48 47 35 7 52 10 37 29 58 9 59 45 39 16 49 35 50 14 30 25 12 35 36 26 19 43 18 19 15 50 25 12 16 48 12 36 35 37 46 19 27 14 19 39 42 50 41 20 20 47 41 21 13 42 40 9 40 39 45 38 16 49 36 44 31 14 43 42 40 24 58 21 10 33 26 41 47 53 3 13 46 26 12 60 49 15 51 19 32 39 37 30 18 26 50 24 37 55 32 22 8 38 41 42 39 30 59 18 6 26 15 9 48 40 38 43 24 15 48 48 12 47 42 13 56 18 31 31 40 54 56 14 27 16 23 30 39 37 34 44 46 13 33 48 54 55 49 43 46 20 20 35 47 52 44 57 8 39 26 48 47 29 22 55 17 15 33 10 21 46 26 54 34 60 46 34 10 41 9 13 8 28 42 38 52 18 5 32 17 3 39 26 15 18 29 26 24 34 43 43 35 44 36 23 27 18 19 26 49 27 20 42 22 44 48 41 39 30 3 51 31 16 46 5 13 19 37 23 30 53 44 29 44 9 32 43 30 39 17 51 4 17 18 36 35 42 23 50 51 38 9 44 42 54 14 45 44 31 8 22 10 35 40 5 37 39 14 39 37 19 30 23 30 34 25 39 20 59 40 38 18 46 22 43 25 52 40 40 45 38 8 54 35 6 26 44 2 38 42 49 47 25 48 21 51 40 36 52 36 16 43 54 8
49 49 19 67 20 29 39 16 40 26 31 14 10 59 13 39 30 53 43 46 30 41 11 33 23 55 48 48 3 61 30 47 60 35 47 38 16 11 23 33 14 14 40 39 36 30 34 36 37 33 45 37 23 38 14 39 7 7 48 42 39 50 43 40 48 45 52 35 53 15 21 8 17 44 47 20 59 30 39 42 39 36 44 13 44 37 54 41 30 28 32 42 24 29 10 12 14 50 33 43 34 25 39 35 41 32 32 38 28 30 14 40 32 13 59 26 33 52 26 22 57 7 0 11 15 28 46 32 36 47 58 29 8 44 24 38 45 25 36 20 24 34 63 34 7 15 45 42 25 37 31 61 17 56 40 25 26 47 40 62 30 26 47 62 48 51 34 10 44 40 29 45 37 36 8 12 30 30 60 23 35 30 55 45 35 35 42 54 29 24 15 22 56 10 21 42 2 10 58 54 17 14 20 43 34 45 51 21 28 44 21 15 26 27 10 46 27 5 14 27 11 25 20 40 45 33 12 43 18 37 26 43 43 55 30 42 30 9 35 48 31 41 34 37 26 15 50 25 56 12 25 52 11 37 35 61 34 10 12 38 21 50 49 37 7 51 14 41 32 58 15 59 48 43 12 45 34 46 10 36 26 10 33 33 23 24 41 17 20 19 50 19 17 22 47 19 33 40 32 49 14 21 13 18 42 37 46 46 13 13 46 45 15 14 40 43 3 37 42 45 35 14 44 39 45 26 8 44 41 42 20 58 25 5 27 24 37 47 52 5 9 41 31 18 60 51 11 46 19 35 43 40 30 13 30 51 18 36 54 34 28 1 36 46 41 44 30 60 15 3 20 20 14 50 36 36 48 18 15 44 44 14 47 45 12 57 12 37 27 35 54 56 20 23 21 18 25 37 34 28 47 44 17 39 45 53 56 49 39 44 26 20 38 45 54 48 57 9 33 23 50 50 25 16 53 18 13 36 16 20 42 31 56 37 61 42 35 4 37 13 10 11 28 46 43 51 22 12 33 21 9 40 27 21 16 33 22 20 31 41 39 36 45 31 18 20 14 13 29 45 28 14 48 16 48 48 41 39 33 6 49 25 10 43 9 20 15 33 29 28 55 40 24 43 15 37 46 25 44 14 52 5 12 12 30 36 40 23 48 46 41 15 45 45 54 14 43 46 35 9 18 4 40 37 4 38 43 8 45 43 20 25 16 27 30 20 39 16 59 45 43 17 45 21 49 26 47 42 35 41 34 14 55 29 11 32 48 5 41 43 50 48 30 45 26 47 45 41 52 41 21 40 55 13
54 57 9 78 28 39 49 19 49 36 38 24 8 70 5 50 40 64 50 56 40 49 20 42 32 66 59 53 9 72 41 55 71 41 52 49 24 19 33 41 24 6 48 48 45 34 41 43 46 43 51 47 32 46 20 50 5 15 59 53 49 61 52 48 58 53 62 42 64 4 31 18 27 52 58 30 69 39 48 52 48 44 51 9 50 48 65 47 41 33 43 53 34 34 19 12 12 60 43 53 43 32 50 45 52 42 36 48 38 39 25 50 40 17 70 37 42 63 32 30 68 13 11 0 25 37 56 41 45 55 68 39 17 53 33 48 53 35 45 27 34 44 74 44 12 19 54 52 36 42 41 71 18 66 46 36 37 57 50 73 39 30 58 73 59 62 44 19 51 51 35 54 48 47 13 21 39 36 70 32 41 39 65 54 39 44 52 64 39 35 6 31 66 16 32 46 10 13 69 65 24 23 28 51 44 55 61 27 34 55 29 17 33 37 17 57 37 16 25 31 20 34 26 51 56 44 23 52 28 42 31 53 49 65 39 52 36 5 45 54 42 50 41 43 35 26 61 35 66 21 34 62 6 41 44 72 41 12 9 49 29 60 59 47 6 62 22 49 41 68 16 70 57 50 22 54 44 56 5 41 37 21 43 44 34 30 52 28 30 27 61 25 23 26 58 22 43 47 39 58 23 27 24 29 51 47 55 52 16 20 57 52 22 5 51 52 14 48 51 56 45 4 54 48 56 34 12 54 52 52 31 68 33 9 34 35 46 57 63 10 20 49 37 24 71 61 21 55 30 44 51 49 40 22 38 61 24 47 65 44 32 11 47 52 52 50 40 71 26 13 27 26 21 60 45 47 55 25 4 53 53 6 58 54 1 68 18 42 36 43 65 67 22 32 27 27 34 47 44 35 56 55 25 43 56 64 66 59 50 55 32 30 47 56 64 56 67 6 40 33 60 59 34 23 64 28 24 45 17 31 51 37 66 46 71 51 45 15 46 11 3 20 39 54 49 62 30 15 43 30 12 50 37 23 6 41 31 30 42 52 48 46 55 41 27 26 7 15 38 55 38 17 53 25 56 58 51 49 42 10 60 32 16 53 10 21 26 42 33 39 65 50 33 54 19 43 55 34 50 25 63 9 22 13 37 46 51 34 59 55 50 20 55 54 64 3 54 56 43 6 27 11 47 47 10 48 51 16 50 48 30 34 20 38 41 29 50 26 70 51 49 6 56 32 54 36 56 52 44 50 43 16 66 37 12 36 56 12 50 54 60 58 36 55 32 57 51 47 63 48 28 51 65 13
55 35 31 57 23 28 36 28 25 11 18 3 20 50 28 29 26 46 44 32 28 26 6 33 8 44 38 53 17 51 18 47 50 41 52 26 21 18 22 19 18 26 26 25 21 39 36 39 37 32 50 29 9 24 23 27 21 11 41 31 25 43 28 41 34 44 47 37 45 28 9 14 14 43 39 12 50 15 24 27 37 22 47 22 48 24 47 46 20 35 20 31 18 37 7 26 29 44 18 28 19 29 32 31 29 27 40 25 14 16 12 33 33 13 49 14 18 39 33 10 49 20 15 25 0 13 32 30 34 47 49 14 9 29 9 24 45 23 21 25 20 25 54 27 14 14 31 33 13 44 18 51 30 47 46 15 18 42 25 52 15 35 34 53 40 40 19 7 45 30 33 30 27 26 21 6 29 36 51 24 39 15 47 42 42 35 37 45 18 13 27 24 50 13 18 49 17 24 49 43 24 6 8 42 29 30 44 28 35 36 9 27 13 16 19 33 21 12 8 35 6 25 28 30 33 24 10 28 14 45 34 35 47 44 31 27 35 22 21 50 17 41 36 40 11 9 41 18 48 5 23 47 26 44 20 53 20 16 27 30 24 47 45 33 22 39 21 40 31 48 28 48 47 46 5 30 23 31 22 43 21 9 20 19 11 32 29 12 18 22 40 11 26 32 37 30 18 41 18 48 4 12 11 11 40 22 31 49 16 10 34 48 9 29 29 38 12 24 41 37 20 26 29 35 37 13 15 35 31 37 8 47 27 17 15 14 22 37 40 20 8 27 38 26 50 44 6 31 14 33 43 39 20 4 34 42 11 26 43 28 37 16 24 48 30 48 21 51 7 15 10 27 21 43 21 23 49 9 29 29 29 29 36 45 26 48 11 44 12 21 46 47 32 8 27 5 11 24 20 15 46 32 22 46 31 40 47 37 25 31 32 14 37 32 48 47 45 24 20 9 45 48 10 7 41 15 10 34 29 12 27 37 50 36 52 27 30 11 22 28 24 19 23 46 48 42 25 25 26 23 23 33 22 33 29 34 7 5 18 27 24 28 39 16 4 13 26 15 28 31 25 15 54 5 46 37 32 30 32 21 35 13 10 28 24 32 5 18 37 15 49 25 9 32 26 40 44 10 49 6 46 20 3 18 17 32 27 17 35 31 38 26 38 42 44 27 31 42 36 24 3 15 41 23 19 32 43 10 50 49 16 10 13 15 16 5 30 4 48 48 47 30 32 12 55 23 33 38 20 26 19 26 47 16 25 41 47 19 39 36 42 42 35 30 34 33 48 44 42 42 25 27 48 27
65 23 42 54 33 35 41 40 13 8 10 15 30 48 39 28 31 46 51 24 34 14 17 41 5 39 36 63 29 48 18 53 47 51 61 22 32 30 30 9 29 36 15 13 8 50 44 48 44 38 59 31 6 12 34 24 33 23 42 28 15 44 16 48 25 49 49 45 45 39 13 26 24 48 40 20 49 5 12 17 42 10 55 32 56 19 48 55 21 46 18 28 23 48 19 38 41 46 10 17 9 39 33 35 25 31 51 21 9 5 23 36 40 22 45 15 6 33 44 9 48 33 28 37 13 0 23 36 39 54 48 9 21 17 6 16 52 30 10 36 27 27 52 30 25 21 19 34 13 54 15 48 42 46 55 18 22 45 14 48 3 47 26 51 41 36 10 19 51 28 42 19 26 25 34 17 37 46 51 33 48 3 46 46 53 42 40 43 20 16 38 33 51 22 25 58 29 37 47 39 35 15 10 48 33 19 44 39 45 36 10 40 9 18 31 25 26 24 19 46 18 33 39 29 27 26 21 16 23 55 45 37 55 40 39 17 45 33 14 58 11 48 45 49 3 19 39 23 47 16 31 50 38 54 9 51 10 26 39 31 34 50 48 37 34 33 32 46 38 46 40 44 51 54 17 18 22 21 33 54 27 21 16 14 14 43 26 21 27 32 39 15 38 44 35 42 12 48 9 52 14 13 22 19 44 11 18 57 24 18 29 56 16 41 25 41 25 17 46 37 11 37 18 40 38 6 26 36 29 40 13 43 37 29 10 18 11 34 34 32 20 15 48 37 46 45 18 19 22 39 50 44 22 16 43 40 15 26 39 32 48 28 20 55 26 57 23 49 17 27 12 38 33 44 10 18 56 14 41 18 17 41 34 51 38 47 20 54 3 9 44 45 44 6 38 11 4 19 13 9 51 26 33 56 22 34 46 34 16 26 42 21 43 25 49 52 40 37 10 10 48 52 4 14 35 25 21 39 42 18 15 46 51 42 51 16 33 24 11 40 35 31 27 53 58 39 35 37 29 33 35 35 27 45 39 42 7 10 14 21 12 30 41 5 10 15 36 24 35 21 30 23 63 13 50 34 32 30 39 33 28 9 21 17 36 44 15 7 47 15 51 15 5 29 39 49 48 4 58 17 47 32 16 27 9 36 20 24 29 19 42 38 40 46 41 39 26 45 44 36 11 26 49 16 31 35 50 22 60 58 24 3 20 14 11 8 31 14 44 56 56 40 27 18 64 29 20 41 8 14 8 39 45 7 38 52 52 31 44 38 43 44 44 21 45 22 56 52 40 49 35 21 48 40
68 25 62 37 42 38 39 54 11 21 29 33 51 32 58 20 32 34 51 4 36 18 37 43 27 21 22 66 47 31 19 51 31 56 64 14 44 44 37 25 41 57 24 20 17 59 48 51 44 39 62 26 28 23 48 15 52 42 31 17 8 33 13 49 3 46 39 48 32 59 26 42 35 46 29 30 34 19 18 7 40 24 55 53 58 11 36 59 21 55 17 15 29 57 38 55 58 36 14 12 14 47 26 34 13 31 59 13 18 24 36 30 43 43 28 21 17 13 52 31 34 49 46 56 32 23 0 38 39 52 33 18 39 19 24 9 50 35 13 46 33 24 36 28 45 42 20 25 22 60 16 32 56 33 60 24 26 38 9 31 20 57 5 36 30 20 13 37 51 18 49 8 19 19 50 37 40 54 36 40 52 20 33 42 60 43 34 30 22 23 58 41 39 43 33 64 47 53 31 22 47 35 32 46 32 6 32 49 53 26 32 55 30 23 46 6 29 41 33 55 37 38 50 20 10 23 36 16 34 61 54 29 58 24 43 6 52 53 12 58 15 47 49 53 25 33 26 28 34 36 36 41 56 61 14 36 27 47 56 25 42 44 41 34 52 14 45 45 40 30 56 27 47 55 35 15 19 5 53 60 31 37 15 14 24 52 14 32 35 42 25 37 50 55 21 55 14 49 27 48 35 35 36 31 42 14 15 59 46 39 13 56 38 59 15 36 43 10 44 27 12 58 11 38 28 28 46 26 19 35 26 25 44 48 31 25 13 22 15 49 37 23 55 49 29 34 36 17 32 39 50 42 23 35 48 27 37 20 20 30 57 46 13 55 15 59 24 34 32 44 34 48 46 35 13 12 54 36 60 8 11 59 20 49 57 32 41 61 22 23 31 30 58 26 48 31 26 12 13 30 47 11 44 63 2 15 31 18 7 10 50 31 42 7 38 49 22 55 27 23 40 46 24 35 16 35 35 39 57 28 14 53 39 41 36 9 31 42 12 57 55 44 30 51 61 24 44 53 28 41 52 29 30 58 60 46 26 27 16 7 14 25 33 18 31 37 56 45 39 3 33 45 67 34 46 20 23 24 41 50 8 31 41 7 53 58 31 16 56 19 40 8 26 16 53 52 44 25 62 32 36 50 34 48 29 33 8 30 11 19 39 52 31 41 25 58 11 39 47 54 30 46 50 10 49 31 49 41 63 62 33 25 42 20 16 29 23 30 26 58 58 61 12 27 67 33 21 37 19 10 15 54 32 28 54 60 49 48 42 30 32 35 51 2 53 4 57 54 25 50 44 9 36 56
30 56 49 41 13 3 9 26 39 29 45 29 41 33 40 20 7 25 15 36 3 46 33 5 34 35 26 28 34 37 22 18 35 19 27 25 18 22 9 44 18 45 50 46 40 24 10 14 8 2 25 14 36 47 22 24 37 34 21 24 35 22 44 12 39 14 22 10 26 44 24 24 17 13 21 18 31 34 44 39 8 46 19 44 21 28 25 22 18 20 23 25 13 22 32 32 34 20 32 44 35 13 15 7 26 7 23 26 29 41 20 13 6 40 36 22 37 36 18 39 30 29 32 41 30 36 38 0 5 18 31 30 31 49 31 32 16 7 36 16 11 15 37 11 36 42 51 18 24 22 25 35 30 29 22 19 15 17 38 37 35 23 36 35 21 31 33 31 16 22 13 43 20 20 29 33 4 17 32 9 14 36 27 13 24 6 13 27 18 21 46 10 27 38 13 26 33 30 33 33 19 35 37 13 8 41 23 18 18 20 38 29 41 19 24 35 11 28 23 21 31 7 19 21 31 15 23 46 16 24 20 16 20 32 5 38 15 40 30 22 30 12 11 15 36 22 25 14 28 32 8 21 37 24 36 34 46 40 35 16 13 19 19 8 35 34 19 11 3 32 30 35 18 18 27 47 19 41 41 23 9 25 26 28 23 19 26 19 13 14 26 41 21 24 26 26 29 13 44 19 33 41 21 20 11 39 47 22 42 38 29 20 38 41 25 13 31 30 11 20 34 44 44 8 19 40 38 19 22 12 25 35 10 36 44 19 37 25 35 31 27 49 19 20 36 22 29 49 17 4 14 10 17 32 12 25 40 19 34 9 23 32 25 19 25 22 15 33 24 29 39 18 20 20 37 28 20 39 43 41 43 40 25 16 41 30 38 23 34 44 28 31 28 32 17 34 37 27 29 43 17 30 17 25 37 36 29 29 35 30 16 17 7 33 25 18 36 36 46 27 20 19 33 36 36 16 22 5 30 19 44 17 26 6 33 40 8 30 37 34 41 22 10 17 24 28 13 29 10 12 30 14 10 28 46 8 32 29 27 31 41 14 17 36 33 42 45 41 3 40 6 42 29 35 17 26 19 17 3 31 36 41 36 40 33 29 26 35 21 23 25 37 36 25 26 14 15 36 24 25 23 32 30 41 45 8 31 13 33 50 10 25 17 14 30 43 29 15 9 36 31 34 13 31 32 11 14 34 26 25 15 35 42 24 29 33 18 26 36 21 21 47 30 19 30 8 52 12 42 40 35 28 28 43 31 24 17 29 10 16 22 19 14 38 19 41 20 17 28 14 14 30 26 32
29 58 53 38 17 7 5 29 42 32 48 33 45 31 44 21 9 22 13 37 6 49 37 6 38 34 25 27 38 34 24 14 33 20 26 26 22 26 13 48 22 49 52 49 43 25 10 13 5 3 23 14 40 50 25 25 41 38 18 24 37 20 46 10 40 11 18 10 23 48 27 28 21 10 19 22 29 37 47 41 4 49 17 48 19 30 22 21 20 22 25 26 17 23 36 36 38 17 35 46 37 16 15 6 27 9 25 27 31 44 24 12 7 44 34 25 40 36 20 42 27 33 36 45 34 39 39 5 0 15 28 33 35 51 34 34 13 12 38 20 15 16 34 12 41 46 53 17 27 23 28 33 33 26 21 22 18 13 40 35 39 26 37 32 19 30 35 35 13 22 14 44 21 21 32 38 7 19 29 13 15 39 24 9 25 5 10 25 21 24 50 14 23 42 16 26 37 34 31 32 23 39 41 9 8 43 21 21 19 19 42 32 45 22 28 36 14 33 26 23 35 11 23 21 31 17 27 48 21 25 22 14 19 31 8 40 17 44 32 20 32 9 11 15 40 25 24 17 26 37 12 18 41 25 39 31 49 44 39 16 16 15 15 7 39 33 23 7 5 30 34 34 14 16 32 49 21 43 45 24 13 29 28 30 26 21 26 22 17 18 25 45 25 27 25 29 32 10 48 15 37 45 25 24 7 42 49 20 46 42 29 17 41 45 26 9 35 32 8 18 36 48 46 4 18 43 42 18 22 9 28 34 13 40 47 22 40 24 34 35 31 52 20 23 34 19 33 51 21 1 11 5 19 35 13 24 44 20 33 10 25 37 27 17 25 20 18 31 28 33 43 21 24 17 39 29 17 43 47 43 45 44 25 12 45 28 42 24 37 47 25 28 31 36 20 38 40 28 32 46 12 30 21 26 38 35 27 28 37 31 18 21 4 34 21 14 35 40 49 30 16 15 37 40 35 20 26 1 34 23 46 18 23 3 30 42 9 34 39 38 45 26 13 14 22 27 16 33 12 16 34 13 13 31 50 9 36 32 29 33 43 14 14 39 37 46 49 45 7 41 10 46 28 39 13 26 18 17 4 35 37 45 40 42 37 32 30 38 22 26 22 39 39 25 29 14 11 39 23 29 20 36 33 46 48 7 32 17 34 52 6 28 15 10 29 47 30 12 9 40 35 38 11 33 36 10 11 38 25 24 18 38 46 27 32 37 18 30 35 19 20 51 30 23 28 12 55 9 44 42 38 32 26 46 35 26 14 33 6 15 19 16 16 39 21 43 18 15 27 11 18 31 23 36
20 72 62 42 28 20 14 37 55 47 63 46 56 36 53 33 24 27 5 49 20 63 50 15 52 42 34 17 49 40 38 2 38 18 17 39 32 37 26 62 34 59 67 63 57 27 14 12 11 16 15 27 54 64 35 38 52 51 25 36 51 25 60 8 53 6 20 13 28 58 42 40 34 7 26 36 33 51 61 54 13 63 7 59 11 43 26 15 35 25 39 38 31 25 49 45 46 21 49 60 51 24 27 20 39 23 25 40 46 58 37 23 15 57 40 39 54 47 25 56 31 43 47 55 47 54 52 18 15 0 33 47 48 65 49 47 3 25 52 28 28 30 37 25 53 59 67 28 41 20 42 38 40 31 16 37 32 17 54 41 53 29 49 35 26 39 50 48 4 35 20 58 34 34 42 51 19 21 31 24 15 54 29 12 23 13 19 31 35 39 60 26 25 54 30 21 48 43 36 40 32 52 55 7 22 56 26 28 23 28 56 40 59 36 38 48 29 45 40 26 48 24 30 33 43 30 40 62 34 22 27 24 11 38 17 54 20 55 46 8 46 7 14 13 54 39 32 32 30 50 25 17 50 22 53 34 64 56 48 28 27 13 16 19 49 44 33 9 17 36 41 41 7 7 45 63 35 56 56 21 27 42 42 44 40 26 39 36 30 29 33 58 32 32 34 35 46 8 62 8 50 59 38 37 11 56 63 10 59 55 41 7 55 54 38 17 47 45 8 28 50 58 60 15 26 57 54 27 34 18 43 41 23 51 61 36 54 34 45 46 44 66 21 31 40 24 46 65 34 16 4 10 33 49 18 31 57 33 41 24 28 48 40 6 37 12 32 35 41 45 57 29 34 22 53 43 3 56 56 56 59 52 35 4 55 33 55 21 52 62 31 34 37 50 28 52 55 42 46 61 7 43 31 22 51 46 32 38 50 43 24 34 12 46 24 4 43 49 63 45 18 11 51 53 45 33 39 15 41 37 60 20 24 13 33 56 22 47 53 46 55 36 27 1 15 35 26 41 26 27 44 24 27 36 60 15 50 46 43 46 57 27 22 53 51 59 60 58 20 54 24 58 18 52 9 36 30 29 16 45 49 59 53 55 46 38 43 52 25 40 23 52 53 37 37 13 9 54 15 42 24 47 47 58 62 20 45 31 45 66 14 36 23 13 36 56 42 15 13 50 49 50 8 47 46 22 5 50 17 17 32 53 59 41 46 51 30 43 42 10 12 60 42 37 19 25 69 16 59 56 52 39 31 60 43 26 5 43 11 24 25 21 20 52 25 56 9 10 34 7 27 44 27 44
52 57 76 10 43 33 25 56 42 42 56 49 66 4 68 21 29 7 35 30 31 50 54 33 49 14 13 50 60 8 32 31 6 46 49 26 47 50 37 54 46 71 55 51 47 53 38 39 31 30 47 22 51 54 51 24 64 58 11 20 36 9 45 34 33 27 14 37 6 72 41 51 42 28 11 39 1 43 48 39 25 54 39 69 42 30 8 46 30 50 31 21 35 51 54 62 64 13 39 44 41 44 19 25 24 28 52 27 39 51 44 19 35 62 9 36 45 22 48 55 3 57 58 68 49 48 33 31 28 33 0 40 54 51 45 34 32 35 41 46 35 25 6 25 61 63 53 17 38 49 34 6 60 3 47 35 33 17 40 9 45 53 28 5 10 14 39 53 33 20 42 41 23 24 57 55 34 47 4 39 41 46 5 23 52 32 19 5 31 37 73 40 9 61 37 52 59 60 4 13 49 55 54 29 25 39 8 48 47 14 55 59 56 34 52 28 32 54 45 51 53 37 50 20 24 26 47 48 41 51 50 16 43 10 35 38 45 66 35 40 37 31 39 41 49 44 9 34 3 54 35 16 66 51 42 4 56 64 64 20 42 20 18 23 63 19 48 29 32 5 60 10 26 38 50 48 27 37 67 50 32 49 33 34 39 49 23 42 39 44 10 59 51 54 14 56 36 35 55 26 53 58 45 41 25 44 47 42 65 59 21 39 58 70 23 19 56 32 28 13 39 71 44 25 13 53 62 15 19 20 42 11 40 62 57 35 42 14 20 59 50 55 47 50 9 10 51 49 40 29 33 27 30 52 41 8 59 24 14 25 53 59 28 38 22 43 29 3 45 56 57 48 50 12 42 31 35 57 71 40 43 69 15 30 69 1 60 50 46 53 4 4 59 47 48 52 50 29 35 56 27 24 46 52 32 20 3 16 35 25 46 39 28 27 10 29 14 64 56 42 16 23 47 55 19 41 45 27 60 39 46 45 10 29 4 41 24 55 41 64 68 50 30 33 47 9 43 58 26 42 59 19 32 58 73 36 48 46 35 29 44 23 15 44 51 60 72 64 34 36 31 64 51 54 25 15 18 20 32 59 26 56 58 39 61 59 46 43 50 35 11 38 50 20 56 40 24 50 46 46 9 60 51 65 57 24 30 35 23 51 23 55 14 22 9 71 23 19 36 64 49 60 36 34 59 21 32 57 48 49 39 49 62 36 38 50 19 46 11 42 44 74 23 39 51 33 53 20 49 42 42 58 3 55 60 53 28 57 26 15 9 13 44 34 49 36 41 40 8 35 44 29 7 62
59 27 45 47 29 29 34 38 12 4 17 16 34 40 41 20 24 38 45 18 28 17 20 35 10 32 28 57 30 40 10 46 39 46 56 14 29 28 25 16 26 40 20 17 11 46 39 42 37 32 54 23 12 17 33 16 35 25 34 20 11 36 16 42 20 42 41 39 37 42 10 26 20 41 32 15 41 5 15 13 35 17 49 36 50 11 40 50 13 42 9 20 17 44 21 38 41 38 4 16 6 35 25 28 17 24 47 13 2 13 20 28 35 26 38 8 8 26 40 16 40 32 29 39 14 9 18 30 33 47 40 0 22 20 7 10 45 25 8 33 21 19 44 23 28 26 22 25 7 49 6 40 41 38 50 11 15 37 12 41 7 43 20 44 33 29 5 20 45 20 38 17 18 17 34 20 31 42 42 28 42 8 38 38 49 36 32 35 13 10 41 29 43 26 20 54 30 37 39 31 32 19 16 41 26 16 36 36 41 28 16 39 16 11 30 19 19 25 17 43 19 27 36 21 20 18 20 17 19 50 41 29 49 33 33 14 40 36 7 52 3 41 39 44 10 17 31 17 39 19 25 42 39 50 7 43 18 30 40 23 30 42 40 29 35 26 30 39 32 38 40 37 44 48 18 19 15 18 36 49 21 20 8 6 9 39 18 18 22 29 31 21 35 41 27 40 5 42 17 45 17 20 20 15 37 11 19 51 29 23 22 49 21 42 18 33 26 10 39 29 6 40 17 33 30 14 29 28 21 33 10 35 32 31 18 12 9 26 27 33 21 20 44 35 39 37 19 20 17 32 44 37 14 18 38 32 21 17 31 24 44 29 12 49 19 51 16 41 16 28 18 35 31 37 8 10 49 20 43 16 16 42 26 44 40 39 24 50 7 15 36 37 43 9 35 15 11 12 6 17 44 19 30 52 17 27 38 26 11 18 38 17 36 18 41 45 33 38 18 6 40 44 8 18 28 21 19 32 41 14 15 42 43 35 43 14 26 25 9 41 37 29 21 46 52 31 31 37 22 29 35 27 20 43 43 37 10 10 6 14 12 22 33 6 14 21 39 29 30 17 24 28 58 17 43 26 24 23 33 34 22 17 24 14 37 42 15 6 44 7 42 12 11 21 37 43 41 10 53 15 39 33 17 31 18 28 13 18 22 21 35 36 32 38 33 41 19 37 38 37 13 29 43 9 32 27 43 24 54 53 19 9 25 6 3 13 22 14 36 50 50 44 20 13 58 23 23 34 12 13 6 38 37 16 38 48 45 32 37 30 35 36 40 16 41 19 50 46 32 43 31 14 40 40
52 42 24 63 21 29 38 22 33 19 24 7 13 55 20 34 28 50 44 39 29 34 4 33 16 50 44 51 9 57 25 48 56 38 50 33 18 13 23 26 15 19 33 32 29 34 35 38 38 33 48 33 16 31 18 34 13 4 45 37 33 48 35 41 42 45 50 36 50 20 15 9 15 44 44 16 55 23 32 35 38 29 46 15 46 31 51 44 25 31 26 37 21 33 3 19 21 48 26 37 27 27 36 33 35 29 36 32 22 23 12 37 33 9 55 20 25 46 30 15 54 13 8 17 9 21 39 31 35 48 54 22 0 37 17 32 45 24 29 22 21 30 60 31 7 12 38 38 19 40 25 57 23 52 43 20 22 45 33 58 22 30 41 59 45 47 27 2 45 36 31 38 32 32 14 5 30 33 56 24 37 23 51 43 39 36 40 50 24 19 20 23 54 8 19 45 8 17 55 49 20 8 13 43 32 38 48 24 31 41 14 21 19 22 13 40 24 5 10 31 3 25 24 36 40 29 9 36 15 41 30 39 45 50 31 35 32 14 28 49 25 42 35 39 19 11 46 21 53 5 24 50 17 40 28 58 27 10 19 34 22 49 48 35 13 46 17 41 32 54 21 54 48 45 5 38 29 39 14 40 24 7 27 27 18 28 36 13 19 20 46 13 21 27 43 24 26 41 25 49 7 15 11 14 41 31 39 48 12 8 40 47 9 21 35 41 5 31 42 42 28 19 38 37 42 19 8 40 37 40 14 53 26 9 21 20 30 42 47 12 5 34 35 22 56 48 4 39 16 34 44 40 25 6 32 47 12 32 49 31 32 7 31 47 36 46 25 56 10 7 13 23 17 47 29 30 49 12 21 37 37 21 42 46 18 54 8 41 19 28 51 53 26 15 24 11 18 31 27 21 47 39 19 43 39 47 52 44 33 38 29 16 38 39 51 48 52 17 26 17 48 49 17 9 48 16 10 35 22 15 35 34 53 37 57 35 33 4 30 20 16 14 26 47 46 47 23 18 30 22 16 37 24 27 21 34 14 13 25 35 31 32 43 25 11 15 18 11 29 39 26 12 51 9 47 43 37 35 33 13 43 18 5 36 16 25 9 26 33 22 53 33 17 38 20 38 45 18 47 9 50 12 6 12 23 34 34 20 43 39 40 20 42 44 49 19 38 44 36 15 10 7 41 31 11 35 43 4 48 46 17 18 12 22 24 13 35 10 54 47 45 22 39 16 52 24 40 40 28 34 27 20 52 22 18 37 48 12 40 40 47 46 32 38 30 41 46 42 48 42 22 34 52 20
78 8 57 55 48 48 52 56 10 22 16 32 46 50 56 34 42 51 63 21 47 4 34 54 22 39 39 76 45 49 28 64 48 65 75 27 48 46 45 13 44 52 8 6 9 65 58 61 56 50 73 39 22 8 51 29 49 39 48 33 15 49 7 60 20 60 56 58 50 55 28 43 39 59 45 34 52 17 6 13 52 10 67 47 69 23 53 69 31 61 26 32 37 63 35 55 58 52 17 7 15 54 40 46 29 43 66 26 21 14 39 44 54 37 46 27 13 31 59 24 52 49 44 53 29 17 19 49 51 65 51 20 37 0 22 19 63 44 13 52 40 36 53 40 41 35 3 40 26 68 24 49 58 50 69 30 34 53 12 49 16 62 24 54 46 38 16 35 63 33 57 11 33 32 50 33 50 61 54 48 61 15 50 56 68 54 49 47 31 29 53 48 56 38 40 73 45 53 49 39 51 31 25 59 44 13 49 55 60 42 25 56 21 30 47 23 38 41 35 62 34 47 55 35 28 35 37 4 38 70 60 44 68 42 52 14 60 48 19 70 20 59 58 63 19 35 43 36 51 33 44 57 54 69 13 54 13 42 55 39 49 59 56 47 50 33 48 57 51 48 57 45 61 66 34 4 31 15 49 68 40 37 24 21 28 58 30 36 41 48 42 29 54 60 38 58 20 61 15 62 31 27 38 34 55 10 5 70 39 34 31 68 32 57 30 50 41 21 57 43 15 53 8 51 44 20 41 42 34 49 28 43 51 45 20 31 12 38 33 48 37 6 63 53 47 50 34 3 37 50 62 55 33 32 57 44 30 33 39 42 63 44 26 67 31 70 34 52 33 43 27 53 49 51 13 23 67 29 57 11 8 57 37 62 54 50 36 69 19 11 48 48 61 22 54 27 20 25 20 19 61 28 48 71 19 33 49 36 16 27 57 36 54 25 54 63 40 53 14 25 55 61 20 30 34 40 37 50 58 33 6 61 56 53 54 11 44 40 13 57 50 47 39 64 71 42 50 54 40 48 52 43 39 61 55 56 23 26 23 22 8 39 48 14 27 28 51 39 49 16 43 38 77 29 60 37 38 38 51 50 26 22 37 13 52 60 32 14 63 26 57 14 21 33 55 62 58 20 72 33 52 48 32 42 17 46 22 37 28 2 52 54 47 55 43 54 28 54 57 52 27 43 61 19 47 44 61 38 73 72 39 20 34 25 20 25 38 31 44 69 69 56 29 32 78 42 4 51 10 10 14 55 49 17 54 67 62 48 55 45 48 50 59 17 60 16 69 65 43 62 50 23 53 56
59 28 39 52 27 30 36 35 17 4 14 10 27 45 36 25 25 42 46 24 29 19 14 35 5 38 33 57 25 46 14 48 45 45 55 20 27 24 25 14 23 34 20 18 13 44 39 42 39 33 54 27 7 18 29 22 29 19 38 26 17 40 20 43 26 44 45 39 42 36 8 21 18 43 36 14 46 6 17 19 37 16 49 30 50 18 44 50 17 40 14 26 18 43 15 34 37 42 10 21 11 34 29 30 23 26 45 19 7 10 17 31 35 20 44 10 10 32 38 10 45 28 24 33 9 6 24 31 34 49 45 7 17 22 0 16 46 25 13 30 21 23 50 26 22 20 24 30 8 48 12 46 37 44 50 13 17 41 17 47 7 41 26 49 37 35 11 15 46 25 37 22 22 21 29 13 31 41 48 28 42 7 43 41 47 37 36 41 15 11 35 27 47 20 20 53 25 32 44 37 30 12 10 43 28 22 40 34 39 32 10 35 11 14 26 25 20 20 13 40 14 27 34 26 26 22 16 20 17 49 39 33 50 39 33 19 39 30 13 52 10 42 39 44 6 14 37 18 44 13 25 45 34 49 12 49 16 24 35 27 28 46 44 32 30 32 27 41 33 43 35 43 47 48 13 22 19 23 30 48 22 16 14 13 9 37 24 15 21 27 36 15 32 38 32 36 11 43 14 48 11 14 17 13 40 15 23 52 23 16 28 50 15 37 23 37 21 17 41 33 12 34 22 35 34 10 23 32 26 36 7 41 31 25 14 13 14 32 33 28 16 20 42 32 44 41 13 23 16 33 45 39 17 12 38 37 15 22 37 27 42 24 18 50 24 51 19 47 12 23 12 32 27 41 13 16 50 13 37 21 20 37 31 46 34 44 18 49 4 15 42 43 39 3 33 8 7 18 13 13 46 25 27 51 23 34 43 32 17 25 37 15 37 25 45 47 39 33 15 5 43 47 3 12 34 19 15 34 37 13 19 41 47 37 48 19 29 20 14 36 32 26 22 48 52 37 29 32 25 27 31 31 22 39 37 37 3 5 11 20 16 26 37 9 8 15 33 22 30 23 25 22 58 10 45 32 28 27 34 29 28 12 18 20 32 39 10 9 42 11 47 17 5 26 33 43 43 6 53 11 43 27 12 25 14 31 20 18 29 24 37 33 36 41 39 35 25 41 39 32 7 23 43 15 26 31 45 18 54 52 18 5 19 10 9 6 27 9 42 51 50 37 26 12 58 24 26 37 13 18 11 34 43 12 33 46 47 27 39 34 39 40 39 22 39 25 50 46 38 44 30 20 44 35
62 26 55 39 35 32 34 46 9 13 24 25 43 33 50 16 25 33 46 9 30 17 30 37 20 23 21 60 39 33 11 46 32 50 58 9 36 35 30 21 33 49 23 19 14 51 42 45 39 33 56 21 21 20 40 11 44 35 29 15 4 31 13 43 11 42 37 41 32 51 18 34 27 41 27 22 35 12 16 8 35 21 50 45 52 5 35 53 14 47 9 14 22 50 30 47 50 34 7 13 8 40 22 28 11 25 52 8 10 19 27 26 37 36 30 14 12 17 45 25 34 41 38 48 24 16 9 32 34 47 34 10 32 19 16 0 45 28 8 39 25 18 37 22 37 35 21 22 14 53 9 33 49 32 53 16 19 35 7 33 14 49 10 37 28 21 6 30 46 15 42 11 14 14 42 29 34 47 37 33 45 14 33 37 53 37 31 29 15 16 51 33 38 35 25 57 39 45 32 24 39 28 25 41 26 10 31 42 46 23 25 46 24 15 38 10 22 33 25 48 29 31 42 16 11 17 28 16 26 55 47 26 52 25 36 7 45 45 4 53 7 42 42 47 18 25 26 21 34 29 29 39 48 54 9 37 23 39 48 20 35 40 38 29 44 17 37 39 34 31 48 29 43 49 27 17 13 10 45 53 24 29 7 5 16 44 12 25 27 34 24 30 42 47 20 47 6 44 23 44 27 29 28 22 37 11 16 53 39 32 14 51 30 51 12 32 35 3 40 24 6 50 13 33 25 22 39 24 16 31 18 27 36 40 26 17 8 21 18 41 29 22 48 41 31 32 28 18 24 33 44 37 16 27 42 27 30 15 23 25 50 38 8 50 13 53 17 35 24 36 27 41 38 33 9 5 49 29 52 10 12 51 19 44 49 33 34 54 15 20 30 31 50 18 41 24 20 6 5 24 43 11 36 56 8 19 32 19 3 10 43 23 37 9 36 45 25 47 23 15 37 43 17 28 19 27 27 33 48 21 13 46 38 36 37 9 26 34 7 49 47 37 23 47 55 25 36 45 22 34 44 25 23 50 52 39 19 19 7 5 12 20 30 12 24 30 49 38 32 9 27 38 60 26 42 20 20 20 35 42 13 25 34 8 45 50 23 10 49 12 38 5 20 15 45 46 40 19 55 24 34 41 26 40 24 28 5 23 14 20 34 44 28 37 26 50 11 35 40 46 22 38 44 1 41 26 44 34 57 56 25 18 35 11 8 22 19 22 28 52 53 53 12 20 61 26 22 32 16 9 9 45 31 22 46 53 44 40 37 26 30 32 44 7 46 11 51 48 26 44 37 6 35 48
21 70 61 41 26 18 12 35 53 44 60 44 54 35 51 31 22 26 4 47 18 60 48 12 50 41 32 19 47 39 36 3 37 18 18 37 30 35 24 60 32 58 65 61 55 26 13 11 9 14 15 25 52 62 33 36 50 49 23 34 49 24 58 6 51 5 19 11 27 56 39 38 32 5 25 33 31 49 58 52 11 61 7 57 12 41 24 15 32 24 37 35 29 25 47 43 44 20 47 57 49 22 25 18 37 21 25 38 43 56 35 20 14 54 39 37 52 45 24 54 29 41 45 53 45 52 50 16 13 3 32 45 45 63 46 45 0 23 50 27 26 28 37 23 51 57 65 26 39 20 40 37 39 30 16 35 30 16 52 40 51 28 47 35 25 37 47 46 3 33 18 56 32 32 40 49 17 20 31 23 14 51 28 10 23 11 17 30 33 36 59 24 24 53 28 21 46 41 35 38 30 50 53 5 20 54 25 27 22 26 54 39 57 34 36 46 26 43 38 25 46 22 28 31 41 28 38 60 32 22 25 22 12 37 16 51 19 53 44 9 44 5 13 13 52 37 30 29 29 48 23 17 49 22 50 34 61 54 46 26 25 13 14 17 47 42 31 6 15 35 40 39 7 8 43 61 33 54 54 21 25 40 40 42 38 25 37 34 28 27 31 56 31 31 33 34 44 6 60 7 48 56 36 35 9 54 61 11 57 53 39 8 53 52 36 15 45 43 6 26 48 57 58 13 25 55 52 26 32 16 40 40 21 49 59 34 52 32 43 44 42 64 20 30 39 23 44 63 32 13 3 8 31 47 16 30 55 31 40 21 27 46 38 7 35 13 30 33 39 43 54 27 33 21 51 41 5 54 54 54 57 51 33 2 53 32 53 21 49 60 30 33 36 48 26 50 52 39 44 58 6 40 29 22 49 44 31 36 48 41 22 32 9 44 23 4 41 47 61 42 16 10 49 51 43 31 37 13 39 35 58 19 23 10 33 54 20 45 51 45 53 34 25 2 16 33 24 39 24 25 42 22 25 35 58 13 48 44 41 44 55 25 20 51 49 57 58 56 18 52 22 57 20 50 8 34 28 27 14 43 47 57 50 53 44 37 41 50 24 38 22 50 51 35 36 12 8 51 16 40 23 45 45 56 60 18 43 29 43 64 12 35 21 11 35 55 40 14 11 48 47 48 7 45 45 20 2 49 18 18 30 50 57 39 44 49 28 41 40 10 13 59 40 35 20 23 66 14 56 54 50 38 30 58 42 25 5 42 9 22 24 20 19 50 24 54 9 9 33 5 25 42 25 43
35 51 43 44 9 6 15 22 35 23 39 22 34 37 34 20 6 29 22 33 6 41 26 11 28 36 27 33 27 39 17 25 38 22 32 23 13 16 3 38 12 39 44 41 35 24 15 18 15 9 30 14 30 41 17 23 31 27 25 24 31 27 39 19 37 21 27 15 30 39 17 17 10 20 24 11 35 28 39 35 15 40 25 37 26 25 30 26 14 20 19 25 8 22 25 28 30 25 28 39 30 13 17 10 25 8 25 23 23 35 13 16 11 33 38 17 32 36 18 32 34 23 25 35 23 30 35 7 12 25 35 25 24 44 25 28 23 0 31 13 4 14 40 11 30 35 46 19 18 25 21 38 26 33 26 14 10 22 34 40 30 23 34 39 25 32 28 24 22 22 14 39 18 19 23 26 7 19 36 5 18 30 31 20 26 13 18 31 14 15 40 7 32 31 6 30 26 25 36 34 15 28 30 20 10 38 27 16 18 22 32 25 35 14 18 33 7 22 16 21 24 4 17 21 30 13 16 41 9 27 20 19 25 34 9 34 17 34 26 28 25 19 15 20 30 15 28 8 32 25 1 27 32 26 31 38 40 33 30 16 9 26 25 13 29 34 14 18 9 35 26 38 25 24 20 43 17 38 34 26 5 18 22 24 17 18 25 12 6 9 28 34 18 22 27 23 25 19 38 26 26 34 14 13 18 35 43 27 35 31 29 26 31 36 24 18 24 26 18 22 29 38 40 14 22 33 31 21 22 17 18 37 9 29 37 13 33 26 35 25 20 44 20 16 39 27 22 44 10 11 21 17 13 25 14 28 33 17 35 10 23 26 22 26 23 27 12 37 17 23 32 15 15 25 32 24 26 32 37 37 39 34 26 23 35 34 31 26 28 39 31 34 25 26 15 27 30 24 25 36 24 29 12 28 34 36 33 29 31 29 16 10 14 31 30 25 37 30 39 21 26 26 27 29 36 9 15 12 26 13 39 18 31 13 37 36 11 24 32 30 35 16 6 24 28 30 10 24 10 8 25 16 6 25 40 13 26 22 22 29 36 14 21 30 26 35 39 34 6 36 4 35 34 28 24 27 19 17 10 25 35 34 29 36 27 26 19 30 21 18 31 33 29 25 22 19 22 30 29 18 28 26 23 35 38 12 28 7 33 45 16 21 21 20 32 37 28 22 14 30 24 27 19 27 26 14 21 27 30 29 8 29 35 19 24 27 18 19 38 27 26 41 29 13 34 2 47 17 36 36 30 24 32 36 26 25 24 23 17 20 26 24 16 35 19 38 26 22 30 20 11 27 31 28
66 20 51 46 36 35 39 46 5 11 17 23 39 40 48 22 30 40 50 14 34 11 26 41 15 30 29 63 37 40 15 51 39 53 62 16 37 35 32 14 33 46 16 12 6 53 45 49 43 37 60 27 16 14 40 18 41 31 36 22 5 38 9 47 15 47 44 45 39 48 17 33 27 46 34 22 42 7 9 7 40 14 54 41 56 12 42 56 18 49 14 20 24 51 27 46 49 41 4 9 2 42 28 33 17 30 54 15 9 12 27 32 41 31 37 15 5 23 47 19 42 40 36 45 21 10 13 36 38 52 41 8 29 13 13 8 50 31 0 40 28 23 44 27 34 31 15 28 14 56 11 40 48 40 57 18 22 41 5 40 8 51 16 44 35 28 3 27 50 22 44 9 20 19 41 25 37 49 44 35 49 8 40 43 56 42 36 37 18 17 47 35 45 32 27 60 37 44 39 31 40 24 20 46 31 10 38 43 48 30 20 46 18 18 37 16 25 32 24 50 26 34 44 23 18 22 27 10 26 57 48 32 56 32 39 7 47 42 7 57 7 46 46 50 13 24 32 23 40 25 32 45 46 57 2 44 16 36 47 26 37 46 44 34 42 24 37 44 38 38 47 36 49 54 25 12 18 11 42 56 27 28 11 9 16 46 18 25 29 36 32 25 43 48 28 47 7 48 16 50 23 23 27 23 42 4 12 57 34 28 21 55 26 49 19 38 33 9 45 31 3 46 10 38 32 16 35 30 23 37 17 34 39 37 19 19 2 27 25 40 27 15 50 42 38 39 26 13 25 38 49 42 20 24 45 33 25 21 30 29 51 36 14 55 20 57 21 42 23 35 22 42 38 39 1 11 54 24 49 9 9 49 27 49 46 40 30 57 10 13 38 38 50 14 42 20 14 13 7 18 48 18 37 59 13 25 39 26 6 17 45 24 41 16 43 50 32 45 16 14 43 48 12 23 26 28 26 38 48 21 8 49 45 40 44 6 31 32 1 48 44 36 27 52 59 32 38 44 27 36 43 31 27 50 49 43 15 17 10 12 5 26 36 5 19 25 45 34 36 11 30 33 64 22 47 27 26 26 39 40 19 19 30 8 43 50 22 4 51 13 45 5 14 21 44 49 46 14 59 23 41 40 24 36 17 33 12 25 20 15 39 44 35 43 33 48 18 41 44 44 19 35 49 7 39 32 49 30 61 59 26 13 30 13 8 18 25 21 35 56 56 50 19 20 65 30 17 38 9 6 3 45 39 16 45 55 50 39 42 33 37 39 47 11 48 13 56 52 33 49 39 13 42 47
31 58 35 56 4 14 24 10 44 31 43 23 29 48 25 32 19 41 24 45 16 49 25 16 32 48 39 29 21 51 28 29 50 17 28 35 5 10 11 44 8 31 50 48 43 14 15 18 20 17 26 27 34 48 7 35 24 24 36 36 41 38 48 21 48 27 37 16 41 30 24 13 13 26 36 18 47 35 46 45 23 46 26 32 25 36 41 22 26 10 30 37 18 13 24 17 19 36 36 48 38 5 29 22 37 20 15 35 31 40 14 28 14 31 50 26 39 48 8 35 45 15 20 27 25 36 46 16 20 28 46 33 22 52 30 39 27 13 40 0 14 26 52 24 26 33 53 32 26 19 31 50 14 44 22 23 21 32 43 52 37 11 46 50 36 44 37 23 25 34 9 48 31 31 14 26 13 12 47 8 16 37 42 28 18 18 28 43 25 24 33 7 42 28 14 24 20 15 48 46 4 28 33 25 22 48 39 4 10 34 34 13 38 24 10 45 19 18 18 10 23 10 4 33 42 26 16 49 14 20 9 31 24 46 13 44 11 27 36 28 34 23 15 18 35 18 40 19 44 26 12 37 22 19 39 50 45 29 20 29 5 34 34 24 21 46 6 23 15 47 15 50 31 25 21 51 28 48 28 19 17 17 32 34 25 7 37 16 12 5 40 34 5 9 39 10 34 21 43 32 27 35 15 18 25 43 51 27 32 30 41 27 30 26 36 28 20 37 25 35 38 31 49 23 34 37 27 33 34 28 24 49 7 23 40 22 41 38 47 18 19 50 13 4 51 38 22 52 16 19 25 24 25 25 12 40 33 30 47 22 12 21 34 27 36 25 23 49 20 18 34 2 6 36 40 35 29 33 28 47 48 25 39 27 27 46 29 19 34 45 43 46 13 31 3 30 35 35 35 40 30 41 4 21 45 48 44 41 41 40 7 17 21 43 40 30 49 21 44 27 35 33 33 30 48 13 16 20 15 19 47 12 42 20 49 45 23 20 41 19 27 9 19 27 25 42 4 14 22 6 16 28 18 13 32 14 30 27 32 40 44 26 32 38 29 36 32 31 13 47 16 32 30 29 31 40 32 30 16 17 47 38 27 46 18 13 22 38 12 28 41 43 34 37 10 17 29 34 25 20 39 19 24 31 42 23 39 17 45 53 25 9 32 29 45 28 40 31 16 22 27 23 21 38 19 26 25 25 26 24 14 34 33 28 33 30 31 22 50 26 24 32 41 20 31 15 55 27 43 45 39 13 44 41 16 16 30 16 24 31 37 35 11 45 9 49 26 21 43 22 3 39 42 17
39 47 42 45 10 9 18 23 32 20 35 18 32 37 34 18 7 30 25 31 9 37 23 15 24 35 26 37 26 39 14 28 38 25 35 21 13 15 5 35 11 37 40 37 32 27 18 22 18 13 33 14 26 38 18 21 30 25 25 22 28 28 36 22 34 25 29 19 30 37 14 16 7 24 25 8 36 25 35 32 18 36 29 35 30 22 31 29 12 23 16 23 4 25 22 27 30 27 24 36 26 15 17 12 23 9 27 21 20 31 10 17 14 30 38 13 28 34 20 28 34 23 24 34 20 27 33 11 15 28 35 21 21 40 21 25 26 4 28 14 0 12 41 11 27 32 42 19 15 29 17 38 27 33 29 10 7 24 31 40 26 25 32 39 25 31 25 21 26 20 17 35 17 17 23 24 11 22 37 8 22 27 32 23 29 16 19 31 11 12 39 9 33 28 3 33 25 25 36 33 16 24 27 23 11 35 28 18 21 22 28 25 31 11 18 31 5 20 13 23 21 7 18 19 28 12 13 38 7 30 22 20 29 33 13 31 20 32 23 32 21 22 19 23 26 12 28 5 33 23 5 29 31 30 28 39 36 31 30 16 11 28 27 14 28 32 14 21 12 35 26 37 27 28 18 39 14 35 33 29 3 15 19 21 13 20 23 9 4 11 28 31 19 23 26 24 22 22 34 28 22 31 11 10 21 31 39 31 33 28 27 30 28 35 22 20 22 24 22 23 26 37 37 17 22 30 29 21 20 19 15 36 12 27 33 10 29 25 33 25 17 40 23 18 38 28 19 40 6 14 25 20 11 22 18 28 30 16 34 10 25 24 20 29 22 30 9 37 13 21 29 16 16 27 28 21 30 29 37 34 35 34 26 26 34 34 28 29 24 35 32 34 27 22 17 24 27 21 22 33 27 27 13 32 31 34 33 28 28 26 19 7 18 29 31 28 36 30 36 17 27 29 23 26 34 6 12 14 27 9 35 22 33 17 38 33 12 22 29 30 33 16 5 27 32 30 12 24 10 10 25 17 4 27 39 16 22 19 19 26 33 14 22 27 23 32 37 32 9 33 6 32 37 25 27 26 19 17 13 25 33 31 26 33 27 27 16 27 24 15 32 30 26 23 23 23 25 26 32 14 29 25 20 32 35 13 25 3 31 42 19 21 22 23 32 36 26 24 18 29 21 26 23 24 25 15 24 25 34 32 5 25 32 15 20 23 17 16 38 30 30 40 27 9 38 3 44 19 32 32 27 24 32 33 26 28 28 22 19 20 27 25 19 32 21 35 30 26 30 23 13 25 32 28
45 43 52 34 22 15 16 35 26 20 36 25 42 26 45 7 9 21 28 22 13 34 30 20 27 23 15 42 36 28 10 29 27 33 41 11 25 27 16 34 23 47 38 35 29 37 25 28 21 16 39 4 29 36 29 10 40 34 16 11 22 19 30 25 25 24 23 24 21 48 17 27 18 24 15 15 26 23 32 25 17 35 32 45 35 14 23 36 6 33 10 11 10 35 30 39 42 20 20 30 22 26 7 10 12 8 37 11 18 31 20 10 20 38 26 13 26 22 31 32 25 34 34 44 25 27 24 15 16 30 25 19 30 36 23 18 28 14 23 26 12 0 30 5 36 39 38 9 15 37 13 27 38 23 36 11 8 19 25 29 25 35 22 29 16 19 21 29 28 9 26 29 6 6 34 30 17 31 27 19 29 26 22 20 38 20 14 20 8 13 49 20 25 36 14 41 35 37 25 22 27 31 31 23 8 27 19 29 31 11 32 37 34 10 29 21 8 29 20 34 28 16 30 8 17 1 22 33 17 38 33 11 34 22 19 25 29 42 17 35 18 24 26 30 28 20 17 10 23 30 15 24 42 38 24 29 36 39 41 5 22 24 22 11 39 21 26 22 17 25 38 26 26 32 25 34 5 27 43 37 10 25 13 15 15 30 12 17 16 22 17 36 30 35 14 35 17 26 35 27 29 35 21 17 19 27 34 35 40 35 15 33 34 46 11 15 32 16 22 12 21 47 31 15 13 31 38 11 9 14 18 25 22 37 35 11 25 14 22 35 26 38 32 29 27 19 27 35 15 15 27 20 6 28 25 18 35 5 22 7 36 34 11 32 11 36 5 27 21 32 33 28 27 19 24 14 32 34 48 27 30 45 14 26 45 24 35 37 25 34 21 23 38 25 28 28 28 13 17 35 26 16 25 40 22 23 23 16 21 16 29 15 19 19 23 27 24 41 36 19 22 26 24 31 23 17 21 15 39 15 31 30 25 18 28 27 8 31 24 41 44 27 8 29 38 18 23 36 5 21 36 8 9 38 49 22 25 22 14 17 28 3 15 25 27 36 47 39 16 25 11 40 43 30 25 15 8 5 17 36 22 34 34 26 38 39 22 24 34 13 25 23 28 12 34 29 23 27 38 22 21 36 26 41 36 10 16 11 20 37 17 33 14 20 20 47 15 19 23 40 25 35 27 18 35 9 26 33 40 39 15 26 38 14 17 27 6 22 26 35 35 50 16 14 44 12 39 15 30 27 23 36 22 34 38 38 27 34 19 12 18 18 28 24 32 27 34 31 19 27 24 16 23 39
57 60 82 5 49 39 30 62 45 46 60 55 72 5 74 26 35 12 40 32 37 53 60 39 54 16 17 54 66 6 37 35 5 52 54 30 53 56 43 58 52 77 59 55 50 59 44 45 37 36 52 27 56 57 57 28 70 63 17 24 40 15 48 39 35 33 19 42 12 78 46 56 47 33 17 45 6 48 52 42 31 57 44 75 48 34 13 51 35 55 36 25 40 57 59 68 70 18 43 46 45 50 25 31 28 33 58 31 44 55 50 25 40 67 9 41 49 24 54 59 8 63 63 74 54 52 36 37 34 37 6 44 60 53 50 37 37 40 44 52 41 30 0 30 66 68 56 22 43 55 39 4 66 9 52 40 38 22 43 6 50 59 31 2 16 17 43 59 39 25 48 44 28 29 63 60 40 52 6 45 47 50 10 28 57 37 25 10 37 42 78 46 14 66 43 57 65 65 6 14 55 60 59 34 31 42 14 54 53 20 60 65 60 39 58 30 37 59 50 57 58 42 56 25 27 31 52 51 46 57 56 22 48 13 41 41 50 72 39 45 42 36 44 47 54 50 14 39 9 59 41 20 71 57 45 3 60 69 70 26 48 24 23 29 68 22 54 34 38 7 66 10 30 44 55 51 32 40 73 56 38 54 37 38 44 55 27 47 44 49 14 64 57 60 18 62 40 40 59 31 58 63 51 47 30 47 50 47 70 64 24 44 63 76 27 25 61 35 33 19 42 77 47 31 19 58 68 20 24 26 47 12 46 67 62 41 45 18 22 65 56 58 53 56 8 15 56 52 45 35 38 33 35 58 46 13 64 29 16 31 58 64 32 43 26 49 35 4 50 61 61 54 55 17 45 35 40 62 77 42 45 74 19 35 75 7 65 56 50 56 10 8 65 52 53 57 55 33 39 60 32 27 52 57 34 22 8 19 39 28 52 44 34 30 15 33 15 70 60 47 21 28 51 60 21 46 51 33 66 45 49 51 15 34 4 44 30 61 44 70 73 56 36 38 52 13 49 64 32 47 65 25 37 64 79 42 52 51 39 33 48 28 21 48 56 64 77 69 39 39 37 69 55 59 30 19 23 25 38 65 29 60 64 42 67 65 52 47 56 40 16 41 54 24 62 46 30 54 52 51 15 66 56 71 61 30 33 41 25 54 29 60 20 27 12 76 27 24 41 70 54 65 41 37 65 27 37 63 54 54 44 53 67 41 42 55 25 51 11 47 49 80 26 44 56 39 56 26 52 45 46 64 9 59 66 59 32 63 32 21 15 19 50 36 55 39 46 45 13 40 50 32 12 68
40 47 52 34 20 12 12 33 30 23 39 27 42 26 44 10 6 20 24 26 10 38 32 16 30 25 16 38 36 29 13 24 27 30 37 15 23 26 13 38 22 48 42 39 33 34 21 24 17 12 35 4 32 39 28 14 40 34 15 14 26 17 35 21 29 20 20 20 20 48 20 27 18 19 14 16 25 27 36 29 13 39 28 45 31 18 21 32 10 29 14 15 11 32 31 38 40 17 24 35 26 23 6 6 16 4 34 15 21 34 20 7 16 39 27 16 30 26 28 35 24 33 34 44 27 30 28 11 12 25 25 23 31 40 26 22 23 11 27 24 11 5 30 0 37 40 42 9 18 33 17 28 37 22 32 13 10 16 29 30 29 33 26 29 15 21 25 30 24 12 23 33 9 10 33 32 14 28 26 16 25 30 21 16 34 16 10 20 11 15 49 17 23 38 13 37 35 36 25 23 26 33 34 19 4 32 18 26 28 11 35 35 37 13 28 25 8 30 22 31 30 14 27 11 20 5 23 37 17 35 30 9 30 23 16 29 26 43 21 31 22 20 22 26 31 21 17 10 23 31 12 21 42 34 28 28 40 40 40 6 19 21 18 7 39 24 25 18 13 25 37 27 22 28 26 38 10 31 43 33 8 25 17 19 17 28 15 18 15 20 17 38 28 32 16 33 21 22 38 23 31 38 21 18 15 31 38 31 42 36 19 29 36 46 14 12 32 20 18 12 25 47 35 11 12 35 39 10 12 11 21 26 19 38 39 14 29 15 25 35 27 42 29 27 28 17 28 40 16 11 22 15 9 30 22 18 37 9 24 3 33 35 15 28 14 32 8 27 22 32 36 25 26 17 28 18 28 36 47 32 34 45 16 22 45 24 37 34 28 37 21 23 36 28 25 31 32 17 21 38 22 19 23 36 27 26 22 19 25 20 26 15 15 22 21 23 26 40 40 22 19 22 28 33 25 17 22 11 37 16 35 27 23 14 27 31 4 32 28 40 44 26 6 25 34 19 20 35 2 19 35 6 8 36 49 19 27 25 18 21 32 3 12 28 30 39 48 41 13 30 8 41 39 32 21 17 9 7 13 35 26 37 35 30 38 37 24 28 31 16 23 27 31 15 33 25 19 31 34 23 19 36 28 42 39 6 20 11 23 41 13 31 12 16 22 46 19 16 19 40 28 36 23 22 35 5 22 34 36 35 15 30 40 17 21 30 8 23 27 30 31 50 19 16 40 9 44 12 34 31 27 34 22 37 37 35 23 33 15 10 16 15 25 28 29 31 30 27 20 23 21 20 22 38
56 45 18 69 25 34 44 23 37 25 26 13 6 62 16 41 34 57 49 45 35 37 8 39 20 56 50 54 6 64 31 53 62 42 53 39 22 17 28 29 20 13 36 36 33 37 40 43 43 38 52 40 20 34 20 40 9 3 52 44 38 54 40 46 47 50 56 40 56 15 21 13 21 49 50 22 62 27 36 40 44 32 51 9 50 37 58 48 32 34 33 44 27 36 8 18 20 54 32 41 32 31 42 39 42 35 39 38 27 27 18 43 38 6 61 27 30 52 33 18 60 14 7 12 14 25 45 36 41 53 61 28 7 41 22 37 51 30 34 26 27 36 66 37 0 9 42 44 25 44 31 63 23 59 47 27 29 51 38 64 27 33 47 65 51 53 32 8 50 42 35 42 39 38 15 9 35 37 63 29 41 27 58 49 41 41 46 56 30 25 14 28 60 4 25 48 7 17 61 56 23 11 16 48 38 43 54 27 35 47 17 21 21 28 16 46 30 9 16 34 9 30 27 42 46 35 15 40 21 44 32 46 49 56 36 40 36 9 34 54 30 47 40 43 23 17 53 27 59 9 29 56 14 43 33 64 29 4 17 41 26 55 54 41 11 52 21 46 37 60 21 61 53 50 12 42 35 44 9 43 30 13 33 33 24 31 42 20 25 24 52 13 24 29 49 25 32 46 27 54 11 15 17 20 47 35 43 52 7 8 47 52 10 17 42 47 6 37 47 48 33 13 42 43 48 22 2 47 43 46 20 59 30 5 22 26 34 49 53 11 11 37 38 25 62 54 10 43 22 40 49 45 32 10 37 53 12 38 56 37 35 6 37 52 42 50 32 63 16 9 15 26 20 53 33 36 54 13 16 42 41 17 49 51 13 60 6 44 24 31 57 59 27 20 27 15 22 37 33 23 52 45 23 45 44 54 59 50 38 44 32 22 43 45 58 53 58 14 28 22 54 55 22 11 54 22 16 41 22 22 39 37 60 42 64 40 39 7 35 19 11 18 32 52 50 54 28 18 36 27 15 43 30 28 15 39 19 18 31 41 36 39 49 29 15 15 12 6 34 44 32 7 55 13 53 49 43 41 38 13 49 20 4 41 15 26 15 30 36 28 59 38 21 44 22 43 51 22 51 15 56 10 11 6 25 40 40 26 49 43 45 22 48 50 56 15 44 50 41 13 15 4 45 36 10 42 49 4 51 49 23 22 10 28 30 17 42 16 61 51 49 16 45 23 56 30 44 46 32 38 32 20 58 25 17 39 53 12 46 47 53 52 36 44 33 46 51 47 54 47 27 40 58 19
63 39 23 71 32 40 49 31 34 23 19 14 12 63 23 42 38 59 55 43 40 32 10 45 16 57 51 62 15 65 32 59 63 49 61 39 29 24 33 23 26 18 29 30 28 45 46 49 49 44 59 42 15 28 28 40 17 9 54 44 35 57 35 52 45 56 60 47 59 21 22 20 26 55 53 25 64 24 30 37 49 26 57 12 57 37 61 55 33 42 33 44 30 44 10 26 28 57 29 37 29 38 45 43 42 39 47 38 26 21 22 47 44 3 62 27 26 51 40 12 63 22 15 19 14 21 42 42 46 59 63 26 12 35 20 35 57 35 31 33 32 39 68 40 9 0 36 47 26 51 30 64 32 61 54 28 31 55 34 65 23 41 45 67 54 53 30 11 56 43 42 39 40 39 23 9 41 44 65 35 48 23 60 54 49 47 50 58 32 26 18 34 63 5 30 56 15 25 62 56 31 9 11 54 41 39 57 35 42 49 11 30 15 30 24 45 33 15 20 42 12 36 35 44 45 38 19 34 26 52 40 49 56 57 42 37 44 15 32 60 29 53 46 50 18 21 54 31 61 10 35 60 22 51 29 66 22 8 25 43 33 59 58 45 19 51 28 52 42 62 29 61 59 56 15 36 36 41 15 51 34 18 32 32 25 39 43 24 30 31 54 7 32 37 50 34 30 52 21 60 10 9 21 23 52 31 38 59 4 5 47 58 5 24 42 51 14 36 53 50 31 19 37 48 51 16 9 49 44 50 21 60 37 13 15 28 31 50 52 20 16 31 45 32 63 57 14 37 26 45 55 51 34 11 43 55 6 39 56 41 43 15 37 58 43 57 34 65 19 17 9 34 27 56 30 35 60 7 23 38 37 25 50 56 20 62 5 52 21 25 59 61 35 18 35 12 17 37 32 17 58 44 30 53 42 53 60 50 36 44 40 26 49 44 61 59 58 22 21 22 58 60 19 8 54 27 21 46 31 25 34 45 63 48 66 36 43 13 31 27 17 25 35 58 57 55 34 27 39 33 24 46 34 36 21 45 17 18 30 39 32 41 52 26 13 7 16 5 39 41 37 3 62 10 58 50 45 43 43 21 47 14 7 38 23 35 17 27 43 29 62 35 17 45 30 50 56 17 58 18 59 19 13 8 18 44 39 30 48 37 50 30 51 54 57 21 44 55 47 21 14 13 52 35 18 45 55 9 59 57 28 18 1 28 28 14 44 18 61 58 56 22 45 25 63 35 38 51 26 35 28 29 60 19 26 47 59 20 51 50 56 55 43 41 41 43 58 53 56 53 33 39 61 27
80 5 58 57 50 50 54 58 13 24 17 33 46 52 57 36 45 53 65 24 49 5 35 56 23 41 41 78 46 51 30 66 51 67 77 30 50 48 47 14 46 53 7 7 11 67 60 63 58 52 75 42 23 9 52 32 50 40 50 35 18 51 9 62 22 62 58 60 52 55 30 45 41 61 48 36 54 19 8 15 55 11 69 48 71 26 55 71 33 63 29 34 39 65 36 56 59 55 19 10 17 56 43 48 31 45 68 29 23 16 40 47 56 38 48 29 15 33 61 25 54 50 45 54 31 19 20 51 53 67 53 22 38 3 24 21 65 46 15 53 42 38 56 42 42 36 0 43 28 70 26 52 60 52 71 32 37 55 14 51 17 64 25 56 49 40 18 36 65 36 59 12 35 34 52 34 52 63 56 50 63 17 52 58 70 57 51 49 33 31 54 50 58 39 42 75 46 55 51 42 53 32 27 61 46 14 51 57 62 44 26 58 22 32 49 26 40 42 36 63 35 49 57 37 30 37 39 6 40 72 62 46 71 44 54 16 62 50 22 72 22 61 61 65 20 37 45 38 53 34 47 59 55 71 15 56 14 42 57 41 51 61 58 49 51 34 50 59 53 50 58 47 64 69 35 5 33 17 50 70 42 39 26 24 30 60 32 38 43 50 44 30 56 61 40 60 22 63 16 65 32 28 40 36 57 12 7 72 40 35 33 70 33 58 32 52 42 23 60 45 18 54 9 53 46 21 43 44 37 51 30 45 53 46 21 33 14 41 35 50 38 6 65 55 49 53 36 5 39 53 64 57 35 33 59 46 31 35 40 44 65 45 28 70 33 72 36 54 35 45 27 55 51 53 15 25 69 29 58 14 11 58 39 64 55 52 37 71 20 11 50 50 62 24 56 28 21 27 22 20 63 30 50 73 22 35 51 38 19 29 59 38 56 27 57 65 42 54 15 27 58 63 22 31 36 42 39 53 60 35 8 63 58 55 56 13 46 41 15 58 52 49 42 67 73 44 52 55 42 50 53 45 42 63 56 58 25 28 25 24 10 41 50 16 28 29 52 40 51 17 45 39 79 30 62 39 40 40 54 51 28 23 38 15 54 62 33 16 65 28 59 16 22 35 57 64 61 21 74 35 55 50 34 43 18 48 25 39 31 3 54 56 49 57 45 56 30 56 59 53 29 44 64 22 49 47 64 39 75 74 40 21 35 27 22 26 40 32 46 71 71 57 31 34 80 44 2 53 11 12 16 57 51 18 56 69 65 49 57 47 50 53 61 20 62 18 71 67 45 64 52 25 55 58
45 48 60 26 28 19 15 41 31 27 42 33 50 18 52 7 13 13 27 22 17 38 38 22 34 18 9 43 44 21 17 26 19 36 41 13 31 34 22 41 30 55 44 40 34 41 27 29 21 18 39 5 36 41 36 12 48 42 9 9 26 11 35 25 26 22 16 26 13 56 25 34 25 21 7 23 18 30 37 29 16 41 32 53 35 18 15 37 14 37 16 10 18 39 38 46 49 13 26 34 28 30 3 11 13 12 41 14 25 38 28 6 23 46 19 20 32 20 35 39 17 41 42 52 33 34 25 18 17 28 17 25 38 40 30 22 26 19 28 32 19 9 22 9 44 47 43 0 22 39 19 20 45 15 38 19 16 13 29 22 32 40 22 21 8 13 26 37 27 8 30 32 9 10 41 39 21 35 19 24 31 33 14 17 41 21 10 13 15 21 56 25 18 44 21 42 43 44 18 16 34 39 39 22 11 30 11 34 35 3 40 43 41 18 36 21 15 37 29 38 36 22 35 6 16 9 30 37 25 41 37 4 35 15 23 28 33 50 22 34 24 23 28 31 35 28 9 18 15 38 20 17 50 41 29 20 43 47 49 4 27 19 16 11 47 17 33 21 19 17 45 19 22 31 33 38 12 29 51 40 16 33 19 21 23 35 12 25 23 28 9 44 36 40 8 41 23 26 42 23 37 43 29 25 17 32 38 35 48 43 14 32 42 54 11 11 40 20 20 4 26 55 34 14 5 39 46 3 7 10 26 18 26 45 43 19 30 7 18 43 34 43 35 35 20 12 35 39 23 17 26 18 13 36 28 10 43 8 17 10 40 42 15 31 10 36 13 19 29 39 41 33 34 12 29 18 30 42 55 31 33 53 9 24 53 16 43 40 32 40 13 15 44 32 33 36 36 16 22 42 22 15 31 42 24 19 15 12 25 16 33 23 19 19 16 25 19 48 43 26 15 21 32 39 19 25 29 16 45 23 35 33 18 18 20 30 10 39 29 48 51 34 14 27 38 11 28 43 10 26 44 5 15 44 57 25 32 30 21 19 33 6 8 31 35 44 55 48 20 28 16 48 44 38 21 10 3 4 20 43 21 41 42 29 45 45 30 30 38 20 17 27 35 10 41 30 20 35 39 30 14 44 34 49 43 11 19 19 18 41 14 39 7 16 13 54 15 14 25 48 33 43 27 22 43 8 25 41 41 40 22 34 46 21 24 35 3 30 19 35 36 58 15 22 44 17 43 12 36 31 29 43 14 41 45 42 24 41 17 5 10 11 32 25 36 29 34 31 12 26 29 18 15 46
53 33 43 45 23 23 29 33 18 6 22 13 31 38 37 17 18 35 39 21 22 23 18 29 13 32 26 51 27 39 6 40 38 40 49 14 23 23 19 21 20 37 26 23 17 40 32 36 31 26 47 19 15 24 27 15 31 23 30 19 16 32 22 35 24 37 37 33 34 39 5 21 14 36 28 9 39 10 21 19 29 22 42 34 44 13 36 44 9 36 8 19 11 38 18 34 37 34 10 22 12 29 21 22 17 19 41 13 5 18 15 23 28 25 37 2 14 27 34 18 38 28 25 36 13 13 22 24 27 41 38 7 19 26 8 14 39 18 14 26 15 15 43 18 25 26 28 22 0 43 6 39 36 36 44 5 9 33 17 40 12 37 23 42 29 28 11 18 39 18 31 22 15 14 29 18 25 36 40 22 36 13 35 33 42 30 28 33 7 3 39 22 39 25 14 47 26 32 37 31 26 18 17 35 20 22 33 30 35 25 18 34 19 6 24 22 13 21 12 36 17 21 30 18 21 14 15 24 13 44 35 25 43 32 27 19 34 33 10 45 8 35 33 37 14 12 29 10 37 17 19 37 35 44 14 41 23 28 35 19 23 38 36 24 31 27 24 33 26 36 34 36 39 42 14 25 11 23 33 43 15 16 8 9 2 33 17 12 16 22 29 22 29 35 25 34 9 36 21 40 16 21 14 10 32 17 26 45 28 22 22 43 21 39 17 29 22 13 34 25 12 38 23 28 26 18 27 24 19 28 5 35 25 28 22 5 15 25 28 28 17 26 37 29 38 33 16 27 11 26 38 32 9 16 32 30 22 14 31 19 38 26 12 43 18 45 11 39 11 24 19 28 25 33 14 11 43 20 39 21 22 38 24 38 37 37 23 43 11 21 34 35 37 11 29 15 15 12 9 21 38 20 24 45 21 29 35 25 16 19 32 10 30 20 37 40 33 34 23 5 35 39 11 18 29 14 14 26 36 8 22 35 39 29 41 19 21 22 15 36 34 24 15 40 46 30 25 32 17 22 31 23 14 37 40 30 11 9 7 16 19 18 29 13 14 23 37 27 23 22 18 28 51 17 38 25 20 19 27 29 24 20 22 20 32 37 11 13 37 3 39 17 13 20 32 37 36 14 47 11 35 29 15 29 22 23 15 12 24 28 29 31 28 33 32 38 19 33 32 33 12 26 37 13 28 23 37 22 48 46 13 13 25 3 7 13 19 10 36 44 44 41 20 7 52 17 30 29 18 19 13 33 35 20 33 42 39 27 31 26 31 32 33 21 34 24 44 40 31 37 25 16 37 35
13 75 49 59 21 22 26 23 60 47 61 42 45 52 39 42 28 43 16 58 24 65 43 18 50 56 47 12 39 56 42 22 54 4 10 47 23 28 24 61 27 47 68 65 59 9 13 11 19 22 10 35 52 65 24 46 40 42 40 46 56 41 64 16 61 23 37 14 44 45 41 31 30 23 41 34 49 52 63 60 25 63 14 48 10 49 42 6 39 10 44 47 32 8 42 30 31 37 52 64 54 15 37 28 48 29 7 47 48 58 32 34 17 49 56 41 56 58 11 53 47 31 37 42 44 54 60 22 23 20 49 49 40 68 48 53 20 25 56 19 29 37 55 33 44 51 70 39 43 0 45 54 25 47 5 39 35 33 58 57 54 13 58 53 41 52 53 41 17 44 12 63 42 42 30 45 20 8 49 21 9 54 45 27 4 19 32 47 39 40 48 21 42 46 29 5 38 30 52 54 21 47 51 21 29 62 42 17 9 41 52 25 56 39 28 57 31 36 36 11 42 22 17 43 53 37 34 65 31 2 12 37 10 53 18 59 9 43 51 15 49 19 12 9 53 35 45 33 46 44 24 35 36 3 55 52 63 46 34 37 20 32 33 29 37 55 24 21 20 52 27 56 26 13 40 67 41 62 44 2 29 35 47 49 41 13 48 33 27 22 47 53 20 16 47 20 50 15 61 26 45 54 33 35 25 59 67 13 50 48 51 15 49 40 47 31 38 51 22 41 54 46 65 25 40 55 44 40 44 31 42 55 18 41 59 38 57 46 56 34 37 68 6 19 56 40 40 69 32 23 18 23 38 44 12 46 51 41 55 31 11 38 47 15 46 10 36 51 38 35 52 18 24 38 56 49 19 51 42 62 63 38 47 22 41 49 47 1 51 62 47 50 21 49 17 48 53 48 50 58 25 52 22 4 58 57 48 50 56 52 12 33 22 55 41 23 57 36 62 44 35 29 50 48 57 29 34 24 26 36 64 8 41 21 51 61 30 38 57 32 43 26 30 19 8 49 19 28 32 21 31 35 30 20 47 15 48 44 47 53 60 36 36 54 47 54 48 49 21 61 27 50 12 48 26 48 40 38 20 33 58 56 45 61 33 22 40 55 9 43 40 57 52 47 24 10 26 52 9 38 40 35 42 48 60 29 52 31 55 70 27 23 37 28 50 43 51 31 15 37 45 40 14 52 35 32 19 43 8 6 30 51 52 44 49 48 39 40 57 12 9 47 51 37 13 27 72 30 60 60 55 26 47 59 30 7 24 32 24 37 41 37 10 59 11 63 13 11 48 15 19 52 43 30
55 31 48 41 27 25 29 38 15 8 23 19 37 34 43 14 19 32 40 16 23 21 23 30 16 27 22 53 32 35 4 41 34 42 51 9 28 28 22 22 25 43 26 22 16 44 35 38 33 27 49 17 18 23 32 11 37 28 28 15 11 30 19 37 19 37 35 34 31 44 10 26 19 36 26 14 35 11 19 15 29 22 44 39 46 7 34 46 8 39 3 14 14 42 24 39 42 32 8 19 10 32 19 22 12 19 44 8 6 19 20 22 30 30 32 5 13 22 37 21 34 33 31 41 18 15 16 25 28 42 34 6 25 24 12 9 40 21 11 31 17 13 39 17 31 30 26 19 6 45 0 35 40 33 46 8 11 31 14 35 13 41 17 38 27 24 8 23 40 14 34 18 12 11 34 23 27 39 37 25 38 14 32 33 46 31 26 30 8 7 44 26 37 30 18 50 32 37 33 26 31 22 21 35 20 18 30 34 38 22 22 39 22 7 30 16 15 26 17 40 22 24 34 15 15 12 20 21 18 47 39 23 45 27 29 14 37 38 6 47 5 36 35 40 16 17 25 13 33 23 22 36 40 47 11 37 24 33 41 17 27 37 34 24 37 22 29 34 27 32 40 32 39 43 20 22 9 18 39 46 17 21 3 4 8 37 13 16 19 26 25 26 34 39 21 39 5 37 23 39 21 25 20 15 32 15 23 47 33 27 17 45 25 44 12 28 28 8 34 23 9 43 20 28 24 20 32 22 15 27 11 30 29 33 24 9 13 21 23 34 22 25 40 33 33 31 21 24 16 27 39 32 9 21 34 26 26 11 26 19 42 31 7 44 13 46 10 36 16 29 23 33 30 31 12 6 44 24 45 17 19 44 20 39 42 33 28 46 13 21 31 32 42 14 33 19 17 7 5 23 38 15 28 49 16 23 32 21 11 14 35 15 31 15 35 40 28 39 24 9 34 38 13 23 24 19 19 27 41 12 19 39 37 30 37 16 21 27 12 41 40 28 16 41 48 26 28 37 17 26 36 21 16 42 45 32 14 13 2 11 16 16 27 12 18 26 42 32 25 17 20 32 54 21 37 21 18 17 28 34 19 22 28 16 37 42 16 11 41 3 36 13 16 15 37 39 35 16 49 17 33 34 20 35 24 23 10 15 19 25 29 36 26 32 27 43 14 32 34 38 17 31 38 8 33 22 38 27 50 49 17 15 30 4 5 17 16 15 31 46 46 46 15 11 54 19 27 28 18 15 11 38 32 22 38 45 39 32 31 24 29 30 36 16 38 19 45 42 26 38 29 10 34 40
57 56 79 7 47 37 29 60 41 43 57 51 69 2 72 23 32 11 39 28 35 49 56 38 50 12 14 55 63 3 33 36 1 51 54 26 50 53 40 54 49 74 55 51 46 58 42 44 36 34 52 25 52 53 55 25 67 60 15 21 36 14 44 39 31 33 19 41 11 75 43 54 44 32 15 42 6 44 48 38 30 53 44 71 48 30 13 51 32 54 32 21 37 56 56 65 68 17 39 42 41 48 22 29 24 31 57 27 40 51 47 23 39 64 5 37 45 20 52 56 8 60 61 71 51 48 32 35 33 38 6 40 57 49 46 33 37 38 40 50 38 27 4 28 63 64 52 20 39 54 35 0 64 7 52 37 35 22 39 4 46 58 27 5 14 13 39 55 39 22 47 40 25 26 60 57 38 51 8 43 46 47 9 28 56 36 23 8 33 39 75 44 14 63 40 57 62 63 3 10 52 56 56 34 29 38 13 52 52 17 56 62 56 35 55 26 35 56 47 55 55 40 54 21 23 28 49 47 44 56 55 20 47 9 40 37 49 69 35 45 38 36 43 46 50 47 11 37 9 56 39 21 69 56 41 5 56 66 68 23 46 25 23 27 66 18 52 34 37 3 64 6 31 44 52 47 29 36 70 55 35 51 33 35 40 53 23 44 42 47 11 60 55 58 14 60 37 40 55 31 55 60 48 44 30 43 46 47 67 60 20 44 59 73 23 24 58 32 33 16 39 74 43 29 17 54 64 18 21 24 44 8 44 64 58 38 41 15 18 62 53 54 52 54 4 15 53 48 42 33 37 32 32 54 45 10 60 25 12 29 57 61 29 43 22 49 32 4 47 58 58 52 53 17 41 31 40 59 74 38 41 72 15 35 72 5 62 55 47 52 8 5 63 48 51 53 51 29 35 56 32 23 50 57 30 18 7 15 35 24 50 42 33 26 15 34 11 67 56 43 21 28 48 57 17 44 48 32 64 42 45 50 15 33 6 40 28 58 40 67 71 54 33 38 51 10 47 62 29 45 63 22 35 62 76 41 49 47 35 29 44 25 19 44 52 61 74 66 38 35 35 66 56 55 30 15 20 22 36 62 25 57 60 38 65 63 48 43 55 36 16 37 51 20 60 45 30 50 52 48 15 63 53 68 57 28 29 38 21 50 28 58 19 27 8 73 23 24 40 67 51 62 41 33 62 25 36 60 54 54 42 49 64 37 38 51 22 48 7 47 48 77 22 41 56 37 52 25 48 41 42 62 8 55 64 58 33 60 31 19 14 18 48 32 53 35 46 45 9 40 48 28 12 65
37 64 25 70 17 28 37 4 52 38 47 27 23 62 14 44 32 54 35 56 29 55 27 29 37 61 52 36 18 65 39 41 63 24 35 46 14 14 24 48 17 23 56 54 50 16 27 28 33 31 34 40 38 53 10 46 17 23 50 48 51 52 56 33 59 40 51 28 55 21 32 16 23 39 49 28 60 43 53 54 37 51 36 25 33 47 55 30 37 16 41 49 29 17 25 7 7 50 45 57 46 18 43 35 48 33 18 46 40 45 22 41 27 29 64 35 46 60 16 38 59 10 17 18 30 42 56 30 33 40 60 41 23 58 37 49 39 26 48 14 27 38 66 37 23 32 60 45 36 25 40 64 0 58 29 34 32 46 52 66 43 13 57 64 50 57 46 25 37 46 21 57 43 43 9 28 27 19 61 22 26 44 56 42 21 31 42 56 36 33 24 20 56 27 25 29 17 7 61 59 12 30 35 38 35 57 52 13 18 47 37 3 41 35 12 56 31 19 25 15 26 24 11 46 53 38 22 57 24 24 14 44 33 59 26 54 20 20 46 38 43 36 26 27 40 25 53 30 57 27 25 50 13 23 47 63 49 25 10 42 18 47 47 37 14 58 13 36 29 61 3 63 44 35 25 58 40 58 21 24 29 21 43 44 34 14 49 24 23 17 54 35 9 9 52 5 44 33 47 44 29 37 22 27 39 51 59 36 29 30 53 37 31 16 48 42 19 48 38 48 47 22 58 37 48 41 23 47 47 41 32 62 20 19 43 33 49 51 59 13 22 56 20 10 64 51 25 60 26 32 36 37 36 28 23 54 34 42 60 35 15 17 45 37 48 33 35 62 26 16 36 13 12 50 48 46 40 34 18 56 56 14 52 40 18 59 28 25 40 50 57 59 5 37 13 33 40 46 45 44 42 52 14 26 56 60 58 54 51 52 17 27 34 54 54 42 62 12 48 35 49 46 38 32 60 23 23 34 1 28 55 21 55 34 62 54 36 20 49 7 19 12 32 39 32 56 18 5 35 19 8 42 30 6 23 27 36 33 42 51 52 39 46 45 33 37 24 28 27 57 30 30 35 32 43 53 45 43 29 11 58 40 26 55 9 4 27 46 17 37 54 52 39 49 5 28 42 39 33 26 53 13 27 27 46 37 50 28 56 60 39 6 46 42 58 19 51 44 29 13 32 20 32 48 14 39 37 24 33 31 25 39 32 38 42 35 44 28 64 35 32 22 52 29 36 28 62 41 49 53 46 4 57 45 6 19 42 12 37 45 51 48 21 56 15 59 35 32 56 34 16 50 55 6
50 57 74 13 41 31 22 54 41 40 55 48 64 5 66 19 27 4 32 29 29 49 52 31 48 15 11 48 58 10 30 29 8 44 47 25 45 48 35 53 44 69 55 51 46 51 36 37 29 28 45 20 50 52 49 23 62 56 9 19 36 7 44 32 32 26 12 34 4 70 39 49 39 25 9 37 3 42 48 38 23 53 37 67 41 29 6 44 28 47 30 20 33 49 52 60 62 10 38 43 40 42 17 23 23 25 50 26 38 50 42 17 32 60 10 34 44 22 46 53 2 55 56 66 47 46 33 29 26 31 3 38 52 50 44 32 30 33 40 44 33 23 9 22 59 61 52 15 36 47 33 7 58 0 45 33 31 15 39 11 44 51 28 7 8 13 38 51 32 19 40 40 22 23 55 53 32 44 5 37 39 45 2 21 50 30 17 3 30 35 71 38 8 59 35 50 57 57 6 13 47 53 53 27 23 38 6 46 45 12 53 57 54 32 50 27 30 52 43 49 51 34 48 18 23 24 45 47 39 49 48 14 40 10 33 37 43 64 34 38 36 29 37 39 48 42 8 32 2 52 33 14 63 49 41 6 55 62 62 19 40 18 16 21 61 19 46 27 30 6 58 11 24 37 48 47 25 37 65 48 30 47 31 33 37 47 22 40 37 41 8 58 49 52 12 54 35 33 54 24 51 57 43 39 23 43 46 40 63 57 20 37 56 68 22 17 54 31 26 11 38 69 43 23 11 52 60 13 18 18 40 12 38 60 56 34 40 13 20 57 49 54 45 48 10 8 49 48 38 26 30 25 28 51 38 7 57 22 14 23 50 57 27 36 21 42 27 5 43 54 55 46 48 10 41 30 33 56 69 39 42 66 13 28 67 2 58 48 45 52 2 4 56 46 45 50 49 28 34 55 25 23 44 50 31 20 2 15 35 24 44 37 26 26 8 27 15 62 55 40 14 21 45 53 19 39 43 25 58 37 45 43 9 26 5 40 22 53 39 62 66 48 28 31 44 9 40 56 24 39 57 17 29 56 71 34 46 44 33 29 44 20 13 43 49 58 70 62 31 35 29 62 49 52 23 14 16 18 30 57 26 54 57 38 59 57 44 42 48 33 10 37 48 19 54 38 23 48 45 44 8 58 49 63 55 22 29 33 23 50 21 52 12 20 9 68 23 17 33 62 48 58 34 33 57 19 29 55 47 47 37 47 60 34 36 49 17 44 12 40 41 72 22 37 49 31 52 18 48 41 41 56 1 53 58 51 26 55 24 13 7 11 42 33 47 36 39 38 8 33 42 28 5 60
10 76 53 56 23 22 24 27 60 49 63 44 49 50 43 41 28 41 13 57 24 66 46 17 52 54 45 8 42 54 43 18 52 6 7 47 26 31 25 63 29 50 69 66 61 13 12 9 17 21 5 35 54 66 27 46 44 45 38 45 57 39 65 13 61 20 34 13 42 49 42 34 32 20 39 36 47 54 64 60 23 65 10 52 6 49 40 2 39 13 44 46 33 13 45 35 35 35 53 65 55 17 36 27 48 29 11 47 49 60 34 32 17 52 54 42 57 57 15 55 45 35 40 46 46 55 60 22 21 16 47 50 43 69 50 53 16 26 57 22 29 36 52 32 47 54 71 38 44 5 46 52 29 45 0 39 35 31 59 55 55 17 57 50 39 50 54 44 14 43 14 64 41 42 34 48 20 11 46 23 8 56 43 25 9 17 30 44 39 41 52 23 39 50 30 5 41 33 50 52 24 49 53 19 29 63 40 20 13 39 55 30 58 40 31 56 32 39 38 15 44 23 21 42 52 37 37 66 33 6 15 35 5 51 18 60 11 47 51 11 50 17 11 7 55 37 44 34 44 47 25 32 41 7 56 49 65 50 38 37 22 28 30 27 41 54 27 18 20 50 31 54 23 9 42 68 41 62 48 6 30 38 47 49 42 17 47 35 29 24 45 56 24 21 45 25 50 12 63 23 47 56 35 37 22 60 68 8 53 51 50 10 52 44 46 29 41 51 20 39 55 50 65 24 38 57 48 38 43 29 43 54 19 44 61 39 58 44 55 38 40 69 10 23 53 38 43 69 34 22 15 21 38 46 13 44 54 40 53 30 15 41 47 11 46 5 37 49 40 39 55 21 27 36 57 49 15 54 46 62 64 42 46 18 46 47 50 5 53 64 45 48 25 50 20 50 55 48 50 60 21 51 25 6 58 56 46 49 56 52 15 35 20 54 38 20 55 40 64 46 32 26 52 51 56 31 36 22 30 37 64 10 38 20 48 61 29 41 57 36 47 30 31 16 3 47 21 31 32 23 35 33 30 24 51 14 50 46 48 53 61 35 34 56 49 57 52 52 21 61 27 53 9 50 23 47 39 37 19 37 58 58 48 61 36 26 42 56 13 44 37 58 54 46 27 8 23 54 4 40 38 39 44 51 62 28 52 32 55 71 25 27 35 26 49 47 50 29 13 40 48 43 11 52 39 31 16 46 5 3 32 53 55 44 49 50 38 42 55 8 5 51 51 38 9 28 73 28 61 61 56 30 45 61 34 12 21 36 22 35 38 35 12 59 15 63 8 8 47 13 22 51 41 34
49 37 43 43 19 18 24 30 22 10 26 15 32 36 37 15 13 32 34 23 17 27 20 24 17 30 24 46 27 37 6 36 36 35 45 13 21 21 15 26 17 38 31 28 22 36 28 32 27 21 43 15 19 28 24 14 32 24 27 18 19 29 26 31 26 32 33 28 31 39 7 19 11 31 25 7 36 15 25 22 25 27 38 35 40 14 33 39 5 32 8 18 7 35 20 33 35 30 14 26 16 25 17 18 16 14 37 13 10 22 13 20 24 27 35 3 18 27 30 22 35 27 25 36 15 18 24 19 22 37 35 11 20 30 13 16 35 14 18 23 10 11 40 13 27 28 32 19 5 39 8 37 34 33 39 0 5 29 21 38 17 34 24 39 26 27 15 19 34 16 27 26 13 12 27 20 20 32 37 18 32 17 32 29 39 25 23 31 4 2 40 18 36 26 10 43 27 30 35 30 24 20 21 31 16 25 29 26 31 22 22 32 24 2 23 23 9 21 11 33 18 17 27 16 21 10 14 28 10 40 32 21 39 30 22 22 30 33 13 41 11 30 29 33 18 11 27 6 34 19 15 34 35 40 18 39 27 30 34 15 20 34 31 20 31 26 22 29 21 34 33 34 34 37 15 29 9 25 34 39 10 16 10 11 4 29 17 10 12 19 26 25 27 32 23 32 12 32 26 35 18 25 13 8 27 21 29 40 30 24 21 39 23 39 16 25 23 15 29 22 16 38 27 23 23 22 28 21 17 24 8 33 22 28 26 1 19 23 27 28 17 30 33 26 36 30 17 30 8 22 33 27 6 18 28 27 25 12 30 15 35 26 12 38 16 40 7 37 11 23 23 25 22 29 18 12 39 23 39 24 26 38 22 34 37 34 25 39 15 26 31 33 35 15 25 18 19 13 12 25 34 20 21 42 23 28 33 24 18 19 28 7 26 21 33 35 32 33 27 9 32 35 15 21 29 12 13 22 34 6 25 32 35 25 38 23 17 22 19 35 35 22 10 36 42 28 21 30 13 19 30 19 10 35 40 26 14 12 9 18 23 14 25 17 17 26 38 29 19 24 14 30 47 19 33 23 17 16 22 28 25 24 24 23 31 35 12 17 34 5 35 20 18 18 30 32 31 18 42 12 32 28 16 31 26 19 17 8 24 32 25 28 24 29 30 38 19 29 28 33 15 26 32 15 27 18 33 23 44 42 10 17 28 5 10 17 16 11 34 40 39 41 20 5 48 13 34 25 23 22 17 31 32 24 31 38 35 26 27 22 28 28 29 23 31 26 39 35 28 32 22 17 33 33
44 42 44 42 17 14 20 29 25 15 31 18 34 34 37 14 9 29 30 25 13 32 22 20 21 30 23 42 28 36 8 32 34 32 41 15 19 20 11 30 16 39 35 32 26 33 24 27 22 17 39 12 23 32 23 15 32 26 24 17 22 26 30 27 28 28 29 24 28 40 10 19 10 27 22 7 34 19 30 26 20 31 34 37 35 16 30 35 5 29 10 18 3 31 22 32 35 26 18 30 20 22 14 14 17 10 34 14 14 26 13 16 20 30 34 8 23 28 27 26 32 26 26 37 18 22 26 15 18 32 33 15 22 34 17 19 30 10 22 21 7 8 38 10 29 31 37 16 9 35 11 35 32 31 35 5 0 25 24 37 21 31 26 37 23 26 19 21 30 15 23 29 12 11 27 23 16 28 35 14 28 22 30 25 35 21 20 28 5 7 41 15 32 29 7 39 27 30 33 29 22 23 25 26 12 28 26 24 27 19 25 30 28 5 22 25 4 22 13 30 21 13 25 15 22 8 15 32 9 36 28 18 34 29 18 25 26 34 17 37 15 26 25 29 22 12 25 2 31 22 11 30 35 36 22 36 32 32 34 13 17 29 28 16 31 27 20 24 17 32 32 33 30 33 17 33 9 28 35 35 6 17 13 14 9 26 17 10 9 17 25 29 25 30 22 30 15 27 30 31 21 29 13 9 23 25 33 36 33 27 21 34 26 39 16 21 24 17 25 20 20 39 31 19 20 26 30 19 16 20 11 32 18 29 30 5 23 21 28 28 18 35 30 23 35 26 19 35 8 17 29 23 5 21 24 25 28 11 29 10 32 27 14 34 16 36 4 35 13 24 27 23 21 26 22 15 34 27 40 28 29 38 21 29 38 32 28 35 20 30 29 31 33 19 23 22 23 15 16 29 29 21 19 38 25 29 30 23 22 21 25 7 21 22 30 31 31 33 32 13 28 31 19 24 29 10 13 18 32 7 30 28 32 20 36 27 12 23 23 34 36 20 6 31 37 26 18 29 9 16 29 15 5 33 42 22 19 15 13 20 27 11 21 21 21 30 39 32 15 27 9 32 43 23 29 22 15 13 18 28 27 28 26 26 31 33 14 21 30 9 32 23 22 18 28 28 27 22 38 14 28 29 19 33 31 15 19 4 25 36 21 27 21 25 28 39 20 25 23 33 19 27 28 18 28 15 28 25 39 38 8 21 31 10 15 20 14 14 34 35 35 42 21 7 44 8 38 20 27 26 21 29 30 29 31 35 31 26 22 19 25 25 26 25 28 29 35 31 27 28 19 19 30 32
36 60 65 26 30 19 9 42 43 38 54 41 56 20 56 19 18 11 19 35 18 51 46 18 44 26 18 34 49 23 28 15 21 30 33 26 34 38 24 52 34 61 56 52 46 37 22 23 15 15 31 15 46 53 38 24 53 49 8 21 38 9 47 18 38 12 5 21 11 60 35 39 31 12 10 30 17 41 49 41 10 53 23 59 27 30 10 30 25 34 28 23 25 35 45 49 51 5 38 47 40 29 13 13 25 16 37 27 36 49 34 10 19 54 24 31 44 30 33 50 15 45 47 57 42 45 38 17 13 17 17 37 45 53 41 35 16 22 41 32 24 19 22 16 51 55 55 13 33 33 31 22 46 15 31 29 25 0 41 24 43 38 34 20 9 22 38 44 18 20 27 44 21 22 45 47 20 31 16 25 25 44 13 6 36 16 6 15 26 31 62 27 10 52 26 36 48 47 19 23 35 47 49 12 14 43 10 34 32 13 50 45 52 27 40 33 22 43 36 35 44 23 35 19 28 20 37 50 31 35 35 9 27 22 20 40 29 56 34 24 35 15 23 25 46 35 15 25 14 46 23 6 53 35 41 19 54 54 52 15 29 6 4 10 51 28 35 13 18 20 46 24 11 23 41 51 23 42 56 34 22 39 31 33 33 34 24 32 27 30 16 53 37 39 18 42 35 19 53 11 45 53 35 33 9 44 50 26 56 51 25 23 51 58 24 5 46 32 12 12 38 60 47 10 10 50 52 12 19 6 36 24 26 51 54 29 42 18 29 47 41 55 32 36 24 7 42 52 30 14 17 11 24 45 25 14 52 20 25 15 37 48 27 22 23 28 22 19 37 45 51 34 37 5 42 31 19 51 59 43 46 56 19 14 57 17 51 34 43 52 15 18 44 42 33 46 47 29 34 53 11 28 33 36 36 29 15 22 37 28 31 30 13 31 9 13 26 52 54 36 4 9 43 48 29 30 36 13 47 31 48 30 10 13 18 43 13 45 41 51 57 38 20 17 31 18 29 45 17 28 47 11 21 44 62 21 43 40 32 32 45 16 5 42 45 54 61 55 20 40 19 56 35 47 9 20 15 15 17 47 33 51 50 42 49 45 38 42 35 31 9 39 46 22 42 24 9 46 31 38 8 48 43 56 54 11 31 25 29 54 8 41 7 5 19 59 27 2 20 52 43 49 20 34 48 11 16 48 33 32 28 45 55 32 35 45 16 38 25 26 28 63 27 31 35 22 56 5 48 43 41 44 14 52 47 37 13 45 10 9 9 5 28 38 34 41 25 24 18 19 30 31 11 49
68 19 55 44 39 38 40 49 2 14 20 27 44 39 52 22 32 39 52 11 36 11 30 43 19 28 28 66 41 38 17 53 38 55 64 16 40 39 35 17 37 50 17 13 9 56 48 51 45 39 62 28 20 15 43 18 45 35 36 21 4 38 6 49 11 49 44 47 38 52 21 37 31 48 34 26 41 11 10 3 41 15 56 45 59 12 41 59 20 52 15 20 27 55 31 50 53 41 8 6 7 45 29 35 17 32 57 15 13 15 31 33 43 35 35 18 9 21 50 23 41 44 40 50 25 14 9 38 40 54 40 12 33 12 17 7 52 34 5 43 31 25 43 29 38 34 14 29 17 58 14 39 52 39 59 21 24 41 0 38 12 54 13 43 35 27 7 31 52 22 47 6 21 20 45 30 40 52 43 38 51 12 39 44 59 44 37 36 20 20 51 39 44 36 30 63 41 48 38 29 43 28 24 48 32 6 37 46 51 30 24 50 22 20 41 13 28 36 28 53 30 37 47 23 17 24 31 9 30 60 52 32 58 31 42 3 50 46 8 59 10 48 48 53 17 28 32 26 40 29 35 45 50 60 6 43 18 40 51 27 40 47 44 35 46 22 41 46 40 37 51 34 50 56 29 10 20 7 46 59 30 32 13 10 19 49 18 28 32 39 31 29 46 52 27 51 9 50 19 51 27 27 31 26 44 5 10 59 38 32 19 57 30 53 18 39 37 9 46 31 6 50 7 40 32 20 39 30 23 38 21 32 42 41 22 22 4 27 22 44 32 15 53 45 36 39 30 11 28 39 51 44 22 28 47 33 29 22 28 31 55 40 14 56 19 59 23 41 27 39 26 45 41 39 5 11 56 28 53 4 5 53 26 50 51 39 34 59 14 15 37 36 54 18 45 24 18 13 9 21 50 16 40 62 9 23 38 24 5 15 48 27 43 14 43 52 29 49 19 18 44 49 16 27 24 31 30 39 52 25 7 52 45 42 42 3 33 36 4 51 48 40 29 53 61 31 41 48 29 39 47 31 29 54 53 45 19 21 12 11 6 27 36 9 24 29 49 38 38 7 33 37 67 26 49 26 26 26 41 45 16 23 34 4 48 53 25 8 54 16 45 2 18 21 48 52 47 17 62 27 41 44 28 40 20 35 11 28 18 13 41 47 35 44 32 52 17 42 47 48 23 39 51 8 43 33 50 34 63 62 30 17 34 16 11 22 26 24 33 58 59 54 17 24 67 32 15 39 11 3 7 49 38 19 49 58 51 42 43 33 37 39 49 8 51 9 58 54 32 51 42 12 41 51
60 55 80 7 49 39 32 62 40 43 56 52 70 6 73 24 34 15 43 28 37 48 57 41 51 11 15 58 64 1 34 39 3 54 57 27 52 55 43 54 51 75 54 50 46 60 45 47 39 37 55 27 52 52 57 25 69 61 18 21 35 17 43 42 29 36 22 44 13 76 44 55 46 36 17 43 9 44 47 37 33 53 47 73 51 30 16 54 33 57 33 22 39 58 57 67 70 21 39 42 41 50 24 32 24 33 60 28 40 51 49 25 42 65 4 38 45 18 55 56 11 62 62 73 52 48 31 37 35 41 9 41 58 49 47 33 40 40 40 52 40 29 6 30 64 65 51 22 40 57 35 4 66 11 55 38 37 24 38 0 46 60 26 8 17 13 39 56 42 23 49 39 26 27 62 58 41 54 11 45 49 47 13 30 59 39 26 11 34 40 77 46 18 64 42 60 64 65 5 10 55 57 56 36 31 37 16 55 54 19 56 65 56 37 57 26 36 58 49 58 56 43 56 22 22 30 51 46 45 59 57 22 51 9 42 36 52 71 35 48 38 39 46 49 50 48 13 38 12 57 41 24 70 59 41 8 56 67 70 25 48 28 26 30 67 17 54 37 39 6 66 5 34 47 53 46 30 35 71 58 37 53 34 35 41 56 23 46 44 49 13 61 57 61 15 62 37 43 55 34 55 60 49 45 33 42 45 50 68 61 20 47 60 75 24 27 60 32 36 18 38 76 42 32 19 54 66 20 22 27 45 7 47 66 58 39 41 16 17 64 54 53 55 56 3 17 54 47 44 36 41 35 33 55 48 13 61 27 11 31 60 63 29 46 23 52 33 7 49 60 58 54 55 19 41 31 43 59 76 38 41 74 16 38 74 9 63 58 47 52 11 8 65 49 54 54 51 30 35 57 35 23 52 60 30 16 9 15 34 24 53 43 36 25 18 37 9 69 56 44 24 31 48 57 15 45 49 34 66 43 44 53 19 36 9 39 30 59 40 69 72 55 35 41 55 11 49 64 31 47 65 25 37 65 78 43 49 48 36 29 43 27 22 44 53 61 75 67 40 34 37 67 59 56 33 15 22 24 39 64 24 57 62 37 67 65 49 43 57 37 19 36 51 21 62 48 33 51 55 49 18 65 54 69 57 30 29 40 21 49 31 60 21 29 9 75 23 26 43 69 52 63 44 33 64 27 40 61 57 56 43 50 65 38 39 52 23 49 5 50 52 78 22 42 59 39 50 28 48 40 42 64 10 55 66 61 36 62 34 22 17 21 51 32 56 33 49 48 10 43 50 28 15 67
64 22 44 52 33 34 40 41 11 7 12 17 33 45 42 26 30 44 50 21 33 13 20 40 8 36 33 62 31 45 16 52 45 51 61 20 33 31 30 10 29 39 15 12 7 50 44 48 43 37 59 29 9 12 35 22 35 25 39 26 13 42 13 47 22 48 47 44 43 41 13 28 24 47 38 20 46 2 10 14 40 11 54 34 55 16 46 55 19 46 16 25 23 49 21 40 43 44 7 15 6 40 31 34 22 30 51 19 8 6 23 34 40 24 43 14 3 30 44 12 46 34 30 39 15 3 20 35 39 53 45 7 22 16 7 14 51 30 8 37 26 25 50 29 27 23 17 32 12 54 13 46 43 44 55 17 21 43 12 46 0 47 23 49 39 34 8 20 51 26 42 16 23 22 35 19 36 47 48 33 47 1 44 44 53 41 38 41 19 15 40 33 49 25 25 58 30 38 44 36 36 17 13 47 32 17 42 40 45 34 13 41 11 17 32 23 25 26 19 47 19 32 40 27 24 24 22 14 23 55 45 35 55 38 38 14 45 35 11 57 9 47 45 49 5 20 37 22 45 19 30 48 39 54 6 49 12 29 41 29 34 49 46 35 35 31 33 45 37 43 42 42 50 53 19 16 21 18 35 54 27 22 14 12 13 43 23 21 27 33 36 18 39 44 32 43 10 48 10 51 17 16 23 19 43 9 17 57 27 21 26 55 19 43 23 40 27 15 45 35 8 40 16 39 35 9 28 33 27 39 13 40 37 31 13 17 8 32 31 34 22 15 48 38 44 42 20 17 22 38 49 43 20 18 43 38 18 24 36 30 48 29 18 54 24 56 22 47 18 29 15 38 34 43 7 15 55 17 43 15 15 43 31 50 40 44 23 54 3 9 42 43 45 7 39 13 7 17 11 11 50 24 33 56 20 32 43 31 13 23 43 21 42 22 46 51 38 39 12 10 46 50 5 16 32 25 22 38 43 18 13 47 48 41 49 13 32 26 9 42 37 32 26 52 57 37 35 39 28 33 37 33 26 46 42 42 8 11 11 18 9 28 39 3 13 18 38 26 35 18 30 26 63 15 49 32 29 29 38 35 25 12 23 15 38 45 16 4 48 13 49 13 7 26 40 48 47 6 58 18 44 34 18 29 12 34 17 23 27 18 41 39 38 44 38 41 23 43 44 37 12 29 48 13 33 33 49 24 59 58 24 6 22 12 8 11 29 15 41 56 55 43 25 17 64 29 19 40 7 12 5 40 43 10 39 52 51 33 43 36 41 42 44 18 45 20 55 51 38 49 35 18 46 41
25 69 37 63 15 22 30 11 55 41 53 33 34 56 27 42 28 48 25 55 24 59 34 21 43 57 48 23 27 59 39 30 57 12 23 45 15 18 21 54 19 35 61 58 53 5 17 18 24 24 22 36 44 58 13 45 28 32 43 46 52 45 59 23 59 30 43 18 48 32 34 22 24 30 44 29 54 46 57 56 29 56 24 36 22 46 47 18 36 5 41 46 28 5 33 19 19 42 47 59 49 11 38 29 47 29 7 45 42 50 24 36 19 38 58 37 50 57 6 44 52 20 26 30 35 47 57 23 26 29 53 43 30 62 41 49 28 23 51 11 25 35 59 33 33 41 64 40 37 13 41 58 13 51 17 34 31 38 54 60 47 0 56 57 44 53 48 32 26 44 12 59 41 41 19 35 20 8 54 18 15 48 49 33 10 22 35 50 35 35 36 17 48 36 24 17 26 18 56 55 12 37 42 28 30 58 46 8 7 42 44 14 48 35 18 55 29 26 29 3 32 19 8 43 52 36 26 60 25 13 4 39 21 55 19 55 10 31 47 26 45 26 16 16 45 28 48 29 51 35 22 42 25 12 50 56 55 35 21 38 15 38 39 31 25 56 15 27 22 55 14 58 34 23 31 62 39 59 32 11 27 27 43 44 35 5 47 26 22 15 49 43 10 5 48 9 45 22 53 34 36 45 25 29 30 54 62 24 39 38 50 25 39 28 46 35 27 48 28 43 49 34 60 29 42 47 33 41 44 34 35 58 15 29 50 33 52 47 57 23 28 61 9 10 59 44 31 63 26 25 26 28 35 34 14 48 42 40 56 31 2 27 44 26 46 21 34 56 30 25 43 9 15 43 51 46 29 42 30 58 59 26 48 29 30 53 37 12 45 55 50 53 9 41 9 39 45 45 46 50 32 51 14 14 56 58 52 51 52 51 8 27 26 53 46 32 58 24 54 38 40 37 43 39 58 23 26 26 14 30 58 10 47 26 56 56 31 28 52 20 31 17 29 28 20 51 14 16 32 16 19 36 28 8 34 18 40 37 43 50 55 36 39 48 39 45 36 38 21 58 26 39 24 39 34 49 41 39 22 21 57 47 35 56 21 10 32 49 5 38 46 53 44 47 12 17 33 45 21 30 45 24 33 37 52 31 49 27 55 64 31 11 40 34 53 30 50 36 19 25 37 29 22 48 24 33 27 32 21 19 25 44 41 39 44 40 40 33 59 23 20 35 51 31 25 25 66 34 53 56 49 14 51 51 18 7 32 21 29 39 45 41 10 56 5 59 23 20 51 23 13 49 48 17
65 30 64 32 42 36 36 54 15 23 33 35 53 27 60 17 30 29 48 3 34 23 39 41 30 16 17 63 49 26 19 47 26 55 62 12 44 44 36 30 41 59 29 25 22 58 46 49 42 37 60 23 31 28 48 12 53 44 27 13 11 28 18 46 5 43 35 45 28 61 27 42 35 43 25 30 29 22 22 12 37 28 53 55 56 11 31 57 21 53 17 12 29 56 40 56 59 32 17 17 18 46 23 31 10 29 58 12 20 28 36 27 41 46 23 22 21 8 51 34 30 50 47 58 34 26 5 36 37 49 28 20 41 24 26 10 47 34 16 46 32 22 31 26 47 45 25 22 23 58 17 27 57 28 57 24 26 34 13 26 23 56 0 31 26 15 16 39 48 15 47 13 17 16 51 39 38 52 31 39 50 24 28 38 59 41 31 25 21 24 60 40 35 45 33 62 49 53 26 17 46 38 35 43 29 11 28 49 52 22 35 55 34 23 46 1 28 43 34 54 39 37 50 16 6 21 37 21 34 60 53 25 55 19 41 11 50 55 14 55 17 44 47 51 28 33 22 28 29 39 35 37 57 59 18 31 31 49 57 22 42 40 37 31 53 9 45 42 38 25 56 22 44 52 36 20 18 10 55 58 30 38 15 15 25 51 11 33 35 42 20 40 49 55 17 55 16 47 31 44 37 39 36 31 38 18 20 56 49 42 9 53 40 61 12 32 45 10 41 23 15 60 16 35 24 32 48 22 15 32 27 20 42 50 35 25 17 17 10 50 39 28 53 49 24 30 38 22 32 36 47 39 22 37 47 22 40 18 15 28 56 48 12 52 12 56 23 29 33 46 37 48 46 31 17 12 51 39 62 13 16 60 16 45 59 27 44 59 25 28 26 25 58 28 48 34 29 12 14 34 44 7 43 61 5 10 26 13 10 6 49 31 39 4 33 46 17 56 32 25 35 42 27 38 11 35 35 36 57 29 19 51 35 39 31 14 29 44 16 58 56 45 28 48 59 19 43 53 26 41 53 25 29 57 62 44 29 29 17 7 19 23 29 21 34 40 59 48 37 8 32 48 64 36 42 15 20 21 39 51 3 35 44 12 54 58 33 20 55 20 35 12 29 13 53 50 41 29 59 33 31 51 36 50 33 31 8 30 6 24 35 52 27 37 20 60 8 35 44 55 32 48 48 11 50 28 46 43 61 60 33 28 45 20 18 32 20 32 21 55 56 63 8 28 65 32 26 33 24 15 18 54 27 32 54 59 45 49 39 26 27 30 49 7 52 9 54 51 20 47 44 8 31 56
55 60 80 7 47 37 28 60 45 45 60 53 70 4 73 25 33 10 38 33 35 53 58 37 53 16 16 52 64 7 36 33 6 50 52 30 51 54 41 57 50 76 59 55 50 57 42 43 35 34 50 26 55 57 55 28 68 62 15 24 40 13 48 37 35 31 17 40 10 76 45 55 46 31 15 43 4 47 52 41 29 57 42 73 46 33 11 49 34 53 35 24 39 55 58 66 68 16 42 47 44 48 23 29 27 32 56 31 43 55 49 23 39 66 9 40 48 24 52 58 6 61 62 73 53 51 36 35 32 35 5 44 59 54 49 37 35 39 44 50 39 29 2 29 65 67 56 21 42 53 38 5 64 7 50 39 37 20 43 8 49 57 31 0 15 16 42 57 37 24 46 44 27 28 61 59 38 50 4 43 45 50 9 26 55 36 23 9 35 41 77 44 12 65 42 55 64 64 5 15 53 59 58 32 30 42 12 52 51 18 59 63 59 38 56 31 36 58 49 55 57 41 54 24 27 30 51 51 45 55 54 20 46 13 39 40 49 71 38 43 41 34 43 45 53 48 13 38 7 58 40 18 70 55 45 1 59 68 69 25 47 22 21 27 67 22 53 32 36 6 64 10 28 42 54 51 31 40 71 54 37 53 36 38 43 53 26 46 43 48 13 63 55 58 17 60 40 38 59 29 57 62 49 45 28 47 50 45 69 63 24 42 62 74 26 23 60 35 31 18 42 76 47 29 17 57 66 19 23 24 46 12 44 66 61 40 45 18 22 63 55 58 51 54 9 13 55 52 44 33 36 31 34 57 45 12 63 28 16 30 57 63 32 41 25 47 34 3 49 60 61 52 54 15 45 34 38 61 75 43 46 73 18 33 73 5 64 54 50 56 8 7 63 51 52 56 54 33 39 60 30 27 50 55 35 22 7 19 39 28 50 43 32 29 13 31 15 68 60 46 19 26 50 59 21 45 50 31 65 44 48 49 13 32 2 43 28 60 44 68 72 54 34 36 50 13 47 63 30 46 64 23 36 62 78 40 52 50 38 33 48 27 19 48 55 64 76 68 38 39 35 68 53 58 28 18 22 24 36 63 29 60 63 42 66 63 50 46 54 39 14 41 54 23 60 44 28 53 50 50 13 64 55 70 60 28 33 39 26 54 27 59 19 25 12 75 27 22 39 68 53 64 39 37 63 25 35 62 52 52 43 52 66 40 41 54 24 50 12 45 47 78 26 43 54 37 56 24 52 45 45 62 8 58 65 57 30 61 30 20 14 17 48 37 53 39 44 43 12 38 48 32 10 66
45 53 66 20 33 23 16 46 37 34 50 40 57 13 58 13 19 6 27 27 21 45 45 24 41 17 9 42 50 16 24 24 14 38 41 20 37 40 27 48 36 62 50 46 41 44 29 31 23 20 39 12 43 48 41 18 54 49 2 14 32 3 40 26 30 20 10 28 5 62 32 41 32 20 1 30 11 37 43 34 17 48 31 60 35 24 8 38 21 40 24 15 25 42 45 52 54 7 33 40 35 34 9 15 18 18 43 21 32 45 35 9 25 53 16 27 39 22 38 47 10 47 48 59 40 41 30 21 19 26 10 33 45 46 37 28 25 25 35 36 25 16 16 15 51 54 49 8 29 41 27 14 50 8 39 26 23 9 35 17 39 44 26 15 0 14 33 44 26 14 33 37 16 17 47 46 24 37 12 29 33 40 7 15 43 23 10 7 23 28 63 30 10 51 27 44 50 50 12 14 39 46 46 21 15 35 4 39 38 5 47 49 48 25 42 25 22 44 35 41 43 27 40 13 20 17 37 43 31 43 41 6 35 13 26 33 35 57 29 33 30 23 30 33 42 35 6 24 8 45 25 12 56 43 36 14 50 54 54 11 32 15 12 13 53 19 38 21 23 12 50 15 20 31 40 44 19 34 58 42 22 39 25 28 30 39 17 32 29 34 7 51 41 44 10 46 30 27 49 20 44 50 35 32 17 38 43 34 56 50 17 32 49 60 17 10 46 26 20 4 33 62 40 16 4 46 53 6 13 11 33 16 30 52 50 26 36 9 20 49 41 49 38 40 16 5 42 45 30 19 25 19 21 43 31 6 50 16 16 15 43 49 22 31 16 36 20 13 36 46 48 38 40 5 36 25 28 49 61 36 39 59 10 23 59 10 51 42 39 47 7 10 49 39 38 44 43 23 29 49 20 20 36 44 29 20 9 13 31 21 37 29 20 23 9 22 17 54 49 33 10 18 39 46 20 31 36 18 50 30 41 36 11 20 13 36 14 46 35 54 58 40 20 26 39 9 33 48 16 32 49 9 22 48 64 27 40 37 28 25 39 13 5 38 43 51 62 55 24 33 21 55 43 45 18 11 10 11 22 49 25 48 49 35 51 49 37 37 41 27 11 33 42 14 46 32 18 42 39 37 7 50 42 56 50 14 25 25 21 47 14 45 5 14 11 61 19 11 27 54 41 50 28 28 49 11 24 48 41 41 29 41 53 28 31 42 11 37 17 34 36 64 19 30 44 23 49 11 43 37 36 48 8 48 50 44 22 47 18 5 2 5 34 30 39 34 33 32 9 27 34 24 8 52
57 44 70 19 40 32 27 53 29 31 44 41 59 12 63 13 26 15 39 17 30 37 46 35 39 5 6 55 53 12 22 37 12 49 54 15 43 45 34 42 41 64 43 39 34 54 40 42 34 31 51 18 40 41 48 13 58 50 15 10 24 15 32 38 19 33 22 39 14 65 32 45 36 33 13 32 15 32 36 25 28 41 44 61 47 18 18 50 22 50 21 10 29 52 46 57 60 20 27 31 29 43 16 24 12 25 54 16 28 39 38 19 36 53 9 27 33 9 48 44 15 52 51 62 40 36 20 31 30 39 14 29 47 38 35 21 37 32 28 44 31 19 17 21 53 53 40 13 28 52 24 13 57 13 50 27 26 22 27 13 34 53 15 16 14 0 27 45 39 11 43 28 15 15 52 46 34 48 17 36 44 35 14 28 54 34 21 11 23 28 66 38 21 52 32 55 53 55 11 3 46 45 44 33 24 26 15 47 48 12 44 55 44 25 47 15 26 47 38 51 44 34 48 12 11 19 40 35 35 54 50 16 47 5 36 24 46 60 23 46 26 35 41 44 38 37 8 28 15 45 33 25 60 54 29 17 44 56 60 16 40 28 25 24 57 6 45 33 32 10 57 9 33 44 42 35 18 24 60 53 28 42 22 23 29 48 11 35 34 40 7 49 49 53 5 54 25 39 43 33 44 48 39 34 29 31 34 47 56 50 8 44 48 64 12 23 49 19 32 12 26 65 31 27 13 42 54 13 11 22 33 7 39 55 46 28 29 6 7 53 43 42 48 47 10 17 43 36 33 30 37 31 22 44 41 9 49 16 4 23 53 52 17 43 11 48 22 15 37 49 46 46 46 18 29 19 41 47 65 27 30 63 6 35 63 13 51 53 35 40 12 11 57 37 46 42 39 17 23 45 33 11 43 55 19 8 12 3 23 12 46 32 31 13 20 35 6 59 44 32 23 31 36 45 7 35 39 29 57 32 32 46 21 31 17 27 23 48 28 60 61 46 26 39 51 5 41 54 22 39 55 18 27 56 67 38 37 36 24 17 32 18 18 32 41 49 64 55 33 23 28 55 56 44 31 5 13 15 33 54 13 45 50 26 56 57 38 31 51 25 22 25 39 9 53 43 30 39 51 38 18 54 42 57 45 24 17 30 10 38 26 51 17 27 6 64 11 24 38 58 40 52 40 21 53 21 37 49 53 53 33 38 53 26 26 40 14 37 8 47 48 68 10 31 56 30 40 24 36 29 30 54 13 43 56 55 34 52 30 16 15 19 45 21 49 23 46 44 6 39 42 16 17 58
63 23 50 45 34 32 36 43 7 9 18 21 38 38 46 20 27 38 48 14 31 14 25 38 14 29 27 61 35 38 12 49 38 50 59 13 34 33 29 16 31 45 18 14 9 51 42 46 40 35 57 24 15 16 37 15 40 30 34 20 6 36 11 45 15 44 41 42 36 47 15 31 25 44 32 20 40 6 12 8 37 16 52 40 54 10 40 54 15 47 11 19 21 49 25 43 46 38 1 12 2 39 25 30 16 27 51 12 7 13 25 29 38 31 36 12 7 23 44 19 40 37 34 44 19 10 13 33 35 50 39 5 27 16 11 6 47 28 3 37 25 21 43 25 32 30 18 26 11 53 8 39 46 38 54 15 19 38 7 39 8 48 16 42 33 27 0 25 48 20 42 12 18 17 39 24 34 46 42 32 46 9 38 40 53 39 34 35 15 14 46 33 43 30 25 58 35 42 37 29 37 23 20 43 28 11 36 40 45 28 20 44 19 15 35 15 22 30 22 47 24 31 41 21 17 20 25 13 24 55 46 29 53 31 37 9 45 40 4 55 4 44 43 47 13 22 31 20 39 24 29 43 44 54 4 42 18 35 45 24 34 44 41 31 40 23 35 42 35 36 45 35 46 51 23 15 16 13 41 53 25 25 8 6 13 43 17 22 26 33 30 25 40 46 26 45 4 45 17 47 22 23 25 20 39 7 15 54 33 27 19 52 25 47 17 35 31 8 42 29 1 45 13 35 30 16 34 28 21 34 15 33 36 36 20 16 5 26 24 38 26 18 48 39 37 37 24 16 22 35 46 40 17 23 42 32 25 18 29 27 49 34 12 52 18 54 18 40 21 33 22 39 35 37 4 8 52 23 48 11 11 47 25 46 45 38 29 54 10 14 36 36 48 13 39 19 14 10 5 18 46 17 34 56 13 24 37 24 6 16 43 21 39 15 41 48 30 43 18 11 41 46 11 22 25 25 24 35 46 19 11 46 43 38 42 9 28 30 4 46 42 34 24 49 56 30 35 42 24 33 40 28 24 48 47 40 14 15 7 11 8 23 33 6 18 25 44 33 33 12 27 32 61 21 45 25 24 23 36 39 18 19 29 9 42 47 20 5 48 10 43 7 14 20 42 47 43 13 56 20 39 38 22 35 19 31 10 22 19 17 37 41 32 40 31 46 16 39 42 42 18 33 46 6 37 29 46 29 58 57 24 13 29 10 5 17 23 19 34 54 54 48 18 18 62 27 20 35 11 8 3 43 37 17 43 52 47 37 39 30 35 36 44 12 45 14 53 49 31 46 36 11 40 45
53 40 26 62 21 29 38 23 31 17 22 5 14 54 22 33 27 49 44 38 29 32 3 34 14 49 42 52 11 56 23 48 55 39 50 31 18 14 22 24 15 20 32 30 27 35 35 39 38 33 49 32 14 29 19 32 15 5 44 36 31 47 33 41 40 45 49 36 49 22 13 10 15 44 43 15 54 21 30 33 38 27 46 17 46 30 51 45 24 32 25 36 20 34 1 20 23 47 24 35 25 27 35 33 34 29 37 30 20 21 11 36 33 10 54 19 23 45 31 14 53 15 10 19 7 19 37 31 35 48 53 20 2 35 15 30 46 24 27 23 21 29 59 30 8 11 36 37 18 41 23 55 25 51 44 19 21 44 31 56 20 32 39 57 44 45 25 0 45 34 31 36 31 30 16 4 30 34 55 24 37 21 50 43 40 36 39 49 23 17 22 23 53 8 19 46 10 19 53 48 21 6 11 43 31 36 47 25 32 40 13 22 17 20 15 39 23 6 9 32 1 25 25 35 38 28 8 34 15 42 31 39 45 49 31 33 33 16 26 50 23 42 35 39 17 10 45 20 52 3 24 50 19 41 26 57 25 11 21 33 22 49 47 35 15 44 18 41 31 53 23 53 48 45 4 36 27 37 16 41 23 7 25 25 16 29 35 13 19 20 45 12 23 28 42 25 24 41 23 49 5 13 10 13 41 29 37 48 12 8 39 47 8 23 34 40 7 30 42 40 26 21 36 37 41 17 10 39 35 39 13 51 26 11 19 18 28 41 45 14 5 32 35 23 54 47 3 37 15 34 44 40 24 4 33 46 11 30 48 30 33 9 29 47 34 47 24 55 9 9 12 24 18 46 27 28 49 10 23 35 35 23 41 45 20 52 8 42 17 26 50 51 28 13 25 9 16 29 26 19 47 37 19 44 37 46 51 42 31 37 30 15 38 37 51 48 50 19 24 15 48 49 15 8 46 16 10 35 24 14 33 35 52 37 56 33 32 6 28 22 18 15 25 47 47 46 24 20 29 22 18 36 24 28 23 34 12 11 23 33 29 31 42 23 9 14 20 11 28 37 26 12 52 8 47 42 36 34 32 15 41 16 6 34 18 27 8 24 34 20 52 31 15 37 22 39 45 16 48 8 49 14 4 13 22 34 32 19 41 37 39 22 41 43 48 21 36 44 36 17 8 9 41 29 13 35 44 5 48 47 17 16 12 20 22 11 34 8 53 47 46 24 38 15 53 24 38 40 26 32 25 22 50 21 20 38 48 13 40 39 46 45 33 36 31 39 47 43 47 42 23 33 51 22
19 70 59 43 25 17 13 34 54 44 60 43 53 37 50 32 22 28 2 48 18 61 47 12 50 42 34 17 46 41 36 5 39 15 16 38 29 34 23 60 31 56 65 61 55 24 11 9 8 14 14 25 51 62 32 37 49 47 25 35 49 26 58 4 52 6 21 10 29 55 39 37 31 7 26 33 34 49 59 53 12 61 6 56 9 42 27 13 33 22 38 37 29 22 46 41 43 22 47 58 49 20 26 18 38 21 23 39 44 56 34 22 13 54 41 37 52 46 22 54 32 40 44 51 45 51 51 16 13 4 33 45 45 63 46 46 3 22 50 25 26 28 39 24 50 56 65 27 39 17 40 39 37 32 14 34 30 18 52 42 51 26 48 37 26 39 48 45 0 34 17 56 32 33 39 48 16 18 33 22 12 51 30 12 21 10 18 32 33 36 57 22 26 52 27 19 45 40 37 40 28 49 52 6 20 55 27 25 20 28 53 37 56 34 35 47 26 42 37 23 45 21 26 32 42 29 37 60 31 19 24 24 10 39 15 52 17 51 45 8 44 5 11 10 52 36 32 29 30 47 22 19 47 20 51 36 61 53 45 27 24 15 17 18 46 43 30 7 14 37 38 41 9 5 42 62 33 54 52 19 25 39 40 43 38 23 38 33 27 26 33 55 29 29 34 32 44 5 60 9 47 56 35 35 10 54 61 9 55 52 40 6 52 51 37 17 44 44 7 27 48 55 59 13 26 55 51 27 33 17 40 41 20 48 59 34 52 33 44 42 41 64 18 28 41 25 43 63 32 14 2 9 31 46 14 31 54 32 41 22 25 45 39 5 36 10 30 36 38 42 54 26 31 23 51 42 5 53 53 55 57 49 35 5 52 34 52 18 49 60 32 35 34 48 25 49 52 40 44 58 8 42 28 20 50 45 33 38 49 42 21 32 10 45 25 6 43 46 61 42 19 12 48 50 45 30 36 13 38 34 58 17 25 10 35 54 20 44 51 43 52 33 25 3 14 35 23 38 24 24 40 23 25 33 57 12 47 44 41 44 55 26 21 51 48 57 57 54 17 53 22 56 18 50 10 35 29 28 13 42 48 56 50 54 43 35 41 50 22 38 24 51 51 36 34 10 9 51 13 39 24 43 44 55 60 18 44 28 44 65 13 33 23 13 36 53 41 16 10 46 46 47 5 45 43 20 3 48 15 16 29 50 56 39 44 49 29 41 42 9 11 57 41 35 18 23 67 16 57 54 50 36 32 58 40 23 7 40 10 23 26 22 17 51 22 54 8 7 34 4 24 43 28 41
51 40 59 28 30 23 21 43 24 22 37 30 48 21 52 2 17 18 34 15 21 32 35 27 29 15 9 49 43 22 12 33 21 41 47 7 33 35 24 35 31 54 37 33 28 45 32 35 27 23 45 9 31 35 37 5 47 39 15 2 19 17 27 31 19 29 23 31 18 55 22 34 25 28 13 21 21 24 30 22 22 35 38 51 41 11 21 43 11 41 11 4 18 43 35 47 49 19 19 27 22 33 8 17 5 16 45 8 19 32 27 13 27 43 20 16 25 15 39 35 21 41 40 51 30 28 18 22 22 35 20 20 36 33 25 15 33 22 22 34 20 9 25 12 42 43 36 8 18 44 14 22 46 19 43 16 15 20 22 23 26 44 15 24 14 11 20 34 34 0 34 25 4 5 42 35 25 39 23 27 36 27 19 24 45 26 17 16 13 18 55 28 24 42 22 48 42 44 20 14 35 35 35 28 15 23 17 37 39 9 35 45 36 15 37 14 16 36 27 42 34 25 38 2 9 9 29 30 24 46 40 11 41 15 27 21 37 49 16 41 18 29 33 37 29 26 12 17 20 35 23 24 49 46 23 24 37 45 49 7 30 26 23 17 46 13 34 27 24 19 46 19 30 38 31 31 8 22 49 45 18 31 13 15 19 39 5 24 24 30 11 39 38 43 8 43 17 32 36 30 34 39 28 23 24 25 30 41 45 39 8 39 38 53 4 18 38 13 27 10 20 54 27 21 11 33 44 9 1 17 23 18 29 44 37 17 23 7 14 43 32 36 40 37 20 18 32 32 22 22 32 25 11 33 33 13 39 5 14 14 44 41 8 38 3 42 12 22 27 39 37 36 35 18 23 12 37 38 55 23 26 52 7 31 52 19 40 45 26 34 17 18 46 27 36 32 31 10 15 36 29 9 33 47 17 15 18 9 18 9 37 22 25 12 22 32 17 48 37 22 22 29 27 35 15 25 28 22 47 21 28 38 24 24 24 23 14 37 22 49 50 35 16 34 44 12 31 44 13 29 44 11 17 46 56 30 28 26 15 12 26 9 15 25 31 40 54 45 24 20 18 45 50 34 28 8 5 6 25 43 15 36 40 22 46 47 27 23 42 15 24 20 30 3 42 36 27 30 45 27 20 43 32 47 37 16 12 19 12 34 21 41 14 23 14 54 8 21 30 48 30 42 33 15 42 14 31 39 47 46 22 29 43 16 18 30 5 27 19 41 42 57 8 20 50 20 36 19 30 24 23 44 18 35 45 46 31 41 24 12 16 18 36 18 40 22 40 37 13 33 32 11 20 47
23 64 43 52 10 12 18 17 48 36 50 31 38 45 33 32 18 36 15 47 14 54 33 9 39 47 38 21 30 48 31 21 46 9 20 36 14 19 13 50 16 40 56 54 48 12 6 9 13 13 18 26 41 54 16 35 33 33 32 36 45 34 52 13 50 20 32 8 37 39 29 22 19 19 33 23 43 41 52 48 17 52 17 41 16 38 36 14 28 8 33 37 21 10 32 25 26 31 41 53 43 4 28 19 37 19 12 36 36 47 21 25 8 39 48 30 44 48 6 42 41 24 29 35 33 42 49 13 14 20 42 38 31 57 37 42 18 14 44 9 17 26 48 23 35 42 59 30 31 12 34 47 21 40 14 27 23 27 47 49 42 12 47 46 33 43 42 31 17 34 0 52 31 31 23 35 9 6 43 10 7 43 38 22 12 11 24 39 27 28 41 10 37 37 18 17 29 24 44 45 13 36 40 18 19 51 35 9 6 32 42 21 45 27 19 46 20 27 25 9 32 11 10 33 42 26 24 54 20 14 9 28 15 44 8 48 4 36 39 19 38 15 6 9 42 24 37 22 39 34 13 30 31 13 44 45 52 38 28 28 9 27 28 20 30 46 15 16 11 44 22 47 23 16 29 56 30 51 37 12 18 25 35 37 30 8 37 22 16 11 38 43 13 13 38 16 38 13 50 24 35 43 22 24 19 48 56 18 41 38 41 18 39 35 36 23 29 40 17 32 42 39 53 18 31 44 36 31 34 23 30 47 6 32 48 26 46 37 47 27 27 56 7 12 48 33 30 57 21 14 16 17 26 33 3 37 41 30 46 21 11 30 36 18 36 16 25 45 27 27 42 10 15 31 45 38 20 41 37 51 52 33 38 19 36 42 38 13 40 51 39 42 18 38 9 37 42 37 39 47 22 41 13 15 47 48 41 40 44 41 5 22 15 44 35 22 48 30 51 33 29 26 39 38 48 18 23 15 22 25 52 5 36 14 44 49 21 29 45 27 36 18 19 19 16 40 8 22 22 10 24 26 19 17 41 7 37 33 35 42 49 26 28 43 36 44 41 40 11 50 16 41 22 37 23 39 30 29 11 26 48 45 35 49 26 19 29 43 9 32 35 46 40 37 18 8 22 41 17 27 34 28 31 40 49 20 41 20 45 58 20 17 29 23 42 37 40 25 8 30 35 32 12 41 28 23 17 33 18 16 19 40 42 32 37 37 30 29 48 17 15 41 41 25 22 16 60 22 49 49 43 20 40 48 24 13 22 25 18 28 33 30 3 48 7 52 17 12 40 13 9 41 37 25
73 17 60 45 45 42 44 54 6 20 22 32 48 40 57 26 36 41 56 12 40 10 35 48 23 29 30 70 46 39 22 57 39 60 69 19 45 44 40 19 42 54 17 13 11 61 52 55 49 44 67 32 24 16 49 21 50 40 39 24 8 40 5 54 10 52 47 52 40 57 26 42 36 52 36 31 42 16 10 4 45 17 61 50 63 15 44 64 25 57 20 22 32 60 36 55 58 43 13 4 11 50 32 39 20 36 62 18 18 19 36 36 48 40 36 23 13 21 55 27 42 49 45 54 30 19 8 43 44 58 41 17 38 11 22 11 56 39 9 48 35 29 44 33 42 39 12 32 22 63 18 40 57 40 64 26 29 44 6 39 16 59 13 44 37 28 12 36 56 25 52 0 25 24 50 34 44 57 44 43 56 16 41 48 64 48 41 37 25 25 56 43 47 40 35 68 46 53 39 30 48 33 28 51 37 2 40 51 56 33 28 55 25 25 46 14 32 41 33 58 35 42 52 26 18 28 36 8 35 65 57 35 62 32 47 5 55 51 13 63 15 52 53 57 21 33 34 31 41 34 39 48 55 65 11 44 20 44 56 30 45 50 48 39 51 22 46 50 45 38 56 35 54 60 34 7 24 5 51 64 35 37 17 15 24 54 21 33 37 44 33 33 51 57 29 56 14 54 21 54 32 31 36 31 47 8 7 64 42 36 21 61 34 58 21 42 42 13 50 34 11 55 3 44 35 23 44 33 26 41 26 33 47 46 25 26 9 29 23 49 36 15 58 50 37 41 35 9 33 44 55 48 26 33 52 35 33 25 28 35 60 45 18 61 22 64 28 42 32 44 30 50 47 42 10 15 60 32 58 2 3 58 28 54 55 40 38 64 19 17 38 38 59 23 50 28 22 17 14 24 53 18 45 66 10 23 39 26 8 17 53 32 47 15 45 55 30 54 21 23 47 53 21 32 24 36 35 44 57 30 6 56 47 46 44 3 37 41 8 57 52 45 34 57 65 32 46 53 33 44 52 35 34 59 57 50 24 26 17 13 8 31 39 14 28 32 54 42 43 5 37 41 71 31 52 27 30 30 45 49 16 26 39 3 52 59 31 13 59 21 47 6 23 23 53 56 50 22 66 32 43 49 33 45 23 39 14 33 19 11 45 52 38 47 33 56 19 45 51 53 28 44 55 12 48 37 54 39 68 67 35 21 38 21 16 26 29 30 34 63 63 58 19 29 72 37 13 43 13 5 12 54 39 22 54 63 55 48 47 36 39 42 54 8 56 6 62 59 33 55 47 14 43 56
49 40 55 31 27 20 20 40 23 19 35 27 44 24 49 3 14 21 33 17 18 31 32 25 26 19 12 47 39 25 9 32 24 38 46 6 29 31 21 33 27 50 36 32 26 42 30 33 26 21 44 8 28 33 34 5 43 36 16 6 18 19 27 30 20 28 24 29 20 51 19 31 22 27 15 18 24 21 29 21 21 33 37 47 40 10 23 41 8 38 9 7 14 40 32 43 46 21 18 27 20 31 8 15 7 13 42 7 17 29 24 12 25 39 23 13 24 18 36 32 24 38 37 48 27 26 19 20 21 34 23 18 32 33 22 14 32 18 20 31 17 6 28 9 39 40 35 9 15 42 12 25 43 22 41 13 12 21 21 26 23 41 17 27 16 15 18 31 32 4 31 25 0 1 38 32 22 36 26 23 34 24 21 24 43 25 17 19 9 14 51 25 26 38 18 46 38 41 23 18 32 32 32 27 13 23 19 34 36 11 32 41 33 11 33 16 13 33 23 39 30 22 35 4 12 5 25 30 21 44 38 12 39 18 25 20 34 45 14 40 16 28 31 35 27 23 15 13 22 31 19 25 46 43 21 27 35 42 45 6 27 26 24 15 42 16 31 26 22 22 43 22 29 36 27 31 4 22 46 42 15 28 11 13 16 36 7 21 20 27 14 36 35 40 11 40 15 31 33 30 30 36 24 20 23 24 30 40 42 36 11 38 35 50 6 18 35 12 26 12 18 50 27 20 12 31 40 10 5 17 19 21 27 40 35 13 22 10 17 39 29 35 37 34 24 19 29 32 19 20 31 24 8 30 31 16 36 1 18 12 41 38 7 37 5 40 8 25 23 35 34 33 32 20 21 10 36 35 51 23 26 49 10 30 49 22 37 43 24 32 20 21 43 25 33 29 28 9 14 34 29 11 29 45 18 18 21 12 17 11 34 18 23 13 23 31 20 44 35 19 23 29 24 32 18 21 24 20 43 18 27 35 25 23 26 23 13 34 21 45 47 32 12 33 43 15 28 40 10 26 40 11 14 43 52 27 25 23 12 13 25 7 16 23 28 37 50 41 21 21 16 42 48 31 28 11 6 6 22 39 17 33 36 22 42 43 24 22 39 12 26 19 27 7 39 34 26 27 43 24 21 40 28 43 35 15 12 15 15 34 20 38 15 23 18 50 10 22 28 44 26 38 32 14 39 13 30 35 45 44 19 26 39 13 15 27 6 23 23 39 40 53 11 17 49 16 36 19 28 23 21 40 21 33 42 43 30 37 23 13 18 19 33 19 37 23 39 35 16 31 29 11 23 44
50 39 55 32 27 20 21 39 22 18 34 26 44 25 48 4 14 22 33 16 19 30 31 25 25 19 13 48 38 26 8 33 25 39 46 5 29 31 20 32 27 49 35 31 25 42 30 33 26 21 44 8 27 32 33 5 43 35 17 6 17 20 26 30 20 29 25 30 21 50 18 30 21 28 16 17 25 20 28 20 22 32 38 46 40 9 24 41 7 38 8 7 14 40 31 43 45 22 17 26 19 31 9 15 7 13 42 6 16 28 23 13 26 39 24 12 23 18 36 31 25 37 36 47 26 25 19 20 21 34 24 17 32 32 21 14 32 19 19 31 17 6 29 10 38 39 34 10 14 42 11 26 43 23 42 12 11 22 20 27 22 41 16 28 17 15 17 30 33 5 31 24 1 0 38 31 23 36 27 24 34 23 22 24 43 25 17 20 8 13 51 24 27 38 18 46 38 40 24 18 32 31 31 28 14 22 20 34 36 12 31 41 32 10 33 15 13 32 23 39 30 22 35 5 12 6 25 29 20 44 38 13 40 19 25 20 34 45 13 40 15 29 31 35 26 22 16 13 23 30 20 26 45 44 20 28 34 41 45 7 27 27 25 16 42 16 30 27 22 23 42 23 30 37 27 30 3 22 45 43 14 27 10 12 15 36 6 20 20 27 15 35 35 40 12 40 14 31 32 31 29 35 24 19 24 23 29 40 41 35 11 38 34 49 5 19 34 11 27 13 17 50 26 20 13 30 39 11 5 18 19 22 27 40 34 13 21 11 17 39 28 34 38 34 25 20 28 31 18 21 32 25 7 29 31 17 35 2 19 12 41 37 6 37 6 41 8 26 22 34 33 33 32 21 20 9 37 34 50 23 25 48 11 31 48 23 36 43 23 31 21 22 43 24 33 28 27 8 13 33 30 11 29 45 17 18 22 13 16 11 34 17 24 13 24 32 21 44 34 18 24 30 23 31 18 21 24 20 43 17 26 36 26 23 27 22 13 33 20 45 46 31 13 34 43 16 27 40 10 26 40 12 13 43 52 28 24 22 11 12 24 8 17 22 27 36 49 40 21 20 16 41 49 30 29 12 7 7 23 39 17 32 35 21 42 43 23 21 39 11 27 19 26 7 39 34 27 26 44 23 22 39 28 42 34 15 11 15 14 33 21 37 16 24 18 49 10 22 29 44 26 37 32 13 38 13 31 34 45 44 19 25 39 12 14 26 7 23 23 40 40 53 10 16 49 17 35 19 27 22 20 40 22 32 41 43 31 37 24 14 19 20 33 18 37 22 39 36 17 32 29 10 24 43
42 56 21 67 16 26 37 9 45 31 38 19 16 59 12 40 29 52 38 49 28 47 18 29 29 56 49 41 9 62 33 43 60 29 40 40 11 8 21 40 12 18 47 46 41 23 28 31 33 30 39 36 30 45 8 41 10 15 47 43 44 49 48 35 52 41 50 30 52 17 25 9 17 40 47 21 58 35 45 47 36 43 39 19 38 40 53 35 32 21 34 44 24 22 17 6 9 48 38 49 39 19 39 33 43 30 25 40 32 37 15 39 28 20 60 29 38 54 20 29 56 2 8 13 21 34 50 29 32 42 57 34 14 50 29 42 40 23 41 14 23 34 63 33 15 23 52 41 29 30 34 60 9 55 34 27 27 45 45 62 35 19 51 61 47 52 39 16 39 42 23 50 38 38 0 19 26 24 58 20 29 35 54 41 27 31 40 53 30 27 19 19 54 18 21 34 9 3 58 55 11 22 27 39 32 50 50 15 22 44 28 7 33 29 5 50 27 10 18 20 17 22 13 41 48 34 15 49 18 30 19 42 37 55 26 46 24 13 39 42 36 37 28 31 32 18 50 25 55 19 22 49 9 29 40 61 41 17 8 38 17 47 47 35 8 53 10 37 28 58 7 59 44 38 17 51 35 51 14 29 25 14 36 37 27 18 43 18 19 15 50 27 10 14 48 11 37 35 39 45 21 28 15 20 39 43 51 40 21 21 48 40 23 13 42 40 10 41 38 45 40 17 50 36 45 33 15 43 42 40 24 58 20 11 35 26 42 47 54 5 14 48 25 12 60 49 16 52 20 32 38 37 31 19 25 50 25 37 56 32 20 9 39 40 43 37 30 59 18 8 27 14 9 48 41 39 42 25 15 49 49 12 48 41 13 57 20 30 32 41 54 56 13 28 15 25 32 40 38 35 43 47 12 32 49 55 55 50 44 46 20 21 34 48 52 43 58 8 40 28 48 47 30 23 55 17 16 33 9 22 47 24 54 34 60 47 34 11 42 8 14 8 28 41 37 52 17 4 32 17 3 39 26 13 19 28 27 25 35 44 44 36 44 37 24 28 19 20 26 50 27 22 41 23 44 48 41 39 29 3 52 32 17 48 5 12 20 38 22 31 53 44 30 44 7 31 42 31 38 19 51 6 19 19 37 34 43 23 51 52 38 8 44 42 54 15 46 44 30 8 24 11 34 41 6 37 38 15 38 36 20 31 24 31 35 26 40 21 60 39 36 19 47 23 42 25 54 40 41 46 39 6 54 36 4 25 44 3 37 42 49 47 24 49 20 52 39 35 52 36 16 43 54 6
57 38 26 63 25 32 41 27 29 17 19 6 14 55 24 34 30 51 47 37 32 30 2 37 12 49 44 55 13 57 24 51 56 43 54 32 22 18 26 21 19 21 29 28 25 39 39 42 41 35 52 34 12 26 23 33 16 6 46 37 30 48 32 44 39 47 51 39 51 23 14 14 18 46 45 17 56 19 28 32 41 24 50 17 50 30 52 48 25 36 25 37 22 38 3 23 26 49 23 33 24 31 37 35 34 31 41 31 19 19 15 38 36 8 55 20 22 45 34 10 55 18 12 21 6 17 37 33 38 51 55 20 5 33 13 29 49 26 25 26 24 30 60 32 9 9 34 39 18 45 23 57 28 53 48 20 23 47 30 58 19 35 39 59 46 46 24 4 48 35 35 34 32 31 19 0 33 38 57 27 41 19 52 46 43 39 42 50 24 19 22 26 55 7 22 50 13 22 55 49 24 3 8 46 33 35 49 29 36 41 9 26 14 22 18 38 25 10 12 36 4 28 29 36 38 30 12 31 17 46 34 40 49 50 34 32 37 17 26 53 22 45 39 43 14 13 46 22 53 1 27 52 22 45 24 58 22 11 23 35 26 51 50 37 18 44 22 44 35 54 26 54 51 49 6 33 29 36 17 44 26 10 25 25 17 32 35 16 22 24 46 9 26 32 43 29 24 44 20 52 3 10 14 15 44 27 35 51 10 5 39 51 5 24 34 42 9 29 44 42 25 21 34 40 43 14 10 41 36 41 13 52 30 12 16 20 26 42 45 17 8 29 39 26 55 49 6 35 18 37 47 43 26 3 36 47 7 32 49 33 37 12 29 51 35 50 26 57 11 12 8 27 21 48 25 28 52 7 25 33 33 25 42 49 22 54 5 45 16 23 51 53 31 12 28 6 14 30 25 16 50 37 23 47 36 46 52 43 30 37 33 18 40 37 53 51 51 21 21 15 50 52 14 4 47 19 13 38 27 16 31 38 55 39 58 31 34 9 26 25 19 19 27 50 50 47 27 23 31 25 21 38 26 32 24 37 11 10 23 33 28 33 44 21 7 10 20 10 32 36 29 10 56 5 50 43 37 35 36 18 41 13 5 33 21 30 9 22 37 21 54 30 12 37 25 42 48 13 51 10 51 16 5 12 18 36 32 22 41 35 42 25 43 46 49 23 37 46 39 20 7 11 44 28 15 37 47 5 52 50 20 14 9 20 22 9 36 9 54 50 49 25 38 17 56 27 36 42 24 30 23 25 52 18 23 41 50 17 43 41 48 47 36 35 35 37 50 46 48 45 26 33 53 25
29 57 47 44 11 3 11 23 41 30 45 28 39 36 37 23 9 28 15 38 5 47 32 5 35 38 29 27 32 40 23 18 38 17 25 27 15 20 8 45 16 43 50 47 42 21 8 12 8 5 23 17 36 48 19 27 35 33 24 27 37 26 45 12 42 16 25 8 29 42 24 22 16 15 24 18 34 35 45 41 10 47 18 42 20 30 29 20 20 17 25 28 14 19 31 30 32 23 34 45 36 10 19 10 29 10 21 28 30 41 19 16 4 39 39 23 38 39 15 38 33 26 30 39 29 37 40 4 7 19 34 31 30 50 31 34 17 7 37 13 11 17 40 14 35 41 52 21 25 20 27 38 27 32 20 20 16 20 40 41 36 20 38 38 24 34 34 30 16 25 9 44 22 23 26 33 0 15 35 7 12 37 30 16 21 6 16 31 20 22 44 8 30 37 12 24 31 28 36 36 16 34 37 14 10 43 26 15 15 23 38 26 41 20 22 37 13 27 22 18 30 5 16 24 33 18 22 47 16 22 17 19 19 35 3 40 13 38 32 22 31 12 9 13 37 21 28 15 31 32 7 24 35 21 37 37 47 38 33 19 10 22 21 11 33 37 17 12 3 36 27 39 19 17 27 49 22 43 39 20 10 23 28 30 24 15 28 18 12 12 29 40 18 21 29 23 31 12 45 20 32 41 20 19 13 41 49 21 41 37 32 19 37 39 27 15 29 32 13 23 35 42 46 10 22 40 36 22 25 15 25 38 7 34 44 20 39 28 38 29 25 50 16 17 39 25 28 50 16 6 15 11 19 31 9 29 39 21 37 12 20 31 27 19 27 20 17 36 23 27 39 15 18 24 38 30 20 38 40 43 45 37 29 17 39 34 36 21 35 45 31 34 25 33 14 34 37 29 31 43 18 33 14 23 39 39 32 31 37 33 13 17 9 35 28 19 39 33 46 27 22 21 34 35 39 15 21 8 27 19 45 14 29 8 36 42 12 29 38 32 39 19 11 18 22 31 10 26 13 9 28 17 11 25 44 6 32 29 28 34 42 17 20 37 33 41 43 40 2 42 8 41 27 34 19 30 21 20 4 29 39 41 35 42 30 26 25 37 18 25 28 39 36 28 23 13 17 36 22 24 26 30 29 40 45 11 33 14 36 51 13 22 20 16 33 40 32 18 8 34 31 32 13 33 30 14 15 33 24 23 14 35 41 25 30 33 21 25 39 20 20 44 32 20 28 8 54 15 43 42 37 25 31 43 28 22 19 27 12 19 25 22 12 40 16 43 19 15 31 13 11 32 29 30
20 68 43 56 14 17 23 17 53 40 54 34 39 49 33 37 23 41 17 52 19 58 36 14 43 52 43 18 32 53 36 23 51 6 17 41 16 21 17 54 19 41 61 58 53 7 9 10 16 18 16 31 45 58 17 41 34 35 37 41 50 38 57 15 55 23 35 11 41 39 34 24 23 22 37 28 47 45 56 53 22 56 17 42 15 43 40 12 33 4 38 42 26 5 35 25 25 35 45 57 47 8 32 24 42 24 6 41 41 51 25 30 13 42 52 35 49 53 4 46 45 25 30 36 36 46 54 17 19 21 47 42 33 61 41 47 20 19 49 12 22 31 52 28 37 44 63 35 36 8 39 51 19 44 11 32 28 31 52 54 47 8 52 50 37 48 46 34 18 39 6 57 36 36 24 38 15 0 47 14 7 47 43 26 7 15 28 44 32 33 42 14 41 39 22 13 31 24 49 50 14 39 44 20 25 56 39 10 2 37 45 20 49 32 21 51 25 29 29 5 34 16 11 38 47 31 27 59 24 9 6 33 14 49 12 53 2 37 44 19 43 18 9 9 46 28 42 26 44 37 18 34 31 8 49 50 56 39 28 33 13 31 31 25 30 51 17 19 16 49 21 52 26 16 32 60 35 56 38 8 23 28 40 42 34 6 42 26 20 15 43 46 14 11 43 15 43 15 54 27 38 47 25 28 23 52 61 17 43 41 46 18 42 34 41 28 31 45 21 37 47 40 58 22 36 48 37 36 39 27 34 52 11 34 51 31 50 42 52 28 30 61 2 13 52 37 33 62 25 19 18 21 32 36 7 42 44 35 51 26 7 31 41 18 41 15 30 49 30 28 45 11 17 36 50 43 21 44 36 56 57 32 42 22 36 46 40 8 44 55 44 47 16 42 10 41 46 42 43 51 25 46 15 10 52 53 45 46 49 47 5 26 19 49 39 24 53 30 55 37 33 29 43 41 53 22 27 20 20 29 57 2 40 19 49 54 25 31 50 26 37 19 25 20 14 45 12 22 27 14 25 31 24 15 41 11 41 37 40 47 54 31 33 48 40 47 42 42 16 55 21 43 19 40 26 43 36 34 16 27 53 49 38 54 27 17 33 48 4 36 39 51 44 42 18 9 25 45 15 31 38 29 35 41 53 25 46 25 50 63 24 17 33 26 47 37 45 29 12 31 38 33 14 46 29 28 19 36 15 13 23 44 45 37 42 41 35 33 53 16 14 41 46 30 19 21 65 27 53 54 48 20 44 52 24 7 25 26 22 33 38 34 3 53 5 57 16 13 45 15 12 46 41 24
51 60 78 11 44 34 25 57 45 44 59 51 68 6 70 24 30 7 34 33 32 53 56 34 52 17 16 48 62 10 34 29 8 46 48 29 48 51 38 57 47 73 59 55 50 53 38 39 31 31 46 24 54 57 52 27 66 60 12 23 40 10 48 33 36 27 13 37 7 73 43 52 43 27 13 41 3 46 52 42 26 57 38 71 42 33 7 45 32 50 34 24 36 51 56 63 65 12 42 47 44 44 21 26 27 29 52 30 42 54 46 20 35 64 12 38 48 25 48 57 3 58 60 70 51 51 36 32 29 31 4 42 56 54 48 37 31 36 44 47 37 27 6 26 63 65 56 19 40 49 37 8 61 5 46 37 35 16 43 11 48 54 31 4 12 17 42 55 33 23 43 44 26 27 58 57 35 47 0 40 41 49 5 22 51 32 19 8 34 39 75 41 8 63 39 51 61 61 7 16 50 57 57 28 27 42 9 49 48 16 57 60 58 36 54 31 33 55 47 51 55 38 50 22 27 28 49 51 43 51 51 18 42 13 36 41 45 68 38 39 40 30 39 41 52 46 12 36 4 56 37 14 67 51 45 3 59 66 66 22 43 18 17 24 64 23 49 28 33 8 61 13 24 38 52 51 29 40 69 50 34 51 35 37 41 49 26 44 40 45 13 62 52 55 17 57 39 34 58 25 55 61 47 43 25 46 50 41 67 61 24 38 60 71 26 20 58 35 27 15 42 73 47 25 15 56 64 17 22 20 44 14 41 63 60 38 45 17 23 61 52 58 47 51 11 10 53 52 41 29 32 27 32 55 41 11 61 26 17 27 53 60 31 37 25 43 31 4 47 57 59 49 51 12 45 34 34 60 73 43 46 70 18 29 71 5 62 50 49 56 7 7 59 50 48 54 53 32 38 59 26 27 47 51 35 23 5 19 39 28 47 41 28 30 9 27 17 66 59 44 15 22 49 57 22 42 47 28 61 41 49 45 9 29 2 44 25 57 44 65 69 51 32 32 46 13 44 59 28 43 61 20 33 59 75 36 50 48 37 33 48 24 15 47 53 62 73 66 34 39 32 66 49 56 24 17 20 22 32 61 30 58 61 42 63 60 48 46 50 37 10 41 52 23 57 40 24 52 46 48 9 61 53 67 59 25 32 37 26 54 23 55 15 21 12 72 27 18 36 66 52 61 35 37 61 22 31 59 48 48 40 51 64 38 40 53 22 48 14 41 43 76 26 41 50 34 56 21 52 45 45 59 6 57 61 53 26 58 26 17 10 13 44 37 49 40 40 39 12 34 45 31 6 63
32 54 40 49 5 7 17 18 39 27 41 23 33 41 31 25 11 33 21 38 8 45 26 11 30 41 32 30 25 44 22 25 42 18 29 28 9 13 4 41 10 36 47 44 39 19 12 16 15 11 27 19 32 44 13 28 29 27 29 29 36 30 43 18 42 22 30 13 34 36 20 16 10 21 28 14 39 32 42 39 17 43 23 36 24 30 34 23 19 15 24 30 12 17 25 24 26 29 32 44 34 8 22 14 30 12 20 28 27 38 13 20 9 33 43 21 35 41 13 34 38 20 23 32 24 33 40 9 13 24 39 28 24 48 28 33 23 5 35 8 8 19 45 16 29 35 50 24 22 21 25 43 22 37 23 18 14 25 38 45 33 18 39 43 29 36 32 24 22 27 10 43 23 24 20 27 7 14 40 0 15 34 35 22 21 13 21 35 19 19 38 2 35 30 8 26 25 22 40 39 10 28 32 20 14 42 31 11 13 26 33 20 37 18 15 38 12 21 17 16 24 3 12 26 35 18 16 45 11 23 15 23 23 38 7 39 13 32 30 26 29 19 13 17 33 16 32 13 36 26 4 30 29 22 35 42 43 32 27 21 4 28 27 16 26 39 10 18 9 40 22 42 25 22 21 47 22 42 32 21 10 18 26 28 20 13 30 13 7 5 33 35 13 17 32 18 29 18 41 26 26 35 14 15 19 39 47 25 35 31 34 24 31 33 29 21 23 31 19 27 33 36 44 16 26 35 30 26 27 20 21 42 4 27 39 17 37 31 40 23 20 47 16 12 43 30 22 48 12 12 20 18 18 25 10 33 33 22 40 14 18 24 27 24 28 24 17 41 18 21 33 10 12 29 36 29 26 33 34 42 43 31 31 23 33 38 31 22 31 42 35 38 21 29 10 29 33 28 30 39 24 34 8 24 39 41 37 34 35 34 11 13 15 36 33 25 42 27 42 24 28 27 30 30 41 9 15 14 22 15 43 14 34 14 41 40 15 23 36 26 32 13 11 23 25 35 5 20 15 3 22 21 11 20 38 11 28 24 26 33 40 19 25 34 28 36 37 34 6 41 9 34 30 29 25 32 24 22 10 22 40 36 29 40 24 21 20 34 16 22 34 37 32 30 18 16 23 32 26 19 32 24 23 34 40 15 33 11 38 49 19 16 25 22 37 34 33 24 13 27 26 26 18 32 23 18 21 26 27 25 10 31 35 23 28 29 23 21 43 24 23 38 34 16 31 7 51 20 39 40 34 20 36 39 22 21 25 21 18 24 30 27 12 39 14 43 24 20 35 19 6 32 35 24
18 68 49 51 16 14 18 23 53 41 55 37 43 44 39 34 21 35 10 50 16 58 39 10 45 48 39 15 37 48 35 16 46 5 14 39 20 25 18 55 22 46 61 58 53 13 5 3 11 14 12 27 46 59 22 38 39 39 32 38 49 33 57 9 53 16 30 5 36 44 35 28 25 16 33 28 42 46 56 52 17 57 11 47 10 42 35 8 32 10 37 39 25 11 38 31 32 30 45 57 47 11 29 20 40 21 12 39 41 52 27 26 9 45 48 34 49 50 10 48 40 30 35 41 39 48 52 14 15 15 41 42 37 61 42 45 14 18 49 16 22 29 47 25 41 48 63 31 36 9 38 46 26 39 8 32 28 25 51 49 47 15 50 45 33 44 46 37 12 36 7 56 34 34 29 41 12 7 41 15 0 48 37 20 11 10 24 39 31 33 47 15 35 43 23 13 36 29 44 46 18 42 46 14 21 55 34 15 9 33 47 26 51 32 26 49 24 33 31 12 37 15 16 35 45 29 30 59 25 11 12 29 9 44 10 52 6 42 44 14 42 12 4 2 47 30 38 26 39 40 17 28 36 10 49 44 57 44 34 29 15 25 26 21 36 47 21 13 12 44 27 48 20 10 35 60 33 55 43 9 22 31 39 41 34 12 40 27 21 17 38 49 19 17 39 21 43 8 55 20 40 49 28 29 17 52 60 12 47 44 43 12 45 40 39 23 35 44 15 33 47 45 58 18 31 50 42 32 36 23 35 48 12 39 53 31 50 38 48 33 33 61 7 18 48 32 36 62 26 15 12 15 30 39 5 38 47 33 47 23 13 36 39 12 38 10 29 44 32 33 48 16 22 30 49 41 15 47 42 55 56 38 39 15 41 41 44 10 45 56 39 42 22 43 15 43 47 40 43 53 18 44 19 12 51 49 40 42 48 44 10 27 14 47 33 17 49 35 57 38 27 23 44 44 49 24 29 16 26 30 57 5 34 14 43 54 22 35 50 32 42 24 23 14 10 40 14 27 24 16 30 27 23 22 46 7 42 39 40 45 54 28 28 48 42 50 47 46 14 53 19 47 16 43 20 40 32 30 12 32 50 51 41 53 32 23 34 48 10 36 33 50 46 39 23 3 19 47 11 33 33 34 37 46 55 21 44 25 47 63 19 22 29 21 43 42 43 24 6 36 40 38 8 45 34 24 13 39 13 11 24 46 48 37 42 43 31 35 49 11 9 47 44 30 17 20 65 22 54 53 48 25 39 53 29 13 18 31 16 28 33 29 6 51 11 55 10 7 41 9 15 44 36 30
65 22 44 53 34 35 41 41 11 8 11 17 32 46 42 27 30 45 51 22 34 12 20 41 8 37 34 63 30 46 17 53 46 51 62 21 33 31 31 9 30 39 14 11 7 51 45 48 44 38 60 30 8 11 36 23 35 25 40 27 13 43 14 48 23 49 48 45 44 41 14 28 25 48 39 20 47 3 10 14 41 10 55 34 56 17 47 56 20 47 17 26 24 49 20 40 43 45 8 15 7 40 32 35 23 31 52 20 9 5 24 35 41 24 44 15 4 31 45 11 47 34 30 39 15 3 20 36 39 54 46 8 23 15 7 14 51 30 8 37 27 26 50 30 27 23 17 33 13 54 14 47 44 45 56 17 22 44 12 47 1 48 24 50 40 35 9 21 51 27 43 16 24 23 35 19 37 47 49 34 48 0 45 45 54 42 39 42 19 16 40 34 50 24 26 59 31 38 45 37 36 17 13 48 32 17 43 40 46 35 12 41 10 18 32 23 26 26 20 47 20 33 40 28 25 25 22 14 24 56 46 36 55 39 39 15 46 35 12 58 10 47 45 50 5 20 38 23 46 19 31 49 40 55 7 50 11 28 41 30 35 50 47 36 36 31 34 46 38 44 42 43 51 54 19 16 22 19 35 54 27 23 15 13 14 44 24 22 27 33 37 17 39 45 33 43 11 49 9 52 17 15 23 20 44 9 17 57 26 20 27 56 19 43 24 41 27 16 46 36 9 39 16 40 36 8 28 34 28 40 13 41 37 31 12 18 9 33 32 34 22 14 49 39 45 43 20 17 22 39 50 44 21 17 44 39 17 25 37 31 49 30 19 55 25 57 23 48 18 29 14 39 34 44 8 16 56 16 43 16 15 42 32 51 40 45 22 55 4 9 43 44 46 8 39 13 6 18 12 10 50 25 34 57 20 32 44 32 14 24 43 22 43 23 47 52 39 39 11 10 47 51 6 16 33 25 22 39 43 19 12 47 49 42 50 13 33 26 9 42 37 32 27 53 58 38 36 39 29 34 37 34 27 46 41 43 9 11 12 19 10 29 40 3 13 17 38 26 36 19 31 26 64 15 50 33 30 30 39 35 26 11 23 15 38 45 17 5 48 14 50 13 7 27 40 49 48 6 59 18 45 34 18 29 11 35 18 24 27 17 42 39 39 45 39 41 24 44 44 38 13 29 49 14 33 34 50 24 60 59 25 6 22 13 9 11 30 16 42 57 56 42 26 18 64 29 19 41 6 12 6 40 44 9 39 53 52 33 44 37 42 43 45 19 45 20 56 52 39 49 36 19 47 41
48 57 73 14 39 29 20 52 41 40 55 47 63 7 65 19 25 2 30 30 27 49 51 29 47 16 12 46 57 12 30 27 10 42 45 25 43 46 33 53 42 68 55 51 46 49 34 35 27 26 43 19 49 53 48 23 61 55 7 18 36 5 44 30 33 24 10 33 2 69 39 47 38 23 8 36 5 42 48 38 21 52 35 66 39 28 4 42 27 45 29 20 31 47 51 58 60 8 38 43 40 40 16 21 23 24 48 26 37 50 41 15 31 59 12 33 44 23 44 52 3 54 55 65 47 46 33 27 24 29 5 38 51 50 43 33 28 31 40 42 32 22 10 21 58 60 52 14 35 45 32 9 56 2 43 32 30 13 39 13 44 49 28 9 7 14 38 50 30 19 38 41 21 22 54 52 30 43 5 35 37 45 0 19 48 28 15 4 29 34 70 36 7 58 34 48 56 56 8 14 45 52 52 25 22 39 4 44 43 11 53 55 54 31 49 28 28 50 42 47 50 33 46 18 23 23 44 47 38 47 46 13 38 12 31 37 41 63 34 36 36 27 35 37 47 41 8 31 2 51 32 12 62 47 40 8 55 61 61 17 39 16 14 19 59 20 45 25 28 8 56 13 22 35 47 48 25 37 64 46 29 46 31 33 36 45 22 39 35 40 9 57 47 50 13 52 35 31 54 22 50 56 42 38 21 43 47 38 62 56 20 35 55 66 21 15 53 31 24 10 37 68 44 21 10 51 59 12 18 16 39 14 36 58 55 33 41 13 21 56 47 54 43 46 12 6 48 49 36 25 28 23 27 50 37 7 56 21 15 22 49 55 27 34 20 40 26 7 42 52 54 44 46 8 41 30 31 55 68 40 42 65 14 26 66 4 57 46 44 52 3 6 55 45 44 50 49 28 34 54 23 23 43 48 32 21 4 15 35 24 42 36 24 26 6 25 16 61 55 39 12 19 45 52 20 37 42 23 57 36 45 41 8 25 7 40 20 52 40 60 64 47 27 29 42 9 39 55 23 38 56 15 28 54 70 32 45 43 33 29 44 19 11 43 49 57 68 61 30 36 27 61 47 51 21 14 15 17 28 56 27 54 56 38 58 55 43 42 46 33 8 37 48 19 52 36 21 48 43 43 6 56 48 62 55 20 29 32 23 51 19 51 10 18 10 67 23 15 32 61 47 56 32 33 56 18 27 54 45 45 35 47 60 34 36 48 17 43 14 38 39 71 22 36 47 29 53 16 47 41 41 54 3 53 57 49 24 54 22 12 5 9 40 34 45 37 37 36 9 31 40 28 3 58
30 63 62 32 26 16 6 38 46 39 55 41 54 26 53 23 16 17 13 39 15 53 45 13 45 31 23 28 47 29 29 10 27 25 27 29 31 35 22 54 31 58 58 54 48 32 17 17 10 12 25 17 47 55 34 28 50 47 14 25 41 15 50 12 42 6 10 15 17 57 35 37 29 6 15 30 23 43 51 44 6 55 17 57 21 33 16 24 26 29 30 27 24 30 44 45 47 11 40 50 42 25 16 12 29 16 31 30 37 50 32 12 15 52 30 31 45 35 28 50 21 42 45 54 42 46 42 13 9 12 23 38 43 56 41 37 10 20 43 28 23 20 28 16 49 54 58 17 33 27 33 28 42 21 25 29 25 6 44 30 44 33 38 26 15 28 40 43 12 24 22 48 24 24 41 46 16 26 22 22 20 45 19 0 30 11 8 21 26 31 59 23 16 51 25 30 46 43 25 29 31 47 49 6 14 46 16 29 27 17 50 41 52 28 37 37 22 41 35 30 43 20 31 22 32 21 35 52 29 29 30 13 21 27 16 44 24 53 37 19 37 9 17 19 46 34 20 25 20 45 20 9 50 29 43 25 56 52 48 18 25 6 6 10 48 33 32 7 14 26 42 30 6 17 40 53 25 45 54 28 21 37 33 35 33 29 28 31 25 27 22 53 33 35 23 37 37 13 54 7 45 53 33 32 3 47 53 20 55 50 30 17 50 54 27 6 44 35 6 17 41 57 50 7 15 50 50 16 23 7 36 30 22 49 54 29 44 22 34 44 39 57 26 32 30 13 41 55 29 10 11 5 25 44 20 20 52 23 30 15 32 45 30 16 27 22 23 25 36 42 51 30 33 11 44 33 14 51 56 46 49 52 24 8 54 23 50 28 44 53 21 24 39 43 29 46 47 32 36 53 6 32 30 30 40 34 21 27 40 32 26 29 8 35 14 8 32 49 55 37 8 6 43 48 34 28 34 9 42 30 50 24 15 8 24 46 13 43 43 47 54 34 20 11 25 24 25 41 17 25 43 13 20 39 59 15 43 40 34 35 48 17 10 44 45 53 58 54 16 44 18 54 29 47 5 25 19 18 13 44 38 52 48 45 45 40 38 44 29 32 14 42 46 26 38 18 3 46 25 37 14 45 42 54 55 11 35 25 34 57 4 37 12 1 25 56 31 4 14 49 43 47 14 37 45 12 10 47 27 26 27 45 54 33 37 45 19 38 31 20 22 60 31 31 29 20 59 5 50 46 43 40 20 53 44 32 8 42 5 13 15 11 23 42 29 45 19 18 23 13 26 34 17 45
16 75 46 61 20 23 28 20 60 47 60 40 43 54 35 43 29 46 19 58 25 65 42 19 49 58 49 15 36 58 43 25 56 6 14 48 22 26 24 61 25 44 67 65 59 5 15 13 21 24 13 37 51 64 22 47 37 40 42 47 56 43 64 19 62 26 40 16 46 42 40 30 30 26 43 34 52 52 63 60 27 63 17 45 14 50 45 10 39 8 44 48 32 6 40 28 28 40 52 64 54 14 39 30 49 30 3 48 47 57 31 35 19 47 58 41 55 59 10 52 50 29 35 39 42 53 60 24 25 23 52 49 39 68 47 53 23 26 56 18 29 38 57 34 41 49 70 41 42 4 46 56 21 50 9 39 35 36 59 59 53 10 59 55 43 54 53 40 21 45 12 64 43 43 27 43 21 7 51 21 11 54 48 30 0 21 34 49 39 40 45 21 45 44 29 8 35 27 54 55 19 45 50 24 31 63 44 15 8 42 51 23 55 39 26 58 32 34 35 8 40 22 15 44 54 38 33 65 30 3 9 39 13 55 19 60 9 40 51 19 49 22 14 11 52 34 48 33 49 42 25 38 34 2 55 54 62 44 31 39 20 35 36 30 34 57 22 24 22 54 24 58 29 17 38 67 42 63 41 3 30 34 47 49 41 11 49 32 27 21 49 51 18 14 49 18 50 18 60 30 44 52 32 35 27 59 67 16 48 46 52 18 47 37 48 33 36 52 25 43 54 43 65 28 42 54 42 41 45 33 41 58 17 38 57 38 57 48 58 32 36 67 6 17 58 42 39 68 32 24 21 25 38 42 13 48 50 42 57 32 8 36 47 19 48 14 37 54 37 33 51 16 22 41 56 49 22 50 39 62 64 35 49 25 39 51 45 4 51 61 49 52 18 48 15 47 52 49 50 57 28 53 21 5 59 59 50 52 56 53 11 33 24 56 44 27 58 33 61 44 37 32 49 47 59 29 33 26 22 35 63 8 44 24 53 61 32 36 57 28 40 25 31 23 11 51 18 25 33 20 28 37 31 17 44 16 47 44 47 54 60 37 38 54 46 53 45 47 22 61 28 48 14 46 30 50 42 40 22 30 59 55 43 61 30 19 39 54 6 43 43 58 51 48 21 12 29 51 12 37 43 33 40 46 59 31 53 31 57 70 29 20 39 31 53 40 52 34 17 34 44 38 17 52 33 34 22 41 12 10 30 51 50 44 49 47 41 39 59 15 13 43 53 36 15 27 72 32 60 61 55 23 49 58 27 4 27 30 26 39 43 39 10 60 9 63 16 14 51 18 18 52 46 27
25 62 52 42 16 8 8 28 45 35 51 34 45 34 43 25 13 26 9 41 9 52 38 3 40 38 29 23 38 38 27 12 36 15 22 30 21 25 14 50 22 48 55 52 46 22 7 9 2 5 19 18 42 53 24 29 41 39 22 28 41 23 49 6 44 10 21 5 26 48 30 28 22 9 23 24 32 40 50 44 7 52 13 48 15 33 26 17 24 18 29 30 19 20 37 35 36 20 38 49 40 14 19 10 31 13 21 31 34 47 25 16 4 45 38 28 43 40 17 44 30 32 35 44 35 42 43 6 5 13 32 36 36 54 37 37 11 13 42 18 16 20 37 16 41 47 57 21 30 19 31 36 31 30 17 25 21 16 44 39 41 22 41 36 23 34 39 36 10 26 11 48 25 25 31 39 6 15 32 13 10 42 28 11 21 0 14 29 24 27 50 14 26 43 18 22 37 33 34 36 21 40 43 8 12 47 24 19 16 23 44 30 47 25 27 40 17 33 28 20 36 11 20 25 35 20 28 51 22 21 19 19 15 34 6 44 13 44 36 16 35 6 8 11 42 27 28 20 29 38 13 20 40 20 42 35 52 44 38 20 15 17 17 11 38 38 22 6 5 34 32 38 13 13 33 53 25 46 44 19 15 29 32 34 29 18 30 24 18 17 28 46 23 24 29 27 35 7 50 14 38 46 26 25 8 45 53 16 47 43 33 14 43 44 30 13 35 35 7 23 39 48 50 8 21 45 42 22 26 13 31 38 12 40 49 25 43 28 39 35 31 55 16 21 38 23 34 54 22 5 9 6 22 37 9 28 45 24 37 14 22 36 30 14 29 16 21 34 29 33 44 19 23 21 42 33 14 44 46 47 49 42 29 11 44 32 42 20 40 50 29 32 29 38 18 40 43 32 35 49 12 35 20 22 42 40 30 32 40 35 15 22 4 38 24 13 39 39 51 33 19 16 39 41 39 21 27 6 32 25 49 14 25 4 34 46 13 35 42 37 44 25 15 12 18 30 15 31 15 15 33 17 16 28 49 5 38 34 32 37 47 18 18 42 39 47 49 46 8 45 12 47 24 40 13 30 22 21 4 34 41 47 41 45 35 29 31 41 19 29 24 42 41 29 28 10 11 42 19 30 23 36 35 46 50 11 36 19 38 56 9 26 19 12 33 46 34 14 4 39 37 38 8 37 35 14 9 39 21 20 20 41 47 30 35 39 22 31 39 15 16 50 34 25 24 13 58 12 47 46 41 30 29 48 33 22 13 32 7 18 23 19 13 43 18 47 15 11 31 8 16 35 26 34
36 56 60 29 25 15 6 38 39 33 49 36 51 21 52 15 13 13 19 32 13 47 41 15 40 25 16 34 44 25 23 17 23 29 33 22 29 33 20 48 29 56 51 48 42 35 20 21 13 12 31 10 42 49 34 20 48 44 9 18 34 10 43 17 35 13 10 19 13 56 30 35 26 12 9 25 19 36 45 37 7 48 23 54 26 26 13 29 20 31 24 20 20 33 40 44 47 8 33 43 36 26 9 8 22 11 34 23 31 44 29 5 16 49 25 26 39 29 30 45 17 40 42 52 37 40 34 13 10 19 19 32 40 49 36 31 17 18 36 28 19 14 25 10 46 50 51 10 28 32 26 23 42 17 30 23 20 6 37 26 38 35 31 23 10 21 34 39 18 17 24 41 17 17 40 42 16 28 19 21 24 39 15 8 34 14 0 16 21 25 57 22 15 47 22 35 44 42 21 23 31 42 44 13 9 39 11 30 29 10 45 41 47 23 35 30 17 39 31 32 39 19 32 15 25 15 32 46 26 34 32 6 26 22 17 37 26 51 30 25 31 14 21 23 41 30 15 20 16 41 18 11 49 34 37 22 50 49 47 11 25 11 8 5 46 26 31 12 14 21 42 25 13 23 36 47 19 38 52 33 17 34 26 28 27 30 21 27 22 26 16 48 33 36 17 38 30 18 48 14 40 48 30 27 8 40 46 26 51 46 23 23 45 53 20 2 41 28 11 10 34 55 43 7 9 45 48 9 16 1 31 25 22 46 49 24 38 16 27 43 36 51 29 32 25 10 37 48 25 10 17 10 19 40 22 14 47 16 24 10 34 43 23 22 20 27 18 21 32 40 46 30 32 8 37 26 21 46 55 39 42 51 17 15 53 19 46 33 38 47 16 19 40 38 29 41 42 25 30 48 13 25 29 34 33 28 17 20 33 25 28 25 10 28 13 15 26 47 49 32 9 13 38 43 27 25 31 9 43 26 43 27 14 11 21 39 8 40 37 46 52 33 15 18 30 18 25 41 12 24 42 6 16 40 57 18 37 35 28 28 41 11 5 38 40 49 56 50 15 37 14 51 35 42 12 18 12 11 13 43 30 47 45 38 44 41 33 37 32 26 14 35 41 19 38 22 10 41 30 33 11 44 38 51 49 6 28 20 27 50 6 37 5 7 20 54 24 6 18 48 38 44 19 30 43 5 16 43 32 32 23 40 50 27 31 40 12 33 25 26 27 58 24 26 35 17 52 3 44 39 37 40 16 47 43 35 15 40 9 6 10 7 25 35 31 38 25 23 18 18 26 27 14 44
50 54 72 14 39 29 22 52 38 37 52 45 62 6 64 17 25 5 33 26 27 46 50 30 45 13 8 48 56 10 27 29 8 44 47 22 43 46 33 50 42 67 52 48 43 50 35 37 29 27 45 17 47 49 47 20 60 54 8 16 33 7 41 31 29 26 13 34 4 68 37 46 37 26 7 35 6 39 45 35 23 50 37 65 41 26 8 44 26 46 27 17 30 48 50 58 60 11 35 40 37 40 15 22 20 24 50 23 35 47 40 15 32 57 10 31 41 19 45 50 5 53 54 64 45 43 30 27 25 31 5 35 50 47 41 29 30 31 37 43 31 20 10 20 56 58 49 13 33 47 30 8 56 3 44 31 28 15 36 11 41 50 25 9 7 11 35 49 32 16 39 37 19 20 53 50 31 44 8 35 39 42 4 21 49 29 16 0 27 32 69 36 10 56 33 49 55 55 6 10 45 50 50 27 22 35 6 45 44 10 50 55 51 29 48 25 27 49 40 48 48 33 46 15 20 21 42 44 37 49 47 12 41 8 32 34 42 62 31 38 33 29 36 39 45 40 5 30 5 49 32 15 61 49 38 9 52 59 60 16 39 19 16 20 58 17 44 26 29 6 56 10 25 37 45 44 22 34 63 48 28 45 28 30 34 45 19 37 35 40 5 55 48 51 9 52 32 32 51 25 48 54 41 37 22 40 43 40 60 54 17 37 53 66 19 17 52 28 26 9 35 67 40 22 9 49 58 10 15 17 38 10 37 57 53 31 37 10 17 55 46 51 44 46 9 8 47 45 35 25 31 25 25 48 38 4 54 19 12 21 50 54 24 36 18 42 25 7 41 51 52 44 46 10 38 27 33 53 67 36 39 64 10 28 65 4 55 48 42 49 1 4 55 43 44 48 46 25 31 52 25 20 42 50 28 18 3 12 32 21 43 35 26 23 10 27 13 60 52 37 14 22 42 51 17 37 41 24 57 35 42 42 11 26 8 37 20 51 36 60 63 46 26 31 45 6 39 54 22 38 55 15 27 55 69 33 43 41 30 26 41 18 12 40 47 55 67 59 30 33 27 60 49 49 23 11 14 15 29 55 23 51 54 35 57 56 42 39 47 31 12 34 45 16 52 38 23 45 45 42 9 56 46 61 52 20 26 31 20 47 21 51 11 20 6 66 20 17 33 60 45 55 33 30 55 17 30 53 47 47 34 44 58 32 33 46 15 41 11 40 42 70 19 34 49 29 50 18 45 38 38 54 2 50 56 51 26 53 24 12 6 11 41 30 46 33 39 38 5 33 40 25 7 58
48 38 47 40 21 18 22 33 22 13 29 19 36 32 40 11 12 28 33 21 16 28 24 23 20 27 20 46 30 34 4 34 33 35 44 11 23 23 15 28 20 42 32 29 23 37 28 31 25 20 42 12 22 30 27 11 35 27 23 14 18 25 26 30 24 30 30 27 27 43 10 22 14 29 22 9 32 17 26 22 22 29 37 39 39 12 30 39 2 33 6 14 8 35 23 35 38 27 15 26 17 26 14 16 13 12 38 11 11 24 16 16 23 31 32 5 20 25 31 25 31 30 29 39 18 20 22 18 21 35 31 13 24 31 15 15 33 14 18 25 11 8 37 11 30 32 33 15 7 39 8 33 36 30 39 4 5 26 20 34 19 35 21 35 23 23 15 23 33 13 27 25 9 8 30 24 20 32 34 19 31 19 29 26 39 24 21 27 0 6 43 19 32 30 12 43 30 33 31 26 25 24 24 29 13 24 26 28 32 18 25 34 26 3 25 20 8 24 15 34 22 17 29 13 18 7 17 28 13 40 33 18 38 27 22 21 30 37 13 40 12 29 28 33 21 14 23 7 30 23 15 30 38 40 18 35 30 33 37 12 21 31 29 17 34 23 24 27 20 30 35 31 32 36 19 29 5 24 37 39 10 19 9 10 8 30 13 13 14 21 23 29 28 34 20 34 12 30 28 33 22 28 16 11 25 22 30 39 34 28 18 38 27 42 13 22 26 13 27 19 16 42 27 21 19 25 32 18 13 21 11 30 22 32 29 5 20 19 24 31 20 32 34 28 32 26 20 31 11 20 32 25 2 22 27 24 28 8 26 12 36 29 9 37 13 39 4 33 15 27 26 27 25 26 19 11 37 27 43 24 25 41 19 32 40 31 29 39 18 27 28 29 37 18 27 21 22 11 12 28 32 17 22 42 21 25 29 20 17 17 29 10 24 19 30 33 29 36 29 12 28 32 18 24 26 14 16 20 36 9 26 32 32 23 34 23 14 25 19 37 38 24 9 34 41 24 22 33 10 20 32 16 9 36 44 25 18 15 9 16 23 11 22 18 20 29 42 33 18 23 13 33 47 23 31 20 14 12 21 31 23 27 28 22 34 37 15 18 34 6 32 19 20 15 32 32 29 21 42 15 28 31 20 35 29 16 15 9 21 32 23 31 21 26 26 42 16 26 27 36 19 30 31 14 31 16 31 27 43 42 12 20 31 7 11 20 13 15 31 39 39 45 17 8 47 12 34 22 24 23 18 33 29 27 34 39 33 29 25 19 25 25 30 21 32 25 38 34 25 31 23 15 30 36
50 36 42 45 20 20 26 31 21 9 25 13 31 37 36 16 15 33 36 23 19 26 18 26 15 32 25 48 26 39 6 38 38 37 47 14 21 21 16 24 18 37 29 26 20 37 30 33 29 23 44 17 17 26 25 15 31 22 29 19 18 31 25 33 26 34 35 30 33 38 5 19 12 33 27 7 38 13 24 21 26 25 40 34 41 14 35 41 7 33 8 19 8 35 18 32 35 32 13 25 15 26 19 20 17 16 38 14 8 20 13 22 25 26 37 2 17 28 31 20 37 26 24 35 13 16 23 21 24 39 37 10 19 29 11 16 36 15 17 24 12 13 42 15 25 26 31 21 3 40 7 39 33 35 41 2 7 31 20 40 15 35 24 41 28 28 14 17 36 18 28 25 14 13 27 19 22 33 39 19 33 16 34 31 40 27 25 32 6 0 38 19 38 25 11 45 26 30 37 31 24 18 19 32 18 24 31 27 32 23 20 32 22 4 23 23 10 20 10 34 17 18 28 18 22 12 13 26 11 41 32 23 40 32 24 21 31 32 13 43 10 32 30 34 16 10 28 8 35 18 16 36 34 41 16 40 26 28 34 17 21 36 33 22 30 27 22 31 23 36 33 36 36 39 14 28 10 25 33 40 12 15 10 11 2 30 18 9 13 20 28 23 27 33 25 32 11 33 24 37 17 23 13 8 29 20 28 42 29 22 22 40 22 38 17 27 22 15 31 24 15 37 26 25 25 20 27 23 18 26 6 34 23 27 24 3 18 24 28 27 16 29 34 26 37 32 15 29 9 23 35 29 8 16 29 29 23 14 31 17 35 25 13 40 18 42 9 39 10 22 21 26 23 31 17 13 40 21 39 24 25 37 24 36 36 36 24 40 13 24 33 35 35 13 26 16 17 13 12 23 36 21 21 43 23 29 34 25 18 20 29 8 27 21 35 37 33 32 25 7 34 37 13 19 30 12 12 24 34 5 24 33 37 26 40 22 19 21 17 34 34 21 12 38 43 29 22 30 15 20 29 21 12 35 39 28 12 10 9 18 21 16 27 15 15 24 37 28 20 24 15 28 49 18 35 25 19 18 24 28 25 22 23 22 31 35 10 15 34 4 37 19 16 20 30 34 33 16 44 10 33 27 15 30 24 21 17 9 25 30 27 29 26 31 31 37 20 31 29 32 13 25 34 15 26 20 35 22 45 44 10 15 26 5 9 15 18 10 36 41 41 40 21 4 49 14 33 27 21 22 15 31 34 22 31 39 37 25 29 24 30 30 30 23 32 26 41 37 30 34 22 17 35 33
60 57 5 82 34 44 54 25 50 38 37 26 8 74 10 54 45 68 56 59 45 50 22 47 33 70 63 59 13 76 44 61 75 47 58 52 29 25 38 41 29 2 47 48 45 40 47 49 51 48 57 52 32 46 26 53 9 17 63 57 51 65 53 53 61 59 67 48 68 4 34 23 32 58 62 34 74 41 48 53 54 44 57 6 56 51 69 53 44 39 46 57 39 40 21 18 18 65 45 54 45 37 54 50 55 47 42 52 41 39 29 55 46 17 74 40 43 66 38 30 72 18 15 6 27 38 58 46 50 60 73 41 20 53 35 51 59 40 47 33 39 49 78 49 14 18 54 56 39 48 44 75 24 71 52 40 41 62 51 77 40 36 60 77 63 66 46 22 57 55 41 56 51 51 19 22 44 42 75 38 47 40 70 59 45 50 57 69 43 38 0 36 71 16 36 52 14 19 73 69 29 24 28 57 49 56 66 33 40 59 29 23 33 41 23 60 42 20 29 37 22 39 32 55 59 48 27 52 33 48 37 58 55 69 44 54 42 7 47 60 44 55 47 49 35 29 65 39 71 22 39 67 12 47 46 76 40 12 15 53 35 65 64 52 12 65 28 55 46 73 22 73 63 56 25 54 48 58 6 47 41 25 46 46 37 36 55 32 35 33 65 25 29 32 62 28 45 53 39 63 24 27 28 32 56 48 55 58 14 20 60 58 22 9 55 57 17 51 56 60 47 2 55 53 60 34 13 59 56 57 34 72 38 12 33 39 48 61 66 15 23 49 43 30 75 66 24 55 34 49 57 55 44 24 43 66 24 51 69 49 38 15 50 58 55 56 44 75 29 18 27 32 27 65 47 49 61 25 8 55 54 11 61 59 7 72 18 48 37 43 69 71 28 33 33 28 34 50 47 35 61 58 30 49 58 67 71 63 52 58 38 34 52 58 69 62 71 12 39 36 65 65 35 24 67 33 28 51 23 34 51 43 71 52 76 53 50 18 48 17 6 25 43 59 55 66 35 21 48 35 18 55 42 29 3 46 32 32 44 54 49 51 60 42 28 25 2 15 43 57 43 15 59 25 62 62 56 54 47 16 62 32 18 54 16 27 29 44 39 42 70 52 33 57 25 49 60 34 56 28 67 14 25 12 36 51 53 38 62 55 56 26 60 60 68 6 57 61 48 12 29 14 53 50 15 53 57 17 56 54 35 35 19 41 43 30 54 29 73 57 55 4 59 35 60 41 56 57 44 51 45 22 70 37 18 42 62 18 55 58 65 63 42 57 38 59 57 53 67 54 34 54 70 19
32 55 39 50 3 8 19 17 39 27 41 22 31 42 30 26 12 35 22 39 10 45 25 12 30 42 33 30 24 45 23 26 43 18 29 29 8 12 4 41 9 35 47 44 39 19 13 16 16 12 27 20 32 44 12 29 27 25 30 30 36 32 44 18 42 23 32 14 35 34 20 15 10 22 30 14 41 32 43 40 18 43 24 34 24 30 35 23 20 14 25 31 12 17 24 22 25 30 32 44 34 7 23 15 31 13 19 29 27 37 12 22 11 32 44 21 35 42 12 33 39 19 22 31 24 33 41 10 14 26 40 29 23 48 27 33 24 7 35 7 9 20 46 17 28 34 50 25 22 21 26 44 20 38 23 18 15 27 39 46 33 17 40 44 30 38 33 23 22 28 10 43 25 24 19 26 8 14 41 2 15 34 36 23 21 14 22 36 19 19 36 0 37 30 9 26 23 20 42 40 9 28 31 21 15 43 33 10 13 28 33 19 36 19 14 39 13 20 16 15 23 4 11 27 36 20 15 45 10 23 14 25 23 40 9 39 13 30 31 27 29 20 13 17 33 15 34 13 38 25 6 31 27 22 35 44 43 31 25 22 3 29 29 18 25 40 9 19 10 41 20 44 27 23 20 47 23 43 31 21 10 17 27 29 20 12 30 13 7 4 34 34 12 16 33 17 30 19 40 28 26 35 13 15 21 39 47 26 33 30 35 25 30 31 29 22 22 32 20 28 34 35 45 18 28 35 29 27 28 22 21 43 4 26 39 17 37 32 41 22 19 47 15 10 44 32 21 48 12 14 22 19 19 25 11 34 33 24 41 16 17 23 28 25 30 25 18 42 17 20 33 9 10 30 36 30 27 32 33 42 43 30 33 24 31 40 30 22 31 42 37 39 19 28 9 28 33 29 30 38 25 35 7 24 40 42 38 35 36 35 10 13 17 37 34 26 43 26 42 24 30 29 30 29 42 9 14 15 21 15 43 14 36 16 43 41 17 22 36 25 31 12 13 25 25 36 3 19 16 2 20 22 11 19 36 12 28 24 27 34 40 20 26 34 27 35 36 32 8 42 10 34 31 28 26 33 25 23 11 21 41 36 28 41 23 20 20 34 16 23 35 38 31 31 16 17 24 32 26 18 33 22 23 33 40 17 33 11 38 49 20 15 26 24 38 33 34 25 14 26 26 25 19 32 22 19 22 26 27 25 10 31 34 23 28 28 24 20 44 25 24 37 34 16 32 9 51 22 39 40 34 18 37 39 21 20 26 19 19 25 31 29 12 40 13 44 25 20 36 20 5 33 36 22
43 63 74 17 39 29 19 52 46 44 60 50 65 13 66 23 27 6 27 36 27 54 54 28 51 22 18 42 58 17 34 23 15 40 41 30 44 48 34 58 43 70 60 56 51 47 32 32 25 25 39 21 53 58 48 28 62 57 10 24 41 7 50 27 39 20 6 30 7 70 42 49 40 20 11 39 9 47 53 44 20 58 31 68 35 34 4 38 31 44 34 25 34 45 54 58 61 7 43 49 45 39 19 22 28 25 46 31 42 55 43 17 29 62 18 37 49 29 43 56 7 55 56 66 50 51 39 27 23 25 9 43 54 56 47 38 24 32 45 42 33 25 14 23 60 63 58 18 39 42 37 14 56 8 39 36 32 10 44 18 49 48 35 12 10 21 43 53 26 24 37 47 26 27 54 55 30 41 8 35 35 50 7 16 45 26 15 10 32 38 71 37 0 61 35 44 58 56 13 20 45 55 56 21 23 45 8 44 42 15 57 55 58 34 50 34 30 52 44 45 52 33 45 23 29 26 46 53 39 44 45 15 35 18 30 43 39 65 39 31 40 24 33 34 52 43 13 33 7 54 33 8 63 44 46 11 60 63 61 21 39 12 10 20 60 27 45 22 28 14 56 19 18 31 49 53 29 43 66 44 31 48 35 38 40 44 27 41 37 40 15 60 47 49 19 52 40 28 59 17 53 60 44 41 18 48 53 34 65 59 26 31 58 67 27 15 55 36 21 14 43 70 50 20 14 56 61 16 23 15 43 20 36 60 60 36 46 18 27 57 50 59 41 46 17 7 51 55 39 24 25 21 30 53 35 13 60 26 22 23 47 57 32 30 26 36 30 11 45 54 58 44 47 7 46 35 26 58 69 45 48 66 19 22 67 10 60 43 49 57 10 12 54 49 43 53 53 33 39 59 19 29 43 45 38 28 10 22 40 30 41 38 22 32 3 21 22 62 59 43 8 14 49 56 27 39 44 23 56 39 51 39 1 23 10 46 22 54 45 61 66 47 29 25 39 16 39 55 25 38 56 18 30 54 72 31 49 47 38 34 49 22 12 48 52 61 70 64 29 42 29 64 43 55 17 20 20 21 27 57 33 58 58 44 59 55 46 47 44 37 2 42 52 24 52 33 17 52 39 46 5 58 51 65 60 20 34 34 30 57 18 51 12 15 16 68 29 12 30 62 50 58 29 38 57 19 24 57 41 41 37 51 63 38 41 52 21 46 20 34 36 72 28 39 42 31 59 15 53 47 46 54 9 58 57 47 20 55 20 14 8 9 38 40 44 43 33 32 15 27 40 33 4 58
59 42 20 69 28 36 45 26 35 23 23 12 9 62 19 40 35 57 51 44 36 35 7 41 17 56 50 57 10 63 30 55 62 44 56 38 24 19 30 26 22 15 33 32 30 40 42 45 45 40 54 40 17 31 23 39 12 5 52 43 36 54 37 48 45 52 57 43 56 18 20 16 22 51 51 22 62 25 33 38 45 29 53 10 52 36 58 50 31 37 32 43 27 39 7 21 24 54 30 38 30 33 43 40 41 36 42 37 26 24 19 44 39 3 61 26 27 51 36 14 61 17 10 16 13 22 43 38 42 54 61 26 8 38 20 35 53 31 32 28 28 36 66 38 4 5 39 44 25 46 30 63 27 59 50 26 29 52 36 64 25 36 45 65 51 52 30 8 52 42 37 40 38 38 18 7 37 39 63 30 43 24 58 51 44 43 47 56 30 25 16 30 61 0 26 51 10 20 61 55 26 8 13 50 38 41 55 30 37 47 13 25 18 28 19 45 31 11 17 37 9 32 30 42 45 35 16 37 22 47 35 46 51 56 37 38 39 12 32 56 29 49 42 45 20 18 52 28 59 8 31 57 18 46 30 64 26 5 20 41 29 56 55 42 14 51 23 48 39 60 25 60 55 52 12 39 35 42 11 46 31 14 32 31 23 34 42 20 26 27 52 10 27 32 49 29 30 48 24 56 9 12 18 20 48 33 40 54 5 4 46 54 6 20 41 48 9 36 49 48 31 16 39 44 48 18 5 47 43 47 20 59 33 9 19 26 32 48 52 15 12 34 41 27 62 55 10 40 23 41 50 47 32 9 39 53 9 38 55 38 38 10 36 54 42 53 32 63 16 12 12 29 23 54 31 35 56 10 20 39 39 20 48 53 17 60 2 47 22 28 57 59 30 18 30 12 19 36 32 20 54 44 25 48 43 52 58 49 36 43 35 23 45 44 58 55 57 17 25 21 55 56 20 9 53 23 17 42 26 22 36 40 60 44 64 37 40 9 32 22 14 20 32 53 52 53 30 22 36 29 19 43 31 31 18 41 17 17 30 39 33 39 49 27 13 11 14 4 36 42 33 4 57 10 54 49 43 41 40 16 47 17 3 39 18 30 15 28 39 27 60 36 18 44 25 45 52 19 53 15 56 14 10 5 22 41 39 27 48 40 47 25 49 51 55 18 43 51 43 16 14 8 48 35 13 42 51 4 54 52 24 19 6 27 28 14 42 15 60 53 52 19 44 22 58 31 41 47 29 36 29 24 58 22 21 42 55 15 47 47 53 52 39 42 36 44 53 49 54 49 29 39 59 23
40 47 40 47 10 11 20 22 31 19 34 17 30 39 32 20 9 33 27 32 10 37 21 16 23 36 28 38 24 41 15 30 40 26 36 22 12 14 5 34 9 35 39 37 31 26 19 23 20 15 34 16 25 37 16 22 28 23 28 24 28 30 35 24 35 27 31 20 32 35 13 14 5 26 27 6 38 24 35 32 20 35 30 33 31 23 34 30 12 22 17 24 4 25 20 26 28 29 24 36 26 15 19 14 24 11 27 21 19 30 8 19 16 28 40 13 27 35 20 27 37 20 21 32 18 25 33 13 16 30 37 20 19 40 20 25 28 6 27 14 3 14 43 13 25 30 42 21 14 29 18 40 25 35 30 10 7 26 30 42 25 24 33 42 27 32 25 19 27 22 18 35 18 18 21 22 12 22 39 8 23 26 34 25 29 18 22 33 12 11 36 9 35 26 0 34 23 23 38 35 15 23 25 25 13 35 30 17 21 24 26 24 30 11 16 32 6 17 10 23 19 8 18 21 29 13 11 37 5 30 22 22 30 35 14 32 20 30 23 33 21 24 20 24 25 9 30 5 35 21 6 32 29 30 27 41 35 28 28 18 10 30 29 17 26 33 13 23 14 38 25 39 30 29 16 39 16 35 31 29 5 13 19 21 13 19 24 6 2 10 30 29 18 23 28 23 22 24 33 31 21 29 9 8 23 31 39 32 30 26 28 31 25 33 23 22 20 24 24 25 26 35 37 19 25 28 26 23 22 21 14 38 12 25 32 9 29 27 34 22 15 39 24 16 40 30 17 40 5 15 26 21 12 19 18 30 28 17 35 13 25 22 21 31 23 32 11 39 12 19 27 16 14 29 28 22 32 27 34 34 35 32 27 28 32 37 26 30 23 34 34 36 26 21 16 22 26 22 22 31 28 28 12 32 32 35 35 30 28 28 18 5 20 29 33 30 38 28 35 16 30 31 22 24 36 4 10 17 25 8 35 22 35 19 40 33 14 19 28 28 31 14 8 29 33 32 11 22 12 9 23 19 6 26 37 17 21 17 19 27 32 15 24 26 21 30 35 29 11 34 8 30 38 23 29 28 21 19 15 23 34 29 24 33 25 26 14 26 24 15 34 30 24 25 21 24 27 25 33 13 32 23 17 30 33 16 26 3 32 41 21 20 24 25 34 34 27 26 19 27 19 23 24 25 22 17 26 22 35 33 2 24 30 15 20 22 19 14 39 31 31 37 28 8 39 6 43 22 32 32 26 23 34 31 24 28 30 20 22 23 29 27 20 32 21 36 31 27 32 25 12 26 34 26
8 80 52 61 26 26 29 27 64 52 66 47 50 55 43 46 33 46 18 62 28 70 48 22 55 59 50 8 43 59 47 23 57 8 7 51 28 33 29 66 32 51 73 70 64 13 17 14 22 26 8 39 57 70 28 50 44 47 43 50 61 44 69 18 65 25 39 17 47 49 46 36 35 25 44 39 52 57 68 64 28 68 14 52 10 54 45 7 44 14 49 51 37 13 47 35 34 40 57 69 59 20 41 32 52 33 11 51 52 63 37 37 21 53 59 46 61 62 16 58 50 36 42 46 49 58 64 26 26 21 52 54 45 73 53 57 21 30 60 24 33 41 57 37 48 56 75 42 47 5 50 57 29 50 5 43 39 36 63 60 58 17 62 55 44 55 58 46 19 48 17 68 46 46 34 50 24 13 51 26 13 59 48 30 8 22 35 49 43 45 52 26 44 51 34 0 42 34 55 57 26 52 56 24 33 67 45 22 14 44 57 30 61 44 33 61 36 41 41 15 47 27 22 47 57 41 39 70 36 5 16 40 10 56 22 64 14 47 55 15 54 22 16 12 58 40 49 38 49 49 29 37 41 6 60 54 68 51 38 41 25 33 35 32 41 59 29 23 24 55 31 59 27 14 45 72 45 67 48 6 34 40 51 53 46 18 52 38 32 27 50 58 25 21 50 25 54 17 66 28 50 59 38 40 27 64 72 12 55 53 55 15 54 43 51 34 43 56 25 44 59 50 70 29 43 60 49 43 48 34 46 59 22 45 64 43 62 49 60 39 42 73 11 24 58 43 45 73 37 26 20 26 42 49 16 49 56 45 58 35 15 43 51 16 50 9 41 54 43 40 57 23 29 41 61 53 19 56 45 67 68 41 51 23 46 52 52 5 56 67 50 53 24 54 22 53 58 52 55 63 26 56 27 3 63 61 51 54 60 56 17 38 25 59 43 25 60 40 67 49 37 31 55 53 61 34 39 27 30 41 68 13 43 25 53 65 34 43 61 36 47 31 35 20 6 52 24 32 36 26 35 38 35 23 51 19 53 49 52 57 65 40 39 59 52 59 52 54 26 65 31 55 8 53 28 51 44 42 24 37 62 61 50 65 37 25 45 59 13 48 42 62 57 51 28 13 28 57 7 43 43 40 47 53 65 33 56 36 59 75 30 27 40 31 54 47 55 34 18 41 50 45 16 57 40 35 21 48 5 4 35 56 56 48 53 53 43 45 60 12 9 51 56 42 9 32 77 33 65 65 60 30 50 64 34 10 25 37 27 40 43 40 15 64 16 67 13 13 52 18 24 56 46 34
50 50 17 68 21 31 41 17 41 27 32 15 9 61 12 40 32 55 44 47 31 42 12 34 24 57 49 49 1 63 31 48 61 36 47 39 17 12 25 34 15 13 41 40 37 31 35 38 39 35 46 38 24 39 15 40 5 7 50 44 40 52 43 41 49 46 53 36 55 13 22 9 18 45 49 21 60 31 40 43 40 37 46 12 45 39 56 42 31 28 33 44 25 30 11 11 14 51 34 45 35 25 41 36 42 33 32 39 29 31 15 41 33 13 61 27 33 53 27 23 59 7 2 10 17 29 47 33 37 48 59 30 8 45 25 39 46 26 37 20 25 35 65 35 7 15 46 43 26 38 32 62 17 57 41 27 27 48 41 64 30 26 49 64 50 53 35 10 45 42 29 46 38 38 9 13 31 31 61 25 36 31 56 46 35 37 44 55 30 26 14 23 58 10 23 42 0 10 60 55 18 15 20 44 35 46 53 22 29 46 22 15 26 28 10 48 28 6 16 28 11 26 21 42 47 34 13 44 19 38 26 44 44 56 31 43 31 8 36 48 33 42 35 38 27 16 51 26 57 13 26 53 9 37 36 63 34 9 11 39 22 52 51 39 5 52 16 42 33 59 15 60 50 45 13 46 35 47 9 37 28 11 34 34 25 25 43 18 22 20 51 19 18 22 49 19 34 41 32 50 15 21 15 19 43 39 47 47 13 14 47 47 15 13 42 44 5 39 43 47 36 13 46 40 47 26 7 45 43 43 22 59 26 3 28 26 38 48 53 5 10 42 32 19 61 52 12 47 20 36 44 42 31 14 32 52 18 38 56 35 28 1 38 47 42 45 31 61 16 4 20 21 14 51 37 37 49 18 13 45 45 13 48 47 11 59 12 38 27 35 56 58 20 23 22 19 26 38 35 28 48 46 18 39 46 54 57 50 41 45 27 21 39 46 55 49 58 9 33 24 51 51 25 16 55 19 15 37 16 21 43 32 57 38 62 43 37 6 38 13 9 13 30 47 44 53 23 12 34 22 9 41 28 21 15 34 22 21 32 42 39 37 47 33 19 21 13 12 30 46 30 14 49 17 49 49 42 40 34 6 50 25 10 44 9 20 16 34 30 29 57 41 25 44 15 37 47 26 45 16 54 4 14 11 31 38 41 25 50 47 42 16 46 46 55 12 45 47 36 7 18 3 41 38 3 39 44 8 45 43 21 26 16 29 32 21 41 17 60 46 44 15 46 22 50 27 48 43 36 42 35 14 56 30 11 33 49 6 42 45 51 50 31 46 27 48 46 41 54 42 22 42 56 13
42 59 20 69 18 28 38 8 48 34 41 22 17 61 10 43 31 54 38 52 29 50 21 31 32 59 51 41 11 64 35 44 62 29 40 43 13 10 23 43 14 17 50 49 44 22 29 32 34 32 38 39 32 47 9 44 11 17 49 46 47 51 51 36 55 42 52 31 54 16 28 12 20 41 49 24 60 38 48 50 38 45 39 19 38 43 55 35 34 20 37 47 27 22 19 3 6 50 41 52 42 20 42 35 46 33 24 43 35 40 18 41 29 22 62 32 41 57 20 32 59 5 10 13 24 37 53 30 34 43 60 37 17 53 32 45 41 25 44 15 25 37 65 36 17 25 55 44 32 30 37 63 7 57 33 30 30 47 48 65 38 18 53 64 50 55 42 19 40 44 24 53 41 40 3 22 28 24 61 22 29 38 56 43 27 33 42 55 33 30 19 20 56 20 23 34 10 0 61 58 12 24 30 40 35 53 52 15 22 47 31 5 35 32 8 52 29 13 21 20 20 24 14 44 50 36 18 51 21 30 18 44 37 58 27 49 24 14 42 42 39 38 29 31 35 21 52 28 57 22 25 51 8 29 43 63 43 19 5 40 18 49 48 37 8 56 12 38 30 60 5 62 46 38 20 53 38 54 15 29 28 17 39 40 30 18 46 21 22 17 53 29 11 14 51 10 40 36 41 47 23 31 18 23 40 46 54 40 23 23 50 40 25 12 45 42 13 44 39 47 43 17 53 38 47 35 17 46 45 42 27 61 22 13 37 29 45 50 57 6 17 50 25 12 63 51 19 55 23 33 39 38 34 22 26 53 28 40 58 35 20 11 42 41 45 38 33 62 21 10 30 14 10 50 44 42 43 28 13 52 52 10 50 42 13 59 22 30 35 44 56 59 11 31 15 27 34 42 41 38 44 50 14 31 52 58 58 52 47 49 20 24 36 51 54 44 60 7 43 31 50 48 33 26 58 20 19 35 6 25 50 25 56 35 62 50 36 14 45 5 14 10 30 42 36 54 19 2 34 19 2 41 29 12 18 29 30 28 38 47 47 38 46 40 27 30 19 22 28 53 29 23 41 26 45 51 44 41 31 5 55 34 20 51 3 10 23 41 22 34 55 47 33 47 6 31 44 34 37 22 53 7 21 20 40 37 46 26 54 55 40 8 46 44 57 14 49 45 31 7 26 13 35 44 8 39 39 18 38 36 22 34 26 34 38 29 42 24 62 39 37 18 50 26 42 27 57 42 44 49 42 5 57 39 1 24 45 6 39 45 51 49 24 52 20 55 39 35 55 37 17 46 56 3
55 55 77 9 44 35 27 58 40 41 55 49 66 1 69 21 30 10 38 28 33 48 54 36 48 11 12 53 61 4 31 34 2 49 52 25 48 51 38 52 47 72 54 50 45 55 40 42 34 32 50 23 50 52 53 23 65 58 13 19 35 12 43 37 30 31 17 39 8 73 41 51 42 31 13 39 5 42 47 36 28 52 42 69 46 28 11 49 30 52 30 19 35 53 54 63 65 16 38 42 39 46 20 27 22 29 55 26 38 50 45 21 37 62 5 35 43 19 50 54 6 58 58 69 49 47 31 33 31 36 4 39 55 49 44 32 35 36 39 48 36 25 6 25 61 62 51 18 37 52 33 3 61 6 50 35 33 19 38 5 44 56 26 5 12 11 37 53 37 20 44 39 23 24 58 55 36 49 7 40 44 45 8 25 54 34 21 6 31 37 73 42 13 61 38 55 60 61 0 10 50 54 54 31 27 37 11 50 50 15 54 60 55 34 53 26 32 54 45 53 53 38 51 19 22 26 47 46 42 54 52 17 46 8 37 35 47 67 33 43 36 34 41 44 48 44 9 34 7 54 37 19 67 54 40 6 54 64 65 21 44 23 21 25 64 17 50 32 34 1 62 6 29 42 50 46 27 35 68 53 33 49 32 33 38 51 21 42 40 45 9 59 53 56 13 58 35 38 54 29 53 58 46 42 28 42 45 45 65 58 19 42 57 71 22 22 56 30 31 14 37 72 42 27 14 52 62 15 19 22 42 8 42 62 56 35 40 13 17 60 51 53 50 51 5 12 51 47 40 31 36 30 30 52 43 8 58 24 11 27 55 59 27 41 21 47 30 4 45 56 56 50 51 14 40 30 38 57 72 38 41 70 13 33 70 4 60 53 45 51 6 3 60 47 49 51 50 28 34 55 30 22 48 55 30 17 4 14 34 23 48 39 31 24 13 32 11 65 55 41 19 26 46 55 16 42 46 30 62 40 43 48 14 31 6 38 26 56 39 65 68 51 31 36 50 8 44 60 27 43 60 20 33 60 74 39 47 45 34 28 43 23 17 43 51 59 72 64 35 34 32 64 54 53 28 13 18 20 34 60 24 55 59 37 63 61 46 41 52 34 15 36 49 19 57 43 28 49 50 46 13 61 51 65 55 26 28 36 21 49 26 56 16 24 7 71 22 21 38 65 49 60 39 32 60 23 35 58 52 51 39 48 62 35 37 50 20 46 8 45 47 75 21 39 54 34 51 23 47 40 40 59 5 53 62 56 31 58 29 17 12 16 46 32 51 34 44 43 7 38 46 27 10 63
58 46 72 16 43 34 29 56 31 34 47 44 61 11 66 16 28 15 41 18 32 39 49 36 41 3 8 56 56 10 25 38 9 51 55 18 46 48 36 44 44 67 45 41 36 56 42 44 36 33 53 20 43 43 50 16 60 53 16 13 26 16 34 39 21 34 23 41 14 68 35 48 39 34 14 35 13 35 38 28 30 43 45 64 49 21 17 51 25 52 24 13 31 54 49 60 63 20 30 32 31 45 18 27 15 27 56 19 31 42 41 20 38 56 7 29 35 10 50 47 14 55 54 65 43 39 22 33 32 40 13 31 49 39 37 24 38 34 31 46 33 22 14 23 56 56 42 16 31 54 26 10 59 13 52 30 29 23 29 10 36 55 17 15 14 3 29 48 40 14 45 30 18 18 55 49 36 50 16 39 46 37 14 29 55 36 23 10 26 31 69 40 20 55 35 57 55 58 10 0 48 48 47 35 26 28 15 49 50 13 47 58 47 28 50 16 29 50 40 53 47 37 50 14 13 22 43 37 38 56 52 18 49 3 38 27 48 62 26 47 29 36 43 46 41 40 9 31 14 48 35 25 63 56 32 15 46 58 62 18 42 28 26 25 60 8 47 34 35 9 59 6 34 45 44 37 21 26 63 55 31 45 24 26 32 50 14 38 37 43 8 52 51 55 8 56 27 40 46 34 47 51 42 37 30 33 36 48 59 52 10 45 51 67 15 24 52 22 33 14 29 67 33 29 15 45 57 14 14 24 36 4 41 57 48 30 31 9 8 56 46 44 51 50 8 17 46 38 36 31 39 32 25 47 44 9 52 19 2 25 55 55 20 44 14 50 25 13 40 52 49 48 48 19 32 22 42 50 68 28 31 66 8 37 66 12 54 55 38 43 11 9 59 40 48 45 42 20 26 47 34 13 45 57 20 8 11 6 25 14 48 35 33 16 20 36 3 62 46 35 24 31 39 48 7 38 41 31 60 35 35 49 21 33 15 30 25 51 30 62 64 48 28 40 52 6 43 57 25 41 57 20 30 59 70 39 40 39 27 19 34 20 19 35 44 52 67 58 35 25 31 58 57 47 32 7 15 17 35 57 15 47 53 28 59 59 41 33 53 28 22 27 42 12 55 45 32 41 53 41 18 57 45 60 47 26 19 32 11 40 28 54 18 28 5 67 13 25 40 61 43 55 41 24 56 23 38 52 55 54 36 40 55 29 29 43 16 40 5 48 50 70 12 34 58 32 42 25 39 31 32 57 12 45 59 57 35 54 31 18 15 19 47 22 51 25 47 45 6 40 44 19 17 60
33 57 32 58 6 17 27 8 44 30 42 22 25 51 22 33 21 43 27 46 18 48 23 19 31 50 41 32 19 54 29 32 52 19 31 36 4 7 13 43 7 28 49 47 42 15 18 21 23 20 29 29 32 47 4 36 21 22 39 37 41 40 48 25 49 30 40 19 44 27 23 11 13 30 38 18 49 35 46 45 26 45 29 29 28 37 44 25 27 12 31 38 19 14 22 14 16 39 36 48 38 9 31 24 38 22 17 36 31 39 13 30 17 28 52 26 39 49 10 33 48 12 17 24 24 35 47 19 23 32 49 32 20 51 30 39 30 15 40 4 16 27 55 26 23 31 53 34 26 21 31 52 12 47 24 24 22 35 43 55 36 12 46 53 39 46 37 21 28 35 13 48 32 32 11 24 16 14 50 10 18 36 45 31 19 21 31 45 25 24 29 9 45 26 15 26 18 12 50 48 0 26 31 28 24 48 41 5 12 36 32 10 37 25 8 45 20 16 17 12 21 13 5 35 43 27 15 49 14 22 10 33 27 48 16 45 14 24 36 32 34 26 18 20 34 17 42 20 46 24 14 40 19 21 39 52 44 26 17 31 7 37 37 26 18 47 3 26 18 50 12 52 34 28 20 51 30 48 25 21 18 15 33 34 25 9 38 15 13 6 43 32 3 9 41 9 34 24 42 35 25 34 14 18 29 43 51 30 29 27 42 30 28 23 37 31 17 38 28 37 38 27 49 26 36 36 24 35 36 30 24 51 10 21 39 23 41 40 48 15 17 50 15 3 53 40 20 52 16 22 28 27 26 23 15 43 31 31 49 24 13 18 34 30 37 28 25 51 19 15 32 4 4 39 40 36 32 31 25 47 48 22 41 31 24 48 26 22 33 44 45 48 12 30 5 28 34 36 35 39 33 42 3 23 46 49 47 43 41 42 10 17 24 44 43 33 51 18 43 27 38 36 32 28 50 13 15 23 12 19 47 15 44 24 51 45 25 18 41 16 24 6 20 31 27 44 7 10 24 8 13 31 19 11 29 18 29 26 32 41 44 28 35 37 27 34 29 28 16 47 18 30 32 28 34 42 34 32 19 14 48 36 24 46 15 12 20 38 14 28 44 43 33 38 8 21 32 33 28 19 42 16 22 28 41 25 40 18 46 53 28 6 35 32 47 25 41 34 19 19 26 20 24 38 16 28 28 22 29 27 15 33 31 28 33 29 32 21 52 29 27 29 42 20 33 17 55 30 42 45 38 10 46 39 13 18 33 13 27 34 40 37 14 46 11 49 28 25 45 25 5 40 45 14
59 35 28 63 26 33 42 29 27 15 17 6 16 55 26 34 31 51 48 36 33 28 4 38 10 49 43 57 15 57 24 52 55 44 56 31 24 20 27 19 21 22 26 26 23 41 40 44 42 37 54 34 9 24 25 33 19 9 46 36 28 49 30 45 38 49 52 41 51 25 14 16 19 48 45 18 56 18 25 30 42 22 51 18 51 29 53 50 25 38 25 36 23 40 5 26 28 49 22 31 22 33 37 36 34 32 43 30 18 17 16 39 37 8 54 19 20 44 36 8 55 20 14 23 6 15 35 35 39 52 55 19 8 31 12 28 50 28 24 28 24 31 60 33 11 9 32 39 18 47 22 56 30 53 49 20 23 47 28 57 17 37 38 59 46 45 23 6 49 35 36 33 32 31 22 3 34 39 57 28 42 17 52 47 45 40 42 50 24 18 24 28 55 8 23 52 15 24 54 48 26 0 6 47 34 33 49 31 38 41 7 28 12 22 20 37 26 12 13 38 5 29 30 35 37 30 13 30 19 48 36 41 50 49 35 31 39 19 25 54 21 46 40 44 13 14 46 23 53 3 28 52 24 47 23 58 20 12 25 35 27 52 50 38 20 44 24 45 36 53 28 53 51 50 8 32 28 35 19 46 27 12 25 24 17 34 35 17 23 26 46 7 28 34 42 31 23 45 18 52 2 8 15 16 45 25 33 53 11 5 39 52 4 27 34 43 12 28 46 42 24 23 32 41 43 12 12 41 36 42 13 52 31 15 14 20 25 42 44 19 10 27 41 28 55 49 7 32 18 38 48 44 26 4 38 47 6 31 48 33 39 14 29 52 35 52 26 56 11 14 6 29 23 49 24 27 53 5 27 32 31 27 42 50 24 54 6 47 14 21 51 52 33 10 30 5 11 29 24 14 51 37 25 49 35 45 52 43 29 36 35 19 42 36 53 52 50 23 19 14 51 53 12 2 46 20 14 38 30 17 29 40 55 41 58 30 35 11 25 27 21 21 28 51 52 47 29 25 31 27 23 38 27 34 25 39 9 10 22 32 26 33 44 19 5 8 22 10 33 34 30 10 57 2 51 42 37 35 37 20 40 11 7 31 23 33 10 20 39 20 55 29 11 37 28 44 49 12 53 10 51 19 6 13 16 37 31 23 40 33 43 27 44 47 49 25 36 47 41 22 6 13 46 27 18 37 48 8 54 52 21 12 8 20 20 7 36 10 53 52 51 26 37 17 58 27 34 43 21 28 22 27 52 15 25 43 52 19 43 42 48 47 38 34 37 36 52 48 48 46 28 32 53 27
63 30 32 62 31 35 44 34 23 14 12 10 21 55 31 34 33 51 51 33 35 23 9 41 6 47 43 61 20 56 23 54 55 49 60 30 28 25 30 14 25 27 21 21 18 46 44 47 45 39 58 35 5 19 29 31 24 14 47 35 25 49 25 48 34 51 53 44 51 30 15 21 22 50 45 20 55 14 21 26 44 17 55 22 55 27 53 54 25 43 24 35 25 45 11 31 34 50 19 26 19 37 37 38 32 34 47 29 16 11 20 40 40 12 53 19 16 42 40 3 55 26 20 28 8 10 32 37 41 55 54 16 13 25 10 25 53 30 20 33 27 31 59 34 16 11 27 39 17 51 21 56 35 53 53 21 25 49 24 56 13 42 35 58 46 44 20 11 52 35 40 28 32 31 27 8 37 44 57 32 46 13 52 49 50 43 44 50 24 19 28 31 56 13 25 56 20 30 54 47 31 6 0 49 35 29 49 35 42 41 2 33 6 22 25 34 28 17 16 42 10 32 35 35 35 30 17 25 22 52 41 41 54 48 38 27 43 23 22 58 19 49 44 48 8 17 46 25 53 9 31 54 29 51 19 58 14 17 31 35 31 54 52 39 25 42 28 47 39 53 34 52 54 54 12 27 28 31 24 51 29 16 23 22 17 39 33 19 26 30 45 5 33 39 42 36 20 49 12 55 7 5 19 18 47 21 28 57 14 9 37 56 7 32 33 45 17 26 48 42 20 28 27 43 43 7 16 41 35 44 14 50 35 20 8 21 21 41 42 24 15 22 45 33 54 50 12 28 21 40 51 46 26 8 42 47 5 31 47 35 44 19 27 55 34 56 27 56 14 20 3 34 28 49 20 25 56 4 32 28 27 32 41 52 29 53 11 52 10 16 51 52 39 8 35 4 7 27 22 9 53 35 29 54 32 43 52 41 25 34 39 21 44 34 54 54 49 28 13 13 52 55 9 5 44 23 17 41 35 19 24 44 56 43 58 26 37 16 21 32 25 26 30 54 56 46 33 31 33 31 28 39 29 39 30 42 7 10 21 29 21 34 45 15 5 6 26 14 36 31 32 13 61 4 53 41 37 36 40 26 37 5 12 27 28 38 12 17 44 20 55 25 6 36 33 48 51 7 57 13 52 24 10 17 11 38 29 25 38 27 45 33 44 49 48 29 34 49 44 27 7 18 49 25 23 39 51 13 58 56 23 8 10 19 18 5 36 12 52 56 55 31 35 19 62 30 29 45 17 24 18 32 52 10 30 48 54 24 46 42 48 48 42 31 41 32 55 51 47 50 32 30 53 32
24 66 59 38 24 14 8 34 49 40 56 41 52 32 50 27 18 23 7 43 15 56 44 10 46 37 28 22 45 35 32 6 33 19 21 33 28 33 21 56 29 56 60 57 51 27 12 12 6 11 19 20 48 58 31 32 48 46 20 30 45 21 53 6 47 3 16 10 23 55 36 35 28 2 21 30 29 45 54 48 7 57 11 55 15 37 22 18 28 24 33 31 25 25 44 42 43 17 43 53 45 21 20 14 33 17 26 34 39 52 32 16 11 52 36 33 48 41 23 51 27 39 43 51 42 48 46 13 9 7 29 41 43 59 43 41 5 20 46 25 23 23 34 19 48 54 61 22 35 21 35 34 38 27 19 31 26 12 48 36 47 28 43 32 21 33 43 43 6 28 18 51 27 28 39 46 14 20 28 20 14 48 25 6 24 8 13 27 29 32 57 21 21 50 25 24 44 40 31 35 28 47 49 0 16 50 22 26 22 22 50 37 53 30 34 42 23 40 35 25 42 19 27 27 37 24 35 56 29 23 25 18 15 33 13 47 19 51 40 13 40 3 13 13 48 34 26 25 26 45 19 14 47 24 46 31 58 51 45 22 23 11 12 13 45 38 29 2 12 32 39 36 6 11 40 57 28 49 52 23 21 37 36 38 34 25 33 31 24 25 27 53 30 30 29 33 40 7 56 7 45 53 33 32 5 50 57 14 54 49 35 11 50 51 32 11 42 39 2 22 44 55 54 8 21 51 49 22 28 12 37 36 19 47 55 30 47 28 39 42 39 60 21 28 36 19 40 58 29 10 5 4 27 44 15 26 52 27 36 17 27 44 34 10 31 16 26 31 36 41 51 26 31 17 47 37 9 51 53 50 52 49 29 4 52 29 50 22 45 56 27 30 35 44 25 46 49 35 39 55 5 36 27 24 44 40 27 32 44 37 22 29 6 40 20 5 38 46 57 38 14 9 45 48 39 27 33 9 39 31 54 19 20 7 30 50 15 42 47 44 51 32 21 6 19 29 22 38 19 22 40 18 21 34 57 11 44 41 37 39 51 21 16 47 45 54 56 53 15 48 18 54 23 47 6 30 24 23 11 41 42 53 48 49 43 36 38 46 24 34 19 46 47 31 35 13 5 48 19 37 20 43 42 53 56 13 39 25 39 60 8 33 17 7 31 53 35 10 10 46 43 45 8 40 43 15 4 46 21 20 27 47 53 35 39 45 23 38 37 14 16 57 36 31 23 20 62 10 52 50 46 37 26 54 40 26 6 40 5 18 21 17 18 46 24 49 13 12 29 7 23 38 23 41
37 51 52 35 18 9 9 31 34 25 42 28 43 27 44 13 4 20 20 29 7 41 33 12 32 28 19 35 36 30 17 21 29 26 33 19 22 25 12 41 21 47 45 42 36 31 17 20 13 8 31 7 34 43 26 17 40 35 15 17 29 17 38 18 33 17 19 17 20 48 22 26 17 16 15 17 26 30 39 33 9 42 25 46 27 22 21 28 13 27 18 18 12 29 32 37 39 17 27 38 30 20 9 3 19 3 31 19 24 37 21 7 13 40 29 18 33 29 25 37 25 32 34 44 29 33 32 8 8 22 25 26 32 44 28 26 20 10 31 22 11 8 31 4 38 41 46 11 20 29 20 29 35 23 29 16 12 14 32 31 32 30 29 30 15 24 28 31 20 15 19 37 13 14 32 33 10 25 27 14 21 32 22 14 31 12 9 22 13 18 49 15 23 38 13 33 35 35 27 26 24 34 35 16 0 35 18 24 25 13 37 34 39 15 27 28 9 30 22 28 31 12 25 14 24 9 23 40 17 31 27 10 27 25 13 32 23 42 25 27 25 16 18 22 33 21 19 12 23 32 10 19 41 31 31 29 43 41 39 9 17 19 17 4 38 27 23 14 10 26 35 29 19 24 27 42 13 35 43 30 8 26 20 23 20 25 19 19 14 19 19 40 26 30 19 31 24 18 41 20 32 40 22 19 12 34 42 28 43 37 22 25 37 45 18 10 32 24 14 13 29 47 39 8 13 37 39 12 15 9 23 28 16 38 41 16 32 18 28 35 27 45 26 25 30 18 29 43 16 8 19 12 12 31 19 19 39 12 27 2 30 35 19 25 18 28 10 28 23 32 38 23 25 16 32 22 24 38 47 35 37 44 19 19 45 25 38 30 31 40 22 25 34 30 23 33 34 20 24 40 19 23 21 33 30 29 24 21 29 23 23 16 11 26 21 20 29 39 42 24 17 20 30 35 29 17 22 8 35 18 38 24 22 10 28 34 2 32 31 39 44 25 7 21 30 21 18 33 4 17 34 7 8 34 49 15 30 27 22 25 36 7 12 31 32 41 48 42 10 33 6 42 35 34 18 20 11 10 10 34 29 39 36 34 37 35 25 31 28 19 22 31 33 18 31 21 16 33 31 24 19 35 29 43 41 3 24 12 26 45 10 30 12 14 24 46 22 14 16 39 30 36 19 25 35 5 18 35 32 31 15 32 41 20 24 32 11 25 30 27 27 50 23 18 36 8 47 10 37 35 31 33 23 40 35 32 20 32 12 10 17 15 22 31 26 35 26 23 22 19 19 24 22 37
71 19 60 43 44 41 43 54 6 20 24 32 49 38 57 24 35 39 55 10 39 12 35 46 24 27 28 69 46 37 21 55 37 59 68 18 45 44 39 20 41 55 19 15 13 61 51 54 48 43 65 30 25 17 48 19 50 41 37 22 7 38 7 52 8 51 45 51 38 57 26 42 35 50 35 30 40 16 12 3 44 19 59 50 62 14 42 62 24 57 19 21 31 59 36 54 57 42 12 6 12 49 30 37 18 35 61 17 18 20 36 35 47 40 34 22 14 19 54 28 40 48 45 55 30 19 6 41 43 56 39 16 38 13 22 10 54 38 10 48 35 27 42 32 43 39 14 30 22 62 18 38 57 38 63 25 28 43 6 37 17 58 11 42 35 26 11 36 55 23 51 2 23 22 50 35 43 56 42 42 55 17 39 46 63 47 39 35 24 24 56 43 45 41 35 67 46 53 37 28 48 33 29 50 35 0 38 51 55 31 29 55 26 24 46 12 31 41 33 57 35 41 51 24 16 27 36 10 34 64 56 34 61 30 45 4 54 51 12 62 15 51 52 56 22 33 32 30 40 34 39 47 55 64 11 42 22 45 56 29 44 49 46 38 51 20 45 49 44 36 56 33 52 59 34 9 23 3 51 63 34 36 16 14 24 54 19 33 37 44 31 34 51 56 27 55 14 53 22 53 33 32 36 31 46 9 9 62 43 37 19 60 35 58 19 40 42 12 49 32 10 56 5 42 33 24 44 31 24 40 26 31 46 46 27 26 9 27 21 49 37 17 57 50 35 39 35 11 33 42 54 46 25 33 51 33 34 24 26 34 59 45 17 59 20 63 27 40 32 44 31 50 46 40 10 14 58 33 59 2 5 58 26 53 56 38 39 63 19 18 36 36 58 23 50 29 23 15 13 25 52 16 45 65 8 21 37 24 7 15 52 32 46 13 43 54 28 54 23 22 45 51 21 32 22 36 35 42 57 29 8 56 45 45 42 4 35 41 9 57 53 45 32 56 64 30 45 53 32 43 51 33 33 59 58 49 24 26 16 11 9 29 38 14 29 33 54 43 42 3 36 42 70 31 50 25 28 28 44 50 14 27 39 2 53 58 31 13 58 20 45 6 23 22 53 55 49 22 65 31 41 49 33 45 25 37 12 32 17 13 43 52 36 45 31 57 17 44 50 53 28 44 54 11 48 35 53 40 67 65 34 22 39 20 16 27 28 30 32 62 62 59 17 28 70 36 15 41 15 5 12 54 37 23 54 62 53 48 46 35 37 40 53 6 55 4 61 58 31 54 46 13 41 56
45 56 69 18 35 25 17 49 39 37 53 43 60 11 61 17 22 3 28 29 24 47 48 26 44 17 11 43 53 15 27 24 13 39 42 23 40 43 30 50 39 65 53 49 44 45 30 32 24 22 40 15 46 51 44 21 57 52 3 17 34 1 43 27 32 21 8 29 3 65 36 44 35 21 5 33 9 40 46 37 18 51 32 63 36 27 4 38 25 42 27 18 28 44 48 54 57 6 36 42 38 36 13 18 21 20 45 24 35 48 38 12 27 56 15 31 42 23 40 50 7 50 51 61 44 44 32 23 21 26 8 36 48 49 40 31 25 27 38 39 28 19 14 18 54 57 51 11 33 42 30 13 52 6 40 29 26 10 37 16 42 46 28 12 4 15 36 47 27 17 35 40 19 20 50 49 26 39 9 31 34 43 4 16 44 24 11 6 26 31 66 33 8 55 30 45 53 52 11 15 41 49 49 22 18 38 0 41 40 9 50 51 51 28 45 27 25 47 39 43 47 29 42 15 22 20 40 46 34 44 43 9 36 13 28 36 37 60 32 33 34 23 31 34 45 38 7 27 5 48 28 10 58 44 39 11 52 57 57 14 35 14 11 16 56 20 41 22 25 10 53 15 19 32 43 46 22 36 60 43 25 42 29 30 33 41 20 35 32 36 8 54 44 47 12 49 32 28 52 20 47 53 39 35 18 41 46 35 59 53 19 32 52 63 20 12 49 29 20 8 36 65 43 17 7 49 56 9 16 12 37 15 33 55 53 30 39 11 21 52 44 52 40 42 15 3 45 48 33 21 26 20 24 47 33 6 53 19 16 18 45 52 25 31 19 37 23 10 39 49 51 40 42 5 39 28 28 52 64 38 41 61 13 23 62 8 54 43 42 50 5 8 51 42 40 47 46 26 32 52 20 22 39 45 31 22 7 15 33 23 39 32 21 26 6 22 17 57 53 37 9 17 42 50 21 34 39 20 53 33 44 38 8 21 10 39 17 49 38 57 61 43 23 26 40 10 35 51 19 34 52 12 25 51 67 29 43 40 31 27 42 16 7 40 46 55 65 58 26 35 24 58 44 48 18 13 13 14 24 52 27 51 52 37 54 52 40 40 43 30 8 35 45 17 49 33 18 45 40 40 4 53 45 59 53 16 27 29 23 50 16 47 7 15 11 64 22 12 28 57 44 53 29 31 52 14 25 51 42 42 32 44 57 31 34 45 14 40 16 35 37 67 21 33 44 26 52 13 46 40 39 50 6 51 53 46 21 50 19 8 2 5 36 33 41 36 34 32 9 27 37 26 5 55
29 61 35 58 8 16 25 9 47 34 46 26 30 51 25 35 21 43 24 48 18 52 27 17 35 51 42 27 23 54 31 29 52 15 26 38 8 12 14 47 11 32 53 51 46 11 15 17 20 19 25 29 37 50 8 37 25 26 38 39 44 40 51 22 51 28 39 16 43 30 27 15 16 27 38 21 49 39 49 48 25 49 25 33 23 39 43 21 29 8 33 40 21 10 26 17 18 38 39 52 41 5 32 24 39 22 13 38 35 43 17 30 15 32 53 29 42 51 6 37 47 15 21 27 28 39 49 18 21 28 48 36 24 55 34 42 27 16 43 4 18 29 54 26 27 35 57 34 30 17 34 52 13 46 20 26 24 34 46 55 40 8 49 52 39 47 40 25 25 37 9 51 34 34 15 29 15 10 49 11 15 40 44 29 15 19 30 45 28 27 33 10 44 30 17 22 22 15 50 49 5 31 35 26 24 51 41 0 8 37 37 12 41 27 12 48 21 20 21 8 26 13 2 36 44 29 19 52 17 17 6 33 22 49 14 48 9 28 39 28 37 24 14 17 38 20 42 22 46 28 15 38 22 17 43 52 48 30 20 31 7 35 35 26 22 49 8 24 17 50 14 52 32 24 24 54 32 51 29 16 20 20 35 37 28 4 40 19 15 8 43 37 5 7 42 8 37 21 46 32 29 38 18 21 27 46 55 26 34 32 44 26 33 26 39 30 22 40 25 37 41 31 52 25 36 40 28 36 37 29 27 52 9 25 43 25 44 41 50 18 21 54 11 3 53 40 24 56 19 20 25 25 28 28 11 43 35 33 50 25 9 22 37 26 39 24 27 51 23 19 36 2 8 38 43 38 29 35 28 50 51 24 41 28 27 48 31 17 37 48 45 48 11 34 1 32 38 38 38 43 30 43 7 19 48 51 47 44 44 44 5 20 22 46 42 30 52 21 47 31 37 34 35 32 51 16 19 22 13 22 51 11 43 22 51 49 25 22 44 18 28 10 22 27 23 45 7 13 25 8 16 31 21 10 32 15 33 30 35 43 47 29 34 41 32 38 33 33 15 50 19 34 28 32 31 42 34 32 18 18 50 40 29 49 18 11 25 41 9 31 42 46 37 40 9 17 30 37 24 23 41 19 26 32 45 25 42 20 48 56 27 8 34 30 47 28 42 32 17 22 30 24 21 41 20 28 25 26 24 22 17 37 35 31 36 33 33 25 53 25 23 33 44 23 29 18 58 29 46 48 42 12 46 44 15 13 31 17 25 34 39 37 10 49 6 52 25 21 45 22 5 42 44 16
22 67 41 57 13 16 23 15 52 39 52 33 37 50 31 37 23 41 19 51 18 57 34 14 42 52 43 20 30 53 35 24 51 8 19 41 14 19 17 53 18 39 59 57 51 6 10 11 17 18 18 30 43 56 15 40 32 33 37 41 49 39 56 17 55 24 36 12 42 37 33 22 22 23 38 26 48 44 55 52 22 55 19 40 17 43 41 14 32 3 37 42 25 4 33 23 24 36 44 56 46 6 33 24 42 24 7 41 40 49 23 30 13 40 53 34 48 53 2 44 46 23 28 34 35 45 53 18 19 23 47 41 31 60 39 46 22 18 48 10 21 31 53 28 35 42 62 35 35 9 38 52 18 45 13 31 27 32 51 54 45 7 52 51 38 48 45 32 20 39 6 56 36 36 22 36 15 2 48 13 9 46 43 27 8 16 29 44 32 32 40 13 42 37 21 14 29 22 50 50 12 38 42 22 25 55 40 8 0 37 44 18 48 31 19 51 25 27 27 4 33 15 9 38 47 31 25 58 23 10 4 33 16 49 13 52 3 35 43 21 42 20 10 10 44 27 42 26 45 35 17 35 29 10 48 50 54 37 26 32 12 32 32 25 28 51 15 20 16 49 19 52 27 18 31 59 34 55 36 9 22 27 39 41 33 4 42 25 19 13 43 44 12 9 43 13 42 16 52 28 36 45 24 27 24 51 60 19 41 39 46 19 40 32 41 28 29 44 22 37 46 38 57 23 36 47 35 36 39 28 33 52 10 32 50 30 49 42 52 26 28 59 4 11 53 38 31 61 24 19 20 22 31 35 7 42 43 35 51 25 6 29 40 20 41 17 30 50 29 26 43 9 15 36 49 42 23 42 34 55 56 30 43 23 34 47 38 10 43 54 44 47 14 40 8 39 44 41 43 50 26 46 14 12 52 53 46 46 48 46 3 25 20 49 40 25 53 28 54 36 34 30 42 39 53 21 25 20 19 28 56 4 41 19 49 53 26 29 49 24 35 18 24 22 16 45 10 20 27 13 23 31 23 14 39 12 39 36 39 46 53 31 33 46 38 45 40 40 15 54 21 41 20 39 27 44 36 33 16 25 52 47 36 53 25 15 31 47 3 35 40 50 43 42 16 11 26 44 17 30 39 27 33 39 52 25 45 24 50 62 25 15 34 27 47 35 45 30 13 29 37 31 15 45 27 28 20 34 17 15 22 43 43 36 41 40 34 32 53 18 16 39 46 29 21 20 64 27 52 53 47 18 45 50 22 8 26 24 22 33 38 35 4 52 3 56 18 14 45 17 10 45 42 22
46 49 63 23 30 21 16 44 32 29 45 36 53 15 55 8 16 11 28 23 19 40 41 23 36 16 7 44 47 18 19 27 16 38 43 15 34 37 24 43 33 58 45 41 36 43 29 31 23 20 40 8 38 43 39 13 51 44 7 9 27 8 36 26 26 22 14 28 10 58 28 37 28 22 4 25 15 32 38 30 17 43 33 55 36 19 13 38 17 39 19 11 21 41 40 49 51 11 28 35 30 33 5 14 13 15 43 16 27 40 31 7 25 48 17 23 34 19 37 42 14 44 44 55 36 36 26 20 19 28 14 28 41 42 32 23 26 22 30 34 22 11 20 11 47 49 44 3 25 41 22 17 47 12 39 22 19 13 30 19 34 42 22 18 5 12 28 40 28 9 32 33 11 12 44 41 23 37 16 26 33 35 11 17 42 23 10 10 18 23 59 28 15 47 24 44 46 47 15 13 36 41 41 22 13 31 9 37 37 0 42 46 43 20 39 21 18 40 31 40 39 24 38 8 16 12 33 38 27 43 39 5 36 13 25 29 35 53 24 35 25 24 30 33 37 30 6 20 13 40 23 16 52 43 31 18 45 50 51 7 30 18 15 12 49 16 35 22 22 14 48 16 23 32 36 39 14 30 54 42 19 35 20 23 25 38 13 28 25 31 7 46 39 43 7 44 25 27 44 23 39 45 32 28 18 33 39 36 51 45 13 33 44 57 12 12 42 21 21 1 28 58 35 16 3 41 49 1 8 11 29 16 29 48 45 22 31 6 17 46 37 44 38 38 17 10 37 40 26 18 26 19 16 39 31 7 45 11 15 13 42 45 17 32 11 37 16 16 32 42 44 36 37 10 31 20 31 44 58 31 34 55 7 25 56 13 46 42 34 42 10 13 47 34 36 39 38 18 24 44 23 15 34 44 24 18 12 10 26 16 35 25 20 19 14 25 16 51 44 29 14 21 34 42 18 27 32 18 48 26 36 36 16 20 17 32 12 42 30 51 54 37 17 28 40 9 31 45 13 29 46 7 18 46 60 26 35 32 23 20 34 9 8 33 38 47 58 50 22 28 18 51 45 40 21 8 5 6 22 46 21 43 45 30 48 47 33 32 40 22 16 28 37 10 43 32 20 37 40 32 12 47 37 52 45 13 20 22 18 42 15 42 6 16 11 57 15 14 27 51 36 46 28 23 46 10 26 44 42 41 25 36 49 23 26 37 6 32 17 36 37 61 15 25 45 20 45 13 38 32 31 45 11 43 47 44 24 44 19 5 7 9 34 26 38 29 35 33 9 28 32 19 13 49
64 29 33 62 32 37 45 35 23 14 10 11 22 55 32 34 34 52 53 33 36 22 11 42 6 47 43 62 21 56 24 56 55 50 61 30 30 26 31 13 26 28 20 19 17 47 45 48 46 40 59 36 5 18 31 32 25 15 48 36 25 50 25 50 34 52 54 45 51 31 15 22 23 51 46 21 56 14 20 26 45 16 56 23 56 27 54 55 26 44 24 35 26 46 12 32 35 51 19 26 18 38 38 39 33 35 49 29 17 11 21 41 42 13 53 20 15 42 42 1 55 27 21 29 9 10 32 38 42 56 55 16 14 25 10 25 54 32 20 34 28 32 60 35 17 11 26 40 18 52 22 56 37 53 55 22 25 50 24 56 13 44 35 59 47 44 20 13 53 35 42 28 32 31 28 9 38 45 57 33 47 12 53 50 51 44 45 50 25 20 29 33 57 13 26 57 22 31 54 47 32 7 2 50 37 29 50 37 44 42 0 35 5 23 27 34 29 19 17 44 12 33 37 36 35 31 19 24 23 54 42 42 56 48 40 27 44 25 23 59 19 50 45 49 8 18 46 26 54 10 32 55 30 53 19 58 13 18 32 36 33 54 53 41 26 42 30 48 40 53 35 52 55 55 13 26 29 31 24 52 30 18 23 22 18 40 34 21 27 31 46 5 34 40 42 38 20 50 11 56 8 4 20 19 48 20 27 58 15 9 37 57 7 33 33 46 18 26 49 43 20 29 27 44 44 5 18 42 36 45 14 51 36 21 7 22 20 42 43 26 16 21 47 34 54 51 13 27 22 41 52 47 27 10 43 47 6 32 47 35 45 21 28 56 34 57 28 57 16 21 3 35 29 50 19 26 58 5 33 27 26 33 41 53 30 54 11 53 10 15 51 52 40 8 36 5 6 27 22 7 54 35 30 55 32 43 53 42 25 34 41 22 45 34 54 55 49 30 12 14 53 56 9 6 44 24 19 42 36 20 23 45 56 44 58 25 37 17 21 34 27 27 31 55 57 47 34 32 34 32 30 40 30 40 31 43 8 10 21 30 21 35 46 15 6 5 27 15 37 30 33 14 63 5 54 42 38 36 41 27 37 4 13 27 30 39 13 16 45 20 56 25 6 36 34 49 52 7 58 15 52 25 11 18 9 40 29 26 38 27 46 34 45 50 48 31 34 50 45 28 8 19 50 25 24 40 52 14 59 57 25 8 10 19 19 5 37 13 52 57 56 32 36 20 64 31 28 45 16 24 18 34 52 9 32 49 55 26 47 43 49 49 44 30 43 32 57 52 48 51 34 30 54 34
38 62 24 68 16 27 37 4 50 36 44 25 21 61 14 43 31 53 35 54 28 53 24 28 35 59 51 37 15 64 37 41 62 25 35 44 13 11 22 46 15 22 53 52 47 18 26 28 32 30 35 39 36 51 8 45 15 21 49 47 49 50 54 33 57 40 50 28 54 20 30 14 21 39 48 26 59 41 51 52 36 49 36 24 34 45 54 31 35 17 39 47 27 17 23 5 6 49 43 54 44 17 41 34 47 32 20 44 38 43 19 40 27 27 62 34 44 58 16 35 58 8 15 17 27 40 55 29 32 40 59 39 21 56 35 46 39 25 46 13 25 37 65 35 21 30 58 43 34 25 39 62 3 57 30 32 30 45 50 65 41 14 55 63 49 55 44 22 37 45 21 55 41 41 7 26 26 20 60 20 26 41 55 41 23 30 41 55 34 32 23 19 55 25 24 30 15 5 60 58 10 28 33 37 34 55 51 12 18 46 35 0 39 33 10 54 29 17 23 16 23 23 11 44 51 37 20 54 22 26 15 43 33 58 25 52 20 18 44 39 41 35 26 28 38 23 52 28 56 25 24 49 11 25 45 62 47 23 9 40 17 47 47 36 12 57 11 36 28 60 2 62 43 35 23 56 39 56 19 25 28 19 41 41 32 14 47 23 22 16 52 33 8 9 51 5 42 33 45 44 27 35 20 24 38 49 57 36 27 27 51 37 29 15 46 41 17 46 37 47 45 21 55 36 46 39 21 45 45 40 30 61 20 17 41 31 47 50 58 10 20 54 21 10 63 50 22 58 24 32 36 36 34 26 23 52 32 40 58 34 16 15 43 37 46 34 34 61 24 14 34 12 10 49 46 44 40 32 17 54 54 13 50 39 16 58 26 26 38 48 55 58 6 34 13 31 38 44 43 41 42 51 13 27 54 58 57 53 49 50 17 25 34 52 53 42 61 11 46 33 48 46 36 29 59 21 21 33 2 27 53 21 54 33 61 52 35 18 47 7 18 11 30 39 33 54 17 3 34 18 6 40 29 7 22 27 33 31 39 49 50 38 45 43 30 35 23 26 26 55 28 28 37 30 43 51 43 41 29 9 56 38 24 53 8 5 25 43 18 36 54 50 36 48 3 28 41 37 34 24 52 11 25 25 44 35 48 26 55 58 38 5 45 42 56 18 50 44 28 12 30 18 32 45 12 38 37 22 33 31 23 37 30 35 40 32 42 26 62 35 33 22 51 28 38 26 60 40 47 51 44 1 56 43 5 20 42 10 37 44 50 47 21 53 16 57 35 32 55 34 15 48 55 5
68 25 37 62 36 40 47 40 20 15 6 15 26 56 36 35 36 53 56 32 39 18 15 45 8 47 44 66 26 56 25 58 55 54 65 30 34 30 35 8 30 32 16 16 14 51 48 52 49 43 63 38 6 13 35 32 29 19 49 36 23 51 22 53 32 55 56 49 52 35 18 27 27 54 47 24 57 13 16 24 47 11 59 27 60 27 55 59 28 48 25 36 28 50 17 37 39 53 18 23 17 42 40 41 33 37 53 29 17 7 25 42 45 16 53 21 13 41 46 4 56 31 26 33 13 9 30 41 45 59 56 16 19 21 11 24 57 35 18 38 31 34 60 37 21 15 22 41 19 56 22 56 41 54 58 24 28 52 22 56 11 48 34 59 48 44 19 17 56 36 45 25 33 32 33 14 41 49 58 37 51 10 54 52 55 47 47 51 26 22 33 36 58 18 30 61 26 35 55 47 37 12 6 53 39 26 51 41 48 43 5 39 0 25 31 33 31 23 21 48 16 37 41 36 35 33 23 20 26 58 47 44 59 48 43 25 48 29 22 62 19 53 49 53 7 22 47 28 55 14 35 56 35 57 17 59 9 22 37 38 37 57 55 43 31 41 34 51 43 54 39 52 57 58 17 22 30 28 29 56 33 22 24 22 20 44 34 24 30 35 46 9 39 44 43 42 20 53 7 58 13 7 24 22 50 18 24 61 19 14 37 60 12 37 33 48 23 26 52 44 19 32 24 46 45 3 22 43 37 47 17 51 40 25 3 24 18 42 42 30 20 17 50 39 54 52 18 23 26 44 55 50 28 14 47 48 9 33 47 38 49 25 28 60 34 60 30 57 19 26 7 39 34 52 17 26 61 9 37 25 23 37 42 56 34 55 16 57 10 11 52 53 44 10 40 9 6 27 22 3 57 34 35 59 30 42 53 42 24 34 45 25 48 33 56 58 48 34 8 16 54 58 10 10 43 28 23 45 41 23 20 49 58 47 59 23 40 22 19 38 31 32 33 58 61 47 38 36 36 36 34 42 32 45 35 47 10 13 21 29 18 37 48 13 10 8 31 19 40 28 36 18 67 10 56 42 39 38 44 31 36 1 17 25 34 44 17 15 49 22 58 23 6 37 39 52 54 7 62 19 54 30 15 22 5 42 28 29 37 23 48 38 47 52 49 35 34 52 48 33 11 24 53 24 29 42 55 19 63 61 28 8 14 21 19 9 38 17 52 60 60 36 35 22 67 34 24 48 13 21 16 38 53 4 36 54 58 30 50 45 50 51 47 29 47 30 60 56 48 54 38 29 55 38
49 37 45 42 20 18 24 32 21 11 27 16 34 34 39 13 13 30 34 21 17 27 21 24 17 29 23 46 29 36 4 35 35 36 45 12 22 22 15 26 19 40 31 28 22 37 28 32 27 21 43 14 19 28 26 13 33 25 25 16 18 28 25 31 25 32 32 28 30 41 8 21 13 31 24 8 34 15 25 22 24 27 38 37 39 12 32 39 4 33 6 16 7 35 21 34 37 29 14 26 16 26 16 17 15 13 38 12 10 23 14 19 24 29 34 4 19 26 31 23 34 28 27 37 16 18 23 19 22 36 34 11 22 30 14 15 34 14 18 24 11 10 39 13 28 30 32 18 6 39 7 35 35 32 40 2 5 27 20 37 17 35 23 38 25 25 15 20 34 15 27 25 11 10 29 22 20 32 36 18 32 18 31 28 39 25 23 29 3 4 41 19 34 28 11 44 28 32 34 28 25 22 22 30 15 24 28 27 31 20 23 33 25 0 24 22 8 22 13 33 20 17 28 15 19 9 15 27 12 40 32 20 39 29 22 21 31 35 13 41 11 30 29 33 19 12 25 6 32 21 15 33 36 40 17 37 28 31 36 14 20 33 31 19 32 25 22 28 21 33 34 33 34 37 17 29 8 25 35 39 10 17 9 10 6 30 15 11 13 20 25 26 28 33 22 33 11 31 26 35 20 26 14 9 27 21 29 40 32 26 20 39 25 40 14 24 24 14 29 21 15 40 27 23 22 23 29 20 15 23 9 32 22 30 27 3 19 21 26 29 18 31 34 27 34 28 18 30 10 21 33 26 5 19 28 26 26 10 28 14 35 27 11 38 15 40 5 35 13 25 24 26 24 28 18 12 38 25 41 24 25 39 21 33 38 33 27 40 16 26 30 32 36 15 26 19 20 12 12 26 33 19 22 42 22 27 31 23 18 18 29 9 25 20 32 35 30 35 28 9 31 34 16 22 27 12 14 22 35 7 25 32 34 24 37 22 16 23 18 36 36 23 10 35 42 26 22 31 12 19 31 18 10 36 42 26 16 13 9 16 22 13 24 17 18 27 39 31 19 23 13 31 47 21 33 22 16 14 22 30 24 24 25 22 32 35 13 17 34 5 34 19 19 17 31 32 31 19 42 13 30 30 18 33 27 18 15 8 23 32 24 30 23 28 28 40 18 28 27 34 16 28 32 14 29 18 32 25 44 42 11 18 29 5 10 18 15 13 33 40 39 43 19 6 48 13 34 24 23 22 17 32 31 25 33 39 34 27 26 21 27 27 30 22 32 25 39 35 27 32 22 16 32 34
40 53 26 62 11 22 32 9 41 27 36 17 19 54 17 35 24 47 34 45 23 44 17 25 26 51 44 39 11 57 28 39 55 26 38 36 7 3 16 38 7 22 45 43 38 22 25 28 29 26 36 31 27 42 5 36 14 15 42 39 40 44 45 31 48 37 45 26 47 21 21 5 12 36 42 17 53 32 42 43 31 40 36 22 35 36 48 32 27 19 30 39 19 21 15 10 13 43 34 45 35 15 34 28 38 25 23 35 29 34 11 34 24 21 55 25 35 50 17 28 51 5 10 17 19 31 46 24 28 38 52 30 13 47 26 38 36 18 37 10 18 29 58 28 16 24 49 36 24 28 30 55 12 50 31 23 22 40 41 57 32 18 46 56 42 47 35 15 35 37 19 46 33 33 5 18 22 21 54 15 26 32 49 37 26 27 35 48 25 23 23 14 50 19 16 33 10 8 53 50 8 20 25 34 27 46 45 12 19 39 27 10 31 24 0 45 22 9 14 18 15 17 11 36 43 29 11 45 13 29 17 37 34 50 22 43 21 17 34 38 32 33 25 28 30 14 45 20 50 17 18 45 14 28 36 56 39 19 13 33 12 43 42 30 12 48 6 32 24 53 10 54 40 35 14 47 30 47 18 27 20 10 32 33 22 15 38 14 14 10 45 26 9 14 43 11 33 31 37 41 19 27 10 16 34 40 48 37 22 21 43 37 22 18 37 35 10 37 34 40 36 21 46 31 40 31 17 38 37 35 21 53 16 13 33 22 38 42 49 8 11 45 22 9 55 44 14 49 15 27 34 32 26 18 22 45 25 32 51 27 19 11 34 37 38 35 26 54 15 8 26 11 4 43 37 35 39 25 20 45 45 17 43 37 18 52 20 28 29 39 49 51 14 26 12 23 29 35 33 33 39 42 8 30 45 50 50 45 40 42 17 16 30 43 47 39 53 13 38 24 43 42 27 22 50 13 12 28 12 18 44 22 49 29 55 43 29 11 38 13 18 3 23 37 34 47 13 8 27 13 8 34 21 14 23 24 25 22 31 40 41 31 39 34 22 28 22 21 21 46 22 23 39 22 39 43 36 34 25 8 47 30 17 44 10 13 16 34 20 27 48 41 28 39 8 27 38 29 35 15 46 9 16 21 35 30 39 18 46 49 33 8 39 37 49 19 41 39 26 13 21 13 31 37 9 32 34 15 36 34 15 28 24 27 31 24 35 17 55 36 34 23 42 19 40 20 51 35 38 42 35 9 49 34 9 24 39 6 33 37 44 42 21 45 18 48 36 31 47 32 12 39 49 11
65 30 64 32 41 35 35 53 15 22 32 34 52 27 59 16 29 29 47 2 33 23 39 40 29 16 17 62 48 26 18 47 25 54 61 11 43 43 35 29 40 58 29 25 21 57 45 48 41 36 59 22 30 27 47 11 52 43 27 13 11 28 18 45 5 42 35 44 27 60 26 41 34 42 24 29 29 21 22 12 36 28 52 54 55 10 31 56 20 52 16 11 28 55 39 55 58 32 16 16 17 45 22 30 9 28 57 11 19 27 35 26 40 45 23 21 21 8 50 34 29 49 46 57 33 25 6 35 36 48 28 19 40 23 25 10 46 33 16 45 31 21 30 25 46 45 26 21 22 57 16 26 56 27 56 23 25 33 13 26 23 55 1 31 25 15 15 39 47 14 46 14 16 15 50 38 37 51 31 38 49 23 28 37 58 40 30 25 20 23 60 39 34 45 32 61 48 52 26 16 45 37 34 42 28 12 27 48 51 21 34 54 33 22 45 0 27 42 33 53 38 36 49 15 5 20 36 21 33 59 52 25 54 19 40 11 49 54 13 54 16 43 46 50 27 33 21 27 29 38 34 37 56 58 17 31 31 49 56 21 41 39 36 30 52 10 44 41 37 25 55 22 43 51 35 21 17 10 54 57 29 37 14 14 24 50 10 32 34 41 20 39 48 54 16 54 15 46 31 44 36 38 35 30 38 18 20 55 48 41 9 52 40 60 11 32 44 9 40 22 15 59 17 34 23 31 48 22 15 31 26 20 41 49 34 24 16 17 10 50 38 28 52 48 24 29 37 22 31 35 46 39 21 36 46 22 39 17 16 27 55 47 11 52 11 56 22 29 32 45 37 47 45 30 17 11 50 38 61 12 15 59 15 45 58 27 43 58 25 27 25 25 57 28 47 33 29 11 14 33 43 6 42 60 4 10 26 13 10 5 48 30 38 3 33 45 17 55 31 24 35 42 26 37 11 34 34 35 56 28 19 50 35 38 31 14 28 43 15 57 56 44 27 48 58 19 42 52 25 40 52 25 28 56 61 43 28 28 16 6 18 22 28 20 33 39 58 47 36 9 31 47 63 35 42 15 19 20 38 50 3 34 43 12 53 57 32 19 54 19 35 11 29 12 52 49 40 28 58 32 31 50 35 50 33 30 7 29 5 24 35 51 27 37 20 59 7 34 43 54 32 47 47 10 49 27 45 43 60 59 32 27 44 19 17 31 19 31 21 54 55 62 7 27 64 31 26 32 23 15 18 53 26 31 53 58 44 48 38 25 27 30 48 6 51 9 53 51 20 46 43 7 31 55
41 45 45 41 15 10 17 27 29 18 34 20 35 33 38 14 6 27 26 27 9 35 25 16 24 31 22 39 29 35 11 28 34 28 37 17 17 19 9 34 15 40 39 35 30 30 20 24 19 13 35 10 26 36 22 16 33 27 22 18 25 24 33 23 31 24 27 20 27 41 14 20 10 23 21 9 32 23 33 29 17 35 30 38 32 19 28 32 8 26 13 19 4 28 24 31 34 24 22 33 24 19 13 10 18 6 31 17 18 30 13 14 16 32 34 11 26 30 24 29 31 26 27 37 21 26 29 11 14 29 32 19 24 38 20 22 26 7 25 19 5 8 37 8 30 33 40 15 13 31 15 35 31 30 32 9 4 22 28 36 25 29 28 36 22 26 22 23 26 16 20 32 13 13 27 25 13 25 33 12 24 26 28 22 32 17 17 27 8 10 42 13 30 31 6 36 28 29 32 29 20 26 28 23 9 31 25 21 25 18 29 29 31 8 22 27 0 23 14 27 23 10 23 15 23 8 16 35 10 33 26 16 31 29 15 28 23 35 20 33 19 22 21 25 26 13 24 3 30 24 8 27 35 33 25 35 35 33 34 12 14 27 25 13 32 28 19 21 13 32 31 33 27 29 19 37 11 31 36 32 3 18 16 18 12 24 19 11 8 15 24 32 23 28 22 28 19 24 34 28 24 31 14 11 20 29 37 33 35 29 23 31 29 39 18 18 25 20 21 19 23 40 34 16 19 29 31 17 16 17 15 32 15 30 33 8 27 21 29 28 20 39 26 22 34 25 21 38 9 13 25 19 7 23 20 25 31 12 30 8 29 28 16 30 18 32 6 34 15 25 29 21 20 24 26 18 30 30 40 31 33 38 22 26 38 31 30 32 23 34 28 30 31 22 20 24 26 17 19 33 26 22 17 34 28 30 29 24 25 23 22 8 18 25 28 27 32 33 35 16 25 28 23 27 30 10 14 14 31 10 33 25 30 17 35 30 10 24 26 34 37 20 2 28 34 26 16 28 6 13 29 14 2 31 42 18 22 19 16 22 30 10 19 25 23 33 40 34 11 30 5 34 39 26 26 22 15 13 14 28 29 31 28 30 31 31 17 25 27 13 30 27 25 19 27 25 24 25 34 16 26 29 21 35 34 12 21 4 27 39 18 25 19 21 28 39 21 22 20 33 21 29 24 21 28 12 25 27 36 35 8 25 33 13 18 24 14 17 34 32 32 43 23 9 40 5 42 18 31 30 25 28 29 32 30 32 27 26 19 17 24 22 22 28 25 32 31 27 26 24 16 21 29 32
49 46 23 63 18 26 36 18 35 22 28 10 13 55 17 35 26 49 40 41 27 37 8 31 19 51 44 47 7 57 26 45 56 34 46 34 14 9 20 30 11 18 37 36 32 30 32 35 35 30 44 33 20 35 14 35 11 7 44 38 35 47 39 38 44 42 48 33 49 19 16 6 13 41 43 15 55 26 35 38 36 33 43 16 42 33 50 40 25 27 27 38 20 29 7 15 18 46 29 40 30 23 35 31 36 28 32 33 24 27 10 36 30 13 55 22 29 47 26 19 53 9 5 16 12 24 41 28 33 45 54 25 5 41 20 33 43 22 32 18 20 29 59 30 9 15 42 37 21 36 26 56 19 52 39 21 22 43 36 58 26 26 43 58 44 47 30 6 42 36 27 41 33 32 10 10 27 29 55 21 33 26 50 41 34 33 39 49 24 20 20 20 52 11 17 41 6 13 54 50 16 12 17 40 30 41 47 20 27 40 19 17 23 22 9 42 23 0 10 27 7 22 20 36 41 29 8 39 14 37 26 39 41 50 28 38 29 13 30 46 27 39 32 35 22 10 46 20 52 9 21 48 15 36 30 57 31 12 15 34 19 47 46 34 11 47 13 38 29 54 17 54 45 42 7 41 29 42 14 36 22 5 28 29 19 24 37 13 17 17 46 18 17 23 43 20 28 37 29 46 11 19 9 13 39 34 42 44 15 12 41 44 13 19 36 39 3 33 39 41 31 18 41 35 41 23 10 40 37 38 16 53 23 8 25 20 32 42 48 8 5 38 31 17 56 47 7 42 15 32 41 37 25 9 29 47 16 32 50 30 28 5 32 44 37 42 25 56 10 3 18 19 13 46 31 32 45 16 19 40 40 18 42 43 17 53 11 37 23 32 50 52 22 19 20 15 22 32 29 25 44 40 15 39 41 48 52 44 35 39 25 15 35 40 50 45 52 14 30 19 47 47 21 13 49 14 9 33 18 15 38 30 52 34 57 38 31 2 33 17 15 10 24 44 42 47 20 14 29 18 12 36 23 23 20 30 18 15 27 37 35 32 41 28 14 19 18 14 26 41 25 15 47 14 45 43 37 34 30 10 45 22 9 39 13 21 11 29 29 23 51 36 20 39 16 35 43 21 43 10 49 9 9 14 27 33 36 19 44 42 37 16 41 42 49 18 39 43 32 13 14 6 38 33 8 34 41 7 44 42 16 21 16 23 26 16 35 12 55 43 41 21 40 16 48 22 44 39 31 36 29 16 51 26 14 32 45 8 38 39 46 44 28 40 26 43 43 39 48 38 19 36 51 16
48 41 33 54 15 21 30 22 28 14 25 7 22 46 26 25 19 41 36 32 20 31 11 26 15 41 34 46 16 48 16 40 47 34 44 24 14 12 15 26 10 27 33 31 26 32 28 32 30 25 43 24 16 30 17 25 21 14 36 28 26 38 32 33 35 37 41 29 40 29 7 9 7 36 35 6 46 19 29 30 30 28 39 25 40 24 42 39 16 28 18 29 11 30 10 23 26 38 21 32 22 22 27 24 27 20 33 24 16 23 5 28 25 18 46 12 22 38 26 17 45 17 14 25 8 19 33 23 26 40 45 17 10 35 13 25 38 16 24 18 13 20 50 22 16 20 36 29 12 36 17 47 25 43 38 11 13 36 28 49 19 29 34 49 35 38 22 9 37 27 25 33 23 23 18 12 22 29 47 17 31 20 42 35 35 28 31 40 15 10 29 16 44 17 10 41 16 21 45 40 17 13 16 35 22 33 39 21 27 31 17 23 21 13 14 33 14 10 0 28 9 17 21 27 31 20 3 32 7 37 27 30 39 41 23 30 28 23 22 43 18 34 29 33 18 1 37 12 43 11 16 41 24 37 23 49 27 19 24 25 16 40 39 26 20 37 14 33 24 44 24 45 40 38 6 34 20 33 23 36 15 5 19 20 10 25 27 4 11 15 37 19 20 26 34 24 20 33 25 41 11 19 4 4 33 26 35 41 21 16 32 40 15 28 27 32 12 24 34 32 23 28 33 29 32 20 18 31 27 31 8 44 20 18 23 10 25 33 38 17 6 33 30 19 46 39 7 36 7 25 36 31 16 9 26 38 18 22 40 22 30 15 22 40 27 40 16 47 2 13 17 20 15 38 24 22 41 17 29 32 32 27 33 38 26 44 16 37 17 27 41 43 27 13 20 13 17 23 21 23 38 30 15 39 32 39 43 35 27 30 25 7 30 31 42 40 43 23 27 11 39 41 15 14 39 8 3 27 25 6 31 29 44 29 48 30 24 11 25 25 24 13 16 39 41 38 18 21 20 16 20 27 15 27 30 27 13 9 18 27 28 23 33 21 12 20 27 20 21 33 18 20 46 13 39 34 28 25 25 18 35 20 14 31 21 26 4 21 29 14 44 28 16 29 21 32 37 17 42 3 40 18 7 21 25 25 26 11 35 36 31 20 33 35 40 27 30 35 29 22 10 15 34 24 17 26 36 13 43 41 8 16 20 14 17 13 26 5 45 40 39 30 31 7 47 16 38 31 26 29 22 22 42 23 22 34 40 16 32 31 37 36 27 32 27 35 40 36 39 34 18 27 43 24
23 68 39 61 14 20 27 12 54 40 53 33 35 53 29 40 25 45 22 54 22 58 34 18 42 55 46 22 29 57 37 28 55 10 21 43 15 19 19 54 18 37 60 58 53 4 14 15 21 21 20 34 44 58 14 43 30 33 41 44 51 42 58 20 57 27 40 15 45 35 34 22 23 27 41 28 51 45 56 54 26 56 22 38 19 45 45 16 34 2 39 45 27 3 33 21 21 39 46 58 48 9 36 27 45 27 5 43 41 50 24 33 17 39 56 35 49 56 3 44 49 21 27 31 35 46 55 21 23 26 51 43 31 62 40 48 25 21 50 10 23 34 57 31 34 42 63 38 36 11 40 55 15 49 15 33 30 35 53 58 47 3 54 55 41 51 47 32 23 42 9 58 39 39 20 36 18 5 51 16 12 47 47 30 8 20 32 48 34 34 37 15 45 37 23 15 28 20 53 53 12 38 42 25 28 57 43 8 4 40 44 16 48 33 18 53 27 27 28 0 33 18 8 40 50 34 26 59 24 11 2 36 18 52 16 54 7 33 45 24 43 23 13 14 45 28 46 28 48 35 20 39 27 10 49 54 55 36 24 36 13 35 36 28 27 53 15 24 19 53 17 56 31 21 31 61 37 57 34 10 25 27 42 43 34 4 45 26 21 14 46 44 10 7 46 11 44 20 53 32 36 45 25 28 27 53 61 21 40 39 49 22 40 30 44 32 28 46 25 40 48 35 59 26 40 47 34 39 41 32 34 55 13 31 50 32 51 45 54 24 28 60 6 10 56 42 31 62 26 23 23 25 33 35 11 46 42 38 54 29 2 28 42 23 44 19 32 53 30 26 43 9 15 40 50 44 26 42 32 57 58 28 46 27 32 50 38 11 44 55 48 51 11 41 8 39 45 44 45 50 29 49 14 12 54 55 49 49 50 49 5 26 23 51 43 29 56 25 54 37 38 34 43 39 56 22 26 24 16 29 57 7 44 23 53 55 29 29 51 22 33 17 27 25 18 48 12 18 29 14 21 34 26 10 37 15 40 37 41 49 54 34 37 48 39 45 38 39 19 56 24 40 22 39 31 47 39 37 19 23 55 47 35 55 23 12 32 48 2 37 44 52 44 45 14 14 30 44 19 30 43 25 33 38 52 28 48 26 53 63 28 13 37 31 51 33 48 34 16 27 37 30 19 47 25 31 24 33 19 17 24 44 42 38 43 40 38 32 57 20 18 37 49 30 23 23 65 31 53 55 48 15 48 51 19 6 29 22 26 37 42 39 8 55 2 58 21 17 49 20 12 48 46 20
54 39 26 61 22 28 38 24 30 16 22 4 15 54 23 33 27 49 44 37 29 31 2 34 13 48 42 52 12 55 22 48 54 39 51 30 19 15 23 23 16 21 31 29 26 36 35 39 38 33 49 32 13 28 20 32 16 6 44 35 30 46 32 41 39 45 49 36 48 23 13 11 14 44 43 14 53 20 29 32 38 26 47 18 47 29 50 45 23 33 24 35 19 35 2 21 24 46 23 34 24 28 34 32 33 28 38 30 19 20 12 36 33 10 53 18 22 44 31 13 52 16 11 20 6 18 37 31 35 48 53 19 3 34 14 29 46 24 26 23 21 28 58 30 9 12 35 36 17 42 22 55 26 51 44 18 21 44 30 56 19 32 39 57 43 44 24 1 45 34 32 35 30 30 17 4 30 34 55 24 37 20 50 43 40 36 39 48 22 17 22 23 52 9 19 47 11 20 53 47 21 5 10 42 31 35 47 26 33 39 12 23 16 20 15 38 23 7 9 33 0 25 25 34 37 27 9 33 15 43 31 38 46 48 31 32 34 17 26 50 22 42 36 39 16 10 44 20 51 3 23 49 20 42 25 56 24 12 22 33 23 48 47 34 16 43 19 40 32 52 24 52 48 46 4 35 27 36 17 41 23 7 24 24 15 29 34 13 18 21 44 12 23 29 41 26 23 41 22 49 4 13 11 12 41 28 36 48 13 7 38 48 8 24 33 40 8 29 42 40 25 22 35 37 40 16 10 39 35 39 12 51 26 12 18 18 27 40 44 15 5 31 36 23 54 47 2 36 15 34 44 40 24 3 33 45 10 30 47 30 34 10 28 47 34 47 24 55 8 10 11 24 18 46 26 27 49 10 24 34 34 24 40 46 21 52 8 42 16 25 49 51 29 12 25 8 15 29 25 19 47 36 20 44 36 45 50 42 30 36 30 15 38 36 50 47 49 20 23 14 47 49 14 7 45 15 9 35 25 14 32 35 52 37 56 32 32 7 27 23 19 16 25 47 47 45 24 21 28 22 19 35 23 29 24 34 11 10 22 32 28 31 41 22 8 13 21 12 29 36 26 12 52 7 47 41 35 33 33 16 40 15 6 33 19 28 7 23 34 20 52 30 14 36 23 39 45 15 48 7 48 15 3 13 21 33 31 19 40 36 39 23 41 43 47 22 35 44 36 18 7 10 41 28 14 34 44 5 49 47 17 15 11 19 21 10 34 8 52 47 46 25 37 14 53 24 37 40 25 31 24 22 50 20 21 38 48 14 40 39 45 45 33 35 32 38 47 43 46 42 23 32 51 23
32 54 42 46 7 5 15 20 38 26 41 23 34 39 33 23 9 31 20 37 6 44 27 10 30 38 30 30 27 42 21 23 40 19 29 26 11 15 3 41 11 38 47 44 38 21 12 16 13 9 27 17 32 44 15 26 30 28 26 27 34 28 42 17 40 21 28 13 31 38 20 17 11 20 26 14 37 31 42 38 15 43 23 37 24 28 32 23 18 17 22 27 10 19 26 26 28 27 30 42 33 10 19 12 28 10 21 26 26 37 14 18 9 34 40 20 34 38 15 34 35 22 25 34 25 33 38 7 11 24 37 27 25 47 27 31 22 4 34 10 7 16 42 14 30 36 49 22 21 22 24 40 24 34 23 17 13 23 37 43 32 19 37 41 27 34 31 25 21 25 11 42 22 22 22 28 5 16 38 3 15 33 33 20 22 11 19 33 17 18 39 4 33 32 8 27 26 24 38 37 13 29 32 19 12 41 29 13 15 24 33 23 37 17 17 36 10 22 17 18 25 0 14 24 33 17 17 44 11 24 17 21 23 36 7 38 14 33 29 26 28 17 13 17 32 16 30 11 34 27 3 28 30 23 34 40 42 33 29 19 6 26 25 14 28 37 13 17 8 38 24 40 24 22 22 45 20 41 34 22 8 18 25 27 20 14 28 13 7 8 31 35 15 19 29 20 28 17 40 25 27 36 15 15 18 38 46 25 36 32 31 24 32 35 27 19 24 30 18 25 32 38 43 14 24 35 31 23 25 18 21 39 6 29 39 16 35 28 38 25 20 47 17 14 41 28 23 47 12 10 20 16 16 26 11 30 34 21 37 12 20 26 25 24 27 24 15 39 18 23 34 12 14 27 35 27 25 33 36 40 42 33 29 22 35 36 31 23 30 41 33 36 23 28 12 29 33 27 28 39 23 32 10 25 37 39 35 32 34 32 13 12 14 34 31 24 40 29 42 23 26 26 29 30 39 10 16 12 24 15 42 15 32 13 39 39 13 24 35 28 34 15 10 23 25 32 7 22 13 5 24 18 9 23 39 10 28 24 25 32 39 17 23 33 28 36 39 35 5 39 7 36 31 29 23 30 22 20 9 24 38 36 30 39 26 23 20 33 18 21 32 36 31 28 20 16 21 32 26 19 29 26 24 35 40 13 31 10 36 48 17 19 23 21 35 36 31 22 12 29 26 27 17 30 25 16 20 28 27 26 9 31 36 22 27 29 21 21 41 24 24 40 32 15 32 6 50 18 39 39 33 22 34 39 25 22 24 22 16 22 28 25 13 38 16 41 24 20 33 18 8 31 32 26
30 62 33 60 8 17 27 8 48 34 46 26 29 52 24 36 22 44 25 49 19 52 27 18 35 52 43 28 22 55 32 30 53 16 27 39 8 11 15 47 11 31 54 51 46 11 16 18 22 20 26 31 37 51 7 39 23 26 39 40 45 41 52 23 52 29 40 17 44 29 27 15 17 29 39 22 50 39 50 49 26 49 26 32 25 40 44 22 30 8 34 41 22 10 26 15 17 39 40 52 42 7 33 25 41 24 13 39 35 43 17 31 17 32 54 30 43 52 7 37 49 15 20 26 28 39 50 19 23 30 50 36 24 55 34 42 28 17 44 4 18 30 56 27 27 35 57 35 30 17 34 54 11 48 21 27 25 35 47 56 40 8 50 54 40 48 41 25 26 38 10 52 35 35 13 29 16 11 50 12 16 40 46 31 15 20 32 46 29 28 32 11 45 30 18 22 21 14 51 50 5 30 35 27 25 51 42 2 9 38 37 11 41 28 11 49 23 20 21 8 25 14 0 37 46 30 19 53 18 18 6 35 24 50 15 48 11 26 40 29 37 25 16 18 38 21 44 23 47 28 16 39 21 17 43 53 48 29 19 33 9 37 37 27 21 50 8 25 18 51 12 54 33 25 24 55 32 52 27 17 21 20 36 38 28 5 41 19 16 9 44 37 3 5 43 7 38 22 46 34 29 38 18 22 28 47 55 27 33 31 45 27 32 25 40 31 21 41 27 38 42 30 53 26 38 40 27 37 38 31 28 53 10 24 43 26 45 42 51 18 21 54 12 3 54 41 24 56 19 22 26 26 29 28 13 44 35 34 51 26 9 21 38 27 40 24 27 52 23 19 36 2 8 39 44 39 30 35 27 51 52 23 43 29 26 49 30 18 37 48 47 49 9 34 3 32 38 39 39 43 32 45 7 19 49 52 48 45 45 44 7 20 24 47 43 31 53 20 47 31 38 35 36 32 52 16 19 23 12 23 51 11 45 23 52 49 26 22 45 17 27 10 23 29 24 46 8 12 26 10 15 32 22 9 31 16 33 30 36 44 48 30 35 41 32 38 32 32 17 51 20 33 28 32 33 44 36 33 19 16 51 40 28 50 17 10 25 42 9 32 44 46 37 41 8 18 31 38 25 23 42 19 26 31 45 26 43 21 49 57 28 7 36 32 48 27 44 34 18 21 30 23 22 41 19 29 26 26 25 23 18 37 35 32 37 33 34 25 54 26 23 31 45 24 29 19 59 30 46 49 42 10 47 44 14 13 32 16 27 35 41 38 11 49 7 53 26 22 46 23 7 43 45 15
50 42 59 28 29 22 20 42 25 22 38 30 48 20 52 2 15 18 32 17 20 33 35 25 30 16 8 47 42 22 13 32 20 40 46 8 32 34 23 35 30 54 38 34 29 44 31 33 26 21 44 8 32 36 37 6 47 39 14 4 20 16 29 30 20 27 21 30 17 55 22 34 25 27 12 21 21 25 31 23 21 36 37 51 40 12 19 41 11 40 12 5 17 42 35 46 49 18 21 28 23 33 7 15 7 15 44 9 20 33 27 11 26 43 20 17 27 16 37 35 20 41 40 51 30 29 20 21 21 33 20 21 36 35 26 16 31 21 23 33 19 8 25 11 42 44 37 6 18 43 15 21 46 18 42 16 15 19 23 22 27 43 16 24 13 12 21 35 32 2 33 26 4 5 41 36 24 38 22 26 35 28 18 22 44 25 15 15 13 18 55 27 23 42 21 47 42 44 19 14 35 35 35 27 14 24 15 36 38 8 36 44 36 15 36 15 15 36 27 40 34 24 37 0 11 8 29 32 24 45 40 10 39 15 26 22 36 49 17 39 19 28 32 35 30 26 11 17 19 35 22 23 49 44 24 23 37 45 48 6 29 25 22 15 46 13 33 26 23 19 45 19 28 36 31 32 8 23 49 43 17 31 14 15 19 38 6 24 23 29 11 40 38 42 8 43 17 31 37 29 34 39 28 23 23 26 32 40 46 40 9 37 39 53 5 17 38 14 25 9 21 54 29 19 10 34 44 8 1 16 23 18 29 44 38 17 24 7 14 42 32 37 39 36 20 17 32 34 22 21 31 24 11 34 32 12 39 5 15 13 42 41 10 37 5 41 11 22 27 38 37 35 35 17 24 13 35 38 54 25 27 52 7 30 52 19 41 44 27 35 16 17 46 28 35 33 31 11 17 37 28 10 32 46 18 15 18 9 19 10 35 21 23 13 21 30 17 48 38 22 21 27 27 36 16 24 28 20 46 21 29 37 23 23 23 25 13 37 23 48 50 35 15 33 43 12 30 43 11 28 43 10 16 45 56 28 28 26 16 14 27 8 14 25 32 40 54 45 23 22 18 45 48 34 27 8 4 5 23 43 16 37 40 23 45 46 28 25 41 16 23 21 31 5 42 34 25 30 43 27 19 43 32 47 38 15 13 18 13 35 20 40 13 22 14 53 9 20 29 47 30 42 32 16 42 12 30 39 45 45 22 29 43 17 19 31 4 27 19 39 40 57 9 20 49 19 38 17 31 25 24 43 17 36 45 45 29 40 23 11 15 16 35 20 38 23 39 36 13 31 31 12 20 47
60 34 63 28 38 31 30 50 19 22 35 34 52 23 57 11 25 24 43 7 29 26 38 36 30 13 12 58 47 22 16 42 22 50 56 8 40 41 32 32 37 58 33 29 24 53 41 44 36 32 54 18 31 31 44 7 51 43 22 8 14 23 22 40 10 38 30 40 23 59 25 40 31 37 19 27 25 22 26 16 31 31 47 54 50 9 26 52 17 49 14 6 25 51 39 53 56 27 17 21 19 42 17 26 5 24 53 8 20 30 33 21 36 45 19 20 23 7 47 35 25 47 45 56 33 27 10 31 31 43 24 20 40 28 26 11 41 30 18 42 28 17 27 20 46 45 30 16 21 53 15 23 53 23 52 21 22 28 17 22 24 52 6 27 20 11 17 38 42 9 42 18 12 12 48 38 33 47 27 35 45 25 23 32 54 35 25 20 18 22 59 36 29 45 29 57 47 50 22 13 43 37 35 37 24 16 22 44 47 16 35 51 35 19 43 5 23 41 31 50 37 33 46 11 0 17 34 25 30 55 49 20 50 15 36 15 45 53 14 50 17 38 42 45 29 31 16 24 24 38 31 32 55 54 19 26 34 48 55 16 37 34 31 26 51 7 41 36 33 21 53 18 38 47 35 25 14 14 53 53 26 36 13 14 22 47 6 30 31 38 15 40 46 51 11 51 15 41 33 39 36 39 33 28 33 21 24 50 48 42 4 48 40 59 7 27 43 10 36 17 17 58 21 30 18 33 47 17 10 26 26 16 38 48 36 22 19 12 8 48 37 32 49 45 20 24 36 26 28 31 41 34 18 36 42 17 40 13 12 23 52 46 9 47 7 51 19 24 31 43 38 44 42 25 19 10 45 39 60 17 20 58 10 40 57 23 43 54 26 30 21 21 54 28 43 34 30 9 14 35 38 1 40 56 9 8 22 9 13 2 45 27 34 4 28 40 14 53 34 24 30 37 27 37 9 31 33 30 53 26 23 47 30 33 27 18 23 42 18 55 55 41 24 43 53 15 39 50 21 36 50 20 25 54 60 38 29 28 15 7 22 18 23 22 33 40 57 47 32 13 27 47 59 36 37 10 14 15 33 49 6 35 43 16 51 54 31 21 50 18 30 15 30 7 49 45 35 29 54 31 26 48 35 50 35 25 7 26 4 28 30 48 22 32 15 58 2 29 39 53 32 46 42 12 48 22 40 42 56 55 29 29 44 19 18 32 14 30 18 50 51 61 2 25 59 28 30 28 26 18 20 51 22 33 51 54 39 46 33 20 22 25 44 11 48 14 49 46 16 42 39 6 26 53
45 42 51 34 22 15 17 35 25 19 35 24 41 27 44 7 9 22 29 21 13 33 29 20 26 23 15 43 35 29 9 29 27 34 42 10 25 26 16 33 22 46 37 34 28 37 25 28 22 16 39 5 28 35 29 10 39 33 17 11 21 19 30 26 25 25 24 25 22 47 16 26 17 24 16 14 27 22 31 25 18 34 33 44 35 13 24 36 5 33 9 12 10 35 29 39 41 21 19 30 22 26 8 11 12 9 37 11 17 30 20 11 21 37 27 12 25 23 31 31 26 33 33 44 24 26 23 15 17 30 26 18 29 35 22 17 28 13 22 26 12 1 31 5 35 38 37 9 14 37 12 28 38 24 37 10 8 20 24 30 24 36 21 30 17 19 20 28 29 9 26 28 5 6 34 30 18 31 28 18 29 25 23 21 38 20 15 21 7 12 48 20 26 35 13 41 34 36 26 22 27 30 30 24 9 27 20 29 31 12 31 37 33 9 29 20 8 29 20 34 27 17 30 8 17 0 22 32 16 39 33 12 35 22 20 24 29 42 16 36 17 25 26 30 27 19 18 9 24 29 14 25 42 38 23 29 35 39 41 6 22 25 23 12 38 21 26 23 17 25 38 26 27 32 24 33 5 26 42 37 10 24 12 14 14 31 12 17 15 22 17 35 30 35 15 35 16 27 34 28 28 34 20 16 20 26 33 36 39 34 16 34 33 46 11 16 31 15 23 13 20 46 30 16 13 30 37 12 9 15 17 25 22 37 34 10 24 14 22 35 25 37 33 29 28 20 26 35 15 16 27 20 5 27 26 18 34 4 22 8 36 34 10 33 10 36 4 28 20 31 32 28 27 20 23 13 33 33 47 27 29 45 14 27 45 25 34 38 24 33 22 24 38 24 28 27 27 12 16 34 26 16 24 40 22 23 24 17 20 16 29 14 20 18 24 28 25 40 35 18 23 27 23 30 23 17 20 16 38 14 30 31 26 19 29 26 9 30 23 41 43 27 7 30 38 19 23 35 5 21 36 9 9 38 49 23 24 21 13 17 27 4 16 24 26 35 47 39 16 25 11 39 44 29 26 15 8 6 18 35 22 33 33 25 38 38 21 23 34 12 26 22 27 12 34 29 24 26 39 21 22 35 26 40 35 11 16 11 20 36 17 33 15 21 21 46 15 20 24 40 25 34 28 17 35 10 27 32 40 39 14 25 37 13 16 26 7 21 27 35 36 49 16 14 44 11 39 16 29 26 22 36 23 33 37 38 28 33 20 13 19 19 28 23 32 27 35 31 20 27 24 15 24 39
46 43 30 56 14 21 30 19 31 17 27 8 20 48 24 28 20 42 36 35 21 34 11 26 17 44 37 44 14 50 19 40 49 32 43 27 12 9 14 28 8 25 35 33 28 29 27 31 30 25 41 25 18 32 14 28 18 12 37 31 29 40 34 33 38 37 42 28 42 26 10 6 7 36 36 8 48 21 32 33 30 31 39 23 39 26 44 37 19 26 21 31 13 28 9 20 23 39 24 35 25 20 28 25 30 21 31 26 19 25 3 29 25 18 48 15 25 41 24 19 46 14 12 23 10 21 36 23 27 40 47 20 9 37 16 28 38 16 27 16 13 22 52 23 15 19 39 30 15 34 20 49 22 45 37 14 15 37 31 51 22 26 37 51 37 40 25 8 37 29 24 36 25 25 15 12 22 27 49 16 30 22 44 35 33 28 32 42 17 13 27 15 46 16 11 39 13 18 47 43 15 13 17 35 23 36 40 19 25 33 19 20 23 15 11 36 16 8 3 26 9 17 19 29 34 22 0 35 7 35 25 32 38 43 23 33 26 20 25 42 21 34 28 32 20 4 39 13 45 11 16 42 21 35 26 50 30 18 21 27 15 41 39 27 17 40 12 33 23 46 21 47 40 38 6 37 22 36 21 34 16 3 22 23 13 22 30 5 11 13 39 19 17 23 36 21 23 33 27 41 11 20 2 6 33 29 38 40 20 16 34 40 16 25 29 32 10 27 34 34 26 25 36 29 34 22 16 33 30 32 11 46 19 15 25 13 28 35 41 14 5 35 29 17 49 40 7 38 8 26 36 32 18 10 25 39 18 25 43 23 27 13 25 39 30 39 18 49 5 10 18 17 12 39 27 25 41 18 26 35 35 24 35 37 24 46 16 35 19 29 43 45 24 16 18 14 20 26 24 25 39 33 13 37 35 42 45 37 30 33 23 8 30 34 43 40 45 20 29 14 40 41 17 14 42 8 2 27 22 9 34 27 45 29 50 33 25 9 28 22 22 10 17 39 39 40 16 18 22 14 17 29 16 24 27 26 15 12 21 30 31 25 34 24 13 21 25 19 20 36 18 20 45 14 39 36 29 27 24 15 38 22 14 34 18 24 6 24 27 17 45 31 18 32 18 31 37 19 40 5 42 15 8 20 27 26 29 12 37 39 31 18 34 35 42 25 32 36 28 19 12 13 33 27 14 27 36 12 41 39 9 19 20 17 20 15 28 7 48 39 38 28 34 9 46 16 41 32 28 32 25 19 44 25 19 32 40 13 32 32 39 38 26 35 25 38 39 35 41 34 16 30 44 21
76 11 56 52 46 45 49 54 7 19 17 30 45 47 55 31 39 48 60 19 44 3 33 51 21 36 36 73 44 46 25 61 46 63 72 24 46 44 42 13 42 51 9 6 8 63 55 58 53 47 70 36 21 9 49 26 47 37 44 30 12 46 3 57 17 57 52 55 46 54 26 41 37 56 42 32 49 14 5 10 49 10 64 46 66 20 50 66 28 59 23 28 34 61 34 53 56 49 14 5 12 52 37 43 25 40 64 23 19 14 36 41 51 36 43 25 11 28 57 23 49 47 43 52 28 16 16 46 48 62 48 17 36 4 20 16 60 41 10 49 38 33 51 37 40 34 6 37 24 65 21 47 57 47 66 28 32 50 9 46 14 60 21 51 43 35 13 34 60 30 54 8 30 29 49 31 47 59 51 45 59 14 47 52 65 51 46 44 28 26 52 45 53 37 37 70 44 51 46 37 49 30 25 56 40 10 46 52 58 38 24 54 20 27 45 21 35 39 32 59 33 44 53 32 25 32 35 0 36 67 58 41 66 38 49 11 57 48 16 67 17 56 56 60 17 33 40 33 48 32 42 54 53 67 10 51 14 41 54 35 46 56 53 44 49 30 46 54 48 45 55 42 58 64 32 2 28 12 48 66 37 36 20 18 25 56 26 34 39 45 39 28 52 57 35 56 17 58 15 59 30 26 36 32 52 7 4 67 38 33 28 65 31 55 27 47 40 18 54 39 13 52 5 48 41 19 41 39 31 46 26 40 49 43 20 28 9 35 30 47 35 8 60 51 44 47 33 4 34 47 59 52 30 31 55 41 29 30 36 39 61 43 23 64 28 67 31 49 31 42 26 51 47 48 10 20 64 28 56 9 6 56 34 59 53 47 35 66 17 11 45 45 59 21 51 25 19 22 17 19 58 25 46 69 17 30 46 33 13 24 55 33 51 22 51 60 37 52 15 22 52 58 19 29 31 37 35 48 56 31 3 59 53 50 51 8 41 39 10 55 50 45 37 61 68 39 48 52 37 45 50 40 37 59 54 53 22 24 20 19 5 35 45 12 26 28 50 38 46 13 40 37 74 28 57 34 35 35 49 48 23 21 36 9 51 58 30 12 60 23 53 11 19 29 53 59 55 18 69 31 49 47 31 41 17 43 19 35 26 5 49 52 44 52 40 54 25 51 54 51 26 42 59 16 46 41 58 36 71 69 36 19 33 23 18 24 35 29 41 66 66 55 26 30 75 39 7 48 9 7 11 53 46 17 52 65 59 46 52 42 45 47 56 15 57 13 66 62 40 59 48 20 50 54
42 45 36 50 10 15 24 20 31 17 31 13 26 42 29 22 13 36 30 33 15 35 17 20 20 39 31 40 20 45 16 34 43 28 39 23 11 11 9 31 7 31 37 35 29 27 22 26 24 18 37 20 22 34 14 24 24 19 31 26 28 34 35 27 36 30 35 23 36 32 10 10 1 29 30 5 42 22 33 32 24 33 33 29 34 24 37 33 14 24 18 26 7 26 16 23 26 33 23 35 25 17 22 19 25 15 29 23 18 27 4 23 19 24 43 13 26 37 21 23 40 17 18 28 14 23 34 16 21 34 41 19 15 38 17 26 32 9 26 14 7 17 46 17 21 26 40 25 13 31 18 44 24 39 33 10 9 31 30 45 23 25 34 45 31 35 24 15 31 24 20 35 21 20 18 17 16 24 43 11 25 24 38 29 30 22 26 37 13 11 33 10 39 22 5 36 19 21 42 38 14 19 22 29 17 34 34 17 23 27 23 22 26 12 13 33 10 14 7 24 15 11 18 24 30 16 7 36 0 32 22 25 33 38 17 31 22 26 23 37 20 28 23 27 23 6 33 8 39 16 10 36 26 32 26 44 33 24 25 21 11 34 33 21 23 36 12 27 18 41 23 42 34 32 11 38 18 35 27 31 9 9 20 21 11 20 26 3 5 10 33 25 17 22 31 22 21 27 30 35 17 25 5 5 27 30 38 35 26 22 30 34 22 30 25 26 16 25 27 28 25 31 36 23 28 25 22 27 25 25 11 41 14 21 29 9 28 30 37 19 11 37 25 16 43 34 13 39 2 20 30 26 13 16 21 34 24 20 38 17 26 18 22 34 25 34 13 43 8 15 23 16 12 33 27 22 35 23 31 34 35 29 30 32 29 40 22 32 21 32 37 39 25 18 16 19 23 23 22 28 33 29 11 34 33 37 39 32 28 29 20 3 23 31 37 34 40 24 32 14 34 35 20 20 38 2 6 21 24 6 34 24 39 22 44 32 18 15 27 25 27 12 11 33 35 35 13 20 15 10 20 23 10 25 33 21 18 14 19 28 31 19 28 24 18 26 31 25 15 34 12 26 41 19 33 31 24 22 19 19 35 26 20 33 22 25 10 25 25 15 39 29 21 27 20 26 31 22 36 9 35 20 14 26 30 20 27 6 33 40 25 18 28 29 37 30 28 30 23 24 16 19 28 25 19 21 30 18 37 35 3 21 26 15 19 18 23 10 42 35 34 34 30 7 42 10 42 26 30 32 25 21 38 29 22 29 33 17 26 26 33 31 22 33 22 36 34 30 35 28 13 27 38 24
13 77 49 61 22 24 28 23 61 49 62 43 46 54 38 44 30 45 18 59 26 67 44 20 51 58 49 12 39 58 44 23 56 6 11 49 24 29 26 63 28 47 69 66 61 8 15 13 21 24 10 37 53 66 24 48 40 43 42 48 58 43 65 18 63 25 39 16 46 45 42 32 32 25 43 36 51 54 65 61 27 65 15 48 12 51 44 8 41 10 46 49 34 9 43 31 31 39 54 66 56 16 39 30 50 31 6 49 49 59 33 36 19 49 58 43 57 60 12 54 49 32 37 42 45 55 61 24 25 22 51 50 41 70 49 55 22 27 57 20 30 38 57 35 44 52 72 41 44 2 47 56 24 49 6 40 36 35 60 59 55 13 60 55 43 54 55 42 19 46 14 65 44 44 30 46 22 9 51 23 11 56 47 29 3 21 34 49 40 41 48 23 44 47 30 5 38 30 54 56 22 48 52 23 31 64 44 17 10 43 54 26 58 40 29 59 33 37 37 11 43 24 18 45 55 39 35 67 32 0 12 39 11 55 19 61 10 43 52 17 51 21 14 11 54 37 47 35 48 45 26 37 37 1 57 54 64 47 34 39 22 33 35 31 37 57 25 23 22 54 27 58 28 15 41 69 43 64 44 2 31 37 48 50 43 14 50 34 29 23 49 54 21 17 49 21 51 17 62 28 46 55 34 37 27 61 69 14 50 49 53 16 50 40 49 33 39 53 24 43 55 46 67 27 42 57 45 42 46 33 43 57 19 41 60 39 59 48 58 34 38 69 8 20 58 42 41 70 34 25 20 25 39 45 13 48 52 43 57 33 11 38 48 17 48 11 38 53 39 36 53 19 25 40 58 51 20 52 42 64 65 38 49 23 42 51 48 1 53 63 49 52 21 50 18 49 54 50 52 60 26 54 24 2 60 59 50 52 57 54 13 35 24 56 43 25 59 36 64 46 37 31 51 49 59 31 35 26 25 37 65 9 43 23 53 62 32 39 58 31 43 27 32 21 9 51 20 28 34 22 31 37 32 20 47 17 49 46 49 55 62 38 38 56 48 55 48 50 23 63 29 51 11 49 28 50 42 40 22 33 60 57 46 62 33 22 41 56 9 45 42 59 53 49 24 12 28 54 9 40 42 35 43 49 62 31 54 33 57 71 29 23 39 30 52 43 53 33 17 37 47 41 16 54 36 34 21 43 9 7 32 53 52 45 50 50 41 42 59 13 10 46 53 38 12 29 73 32 61 62 56 26 49 60 30 7 26 33 26 39 43 39 11 61 12 64 14 13 50 17 20 53 45 30
24 67 38 60 13 19 26 12 52 39 51 32 34 53 28 38 25 44 22 52 21 57 33 17 41 54 45 23 27 56 36 28 54 11 22 42 13 17 18 52 17 35 59 57 51 5 14 15 20 21 20 33 42 56 13 42 29 31 40 42 50 42 56 20 56 27 40 15 45 34 32 21 22 27 40 26 51 44 55 53 26 55 22 37 20 44 44 17 33 2 38 44 25 4 32 20 20 39 45 57 47 7 35 26 44 26 7 42 40 49 23 33 16 38 55 34 48 55 3 43 49 20 26 31 34 45 54 20 22 27 50 41 30 60 39 47 25 20 48 9 22 33 56 30 32 40 62 37 35 12 39 55 14 48 15 32 28 35 52 57 45 4 53 54 41 50 46 31 24 40 9 57 38 38 19 34 17 6 51 15 12 46 46 30 9 19 32 47 33 32 37 14 45 35 22 16 26 18 52 52 10 36 41 25 27 56 43 6 4 39 42 15 47 32 17 52 26 26 27 2 31 17 6 40 49 33 25 58 22 12 0 36 19 51 15 53 7 32 44 25 42 23 13 14 44 26 45 26 48 34 19 39 26 11 48 53 54 35 23 35 12 35 36 28 26 53 13 24 19 52 16 55 31 21 30 60 36 56 33 11 24 25 40 42 33 3 44 24 20 13 46 42 9 6 45 10 43 20 51 32 35 44 23 27 27 51 60 22 39 37 48 23 38 29 43 31 27 45 25 40 47 35 58 26 39 46 33 38 41 31 33 55 11 29 49 31 50 44 54 23 27 59 7 9 56 41 30 61 24 22 23 25 32 33 10 45 41 37 53 28 4 27 41 23 43 20 31 52 28 24 42 8 14 39 49 43 26 41 31 55 56 27 45 27 31 50 36 12 43 53 47 50 11 40 7 38 44 42 43 49 29 48 13 13 53 55 49 48 49 48 5 25 23 50 43 29 55 25 53 36 37 34 41 38 55 21 25 23 15 28 56 7 44 22 52 54 28 27 49 21 32 16 26 26 18 48 11 16 29 13 20 33 25 10 36 15 39 35 40 48 53 33 36 46 37 44 37 38 18 55 22 39 23 38 31 46 38 36 19 22 54 46 34 54 21 12 30 47 4 36 43 51 42 43 12 14 30 43 19 29 42 24 32 37 51 27 47 25 52 62 28 12 37 31 50 32 47 33 16 25 36 29 19 46 24 30 24 32 20 18 22 42 41 36 41 39 37 31 56 21 19 36 48 29 24 22 64 30 52 53 47 15 48 49 19 8 30 21 26 36 41 38 8 53 2 57 21 18 48 20 10 46 45 19
42 51 61 26 27 18 12 41 34 30 46 35 51 18 53 10 13 11 24 26 16 42 40 20 37 20 11 40 45 21 19 23 19 34 38 17 31 34 21 44 30 56 47 43 38 39 24 27 19 16 36 7 39 45 36 15 49 43 6 13 29 9 38 22 29 19 13 24 11 56 27 35 26 18 5 24 17 33 40 32 13 44 29 54 32 21 13 34 17 35 20 14 19 37 39 46 49 9 29 38 31 29 4 10 16 12 39 18 28 41 29 4 21 48 20 23 35 23 33 42 15 42 43 53 35 37 29 16 14 24 16 29 39 44 33 26 22 19 32 31 20 11 22 9 46 49 46 4 25 37 23 20 44 14 35 21 18 9 32 22 35 39 25 20 6 16 29 39 24 11 28 35 12 13 42 40 19 33 18 23 29 36 13 13 39 19 6 12 18 23 58 25 15 46 22 40 44 44 17 18 33 41 41 18 10 34 9 33 33 5 42 43 44 20 37 25 16 39 30 36 38 21 35 10 20 12 32 41 25 39 36 0 32 17 21 31 31 51 25 31 27 20 25 29 38 29 10 19 14 39 20 14 50 39 33 20 46 49 49 6 27 15 13 9 47 20 33 18 18 17 45 20 19 28 35 42 15 33 52 38 17 34 22 24 25 34 15 27 23 28 11 46 36 39 11 41 26 23 45 20 39 45 30 26 14 35 41 32 50 45 17 29 44 54 15 8 41 23 17 4 30 56 38 12 4 42 47 4 10 7 28 20 25 46 46 21 33 10 21 44 35 46 34 34 20 9 36 43 24 15 22 15 16 38 27 10 45 12 19 10 38 43 19 28 14 33 15 18 30 40 43 33 34 9 33 22 27 44 56 34 37 53 11 21 54 15 45 38 34 43 13 15 43 35 32 39 39 20 25 45 19 19 31 40 28 22 14 14 28 20 32 24 16 22 13 21 21 49 46 29 12 18 35 41 22 25 30 13 45 25 39 32 15 16 19 34 9 40 32 48 52 35 15 24 36 13 27 43 10 26 44 3 16 43 58 23 35 32 24 23 37 8 5 34 38 47 56 49 19 31 15 50 41 40 17 12 6 7 18 44 25 44 44 33 46 44 32 33 36 23 15 30 38 13 40 28 16 38 36 31 11 44 36 51 46 9 22 20 21 45 11 39 3 13 15 55 18 10 23 49 36 44 24 25 44 6 22 43 38 37 23 37 48 24 27 37 7 32 21 32 33 59 18 24 41 18 47 9 39 35 32 42 13 44 45 40 20 42 14 1 8 7 30 29 34 33 31 28 13 24 29 22 13 46
11 76 56 52 25 21 20 30 59 48 63 45 52 45 46 39 27 36 8 55 22 66 48 15 52 51 42 9 45 50 42 13 48 9 7 45 28 33 25 63 31 54 69 66 60 17 11 8 14 19 5 32 54 66 30 44 47 47 34 43 55 35 63 10 59 16 30 11 38 52 42 36 33 15 35 36 43 53 64 59 19 65 5 55 1 48 36 4 38 17 43 44 33 17 46 38 39 30 52 64 54 19 33 25 45 27 16 45 48 60 35 29 15 54 50 42 57 54 18 56 41 37 43 49 47 55 58 20 19 11 43 49 45 68 50 52 12 25 56 24 29 34 48 30 49 56 71 35 43 10 45 47 33 40 5 39 34 27 58 51 55 21 55 46 35 47 53 45 10 41 15 62 39 40 37 49 19 14 42 23 9 55 38 21 13 15 26 41 38 40 55 23 35 51 30 10 44 37 46 49 27 50 54 15 27 61 36 22 16 36 56 33 59 39 34 54 31 41 39 18 46 23 24 39 50 35 38 66 33 11 19 32 0 47 17 58 13 50 50 6 49 13 11 7 55 38 40 33 40 48 25 28 44 12 56 45 65 52 41 34 24 24 26 25 44 51 29 15 18 46 34 50 18 5 43 67 39 61 51 11 29 39 46 48 42 20 45 35 29 25 41 57 27 24 42 28 49 9 63 18 49 58 36 37 19 59 67 4 55 52 48 5 53 47 44 25 43 50 16 36 54 53 64 21 34 58 50 35 40 25 43 50 20 47 61 38 57 41 52 40 41 69 13 25 50 34 44 68 34 19 10 17 37 47 13 40 56 38 50 28 19 44 45 6 43 2 35 45 40 41 56 24 30 32 56 48 10 55 49 61 63 45 43 14 49 42 52 10 53 64 41 44 29 51 23 51 55 46 49 61 17 49 27 11 56 53 42 46 55 49 17 35 17 52 34 15 51 43 64 46 28 21 52 52 53 32 37 20 33 37 63 13 34 17 44 60 27 43 56 39 50 32 29 11 4 43 22 35 30 24 38 31 29 28 54 13 50 47 46 51 61 33 30 55 50 58 55 54 20 59 26 55 9 51 19 44 36 35 18 40 55 59 50 60 40 30 43 55 16 43 33 57 54 43 31 7 19 54 5 41 34 41 45 54 63 25 50 32 52 70 21 30 31 22 45 50 48 25 12 44 48 46 8 51 42 28 11 48 7 7 32 53 56 44 49 51 36 43 51 3 1 54 48 38 10 27 72 24 61 60 55 33 41 61 37 16 16 39 18 32 35 31 14 57 18 61 3 4 43 9 23 50 37 37
57 48 73 14 42 33 28 56 33 35 49 44 62 9 66 16 28 13 39 21 31 41 49 36 43 5 7 55 57 8 26 37 8 49 54 19 46 48 36 46 44 68 47 43 38 55 41 43 35 32 51 20 44 45 50 17 61 54 14 13 28 14 35 38 23 33 21 39 12 69 36 48 39 33 13 35 11 36 40 30 29 45 44 65 47 22 15 50 25 51 25 14 32 53 49 60 63 18 31 35 33 45 17 26 16 27 55 20 32 44 41 20 37 57 5 30 37 12 49 48 12 55 55 65 44 40 24 32 31 38 10 33 50 42 39 25 37 34 32 46 33 22 13 23 56 57 44 15 32 53 27 9 59 10 51 30 29 22 31 9 38 55 19 13 13 5 31 49 39 15 44 32 18 19 55 50 35 49 13 38 44 39 12 27 55 34 22 8 27 32 69 40 18 56 35 56 56 58 8 3 48 49 48 33 25 30 13 49 49 13 48 58 48 29 50 19 29 50 41 52 48 36 50 15 15 22 43 38 38 55 51 17 47 0 37 29 47 63 27 45 30 35 42 45 42 40 8 31 12 49 35 23 63 54 33 13 48 59 62 18 42 26 24 25 60 10 47 33 34 7 59 5 32 43 45 39 22 28 64 53 30 45 26 27 33 50 15 38 37 43 6 53 51 55 8 56 29 39 47 32 48 52 42 37 29 35 38 47 60 53 12 44 52 67 16 23 52 24 32 13 31 68 35 28 13 46 58 14 14 23 37 4 41 58 50 31 33 9 10 57 47 46 50 50 6 15 46 40 36 31 37 31 25 47 43 8 53 19 4 25 54 55 21 43 15 48 25 11 41 53 50 48 48 17 33 23 41 51 69 31 34 66 8 35 66 9 55 54 39 44 9 7 59 41 48 46 43 22 27 49 32 15 45 56 23 10 9 7 27 16 47 35 32 18 18 35 5 62 48 36 22 30 40 49 9 38 42 30 60 35 37 48 19 32 13 32 24 51 32 62 64 48 28 38 51 4 43 57 24 41 57 19 30 58 70 39 41 40 28 21 36 20 18 36 45 53 68 59 34 27 30 59 56 48 31 8 15 17 34 57 17 49 54 29 59 59 42 35 52 29 20 29 43 13 55 44 30 43 51 42 16 57 46 61 49 25 21 32 14 42 27 54 17 26 3 68 15 24 38 62 44 56 40 25 56 22 36 53 53 53 36 42 57 30 30 44 16 41 5 47 48 71 14 34 56 32 44 24 40 33 34 57 10 47 59 56 34 55 30 16 13 18 46 25 50 27 46 44 5 39 44 20 15 60
27 59 47 45 11 5 12 22 43 32 47 29 39 38 37 25 11 30 14 40 7 49 33 4 36 40 31 25 32 41 25 18 39 14 23 30 15 20 9 47 17 43 53 49 44 19 6 10 8 6 21 19 38 50 19 29 35 34 25 29 39 27 47 11 44 15 25 6 30 42 26 23 17 14 25 20 36 37 47 43 11 49 17 42 18 32 30 18 22 15 27 30 16 17 32 29 31 24 36 48 38 9 20 12 31 12 18 30 32 43 20 18 2 40 41 25 40 41 13 40 34 26 30 39 31 39 43 5 8 17 35 33 31 52 33 36 16 9 39 13 13 19 41 16 36 42 54 23 27 18 29 40 26 33 18 22 18 20 42 42 38 19 41 39 26 36 37 31 15 27 8 47 25 25 26 34 3 12 36 7 10 39 31 16 19 6 17 32 22 24 44 9 30 37 14 22 31 27 37 38 16 35 38 13 13 45 28 14 13 25 40 25 43 22 22 40 15 28 23 16 31 7 15 26 36 20 23 49 17 19 15 21 17 37 0 42 10 38 34 20 33 12 7 11 39 22 30 17 33 33 9 25 34 19 39 39 49 39 32 21 10 22 22 13 33 39 17 11 4 37 27 40 19 16 28 51 24 45 39 18 13 25 30 32 25 14 31 19 13 12 31 41 18 19 31 22 33 11 47 20 33 42 21 21 13 43 51 19 42 38 34 18 38 39 30 17 30 34 13 25 37 42 48 11 24 42 37 24 27 16 27 40 6 34 45 22 41 30 40 29 27 52 14 16 41 26 29 52 18 7 13 11 21 32 7 30 40 24 39 14 18 31 30 17 29 18 19 38 25 28 40 14 18 25 40 32 19 40 40 45 47 37 30 16 39 35 38 19 37 47 32 35 24 34 13 35 39 31 33 45 18 35 14 21 41 41 34 34 39 35 11 18 9 37 29 18 41 33 48 29 23 21 35 36 41 16 22 9 27 21 47 12 30 8 38 44 13 30 40 31 39 19 14 16 20 33 9 26 15 10 28 19 13 24 44 4 34 30 30 36 44 19 21 39 34 43 44 41 4 44 10 41 25 36 18 31 24 22 4 29 41 43 36 44 30 25 27 39 16 27 29 41 38 30 23 10 17 38 20 25 27 30 30 41 47 13 35 15 38 54 13 21 22 17 35 40 34 19 6 34 32 33 11 35 30 16 14 33 22 20 16 37 42 27 32 35 23 27 41 18 18 44 34 22 26 10 56 16 45 44 39 25 33 45 28 19 18 27 12 21 26 23 9 42 14 46 17 14 33 12 11 35 31 29
68 20 58 42 41 38 40 51 5 17 23 29 46 36 54 22 32 38 52 9 36 13 33 43 22 26 26 66 43 36 17 52 36 56 65 15 41 41 36 19 38 52 19 15 11 58 48 51 45 40 63 28 22 17 45 17 48 38 35 20 4 36 8 49 8 48 43 48 36 55 23 39 32 47 32 27 39 13 12 1 41 18 56 48 59 11 40 59 21 53 16 19 28 56 33 52 55 39 10 7 9 46 28 34 16 32 58 14 14 18 33 32 44 38 33 19 12 18 51 26 39 46 42 52 27 17 6 38 40 54 38 14 35 14 19 7 51 34 7 44 31 25 41 29 40 37 16 28 19 59 14 37 54 37 60 22 25 40 3 36 14 55 11 40 33 24 9 33 52 21 48 5 20 20 46 32 40 53 41 39 52 15 37 44 60 44 37 34 21 21 54 39 43 38 32 64 43 49 35 27 45 31 27 47 32 4 36 48 52 29 27 52 25 21 43 11 28 38 30 54 32 38 48 22 15 24 33 11 31 61 53 31 58 29 42 0 51 48 9 59 12 48 49 53 19 30 30 27 38 32 35 44 52 60 9 41 21 42 53 26 41 46 43 35 48 20 42 46 40 34 53 32 49 56 31 11 20 5 49 60 31 34 13 11 21 50 17 30 33 40 29 32 48 53 25 52 11 50 21 50 30 30 33 28 43 8 10 59 41 35 18 57 33 55 17 38 39 9 46 30 8 53 7 39 31 23 42 29 22 37 22 30 43 44 25 23 7 25 20 46 34 18 54 47 34 37 32 12 29 39 51 44 22 31 48 31 32 21 26 31 56 42 14 56 18 60 24 39 28 41 29 46 43 38 8 11 56 31 56 3 6 55 24 50 53 37 36 60 17 17 35 35 55 21 47 26 21 13 10 24 49 15 42 62 7 20 36 23 4 14 49 28 43 11 41 51 27 51 22 20 43 49 19 30 21 33 32 39 54 26 8 52 43 42 41 3 32 38 6 54 50 42 29 53 61 29 42 50 29 40 49 31 30 55 55 46 22 23 13 9 8 27 35 12 26 31 52 40 39 4 33 40 67 29 48 24 26 26 41 47 13 25 37 2 50 55 28 11 55 17 44 2 21 19 50 52 46 20 62 29 39 46 30 43 23 34 9 29 16 14 40 49 34 43 30 54 15 41 47 50 25 41 51 8 45 33 50 37 64 62 31 20 36 17 13 24 25 27 31 59 59 56 16 25 68 33 16 39 14 5 9 51 36 22 50 59 50 45 43 32 35 38 50 5 52 6 58 55 30 51 43 10 40 52
21 67 43 55 13 15 21 17 51 39 53 33 39 47 33 35 21 39 16 50 17 57 35 12 42 50 41 19 32 51 34 21 49 6 18 39 15 20 16 53 18 41 59 56 51 9 8 9 14 16 16 29 43 56 17 39 34 35 35 39 48 36 55 14 53 21 34 9 39 39 32 24 22 20 35 26 45 44 55 51 20 55 16 42 14 41 39 12 31 5 36 40 24 7 34 25 26 33 44 56 46 6 30 22 41 22 8 39 39 49 24 28 11 41 50 33 47 51 5 45 43 24 30 36 35 45 52 15 17 20 45 40 32 60 39 45 19 17 47 11 20 29 50 26 36 44 62 33 34 9 37 49 20 43 11 30 26 29 50 52 45 10 50 49 35 46 45 33 17 37 4 55 34 34 24 37 13 2 45 13 6 46 41 24 9 13 26 42 30 31 42 13 39 39 20 14 31 24 47 48 14 39 43 19 23 54 37 9 3 35 44 20 48 31 21 49 23 29 28 7 34 14 11 36 45 29 26 57 22 10 7 31 13 47 10 51 0 37 43 19 41 17 7 8 44 27 40 25 42 36 16 32 31 10 47 48 54 39 28 31 12 29 30 23 31 49 16 18 14 47 22 50 25 15 31 59 33 54 38 9 21 27 39 40 33 7 40 25 19 14 41 45 14 12 41 16 41 13 52 25 37 46 24 27 21 51 59 17 42 40 44 17 41 35 39 26 30 43 19 35 45 40 57 20 34 47 37 34 37 25 33 50 9 34 50 29 49 40 50 27 29 59 4 12 51 36 32 60 24 17 17 19 30 35 5 40 43 33 49 24 9 31 39 17 39 15 28 47 29 28 44 11 17 34 48 41 20 43 37 54 55 33 40 20 36 44 39 10 43 54 42 45 17 40 10 40 45 40 42 50 23 44 14 12 50 51 43 44 47 45 4 25 17 47 37 23 51 30 54 36 31 27 42 40 51 21 26 18 21 27 55 2 38 17 47 52 23 31 48 27 37 19 23 19 14 43 10 22 25 13 25 29 22 16 41 9 40 36 39 45 52 29 31 46 39 46 42 41 14 53 19 43 19 39 25 41 34 32 14 27 51 47 37 52 27 18 31 46 6 35 37 49 43 40 18 8 23 44 15 30 36 28 34 41 52 23 44 23 48 61 22 17 31 25 45 37 43 27 10 31 37 33 13 44 29 26 18 35 16 14 22 43 44 35 40 40 33 32 51 16 14 41 44 28 20 19 63 25 51 52 46 20 42 50 24 9 23 26 20 31 36 32 1 51 5 55 16 12 43 14 11 44 39 25
55 53 10 75 28 38 48 21 45 32 34 20 4 68 9 47 39 62 50 53 39 46 16 41 28 63 56 54 7 70 38 55 68 42 53 46 23 19 32 37 22 5 44 44 41 35 41 44 45 42 52 45 28 42 21 47 3 11 57 50 46 59 48 48 55 53 61 42 62 7 28 17 25 52 56 28 67 35 44 48 48 40 52 6 51 45 63 48 38 34 40 50 32 35 15 13 15 58 39 49 40 32 48 44 49 40 37 45 35 34 23 49 40 13 68 34 38 60 33 26 66 13 9 5 22 33 53 40 44 55 66 36 14 48 30 45 53 34 42 27 32 42 72 43 9 15 50 50 33 43 38 69 20 64 47 33 34 56 46 71 35 31 55 71 57 60 40 16 51 49 36 51 45 45 13 17 38 37 68 32 42 35 63 53 40 44 51 62 37 32 7 30 65 12 30 47 8 14 67 62 24 19 23 51 42 51 60 28 35 53 25 18 29 35 17 54 35 13 23 33 17 33 26 49 53 42 20 48 26 43 32 51 50 63 38 48 37 0 42 55 38 49 41 44 31 23 58 33 65 17 33 60 8 42 41 70 37 8 11 47 29 59 58 46 7 59 22 49 40 66 18 67 56 51 19 50 42 52 1 42 35 18 40 40 31 31 49 25 29 27 58 21 23 27 56 23 39 47 35 57 19 23 22 26 50 43 51 53 12 16 54 53 18 9 49 51 11 45 50 54 41 5 50 47 54 30 7 52 49 50 28 66 33 5 30 33 42 55 60 10 17 45 38 25 68 59 17 51 27 43 51 49 38 18 38 59 20 44 63 42 33 8 44 53 49 50 38 69 23 11 23 27 21 58 41 43 55 21 9 50 49 10 55 53 6 66 14 43 32 39 63 65 24 28 28 23 30 44 41 31 55 52 24 44 52 61 64 57 46 52 33 28 46 52 63 56 65 9 36 30 59 58 30 20 61 26 22 44 19 28 47 37 64 45 69 48 44 12 43 14 2 19 37 54 50 60 29 16 41 29 13 48 35 25 8 41 27 26 39 48 44 44 54 37 23 22 6 11 37 52 37 13 54 21 56 56 49 47 41 10 56 28 13 49 11 23 22 38 35 35 64 46 29 51 20 44 54 30 51 22 61 9 19 9 33 45 47 32 56 50 49 21 54 53 62 6 51 55 42 7 23 8 47 44 9 47 51 12 51 49 28 30 16 35 37 25 48 23 67 52 49 9 53 29 55 35 52 51 40 46 40 18 64 33 14 37 56 12 49 52 58 57 37 51 33 54 52 48 61 48 28 48 64 15
60 27 51 41 32 30 33 43 10 10 22 22 40 34 47 16 24 34 44 12 28 17 26 35 17 26 23 58 36 35 9 45 34 48 57 9 33 33 27 20 30 46 22 18 13 49 40 43 37 32 54 21 18 20 37 11 41 31 30 16 6 32 14 42 14 41 37 40 32 48 15 31 24 40 28 19 36 9 15 9 34 20 49 42 51 6 36 51 13 45 8 15 19 47 27 44 47 34 5 14 6 38 22 27 12 24 50 8 7 17 25 26 35 33 32 11 11 20 43 22 36 38 35 45 21 14 12 30 32 46 35 7 28 19 13 4 44 26 7 36 23 17 39 21 34 32 22 22 10 51 6 35 46 34 51 13 17 34 8 35 11 47 14 38 29 23 4 26 45 16 39 13 14 13 39 26 32 44 38 30 44 12 34 37 51 36 30 31 13 13 47 31 39 32 23 55 36 42 33 26 36 25 22 40 25 12 32 39 43 24 23 44 22 13 34 13 20 30 22 45 26 29 40 17 14 16 25 16 23 52 44 25 50 27 34 9 43 42 0 51 4 40 40 45 16 22 27 18 35 26 27 39 45 52 8 38 22 36 45 20 32 40 37 28 41 20 34 38 32 33 44 31 43 48 24 18 12 13 42 51 22 26 5 3 12 42 13 22 25 32 26 27 39 45 22 44 3 42 21 43 24 26 24 20 36 10 17 51 35 29 16 49 28 48 13 31 32 4 39 25 5 47 15 32 26 20 35 24 17 30 15 29 34 37 23 14 8 22 20 38 26 21 46 38 33 33 25 19 21 32 43 36 14 24 40 28 27 14 25 23 47 35 8 49 14 51 15 36 21 33 25 38 35 33 8 4 48 26 49 12 13 48 21 43 46 34 31 52 13 18 32 32 47 15 38 21 17 6 1 22 42 13 33 54 11 21 33 20 6 12 41 20 35 12 37 44 27 43 22 12 37 42 14 25 22 24 24 32 46 18 14 44 39 35 38 10 25 31 7 46 44 34 21 45 53 26 34 42 21 32 41 24 21 47 49 38 16 16 5 8 12 20 30 10 20 28 46 35 30 12 25 35 59 23 41 21 20 19 33 39 15 22 31 10 42 47 20 9 46 9 39 7 17 16 42 44 39 16 54 21 35 38 23 37 22 27 7 20 16 20 33 41 28 36 27 47 13 35 39 43 19 35 43 3 37 26 43 30 55 54 22 15 32 9 5 19 19 19 30 51 51 50 14 17 59 24 23 32 15 10 7 43 33 20 43 51 44 37 36 26 31 32 42 11 44 14 50 47 27 43 34 8 36 45
12 77 62 48 29 23 20 35 61 51 66 49 57 43 52 39 28 34 8 55 24 68 52 17 56 49 41 11 49 47 43 10 45 15 10 45 33 38 28 66 35 59 71 68 62 23 15 12 15 20 8 33 57 68 35 44 52 52 32 42 56 32 65 10 59 13 27 14 35 57 45 41 36 13 33 39 40 55 65 60 19 67 4 60 5 49 33 10 40 23 44 44 35 22 51 43 44 28 54 65 56 23 33 25 45 28 22 46 50 62 39 29 18 58 47 44 59 53 23 59 38 43 48 54 50 58 58 22 20 8 40 52 49 70 52 53 9 28 57 28 32 35 45 31 54 60 72 34 45 15 47 45 38 38 11 41 37 24 59 48 57 26 55 43 33 46 55 50 8 41 19 63 40 40 42 53 22 19 39 26 14 58 36 19 19 16 25 38 40 43 60 27 31 56 33 15 48 42 43 47 32 54 58 13 27 62 33 28 21 35 59 39 62 41 38 54 33 46 43 24 50 26 29 39 50 36 42 67 37 17 25 31 6 45 20 59 19 55 51 0 51 12 15 12 58 42 38 35 37 52 28 25 49 18 58 42 68 57 47 34 28 21 23 25 49 51 34 14 20 43 40 48 15 5 47 69 40 61 56 17 31 43 47 49 44 25 45 39 32 30 40 61 32 30 41 34 51 10 66 14 52 61 40 40 17 61 68 3 60 57 47 3 57 53 44 24 48 51 14 35 55 58 66 20 33 61 55 34 40 24 46 48 24 51 65 40 59 40 51 46 45 71 19 31 47 31 48 70 37 20 9 16 38 51 18 38 59 39 48 29 25 49 46 3 44 6 37 42 44 46 59 29 34 29 58 49 5 59 55 62 64 51 42 11 54 40 56 16 56 66 38 41 35 54 28 55 58 47 51 64 14 49 32 17 57 52 39 45 56 49 23 38 17 52 31 12 50 48 67 48 25 17 55 56 52 35 41 20 39 40 65 18 30 17 41 61 27 48 58 45 55 37 31 8 9 42 27 40 31 28 43 30 32 34 59 16 53 50 48 52 62 33 28 57 54 62 60 59 23 60 28 60 12 55 16 43 36 35 19 45 55 62 54 61 45 36 46 57 22 45 29 58 57 43 36 11 16 57 9 45 31 47 49 59 66 25 51 34 52 71 20 35 30 19 43 55 48 22 14 49 52 51 9 52 47 28 10 52 10 11 35 56 61 46 50 54 36 46 49 4 7 60 48 41 11 29 74 23 63 61 57 38 38 64 42 22 13 44 17 30 33 28 19 58 23 62 4 7 41 9 28 50 34 43
59 27 48 44 30 29 33 40 11 6 20 19 36 37 44 17 23 36 44 15 27 17 23 34 13 29 25 57 33 38 9 45 37 46 56 12 31 30 26 18 27 43 21 17 12 47 39 42 37 31 54 21 15 19 34 14 37 28 32 18 8 33 15 41 17 41 39 39 35 45 11 27 21 40 29 16 38 7 15 12 34 18 48 39 50 9 38 50 12 43 8 17 18 45 23 41 44 36 3 15 5 36 23 27 14 24 48 11 4 15 22 26 34 29 35 9 9 23 41 19 38 35 31 42 17 11 15 30 32 46 37 3 25 20 10 7 44 25 7 34 21 18 42 22 30 29 22 24 8 49 5 38 43 36 50 11 15 35 10 38 9 45 17 41 30 26 4 23 44 18 38 15 16 15 36 22 31 43 40 29 42 10 36 37 49 35 31 33 12 10 44 29 40 29 21 54 33 39 36 29 34 21 19 40 25 15 34 37 42 25 19 41 19 11 32 16 19 27 18 43 22 28 37 19 17 17 21 17 20 51 42 27 49 30 33 12 41 38 4 51 0 40 39 44 13 19 29 17 37 22 25 40 41 50 7 41 20 33 42 21 30 41 39 28 37 23 31 38 32 35 42 34 43 47 20 18 13 15 39 50 21 23 5 4 10 40 15 19 23 30 28 24 37 42 24 41 2 42 19 44 20 23 22 17 36 10 19 51 32 25 19 49 24 45 15 32 28 8 39 26 5 43 16 32 28 17 32 26 19 31 12 32 32 33 20 12 8 24 24 35 23 21 44 36 36 35 21 20 19 31 43 36 14 21 38 30 24 16 28 23 45 32 10 48 16 51 15 39 18 30 21 36 32 35 8 7 48 22 45 14 15 44 23 43 43 36 27 50 9 17 34 35 44 12 36 18 14 9 3 19 43 16 31 52 14 25 35 23 9 15 39 18 35 15 39 44 30 40 19 9 38 43 10 21 25 22 21 32 43 15 15 42 41 34 41 12 25 27 8 43 40 31 20 45 52 29 32 39 21 30 38 25 20 44 45 37 13 13 4 11 12 20 31 8 17 24 42 31 29 15 24 31 58 20 42 24 22 21 32 36 19 19 27 13 39 44 17 7 44 7 41 10 14 18 39 43 40 13 53 18 37 35 20 34 20 27 10 19 20 21 34 38 30 37 30 44 16 36 38 39 16 31 42 6 34 26 42 27 54 53 20 12 28 6 1 15 21 16 34 50 50 46 17 14 58 23 23 32 13 12 6 40 35 18 40 49 44 34 36 28 32 34 40 14 42 17 49 46 30 43 32 11 38 42
23 66 58 40 22 14 9 32 50 40 56 40 51 34 48 28 17 25 5 44 14 57 44 9 46 39 30 20 43 38 32 6 36 17 19 34 26 31 20 56 28 54 61 57 51 24 10 9 4 10 17 21 48 58 30 33 46 45 22 31 45 22 54 4 48 5 18 8 26 53 35 34 28 4 23 29 31 45 55 49 8 57 9 54 13 37 24 15 29 22 33 32 25 23 43 40 41 19 43 54 45 19 22 14 34 17 23 34 39 52 31 17 10 51 38 33 48 42 21 50 29 37 41 50 41 48 47 12 9 7 31 41 42 59 42 42 5 19 46 23 22 24 36 20 47 53 61 23 35 19 36 36 36 29 17 30 26 15 48 39 47 26 44 34 23 35 44 42 5 29 15 52 28 29 37 45 12 18 30 19 12 47 27 9 22 6 14 29 29 32 55 20 24 49 24 22 42 38 34 36 26 46 49 3 16 51 23 24 20 24 50 35 53 30 33 43 22 39 34 23 42 17 25 28 38 25 34 56 28 21 23 20 13 35 12 48 17 49 40 12 40 0 10 11 48 33 28 25 28 44 19 17 45 21 47 33 57 50 43 23 21 13 14 13 44 39 28 3 11 33 37 38 8 9 39 57 29 50 50 20 21 35 36 38 34 23 34 30 24 23 29 52 28 28 30 31 40 5 56 9 44 52 32 31 7 50 57 13 53 49 36 10 49 49 33 13 41 39 3 24 44 53 54 9 22 51 48 23 29 13 36 38 17 45 55 30 48 29 40 40 37 60 19 26 38 22 40 59 28 9 3 5 27 43 13 28 51 27 38 18 25 42 34 9 32 14 26 33 35 39 50 24 29 20 47 37 9 50 51 51 53 47 31 5 50 31 48 20 45 56 28 31 33 44 23 45 48 36 40 54 7 37 25 22 45 41 30 34 44 38 20 28 5 41 22 7 39 44 57 38 16 11 45 47 41 27 33 9 37 31 54 17 23 6 32 50 16 41 47 42 50 31 21 6 17 31 20 36 20 21 39 19 21 32 55 9 44 40 37 40 51 22 18 47 44 53 55 52 14 49 18 53 21 46 8 32 25 24 10 40 44 52 47 49 41 34 37 46 22 34 22 47 47 32 33 10 7 47 17 36 22 41 41 52 56 14 39 25 40 60 9 31 19 10 33 51 37 13 8 45 42 44 6 41 41 16 3 45 19 19 26 46 53 35 40 45 24 37 39 12 14 55 37 31 22 19 63 12 52 50 46 35 29 54 39 24 7 38 6 19 23 18 16 47 22 50 11 9 31 4 22 39 25 39
20 66 49 49 15 11 15 23 50 38 53 35 43 41 39 31 17 33 10 47 13 56 38 7 42 45 36 18 36 45 32 15 43 9 17 36 18 23 15 53 21 45 59 56 50 15 1 4 8 11 15 24 44 56 21 35 38 38 29 35 46 30 54 8 50 15 27 3 33 44 32 27 22 14 30 26 39 43 54 49 14 55 12 46 12 39 32 11 29 12 34 36 22 13 36 31 32 27 42 54 44 10 26 17 37 18 14 36 38 49 25 23 6 44 45 32 47 47 11 46 37 29 34 41 36 45 49 11 11 14 39 39 35 58 39 42 13 15 46 15 19 26 44 22 40 46 61 28 33 12 35 43 26 37 11 29 25 23 48 46 45 16 47 43 30 41 43 35 11 33 6 53 31 31 28 39 9 9 39 13 4 45 35 17 14 8 21 36 28 30 47 13 33 42 20 16 35 29 41 43 18 40 44 13 18 52 31 14 10 30 45 26 49 29 25 46 21 32 29 13 36 13 16 32 42 26 28 56 23 14 13 25 11 42 7 49 7 41 40 15 39 10 0 5 45 28 35 23 36 38 15 26 36 14 46 42 55 43 34 26 14 23 23 18 35 44 20 11 9 41 27 45 18 11 33 57 30 52 42 13 19 29 36 38 32 13 37 25 19 16 36 47 19 18 36 22 40 7 53 19 38 47 26 27 15 49 57 13 46 42 40 13 43 40 36 20 34 40 13 29 44 45 55 15 29 48 41 29 33 20 33 45 10 38 51 28 47 35 45 32 31 59 9 17 45 30 34 59 24 12 11 13 27 37 4 35 45 30 44 19 15 35 36 12 35 12 26 41 30 31 45 15 21 28 47 38 15 45 42 52 53 38 36 14 41 39 42 13 43 53 36 39 23 40 14 41 45 37 40 51 17 41 17 15 47 46 37 39 45 41 10 24 11 44 31 16 46 35 54 35 25 21 42 42 46 22 27 12 27 27 54 7 32 11 41 50 19 34 47 32 41 23 20 13 13 38 13 27 21 14 30 24 20 23 46 4 40 36 37 42 51 25 25 45 40 48 46 45 10 50 16 46 19 41 18 37 29 27 9 31 47 48 40 50 32 24 32 45 12 33 31 47 44 36 23 4 17 44 14 31 30 33 35 45 52 18 41 22 44 60 16 22 26 18 40 42 40 21 4 36 38 36 7 42 33 21 11 38 15 14 22 43 46 34 39 41 28 33 46 12 11 46 40 28 20 17 62 19 51 50 45 26 36 51 29 15 17 30 13 26 30 26 6 48 12 52 12 8 38 8 13 41 33 30
16 70 51 51 18 15 17 25 54 42 57 39 45 44 41 35 22 35 9 51 17 60 41 10 46 48 39 14 39 48 36 15 46 6 13 40 22 27 19 57 24 48 63 60 54 14 5 2 10 14 10 28 48 60 24 39 41 41 32 38 50 33 58 8 54 15 29 6 36 46 36 30 26 15 32 30 41 47 58 54 16 59 9 49 8 43 34 7 33 12 38 40 27 13 40 33 33 29 47 58 49 13 29 20 41 22 13 40 42 54 29 26 10 47 48 36 51 50 12 50 39 32 37 43 40 49 53 15 15 13 41 44 39 63 44 47 13 20 50 18 23 30 47 26 43 50 65 31 37 9 40 46 27 39 7 33 29 25 53 49 49 16 51 45 33 44 47 39 10 37 9 57 35 35 31 43 13 9 41 17 2 50 37 19 11 11 23 39 33 34 49 17 34 45 24 12 38 31 44 46 20 44 48 13 22 56 34 17 10 33 49 28 53 33 28 50 25 35 33 14 39 17 18 35 45 30 32 60 27 11 14 29 7 45 11 53 8 44 45 12 44 11 5 0 49 32 38 27 38 42 19 27 38 11 50 44 59 46 36 30 17 24 25 21 38 48 23 13 13 44 29 48 19 8 37 61 34 56 45 10 23 33 40 43 36 14 40 29 23 19 39 50 21 19 39 23 44 7 57 19 42 51 30 31 17 54 62 10 49 46 44 10 47 42 39 23 37 45 14 33 48 47 59 18 32 52 44 32 36 22 37 48 13 41 55 32 51 38 49 35 35 63 8 20 48 32 37 63 28 15 10 15 31 41 7 37 49 34 47 23 15 38 40 10 39 8 30 43 34 35 49 18 24 30 51 42 13 49 44 56 58 40 39 14 43 41 46 10 47 58 39 42 24 45 17 45 49 41 44 55 17 45 21 11 51 50 40 42 49 45 12 29 13 48 33 16 49 37 58 40 27 22 46 45 50 26 31 16 28 31 58 7 33 14 43 55 23 37 51 34 44 26 24 13 9 41 16 29 25 18 32 27 24 23 48 8 44 40 41 46 55 28 28 49 44 52 49 48 15 54 20 49 15 45 19 40 33 31 13 34 51 52 43 54 34 25 36 49 12 37 32 51 48 39 25 1 18 48 10 35 32 36 39 48 57 21 45 26 48 64 19 24 28 20 43 44 44 23 7 38 42 40 6 46 36 24 11 41 11 10 26 47 50 38 43 45 32 37 48 9 7 49 44 32 15 21 66 22 55 55 49 27 39 55 31 14 17 33 16 29 33 29 8 52 13 56 8 5 41 8 17 45 35 32
64 24 40 56 32 35 42 39 16 8 9 13 28 49 38 29 31 47 51 26 34 16 16 41 4 41 37 62 27 50 19 53 49 50 61 24 31 28 30 9 28 34 16 14 11 49 44 48 44 38 59 32 4 13 33 26 30 20 43 30 18 45 18 48 27 50 49 44 46 37 13 25 23 49 41 19 50 7 14 19 42 11 55 30 56 21 49 55 22 45 19 29 23 47 17 37 40 47 12 19 11 39 34 35 26 32 50 23 11 5 22 37 40 19 47 16 8 35 43 7 50 31 26 35 11 3 25 36 40 54 49 10 19 19 6 18 52 30 13 35 26 28 54 31 23 18 20 35 14 53 16 50 40 48 55 18 22 46 17 50 5 45 28 53 42 38 13 17 52 29 42 21 27 26 32 14 37 46 52 33 47 5 47 46 52 42 41 45 21 16 35 33 52 20 25 58 27 35 48 41 34 13 8 48 33 22 45 38 44 37 8 38 7 19 30 27 26 22 18 45 16 32 38 30 29 27 20 17 23 54 44 38 55 42 39 19 44 31 16 58 13 48 45 49 0 18 41 23 49 15 31 51 36 54 11 53 10 24 37 32 33 51 49 37 32 35 31 46 38 47 39 46 52 54 16 19 24 23 31 53 27 20 17 16 14 42 27 20 26 32 40 13 37 42 36 40 14 48 9 53 13 11 21 18 45 13 21 57 22 16 31 56 14 38 27 42 23 19 47 38 13 35 20 41 39 5 24 37 30 41 12 44 36 26 9 18 13 36 36 30 19 16 47 36 48 46 16 21 21 39 50 44 23 14 43 42 13 27 40 32 47 26 22 55 28 56 24 51 16 25 10 37 32 46 12 19 56 12 39 20 19 39 35 51 36 48 18 54 4 10 46 47 43 5 37 8 2 21 15 7 51 28 32 56 25 36 47 35 18 27 42 21 43 27 50 53 42 35 10 10 49 52 4 12 37 24 20 39 40 18 17 46 52 42 52 18 34 22 14 38 33 30 28 53 57 41 34 36 30 32 34 36 27 43 37 42 5 9 15 23 14 31 41 8 9 13 33 22 35 23 31 21 63 11 51 36 33 32 39 31 30 7 19 20 34 43 14 9 47 15 52 18 2 30 37 48 49 1 58 15 48 30 14 25 9 36 22 24 31 21 42 37 41 46 42 37 28 46 44 34 9 25 49 18 29 36 50 19 59 58 24 2 17 14 12 7 32 13 46 56 55 38 29 17 64 29 22 42 10 17 10 37 47 7 36 51 52 30 44 39 44 45 44 23 44 25 56 52 42 49 34 23 49 38
47 41 33 53 15 20 29 22 28 14 26 8 23 45 27 25 18 40 35 32 19 32 12 25 15 41 34 45 17 47 16 39 46 33 44 24 14 12 14 27 10 28 33 31 26 31 27 31 29 24 42 23 17 30 16 25 21 14 35 28 27 37 32 32 35 36 40 28 40 29 8 10 6 35 34 5 45 19 30 30 29 29 38 25 39 23 41 38 15 27 18 28 10 30 11 23 26 37 21 33 22 21 26 23 26 19 32 23 16 23 4 27 24 19 45 12 22 38 25 18 44 17 15 26 9 19 33 22 25 39 44 17 11 35 14 25 37 15 24 18 12 20 50 21 17 21 37 28 12 35 17 47 25 42 37 11 12 35 28 48 20 28 33 48 35 37 22 10 36 26 24 33 23 22 18 13 21 28 46 16 30 20 41 34 34 27 30 40 14 10 29 15 43 18 9 40 16 21 44 40 17 14 17 34 21 33 38 20 27 30 18 23 22 12 14 33 13 10 1 28 10 16 21 26 31 19 4 33 6 37 26 29 38 40 22 30 27 23 22 42 19 33 28 32 18 0 36 11 42 12 15 40 24 36 23 48 28 20 24 24 15 39 38 25 21 37 14 32 23 44 24 44 39 37 7 35 19 34 24 35 14 5 19 20 10 24 27 3 10 14 36 20 19 25 33 24 19 33 26 40 12 20 4 3 32 27 35 40 22 17 31 39 16 28 26 31 13 24 33 31 23 28 33 28 32 20 19 30 27 30 8 43 19 18 24 10 25 32 38 18 7 34 30 19 46 38 8 36 6 24 35 30 15 10 26 37 19 22 40 21 29 15 22 39 27 39 15 46 3 13 18 19 14 37 24 22 40 18 29 32 32 27 32 37 27 43 17 36 17 28 40 42 26 14 20 13 18 23 21 24 37 30 14 38 32 39 42 34 26 30 24 6 29 31 41 39 42 23 27 11 38 40 15 15 39 7 2 26 25 5 31 28 43 28 47 30 23 12 25 25 25 13 15 38 40 37 17 20 19 15 20 26 14 27 30 26 13 10 18 27 28 22 32 21 13 21 28 21 20 32 17 21 45 14 38 33 27 25 24 18 35 21 15 31 21 26 5 22 29 14 43 28 17 29 21 31 36 17 41 4 39 18 8 22 25 24 26 10 34 37 30 20 32 34 39 28 29 34 28 22 11 16 33 24 17 25 35 14 42 40 7 17 21 14 18 14 25 5 45 39 39 31 30 6 46 15 39 30 26 29 22 22 41 24 22 33 39 16 31 30 36 35 26 32 26 34 39 35 38 33 17 26 42 24
50 50 68 17 36 27 21 50 34 33 48 41 58 10 61 13 22 8 32 23 25 42 46 29 41 11 5 48 52 12 23 30 10 43 47 18 40 43 30 46 39 63 48 44 38 48 34 36 28 25 44 14 43 46 44 16 56 50 7 12 29 8 37 31 26 26 15 33 7 64 33 43 34 25 6 31 10 35 41 31 22 46 37 61 40 22 10 43 22 44 23 12 27 46 46 55 57 12 31 36 33 38 11 19 15 21 48 19 31 43 37 13 30 53 11 27 37 17 43 46 10 50 50 61 41 39 26 25 24 32 9 31 46 43 37 26 30 28 32 40 28 17 14 17 53 54 45 9 29 45 25 11 53 8 44 27 25 15 32 13 37 48 22 13 6 8 31 45 32 12 37 34 15 16 50 46 28 42 12 32 38 38 8 20 48 28 15 5 23 28 65 34 13 52 30 49 51 52 9 9 42 46 46 26 19 32 7 42 42 6 46 52 47 25 45 21 24 46 37 46 44 30 44 11 16 18 39 40 33 47 45 10 40 8 30 30 40 58 27 38 29 28 35 38 41 36 0 26 8 45 29 17 58 48 34 13 48 55 57 13 36 20 17 18 55 14 41 26 27 8 53 11 25 36 41 41 18 30 59 47 25 41 24 26 30 43 14 34 31 37 2 51 45 48 6 50 28 32 47 26 44 50 37 33 22 36 40 40 56 50 13 37 49 62 15 16 48 23 25 6 31 63 37 20 7 45 54 7 11 16 34 10 34 54 49 27 34 5 15 52 42 47 43 43 11 9 43 42 32 24 30 24 21 44 36 1 50 15 10 18 48 51 20 36 14 41 21 11 37 48 48 42 43 10 33 23 34 49 64 33 35 61 7 28 61 8 51 46 38 45 6 7 52 39 41 43 42 21 27 48 26 16 39 49 25 15 7 9 28 17 41 31 25 19 12 28 12 57 48 33 15 23 38 47 15 33 37 23 54 31 38 41 14 24 12 33 18 47 33 57 60 43 23 31 44 4 36 51 19 35 52 12 24 52 66 32 39 37 26 22 37 15 11 36 43 51 64 55 28 29 24 56 49 45 24 7 10 12 27 52 20 47 50 31 54 53 38 35 45 26 14 30 41 11 49 37 23 41 44 38 10 52 42 57 48 18 22 27 17 44 20 48 10 19 5 63 16 17 32 57 41 51 33 25 51 15 29 49 46 46 31 40 54 27 29 42 11 37 12 40 41 66 15 30 49 26 46 17 41 34 34 51 7 46 53 49 27 50 23 10 7 11 39 27 44 30 39 37 3 32 38 21 10 55
43 43 43 43 15 13 20 27 27 16 32 17 33 35 36 15 9 30 29 27 12 33 22 19 21 32 24 41 27 37 10 31 36 30 39 17 17 18 9 31 14 38 36 33 27 31 22 26 22 16 37 13 23 34 21 17 31 25 25 19 24 27 31 26 30 27 30 23 29 39 11 18 9 26 24 6 35 20 31 27 20 32 32 36 34 18 31 34 7 27 12 19 1 29 21 30 33 27 20 32 22 20 15 13 19 9 32 16 15 27 11 17 18 29 35 9 24 30 25 26 34 25 25 35 18 23 28 14 17 32 34 17 21 36 18 21 29 8 23 19 5 10 39 10 27 31 38 18 10 33 13 37 30 32 34 6 2 25 26 38 22 29 28 38 24 28 20 20 29 17 22 31 13 13 25 22 15 26 36 13 26 23 31 25 33 20 20 30 7 8 39 13 33 28 5 38 26 28 34 31 20 23 25 25 12 30 27 22 26 20 26 28 28 6 20 27 3 20 12 28 20 11 23 17 24 9 13 33 8 35 26 19 33 31 17 27 25 33 18 35 17 25 23 27 23 11 26 0 32 21 9 30 33 34 23 38 33 31 32 14 15 30 28 16 30 29 18 24 16 34 30 35 30 32 17 35 11 30 34 33 5 15 14 16 9 24 19 8 7 15 26 29 23 28 24 28 17 26 31 31 21 28 12 8 23 27 35 35 32 26 23 33 26 37 18 21 23 19 24 21 21 38 32 19 21 26 29 20 17 20 12 34 16 28 30 5 25 23 30 26 17 36 28 21 36 27 18 36 6 16 28 22 7 20 22 27 28 13 31 11 30 25 16 33 18 35 6 36 12 22 26 21 19 26 24 17 33 27 38 30 31 36 23 29 36 33 27 34 21 31 30 32 31 19 21 21 24 17 17 30 29 23 17 36 27 31 32 25 23 23 23 5 20 24 31 30 33 32 32 13 28 31 20 24 31 8 12 17 30 7 31 26 33 19 37 28 13 22 24 32 34 19 5 31 36 28 16 27 9 14 27 16 5 31 40 20 19 16 14 22 28 12 22 23 20 30 38 31 13 29 8 32 42 23 29 24 17 15 17 27 29 28 26 28 29 31 14 22 28 10 32 25 22 20 26 27 27 23 37 13 29 27 18 32 31 15 21 2 27 37 21 25 22 24 30 37 22 25 22 31 18 26 27 20 26 15 27 24 38 37 6 22 30 11 16 21 15 14 35 34 34 41 23 6 42 7 39 21 28 28 22 27 31 29 29 33 30 24 22 20 26 25 24 27 26 31 34 30 28 27 17 21 31 31
49 58 74 13 40 30 22 54 42 41 56 48 64 7 66 20 27 4 32 31 29 50 53 31 48 16 13 47 58 11 31 28 9 43 46 26 45 48 35 54 44 70 56 52 46 50 35 36 28 27 44 20 50 54 49 24 62 56 8 20 37 6 45 31 33 24 11 34 3 70 40 49 40 25 9 37 4 43 49 39 23 54 36 67 39 30 5 43 29 47 30 20 33 48 52 59 62 10 39 44 41 41 17 23 23 25 50 27 38 51 43 17 32 60 12 35 45 23 45 54 2 55 56 66 48 47 34 28 26 30 3 39 53 51 44 34 29 32 40 44 33 23 9 23 59 61 53 15 37 46 33 9 57 2 44 34 31 14 40 12 45 51 29 7 8 15 39 52 30 20 39 41 22 23 55 53 31 44 4 36 39 46 2 20 49 29 16 5 30 35 71 38 7 59 35 49 57 57 7 14 46 53 53 26 23 40 5 46 45 13 54 56 55 32 50 29 30 52 43 48 51 34 47 19 24 24 45 48 39 48 48 14 40 12 33 38 42 65 35 37 37 28 36 38 49 42 8 32 0 52 33 13 63 48 42 6 56 62 62 19 40 17 15 21 61 21 46 26 30 7 58 12 23 35 48 48 26 38 65 47 30 47 32 34 37 46 22 40 37 41 10 58 49 51 14 53 36 32 55 23 51 57 43 40 22 44 48 39 63 57 21 36 56 68 23 17 54 31 25 12 39 69 44 22 11 53 60 13 19 17 41 13 38 60 57 34 42 13 21 57 49 55 44 47 11 7 49 50 38 26 30 24 28 51 38 7 58 23 15 23 50 57 28 35 22 40 28 6 44 54 56 45 47 9 41 31 32 56 69 40 43 66 15 27 67 4 58 47 45 53 4 5 56 46 45 51 50 29 35 55 24 24 44 49 33 22 3 16 36 25 43 37 25 27 7 26 16 62 56 41 13 20 46 54 21 39 44 25 58 38 46 43 8 26 5 41 22 54 41 62 66 48 28 30 44 10 40 56 24 39 57 17 30 56 71 33 47 45 34 30 45 21 12 44 50 59 70 62 31 37 29 63 48 52 22 15 17 18 29 57 27 55 57 39 59 57 45 43 47 34 9 38 49 19 54 37 21 49 43 44 6 58 49 64 56 21 30 33 24 51 20 52 12 19 10 68 24 16 33 62 48 58 33 33 57 19 29 56 45 46 37 48 61 35 37 49 18 44 14 39 41 72 23 37 48 31 54 18 49 42 42 55 3 54 58 50 25 55 23 13 7 10 41 34 46 37 38 37 9 32 42 29 4 60
56 38 26 62 24 31 40 26 29 16 20 5 15 55 23 34 29 50 46 37 31 30 1 36 11 49 43 54 13 56 23 50 55 42 53 31 21 17 25 22 18 21 29 28 24 38 38 41 40 34 51 33 12 26 22 32 17 7 45 36 29 48 32 43 39 46 50 38 50 23 13 13 17 45 44 16 55 19 28 32 40 25 49 17 49 29 52 47 24 35 25 36 21 37 3 23 26 48 23 33 23 30 36 34 34 30 40 30 19 19 14 37 35 9 54 19 22 44 33 11 54 17 12 21 5 16 36 32 37 50 54 19 5 33 13 29 48 25 25 26 23 30 59 31 9 10 34 38 17 44 23 56 27 52 47 19 22 46 29 57 19 35 39 58 45 45 24 3 47 35 34 34 31 30 19 1 32 37 56 26 40 19 51 45 42 38 41 49 23 18 22 25 54 8 21 49 13 22 54 48 24 3 9 45 32 34 48 28 35 40 10 25 14 21 17 38 24 9 11 35 3 27 28 35 38 29 11 32 16 45 34 39 48 49 33 32 36 17 26 52 22 44 38 42 15 12 45 21 52 0 26 51 22 44 24 57 22 11 23 34 25 50 49 36 18 44 21 43 34 53 26 53 50 48 5 34 28 36 17 44 25 9 25 24 16 32 34 15 21 23 45 9 25 31 42 28 23 43 20 51 2 10 13 14 43 27 34 50 11 6 39 50 6 25 34 41 9 29 43 41 25 22 34 39 42 14 10 40 35 41 13 51 29 13 16 19 26 41 45 16 7 30 38 25 55 48 5 35 17 36 46 42 25 2 35 46 8 31 48 32 36 12 29 50 34 49 25 56 10 12 9 27 20 47 25 28 51 8 25 33 33 25 41 48 22 53 6 44 16 23 50 52 30 12 27 7 14 29 25 17 49 37 22 46 36 45 52 42 30 36 32 17 39 37 52 50 50 21 22 14 49 51 14 5 46 18 12 37 27 15 31 37 54 38 57 31 33 8 26 25 19 18 26 49 49 46 26 22 30 25 20 37 25 31 24 36 11 10 23 32 28 32 43 21 6 11 21 10 31 35 28 11 55 5 49 42 36 34 35 18 40 14 5 33 20 30 8 22 37 20 53 30 13 37 25 41 47 14 50 9 50 16 4 13 19 35 32 21 40 35 41 25 42 45 48 23 36 45 38 20 7 10 43 28 15 36 46 6 51 49 19 13 10 20 21 8 35 9 53 50 48 25 37 16 56 26 36 41 24 30 23 24 51 18 22 40 49 16 42 40 47 46 35 35 34 37 49 45 47 44 26 32 52 24
34 51 42 45 8 5 15 22 36 24 39 22 34 37 34 21 7 30 21 34 6 42 25 11 28 37 28 32 27 40 18 25 39 21 31 24 12 15 2 39 11 38 45 42 36 23 14 18 15 10 29 15 30 42 16 24 31 27 25 25 32 27 40 18 38 22 28 14 30 38 18 17 9 21 25 12 36 29 39 36 15 40 25 37 26 26 31 25 15 19 20 26 8 21 25 27 29 26 28 40 30 12 18 11 26 9 24 24 24 35 13 17 10 33 39 18 32 37 17 32 35 23 25 34 23 31 36 8 12 25 35 25 24 44 25 29 23 1 32 12 5 15 41 12 29 35 47 20 19 24 22 39 25 33 25 15 11 23 35 41 30 22 35 40 25 33 29 24 22 23 13 39 19 20 22 27 7 18 37 4 17 31 32 20 25 13 18 32 15 16 39 6 33 31 6 29 26 25 37 35 14 28 31 19 10 39 28 15 17 23 32 24 35 15 18 34 8 21 16 20 23 3 16 22 31 14 16 42 10 26 19 20 25 35 9 35 16 33 27 28 25 19 15 19 31 15 29 9 33 26 0 28 31 26 32 39 40 33 29 17 8 26 25 13 29 35 13 17 9 36 25 39 25 24 21 43 18 39 34 25 6 18 23 25 18 17 26 12 5 9 29 34 17 21 28 22 26 19 39 26 26 34 14 13 18 35 44 27 35 30 30 26 31 35 25 19 24 27 19 23 30 38 41 14 23 34 31 22 23 18 19 38 8 29 37 14 33 27 36 25 20 44 19 15 39 27 21 45 10 11 21 17 14 25 13 29 33 18 36 11 22 26 23 25 24 26 13 38 17 22 32 14 15 26 33 25 26 32 37 38 40 34 27 23 35 35 31 25 29 39 32 35 25 26 14 27 31 25 26 37 24 30 11 27 35 37 34 30 32 30 15 10 15 32 30 24 38 30 40 21 26 26 27 29 37 8 14 12 26 13 40 17 32 14 38 37 12 23 33 29 34 15 7 24 27 31 9 23 11 7 25 17 7 24 40 12 26 22 23 30 37 15 22 31 26 35 39 34 6 37 5 35 33 28 24 28 20 18 10 25 36 35 29 37 27 25 19 31 20 19 31 34 30 26 21 18 22 30 28 18 29 26 23 34 39 13 29 8 34 46 17 20 22 21 33 36 29 22 14 30 25 27 19 28 25 15 21 27 29 28 8 29 34 20 25 27 19 19 39 26 25 40 30 14 34 3 48 18 37 37 31 23 33 37 25 25 25 23 17 20 27 25 15 36 18 39 26 22 31 19 10 28 32 27
37 64 70 25 34 24 13 46 47 43 59 47 61 19 61 24 23 10 20 38 22 55 51 22 50 27 20 34 54 23 33 15 21 33 34 30 39 43 29 57 39 65 60 57 51 40 25 26 19 20 32 20 52 58 43 28 58 54 10 25 42 10 51 20 42 13 3 24 12 65 40 44 36 13 13 35 16 46 54 45 14 58 24 64 28 34 9 31 30 37 33 26 30 39 50 53 55 5 42 51 45 33 18 18 29 21 39 31 41 54 39 14 23 59 24 35 48 33 36 55 14 50 52 62 47 50 41 21 18 17 16 42 50 57 45 39 17 27 45 37 29 24 20 21 56 60 59 17 37 35 36 21 50 14 32 34 30 6 45 24 48 42 37 18 12 25 43 50 19 24 30 48 25 26 49 52 24 34 14 30 28 49 12 9 38 20 11 15 30 36 67 31 8 57 32 37 53 51 19 25 40 52 54 14 19 47 10 38 35 16 55 49 56 33 45 37 27 48 41 39 49 28 39 23 32 25 42 54 36 37 39 14 28 23 25 44 32 60 39 25 40 17 26 27 51 40 17 30 13 51 28 0 58 37 46 17 59 59 56 20 33 4 3 15 56 30 40 15 22 19 51 24 10 24 46 55 28 45 61 37 27 44 35 37 38 38 28 37 32 35 18 58 42 43 21 46 39 21 58 11 51 58 40 38 12 49 54 27 61 56 29 24 56 62 28 10 51 37 14 15 43 65 51 14 14 55 58 16 23 11 41 25 30 56 59 34 46 20 31 52 46 60 34 40 24 8 47 56 35 18 18 14 28 50 29 16 57 25 26 20 40 53 32 23 27 29 28 18 42 50 56 38 41 7 46 35 20 56 64 47 50 60 22 15 62 16 57 36 48 56 15 18 48 48 37 51 52 33 39 58 12 31 38 38 40 32 15 25 41 32 35 35 16 35 7 13 27 57 59 42 2 8 48 53 31 35 41 17 51 36 52 33 7 17 16 47 18 50 45 55 61 42 25 18 32 20 33 50 22 33 51 16 26 47 67 24 48 45 37 36 50 21 10 47 50 59 66 60 24 44 24 61 35 52 10 23 19 20 21 52 36 57 55 46 54 49 43 46 38 36 6 44 50 26 47 26 10 51 32 43 7 53 48 61 59 16 35 31 33 58 12 45 11 8 21 63 31 6 23 57 48 54 22 38 52 16 17 53 34 34 33 50 60 37 40 50 20 43 26 27 29 67 30 36 36 26 60 10 53 48 46 49 14 57 52 40 12 50 13 13 10 7 32 42 37 45 26 25 19 20 35 35 10 53
49 59 13 75 24 35 45 15 50 36 40 24 12 67 3 48 37 61 46 56 36 51 21 38 33 64 57 48 10 70 39 51 68 36 46 48 20 16 30 42 20 11 50 49 46 29 37 39 42 39 46 45 33 47 16 48 6 16 56 51 49 58 52 43 58 49 58 38 61 9 31 16 25 48 55 29 66 40 49 52 45 45 47 14 45 47 61 42 39 28 41 51 32 28 20 6 7 57 43 54 44 27 47 42 50 39 31 47 38 40 22 47 36 20 68 36 42 61 27 31 65 9 11 6 26 38 56 37 41 50 66 39 17 54 34 48 49 32 46 22 31 42 71 42 14 22 55 50 35 36 40 69 13 63 41 35 35 53 50 70 39 25 57 70 56 60 44 19 47 49 31 55 46 45 9 22 35 31 67 29 36 40 62 50 34 40 49 61 38 34 12 27 63 18 29 41 9 8 67 63 19 24 29 47 41 55 58 22 29 52 30 11 35 36 14 56 35 15 24 27 20 30 21 49 55 42 21 53 26 37 26 50 44 63 34 52 31 8 45 49 41 45 36 38 36 24 58 33 63 22 31 58 0 36 45 69 43 15 4 46 25 56 55 44 4 60 19 45 37 66 11 67 53 46 22 55 43 56 9 36 34 19 43 43 33 25 51 26 27 24 58 27 18 20 56 16 42 43 41 54 24 29 22 27 47 48 56 47 19 22 55 48 24 5 50 49 14 47 47 53 45 10 55 44 53 35 14 52 50 48 30 66 29 10 36 34 47 55 61 7 19 51 32 19 69 58 21 56 27 40 46 45 39 23 33 59 26 45 63 41 27 10 46 48 50 45 38 68 25 12 29 22 17 56 46 46 50 27 6 54 54 4 55 49 5 65 20 37 36 44 62 64 17 32 23 28 35 46 44 37 51 54 21 38 55 62 64 57 49 53 27 28 43 55 61 52 65 2 42 33 56 55 34 25 63 25 22 42 12 29 52 32 62 42 68 52 42 15 47 6 7 16 36 49 44 60 26 10 40 26 7 47 35 18 11 36 31 30 41 51 48 44 52 42 28 29 12 19 34 55 35 20 48 26 52 56 49 47 38 7 59 34 18 53 5 16 25 43 29 37 62 50 34 52 14 39 51 35 45 24 59 7 23 16 39 43 50 31 58 56 47 15 52 50 62 7 53 52 38 2 27 12 43 47 8 45 47 17 44 42 28 35 23 37 40 30 48 26 68 46 44 11 54 30 49 33 57 48 45 51 44 12 63 39 8 31 52 9 46 51 57 55 31 55 27 57 46 42 60 44 24 50 62 8
14 76 48 61 22 24 28 22 61 48 61 42 45 54 37 44 30 45 18 59 25 66 44 20 51 58 49 13 38 58 43 24 56 5 12 48 24 28 25 62 27 46 68 66 60 7 15 13 21 24 11 37 52 66 23 48 39 42 42 48 57 43 65 18 63 25 39 15 46 44 42 31 31 25 43 35 51 53 64 61 27 64 16 47 13 51 45 8 40 9 45 49 33 8 42 30 30 39 53 65 55 15 39 30 50 31 5 49 49 58 32 36 19 48 58 42 57 60 11 53 50 31 37 41 44 54 61 24 25 22 51 50 40 69 49 54 22 26 57 19 30 38 57 34 43 51 71 41 44 3 47 56 23 49 7 40 36 35 60 59 54 12 59 55 43 54 54 41 20 46 13 65 43 44 29 45 21 8 51 22 10 55 47 29 2 20 34 49 40 41 47 22 44 46 30 6 37 29 54 56 21 47 51 24 31 64 44 17 10 43 53 25 57 40 28 58 33 36 37 10 42 23 17 44 54 38 35 67 32 1 11 39 12 54 19 60 10 42 52 18 50 21 14 11 54 36 48 34 48 44 26 37 36 0 57 54 63 46 33 39 21 34 35 31 36 57 24 23 22 54 26 58 28 15 40 68 42 64 43 1 30 36 48 50 42 13 49 34 28 22 48 53 20 16 49 20 51 17 61 29 45 54 33 36 27 60 68 15 50 48 53 17 49 39 48 33 38 52 24 43 55 45 66 28 41 56 44 42 45 33 42 58 19 40 59 39 58 48 58 33 37 69 7 19 58 42 40 70 33 25 20 25 39 44 13 48 52 42 57 32 10 37 48 18 48 12 38 53 38 35 52 18 24 40 57 50 21 51 41 63 65 37 49 24 41 51 47 2 52 63 49 52 20 49 17 48 54 49 51 59 27 53 23 3 60 59 50 52 57 54 13 34 24 56 43 26 59 35 63 45 37 31 51 48 59 30 35 26 24 37 65 9 44 24 53 62 32 38 58 30 42 26 32 22 9 50 20 27 34 22 30 37 31 19 46 17 49 45 48 54 62 37 38 55 48 54 47 49 23 62 28 50 12 48 29 50 42 40 22 32 60 56 45 62 32 21 40 55 8 44 43 59 52 49 23 12 28 53 10 39 42 34 42 48 61 31 53 32 57 71 29 22 39 30 53 42 52 33 16 36 46 40 16 53 35 34 21 43 10 8 31 52 51 45 50 49 41 41 59 14 11 45 53 38 13 28 73 32 61 62 56 25 49 59 29 6 26 32 26 38 43 39 11 61 11 64 15 13 51 18 20 53 46 29
66 20 50 47 36 35 39 45 5 10 16 22 38 41 47 23 30 41 50 15 34 10 25 41 13 32 30 63 36 41 15 52 41 53 62 17 36 34 32 13 32 44 15 11 6 53 45 49 43 38 60 27 14 13 39 19 40 30 37 22 7 39 9 48 16 48 44 45 40 47 16 32 27 47 35 22 43 6 9 8 40 12 55 40 56 12 43 56 19 49 14 22 24 51 26 45 48 41 4 10 2 42 29 33 19 30 54 16 9 11 27 32 41 30 38 15 4 25 47 18 43 39 35 44 20 9 14 36 39 53 42 7 28 13 12 9 50 31 2 39 28 24 45 28 33 29 15 29 14 55 11 41 47 41 56 18 22 41 6 41 6 50 18 45 36 29 4 26 51 23 44 11 21 20 40 24 37 49 45 35 49 7 40 43 55 42 37 38 18 16 46 35 46 30 27 60 36 43 40 32 39 23 19 46 31 11 39 43 48 31 19 45 17 17 36 17 25 30 23 49 25 34 43 24 19 23 26 10 26 57 48 33 56 33 39 9 47 41 8 58 7 47 46 50 11 23 34 23 42 24 32 46 45 57 0 45 15 34 45 27 36 47 44 34 41 26 37 45 38 39 46 37 49 54 23 12 19 13 41 56 27 27 11 9 15 46 20 24 29 35 33 24 42 48 29 46 7 48 14 50 22 22 26 22 43 4 13 57 33 26 22 55 25 48 19 38 32 11 45 32 3 45 11 39 33 15 34 31 24 37 16 35 39 36 18 18 2 29 26 38 27 14 50 41 39 40 25 14 24 38 49 43 20 23 45 35 24 21 31 30 51 35 15 55 20 57 21 43 22 33 21 41 37 40 1 12 55 22 48 10 10 48 28 49 45 41 28 56 9 12 39 39 49 13 42 19 13 14 8 16 49 19 36 59 14 26 40 27 8 18 45 23 42 17 44 51 33 44 15 13 44 49 11 22 27 27 25 38 47 21 9 49 46 41 45 8 31 31 3 47 42 36 27 52 58 33 38 43 27 35 42 31 27 50 47 43 14 15 10 13 5 26 37 4 18 23 44 32 36 12 30 32 64 21 48 28 27 26 39 40 20 17 29 9 43 49 21 3 50 13 46 7 13 23 44 49 46 12 59 22 42 39 23 35 16 34 13 25 22 15 40 43 35 43 34 46 19 42 44 43 18 34 49 9 38 32 49 29 61 59 26 12 28 13 8 16 26 20 37 56 56 48 20 20 65 29 17 39 7 6 1 44 40 14 44 55 50 38 42 33 38 39 46 13 48 14 56 52 34 49 38 14 43 46
54 60 80 8 46 36 27 60 45 45 60 53 70 5 72 25 32 9 37 33 34 52 58 36 53 16 16 51 64 8 35 32 6 49 51 29 50 54 40 57 49 75 59 55 50 56 41 42 34 33 49 25 55 57 55 27 68 62 14 23 40 12 48 36 35 30 16 39 9 76 45 54 45 30 15 43 3 47 52 42 28 57 41 73 45 33 10 48 34 52 35 24 38 54 58 65 68 15 42 47 44 47 23 29 27 31 55 30 43 55 48 23 38 65 10 39 48 24 51 58 5 61 61 72 53 51 36 34 31 34 4 43 58 54 49 37 34 38 44 50 39 29 3 28 64 66 56 20 41 52 37 5 63 6 49 39 36 19 43 8 49 56 31 1 14 17 42 57 36 24 45 44 27 28 61 58 37 50 3 42 44 50 8 25 54 35 22 9 35 40 76 44 11 64 41 54 63 63 6 15 52 58 58 31 29 42 11 52 50 18 58 62 59 37 56 31 35 57 49 54 56 40 53 23 26 29 50 51 44 54 53 20 45 13 39 41 48 70 38 42 41 33 42 44 53 48 13 38 6 57 39 17 69 54 45 0 59 67 68 24 46 21 20 27 66 22 52 31 35 7 64 11 27 41 53 51 30 40 71 53 36 53 36 38 42 52 26 45 42 47 13 63 55 57 17 59 40 37 59 28 56 62 49 45 27 47 50 44 68 62 24 41 61 73 26 22 60 35 30 17 42 75 47 28 17 57 66 18 23 23 46 13 44 65 61 39 45 17 22 63 54 58 50 53 9 13 55 52 43 32 35 30 33 56 44 12 62 27 16 29 56 62 32 40 25 46 33 2 49 59 60 51 53 14 45 34 37 61 75 43 46 72 18 32 73 5 63 53 50 56 8 7 62 51 51 56 54 32 38 59 29 27 50 54 35 22 6 19 39 28 49 43 31 30 12 30 16 68 59 45 18 25 50 59 21 44 49 30 64 43 49 48 12 32 1 44 28 59 44 67 71 54 34 35 49 13 46 62 29 45 63 22 35 61 77 39 51 49 38 33 48 26 18 47 55 63 75 67 37 39 35 68 52 57 27 18 22 24 35 63 29 59 62 42 65 62 50 46 53 39 13 41 53 23 59 43 27 53 49 50 12 63 54 69 60 27 33 39 26 54 26 58 18 24 11 74 27 21 38 68 53 63 38 37 63 25 34 61 51 51 42 52 66 39 41 54 23 49 12 44 46 78 26 42 53 37 56 23 52 44 45 61 7 58 64 56 29 61 29 19 13 16 47 37 52 39 43 42 12 37 47 32 9 65
74 17 45 62 42 45 51 48 17 18 3 23 34 55 44 37 40 55 61 29 44 11 23 51 13 46 44 72 34 55 27 63 55 60 71 31 41 38 40 2 37 40 7 9 10 59 54 58 54 48 69 40 12 6 43 33 37 28 51 37 21 53 16 58 29 59 58 54 54 43 23 34 33 58 49 29 57 14 10 20 51 4 65 34 66 27 56 65 30 55 27 36 33 57 25 45 48 55 18 17 16 49 42 45 33 41 60 30 19 6 32 45 50 25 52 25 12 39 53 12 57 39 34 41 20 10 27 46 49 64 56 18 27 13 16 23 61 40 16 45 36 36 60 40 29 22 14 43 23 63 24 56 49 55 65 27 32 54 18 56 12 55 31 59 50 44 18 25 61 37 52 20 35 34 41 22 47 56 59 43 57 11 55 56 62 52 50 52 30 26 40 43 60 26 35 68 34 43 54 46 44 20 14 58 43 22 52 48 54 45 13 47 9 28 39 31 35 31 27 55 24 42 48 37 34 35 30 14 33 64 54 46 65 48 49 21 54 37 22 68 20 57 55 59 10 28 48 33 56 22 40 59 43 63 15 59 0 30 45 40 43 60 57 46 39 40 41 56 48 53 47 51 61 64 25 16 32 24 37 63 37 29 25 22 24 51 34 30 36 42 47 17 46 52 43 50 20 58 3 62 21 15 31 28 54 14 17 67 26 22 36 65 20 45 34 51 31 25 56 46 18 41 18 50 47 9 30 45 38 50 22 50 46 33 7 28 15 43 40 38 28 9 57 46 53 54 25 16 31 48 60 54 32 22 53 49 18 35 45 41 56 33 29 65 35 66 33 57 26 34 15 47 41 54 15 26 65 17 45 20 18 46 42 61 42 55 24 64 13 4 53 53 52 15 47 17 10 28 22 7 61 33 42 66 27 40 54 41 22 33 51 31 52 31 58 62 47 42 1 20 57 61 14 19 41 34 29 49 49 28 15 56 60 52 59 19 43 30 16 46 39 39 37 63 67 47 44 44 39 42 42 44 37 53 43 52 15 19 23 27 14 39 50 12 17 15 38 27 45 24 40 25 73 18 60 42 41 40 49 39 34 10 25 21 42 52 24 14 56 24 60 20 12 37 46 58 58 11 68 25 56 38 23 30 4 45 27 34 36 15 52 46 49 55 48 43 33 55 54 41 18 32 59 23 37 45 60 27 69 68 34 12 21 23 20 15 40 23 51 66 65 44 34 27 74 39 16 51 8 17 15 46 54 5 44 61 62 38 54 47 52 53 54 26 54 25 65 62 48 59 44 28 57 46
58 46 16 72 29 37 47 25 39 27 27 15 4 65 16 44 37 60 52 48 38 39 10 42 21 59 53 57 8 66 34 56 65 44 56 42 25 20 31 30 23 11 37 37 34 39 42 46 46 41 54 43 21 35 23 43 9 6 55 46 40 57 41 49 49 53 59 44 59 13 24 17 24 52 53 25 65 29 37 42 47 33 54 6 53 40 61 50 35 37 35 46 30 38 10 19 21 57 34 42 34 34 45 42 44 39 41 41 30 28 21 47 41 6 64 29 32 55 35 19 63 16 10 12 16 26 47 40 44 56 64 30 10 42 24 39 54 33 36 29 31 39 69 40 4 8 42 47 28 46 33 66 25 62 50 30 32 54 40 67 29 35 49 68 54 56 35 11 53 45 38 44 42 41 17 11 38 39 66 32 44 28 61 52 44 44 49 59 33 28 12 31 63 5 28 51 9 19 64 58 26 12 17 51 41 45 57 30 37 50 18 23 22 31 19 49 33 12 19 36 12 33 29 45 48 39 18 41 24 47 35 49 52 59 39 42 39 8 36 57 33 50 43 46 24 20 55 31 62 11 33 59 15 46 34 67 30 0 18 44 30 58 57 45 12 55 24 49 40 63 23 63 57 53 15 43 38 46 8 45 33 16 35 35 27 33 45 23 28 28 55 14 26 31 52 27 34 49 28 58 13 16 20 23 50 37 44 55 5 9 49 55 11 16 44 50 10 40 50 51 35 12 43 46 51 23 2 50 46 49 23 62 34 6 23 29 36 52 55 13 14 38 41 27 65 57 13 44 25 43 52 49 35 13 40 56 13 41 58 40 37 9 40 55 45 53 35 66 19 12 15 29 23 56 35 39 57 13 16 44 43 17 51 54 13 63 7 46 26 31 60 62 29 22 30 16 23 40 35 24 55 48 26 48 47 56 62 53 40 47 35 26 46 47 61 56 61 15 29 25 58 58 24 13 57 25 19 44 24 25 40 40 63 45 67 41 42 10 37 20 10 21 35 55 52 57 30 20 39 30 17 46 34 30 14 42 21 21 34 43 37 42 52 31 17 15 10 4 37 46 36 5 57 14 56 52 46 44 41 14 51 21 6 43 16 28 18 32 38 31 62 40 22 47 24 46 54 23 53 18 59 12 14 2 26 44 42 30 51 44 49 24 51 53 59 14 47 54 44 13 17 7 49 39 12 45 52 7 54 52 26 23 9 30 32 19 45 19 63 54 52 15 48 25 58 33 44 50 33 40 33 22 61 26 19 41 56 14 49 50 56 55 39 46 36 48 54 50 57 50 30 43 61 20
46 60 16 74 23 33 43 12 50 37 42 25 15 66 6 47 36 59 43 56 34 52 22 35 34 64 56 44 11 69 39 48 67 33 44 47 18 15 28 44 19 14 51 51 47 26 34 36 39 37 43 44 34 49 14 48 9 18 54 51 50 56 54 41 58 47 57 35 59 11 31 15 24 46 54 28 65 41 50 53 43 47 44 17 42 47 60 39 39 25 41 51 31 26 21 4 4 55 44 55 45 25 46 40 50 37 28 47 39 41 22 46 34 22 67 36 44 61 24 33 64 8 12 9 27 39 56 35 39 48 64 40 19 55 35 48 46 30 47 20 30 41 70 40 17 25 57 49 35 34 41 68 10 62 38 34 34 52 51 70 41 21 57 69 54 60 45 21 45 49 28 56 45 45 8 23 33 28 66 27 34 41 61 48 31 38 47 60 37 34 15 25 61 20 28 38 11 5 65 62 17 25 31 45 39 56 57 20 26 51 32 9 37 36 13 56 34 15 24 24 22 29 19 48 55 41 21 54 25 34 23 49 41 62 32 53 28 11 45 47 42 43 34 36 37 24 57 32 62 23 29 56 4 33 45 68 45 18 0 45 23 54 53 42 6 60 17 43 35 65 7 67 51 43 22 56 42 57 12 32 33 20 43 43 33 22 50 25 26 22 57 30 16 18 55 14 43 40 43 51 25 31 22 27 45 49 57 44 22 24 55 45 26 7 49 47 15 48 44 52 46 13 56 43 52 37 16 50 49 47 31 65 27 12 38 33 47 54 61 7 20 52 29 17 68 56 22 57 27 38 44 43 38 24 31 58 28 44 63 40 23 12 46 45 50 42 38 67 25 12 31 19 15 55 46 46 48 29 9 55 55 5 55 47 9 64 22 33 38 46 61 63 14 34 20 29 36 46 44 39 49 54 19 35 55 62 62 57 50 53 25 28 41 55 59 49 65 3 44 34 55 53 36 27 62 25 22 40 9 29 53 29 61 40 67 53 41 16 48 3 10 15 35 47 41 59 24 7 39 24 5 46 34 15 13 34 33 30 41 51 50 43 51 43 29 31 15 21 33 56 34 23 45 27 50 56 48 46 36 7 59 36 20 54 4 13 26 44 26 38 60 51 35 51 11 36 49 36 42 25 58 8 24 19 41 42 50 31 58 57 45 12 51 49 61 9 53 50 36 5 29 13 40 47 9 44 44 19 42 40 27 36 26 37 41 31 47 27 67 43 41 14 54 30 46 32 59 47 46 51 44 9 62 40 5 28 50 9 44 49 56 54 29 55 24 58 43 40 60 41 22 50 61 4
44 46 56 29 25 16 15 38 29 24 40 30 46 22 49 5 11 17 27 22 14 36 34 20 31 20 11 42 40 24 13 27 23 34 41 12 28 31 19 38 27 51 41 37 32 38 25 28 21 16 39 2 33 39 33 10 44 38 12 9 24 14 33 25 25 22 19 25 16 52 22 31 22 22 10 19 21 27 35 27 15 38 32 49 34 16 18 36 11 35 14 10 15 36 34 43 45 15 23 32 25 28 2 10 12 10 39 13 22 35 25 6 21 42 22 17 29 21 33 36 20 38 38 49 30 31 25 16 16 28 20 23 34 39 27 20 26 16 26 29 16 5 26 6 41 43 41 4 19 37 17 23 42 19 37 15 13 15 27 25 29 38 22 25 11 16 24 33 27 7 28 30 6 7 38 35 19 33 22 21 29 30 17 18 39 20 11 16 12 17 53 22 21 41 18 41 39 40 21 18 31 35 35 22 9 29 14 31 32 7 36 40 38 14 33 21 12 34 25 36 33 19 33 6 16 6 27 35 21 39 35 6 34 18 21 26 31 47 20 34 21 23 26 30 32 24 13 14 19 34 17 20 46 39 27 24 40 44 45 0 25 21 18 10 43 19 30 20 18 20 42 22 24 31 30 36 9 28 47 38 13 29 16 18 19 33 11 22 19 25 13 40 33 37 11 38 20 26 39 24 33 40 25 21 17 30 36 35 45 39 14 32 38 50 10 12 36 18 20 8 24 51 33 14 8 36 42 6 7 11 23 21 24 42 40 16 27 10 20 40 30 41 34 32 23 15 31 38 20 15 25 18 10 33 27 13 39 6 19 7 38 39 13 31 10 35 9 23 25 36 38 31 31 15 27 16 30 38 52 29 32 49 11 25 49 20 40 38 28 37 17 19 41 29 30 33 33 14 19 39 23 15 28 41 23 21 18 14 23 16 31 19 18 19 19 25 21 45 40 23 18 23 29 36 21 21 25 15 42 19 33 32 21 17 24 29 8 35 26 45 48 31 11 27 38 14 25 39 7 24 40 5 12 41 54 23 29 26 18 18 31 3 11 28 32 41 52 44 17 27 13 44 43 34 22 12 4 1 18 40 22 38 39 28 42 42 26 27 35 17 21 25 32 10 38 29 20 32 38 26 17 40 31 45 40 9 18 15 19 39 15 36 9 17 17 51 14 16 24 45 30 40 26 20 39 7 25 37 40 39 19 31 43 18 21 31 2 26 22 34 35 54 15 19 43 14 42 13 33 29 26 39 18 38 41 40 25 38 18 7 13 13 30 25 34 28 33 30 15 26 26 17 19 43
32 55 37 52 1 10 20 14 41 28 41 22 30 44 28 28 14 37 23 41 12 46 25 13 30 44 35 30 23 47 24 27 46 18 29 31 6 11 7 42 8 33 48 45 40 17 14 17 17 14 27 23 32 45 10 30 26 25 32 32 38 34 45 20 44 25 34 14 37 33 21 13 10 24 32 15 43 33 44 41 20 44 25 33 25 32 37 23 22 13 26 33 14 15 23 20 22 32 33 45 35 6 25 18 32 16 18 31 28 38 12 24 12 31 46 22 36 44 11 33 41 17 21 29 24 34 42 13 16 27 42 30 22 49 28 35 25 9 37 5 11 22 48 19 26 33 51 27 23 20 27 46 18 40 22 20 17 29 40 48 34 15 42 47 32 40 34 22 24 30 9 45 27 27 17 26 10 13 43 4 15 35 39 25 20 15 25 39 21 21 35 3 39 29 10 25 22 18 44 42 7 27 31 23 17 44 35 7 12 30 33 17 37 20 12 41 14 19 16 13 23 6 9 29 37 22 15 46 11 22 12 27 24 42 10 41 12 29 32 28 30 21 14 17 33 15 36 15 40 25 8 33 25 21 36 46 43 30 23 25 0 31 30 20 23 42 7 21 12 43 18 46 28 24 20 48 25 44 30 20 13 16 29 30 22 10 33 13 8 2 36 34 9 14 35 14 31 20 41 29 26 35 13 15 22 40 48 26 33 29 37 26 30 29 32 25 20 33 22 30 35 33 46 20 30 35 28 29 30 24 22 45 4 25 39 19 38 34 43 20 18 48 15 8 47 34 21 49 13 15 23 21 21 24 11 36 32 26 43 18 15 22 30 26 32 25 20 45 18 19 33 7 9 32 37 31 28 32 31 44 45 28 35 25 30 42 29 21 32 42 39 42 17 29 6 28 33 31 32 39 27 36 5 23 41 44 40 37 37 37 9 14 18 39 37 27 45 24 42 25 32 30 30 29 44 10 14 17 19 16 44 13 38 17 45 42 19 21 38 22 29 10 15 26 25 38 2 17 18 1 19 24 14 17 35 13 28 25 28 36 41 22 28 35 27 35 34 32 10 43 12 33 31 28 28 36 28 25 13 19 43 36 27 42 21 18 20 35 14 24 37 39 32 33 14 17 26 32 26 19 35 21 22 32 40 19 35 13 41 50 22 13 29 26 40 31 35 28 15 24 26 24 19 34 20 22 23 25 27 25 11 32 33 25 30 29 26 20 46 25 24 35 37 17 31 11 52 24 40 42 35 16 40 39 19 19 28 18 21 27 34 31 11 42 12 45 25 21 39 21 2 35 38 20
33 66 68 29 32 22 11 44 49 43 59 46 59 23 58 25 22 14 16 40 21 57 50 19 50 31 23 30 52 27 33 11 25 29 30 32 36 41 27 58 37 64 62 58 52 37 22 22 15 17 28 20 52 59 40 30 56 52 13 27 44 13 53 16 44 9 7 20 15 63 39 43 35 9 15 35 20 47 55 47 12 58 20 63 24 36 13 27 30 34 34 29 30 35 50 51 53 9 44 52 46 30 19 17 31 21 36 33 41 54 38 15 20 58 28 36 49 36 33 55 18 48 50 60 47 50 44 19 15 13 20 42 49 59 46 40 13 26 46 34 28 24 24 21 55 59 61 19 38 32 37 25 47 18 28 34 29 6 47 28 49 38 40 22 15 28 44 49 15 26 27 50 26 27 47 51 22 31 18 28 25 50 16 6 35 17 11 19 31 36 65 29 12 56 30 33 52 49 23 28 37 52 54 11 19 49 14 35 32 18 54 47 57 33 43 39 27 47 40 35 48 26 37 25 34 25 41 56 34 33 35 15 24 26 22 46 29 59 40 21 41 13 23 24 51 39 20 30 17 50 26 4 56 34 47 21 60 58 54 21 31 0 3 15 54 33 38 12 19 23 48 28 6 20 45 56 29 47 60 33 26 43 36 38 38 34 30 36 31 33 21 58 39 40 24 43 40 17 58 7 50 58 39 37 9 50 56 23 60 55 31 20 55 60 30 10 49 38 10 18 44 63 53 12 16 55 56 18 25 11 40 29 28 54 59 34 48 23 34 50 45 61 31 38 27 12 46 58 34 16 14 11 29 49 25 19 57 26 30 19 37 51 33 19 29 25 28 22 41 48 56 35 39 10 47 36 16 56 62 49 51 58 25 11 60 20 56 32 48 57 19 21 45 48 35 51 52 35 40 58 8 33 35 34 42 35 19 27 43 34 32 34 13 37 11 9 31 54 60 42 5 4 48 53 34 34 40 15 48 36 53 29 11 14 20 49 17 49 47 53 60 40 25 14 28 23 31 47 22 31 49 16 26 44 65 21 48 44 38 38 51 21 11 48 50 59 64 59 22 46 23 60 31 52 6 25 21 21 19 50 39 57 54 48 51 46 43 47 34 36 10 45 51 28 44 23 6 51 28 42 11 51 47 60 59 16 37 30 35 60 10 43 13 6 24 61 33 6 20 55 48 53 18 40 51 16 13 52 30 30 32 50 59 37 41 49 22 43 29 23 25 65 33 36 32 25 62 9 54 49 47 46 18 57 49 37 8 48 10 14 14 10 28 44 34 47 22 21 22 17 32 36 14 50
35 63 67 27 31 21 10 44 46 41 57 44 58 21 58 22 20 12 18 38 20 54 49 19 48 28 20 33 51 25 31 14 23 30 32 29 36 40 26 55 36 63 59 55 50 38 22 23 16 17 29 18 50 57 40 27 55 51 10 24 41 10 50 17 41 11 5 21 13 62 38 42 33 11 13 33 17 44 52 44 11 56 21 61 26 33 10 29 28 35 31 26 28 36 48 50 52 6 41 50 43 30 16 15 28 19 37 30 39 52 37 13 20 56 25 34 47 33 34 53 15 47 49 59 45 48 41 19 15 16 18 40 48 56 44 38 14 25 44 34 27 22 23 18 54 58 58 16 36 33 34 23 47 16 30 31 28 4 44 26 46 39 37 21 12 25 41 47 17 23 28 48 24 25 47 50 21 31 17 27 26 47 14 6 36 17 8 16 29 33 64 29 10 55 29 35 51 48 21 26 37 50 52 12 17 46 11 35 32 15 53 47 55 31 42 36 25 46 39 36 47 25 37 22 31 23 39 53 33 35 36 13 26 24 22 43 30 58 37 23 39 14 23 25 49 38 17 28 15 49 25 3 55 35 44 20 57 57 53 18 30 3 0 13 53 30 37 13 19 21 48 25 9 22 44 54 26 45 59 34 24 42 34 36 35 35 27 35 30 32 19 56 39 40 21 43 38 18 56 9 48 56 37 35 9 47 53 25 59 54 28 22 53 59 27 8 48 35 11 15 42 62 50 11 13 53 55 15 22 9 39 26 27 53 57 32 45 20 31 49 44 58 32 37 25 9 45 55 33 15 16 11 27 47 26 17 55 24 27 18 38 50 31 21 26 27 26 19 39 47 54 35 39 7 45 34 18 54 61 46 49 58 22 12 59 18 54 34 46 55 16 19 45 46 34 49 50 32 37 56 10 30 35 35 39 32 17 25 40 31 32 32 13 34 9 12 28 54 57 40 2 6 46 51 31 32 38 14 48 34 51 30 9 14 19 46 16 48 44 52 59 40 23 16 30 20 30 47 20 30 49 14 24 45 64 21 45 43 35 35 49 19 9 46 48 57 63 58 21 43 22 58 34 50 8 22 18 19 18 49 36 55 52 45 51 46 41 45 35 34 8 43 49 25 44 24 8 49 30 40 9 50 45 59 57 14 34 28 32 57 9 42 10 5 22 61 30 4 20 54 46 52 19 37 50 13 15 51 32 32 31 48 58 35 38 48 19 41 27 24 27 65 30 34 34 24 59 8 51 47 44 46 16 55 49 38 11 47 10 12 11 7 29 41 34 44 23 23 20 18 32 34 11 50
35 54 55 33 20 10 5 34 37 29 46 32 46 26 47 15 8 18 18 31 8 44 36 11 36 28 19 33 39 29 20 18 27 26 31 21 25 28 15 44 24 51 49 45 39 31 17 19 11 8 29 8 38 46 29 20 43 39 13 18 33 15 41 15 35 14 15 16 18 51 26 30 21 13 13 21 24 33 43 36 6 45 22 49 25 25 18 27 17 27 21 20 16 29 36 39 42 13 31 41 33 21 9 3 21 7 31 22 28 41 24 5 13 44 28 22 36 30 25 41 22 35 37 47 33 37 34 8 7 19 23 29 35 47 32 29 17 13 34 24 14 11 29 7 41 45 49 11 24 29 24 27 37 21 27 20 16 10 35 30 35 31 31 27 13 24 31 35 18 17 20 39 15 16 35 37 11 25 24 16 21 36 19 10 30 11 5 20 17 22 52 18 20 42 17 32 39 37 25 25 26 38 39 13 4 38 16 26 25 12 41 36 43 19 30 30 13 34 26 28 34 14 27 15 26 12 27 44 21 31 28 9 25 25 13 35 23 46 28 25 28 13 18 21 37 25 18 16 21 36 13 15 44 31 34 27 46 45 42 10 20 15 13 0 41 27 26 11 10 25 38 28 15 22 31 45 16 37 47 30 12 29 24 26 24 26 21 22 17 21 19 44 29 31 19 33 28 16 45 16 36 44 25 23 9 38 45 25 46 41 23 23 41 48 20 6 36 27 11 13 32 50 42 5 12 41 43 11 16 5 27 28 17 41 45 20 35 18 28 38 31 48 26 27 28 15 33 46 20 6 16 9 15 35 19 18 43 15 27 6 30 38 22 22 19 26 14 26 27 35 42 25 27 13 35 25 21 42 50 38 40 47 19 15 48 23 42 30 34 44 20 23 36 34 25 37 38 23 27 44 15 25 24 32 33 29 22 22 32 25 24 20 9 28 18 17 28 42 46 28 13 16 34 39 29 20 26 6 38 22 42 24 19 8 26 38 4 35 35 42 47 28 11 18 28 21 20 36 8 19 37 7 12 35 52 14 34 31 25 27 39 9 9 35 36 45 51 45 11 36 9 46 34 38 14 20 12 11 10 38 31 43 40 37 39 36 29 35 28 23 19 34 37 19 33 20 12 37 29 28 16 39 33 46 45 1 27 16 28 48 6 32 9 10 23 49 24 10 15 43 34 39 17 28 38 4 15 38 31 30 19 36 45 24 28 36 12 29 29 25 26 53 24 22 34 12 50 6 41 38 34 35 21 43 38 32 16 35 8 9 14 12 22 34 26 37 24 21 21 17 21 26 19 39
49 55 14 72 22 33 43 15 46 32 36 20 9 64 7 44 35 58 45 52 34 47 17 36 29 61 53 48 6 67 36 50 65 36 47 44 18 14 27 39 18 11 46 45 42 29 35 38 40 37 46 42 29 43 15 45 4 12 53 48 45 55 48 42 54 48 56 37 58 10 27 13 22 47 52 25 63 36 45 48 43 41 46 12 45 43 59 42 35 28 38 48 29 29 16 8 10 54 39 50 40 26 44 39 47 36 31 43 34 36 19 44 35 16 65 32 38 58 26 27 62 7 7 6 22 34 52 35 39 49 63 35 13 50 30 44 47 29 42 21 28 39 68 39 11 19 51 47 31 37 37 66 14 61 41 31 31 51 46 67 35 25 53 67 53 57 40 15 46 46 30 51 42 42 8 18 33 30 64 26 36 36 59 48 34 38 46 58 34 30 12 25 60 14 26 41 5 8 64 60 18 20 25 45 38 51 56 22 28 49 26 12 31 32 12 52 32 11 20 27 16 28 21 46 51 38 17 49 23 37 26 47 44 60 33 48 31 7 41 49 37 44 35 38 32 21 55 30 61 18 29 56 4 36 41 66 39 12 6 43 23 54 53 41 0 57 17 44 35 63 12 64 51 45 18 51 39 52 8 36 31 16 39 39 29 24 47 22 25 22 55 24 18 21 53 17 39 42 37 52 20 26 19 23 45 44 52 47 16 18 51 47 20 8 46 47 10 44 45 50 41 10 51 42 50 31 10 49 47 46 26 63 27 6 32 30 43 52 58 4 15 47 32 19 65 55 17 52 24 38 45 43 35 19 32 56 22 42 60 38 27 6 42 47 47 45 35 65 21 8 25 21 15 54 42 42 50 23 9 50 50 8 52 48 7 62 16 37 32 40 59 61 18 28 22 24 31 43 40 33 50 50 19 38 51 59 61 54 45 50 27 25 41 51 58 50 62 4 38 29 54 53 30 21 59 22 19 39 13 26 48 32 60 40 66 48 40 11 43 8 7 14 33 48 44 57 24 10 37 24 7 44 32 19 12 35 27 26 37 47 44 41 50 38 24 25 12 15 32 51 33 17 48 22 51 53 46 44 36 5 55 30 14 49 5 17 21 39 29 34 59 46 30 49 14 38 49 31 45 20 57 3 19 13 35 40 46 28 54 52 44 15 49 48 59 8 49 50 37 2 23 8 41 43 4 42 45 13 45 43 25 31 20 33 36 26 45 22 64 46 44 12 51 26 49 30 53 46 41 47 40 12 60 35 8 31 50 6 44 48 54 53 31 51 27 53 46 42 57 43 23 46 59 9
62 39 69 23 42 35 32 55 24 29 41 40 58 18 63 15 28 21 44 12 33 32 45 38 36 7 10 59 53 17 22 42 17 52 58 14 45 46 36 38 42 64 38 34 30 57 43 46 38 34 56 21 38 36 49 13 57 49 20 11 19 21 27 42 14 38 28 42 20 65 31 45 37 38 18 32 20 29 31 21 32 37 48 60 52 15 24 54 22 53 20 10 30 55 45 58 61 25 24 26 25 46 19 28 11 28 57 14 26 36 39 23 39 51 14 26 29 3 50 41 21 52 51 62 39 33 14 34 33 44 19 26 46 33 32 17 42 34 24 46 32 21 22 24 52 51 34 17 27 55 22 18 58 19 54 26 27 28 22 17 31 56 9 22 19 6 23 44 43 13 46 22 16 16 53 44 37 51 23 39 47 31 20 33 57 38 26 17 23 27 65 40 27 51 33 59 52 56 17 8 47 44 42 38 27 20 20 49 51 16 42 57 41 25 48 10 28 47 37 53 43 37 50 13 7 21 40 30 36 57 53 20 51 10 39 20 49 59 20 51 23 39 44 48 35 37 14 29 21 44 35 30 60 57 26 22 40 55 60 19 42 33 30 27 57 0 46 37 36 16 58 13 38 48 41 29 19 19 60 56 30 42 20 20 29 51 10 35 35 42 13 47 50 55 10 55 22 43 39 39 42 45 39 34 34 26 29 52 54 48 6 49 46 64 11 27 49 16 37 17 23 64 25 31 18 39 53 17 12 27 32 11 42 54 43 27 25 11 1 54 43 37 52 49 15 22 42 31 34 33 42 35 23 42 45 15 47 17 6 26 55 52 15 48 11 53 23 20 37 49 44 48 47 24 25 17 46 45 65 22 25 64 9 40 63 19 49 56 32 36 17 16 58 35 48 40 37 15 20 41 38 8 44 59 14 2 18 6 19 8 48 33 35 9 25 40 8 59 40 30 29 36 33 44 3 36 39 33 58 32 28 50 27 35 22 23 26 48 24 60 61 47 28 43 55 11 43 55 24 41 55 21 29 58 66 41 35 34 22 13 27 21 23 29 39 47 64 54 36 17 31 54 60 42 37 9 16 18 36 54 8 42 49 21 57 59 37 27 54 24 28 20 36 10 54 47 35 36 56 37 24 54 41 56 41 27 14 31 5 33 31 53 22 32 11 64 8 29 41 59 38 52 44 18 53 24 41 48 57 57 34 35 51 25 24 38 17 36 12 51 52 67 7 31 61 32 35 28 32 24 26 56 18 39 57 58 40 52 34 21 20 24 48 16 51 18 50 48 12 43 44 13 23 59
36 55 30 58 6 17 27 10 41 27 39 19 24 50 21 32 20 43 29 43 18 45 20 20 28 49 40 34 17 53 26 33 51 22 33 34 2 5 12 40 5 27 47 44 39 18 20 22 24 21 32 28 30 44 4 34 19 19 38 36 39 40 45 26 47 32 40 21 43 26 21 8 11 31 38 16 49 32 43 42 27 42 30 27 30 34 44 27 25 15 28 37 17 17 19 14 16 39 34 46 35 11 31 24 36 21 20 34 29 36 10 30 19 25 51 24 36 47 13 30 47 10 14 22 21 32 45 19 23 33 48 30 17 48 27 37 31 14 37 6 14 26 54 25 21 28 50 33 24 24 29 52 13 46 27 22 20 35 41 54 33 15 45 53 38 45 35 18 30 34 15 46 31 30 10 22 17 17 49 10 21 34 45 32 22 22 31 44 24 22 28 9 45 23 13 29 16 12 50 47 3 24 28 29 23 45 41 8 15 35 30 11 34 22 6 44 19 13 14 15 19 13 8 33 41 26 12 46 12 25 13 33 29 47 17 42 16 22 34 34 31 28 20 23 31 14 41 18 46 21 13 40 19 24 37 52 41 24 17 30 7 38 37 26 17 46 0 27 19 49 13 51 35 29 17 48 28 46 23 23 17 13 31 32 22 11 36 13 11 5 42 30 6 12 40 11 32 26 39 36 22 31 11 15 29 40 49 32 27 25 41 31 26 23 35 31 15 36 29 36 36 26 47 26 36 33 22 35 34 30 21 50 11 19 36 21 38 39 47 13 14 47 18 5 52 40 17 49 14 22 29 27 24 20 16 42 28 30 48 24 16 15 33 32 35 30 23 50 16 13 29 6 2 39 37 34 34 28 24 45 45 21 39 32 23 48 24 24 31 41 45 47 14 27 7 25 31 34 33 36 34 40 3 26 44 48 46 42 39 40 12 15 25 42 43 34 50 17 40 24 38 37 29 25 48 10 12 24 13 17 45 17 44 24 51 43 25 15 38 16 23 3 19 32 30 43 8 10 23 8 12 30 18 14 28 19 26 23 30 38 41 27 34 35 25 31 27 26 16 45 18 27 35 25 35 40 33 30 20 13 46 33 22 43 14 13 18 35 16 26 44 40 30 37 9 23 33 30 31 16 42 14 19 26 38 25 37 16 44 50 29 8 35 32 46 24 39 34 21 17 23 18 26 36 14 28 29 19 31 29 13 30 28 26 30 26 31 19 51 31 29 28 40 18 36 16 52 30 39 42 36 10 45 37 13 20 34 11 28 33 40 37 16 44 14 47 31 27 44 27 7 38 44 14
25 64 57 38 22 12 6 33 48 39 55 39 50 32 48 25 16 23 7 42 13 55 42 8 44 36 28 23 43 36 30 8 34 18 21 32 26 31 19 54 27 54 59 55 49 26 10 11 4 9 19 19 46 56 30 30 46 44 20 29 43 21 52 5 45 5 17 9 24 53 34 33 26 4 21 28 29 43 53 47 5 55 12 53 15 35 22 18 27 23 31 30 23 24 42 40 42 17 41 52 43 19 19 12 32 15 25 32 38 50 30 15 9 50 36 31 46 40 22 49 27 37 41 49 40 46 45 11 7 9 29 39 41 57 41 39 6 18 44 23 21 22 34 18 46 52 59 21 33 21 34 34 36 27 18 29 24 13 46 37 45 27 42 32 21 33 42 41 7 27 16 50 26 27 37 44 12 19 28 18 13 46 25 7 24 6 12 26 27 31 55 19 22 48 23 23 42 38 32 34 26 45 47 2 14 49 22 24 20 22 48 36 51 28 32 41 21 38 33 24 40 17 25 26 36 23 33 54 27 23 24 18 15 33 11 46 18 49 38 14 38 3 11 13 46 32 26 24 26 43 17 15 45 23 45 31 56 49 43 20 21 12 13 11 44 37 27 0 10 32 37 36 8 11 38 55 27 48 50 22 19 35 34 36 32 23 31 29 22 23 27 51 28 29 28 32 38 6 54 9 43 51 31 30 4 48 55 15 52 47 34 12 48 49 30 11 40 37 2 21 42 53 52 7 20 50 47 21 27 11 35 36 17 45 53 28 46 27 38 40 37 58 20 27 35 20 38 57 27 8 5 3 25 42 14 26 50 25 35 15 26 42 32 11 30 16 24 31 34 39 49 24 29 18 45 35 10 49 51 49 51 48 28 6 50 29 48 22 44 54 27 30 34 42 24 44 47 34 38 53 7 35 25 24 43 39 28 32 42 36 20 27 4 39 20 7 37 44 55 37 14 10 43 46 39 25 31 7 37 29 52 18 21 5 30 48 14 40 45 42 50 30 19 8 19 29 20 36 18 20 39 17 19 33 55 10 42 39 35 38 49 20 16 45 43 52 54 51 13 47 16 52 24 45 8 29 22 21 9 39 41 51 46 47 41 34 36 44 23 32 20 44 45 30 33 12 6 46 19 35 20 41 40 51 54 12 37 23 38 58 7 32 17 8 31 51 34 11 8 44 41 43 7 39 41 14 5 44 21 21 25 45 51 33 38 43 22 36 37 14 16 55 35 29 24 18 60 10 51 48 44 35 27 52 39 26 8 38 4 17 20 17 17 44 23 48 13 12 29 7 22 37 23 40
28 58 49 42 13 4 9 25 42 31 47 30 41 35 40 22 9 26 13 38 5 48 34 3 36 37 28 26 34 38 24 17 36 17 25 27 17 22 9 46 18 45 52 48 43 22 8 11 7 3 23 16 38 49 21 26 37 35 22 26 38 24 46 10 42 14 22 8 27 44 26 24 18 13 22 19 33 36 46 41 8 48 17 44 19 30 27 19 20 18 25 27 15 20 32 32 34 21 34 46 37 12 18 8 28 9 22 28 30 43 20 15 4 41 37 24 39 38 16 40 31 29 32 41 31 38 40 3 5 17 32 32 32 51 33 34 15 9 38 15 12 17 38 13 37 42 53 19 26 20 27 37 29 30 20 21 17 18 40 39 37 22 38 36 23 32 35 31 14 24 11 45 22 22 28 35 3 16 33 9 12 38 28 14 22 5 14 29 20 23 46 10 28 39 14 24 33 30 34 35 18 36 39 12 10 44 25 17 16 22 40 28 43 21 24 37 13 29 24 19 32 8 18 23 33 17 23 48 18 22 19 18 18 34 4 40 14 40 32 20 32 11 9 13 38 23 27 16 30 34 9 22 37 22 38 35 48 40 35 18 12 19 19 10 35 36 19 10 0 34 29 37 17 16 29 49 22 43 41 21 11 26 28 30 25 17 28 20 14 14 28 42 20 22 27 25 32 11 46 18 34 42 21 21 11 42 49 20 43 39 31 18 39 41 27 14 31 32 11 22 36 44 47 8 21 41 38 21 24 13 26 37 9 36 45 21 39 26 37 31 28 51 16 19 38 23 30 51 18 4 13 9 19 33 9 27 41 21 36 11 21 33 27 17 27 20 18 35 25 30 40 17 20 22 39 30 18 40 43 43 45 39 28 14 41 32 39 21 36 46 29 32 27 34 16 35 39 29 32 45 16 32 17 23 39 38 31 31 37 32 14 18 7 35 25 17 38 35 47 29 20 19 35 37 38 17 23 5 29 21 46 14 27 6 34 42 11 31 39 34 41 22 12 16 21 30 12 28 13 12 30 16 12 27 46 6 34 30 29 34 43 16 18 38 34 43 45 42 3 42 8 43 27 36 16 29 21 19 1 31 38 43 37 42 32 28 27 38 19 25 26 39 37 27 25 12 14 38 22 26 24 32 31 42 46 10 33 15 36 52 10 24 19 14 32 43 31 16 7 36 33 34 11 33 32 13 13 35 24 22 16 37 43 26 31 35 20 27 38 19 19 47 32 21 28 9 54 13 44 42 37 27 30 44 30 23 17 29 9 18 23 20 13 40 17 44 18 15 30 12 13 32 27 32
55 54 76 10 44 34 27 57 39 40 54 49 66 2 69 20 30 10 38 27 32 47 54 35 48 10 11 53 60 5 31 34 3 49 52 24 48 50 38 51 46 71 53 49 44 55 40 42 34 32 50 22 49 51 52 22 64 57 13 18 34 11 42 37 29 31 17 39 9 72 40 51 42 31 12 39 5 41 46 35 28 51 42 69 46 27 11 48 29 51 30 19 34 53 53 62 65 16 37 41 38 45 19 26 21 28 55 25 37 49 44 20 37 61 5 35 42 18 50 53 7 58 58 68 48 46 30 32 30 36 5 38 54 48 43 31 35 35 38 47 35 25 7 25 60 62 50 17 36 52 32 3 61 6 50 34 32 20 37 6 43 55 25 6 12 10 36 53 37 19 44 38 22 23 58 54 36 49 8 40 44 44 8 26 54 34 21 6 30 36 73 41 14 60 38 55 59 60 1 9 50 53 53 32 26 36 10 50 49 14 53 60 54 33 53 25 32 54 44 53 52 38 51 19 21 25 46 45 41 54 52 17 46 7 37 34 47 66 33 43 35 33 41 44 47 44 8 34 7 53 36 19 66 54 39 7 53 63 65 20 43 23 21 25 63 16 49 32 34 0 61 5 29 42 49 45 26 34 67 53 33 49 31 32 37 50 20 42 39 44 8 58 52 56 12 57 34 38 53 29 52 57 45 41 28 41 44 45 64 58 18 42 57 70 21 22 56 29 30 14 36 71 41 27 14 51 62 15 18 22 41 7 42 61 55 35 39 12 16 59 50 52 50 51 5 13 50 46 39 31 36 30 29 52 43 8 57 23 10 26 55 58 26 41 20 47 29 5 45 56 55 49 50 15 39 29 38 56 71 37 40 69 13 33 69 4 59 53 44 50 5 2 60 46 49 51 49 27 33 54 30 21 47 55 29 16 5 13 33 22 48 39 31 23 13 32 10 65 54 40 19 26 45 54 15 41 45 29 61 39 42 48 14 31 7 37 25 55 38 65 68 51 30 36 50 7 44 59 26 43 60 20 32 60 73 38 46 44 33 27 42 23 17 42 50 58 71 63 35 33 32 63 54 52 28 12 17 20 34 60 23 54 58 36 62 60 45 41 52 34 15 35 48 18 57 43 28 48 50 45 13 60 50 65 54 25 27 35 20 48 26 56 16 25 6 71 21 22 38 64 48 59 39 31 59 22 35 57 52 52 39 47 61 34 36 49 19 45 7 45 47 74 20 38 54 34 50 23 46 39 39 59 6 52 61 56 31 57 29 17 12 15 46 31 51 33 44 42 6 37 45 26 10 63
39 63 23 70 18 28 38 5 51 37 45 26 21 62 13 44 32 55 37 55 30 54 25 30 36 61 52 37 15 65 38 42 63 26 37 45 14 13 24 47 16 21 54 52 48 19 28 30 34 32 36 40 36 51 9 46 15 21 50 48 50 52 54 34 58 41 51 29 55 18 31 15 22 40 50 27 61 41 51 53 37 49 37 23 35 46 55 32 36 18 40 49 29 19 23 5 5 50 44 55 45 19 43 35 48 33 21 45 39 44 21 42 28 27 64 35 45 59 17 36 59 9 15 16 28 40 56 30 34 41 60 40 21 57 35 48 40 26 47 15 26 38 66 37 21 29 58 45 34 27 40 64 3 58 31 33 32 46 51 66 42 14 56 64 50 57 45 23 38 46 22 56 43 42 7 26 27 21 61 22 27 42 56 42 24 32 42 56 35 33 22 20 56 25 25 31 15 5 62 59 12 28 34 39 35 56 53 14 19 48 35 2 39 34 10 55 31 17 24 17 24 24 12 45 53 38 21 55 23 27 16 45 34 59 27 53 22 18 44 40 42 37 27 29 39 24 53 30 58 26 25 51 11 26 46 64 47 23 7 42 18 48 48 38 12 58 13 37 29 61 0 63 45 36 24 57 40 57 19 25 29 20 42 43 32 15 48 24 23 17 54 33 10 11 52 7 43 34 45 45 27 35 20 26 40 49 58 37 27 28 52 38 29 14 47 42 17 47 39 48 46 20 56 37 48 39 21 47 46 42 31 62 21 17 41 32 48 51 59 10 20 54 22 11 64 52 23 58 25 33 38 38 36 26 24 54 32 42 60 35 16 15 44 38 47 35 35 62 25 14 34 13 11 50 47 45 41 32 16 55 55 12 52 41 16 60 26 26 39 48 57 59 7 35 14 31 38 45 43 42 43 52 14 28 55 60 58 54 50 51 18 26 35 53 54 43 62 10 47 34 49 47 37 30 60 22 22 34 2 28 54 22 56 35 63 53 37 18 48 6 17 12 31 40 34 56 18 4 35 19 6 42 30 8 20 28 34 31 41 50 51 39 46 43 31 35 22 26 27 56 30 28 38 30 44 52 45 43 30 9 57 39 24 54 7 6 26 44 19 37 55 51 37 49 5 29 43 38 35 25 53 11 25 24 44 37 49 28 56 59 39 6 46 43 58 16 51 45 30 11 30 17 34 47 12 39 38 22 35 33 24 37 30 37 41 33 43 27 64 36 34 21 52 29 39 28 60 42 48 52 45 3 57 43 4 21 44 10 38 45 51 49 22 55 17 58 37 33 56 35 17 49 56 3
59 51 77 11 46 37 31 60 36 39 52 49 66 7 70 20 32 14 42 24 35 44 54 39 47 6 11 57 61 4 30 39 5 53 56 23 50 52 40 50 48 72 50 46 42 58 44 46 38 35 54 24 48 48 54 21 65 58 17 18 31 16 39 41 26 35 22 43 13 73 40 52 43 35 16 40 10 40 43 33 32 49 46 69 50 26 16 53 29 55 29 18 36 56 54 64 67 20 35 38 37 48 21 29 20 31 58 24 36 47 45 23 40 61 1 35 41 15 53 52 12 59 59 70 48 44 27 35 34 41 10 37 54 45 43 29 39 38 36 50 37 26 10 27 61 61 47 19 36 56 32 6 63 11 54 34 33 24 34 5 42 58 22 10 15 9 35 53 41 19 47 35 22 23 59 54 39 52 13 42 48 43 13 30 58 38 25 10 31 36 73 44 19 60 39 59 60 62 6 6 52 53 52 36 29 33 15 52 52 16 52 62 52 33 54 22 33 54 45 56 52 40 54 19 18 26 47 42 42 58 55 20 50 5 40 32 50 67 31 48 34 38 45 48 46 44 11 35 12 53 39 24 67 58 37 11 51 63 67 22 46 28 25 28 64 13 51 36 37 5 63 0 34 46 49 42 26 30 68 57 34 49 30 31 37 53 19 43 41 47 10 57 55 58 12 60 33 42 51 34 52 56 46 42 32 38 40 49 64 58 16 46 56 72 20 25 56 27 35 16 34 72 38 31 17 50 62 17 18 26 41 2 44 62 54 35 37 13 12 61 51 49 53 53 2 17 51 42 40 34 40 34 30 52 46 11 57 23 7 28 58 59 25 45 19 51 30 9 45 57 54 52 52 19 37 27 43 55 73 34 37 70 13 37 70 9 59 57 43 48 10 7 63 45 51 50 47 26 31 52 34 19 49 59 26 13 9 11 30 19 51 40 35 21 18 37 6 66 52 40 24 31 44 54 12 42 46 33 64 39 40 51 19 35 11 35 28 56 36 66 69 52 32 40 54 8 46 61 28 45 62 22 34 62 74 42 45 44 32 25 39 24 20 40 49 57 72 63 38 30 34 63 58 52 33 12 19 21 37 61 19 53 58 33 63 63 46 39 55 33 20 32 47 17 59 47 32 47 54 46 18 61 50 65 53 28 25 37 17 44 29 58 20 29 6 72 19 26 42 66 48 60 43 29 60 25 39 57 56 56 40 46 61 34 34 48 20 45 2 49 51 75 18 39 58 36 47 26 44 36 37 61 10 51 63 59 36 59 33 20 16 20 49 28 54 30 48 47 8 42 48 24 15 65
27 69 65 35 29 20 11 40 52 44 60 45 58 29 56 28 22 20 10 44 20 59 50 16 50 36 28 24 50 33 35 5 31 24 24 35 34 38 26 59 35 61 64 60 54 32 18 17 12 16 22 22 52 61 37 33 54 51 18 31 47 19 56 11 48 4 13 16 21 61 40 41 34 5 20 35 26 48 57 50 11 60 14 61 18 39 19 21 32 29 36 32 30 30 49 48 49 14 46 55 48 27 22 17 35 21 31 36 43 56 37 18 17 57 33 37 51 41 29 55 24 45 48 57 47 51 47 18 14 7 26 44 48 61 47 43 7 25 49 31 27 26 30 22 53 59 64 22 39 26 39 31 44 24 23 34 30 11 50 34 50 34 44 28 20 33 46 48 9 30 23 54 29 30 44 51 19 26 24 25 20 51 22 6 29 13 13 25 32 36 63 27 18 55 30 27 50 46 29 34 34 51 54 6 19 52 19 32 27 23 55 43 57 34 40 43 27 45 40 31 48 24 33 28 38 27 40 58 34 28 31 19 18 32 19 49 25 56 43 15 43 8 18 19 52 39 25 30 23 50 25 10 53 28 49 27 61 57 51 24 28 6 9 15 51 38 35 8 17 29 45 34 0 14 45 59 31 51 57 27 26 42 39 41 38 30 34 36 30 30 26 58 35 36 29 39 43 12 60 1 49 58 38 37 8 52 59 17 59 55 35 14 55 57 33 12 48 41 7 22 47 61 56 12 20 56 55 22 29 13 41 34 25 52 60 34 50 28 39 48 44 63 26 34 33 17 46 61 33 15 9 9 30 49 21 25 57 29 35 20 32 49 36 13 32 19 29 28 40 46 56 32 36 15 50 39 10 56 59 52 55 55 29 5 57 26 55 27 49 59 24 27 41 48 31 51 53 37 42 59 2 37 33 28 46 40 25 32 46 38 28 34 11 41 17 3 36 51 61 42 11 4 49 53 39 33 39 13 44 36 56 25 17 12 26 52 19 47 49 49 57 38 25 8 22 28 28 44 23 28 46 19 26 40 62 17 48 45 40 41 54 23 15 50 50 59 62 58 20 50 23 59 25 52 2 30 25 24 16 47 43 57 53 51 48 42 43 49 30 37 16 48 51 32 40 18 4 52 22 41 17 49 47 59 60 16 40 30 40 62 10 39 17 7 30 59 37 9 15 52 48 51 13 43 48 17 8 51 24 24 32 51 59 38 43 50 25 43 35 17 19 63 37 36 26 24 65 11 56 52 49 43 24 58 46 32 2 45 8 18 19 15 24 47 29 51 16 16 28 11 29 40 20 47
14 74 58 48 25 19 17 32 57 47 62 44 53 42 48 36 25 33 5 52 20 64 48 14 51 47 38 12 46 46 39 9 44 12 11 42 29 34 24 62 31 55 67 64 58 20 11 7 11 17 9 29 53 65 31 41 48 48 30 39 53 31 61 7 56 11 26 10 34 54 41 37 32 12 31 35 39 52 62 56 16 63 1 56 4 45 32 8 36 19 41 41 31 19 46 40 41 27 50 61 52 20 30 22 42 25 19 43 46 58 35 26 14 54 46 40 55 51 19 55 37 39 43 50 46 54 55 18 16 7 38 48 45 66 48 49 8 24 54 25 28 32 44 28 50 56 69 31 42 13 43 44 35 37 9 37 33 23 56 47 53 23 52 42 31 44 51 45 5 38 16 60 36 37 38 49 17 16 38 22 10 54 35 17 17 13 23 37 36 39 56 23 31 52 29 14 45 38 42 45 28 50 54 11 24 59 32 24 18 32 55 35 58 37 35 51 29 42 38 21 46 22 25 36 47 32 38 64 32 15 21 28 5 43 16 56 15 51 48 5 47 9 11 8 54 37 36 32 35 48 24 24 46 15 54 41 64 53 43 31 24 20 22 22 45 48 29 11 16 42 36 46 14 0 43 65 37 58 52 15 27 39 44 46 40 21 42 35 28 26 38 57 28 26 39 30 47 6 62 14 48 57 36 36 15 57 65 4 56 52 44 2 53 49 41 21 44 47 12 32 51 54 62 17 31 57 51 32 37 22 42 46 20 48 61 37 55 38 49 42 41 67 15 27 46 30 44 66 33 17 7 13 34 47 13 36 55 35 46 25 22 44 42 3 40 5 33 41 40 42 55 25 31 28 54 45 6 55 51 59 61 47 39 10 51 39 52 14 52 62 37 40 31 50 24 50 54 44 47 60 13 46 28 15 54 50 38 42 52 46 19 34 14 49 30 11 48 44 63 44 24 17 51 51 50 31 37 17 36 36 61 14 30 14 40 58 24 44 54 41 51 32 28 7 9 40 23 36 27 24 39 27 28 30 56 12 49 46 44 48 59 30 26 54 50 58 56 55 19 57 24 56 13 51 15 40 33 32 15 41 52 58 50 57 41 32 42 53 19 41 29 54 53 40 33 8 14 53 8 41 29 43 45 55 62 22 48 31 49 68 18 31 27 18 41 52 45 21 10 45 48 47 5 49 43 25 8 48 10 11 31 52 56 42 47 50 33 42 47 4 6 56 45 37 13 25 70 20 59 58 53 35 37 60 39 20 12 40 14 28 31 27 15 55 20 58 3 4 39 5 24 47 33 39
51 39 29 58 19 26 35 23 28 15 23 3 18 50 24 30 24 46 41 35 26 31 6 31 13 45 39 50 13 52 20 45 51 37 48 28 17 13 20 24 14 24 31 29 25 34 33 36 35 29 47 29 14 28 18 29 18 9 41 32 28 43 32 38 37 41 46 33 45 25 10 10 12 40 39 11 50 19 28 31 35 26 44 20 44 26 47 43 20 31 21 32 16 33 5 22 25 43 22 33 23 26 31 29 30 25 36 27 17 21 9 33 30 13 50 15 22 41 29 14 49 16 12 22 5 17 35 27 32 45 50 18 5 34 13 27 43 20 25 21 18 25 55 26 12 15 35 33 14 40 20 52 25 48 42 15 17 41 29 53 19 31 36 54 40 42 23 4 42 31 29 34 27 27 17 6 27 32 52 21 35 19 47 40 38 33 36 45 19 14 25 20 49 12 16 45 13 20 50 44 20 8 12 40 27 34 43 24 31 36 13 23 17 17 14 35 19 7 6 31 4 22 24 31 35 24 6 32 11 41 30 35 43 45 28 31 31 19 24 47 20 39 33 37 16 7 41 17 48 5 21 46 22 40 23 53 25 15 22 30 20 45 44 31 18 41 17 38 29 49 24 49 45 43 0 34 24 35 19 39 20 5 22 22 13 28 31 10 16 18 41 14 22 28 38 25 21 38 23 46 6 15 8 9 38 27 35 46 16 11 35 45 11 25 30 37 9 26 38 37 24 24 34 34 37 17 13 35 32 36 9 48 24 14 20 15 25 37 42 15 4 31 34 22 51 43 2 35 12 31 41 37 20 5 31 42 13 27 44 27 32 12 26 45 31 45 21 52 5 10 13 23 17 43 24 25 46 12 26 33 33 25 37 43 23 49 11 40 16 25 46 48 28 12 23 9 15 26 23 20 44 34 18 42 34 42 47 39 28 33 28 12 34 34 47 45 47 21 24 12 44 46 14 9 43 13 7 32 25 11 31 33 49 33 53 31 29 8 26 24 21 15 21 44 45 42 22 20 25 20 19 32 20 28 26 31 11 8 20 30 28 28 38 21 8 15 23 15 26 34 23 15 50 9 44 38 32 30 30 17 38 17 9 32 20 27 4 22 33 17 49 29 14 33 22 37 42 15 46 4 45 16 3 16 22 30 29 16 38 36 36 22 38 40 44 24 33 41 33 20 7 12 38 26 15 31 41 8 47 45 14 14 15 17 19 10 31 5 49 45 44 27 34 11 51 21 37 36 25 29 22 22 47 20 21 37 44 15 37 36 42 41 31 33 30 36 44 40 43 39 21 30 47 23
77 10 58 52 48 47 50 56 8 21 18 32 47 47 57 32 41 48 61 19 45 5 35 52 23 36 36 75 46 46 26 62 46 64 73 25 48 46 44 15 44 53 10 8 10 65 56 60 54 49 71 37 23 10 50 27 49 39 45 30 13 47 4 59 17 58 53 56 47 56 28 43 39 57 43 34 49 16 7 10 50 12 66 48 68 21 50 68 29 61 25 29 35 63 36 55 58 50 15 5 14 53 38 44 26 41 65 24 20 16 38 42 52 38 43 26 13 28 58 25 49 49 45 54 30 18 15 47 49 63 48 19 38 4 22 17 61 43 12 51 39 34 51 38 42 36 5 38 25 67 22 47 58 47 68 29 33 51 10 46 16 62 20 51 44 35 15 36 62 31 56 7 31 30 51 33 49 60 51 47 60 16 48 53 67 53 47 44 29 28 54 47 53 39 39 72 46 53 46 37 51 32 27 57 42 9 46 54 59 39 26 56 22 29 47 21 37 41 34 61 35 45 55 32 25 33 37 2 38 69 60 42 67 39 51 11 59 50 18 69 18 57 57 61 19 35 41 35 48 34 43 55 55 68 12 51 16 43 56 36 48 56 54 45 51 29 48 55 49 45 57 42 59 65 34 0 29 12 50 67 39 38 22 20 27 57 27 36 40 47 39 30 53 59 35 58 18 59 17 60 32 28 38 34 53 9 2 68 40 35 28 66 33 57 27 48 42 19 55 40 14 54 4 49 41 21 43 39 32 47 27 40 50 45 22 30 10 36 30 49 37 9 62 53 44 48 35 2 36 49 60 53 31 33 56 41 31 31 35 40 63 45 24 66 28 68 32 49 33 44 28 53 49 49 11 21 65 30 58 9 6 58 34 60 55 47 37 68 19 13 45 45 61 23 53 27 21 22 18 21 59 25 48 70 17 30 46 33 14 24 57 35 52 22 52 61 37 54 17 24 53 59 21 31 31 39 37 49 58 32 4 60 54 52 51 8 42 41 11 57 52 47 38 63 70 39 49 54 38 47 52 41 38 61 56 54 24 26 21 19 7 37 46 14 28 30 52 40 47 12 42 39 76 30 58 34 36 36 50 50 23 23 38 10 53 60 32 13 62 25 54 12 21 30 55 61 56 20 71 33 50 49 33 43 19 44 20 36 26 4 50 54 44 53 40 56 25 51 56 53 28 44 60 17 48 42 60 38 72 71 38 21 35 24 19 26 35 31 41 68 68 57 26 31 76 41 6 49 11 8 13 55 46 19 54 66 60 48 53 43 46 48 58 15 59 13 67 63 40 60 50 21 50 56
49 38 52 35 24 19 21 37 21 16 32 23 41 27 45 6 13 24 33 17 17 29 28 24 23 22 15 47 35 29 6 34 28 38 46 7 27 28 19 30 24 47 33 30 24 40 29 32 26 20 44 9 25 31 31 7 40 32 20 9 17 22 25 30 21 29 27 29 23 48 15 27 19 29 18 14 28 19 27 20 22 30 37 44 40 9 26 40 4 36 6 9 12 38 28 40 43 24 15 25 18 29 11 15 9 13 41 7 13 27 21 14 25 36 27 9 21 20 34 28 27 35 34 44 23 22 19 19 21 35 27 15 29 31 19 13 33 17 18 28 14 5 32 10 35 36 33 12 11 41 9 29 40 25 41 9 9 23 20 30 21 39 18 31 19 18 16 27 33 8 30 24 4 3 35 29 22 35 29 22 33 22 25 25 42 25 19 22 5 10 48 23 29 35 16 45 35 38 27 21 30 28 28 28 13 23 22 32 34 14 29 39 30 8 30 17 11 29 20 37 27 20 32 8 14 5 22 28 18 43 36 15 39 22 24 20 33 42 12 40 13 29 30 34 24 19 18 11 26 28 18 28 43 42 19 30 32 38 42 9 25 29 26 16 39 19 28 27 22 26 40 26 31 37 24 29 0 22 42 41 13 24 8 10 12 34 9 17 18 25 18 33 33 37 15 38 12 31 31 32 27 32 21 16 24 22 29 40 39 32 13 38 31 47 8 20 31 11 27 15 16 47 26 20 16 28 37 14 8 19 16 25 25 37 32 10 20 14 19 36 25 33 36 32 27 23 25 30 16 20 32 25 5 26 30 19 32 4 21 12 39 34 6 37 8 40 5 29 20 32 30 30 29 22 19 9 37 31 48 22 25 46 14 31 45 26 34 42 21 29 23 25 41 21 31 26 25 8 12 31 31 13 27 44 18 20 25 15 16 12 32 15 24 15 27 32 24 41 32 15 26 31 21 29 21 18 21 20 41 14 26 34 29 23 30 22 13 30 19 42 43 29 11 34 42 19 26 37 10 24 37 13 12 41 49 27 21 19 10 13 23 8 19 20 25 33 47 38 20 21 14 38 48 27 30 15 10 8 22 36 19 30 33 21 39 41 20 19 37 9 29 18 24 10 36 33 28 24 43 20 25 36 25 40 31 15 12 13 17 32 22 35 18 25 21 47 12 24 28 41 23 35 32 13 35 14 31 32 45 44 16 23 36 10 13 24 9 20 26 40 40 50 13 13 49 15 34 20 25 22 19 38 24 29 39 42 32 34 24 16 21 22 32 19 35 22 39 35 20 32 27 11 26 41
71 21 62 41 44 41 42 55 8 21 26 33 50 36 58 23 35 38 54 8 39 14 37 46 26 24 26 69 47 34 21 54 35 59 67 17 45 45 39 23 42 56 21 17 15 61 51 54 48 42 65 29 26 20 49 18 52 42 35 21 7 37 9 52 6 50 43 50 37 59 26 42 36 49 33 31 38 18 14 5 43 21 59 52 61 14 40 62 24 57 19 19 31 59 38 56 59 40 14 8 13 50 30 37 17 34 62 16 19 22 37 34 46 42 31 23 16 17 55 30 39 50 46 56 31 21 5 41 43 56 37 18 39 15 23 10 54 38 11 48 35 27 40 31 44 41 17 29 23 62 18 36 58 37 62 25 28 42 7 35 18 59 10 40 34 24 13 37 54 22 51 5 22 22 51 36 43 56 40 42 55 19 37 45 63 46 38 34 24 25 58 43 43 42 35 67 47 54 35 26 48 35 31 49 35 3 36 51 55 30 31 56 28 25 47 10 31 42 33 57 36 41 52 23 14 26 36 12 35 64 56 33 61 28 45 5 54 52 13 61 15 50 52 56 23 34 30 30 38 36 39 45 56 64 13 40 24 46 57 28 44 47 45 37 52 19 46 48 43 34 57 30 51 58 35 12 22 0 53 63 34 38 16 15 25 54 18 34 37 44 29 35 51 57 25 56 15 53 25 52 34 34 37 32 45 11 10 62 45 39 18 59 37 60 18 40 43 12 48 31 12 57 8 42 32 26 46 30 23 39 27 28 46 48 29 26 11 26 18 50 38 19 57 51 32 38 36 12 33 42 53 46 25 35 51 31 36 23 25 33 59 46 16 59 19 62 26 38 33 45 33 50 47 39 12 14 58 34 60 4 7 59 24 52 57 36 40 63 21 20 35 34 59 25 50 31 25 15 14 27 51 15 45 65 6 19 35 22 8 14 53 32 45 11 42 53 26 55 25 24 44 50 23 34 20 36 36 42 58 30 10 56 44 45 40 6 35 42 10 58 54 46 32 55 64 28 46 54 31 44 53 32 33 59 59 49 26 27 17 10 11 29 37 16 30 35 56 44 42 2 36 44 70 33 50 24 27 27 44 51 11 29 41 4 54 59 32 15 58 21 44 7 25 20 54 55 48 24 65 33 40 50 34 47 27 37 11 32 15 14 42 53 35 45 29 58 15 43 50 54 30 46 53 11 49 34 52 41 66 65 34 24 40 21 16 28 27 31 30 61 62 60 16 29 70 36 17 40 17 8 13 55 36 25 55 63 52 49 45 34 36 39 53 4 56 2 60 57 29 53 46 12 40 57
56 53 10 76 29 39 49 22 46 33 34 21 4 68 9 48 40 63 51 53 39 46 16 42 28 64 57 55 8 71 39 56 69 43 54 47 24 19 33 37 23 5 44 43 41 36 42 45 46 43 53 46 28 42 22 48 4 11 58 51 46 60 48 49 55 54 61 43 63 7 29 17 26 53 57 29 68 36 44 48 48 40 53 5 52 45 64 49 39 35 40 51 33 36 16 14 16 59 40 49 40 33 49 44 49 41 38 46 35 35 23 49 41 13 68 34 38 60 34 25 67 14 10 5 22 33 53 41 45 56 67 36 14 49 30 45 54 34 42 28 33 43 73 43 9 15 50 51 33 44 39 70 21 65 48 34 35 56 46 71 35 32 55 71 58 60 41 16 52 49 37 51 46 45 14 17 39 38 69 32 43 35 64 54 41 44 52 63 37 33 6 31 66 11 31 48 9 15 68 63 25 19 24 52 43 51 60 29 36 54 24 19 29 35 18 54 36 14 23 34 17 34 27 49 53 42 21 48 27 44 33 52 51 64 39 49 38 1 42 56 39 50 42 45 31 24 59 34 65 17 34 61 9 43 41 71 37 8 12 47 30 60 59 47 8 60 23 50 41 67 19 68 57 52 19 50 42 53 0 43 36 19 41 41 32 32 50 26 30 28 59 21 24 28 56 24 40 48 35 58 19 23 23 27 51 43 51 54 11 15 54 54 17 9 49 52 12 45 51 54 42 5 50 48 55 29 8 53 50 51 28 66 33 6 30 33 43 56 60 11 18 45 39 26 69 60 18 51 28 44 52 50 39 19 39 60 20 45 63 43 34 9 45 54 50 51 39 69 23 12 23 28 22 59 42 44 56 21 9 50 49 10 56 54 6 66 13 44 32 39 64 66 25 28 29 23 30 45 41 31 56 53 25 45 52 61 65 57 46 52 34 29 47 53 63 57 65 9 36 30 60 59 30 20 62 27 22 45 20 29 47 38 65 46 70 48 45 13 43 14 3 20 38 55 51 61 30 17 42 30 14 49 36 26 7 41 27 26 39 49 44 45 55 37 23 22 5 11 38 52 38 12 55 21 57 56 50 48 42 11 57 28 13 49 12 24 23 39 36 36 65 47 29 52 21 45 55 30 52 23 62 10 19 8 33 46 48 33 57 51 50 22 54 54 63 7 52 56 43 8 24 8 48 44 10 47 52 12 52 50 29 30 16 35 38 25 49 24 68 53 50 8 53 30 56 35 52 51 40 47 40 19 64 33 15 38 57 13 50 53 59 58 38 52 34 54 53 49 61 49 29 48 64 16
14 75 48 60 21 23 27 22 60 47 61 41 44 53 38 43 29 44 17 58 25 65 43 19 50 57 48 12 38 57 43 23 55 4 12 47 23 27 24 61 26 46 68 65 60 8 14 12 20 23 11 36 52 65 23 47 39 42 41 47 56 42 64 17 62 24 38 14 45 43 41 31 30 24 42 35 51 52 63 60 26 63 15 47 12 50 44 8 39 9 44 48 32 8 42 30 30 38 52 64 54 15 38 29 49 30 6 48 48 58 32 35 18 48 57 42 56 59 11 53 49 30 36 41 43 54 60 23 24 21 50 49 40 68 48 53 21 26 56 19 29 37 56 33 43 51 70 40 43 2 46 55 24 48 6 39 35 34 59 58 54 11 58 54 42 53 53 41 19 45 12 64 42 43 29 44 20 8 50 21 9 54 46 28 3 19 33 48 39 40 47 21 44 46 29 6 37 29 53 55 21 46 51 23 30 63 43 16 9 42 52 25 56 39 27 57 32 36 36 10 41 22 17 43 53 37 34 66 31 2 11 38 11 53 18 60 9 42 51 17 50 20 13 10 53 35 47 33 47 44 25 37 36 1 56 53 63 45 32 38 20 33 34 30 36 56 23 22 21 53 25 57 27 15 39 67 41 63 43 0 30 35 47 49 41 13 48 33 28 22 47 52 19 16 48 20 50 16 61 28 45 53 33 35 26 59 68 14 49 47 52 16 48 39 47 32 37 51 23 42 54 45 65 27 40 55 44 41 44 32 42 57 18 40 58 38 57 47 57 33 37 68 6 19 57 41 40 69 32 24 19 24 38 43 12 47 51 41 56 31 9 37 47 17 47 11 37 52 37 35 52 17 24 39 57 49 20 51 41 62 64 37 48 23 41 50 47 1 51 62 48 51 20 49 17 48 53 48 50 58 26 52 22 3 59 58 49 51 56 53 12 33 23 55 42 25 58 35 62 44 36 30 50 48 58 29 34 25 25 36 64 8 43 23 52 61 31 38 57 31 42 26 31 21 9 49 19 27 33 21 30 36 30 19 45 16 48 44 47 53 61 36 37 55 47 54 47 48 22 61 27 50 13 47 28 49 41 39 21 32 59 55 44 61 32 21 40 55 8 43 42 58 51 48 23 11 27 52 10 38 41 34 42 47 60 30 52 32 56 70 28 22 38 29 52 41 51 32 15 36 45 39 15 52 34 33 20 42 10 8 30 51 51 44 49 48 40 40 58 13 10 46 52 37 14 27 72 31 60 61 55 25 48 59 29 6 26 32 25 37 42 38 10 60 10 63 14 12 50 17 19 52 45 28
39 47 45 42 13 8 15 26 31 20 36 21 35 34 37 16 5 28 24 29 7 37 25 14 25 32 24 37 29 37 14 26 35 26 35 19 16 18 6 35 14 40 41 38 32 28 18 22 17 11 33 11 27 38 20 19 33 27 23 20 27 25 35 21 33 23 26 18 27 40 15 19 10 22 22 9 33 25 35 31 16 37 28 38 30 21 29 30 10 24 15 21 5 26 24 30 33 24 24 35 26 17 14 10 21 6 29 19 20 32 13 14 14 33 35 13 28 32 22 30 32 25 26 37 21 27 31 9 13 27 32 21 24 40 22 24 25 5 27 17 3 10 38 8 30 34 42 16 15 29 17 35 29 30 30 10 6 22 30 37 27 27 30 37 22 28 25 23 25 18 18 35 15 14 25 26 10 23 34 10 22 27 29 21 30 15 17 28 10 12 41 10 31 31 5 34 28 28 33 31 18 27 29 21 8 34 25 20 22 19 30 28 33 10 20 29 3 22 15 25 23 8 21 17 26 10 16 37 9 31 24 17 29 30 13 31 21 35 22 31 21 21 19 23 27 14 25 5 30 25 6 27 34 30 27 36 37 33 33 13 13 26 24 12 31 30 17 19 11 33 29 34 26 27 20 39 13 34 36 30 0 18 18 20 14 22 20 11 7 13 25 32 21 26 23 26 21 22 35 27 25 33 14 12 19 31 39 30 35 30 25 29 30 38 19 17 25 22 20 20 25 40 36 14 20 31 31 18 18 16 16 34 13 30 35 10 29 22 31 27 20 40 24 20 35 25 21 40 9 12 23 18 9 24 18 25 32 14 31 8 27 27 18 28 20 30 8 34 16 24 31 19 18 24 28 20 29 30 39 33 35 37 23 24 37 32 30 30 25 35 29 31 29 24 19 26 28 19 21 34 25 25 15 32 30 32 30 25 27 25 20 9 16 27 28 26 33 32 37 18 25 27 24 28 32 9 14 13 30 11 35 22 30 15 35 32 9 24 28 32 36 19 3 26 32 27 13 27 7 12 28 14 1 29 42 16 23 20 18 25 32 11 19 27 25 34 40 34 9 32 4 35 37 26 25 24 16 14 12 27 31 32 29 32 30 29 18 27 25 15 30 29 27 21 25 22 23 27 32 17 27 28 22 35 36 11 24 4 28 42 17 24 19 21 29 39 24 21 18 32 23 28 22 23 27 12 23 27 34 33 7 26 34 15 20 25 15 17 35 30 29 42 24 11 38 3 44 17 33 32 27 27 29 34 29 30 26 25 18 18 24 22 20 31 23 34 29 25 27 22 15 23 29 31
47 43 28 58 15 23 32 19 32 18 27 7 18 50 22 30 22 45 38 37 23 34 9 28 17 46 39 46 12 52 21 41 51 33 44 29 13 9 17 28 9 23 35 33 29 30 29 33 31 27 43 28 18 32 14 30 16 10 40 33 31 42 35 35 39 39 44 30 44 24 12 6 9 38 39 10 50 22 32 33 32 31 40 21 40 28 46 39 20 27 22 33 15 29 8 18 21 42 24 36 26 22 30 27 31 23 32 28 20 25 6 31 27 16 50 17 25 43 25 18 49 12 10 21 9 21 37 25 29 42 49 20 7 37 16 29 40 18 28 17 15 25 54 25 13 18 39 33 16 35 21 51 21 47 38 16 17 39 32 53 22 27 38 53 39 42 25 7 39 31 25 37 28 27 14 10 23 28 51 18 31 23 46 37 34 29 34 45 19 15 25 17 48 14 13 40 11 17 49 45 15 12 16 37 26 36 42 20 27 35 18 19 22 17 10 37 18 5 5 27 7 18 20 31 36 24 3 36 9 37 25 34 39 45 25 34 27 18 26 43 23 35 29 33 20 5 41 15 47 9 18 44 19 36 27 53 29 16 20 29 16 43 42 29 16 42 13 35 26 49 20 49 42 39 5 38 24 38 19 35 18 0 24 24 14 23 32 8 13 14 41 18 18 23 38 21 24 35 27 43 10 19 5 8 35 30 38 42 18 14 36 41 14 23 31 35 8 28 36 36 26 23 37 31 36 21 14 35 32 34 12 48 20 13 24 15 29 37 43 13 2 35 30 17 51 42 5 39 10 28 38 34 20 9 27 42 17 27 45 25 28 10 27 41 32 41 20 51 6 8 17 18 13 41 28 27 43 16 24 36 36 23 37 40 22 48 13 36 19 29 45 47 24 16 19 13 19 27 25 24 41 35 14 38 36 43 47 39 31 35 24 10 32 36 46 42 47 18 28 14 42 43 18 13 44 10 4 29 21 10 34 29 47 31 52 34 27 7 29 21 20 10 20 41 41 42 18 17 24 16 15 31 18 24 25 28 15 12 22 32 31 27 37 24 13 19 23 17 23 37 20 18 46 13 41 38 32 30 27 14 40 21 12 34 17 23 7 25 28 19 47 32 18 34 18 33 39 19 42 5 44 13 7 18 26 28 31 14 39 39 33 17 36 38 44 23 34 38 30 18 11 11 35 28 12 30 38 10 43 41 11 18 18 18 22 14 30 8 50 41 40 26 35 11 47 18 41 34 28 33 26 18 46 25 18 32 42 12 34 35 41 40 27 36 25 39 41 37 43 36 17 31 46 20
56 31 50 39 28 25 29 40 14 10 25 21 39 32 45 12 20 31 40 14 24 21 25 31 17 25 20 54 35 33 5 41 32 44 52 7 30 30 23 23 27 45 26 22 16 45 35 39 33 27 50 17 19 23 34 9 39 30 27 13 10 28 18 37 16 37 34 35 30 47 13 28 21 36 24 15 33 12 19 14 29 23 44 41 47 5 33 47 8 41 3 13 15 43 26 41 44 31 8 18 10 34 18 23 10 20 46 6 7 20 22 22 31 32 31 8 14 20 39 23 33 35 33 43 20 16 15 26 28 42 33 8 27 24 14 7 40 22 11 32 19 13 37 17 33 32 26 19 8 47 3 33 43 31 47 10 13 31 13 34 14 43 15 36 25 22 8 25 40 13 35 17 11 10 36 25 28 40 35 26 39 15 31 33 47 32 26 28 9 10 46 27 35 32 19 51 34 39 32 24 33 25 23 36 20 16 29 35 39 20 23 41 24 9 32 14 16 28 19 42 24 25 36 14 13 12 22 20 20 48 40 22 46 26 30 13 39 40 5 47 5 36 36 40 17 19 24 14 32 25 23 35 43 48 11 36 25 35 43 16 29 36 34 24 39 20 31 34 28 31 42 30 39 44 22 22 8 16 41 47 18 24 0 3 10 38 11 19 21 28 23 28 36 41 19 41 5 38 24 39 23 27 22 17 32 14 22 47 35 29 15 45 27 46 10 27 30 5 34 21 9 45 19 28 23 21 34 21 14 26 13 28 30 35 25 11 12 19 20 36 24 25 42 35 31 30 23 23 18 27 39 32 10 23 35 25 28 11 24 19 44 33 5 44 11 47 11 34 19 31 25 34 32 30 12 4 44 26 47 16 18 46 19 39 44 32 30 48 14 22 29 30 44 16 34 21 19 5 4 24 38 13 30 50 13 21 30 19 9 12 37 17 31 13 34 40 26 41 24 11 33 38 15 25 22 21 21 28 43 15 18 40 36 30 36 15 21 29 11 43 42 31 17 41 49 24 30 39 17 28 38 20 17 44 48 33 16 15 3 9 16 16 26 13 20 28 45 34 26 15 20 34 55 23 37 19 17 16 29 37 17 24 30 14 40 44 18 12 42 6 36 11 18 13 38 40 35 18 50 19 32 36 22 37 25 23 8 16 16 25 29 38 25 32 26 46 12 31 35 41 19 33 39 6 35 22 38 29 51 50 19 17 32 6 6 19 16 17 29 46 47 48 13 14 55 20 27 28 18 15 11 40 30 23 40 47 39 34 32 23 27 29 38 14 40 17 46 42 25 39 31 8 33 42
58 29 50 41 30 28 31 41 12 9 23 21 39 34 45 15 22 33 42 13 26 19 25 33 16 26 22 56 35 35 7 43 34 45 54 9 31 30 25 20 28 45 24 20 14 47 38 41 35 29 52 19 18 21 35 11 39 30 29 15 8 31 16 39 16 39 36 37 32 47 13 29 22 38 27 17 35 10 17 12 32 21 47 41 49 5 34 49 10 43 5 14 17 45 26 42 45 33 6 16 8 35 20 25 11 22 48 8 6 18 22 24 33 32 32 9 12 20 40 22 35 36 33 44 19 14 14 28 30 44 34 6 27 21 13 5 42 24 9 34 21 15 38 19 33 32 24 21 9 49 4 35 44 33 49 11 14 33 10 35 12 44 15 38 28 23 6 25 43 15 37 15 13 12 37 25 30 42 37 28 41 13 33 35 49 34 28 30 10 11 46 29 38 31 21 53 34 40 33 26 34 24 22 38 23 14 30 37 41 23 22 41 22 10 33 14 18 29 20 43 24 27 38 15 14 14 23 18 21 50 42 24 48 27 32 11 40 40 3 49 4 38 38 43 16 20 26 16 34 24 25 37 43 50 9 38 22 35 43 18 30 38 36 26 39 20 32 36 30 32 43 31 41 46 22 20 10 15 41 49 20 24 3 0 11 40 12 20 23 30 25 27 37 42 21 42 2 40 22 42 23 26 23 17 34 12 20 49 35 28 16 47 27 47 12 30 30 5 37 24 6 45 17 30 25 20 34 23 16 29 13 29 32 35 24 12 10 21 21 36 25 23 43 36 33 32 23 21 19 30 41 34 12 23 37 27 27 13 25 21 45 33 7 47 13 49 13 36 19 32 24 36 33 32 9 4 46 25 47 14 15 46 20 41 45 33 30 49 13 20 31 32 45 15 36 20 17 6 2 22 40 13 31 52 13 22 32 20 8 13 39 18 33 13 36 42 27 42 23 11 35 40 14 24 22 22 22 30 43 16 16 42 38 33 37 13 23 29 9 44 42 32 19 44 51 25 32 40 19 29 39 23 19 45 47 35 15 15 2 9 14 18 28 10 20 27 44 34 28 14 23 34 57 22 39 20 19 18 31 37 17 22 29 13 40 45 19 10 44 7 38 9 17 15 40 42 38 16 52 19 34 37 22 36 23 25 8 18 17 23 31 39 27 35 27 46 13 33 37 41 18 33 41 4 36 24 40 29 53 52 20 15 31 6 4 18 18 18 31 49 49 48 14 15 57 22 25 30 16 13 9 40 32 21 41 48 42 35 34 25 30 31 39 12 41 16 48 44 26 41 32 8 35 43
51 35 41 47 21 22 28 31 20 7 23 12 30 39 36 18 17 35 38 23 21 25 17 27 13 33 27 49 25 40 8 40 39 38 48 15 21 21 17 22 18 36 28 25 19 38 31 35 30 25 46 19 15 25 25 17 30 21 31 20 18 33 24 34 26 36 37 31 35 37 3 19 12 35 29 7 39 12 23 21 28 24 41 32 43 14 37 42 9 34 9 20 10 36 17 32 35 34 12 24 14 27 21 22 18 18 39 15 7 18 13 24 27 24 38 3 15 29 32 18 39 26 23 34 11 14 24 23 26 40 39 9 18 28 9 16 38 17 16 25 13 15 44 17 24 25 30 23 2 41 8 40 34 37 42 4 9 33 19 41 13 35 25 43 30 29 13 16 38 19 30 24 16 15 27 17 24 34 41 20 34 14 36 33 41 29 27 34 8 2 37 20 40 23 13 46 25 30 38 32 25 17 17 34 20 24 33 28 33 25 18 32 20 6 22 24 12 19 10 34 15 20 28 19 22 14 13 25 11 43 33 25 42 33 25 21 33 31 12 44 10 34 32 36 14 10 30 9 37 16 18 38 33 42 15 42 24 27 33 19 22 38 35 24 29 29 22 32 25 37 32 37 38 40 13 27 12 25 32 41 14 14 10 11 0 31 19 10 14 21 30 21 27 33 26 32 11 35 22 39 15 21 12 8 31 19 27 44 27 21 23 42 20 37 18 29 21 15 33 26 14 36 25 27 27 18 25 25 20 28 4 36 24 26 22 5 17 26 29 26 15 27 35 27 39 33 14 28 9 25 37 31 10 15 30 31 21 15 32 19 36 24 14 42 19 43 11 40 9 22 19 26 23 33 16 13 42 19 38 23 24 36 25 37 35 38 22 42 12 22 35 36 35 11 27 14 15 14 11 21 38 22 22 44 23 30 36 27 18 21 30 9 29 22 37 39 34 32 23 5 36 39 11 17 31 13 12 26 34 6 23 34 39 28 42 21 21 20 17 34 33 22 14 39 44 31 23 30 17 21 29 23 13 35 38 29 10 8 9 18 20 18 29 14 13 22 35 26 22 24 17 26 50 16 37 26 21 19 26 27 26 20 21 22 30 35 9 14 35 5 39 19 14 21 30 35 35 14 45 9 35 27 13 28 22 23 17 10 26 29 29 29 28 33 33 36 21 33 31 31 11 24 35 15 26 22 36 20 47 45 11 13 24 5 9 13 20 8 37 43 43 39 22 5 51 16 31 29 20 21 14 31 36 20 31 40 39 25 31 26 32 32 32 23 33 26 42 39 32 36 23 18 37 33
25 65 37 59 10 17 25 11 50 37 49 30 33 51 27 37 23 43 22 50 19 55 31 16 39 52 43 24 26 55 34 27 53 12 23 40 11 15 16 50 15 35 57 54 49 8 13 15 20 19 22 31 40 54 11 40 28 30 39 41 47 40 54 20 54 27 39 15 43 33 30 19 19 26 39 24 49 42 53 51 24 52 22 36 21 41 43 18 31 4 36 41 23 6 30 19 20 38 43 55 44 6 33 25 42 24 9 40 38 47 20 31 15 36 54 32 45 52 2 41 47 19 24 30 32 43 52 19 21 26 49 39 28 58 37 44 25 18 46 7 20 30 55 28 31 39 60 35 33 13 37 53 14 47 17 29 26 34 49 56 43 5 51 53 39 48 43 29 23 39 8 54 36 36 18 32 15 6 49 13 12 44 45 29 11 18 30 45 30 30 36 12 44 34 19 18 25 18 51 50 9 34 39 25 25 54 41 4 4 38 40 14 44 30 15 50 24 24 25 4 29 14 5 38 47 31 22 56 20 14 3 34 20 50 14 50 7 31 42 25 40 23 13 14 42 24 43 24 46 32 17 38 25 13 46 52 51 33 22 33 10 34 35 26 24 51 11 23 17 50 15 53 30 21 28 57 34 54 32 13 22 23 38 40 31 0 42 22 18 11 44 40 8 6 43 9 40 19 49 31 33 42 21 24 26 49 58 23 37 35 45 23 36 28 41 30 25 43 25 38 44 34 56 25 37 44 32 37 39 30 31 53 10 28 47 28 47 42 52 22 25 57 8 7 54 40 28 59 22 21 23 24 30 31 10 44 39 35 51 26 6 25 39 24 41 21 29 51 26 23 40 5 12 38 47 41 26 39 30 53 54 26 43 26 30 48 35 13 40 51 46 49 11 37 5 36 42 40 41 47 29 46 10 15 51 53 47 46 47 46 3 23 22 48 42 29 53 24 51 34 36 33 39 36 53 19 22 22 15 26 54 8 43 21 51 52 26 26 47 20 31 14 24 26 20 46 9 16 27 11 19 32 23 10 35 14 37 33 38 45 51 31 35 44 35 42 36 36 16 53 21 37 24 35 30 44 36 34 17 21 52 44 32 52 21 12 28 44 5 34 42 49 40 42 12 14 29 41 21 27 41 23 30 35 49 26 44 22 50 60 27 11 35 30 48 31 45 32 15 25 34 27 19 44 23 29 24 30 21 19 20 40 39 34 39 37 35 29 54 22 20 35 46 26 25 20 62 29 49 51 45 14 46 47 18 10 29 20 25 34 40 37 7 51 3 55 22 18 46 20 8 44 44 18
55 37 59 29 33 26 25 45 20 20 34 30 48 22 53 6 20 22 38 11 24 28 35 31 28 15 11 53 43 23 12 37 22 44 51 4 35 36 26 32 33 54 34 30 24 48 36 39 31 26 49 13 30 32 39 3 48 40 19 4 15 20 24 35 15 33 26 35 21 55 22 35 27 32 16 22 24 21 27 18 26 32 42 51 45 8 24 47 12 44 10 2 20 46 35 48 51 23 17 23 19 37 13 21 1 19 48 5 17 29 29 17 31 42 20 16 23 12 42 33 24 43 41 52 29 26 14 26 26 39 23 18 36 30 24 12 37 25 18 37 23 12 27 15 42 43 32 12 17 48 13 23 49 22 47 17 17 24 18 23 23 47 11 26 17 11 17 35 38 5 37 21 7 6 43 35 28 42 26 30 40 24 22 28 49 30 21 19 13 18 55 30 27 42 24 52 43 46 21 14 38 35 33 33 19 19 20 40 42 13 34 47 34 15 38 10 19 37 27 45 34 28 41 6 6 12 30 26 26 50 44 15 45 15 31 17 40 49 13 45 15 34 37 40 27 27 14 19 22 34 26 28 51 49 20 26 34 45 50 11 33 30 27 21 47 10 36 31 28 20 48 19 34 42 31 27 9 18 50 48 20 32 11 12 19 42 0 26 26 33 14 38 41 46 10 46 14 36 33 35 33 37 29 24 28 22 26 45 45 39 5 43 38 55 1 22 39 9 31 13 17 54 23 25 15 32 44 13 5 22 22 18 33 44 35 17 20 9 11 44 33 33 43 40 21 21 33 28 24 26 36 29 13 33 37 15 38 8 14 18 47 42 6 42 2 46 14 24 27 39 35 39 37 22 19 9 41 37 56 19 22 54 9 35 53 22 40 49 24 31 20 20 49 26 39 31 29 7 13 34 34 5 35 51 13 12 21 9 14 5 40 23 29 8 25 36 16 49 34 21 26 33 25 35 13 26 29 26 49 22 24 41 27 28 26 19 18 38 19 50 51 37 19 38 48 14 33 45 16 32 45 15 19 49 57 33 27 25 13 8 23 13 19 22 30 39 54 44 27 16 22 44 54 33 32 9 10 10 28 44 11 34 39 18 47 49 28 21 45 15 27 16 28 3 44 39 31 28 49 28 23 44 32 46 34 20 8 21 8 30 25 43 18 27 15 54 4 25 34 49 29 42 37 11 43 18 35 39 51 50 24 27 42 15 16 29 10 27 19 45 46 57 4 21 54 23 32 23 27 20 20 46 21 33 47 49 35 42 28 16 19 22 39 14 43 18 44 41 15 37 35 7 24 49
44 43 35 51 13 17 26 22 29 15 29 11 25 43 28 23 15 37 33 32 16 33 15 22 18 39 32 42 19 45 15 36 44 30 41 23 12 12 11 29 9 30 35 33 27 29 25 28 26 21 39 20 19 32 16 23 23 17 32 26 27 35 33 29 35 33 37 25 37 31 9 10 3 32 31 4 43 20 31 30 26 31 36 28 36 23 39 35 14 25 17 26 8 28 14 23 26 35 21 33 23 19 23 20 25 16 30 22 16 25 4 24 21 22 43 11 24 37 23 21 41 18 17 28 12 21 32 19 22 36 42 18 13 36 15 25 34 12 25 16 9 17 47 18 20 24 38 25 12 33 16 44 24 40 35 10 10 32 28 46 21 26 33 46 32 35 22 13 33 24 22 33 21 20 18 16 18 26 44 13 27 22 39 31 32 24 27 37 13 9 32 13 41 20 6 38 18 21 42 38 15 17 19 31 19 33 35 19 25 28 21 23 24 11 14 32 11 13 4 26 13 13 19 24 30 17 5 34 3 34 24 27 35 38 19 30 25 25 22 39 19 30 25 29 20 3 34 8 40 15 12 37 26 34 24 45 30 23 25 22 13 36 35 22 22 35 13 29 20 42 24 43 36 35 10 36 17 34 26 33 11 8 19 20 10 22 26 0 7 12 34 23 18 24 31 23 20 30 28 37 15 23 4 3 29 28 36 38 25 20 30 37 19 30 25 28 15 24 30 29 23 30 34 25 29 23 21 28 25 27 9 41 16 20 26 9 26 30 36 19 9 35 27 18 44 35 11 37 3 21 32 27 14 13 23 34 22 20 38 18 27 17 21 36 25 37 13 44 6 15 21 17 14 34 25 22 37 21 31 32 33 29 30 34 28 41 20 34 19 29 38 40 26 16 18 16 20 22 21 26 34 29 13 36 32 37 40 32 27 29 22 3 26 30 39 36 40 24 30 12 35 37 17 18 38 4 4 23 25 4 32 26 40 25 45 31 20 14 26 25 27 12 13 35 37 35 15 21 17 13 20 24 11 26 32 23 15 12 18 27 29 20 30 22 15 24 30 24 17 33 14 24 43 17 35 31 25 22 21 19 34 24 18 31 22 26 8 23 27 13 40 28 19 27 21 29 33 20 38 7 37 19 11 25 28 21 26 7 33 38 27 20 29 31 37 30 28 32 25 24 13 18 30 24 19 22 32 17 39 38 4 19 24 14 18 16 23 8 43 37 36 33 29 5 44 12 40 27 28 30 23 22 39 26 22 31 36 17 28 27 34 33 24 32 24 35 36 32 36 31 15 26 39 24
38 48 38 48 8 10 20 20 33 20 35 17 29 40 30 22 10 34 26 34 11 38 20 16 24 38 30 36 22 43 17 30 41 25 35 24 10 12 5 35 8 34 41 38 33 25 18 22 20 15 33 18 26 38 14 24 26 22 29 25 30 31 37 23 37 27 32 19 34 34 14 13 4 26 28 8 39 25 36 34 20 37 29 32 30 25 35 29 14 21 19 26 6 23 20 24 26 30 26 38 27 14 20 15 26 12 26 23 21 31 8 20 15 28 41 15 29 37 18 27 38 19 20 30 18 27 35 13 17 30 39 22 19 41 21 27 28 6 29 12 4 16 44 15 25 30 43 23 16 27 19 42 23 37 29 12 9 27 32 44 27 22 35 43 29 34 26 19 27 24 16 37 20 20 19 22 12 20 40 7 21 27 35 25 27 18 22 35 14 13 35 7 37 26 2 32 22 22 40 37 13 23 26 24 14 37 32 15 19 25 27 22 30 13 14 34 8 17 11 21 18 7 16 23 31 15 11 39 5 29 20 23 29 37 13 33 19 29 25 32 23 24 19 23 26 10 31 7 37 21 5 32 27 28 29 42 36 28 26 19 8 31 30 17 25 35 11 22 14 39 23 41 30 28 16 40 18 37 30 28 7 13 21 23 14 18 26 7 0 8 32 29 16 21 30 21 23 23 34 31 21 29 9 9 23 32 41 31 30 25 30 30 26 32 25 23 19 26 24 26 27 34 39 19 26 29 26 25 24 22 15 40 10 24 33 11 31 29 36 21 15 41 22 14 42 31 16 42 5 16 26 22 14 20 17 32 28 19 37 14 23 21 23 30 25 31 13 41 12 18 27 14 12 30 30 24 31 27 33 36 37 30 29 28 31 38 26 28 25 35 35 38 24 22 14 23 27 24 24 32 29 30 10 30 34 37 37 32 30 30 17 6 20 31 34 29 39 26 36 17 30 31 23 24 38 3 9 17 24 9 37 20 36 19 42 35 15 19 30 26 30 12 9 29 31 33 9 21 13 7 21 20 8 24 35 17 22 18 21 29 34 17 25 28 22 30 34 29 11 36 9 30 37 23 29 30 22 20 15 21 36 30 24 35 23 24 14 28 22 17 35 32 25 26 19 22 27 26 32 13 33 22 18 30 34 17 28 5 34 43 21 18 25 25 35 32 29 26 19 26 20 22 24 26 21 18 26 22 33 32 3 25 29 17 22 22 21 14 41 30 30 36 30 10 38 6 45 22 33 34 28 21 36 32 22 26 30 19 22 24 30 29 18 34 19 38 30 26 34 24 10 28 35 24
34 54 35 53 1 12 22 13 40 27 40 20 28 45 26 28 15 38 25 41 13 45 23 15 29 44 36 32 21 48 24 29 47 19 30 30 4 9 7 40 6 32 47 44 39 18 16 19 19 16 29 23 30 44 8 31 24 23 33 32 37 35 44 22 44 27 35 16 38 31 20 11 9 26 33 14 44 32 42 41 22 42 27 31 26 32 39 25 22 14 26 33 14 16 21 19 21 34 32 44 34 8 26 19 33 17 19 31 27 37 10 25 14 29 47 22 35 44 12 32 43 15 19 27 22 32 42 14 18 29 44 29 20 48 27 34 27 9 36 5 11 22 49 20 24 31 50 28 22 22 26 47 17 41 24 19 17 30 39 49 33 15 42 48 34 40 33 20 26 30 11 44 27 27 15 24 12 15 45 5 17 33 40 27 21 17 26 40 21 20 33 4 40 27 10 27 20 17 45 43 6 26 30 25 19 44 36 8 13 31 31 16 35 20 10 41 15 17 15 14 21 8 9 29 38 22 13 45 10 23 13 28 25 43 12 40 14 27 32 30 30 23 16 19 32 14 37 15 41 23 9 35 24 22 35 47 42 28 22 25 2 33 32 21 22 42 5 23 14 44 17 47 30 26 18 47 25 44 28 22 13 14 28 30 21 11 33 12 8 0 37 32 9 14 36 14 30 22 39 31 24 33 11 14 24 39 47 28 31 27 37 28 28 28 32 26 18 33 24 31 34 31 45 21 31 34 26 30 30 25 20 46 6 23 37 18 37 35 43 18 16 47 16 8 47 35 19 48 12 17 25 22 20 22 13 37 31 26 44 19 16 20 30 28 32 27 20 46 16 17 31 7 7 34 36 31 30 30 29 43 44 26 35 27 28 43 27 23 30 41 40 43 17 27 7 27 32 31 31 37 29 37 3 25 41 44 42 38 37 37 10 13 20 39 38 29 46 22 41 24 33 32 29 27 44 9 13 19 17 15 43 15 39 19 46 41 20 19 37 21 27 8 15 28 27 39 4 15 19 3 17 25 14 17 33 15 27 23 28 36 40 23 30 34 26 33 32 30 11 43 13 31 32 26 30 36 28 26 15 17 42 34 25 42 19 17 18 34 15 24 39 38 30 33 13 19 28 31 28 17 37 19 21 30 39 20 35 13 41 49 24 12 30 27 41 29 36 29 17 22 24 22 21 33 19 23 25 23 29 27 10 30 31 24 29 27 27 19 47 27 26 33 37 16 33 11 51 25 39 41 34 15 41 37 17 20 30 16 23 29 35 32 13 41 13 45 27 23 39 23 3 35 39 19
51 49 68 18 37 27 22 50 33 32 47 41 58 10 61 12 22 9 33 22 25 41 46 30 40 10 3 49 52 12 23 31 10 43 48 17 40 43 30 45 39 63 47 43 38 49 35 37 29 26 46 14 42 44 45 15 56 50 9 11 28 9 36 32 25 27 16 33 8 64 32 43 34 27 7 31 11 34 40 30 23 45 38 61 41 21 12 44 21 45 22 12 27 47 45 55 57 13 30 35 32 39 12 20 15 21 49 18 30 42 37 14 31 53 10 27 36 15 43 45 10 50 50 61 40 39 25 26 25 33 10 31 46 42 36 24 31 28 32 40 28 17 14 17 52 54 44 9 29 47 25 11 54 8 45 26 25 16 31 13 36 49 20 13 7 7 30 45 33 11 38 33 14 15 50 46 29 43 13 33 38 37 9 22 49 28 16 5 23 28 65 34 15 52 30 50 51 53 9 8 43 46 45 27 19 31 8 43 43 7 46 52 46 25 45 20 24 46 37 46 44 31 44 11 15 17 39 39 33 49 46 11 41 6 31 29 41 58 26 40 28 29 36 39 40 36 2 26 10 45 29 18 58 48 33 13 47 55 57 13 36 21 19 19 55 13 42 27 28 8 54 10 26 38 41 39 18 29 59 47 25 41 23 25 30 44 14 34 32 37 0 50 45 49 4 50 27 33 46 27 44 49 37 33 23 35 39 41 56 50 12 38 49 63 14 17 48 23 26 7 30 63 35 22 7 44 54 8 10 17 33 10 35 54 48 27 32 5 13 52 42 46 44 44 11 10 43 41 32 25 32 25 21 44 37 3 50 15 9 19 48 51 19 37 13 42 21 11 37 48 48 42 43 12 33 22 35 48 64 31 34 61 5 29 61 9 51 48 37 44 6 7 53 38 42 43 41 20 26 47 27 15 40 50 24 14 8 7 27 16 41 31 26 18 14 29 11 57 47 33 17 24 37 46 13 33 37 24 54 31 37 42 15 26 13 32 18 47 31 57 60 43 23 32 45 2 37 52 19 35 52 13 24 53 66 33 39 37 25 21 36 15 12 35 42 51 63 55 28 28 25 55 50 45 25 6 10 12 28 52 19 47 50 30 54 53 38 34 46 26 16 29 41 11 50 38 24 40 45 38 12 52 42 57 47 19 21 28 15 42 21 48 11 21 5 63 15 18 32 57 40 51 34 25 52 16 31 49 47 47 31 39 53 27 28 41 11 37 11 41 42 66 14 30 50 26 45 18 40 33 33 51 7 45 53 50 28 50 24 10 8 12 40 25 44 28 40 38 3 33 38 20 11 55
65 33 29 67 33 39 47 34 28 19 14 13 18 60 29 39 37 56 55 38 39 26 10 44 11 52 47 63 19 61 28 58 60 51 62 35 30 26 33 17 27 23 24 24 22 47 46 50 48 43 60 40 10 22 30 36 22 13 51 40 30 54 29 51 39 55 57 47 56 27 19 22 25 54 50 23 60 19 24 31 48 20 58 19 58 32 58 56 30 44 29 40 29 46 11 30 33 55 24 31 23 39 42 42 37 38 49 34 21 15 22 44 43 9 58 24 20 47 42 6 59 25 19 25 11 15 37 41 45 58 59 21 13 29 15 30 56 34 25 34 31 36 64 38 13 7 30 44 22 53 26 60 35 58 56 25 29 53 29 61 18 43 40 63 51 49 25 12 55 39 43 33 36 35 27 9 40 46 62 35 49 17 57 53 51 46 48 55 29 23 25 34 60 10 29 58 19 29 59 52 32 7 5 53 40 34 54 37 44 46 5 33 9 26 26 39 32 18 19 44 12 35 37 40 40 35 19 28 25 54 42 46 57 53 41 32 45 21 27 61 24 52 47 50 13 20 51 29 58 9 34 58 27 53 24 63 17 14 30 40 34 58 56 44 24 47 30 51 42 58 33 57 58 57 14 30 33 35 21 52 32 18 28 27 21 40 38 23 29 32 50 0 34 40 47 37 25 52 14 59 9 2 21 22 51 25 32 59 11 6 42 58 5 29 38 49 17 31 52 47 25 25 32 46 48 10 14 46 40 48 18 55 37 18 10 25 25 46 47 24 16 24 47 34 59 54 13 31 25 44 54 50 31 10 44 52 2 36 52 39 45 19 32 58 39 58 31 61 18 20 3 35 29 54 24 30 60 2 29 32 31 30 46 56 26 58 8 53 15 19 56 57 39 13 36 8 11 32 27 10 57 40 31 55 37 48 57 46 30 39 41 25 48 39 58 58 54 27 16 18 56 59 14 6 49 26 20 45 35 23 28 46 60 47 62 30 41 16 26 31 23 27 34 57 58 51 35 30 37 33 28 43 33 39 26 45 12 14 26 34 26 39 50 20 9 2 23 10 39 35 36 10 64 6 57 46 42 40 43 25 42 8 10 32 27 38 16 21 45 25 60 30 11 41 33 50 55 12 59 17 56 23 12 13 13 43 34 28 43 31 49 33 49 53 53 27 39 53 47 26 11 17 52 29 22 43 54 12 60 58 27 13 6 24 23 9 41 15 57 58 57 27 40 23 64 34 32 49 20 29 23 32 57 13 30 49 58 24 50 47 53 53 44 35 43 37 58 54 52 53 35 35 58 32
33 60 31 61 9 19 29 5 47 33 44 24 26 53 21 36 23 46 28 49 21 51 25 20 34 53 44 31 19 56 32 33 55 19 30 39 7 9 15 45 10 28 52 50 45 14 19 21 24 22 29 32 35 49 4 39 20 23 41 40 44 43 50 26 52 32 42 20 46 26 26 13 16 31 41 21 52 38 48 48 28 47 29 29 28 40 46 25 30 11 34 41 22 13 23 13 14 41 39 51 41 9 34 27 41 25 15 39 34 42 16 33 19 29 55 29 41 52 10 35 50 12 17 23 26 38 50 21 25 32 51 35 21 54 32 42 31 18 43 5 19 30 57 28 24 32 56 36 29 20 34 55 9 49 24 27 25 37 46 57 39 10 49 55 41 49 40 23 29 38 13 51 35 35 10 26 18 14 52 13 19 39 47 33 18 23 33 48 28 27 29 12 47 27 18 25 18 11 53 51 3 28 33 30 26 51 44 5 12 39 34 8 39 28 9 48 23 17 20 10 23 15 3 38 46 30 17 52 17 21 9 36 27 51 18 48 14 23 39 32 37 28 19 21 37 19 45 23 49 25 17 42 18 20 42 55 46 26 16 33 9 39 39 29 18 50 6 28 20 52 10 55 35 28 22 53 33 51 24 19 21 18 36 37 27 8 41 18 16 9 45 34 0 6 44 6 37 25 44 36 27 35 16 20 30 45 54 30 30 29 45 30 30 22 40 33 18 41 29 39 41 27 52 28 39 38 25 38 39 33 26 54 12 21 41 26 44 43 51 15 19 52 15 2 56 43 22 55 19 24 29 28 29 25 15 45 33 34 52 27 11 18 37 30 40 27 28 53 21 16 34 4 5 41 43 39 33 33 24 50 51 20 44 32 23 51 28 20 36 46 48 51 9 32 5 30 36 39 38 41 34 45 6 22 49 52 49 46 44 45 10 20 26 47 45 34 54 17 45 30 40 38 34 30 52 16 17 25 10 22 50 14 47 25 54 48 28 19 44 14 24 8 23 32 27 47 9 9 27 10 12 33 22 8 28 19 32 28 35 44 47 31 37 40 30 35 29 29 18 50 21 31 31 29 35 44 37 34 21 13 51 38 26 49 14 9 23 40 12 31 46 46 35 41 5 21 34 36 28 22 44 16 24 28 43 28 43 21 49 56 30 4 37 34 49 24 44 36 21 18 28 20 25 41 16 31 29 23 28 26 18 35 32 31 36 31 35 24 55 29 26 28 45 23 32 19 57 32 45 48 41 8 49 42 11 16 34 13 29 36 42 40 14 49 10 52 29 25 48 26 8 43 47 12
29 66 33 64 13 22 31 7 52 39 50 30 30 56 23 41 27 48 27 54 24 56 30 22 39 57 48 28 23 60 37 33 58 16 26 44 12 15 20 51 16 31 58 56 51 9 19 20 25 25 26 35 40 55 10 44 24 28 44 45 50 46 56 25 57 32 44 20 49 29 32 18 21 32 44 26 55 43 54 53 30 53 27 32 25 45 49 22 35 8 39 46 27 8 29 14 15 43 45 57 46 11 38 30 46 28 11 44 40 47 22 36 20 34 59 34 47 57 8 41 53 16 22 26 32 44 55 24 27 32 54 41 27 60 38 47 31 22 48 9 23 35 60 32 29 37 61 40 35 16 39 58 9 52 21 32 30 39 52 61 44 5 55 58 44 53 46 28 29 43 13 57 40 40 14 32 21 11 55 17 17 45 50 35 14 24 36 51 34 33 32 16 49 32 23 21 22 14 56 55 9 34 39 30 30 56 47 7 9 43 40 9 44 33 14 54 28 23 26 7 29 19 5 42 51 35 23 57 22 17 6 39 24 55 19 53 12 27 45 30 42 28 18 19 42 25 48 28 51 31 21 43 20 16 48 57 52 31 18 37 14 40 40 31 21 55 12 29 22 56 11 58 36 26 28 59 37 57 28 16 26 23 41 42 33 6 46 24 21 14 49 40 6 0 48 4 43 25 50 37 32 41 22 26 32 51 60 27 35 34 50 28 35 24 45 35 24 46 30 43 47 30 58 30 42 44 29 42 43 35 32 58 14 25 47 31 50 47 56 19 25 58 12 7 59 45 27 61 24 26 29 30 34 31 15 49 38 39 56 31 7 23 43 29 45 25 32 56 27 21 39 7 11 44 49 44 32 38 26 56 56 22 48 32 25 54 33 17 42 52 51 54 5 38 8 36 42 44 44 47 35 50 12 18 54 57 52 50 50 49 9 25 28 52 47 34 58 20 51 35 42 39 40 35 57 21 23 27 10 28 56 13 49 27 56 54 31 24 49 16 27 13 28 31 24 51 13 12 31 15 15 37 27 5 31 20 37 34 41 49 52 35 40 46 35 41 32 34 21 56 25 35 28 35 36 49 41 38 23 17 56 44 31 54 17 6 29 46 9 36 48 51 41 46 8 20 34 42 25 27 46 19 30 33 49 31 48 26 54 61 32 7 40 35 53 27 49 38 21 21 34 25 24 46 20 34 29 29 24 22 23 41 37 37 41 37 39 30 59 26 24 31 50 29 29 24 63 35 51 53 47 10 51 48 14 11 35 17 30 39 45 42 13 54 7 58 27 23 51 26 12 48 49 14
52 45 66 21 35 27 22 49 29 29 43 38 55 13 59 9 21 13 35 18 25 37 43 30 36 10 1 50 49 15 19 33 14 44 49 13 39 41 29 41 37 61 43 39 34 49 35 37 29 26 47 13 38 40 43 11 54 47 11 7 24 12 32 33 21 29 19 34 12 62 29 41 32 28 9 28 15 30 36 26 23 41 39 58 43 17 15 45 18 45 18 8 24 47 42 53 56 16 26 31 28 38 11 19 11 20 49 14 26 38 34 14 31 50 13 24 32 13 43 42 14 48 47 58 37 35 21 26 25 34 14 27 43 38 32 20 33 27 28 39 26 14 18 16 49 50 40 8 25 47 21 14 52 12 45 23 22 18 27 15 32 48 17 17 10 5 26 42 34 8 38 29 11 12 48 43 29 43 17 32 39 33 13 23 49 29 17 9 20 25 62 33 19 49 28 50 49 51 13 8 41 42 42 29 19 27 12 42 43 7 42 51 43 22 43 16 22 43 34 46 41 29 43 8 11 15 36 35 31 49 45 11 42 8 31 25 41 56 22 41 24 30 36 39 36 33 6 24 14 42 28 21 56 49 29 17 43 52 55 11 35 24 21 19 53 10 40 28 27 12 52 12 29 39 38 35 15 25 56 48 23 38 19 21 26 43 10 31 30 36 4 47 44 48 0 49 23 34 42 29 41 46 35 30 24 31 35 42 53 47 8 39 45 60 10 18 45 19 27 7 26 61 32 22 9 40 51 8 7 18 30 11 34 51 44 24 28 1 11 49 39 42 43 43 13 14 39 37 29 25 33 26 18 40 36 7 46 12 9 18 48 48 15 39 9 44 18 15 34 45 44 41 41 15 29 18 37 45 61 27 30 59 1 31 59 13 48 48 33 40 10 11 52 35 41 39 37 16 22 43 29 11 38 50 20 12 12 4 23 12 41 28 26 14 17 31 11 55 43 29 20 27 34 43 11 31 35 24 52 28 33 41 19 26 17 28 18 44 27 55 57 41 21 34 46 5 36 50 17 34 50 13 22 51 63 33 35 33 22 17 32 13 14 31 39 47 61 52 28 24 23 52 51 41 27 2 8 10 28 50 15 43 47 26 52 52 35 30 46 22 19 25 37 7 48 38 26 37 46 34 15 50 39 54 43 19 17 25 12 39 22 47 12 22 7 60 11 20 33 54 37 49 35 21 49 16 32 46 48 48 29 36 50 23 25 38 9 34 12 42 43 64 10 27 51 25 41 19 36 29 29 50 11 41 51 50 30 47 25 11 11 15 40 22 44 25 41 39 6 34 37 16 15 53
33 64 29 66 14 24 33 3 51 37 47 27 26 58 19 41 28 50 31 54 26 55 27 25 37 58 49 32 20 61 37 36 60 20 30 44 11 13 20 49 15 27 56 54 49 13 22 24 28 27 30 37 38 53 8 44 20 25 46 45 49 48 55 29 57 35 47 24 51 25 31 16 21 35 46 26 57 42 52 52 32 51 31 28 29 45 51 26 35 12 39 46 27 12 26 10 11 45 44 56 45 13 39 31 46 30 15 44 39 45 20 38 23 31 60 34 45 57 11 38 55 12 19 22 30 42 55 26 29 35 56 40 24 58 36 47 34 23 47 10 24 35 62 33 25 34 60 41 34 20 39 60 5 54 25 32 30 42 51 62 43 9 55 60 46 54 45 25 32 43 16 56 40 40 11 29 23 15 57 18 21 43 52 37 18 27 38 52 34 32 28 17 52 29 23 25 19 10 58 56 9 31 36 33 31 55 49 8 13 44 38 5 42 33 11 54 28 20 24 11 26 20 7 43 51 35 21 56 22 21 10 41 28 56 22 52 16 23 44 34 41 31 22 23 40 24 50 28 53 28 22 46 16 20 46 59 50 27 14 38 14 43 43 33 17 55 11 32 25 57 7 60 39 30 25 58 38 56 24 20 26 21 41 42 32 9 46 23 21 14 50 37 6 4 49 0 42 28 47 40 30 38 20 25 34 50 58 31 31 31 50 32 32 20 45 38 20 46 33 44 46 26 57 33 44 42 26 43 44 37 31 59 16 22 44 31 48 48 56 15 22 56 16 7 61 47 25 59 24 28 32 32 34 28 19 50 35 39 57 32 11 19 43 32 45 29 33 58 25 18 37 9 10 46 47 44 35 35 22 55 55 18 49 35 21 56 30 21 40 50 53 56 3 36 9 34 40 43 43 44 38 50 12 22 54 57 54 51 49 50 12 25 30 52 50 37 59 16 49 34 44 42 38 32 58 21 22 30 6 27 54 16 51 29 58 53 33 21 48 12 23 11 28 34 28 52 14 8 32 15 11 38 27 4 27 23 35 32 40 49 51 36 42 44 33 38 28 31 23 55 26 32 32 33 39 50 42 39 25 13 56 41 28 53 13 4 27 45 13 36 50 50 39 46 4 23 37 39 29 26 49 16 27 29 46 33 48 26 54 60 35 4 42 38 54 23 49 40 24 17 32 22 28 46 16 35 32 25 28 26 22 39 34 36 40 35 40 28 60 30 28 27 50 28 33 25 61 37 49 52 45 6 53 45 10 15 38 14 33 41 47 44 16 54 11 57 31 27 52 29 13 47 52 10
59 27 49 43 31 29 33 41 10 8 21 20 38 36 45 17 23 35 44 14 27 17 24 34 15 27 24 57 34 36 8 45 36 47 56 11 31 31 26 18 28 44 22 18 12 48 39 42 37 31 54 21 16 19 35 13 38 29 31 17 8 33 15 41 16 41 38 39 34 46 13 29 22 40 29 17 37 8 15 11 33 19 48 40 50 7 36 50 12 43 7 16 18 46 25 42 45 35 4 15 6 36 22 27 13 23 48 10 5 16 23 26 34 30 34 9 10 22 41 20 37 36 33 43 18 12 14 29 32 46 36 5 26 20 11 6 44 25 7 34 22 17 40 21 32 30 22 23 9 50 5 37 44 35 50 12 15 35 9 37 10 45 16 40 30 25 4 24 44 17 38 14 15 14 37 24 31 43 39 29 43 11 35 37 50 35 30 32 12 11 45 30 40 30 22 54 34 40 35 27 34 23 20 40 24 14 32 37 42 25 20 42 20 11 33 15 19 28 20 44 23 28 38 17 15 16 23 17 21 51 43 26 49 29 33 11 41 39 3 51 2 40 40 44 14 19 28 17 36 23 26 39 42 51 7 40 20 34 43 20 31 40 38 28 39 22 32 38 32 34 43 33 43 47 21 18 12 15 40 50 21 24 5 2 11 40 14 20 23 30 27 25 37 43 23 42 0 42 20 43 22 24 23 18 36 10 18 51 33 27 17 49 25 46 14 32 30 6 38 26 5 44 16 32 27 18 33 25 18 31 13 31 33 35 22 13 8 23 23 36 24 21 44 37 35 34 23 20 19 31 43 36 13 22 39 29 25 15 27 23 46 33 9 48 15 51 15 38 19 31 23 36 33 34 8 6 48 24 47 13 14 46 22 43 44 35 29 50 11 18 33 33 45 13 37 19 15 8 2 20 42 15 32 53 13 23 34 22 7 14 39 18 35 14 38 44 29 41 21 10 37 42 12 23 24 22 21 31 44 16 15 43 40 34 39 12 25 29 8 44 41 32 20 45 52 27 32 39 21 30 39 25 20 45 47 37 14 14 3 10 12 20 30 8 18 25 43 33 30 13 24 33 58 21 41 22 21 20 32 37 18 21 28 12 40 45 18 8 45 7 40 9 15 17 40 43 39 14 53 19 36 36 21 35 21 27 9 19 18 21 33 39 29 36 29 45 14 35 38 41 17 32 42 5 35 26 42 28 54 53 21 14 29 7 3 17 20 17 32 50 50 48 16 15 59 23 23 32 14 11 7 41 34 19 41 49 43 35 35 27 32 33 40 13 42 15 49 46 28 42 33 10 37 43
19 68 55 44 21 14 12 30 51 41 57 40 49 38 45 31 19 29 3 47 15 58 43 8 46 42 33 17 42 42 34 9 40 13 16 36 25 30 19 56 26 52 62 59 53 20 7 5 5 11 13 24 48 59 27 35 44 44 26 34 47 27 56 1 50 9 22 6 30 51 36 33 27 8 27 30 35 46 56 51 11 58 7 52 9 40 28 12 30 18 35 35 26 19 42 37 39 23 45 56 47 16 25 16 37 19 19 37 41 53 30 21 9 50 42 34 49 45 18 50 33 35 40 47 41 48 49 13 10 8 35 42 41 61 43 44 6 19 48 21 22 26 40 22 46 52 63 26 36 15 37 40 33 33 12 32 27 19 50 43 48 22 47 38 27 39 45 41 5 32 13 54 31 31 35 44 12 15 34 18 8 49 31 13 18 7 18 32 30 33 53 19 28 48 24 17 41 36 38 40 24 45 49 7 18 53 28 21 16 27 50 33 53 31 31 46 24 37 33 20 41 17 22 31 41 27 33 58 27 17 20 23 9 39 11 50 13 47 42 10 42 5 7 7 48 33 32 26 32 43 19 21 43 17 48 37 58 49 40 26 20 17 18 16 42 43 26 6 11 38 34 42 12 6 38 59 31 53 48 16 22 35 38 40 35 19 36 30 23 22 33 52 25 25 34 28 42 0 56 13 43 52 31 31 10 52 59 10 52 48 39 8 48 47 35 17 40 42 8 27 46 51 56 12 26 52 47 26 32 17 37 42 16 44 55 31 49 33 44 38 37 62 15 24 41 26 39 61 28 11 4 9 29 42 10 32 51 30 41 20 21 41 37 7 35 10 27 37 35 38 50 22 27 24 49 39 8 50 49 53 55 45 34 8 48 35 48 16 46 57 33 36 30 44 21 45 49 38 42 55 10 40 24 18 48 45 34 37 47 41 17 28 8 44 26 10 43 42 58 39 20 15 45 47 44 26 32 11 34 31 56 13 27 9 36 52 19 39 49 39 48 29 22 7 13 35 19 34 22 19 36 22 22 29 53 7 44 40 39 43 53 24 22 48 44 53 53 51 13 51 19 52 18 46 12 35 28 26 10 38 47 53 46 51 38 31 37 48 18 35 26 49 48 35 30 6 11 48 13 36 26 39 40 51 56 17 42 25 43 62 13 29 23 14 37 49 39 17 5 42 43 43 1 43 39 19 5 44 15 15 26 47 52 36 41 45 27 37 43 9 10 53 40 31 18 20 64 16 54 52 48 32 33 55 36 20 10 36 10 23 26 23 13 49 18 53 8 6 35 1 20 41 29 37
72 19 43 61 40 43 50 45 17 16 2 20 32 55 42 36 39 54 59 29 42 13 21 49 11 45 43 70 32 55 26 61 54 58 69 30 39 35 38 3 35 37 10 10 10 56 52 56 52 46 67 39 10 8 40 32 35 25 49 36 21 52 17 56 29 57 57 52 53 41 21 32 31 56 48 27 56 12 11 20 50 6 63 33 64 26 56 63 29 53 26 35 31 55 22 43 45 54 17 18 15 47 41 43 32 39 58 29 18 4 29 44 48 23 52 23 11 39 51 10 56 37 32 39 18 9 27 44 48 62 55 17 25 15 14 23 60 38 16 43 34 35 59 38 27 21 16 42 21 61 23 55 47 54 63 26 30 53 19 55 10 53 31 59 49 43 17 23 60 36 50 21 33 32 39 20 45 54 58 41 55 9 54 54 60 50 48 51 28 24 39 40 59 24 33 66 32 41 54 46 42 18 12 56 41 22 52 46 52 44 11 45 7 26 37 31 34 29 25 53 22 40 46 37 33 34 27 15 30 62 51 45 63 47 47 21 52 35 21 66 19 56 53 57 9 26 47 31 55 20 39 58 41 61 14 59 3 28 43 39 41 58 56 45 37 39 39 54 46 53 45 51 60 62 23 17 31 25 35 61 35 27 24 22 22 49 33 28 34 39 46 14 44 50 42 47 20 56 0 61 18 12 29 26 53 14 18 65 25 20 36 64 18 43 33 49 29 24 55 45 17 39 19 49 45 6 28 43 37 48 20 49 44 31 6 26 15 42 40 36 26 10 55 44 53 52 23 18 29 47 58 52 30 20 51 48 16 34 45 40 54 31 28 63 34 64 31 57 24 31 13 44 39 53 15 25 64 15 43 21 19 43 41 59 40 54 22 61 11 5 52 52 50 13 45 14 8 27 21 4 59 33 39 64 27 40 53 41 22 32 49 29 51 31 56 61 47 40 2 18 56 60 12 16 41 32 27 47 47 26 15 54 58 50 58 19 42 28 16 44 37 37 36 61 65 46 42 42 38 40 40 43 35 50 40 50 13 17 21 27 14 38 49 12 15 14 37 24 43 25 39 24 71 16 58 41 39 39 47 37 34 8 23 21 40 49 22 13 54 23 59 20 10 36 44 56 57 9 66 23 54 36 21 27 3 44 27 32 35 17 50 44 48 54 48 41 33 53 52 39 16 30 57 22 35 43 58 25 67 65 32 10 20 22 18 13 39 21 50 64 63 41 34 26 72 37 18 50 8 18 14 44 53 3 42 58 60 36 52 46 51 52 52 26 51 26 64 60 47 57 42 28 56 44
26 69 66 34 30 21 12 41 52 45 61 46 58 29 56 29 23 20 11 45 21 60 51 17 51 36 29 25 51 33 36 6 31 24 24 36 35 39 27 60 36 62 65 61 55 33 18 18 13 17 22 23 53 62 38 34 55 52 19 32 48 19 57 12 49 5 13 17 21 61 41 42 35 6 21 36 26 49 58 51 12 61 14 62 18 40 19 22 32 30 37 33 31 31 50 48 50 14 47 56 49 27 23 18 35 22 31 37 44 57 38 19 18 58 34 38 52 41 30 56 24 46 49 58 48 52 48 19 15 8 26 45 49 62 48 44 7 26 50 32 28 27 31 23 54 60 65 23 40 26 39 31 44 24 23 35 31 11 51 34 51 34 44 29 20 33 47 49 9 30 24 54 30 31 45 52 20 27 25 26 20 52 22 7 30 14 14 25 33 37 63 28 17 56 31 28 50 47 29 34 35 52 55 7 20 53 20 32 28 23 56 44 58 35 41 44 28 46 41 32 49 25 34 29 39 28 41 59 35 28 32 20 18 32 20 50 25 57 43 14 44 9 19 19 53 40 26 31 23 51 26 11 54 29 50 28 62 58 51 24 29 7 9 16 52 39 36 9 18 29 45 34 1 14 46 60 32 52 58 28 27 43 39 42 39 31 35 37 31 31 27 59 36 37 29 40 43 13 61 0 50 59 39 38 9 53 60 17 60 56 36 14 56 58 34 13 49 42 8 23 47 62 57 13 21 57 56 22 30 14 42 35 26 53 61 35 51 28 39 49 45 64 27 35 33 18 47 62 34 16 9 10 31 50 22 25 58 30 35 21 33 50 37 13 33 19 30 28 41 47 57 33 37 16 51 40 9 57 60 53 55 56 30 5 58 26 56 27 50 60 25 27 42 49 32 52 54 38 43 60 3 38 34 29 47 40 25 33 47 39 28 35 12 42 17 4 37 52 62 43 11 3 50 54 40 34 40 14 45 37 57 25 16 13 27 53 19 48 50 50 58 39 26 8 22 29 29 45 24 29 47 20 27 41 63 18 49 46 41 42 55 24 16 51 51 60 63 59 21 50 24 60 26 53 3 30 25 25 17 48 44 58 54 52 49 43 44 50 30 38 15 49 52 32 41 18 5 53 22 42 17 50 48 60 61 17 41 31 40 63 11 40 18 8 30 60 37 10 16 53 49 52 13 44 49 18 8 52 24 24 33 52 60 39 44 51 25 44 35 17 19 64 37 37 25 25 65 12 57 53 50 44 24 59 47 32 3 46 9 19 19 15 25 48 30 52 16 16 28 12 30 40 20 48
57 36 28 61 25 31 40 28 27 14 18 4 17 53 25 32 29 49 46 35 31 28 3 36 9 47 42 55 15 55 22 50 54 43 54 29 22 18 25 20 19 23 27 26 22 40 38 42 40 35 52 32 10 25 23 31 19 9 45 35 27 47 30 43 37 47 50 39 49 25 12 15 17 46 43 16 54 17 26 30 40 23 49 19 50 28 51 48 23 36 23 35 21 38 5 25 28 47 21 31 21 31 35 34 32 30 41 29 17 17 14 37 35 10 53 18 20 43 34 9 53 19 14 23 4 14 35 33 37 50 53 17 7 31 11 27 48 26 23 27 22 29 58 31 11 10 32 37 16 45 21 55 29 51 47 18 21 45 27 55 17 36 37 57 44 44 22 5 47 34 35 32 30 29 21 3 32 38 55 26 40 17 50 45 44 38 40 48 22 17 24 26 53 9 21 50 15 23 53 47 25 2 7 45 32 33 47 29 36 39 8 27 13 20 19 36 24 11 11 36 4 27 29 34 36 28 11 30 17 46 35 39 49 48 33 30 37 19 24 52 20 44 38 42 13 12 44 21 51 2 26 51 24 45 22 56 21 13 25 33 26 50 48 36 20 42 22 43 34 52 27 52 49 48 6 32 27 34 19 45 25 10 23 23 15 33 33 15 21 24 44 9 27 32 41 30 22 43 18 50 0 9 13 14 43 25 32 51 13 6 37 50 6 27 32 41 11 27 44 40 23 24 32 39 41 13 12 39 34 40 11 50 29 15 15 18 24 40 43 18 8 28 39 27 53 47 5 33 16 36 46 42 24 2 36 45 8 30 47 31 37 14 27 50 33 50 24 55 9 13 8 28 22 47 23 26 51 7 27 31 31 27 40 48 24 52 8 45 14 21 49 51 32 10 29 5 12 27 23 15 49 35 23 47 34 44 51 41 28 35 33 17 40 35 51 50 49 23 20 13 49 51 12 4 44 18 12 36 29 15 29 38 53 39 56 29 33 10 24 26 21 20 26 49 50 45 27 24 29 25 22 36 25 33 26 37 9 8 21 31 26 32 42 19 4 10 22 12 31 33 28 12 56 3 49 40 35 34 35 19 39 12 7 31 22 32 8 20 38 19 53 28 11 35 26 42 47 12 51 8 49 18 4 14 17 35 30 21 39 33 41 26 42 45 47 25 34 45 39 22 5 12 44 26 17 35 46 8 52 50 19 11 10 18 19 6 34 8 52 50 49 27 36 15 56 25 34 41 22 28 21 26 50 16 24 42 50 18 41 40 46 45 36 33 35 35 50 46 46 44 26 30 51 26
66 31 31 66 34 39 48 36 26 17 12 13 20 59 31 38 37 56 55 37 39 24 11 45 10 51 47 64 21 60 27 58 59 51 63 34 31 27 33 15 28 25 22 22 20 48 47 50 48 43 61 39 8 20 32 35 24 14 51 39 28 53 27 52 38 55 57 48 55 29 19 23 25 54 49 24 59 17 22 29 48 18 58 21 58 31 57 57 29 45 28 39 29 47 13 32 34 54 22 29 22 40 41 41 36 37 50 33 20 13 23 44 44 11 57 23 19 45 43 5 59 27 21 27 12 13 35 41 45 59 58 20 15 27 14 29 56 34 23 35 31 35 63 38 15 9 28 43 21 54 25 60 37 57 56 25 29 53 27 60 16 45 39 62 50 48 23 13 56 39 43 31 36 35 28 10 41 47 61 35 49 15 56 53 52 46 48 54 28 23 27 35 60 12 29 59 21 31 58 51 34 8 5 53 40 32 53 38 45 45 4 35 7 26 27 38 31 19 19 45 13 36 38 39 39 34 20 26 25 55 44 45 58 52 42 30 46 23 26 61 23 52 47 51 11 20 50 28 57 10 34 58 29 54 22 62 15 16 31 40 35 58 56 44 26 45 31 51 42 57 35 56 58 57 15 28 32 34 23 53 33 19 27 26 21 42 37 23 29 33 49 2 35 41 46 38 24 52 12 59 9 0 22 22 51 23 30 60 13 8 41 59 6 31 37 49 18 30 52 46 24 27 30 47 47 8 16 45 39 48 18 54 38 20 8 25 24 45 46 25 17 22 48 35 58 54 14 29 25 44 55 50 30 11 45 51 4 35 50 39 46 20 31 59 38 59 31 60 18 21 2 37 30 53 23 29 60 3 31 31 29 32 45 56 28 58 10 54 14 17 55 56 40 12 37 7 10 31 25 8 57 39 32 56 35 47 56 45 29 38 42 25 48 37 58 58 52 29 14 17 56 59 13 6 48 26 21 45 36 23 26 47 60 47 62 28 41 18 24 33 25 28 33 58 59 50 36 32 37 34 29 43 33 41 28 45 11 14 25 33 24 38 49 18 8 2 25 12 39 34 36 12 64 7 57 45 41 40 43 27 41 6 12 30 29 40 16 20 47 24 60 28 10 40 34 51 55 10 60 17 56 25 13 15 11 43 33 29 42 29 49 34 48 52 52 29 38 53 47 27 10 18 52 28 24 43 54 14 61 59 27 11 8 23 22 9 40 16 56 59 58 29 39 22 65 34 30 49 19 27 21 34 56 11 32 50 58 25 50 46 52 52 45 34 44 35 59 55 51 53 35 33 58 33
44 44 32 54 12 19 28 19 31 17 29 9 22 46 25 26 18 41 34 35 19 35 13 24 18 43 35 43 15 49 18 38 47 30 41 26 10 9 12 30 7 27 36 34 29 28 25 29 28 23 39 24 20 34 13 27 20 14 36 30 30 38 35 31 38 35 40 26 40 27 11 7 5 34 35 7 46 22 33 33 28 32 37 25 37 26 42 35 17 25 20 30 11 27 11 20 23 38 24 36 25 19 27 23 29 19 29 26 19 26 1 27 23 20 47 15 26 40 22 21 45 14 13 24 11 22 36 21 25 38 45 20 11 38 17 28 36 14 27 15 11 21 51 21 17 21 40 29 14 33 20 48 22 43 35 13 13 35 31 49 23 25 36 49 35 39 25 10 35 28 22 36 24 24 15 14 20 25 47 14 28 23 42 33 32 26 30 41 16 13 28 13 44 18 9 38 15 18 46 42 14 15 19 33 22 36 39 18 24 32 20 20 24 14 10 35 14 9 4 25 11 15 18 28 33 20 2 36 5 34 23 30 36 42 21 33 24 22 24 40 22 32 26 30 21 4 37 12 43 13 14 40 22 33 26 49 31 20 22 25 13 39 37 25 19 39 11 31 21 45 20 46 38 36 8 38 21 37 23 33 14 5 22 23 12 21 29 4 9 11 37 21 16 22 35 20 23 31 29 39 13 22 0 6 31 30 38 38 22 18 34 38 18 26 28 31 11 27 32 32 26 27 37 27 33 23 18 31 29 30 11 45 17 17 26 12 28 34 40 15 7 37 27 16 47 38 9 39 6 24 34 30 17 12 23 38 20 24 42 21 26 14 25 37 29 37 17 47 5 11 20 16 11 37 27 25 39 19 27 35 35 25 34 35 25 44 18 33 20 30 42 44 23 17 17 16 21 25 23 26 37 32 11 35 35 41 43 36 30 32 21 7 28 33 42 38 44 21 30 14 38 39 19 16 41 6 2 25 22 8 34 26 43 27 48 33 23 11 28 22 23 10 16 37 38 39 14 18 20 13 17 27 14 24 29 24 16 13 21 30 31 23 33 24 15 23 27 21 18 36 16 22 43 16 37 35 28 26 22 16 38 24 16 34 19 23 8 25 26 17 43 31 20 31 18 29 35 20 39 6 40 16 10 22 28 24 29 10 37 40 29 17 32 33 41 26 32 34 26 20 13 15 31 27 15 26 34 14 39 38 7 20 22 17 21 16 27 8 46 37 36 29 33 9 44 14 42 30 29 32 25 19 42 27 19 30 38 13 30 31 37 36 24 35 23 38 37 33 39 32 14 29 42 21
46 41 36 50 15 18 27 24 27 13 27 10 25 42 30 22 16 37 34 30 18 31 14 24 16 38 31 44 20 44 13 37 43 32 43 21 14 13 13 27 11 31 33 30 25 32 26 30 27 22 41 20 17 30 18 22 24 17 32 25 25 34 31 31 33 34 37 27 37 32 6 12 5 33 31 3 42 18 29 28 26 29 37 28 38 21 39 37 13 28 15 25 8 30 13 25 28 35 19 31 21 21 23 21 24 17 33 21 14 23 5 24 23 22 42 10 22 35 25 19 41 19 18 29 11 19 31 20 24 37 41 15 14 34 13 22 35 13 23 18 10 17 47 18 20 23 36 25 10 35 15 44 27 39 37 8 9 33 26 45 19 29 31 45 32 34 20 13 35 23 24 31 20 19 20 15 19 28 43 15 29 20 38 32 35 25 27 37 11 8 32 15 41 20 8 40 19 23 42 37 18 16 18 32 19 31 35 21 27 28 19 24 22 9 16 30 11 13 4 28 12 15 22 23 28 16 6 32 5 37 27 26 37 37 21 28 27 26 20 40 17 31 27 31 18 3 33 8 40 14 13 38 27 36 22 45 28 23 27 21 15 37 35 23 23 34 15 30 21 41 26 42 37 36 9 34 16 32 27 35 12 8 17 17 8 24 24 3 9 14 33 22 20 26 30 25 18 31 26 38 14 22 6 0 29 26 34 39 24 19 29 38 19 31 23 28 15 22 31 29 21 31 32 26 29 21 21 27 24 27 7 40 18 21 25 7 24 29 35 20 10 33 29 20 43 35 10 35 4 23 33 29 13 13 25 34 20 19 37 18 30 18 19 38 24 39 13 43 5 16 20 20 16 34 23 20 39 20 32 30 31 30 30 35 29 40 19 36 17 27 38 40 28 14 20 15 19 20 19 24 36 27 15 38 30 36 39 31 25 27 24 3 27 28 39 37 39 26 28 10 36 38 15 16 36 6 5 24 26 3 30 28 40 26 44 28 20 15 24 27 28 15 13 36 39 34 17 23 17 15 22 24 12 28 33 25 14 10 15 25 27 19 30 20 14 23 31 23 18 31 14 24 45 16 35 30 24 22 22 21 33 22 18 29 24 28 6 21 29 12 40 26 17 26 23 31 33 18 40 6 37 21 11 25 26 22 24 8 32 36 28 22 29 32 37 31 26 32 26 25 12 19 32 21 20 23 33 17 41 40 6 17 23 11 16 14 23 7 42 39 38 34 28 4 46 13 38 28 25 28 21 23 39 24 24 34 37 19 29 27 34 33 26 29 26 33 38 34 35 32 17 24 39 26
29 62 59 34 23 13 4 35 45 37 53 39 51 28 50 22 15 19 11 39 13 52 43 10 43 33 24 26 44 32 28 10 30 22 25 29 28 32 19 52 28 55 57 53 47 29 14 15 7 9 23 16 45 54 32 27 48 44 16 25 40 17 49 9 42 5 13 13 20 55 33 34 27 5 17 28 25 41 51 44 3 53 15 54 19 33 18 22 25 26 29 27 23 27 42 42 44 13 39 49 41 22 16 10 29 14 28 30 36 49 30 12 12 50 32 30 44 36 25 48 23 39 42 51 40 44 42 11 7 11 25 37 41 55 40 37 9 18 42 25 21 19 30 15 47 52 57 17 32 25 32 30 39 23 22 27 23 9 44 33 43 30 38 28 17 29 39 41 10 24 19 47 23 24 39 44 13 23 25 19 17 44 21 3 27 8 8 22 25 29 56 21 18 48 23 27 43 40 28 30 29 45 47 5 12 46 18 27 24 18 48 38 50 27 34 38 20 39 33 27 41 18 28 23 33 20 33 52 27 27 27 14 19 29 13 43 21 50 36 17 36 7 15 17 45 32 22 23 22 43 18 12 47 27 43 27 54 50 45 17 22 9 9 9 45 34 29 4 11 28 40 32 8 15 38 53 24 45 51 26 19 35 32 34 31 26 28 29 23 24 23 51 30 32 24 34 36 10 53 9 43 51 31 29 0 46 53 19 52 48 30 16 48 51 27 7 41 35 4 18 40 55 50 5 16 49 48 17 23 7 34 32 19 46 52 27 44 23 35 42 37 56 23 29 31 16 39 54 27 8 9 3 23 42 17 22 49 23 32 13 29 43 30 15 27 20 22 27 34 40 49 27 31 14 43 33 13 49 53 46 48 50 25 8 51 25 48 26 42 52 23 26 37 41 26 44 46 31 35 52 7 32 27 28 40 35 24 28 40 33 23 26 5 35 17 9 33 46 54 35 11 9 42 45 35 26 32 7 39 29 50 22 17 5 26 45 12 41 43 44 51 32 18 10 23 25 22 39 16 22 40 13 19 36 56 13 41 38 33 35 47 17 12 43 43 52 56 51 13 44 15 52 27 45 6 26 19 18 10 41 38 50 46 45 43 37 35 43 26 31 17 42 44 26 35 16 4 45 23 35 16 43 40 52 53 9 34 23 35 56 3 34 13 4 27 53 31 7 12 46 41 44 11 36 42 11 8 44 25 25 25 44 52 32 36 43 19 36 33 18 20 57 31 29 28 18 58 6 49 46 42 38 23 51 41 29 8 39 2 13 16 13 20 42 26 45 17 16 25 11 24 34 19 42
69 17 52 49 39 39 43 48 3 13 15 25 41 43 50 25 33 43 54 16 37 7 28 44 16 33 32 67 39 42 18 55 42 56 66 19 39 38 35 12 36 47 13 9 4 56 49 52 47 41 63 30 16 11 43 21 43 33 39 25 8 41 6 51 15 51 47 49 42 49 20 35 30 50 37 26 45 9 6 7 43 11 58 42 60 15 45 60 22 52 17 24 28 55 29 48 51 44 8 6 5 45 32 37 21 33 57 18 12 11 30 35 44 32 39 18 6 25 50 19 45 42 37 47 22 11 14 39 42 56 44 11 31 10 15 11 54 35 4 43 31 27 47 31 35 31 12 32 17 59 15 43 51 43 60 21 25 44 5 42 9 54 18 47 38 31 7 29 54 25 48 8 24 23 43 27 41 52 46 39 52 9 43 47 59 45 40 40 22 20 48 39 48 33 31 64 39 46 42 33 43 25 21 50 34 9 41 46 51 33 20 49 18 21 40 18 29 34 26 53 28 38 47 26 21 26 29 7 30 61 51 35 59 35 43 8 51 43 10 61 10 50 49 54 13 27 36 27 44 27 35 49 48 60 4 47 14 37 49 30 40 50 47 38 44 26 40 48 42 41 49 38 52 57 27 9 22 11 43 59 31 30 14 12 19 49 22 28 32 39 35 25 45 51 31 50 10 52 14 53 25 23 30 26 46 0 9 61 35 29 24 59 27 51 22 41 34 13 48 34 6 48 7 42 35 16 36 33 26 40 19 36 42 39 18 22 3 31 27 42 30 12 54 45 40 42 28 10 28 41 53 46 23 26 48 37 26 24 32 33 55 38 17 58 23 61 25 45 25 37 22 45 41 43 3 14 58 24 51 8 7 51 30 53 48 43 31 60 12 10 41 41 53 16 45 21 14 16 11 17 52 21 40 62 14 27 41 29 9 20 49 27 45 18 46 54 34 46 14 16 47 52 14 24 28 31 29 41 51 24 5 52 48 44 47 5 35 33 4 50 45 39 30 55 62 35 41 46 31 39 45 34 30 53 50 46 17 19 13 15 2 30 39 6 21 25 46 34 39 11 34 34 68 23 51 29 30 29 42 43 20 19 31 8 46 52 24 6 54 17 48 7 15 25 47 53 49 14 63 25 44 42 25 37 16 37 14 28 22 11 43 46 38 46 36 49 21 45 48 46 21 37 52 11 41 35 52 32 64 63 30 14 30 16 11 19 29 23 38 60 60 51 22 23 68 33 13 42 6 4 5 48 42 15 47 58 53 41 45 36 40 42 50 12 51 13 59 56 36 52 42 15 45 49
77 11 59 51 48 47 50 57 8 22 20 33 48 46 57 31 41 47 61 18 45 6 35 52 23 34 36 75 47 44 26 62 45 64 73 25 48 46 44 16 45 54 12 9 10 65 57 60 54 49 71 37 24 12 51 26 51 41 45 30 13 46 4 58 16 58 52 56 46 57 28 44 39 57 42 34 48 17 8 9 50 14 66 49 68 21 50 68 29 61 25 28 36 63 37 56 59 49 16 4 14 54 38 44 26 41 66 24 21 17 39 42 52 39 41 27 14 27 59 26 48 50 46 55 31 18 15 47 49 63 47 19 39 5 23 16 61 43 12 51 39 34 50 38 43 38 7 38 26 67 23 46 59 46 68 29 33 50 10 45 17 62 20 50 43 34 15 37 61 30 56 7 30 29 51 35 49 61 50 47 60 17 47 53 67 53 46 43 30 28 55 47 53 40 39 72 47 54 45 36 51 33 28 57 42 9 46 55 60 39 27 57 24 29 48 20 37 42 35 61 36 46 55 32 24 33 38 4 38 69 60 41 67 38 51 10 59 51 17 68 19 57 57 62 21 35 40 35 48 34 44 54 56 68 13 50 17 44 57 36 48 56 53 45 52 29 49 55 49 44 58 40 59 65 35 2 29 10 51 68 39 38 22 20 27 58 26 36 41 47 39 32 54 60 35 58 18 59 18 60 32 30 38 34 53 9 0 68 41 36 27 66 34 59 27 48 43 19 55 39 14 55 4 49 41 22 44 39 31 47 28 38 50 47 23 30 11 35 28 50 38 10 62 53 42 47 36 2 36 49 60 53 31 34 56 41 32 31 35 40 63 46 24 66 28 68 32 48 34 45 29 53 49 48 12 20 65 31 59 8 5 59 34 60 56 46 38 68 20 14 44 44 61 24 54 29 22 22 18 22 59 24 48 70 16 29 45 32 14 23 57 35 52 21 51 61 36 55 18 25 52 58 22 32 30 39 37 49 59 33 5 60 53 51 50 8 42 42 11 58 53 48 38 62 70 38 50 55 38 48 53 40 38 62 57 54 25 27 21 19 8 36 45 15 28 31 53 41 47 12 42 41 76 31 58 33 35 35 50 51 21 25 39 9 54 61 32 14 62 25 53 11 23 29 56 61 56 22 71 33 49 50 34 44 21 44 19 37 25 4 50 55 44 53 39 57 25 51 56 54 29 44 60 17 49 42 59 40 72 71 38 21 37 24 19 26 35 31 40 68 68 58 25 32 76 41 7 48 12 8 13 56 45 20 55 67 60 49 53 42 45 48 58 14 60 12 67 63 39 60 50 20 49 57
11 77 59 51 27 23 21 33 61 50 65 47 55 45 49 40 28 36 8 56 24 67 50 17 55 50 42 9 48 49 43 12 47 12 7 45 31 36 27 65 33 57 71 68 62 21 13 10 15 20 6 33 56 68 32 44 50 50 33 43 56 34 65 10 60 15 28 13 37 55 44 39 35 15 35 38 42 55 65 60 20 67 4 57 3 49 35 7 39 20 44 44 34 20 49 41 42 30 54 65 56 22 34 25 46 28 19 46 50 62 37 30 17 56 49 43 58 54 21 58 40 41 46 52 49 57 59 22 20 10 42 51 48 70 52 53 11 27 57 27 31 35 47 31 52 59 72 35 45 13 47 47 36 40 8 40 36 26 59 50 57 24 56 45 34 47 54 48 9 41 18 64 40 40 40 51 21 17 41 25 12 57 38 20 16 16 26 40 39 42 58 26 34 54 32 12 47 40 45 48 30 53 57 14 28 62 35 26 19 36 58 36 61 40 37 55 33 44 41 21 48 25 27 40 50 36 40 67 35 14 22 32 4 47 19 59 17 53 51 3 51 13 13 10 57 40 40 35 39 50 27 27 47 15 57 44 67 55 44 35 26 23 25 25 47 52 32 15 20 45 37 49 17 4 46 68 40 62 54 14 30 42 47 49 44 23 45 38 31 28 41 59 30 27 42 31 51 10 65 17 51 60 38 39 19 61 68 0 58 55 48 3 56 51 45 25 46 51 15 36 55 56 66 21 34 60 53 35 41 25 45 50 22 50 64 40 59 41 52 44 44 70 16 29 49 33 46 70 36 20 10 17 38 50 16 40 58 39 50 29 22 47 46 4 44 3 37 44 43 44 58 26 33 31 58 49 8 57 52 62 64 49 43 13 52 42 55 13 55 65 40 43 32 53 25 53 57 47 51 63 15 49 30 14 57 53 41 46 56 50 21 37 17 53 32 14 51 46 66 48 27 20 54 54 53 34 40 20 37 39 65 16 33 18 43 61 28 46 58 42 53 35 31 9 6 43 25 38 31 26 41 31 31 31 57 15 52 49 48 52 62 34 30 57 52 61 58 57 22 60 28 58 10 54 17 44 37 35 19 43 56 61 52 61 43 33 45 57 19 45 32 58 56 44 34 10 18 56 6 44 33 45 48 57 65 26 51 34 52 71 21 33 31 21 45 53 49 24 14 47 51 49 9 52 44 28 11 50 8 9 34 56 59 45 50 53 36 45 50 1 4 57 49 40 10 29 73 24 63 61 57 36 40 63 40 19 15 41 18 32 34 30 16 58 21 62 2 6 43 9 26 50 36 40
62 43 19 73 32 40 50 29 37 26 23 16 8 65 20 44 39 61 55 47 40 36 11 45 20 59 54 61 12 67 34 59 66 48 59 42 28 23 34 27 26 14 33 34 32 43 46 49 49 44 58 44 19 32 27 43 13 8 56 47 39 58 39 51 48 56 61 47 60 17 24 20 26 55 55 26 65 28 34 40 49 30 57 8 56 39 62 54 35 41 35 47 32 42 11 23 25 58 32 40 32 37 47 44 44 40 45 41 29 25 23 48 44 3 65 30 30 54 39 16 65 20 13 16 16 24 46 42 46 59 65 29 12 39 23 39 57 35 34 32 33 40 70 42 7 4 40 48 28 50 33 67 29 63 53 30 33 56 38 68 27 39 49 69 56 56 33 12 55 45 41 42 42 41 21 10 41 43 67 35 47 26 62 55 48 47 51 60 34 29 14 33 65 5 30 55 13 23 65 59 29 11 14 54 43 43 59 34 41 51 15 27 19 32 22 48 35 15 21 40 13 36 33 46 48 39 20 38 26 50 39 50 55 60 42 41 42 12 35 60 32 53 46 49 22 22 56 32 63 11 35 61 19 50 33 68 26 5 22 45 33 60 59 46 16 54 27 52 43 64 27 64 59 56 16 40 39 45 11 49 35 18 35 35 27 37 45 25 30 31 56 11 30 35 53 31 33 52 25 60 13 13 22 24 52 35 41 58 0 7 49 58 9 20 44 52 13 39 53 52 34 15 41 49 52 20 6 51 46 51 23 62 37 10 19 30 35 52 55 17 16 35 44 31 65 59 14 41 27 45 55 51 35 13 43 57 10 42 59 42 41 13 39 58 45 56 36 67 20 15 13 33 26 58 34 38 60 11 19 42 41 21 52 57 17 64 5 50 24 29 61 63 33 21 33 15 21 39 35 21 58 47 29 52 45 56 62 53 39 47 39 27 49 47 62 59 61 19 25 25 59 61 22 11 56 27 21 46 28 26 38 44 64 48 68 39 44 13 35 24 13 24 37 58 56 57 34 24 40 33 21 48 35 34 17 45 20 20 33 43 35 43 53 29 15 11 12 1 40 44 38 1 61 13 58 53 47 45 44 19 50 18 7 41 20 32 19 30 42 31 64 39 20 47 28 49 56 21 57 19 61 16 14 4 22 45 42 31 51 41 51 28 53 55 59 17 46 56 47 18 17 10 52 38 16 46 55 9 58 56 28 22 5 30 31 17 46 19 64 57 55 18 48 26 62 35 42 51 30 38 32 27 62 23 23 45 59 18 51 51 57 57 42 44 39 46 57 53 58 53 33 42 63 25
60 38 24 67 28 35 45 29 31 20 19 10 13 59 23 38 34 55 51 40 36 31 5 41 13 53 47 58 13 61 28 55 60 46 57 35 25 21 30 22 22 19 29 28 26 42 42 46 45 40 56 38 13 27 25 37 16 7 50 40 32 52 33 48 42 52 56 43 55 22 18 17 21 51 49 21 60 22 29 34 45 25 53 14 53 33 57 51 29 39 29 40 26 41 7 24 27 53 26 34 26 34 41 39 38 35 44 34 23 20 19 43 40 4 58 24 24 48 37 10 59 20 13 20 10 18 39 38 42 55 59 23 8 34 16 32 53 31 28 30 28 35 64 36 8 5 35 43 22 48 27 60 30 57 51 24 27 51 32 61 21 38 42 63 50 50 27 8 52 39 38 36 36 35 21 5 37 41 61 31 44 20 56 50 46 43 46 54 28 22 20 30 59 4 26 53 14 23 58 52 27 5 9 49 37 37 53 32 39 45 9 27 14 26 21 41 29 12 16 39 7 32 31 40 42 34 16 33 22 49 37 45 52 53 38 35 40 16 29 57 25 49 42 46 16 17 50 26 57 6 30 56 22 48 26 62 22 9 24 39 29 55 54 41 18 48 25 47 39 58 28 58 55 52 11 35 32 39 15 47 30 14 29 28 21 35 39 20 25 27 50 6 29 34 47 31 27 48 20 56 6 8 18 19 48 29 36 55 7 0 43 54 2 24 38 47 11 33 49 46 28 20 35 44 47 14 9 45 40 46 17 56 33 12 15 24 28 46 49 18 12 30 42 29 59 53 9 36 22 41 51 47 30 7 40 51 5 35 52 37 40 13 33 54 39 54 30 61 15 14 8 30 24 52 27 32 56 6 24 36 35 24 46 53 21 58 2 48 18 24 55 57 33 14 31 9 15 33 28 16 54 41 26 50 39 49 56 47 33 40 36 22 45 40 57 54 54 21 21 18 54 56 16 5 50 22 16 42 29 20 32 41 59 44 62 33 39 10 29 26 18 22 31 54 54 51 31 25 35 29 22 42 30 34 22 41 14 14 27 36 29 37 48 23 9 8 18 6 36 38 33 6 59 6 54 46 41 39 40 19 44 13 4 35 22 32 13 24 40 25 58 33 14 41 27 46 52 15 55 14 55 17 9 9 18 40 35 26 44 36 46 28 47 50 53 22 40 51 43 20 10 11 48 31 16 41 51 6 55 53 24 15 4 24 25 11 40 13 57 54 53 23 42 21 60 31 37 46 25 32 26 27 56 18 24 44 55 18 47 45 52 51 40 38 38 40 54 50 52 49 30 36 57 26
58 37 64 26 37 30 28 50 21 24 37 35 53 20 58 10 24 21 40 10 28 30 39 34 32 10 9 56 48 19 16 39 19 48 54 8 39 41 31 34 37 59 36 32 27 52 39 42 34 30 52 16 33 34 44 7 52 44 19 6 17 20 25 38 14 35 27 38 19 60 26 40 31 34 16 27 22 25 29 19 29 34 45 55 48 11 23 50 17 48 15 4 24 50 40 53 56 24 20 24 21 41 15 24 5 23 52 9 21 32 33 19 34 46 17 20 25 7 46 37 22 47 46 57 34 29 13 29 29 41 21 22 40 31 28 14 39 29 21 41 27 15 24 19 47 47 33 14 22 51 17 20 53 20 50 21 21 25 19 20 26 50 9 24 17 8 19 39 40 8 41 21 11 11 48 39 32 46 24 34 43 27 20 30 52 33 23 17 18 22 60 35 26 46 28 55 47 50 19 10 42 39 37 35 22 19 19 44 46 13 37 51 37 20 43 9 23 41 32 49 38 31 45 9 4 16 34 28 30 53 48 17 48 12 34 18 44 54 16 47 19 36 40 44 31 31 13 23 21 39 30 29 55 53 22 24 36 49 55 14 37 31 28 23 51 6 41 34 31 18 52 16 35 44 35 28 13 18 54 52 25 36 15 16 23 45 5 30 30 37 12 42 45 50 8 50 17 39 36 36 37 41 34 29 30 24 27 48 49 43 0 45 42 59 6 24 43 12 33 14 19 59 24 27 15 35 48 14 8 24 27 14 37 49 39 22 22 9 7 48 37 34 47 44 18 21 37 29 28 29 39 31 17 37 40 14 42 12 10 21 51 46 10 44 6 49 18 22 32 44 39 43 42 22 22 12 43 40 60 20 23 58 7 37 57 20 44 52 28 33 18 17 53 30 43 35 32 10 16 37 35 3 39 54 12 8 19 5 16 4 44 27 31 7 25 38 12 54 37 25 27 34 29 39 8 31 33 28 53 26 26 45 26 31 23 21 21 42 21 55 55 41 23 40 51 12 38 50 20 36 50 17 24 53 61 37 30 29 17 10 25 16 20 25 35 42 58 49 31 16 26 49 56 37 34 7 12 13 32 49 8 38 44 19 52 53 32 24 49 19 27 17 32 5 49 43 33 31 52 32 23 49 36 51 37 23 10 25 5 31 27 48 19 29 13 59 4 27 37 53 33 47 40 14 48 20 38 43 53 53 29 31 46 20 19 33 12 31 15 47 48 62 2 26 57 27 33 25 29 22 22 50 19 36 51 53 37 47 31 18 19 22 43 14 47 17 47 44 13 39 39 9 23 53
14 75 60 48 27 21 18 34 59 49 64 46 55 42 50 37 26 33 5 54 22 65 50 15 53 48 39 12 48 46 41 9 44 14 10 43 31 36 26 64 33 57 69 66 60 22 13 9 13 18 9 30 55 66 33 42 50 50 30 40 54 31 63 8 57 12 25 12 34 56 43 39 34 12 32 37 39 53 63 58 17 65 1 58 5 47 32 9 37 21 42 42 33 21 48 42 43 27 52 63 54 22 31 23 44 26 20 44 48 60 37 27 16 56 46 42 57 51 21 57 37 41 45 52 48 56 56 20 17 7 39 49 47 68 50 51 8 26 55 27 30 33 44 29 52 58 70 32 43 15 45 44 37 37 10 39 34 23 57 47 55 25 53 42 32 44 52 47 6 39 18 61 38 38 40 51 19 18 38 24 12 56 35 17 18 14 23 37 38 40 58 25 31 54 31 15 47 40 42 45 30 52 56 11 25 60 32 26 19 33 57 37 60 39 37 52 31 44 40 22 48 24 27 37 48 34 40 65 34 16 23 29 5 44 18 57 17 53 49 3 49 10 13 10 56 39 37 33 36 50 26 24 48 17 55 41 65 55 45 32 26 20 22 23 47 49 31 12 18 42 38 46 14 2 45 66 38 59 54 16 29 41 45 47 42 23 43 37 30 28 38 58 30 28 39 32 49 8 64 14 50 59 38 38 16 59 66 3 58 54 45 0 55 51 42 22 46 49 13 33 53 56 63 19 32 59 53 32 38 22 44 47 22 50 62 38 57 39 50 44 43 69 17 29 46 30 46 68 35 18 7 14 36 49 15 37 57 37 47 27 23 46 44 1 42 6 35 41 42 44 57 27 33 28 56 46 5 57 53 60 62 49 40 10 52 39 54 15 53 64 37 40 33 51 26 52 56 45 49 62 12 47 30 16 55 51 38 43 54 47 21 35 15 50 29 11 48 46 65 46 24 17 52 53 50 33 39 18 37 38 63 16 30 15 40 59 25 46 56 43 53 34 29 6 9 40 25 38 29 26 41 28 29 32 58 14 51 48 46 50 60 31 27 55 51 60 58 57 21 58 26 58 13 53 14 41 34 33 17 43 53 60 52 58 43 34 44 55 21 43 29 56 55 41 34 10 15 55 9 43 30 45 47 57 64 23 49 32 50 69 18 33 28 18 42 54 46 21 12 47 50 49 7 50 45 26 8 50 11 11 33 54 58 44 48 52 34 44 47 4 6 58 46 39 13 27 71 21 61 59 55 37 37 62 41 21 12 42 15 29 31 27 17 56 22 60 3 6 40 7 26 48 33 41
61 36 26 66 29 36 45 30 29 18 17 10 15 58 25 37 34 54 51 39 35 29 6 41 12 52 46 59 15 60 27 55 58 47 58 34 26 22 30 20 23 21 27 26 24 43 43 46 45 40 56 37 11 25 26 35 18 9 50 39 31 52 31 48 40 52 55 43 54 24 17 18 22 51 48 21 59 20 27 32 45 23 54 16 54 32 56 52 28 40 28 39 26 42 7 26 29 52 24 33 24 35 40 39 37 35 45 33 21 18 19 42 40 6 57 22 22 47 38 8 58 21 15 22 9 16 38 38 41 55 58 21 9 32 15 30 53 31 26 30 28 34 63 36 10 5 33 42 21 49 25 59 31 56 52 23 26 51 30 60 19 39 40 62 49 48 25 8 52 38 39 34 35 34 23 5 37 42 60 31 45 19 55 50 47 43 45 53 27 22 22 30 58 6 25 54 15 25 57 51 28 4 7 50 37 35 52 33 40 44 7 29 12 25 22 40 29 13 15 40 8 32 32 39 40 33 16 31 22 50 38 44 53 52 38 33 41 18 28 57 24 49 43 47 14 16 49 26 56 6 31 56 24 49 25 61 20 11 26 38 30 55 53 41 20 46 26 48 39 57 29 56 55 53 11 33 31 37 17 48 30 14 27 27 20 36 38 19 26 28 49 5 30 35 45 32 25 48 18 56 6 6 18 19 48 27 34 56 9 2 42 55 0 26 37 46 13 31 49 45 26 22 33 44 46 12 11 44 39 45 16 55 34 14 13 23 26 45 47 19 12 28 43 30 58 52 10 34 22 40 51 46 29 6 40 50 3 34 51 36 41 14 32 55 38 54 29 60 15 15 6 31 25 52 26 30 56 4 26 34 33 26 45 53 23 57 4 49 16 22 54 56 34 13 32 7 13 32 27 14 53 39 27 51 37 48 56 45 31 39 37 22 45 39 56 55 53 23 19 17 54 56 14 3 49 23 17 42 30 20 30 42 58 44 61 32 38 12 27 27 20 23 31 54 54 50 31 26 34 30 24 41 30 35 24 41 12 13 25 35 27 37 47 21 8 6 20 8 36 36 33 8 60 5 54 45 40 39 40 21 43 11 6 33 23 34 13 22 41 24 58 31 12 40 29 46 52 13 55 14 54 19 8 11 16 40 34 26 43 34 46 29 47 50 52 24 39 50 43 22 9 13 48 30 18 41 51 8 56 54 23 13 5 23 23 9 39 13 56 55 53 25 40 20 61 31 35 46 23 30 24 28 55 16 26 45 55 20 47 45 51 50 40 36 39 38 54 50 51 49 31 34 56 27
51 61 9 79 29 39 49 18 53 39 42 27 13 71 2 52 42 65 50 59 40 54 24 42 36 68 61 51 13 74 43 55 72 39 50 51 24 20 34 45 25 9 52 52 49 32 40 43 46 43 49 49 36 50 20 52 8 18 60 55 53 62 56 47 62 53 63 42 65 6 34 20 29 52 59 33 71 43 52 55 49 48 50 13 48 51 66 45 43 31 45 56 36 32 23 10 9 61 46 57 47 31 52 46 54 43 34 51 42 43 27 51 40 21 72 39 46 65 30 34 69 13 14 5 29 41 59 41 45 54 70 42 21 57 37 51 52 36 49 26 35 46 76 46 17 24 58 54 39 40 44 73 16 68 44 39 39 58 53 75 43 28 61 74 60 64 47 23 51 53 35 58 50 49 13 24 39 34 71 33 40 43 66 54 37 44 53 66 42 38 9 31 67 20 33 43 13 12 71 67 23 27 32 51 45 58 63 26 32 57 33 15 37 40 18 60 39 19 28 30 24 35 25 53 59 46 25 55 30 40 29 54 47 67 39 55 35 9 48 53 45 49 40 42 38 28 62 37 68 25 35 62 5 39 48 73 45 16 7 50 29 60 59 48 8 64 23 49 41 70 14 72 57 49 25 57 47 60 9 39 38 23 46 47 37 28 55 30 32 28 63 29 22 24 60 20 46 47 43 58 27 31 26 31 51 51 59 51 20 24 59 51 26 0 54 53 17 51 51 57 48 8 58 49 57 38 16 56 54 52 34 70 33 12 38 38 50 59 65 11 23 53 35 23 73 62 24 59 32 44 50 49 43 26 37 63 28 49 67 45 30 14 50 51 54 48 42 72 28 16 31 26 21 61 49 50 54 29 2 57 57 2 60 53 4 69 22 40 40 47 66 69 19 36 26 30 38 50 47 39 56 58 25 40 59 66 68 62 53 57 31 32 47 58 65 56 70 6 44 37 60 59 38 28 67 30 26 46 15 33 55 35 67 46 73 55 46 18 50 9 7 20 40 53 47 64 30 13 44 30 11 51 39 20 8 40 35 33 45 55 52 48 56 45 31 31 10 20 39 59 39 21 51 29 56 60 53 51 42 11 63 36 21 56 9 18 29 46 32 41 66 53 36 56 17 42 55 37 48 28 64 11 26 17 41 47 54 35 62 59 51 19 56 55 66 4 57 56 42 6 31 15 46 50 12 49 51 19 48 46 32 38 25 41 44 33 52 30 72 50 47 8 58 34 52 37 60 53 48 54 47 15 67 41 11 33 56 13 50 55 61 59 35 58 30 61 50 46 65 48 28 54 66 11
54 37 59 30 32 25 25 44 20 20 34 29 47 23 52 5 19 22 37 12 23 28 34 30 27 15 11 52 42 23 11 37 22 44 51 4 34 35 25 32 32 53 34 30 25 47 35 38 31 26 48 12 29 32 38 2 47 39 18 3 15 20 24 35 15 32 26 34 21 55 21 35 26 32 16 22 24 21 27 18 25 31 42 50 44 7 24 46 11 43 10 3 19 45 34 47 50 23 17 23 19 36 12 20 2 18 47 5 17 29 28 16 30 42 21 15 23 13 41 33 24 42 40 51 29 25 15 25 26 38 23 18 35 30 23 12 36 24 19 36 22 11 27 14 42 42 32 11 17 47 12 23 48 22 46 16 16 24 18 24 23 46 12 26 17 12 17 34 37 4 36 21 6 5 42 34 27 41 26 29 39 24 21 27 48 30 20 19 13 17 55 29 27 41 23 51 42 45 22 15 37 34 33 32 18 19 20 39 41 12 33 46 33 14 37 11 18 36 27 44 33 27 40 5 7 11 29 27 25 49 43 15 44 16 30 17 39 49 13 44 15 33 36 39 27 26 15 18 23 34 25 28 50 48 19 26 34 44 49 10 32 30 27 20 46 11 35 30 27 21 47 20 33 41 30 27 8 18 49 47 19 31 10 12 18 41 1 25 25 32 14 38 40 45 10 45 14 35 33 34 32 37 28 23 27 22 27 45 44 38 6 42 37 54 0 22 38 10 30 13 16 54 24 24 14 31 43 13 5 21 22 18 32 44 35 17 20 10 12 43 32 33 42 39 22 21 32 29 23 25 35 28 12 32 36 16 37 7 15 17 46 41 6 41 1 45 13 24 26 39 35 38 36 22 20 9 40 36 55 20 22 53 9 34 52 22 39 48 24 31 20 20 48 26 38 31 28 7 13 34 33 6 34 50 13 13 21 9 14 6 39 22 28 9 25 35 17 48 34 20 26 32 25 34 13 25 28 25 48 21 25 41 27 27 26 20 17 37 19 50 50 36 18 37 47 14 32 44 15 31 45 15 18 48 56 32 26 25 13 9 23 12 19 22 30 38 53 44 26 17 21 44 53 33 32 9 9 10 27 43 12 34 39 18 46 48 27 21 44 14 27 16 28 4 43 39 30 27 48 27 23 43 31 46 34 19 8 20 9 31 25 42 17 27 16 53 5 25 33 48 28 41 36 12 43 17 35 38 50 49 23 26 41 15 15 29 9 26 20 44 45 57 5 20 53 22 33 22 26 20 20 45 21 32 46 48 34 41 28 16 19 21 38 15 42 18 43 40 15 36 34 7 24 48
35 57 60 29 25 15 6 38 40 34 50 37 51 22 52 17 13 13 17 33 13 48 42 14 41 26 18 33 45 26 24 15 24 28 32 24 30 34 20 49 29 56 53 49 43 34 19 21 13 11 29 11 43 50 34 22 49 44 10 20 35 11 44 16 37 11 10 18 14 56 31 35 26 11 11 26 20 38 46 39 7 50 22 55 25 27 14 28 21 31 25 21 21 32 41 44 46 8 35 44 37 25 10 8 23 12 33 24 32 45 30 6 16 49 26 27 40 30 29 45 18 40 43 52 38 41 36 13 9 17 19 33 41 50 37 32 15 18 38 28 20 15 25 12 47 51 52 11 29 31 28 24 42 17 29 25 21 5 39 27 40 35 32 23 10 23 35 40 17 18 23 42 18 19 40 42 15 28 20 21 23 41 15 6 33 13 2 17 22 27 57 22 15 48 22 34 44 42 22 24 31 43 45 11 10 40 12 30 28 12 46 41 48 24 35 32 18 39 32 32 40 19 31 17 27 16 32 47 26 33 31 8 25 23 17 38 26 51 31 24 32 13 20 23 42 31 16 21 17 41 19 10 49 33 38 22 51 50 47 12 25 10 8 6 47 27 31 11 14 22 42 25 12 21 37 48 20 40 52 32 17 35 27 30 29 30 22 28 23 26 17 49 33 35 18 38 32 17 49 13 41 49 31 28 7 41 48 25 52 47 24 22 46 53 22 0 41 30 10 11 35 56 45 6 10 46 48 11 17 1 32 26 22 47 50 24 39 17 28 43 37 52 28 32 26 10 38 49 25 10 15 9 20 40 22 16 48 17 25 11 34 43 25 21 21 26 19 22 32 40 47 30 32 9 39 28 19 47 55 41 43 52 18 14 53 19 47 32 39 48 17 20 40 39 29 42 43 26 31 49 12 26 29 34 34 29 18 22 35 27 27 25 10 29 13 14 27 48 51 33 8 11 39 44 29 26 31 9 42 27 45 26 14 10 22 40 9 41 38 46 52 33 16 17 29 19 25 41 12 24 42 8 17 40 58 17 39 36 29 30 43 12 5 39 41 50 56 51 15 38 15 51 34 43 10 19 13 13 13 43 32 48 45 39 45 41 34 38 31 27 13 37 42 20 38 22 9 42 29 33 11 44 38 52 50 7 29 21 29 51 4 37 7 5 21 54 25 4 17 48 39 45 18 31 43 7 14 44 31 31 24 41 51 28 32 41 13 34 27 25 26 58 25 27 34 17 53 1 45 41 38 40 17 48 43 34 13 41 8 7 11 7 25 36 30 39 24 22 19 17 26 28 14 44
50 46 21 65 19 28 38 18 37 23 28 11 11 57 16 37 29 52 43 43 29 38 8 33 20 53 46 49 5 59 27 47 58 36 47 35 16 11 22 30 14 16 37 36 33 31 34 37 37 33 46 35 20 35 15 37 9 5 47 40 36 49 40 40 45 44 51 34 51 17 18 7 15 43 45 17 57 27 36 39 38 33 45 14 44 35 53 42 28 29 29 40 22 30 7 14 17 48 30 40 31 25 38 34 38 30 33 35 25 27 12 38 32 11 57 23 30 49 27 19 55 9 3 14 12 25 43 31 35 47 56 26 5 41 21 35 45 24 33 20 22 32 61 32 6 14 42 40 22 38 28 58 19 54 41 23 24 46 37 60 27 27 45 60 46 49 31 7 44 38 29 42 35 34 10 9 29 31 58 23 35 27 53 44 36 35 41 52 26 22 17 22 55 9 20 43 5 13 56 52 17 12 17 42 32 42 49 22 29 42 18 17 23 24 10 44 25 3 12 28 8 24 21 38 43 31 10 40 16 39 27 41 43 52 30 39 30 11 32 48 28 41 34 37 23 13 48 23 54 9 24 51 14 38 32 60 31 10 15 36 20 49 48 36 10 49 15 40 31 56 17 56 48 44 9 42 31 43 12 37 25 8 30 30 21 25 39 15 19 18 48 17 18 24 45 20 30 40 29 49 11 18 11 15 41 34 43 46 13 11 43 46 13 17 38 41 0 35 41 43 32 16 41 37 43 23 8 42 39 40 18 55 24 6 25 22 34 44 49 8 6 38 32 19 58 49 8 43 17 34 43 40 27 10 31 49 15 34 52 32 29 4 34 46 39 44 27 58 12 3 17 20 14 48 33 33 48 15 18 41 41 17 44 45 15 55 10 38 24 32 52 54 22 20 21 15 22 34 31 25 46 42 17 40 42 50 54 46 36 41 26 18 37 42 52 47 54 12 30 20 49 49 22 13 51 16 11 35 19 18 39 32 54 36 59 39 34 1 34 16 13 12 27 46 44 49 22 14 31 21 12 38 25 23 18 33 19 17 28 38 36 34 44 28 15 18 16 12 28 42 27 13 49 13 47 45 39 37 32 9 46 22 8 40 12 22 12 30 30 25 54 37 21 40 17 37 45 22 45 12 51 8 9 12 27 35 37 21 46 43 40 17 43 44 51 16 41 45 35 12 15 4 39 34 7 36 43 5 45 44 18 22 14 25 27 17 37 13 57 45 43 19 42 18 50 25 44 41 32 38 31 16 53 26 14 34 47 8 40 42 48 47 30 42 27 44 45 41 50 41 21 38 53 16
60 28 55 37 33 30 32 45 11 13 25 25 43 31 50 13 24 31 44 9 28 19 30 35 20 22 20 58 39 31 10 44 31 48 56 7 35 35 28 23 32 49 25 21 15 50 40 43 37 31 54 19 22 23 39 9 44 34 27 13 6 29 15 41 11 40 35 39 30 51 17 33 26 39 25 20 33 13 18 10 32 23 48 45 50 3 33 51 13 46 8 11 20 48 30 46 49 32 8 15 10 38 20 26 8 23 50 6 10 20 27 24 35 36 28 13 14 16 44 25 33 40 37 48 24 17 10 30 32 45 32 10 31 21 17 3 43 26 9 37 24 16 35 20 37 36 23 20 13 51 8 32 48 31 51 15 17 32 9 32 15 48 10 35 26 19 8 30 44 13 40 13 12 11 41 29 32 45 35 31 44 16 31 35 52 35 28 28 13 15 51 32 36 36 24 56 39 44 30 22 38 28 26 39 24 12 29 40 44 21 26 46 26 14 37 9 20 33 24 46 29 30 41 14 10 15 27 18 25 53 45 23 50 24 34 9 43 45 4 51 8 39 40 45 19 24 23 19 31 29 27 37 47 52 11 35 25 40 48 18 33 38 35 27 44 16 36 37 32 29 47 27 41 47 26 19 11 12 45 51 22 28 5 5 15 43 9 24 26 33 23 31 41 46 19 46 6 42 24 42 27 30 27 22 35 13 19 51 39 33 12 49 31 51 10 30 35 0 37 22 8 50 15 31 23 23 39 21 14 29 18 26 35 40 27 16 11 18 17 41 29 24 46 40 29 30 28 20 23 31 42 35 14 27 40 24 31 13 22 22 48 38 5 48 11 51 15 33 23 36 28 39 37 31 10 3 47 29 52 12 14 50 18 42 49 31 34 52 16 22 29 29 49 19 39 25 21 4 5 26 41 9 35 54 8 18 30 17 5 9 42 22 34 8 34 43 23 46 25 15 35 40 18 28 18 26 26 31 48 20 16 44 36 34 35 11 24 34 10 48 47 36 21 44 53 23 35 44 20 33 43 22 22 49 52 37 20 19 7 4 14 18 27 13 24 31 49 38 31 10 25 38 59 27 40 18 18 17 33 41 12 26 34 10 44 49 23 12 47 11 36 8 20 12 43 44 38 20 54 24 32 41 26 41 26 26 3 21 13 22 32 43 26 35 24 50 9 33 39 45 23 38 42 2 40 24 42 34 55 54 24 19 35 11 8 22 17 22 27 50 50 53 10 19 59 25 24 30 18 12 11 45 30 24 45 51 42 39 35 24 28 30 42 9 44 12 49 46 24 42 35 4 33 47
25 65 59 37 23 14 6 34 48 39 55 40 51 31 49 25 16 22 8 42 14 55 44 9 45 36 27 23 44 35 31 7 33 19 22 32 27 32 20 54 28 55 59 56 50 27 12 12 5 9 20 19 47 56 31 30 47 45 19 29 43 19 52 7 45 3 15 10 23 54 34 34 28 2 20 29 28 43 53 47 5 56 12 54 16 35 21 18 27 24 32 30 24 25 43 41 43 16 41 52 44 20 19 12 32 16 26 32 38 51 31 15 11 51 35 32 47 39 23 49 26 39 42 51 41 46 44 11 8 8 28 39 42 57 41 40 6 18 45 25 22 22 33 18 47 53 60 20 34 22 34 33 38 26 20 29 25 12 46 36 45 28 41 31 20 32 42 42 7 27 17 50 26 27 38 44 13 21 27 19 15 46 24 6 25 7 11 26 27 31 56 20 21 49 24 25 43 39 31 33 28 46 48 2 14 49 20 25 22 21 49 37 52 29 34 40 21 39 34 25 42 18 27 25 36 23 34 54 27 24 25 17 16 32 13 46 19 50 39 14 39 3 13 14 47 33 25 24 25 43 19 14 47 24 45 30 56 50 44 20 22 10 11 11 45 37 29 2 11 30 39 35 7 12 38 55 27 48 51 23 20 36 34 37 33 25 31 30 24 24 26 52 29 30 27 33 38 8 55 8 44 52 32 31 4 48 55 15 53 49 33 13 49 51 30 10 41 37 0 21 42 54 52 7 19 50 48 20 26 10 35 35 18 46 54 29 46 26 38 41 38 59 21 28 35 19 40 57 28 9 6 3 26 43 15 25 51 25 35 16 27 43 32 12 30 17 24 30 35 40 50 26 30 17 45 35 10 50 52 49 51 49 28 5 51 28 49 23 44 54 25 28 35 43 25 45 47 34 38 53 6 35 26 25 43 39 27 31 42 35 22 28 4 38 19 7 36 45 56 37 13 9 44 47 38 27 33 8 38 30 52 19 20 5 29 48 14 41 45 43 51 32 19 8 20 28 22 38 18 22 40 16 20 34 56 11 43 39 35 38 50 20 15 45 44 53 56 52 14 46 17 53 24 46 6 29 22 21 10 41 41 52 47 47 42 36 37 45 24 33 19 45 46 29 34 13 5 46 20 36 19 42 41 52 55 12 37 24 38 59 6 33 16 7 30 52 34 10 10 46 42 45 9 39 42 14 5 45 22 22 26 45 53 34 38 44 22 37 36 15 17 56 34 30 25 19 61 9 51 48 44 37 26 53 40 27 6 39 3 17 20 15 18 44 24 48 14 12 28 7 23 37 22 41
46 50 63 23 31 21 16 44 33 30 46 37 53 15 56 9 17 10 28 24 19 41 42 24 37 16 7 44 47 17 20 26 16 38 42 16 35 38 25 44 33 59 46 42 37 43 28 31 23 20 40 9 39 44 39 14 51 45 6 10 28 7 37 26 27 22 13 28 9 59 29 38 29 22 3 26 14 33 39 31 17 44 32 56 36 20 12 38 18 39 20 12 22 41 41 49 52 10 29 36 31 33 6 14 14 15 43 17 28 41 32 8 25 49 16 24 35 19 37 43 13 45 45 56 37 37 27 20 18 28 13 29 42 43 33 24 26 22 31 35 23 12 19 12 48 50 45 4 25 41 23 16 48 11 39 22 20 12 31 18 35 43 23 18 4 12 29 40 27 10 32 34 12 13 45 42 23 37 15 27 33 36 10 17 43 23 10 9 19 24 60 28 14 48 25 44 47 47 14 14 37 42 42 22 13 32 8 37 37 1 43 47 44 21 40 22 19 41 32 40 40 25 38 9 17 13 34 39 28 43 40 4 36 13 25 30 35 54 25 35 26 24 29 33 38 31 6 21 12 41 23 15 53 43 32 17 46 51 52 8 30 18 15 13 50 17 36 21 22 14 48 16 22 32 37 40 15 31 54 42 20 36 21 24 26 38 13 29 26 31 7 47 39 43 7 44 26 27 45 23 40 46 32 29 18 34 39 36 52 46 14 33 45 57 13 11 43 22 21 0 29 59 36 16 2 42 49 2 9 11 30 16 29 49 46 23 32 6 17 47 38 45 38 38 17 9 38 41 27 19 26 19 17 40 31 6 46 12 15 13 42 46 18 32 12 37 17 15 32 43 44 36 37 9 32 21 30 45 59 32 35 56 8 24 56 13 47 42 35 43 10 12 47 35 36 40 39 19 25 45 22 16 34 44 25 18 11 11 27 17 35 26 20 20 13 24 17 52 45 30 14 20 35 43 18 28 33 17 48 27 37 36 15 20 16 32 12 43 31 52 55 38 18 27 40 9 31 46 13 30 47 7 19 47 61 27 36 33 24 21 35 10 7 34 39 48 59 51 22 29 19 51 44 41 20 9 6 7 22 47 22 44 46 31 49 48 34 33 40 23 15 29 38 11 44 32 19 38 40 33 11 47 38 53 46 13 21 22 18 43 15 43 5 16 11 58 16 13 27 51 37 47 28 24 46 10 25 45 42 41 26 37 50 24 27 38 7 33 17 35 37 61 15 26 45 21 45 12 39 33 32 46 10 44 48 44 24 44 18 5 6 9 34 27 38 30 34 32 9 27 32 20 12 50
64 23 51 44 35 33 37 44 6 10 19 22 39 38 47 20 27 38 48 13 32 13 26 39 15 29 27 61 36 38 13 49 38 51 60 14 35 34 30 16 32 45 18 14 9 51 43 47 41 35 58 25 16 16 38 16 41 31 34 19 5 36 10 45 14 45 41 43 37 48 16 32 26 44 32 21 40 7 11 7 37 15 52 41 54 9 40 54 16 47 11 19 22 50 26 44 47 38 2 11 3 40 26 31 16 28 52 13 8 13 26 30 39 31 35 13 7 22 45 20 40 38 35 45 20 11 12 34 36 50 39 6 28 15 12 6 48 29 3 38 26 21 42 25 33 31 18 26 12 54 9 39 47 38 55 16 20 38 6 38 8 49 15 42 33 26 1 26 48 20 42 11 18 17 40 25 35 47 42 33 47 9 37 41 54 39 34 35 16 15 47 34 43 31 26 59 36 43 37 29 38 24 20 44 29 10 36 41 46 28 20 45 19 15 36 15 23 31 23 48 25 32 42 21 17 20 26 13 25 55 47 30 54 31 37 8 45 41 5 55 5 44 44 48 13 23 31 21 39 25 30 43 45 55 3 42 18 35 46 24 35 44 42 32 41 23 36 42 36 36 46 34 47 51 24 14 16 12 42 54 25 26 9 6 14 44 17 23 27 34 30 25 41 47 26 46 5 46 17 47 23 24 26 21 40 6 14 55 34 28 19 53 26 48 16 35 32 8 42 29 0 46 12 36 30 17 35 28 21 35 16 32 37 37 20 17 4 26 23 39 27 17 49 40 36 37 25 15 23 35 47 40 18 24 43 32 25 19 28 27 50 35 12 52 17 55 19 40 22 34 23 40 36 37 4 9 52 24 49 10 10 48 25 47 46 38 30 55 10 15 36 36 49 14 40 20 15 11 5 19 46 16 35 57 12 24 37 24 5 15 43 22 39 14 41 48 30 44 18 12 41 46 12 23 25 26 25 35 47 19 10 47 43 38 42 8 29 31 3 47 43 35 25 49 56 30 36 43 25 34 41 28 25 49 48 41 15 16 8 10 8 24 34 6 19 25 45 34 34 11 28 33 62 22 45 25 24 24 37 40 18 20 30 8 43 48 21 5 49 11 43 6 15 20 43 47 43 14 57 21 39 39 23 36 19 31 10 23 19 17 37 42 33 40 31 47 16 39 42 43 19 34 47 6 38 30 46 30 59 57 25 13 30 11 6 17 23 20 34 54 54 49 17 19 63 28 19 36 10 7 4 44 37 17 44 53 48 38 40 31 35 36 45 11 46 13 54 50 31 47 37 11 40 46
58 57 5 80 32 42 52 23 50 37 38 25 8 73 8 52 44 67 54 58 43 50 21 45 32 68 61 57 12 75 43 59 73 45 56 51 27 23 36 40 27 2 48 48 45 38 45 47 50 46 55 50 32 45 24 52 8 16 62 55 50 64 52 51 60 57 65 46 67 3 33 21 30 56 61 33 72 40 48 53 52 43 55 7 54 50 68 51 43 37 45 55 37 38 20 16 16 63 44 53 44 35 53 48 54 45 40 50 40 39 27 53 44 16 73 39 42 65 36 30 71 16 14 4 26 37 58 44 48 58 71 40 19 53 34 50 57 38 46 31 37 47 77 47 13 19 54 55 38 46 43 74 22 69 50 38 39 60 50 76 40 34 60 76 62 65 45 21 55 54 39 55 50 50 17 21 42 40 73 36 45 39 68 57 43 48 55 67 42 37 2 35 70 16 35 50 13 17 72 67 27 23 28 55 47 56 65 31 38 58 29 21 32 40 21 59 40 18 28 35 22 38 30 54 58 46 25 52 31 46 35 56 53 68 42 53 40 5 47 58 43 53 45 47 35 28 63 38 69 22 38 65 10 45 45 75 41 12 13 51 33 63 62 50 10 64 26 53 44 71 20 72 61 54 24 54 47 57 5 45 40 23 45 45 36 34 54 30 34 31 63 25 27 30 61 26 44 51 39 62 24 27 27 31 55 48 55 56 15 20 59 56 22 8 54 56 16 50 54 59 46 0 54 51 59 34 12 57 54 55 33 71 37 10 34 38 47 60 65 13 22 49 41 28 73 64 22 55 32 47 55 53 43 23 41 64 23 49 68 47 36 13 49 56 54 54 43 73 28 16 27 30 25 63 46 48 59 25 6 54 54 9 60 57 5 71 18 46 37 43 68 70 26 33 31 27 34 49 46 35 59 57 28 47 57 66 69 62 51 57 36 33 51 57 67 60 70 10 40 35 63 63 35 24 66 31 27 49 21 33 51 41 69 50 74 52 49 17 47 15 4 23 42 58 53 65 33 19 46 33 16 53 40 27 3 44 32 31 43 53 48 49 59 42 27 26 3 15 42 56 42 16 57 25 60 61 54 52 45 14 61 31 17 54 14 25 27 43 37 40 68 51 33 56 23 47 58 34 54 27 66 13 24 12 37 50 52 37 61 55 54 24 58 58 67 4 56 59 46 10 28 13 51 49 13 51 55 17 54 52 33 34 20 40 42 29 53 28 72 55 53 4 58 34 58 39 56 55 44 51 44 20 69 36 16 40 60 16 53 57 63 62 40 56 36 58 55 51 66 52 32 53 68 17
74 14 59 48 46 44 47 55 6 20 20 32 47 43 57 28 38 44 58 15 42 8 35 49 23 32 33 72 46 42 23 59 42 62 71 22 46 45 41 17 43 54 14 10 10 63 54 57 51 46 69 34 23 13 49 23 50 40 41 26 10 43 3 56 13 55 49 54 43 56 26 42 37 54 39 32 45 16 8 6 47 15 63 49 65 18 46 65 27 59 22 25 33 61 36 55 58 46 13 1 12 51 35 41 22 38 64 21 19 17 37 39 50 39 39 24 13 24 56 26 45 49 44 54 29 18 11 44 46 60 44 17 38 8 22 13 58 40 10 49 37 31 47 35 42 37 9 34 23 65 20 43 58 43 65 27 31 47 7 42 16 60 16 47 40 31 13 36 59 27 53 3 27 26 50 34 46 58 47 44 58 16 44 50 65 50 43 40 27 26 55 45 50 39 37 70 46 53 42 33 49 32 27 54 39 5 43 52 57 35 27 55 24 27 46 17 34 41 33 59 35 43 53 29 21 30 36 5 36 67 58 38 64 35 48 7 57 50 15 66 16 54 55 59 20 33 37 32 44 34 41 51 55 66 11 47 18 43 56 33 46 53 50 42 51 25 47 52 47 41 56 38 56 62 34 4 26 8 50 65 36 37 19 17 25 56 23 34 39 45 35 32 52 58 32 57 16 56 19 57 32 30 37 32 50 7 4 66 41 35 24 63 33 58 24 45 41 15 52 36 12 54 0 46 38 22 43 36 28 44 26 36 48 46 24 28 9 32 26 49 37 13 60 51 40 44 35 6 34 46 57 50 28 33 54 38 32 28 31 37 61 45 20 63 25 66 30 45 32 44 29 51 47 45 10 18 62 31 58 5 2 58 31 57 55 43 37 66 19 15 41 41 59 23 52 28 21 19 15 22 56 21 46 68 13 26 42 29 10 20 55 33 49 18 48 58 33 53 19 23 49 55 21 31 27 37 35 46 57 31 4 58 50 49 47 5 39 40 9 57 52 46 35 59 67 35 47 53 35 45 52 37 35 60 57 52 24 26 19 16 7 33 42 13 28 31 53 41 45 8 39 40 73 30 55 30 32 32 47 50 19 25 38 6 53 59 31 13 60 22 50 8 22 26 54 58 53 21 68 32 46 49 32 44 21 41 16 34 22 8 47 53 41 50 36 56 21 48 53 53 28 44 57 14 48 39 56 39 70 68 36 21 37 22 17 26 32 30 37 65 65 58 22 30 74 39 10 45 12 5 12 54 42 20 54 64 57 48 50 39 42 44 56 11 57 9 64 61 36 57 48 17 46 56
31 58 56 35 20 10 1 33 41 33 49 35 48 27 47 19 11 19 14 35 9 49 39 9 39 31 22 29 41 31 24 14 29 23 27 25 25 29 16 48 25 52 53 49 43 29 14 16 8 6 25 13 41 50 29 24 44 41 15 22 37 16 45 11 39 9 15 13 19 52 29 31 23 9 16 23 25 37 47 40 2 49 18 51 21 29 19 23 21 25 25 24 19 27 38 40 42 14 35 45 37 20 13 6 25 10 28 26 32 45 26 9 10 46 31 26 40 34 24 44 23 36 39 48 35 40 38 8 4 15 25 33 37 51 35 33 13 14 38 23 17 15 31 11 43 48 53 14 28 25 28 29 37 23 24 23 19 10 40 32 39 29 35 29 16 27 35 37 13 21 18 44 20 20 36 40 10 22 25 16 18 40 21 7 28 8 7 22 21 25 53 18 20 44 19 29 40 38 27 29 26 41 43 8 8 42 17 25 23 16 44 36 46 23 31 34 16 35 29 26 37 14 26 19 30 16 29 48 23 27 26 12 21 28 11 39 20 47 32 20 32 9 15 18 41 28 20 19 22 39 14 14 44 28 39 28 50 46 43 14 20 12 11 5 42 31 26 7 8 27 37 31 12 17 34 49 20 42 48 27 14 31 28 30 27 25 25 25 19 21 22 46 28 30 22 33 32 12 49 13 39 47 27 26 5 42 49 21 49 44 27 19 44 49 24 6 37 31 7 16 36 51 46 0 15 44 44 15 20 6 30 30 17 43 48 23 40 21 32 39 33 52 23 27 31 16 35 50 23 5 12 5 19 38 16 21 46 19 30 9 28 39 26 18 24 22 18 27 30 36 45 25 28 14 39 29 17 44 50 42 45 47 22 11 49 25 44 26 38 48 22 25 35 37 24 40 41 27 32 48 11 29 24 29 37 33 23 25 36 29 22 23 5 32 18 13 32 43 50 31 13 13 38 42 33 22 28 3 37 25 46 21 19 4 27 42 8 37 39 42 48 29 14 14 25 24 20 36 12 19 38 10 15 34 53 12 37 34 29 32 43 13 11 39 39 48 52 48 10 40 12 48 30 40 11 23 16 15 8 38 35 46 42 41 40 35 32 39 26 26 18 38 40 23 33 17 9 41 25 31 17 39 36 48 49 5 31 18 32 52 3 32 12 7 25 50 28 8 12 43 37 41 13 33 39 8 11 41 27 26 21 40 48 27 32 39 16 31 32 21 22 54 28 25 30 14 54 5 45 42 38 35 22 47 38 29 12 36 4 12 16 13 19 38 25 42 20 17 23 13 21 30 20 39
44 51 64 23 31 21 15 44 34 31 47 37 54 15 56 11 16 9 27 25 19 42 42 23 38 17 8 42 47 18 21 25 16 36 41 17 34 37 24 45 33 59 47 43 38 42 28 30 22 19 39 9 40 45 39 15 51 45 4 12 29 7 38 25 28 21 12 26 9 59 29 38 29 20 3 27 14 33 41 32 16 45 31 57 35 21 11 37 18 38 21 13 22 40 42 49 52 9 30 37 32 32 6 13 16 15 42 18 29 41 32 7 24 50 17 24 36 21 37 43 13 44 45 56 37 38 28 19 18 26 13 30 42 44 34 25 25 22 32 34 22 13 19 12 48 51 46 5 26 40 24 17 48 11 38 23 20 10 32 19 35 42 24 17 4 13 30 41 26 11 31 35 12 13 45 43 22 36 15 26 31 36 10 15 42 21 9 9 19 25 60 28 14 48 25 43 47 47 14 15 36 43 43 21 13 33 7 36 36 3 44 46 45 22 40 23 19 41 32 40 40 24 38 10 18 13 34 41 28 42 39 4 34 13 24 31 34 54 26 33 28 22 29 32 39 32 7 21 11 42 23 14 53 41 33 17 47 51 52 8 30 16 13 12 50 18 36 20 21 14 48 17 20 31 37 41 16 32 55 40 20 36 23 25 27 37 15 29 26 31 7 48 39 42 9 44 27 26 45 21 41 47 33 29 16 35 41 34 52 47 15 32 46 57 14 10 43 23 19 2 30 59 38 15 0 43 50 2 10 10 30 17 28 49 47 23 33 8 19 46 38 47 37 38 17 7 39 43 27 18 25 18 18 40 30 7 47 13 16 13 41 46 19 31 13 36 17 15 33 43 45 36 37 8 33 22 29 46 58 34 36 56 9 23 56 13 47 41 36 44 10 12 47 36 35 40 40 20 26 46 21 18 34 43 27 20 11 12 28 19 35 26 19 21 11 23 18 51 47 30 12 19 36 43 19 28 33 17 48 27 38 35 13 19 16 34 12 43 32 51 55 38 17 26 38 9 30 46 13 29 47 6 19 46 61 26 36 34 24 22 37 10 5 35 39 48 59 51 22 31 19 52 43 42 19 10 6 8 21 47 23 45 46 32 49 47 34 34 39 24 14 30 39 12 44 31 18 39 39 34 9 47 39 53 47 12 22 23 20 45 14 42 4 14 12 58 17 12 25 51 37 47 27 25 46 9 24 45 41 40 26 38 50 25 27 39 8 34 18 34 35 61 17 26 44 20 47 11 40 34 33 45 10 45 48 43 22 44 17 3 6 7 33 28 38 32 33 31 10 26 32 21 11 49
67 24 38 60 35 38 45 40 19 13 6 15 27 53 37 33 34 51 54 30 37 17 15 44 6 45 41 65 26 54 23 57 53 53 63 28 33 30 33 8 29 33 15 14 13 51 47 51 47 42 62 35 4 13 35 30 30 20 47 34 21 49 20 51 30 53 54 47 50 36 16 26 26 52 45 22 54 11 15 22 46 11 58 28 59 25 53 58 25 47 23 33 27 49 17 37 40 51 16 21 15 41 38 39 31 35 52 27 15 6 24 41 43 18 51 20 11 39 45 4 54 31 26 34 13 6 28 40 43 57 53 14 19 20 10 22 55 33 16 37 30 31 58 35 22 16 21 39 18 55 20 54 41 52 57 22 26 50 20 54 9 47 32 57 46 42 16 17 55 33 44 23 31 30 33 14 40 48 56 35 50 8 51 50 54 45 45 49 25 20 34 35 56 18 28 60 26 35 52 45 36 12 7 51 37 24 49 40 47 41 5 39 3 23 31 31 29 23 20 47 16 35 40 34 33 30 22 19 25 57 46 42 58 46 42 23 47 30 20 61 17 51 48 52 5 20 45 26 53 14 34 55 35 56 15 57 9 23 37 36 35 55 53 41 31 39 33 50 41 51 39 50 56 57 17 21 28 26 29 55 31 21 21 20 18 44 32 23 29 34 44 10 38 44 40 42 18 52 6 57 13 8 23 21 49 16 22 60 20 14 35 59 12 38 31 46 23 23 50 42 17 34 22 44 43 0 23 41 34 45 15 48 39 26 4 22 16 40 40 30 20 16 50 38 52 50 17 22 24 42 54 48 27 14 45 46 11 31 44 36 49 25 26 58 32 59 28 55 18 26 8 39 33 50 15 23 59 10 38 23 22 38 39 55 35 52 16 56 8 10 50 51 44 8 39 9 3 25 19 4 55 32 34 58 28 40 51 39 22 31 44 24 46 31 54 56 46 34 8 14 53 56 7 11 41 27 22 43 41 21 19 48 56 45 57 21 38 22 17 38 32 31 31 56 60 45 37 36 34 35 34 39 31 45 36 45 8 12 19 27 16 34 46 11 9 9 32 20 39 26 34 19 65 10 54 40 37 36 42 32 34 3 18 23 34 44 16 13 49 20 56 21 5 34 38 51 52 4 61 18 52 30 15 23 5 40 26 27 35 22 46 38 45 50 46 36 32 50 47 33 10 24 52 22 29 40 53 19 62 60 26 5 15 19 16 8 36 15 50 59 58 37 33 21 66 32 23 46 11 19 14 38 51 4 36 53 56 30 48 43 48 49 46 27 46 28 59 55 46 52 37 27 53 38
57 46 17 71 27 35 45 23 39 26 27 14 5 63 15 42 35 58 50 47 36 39 9 40 21 58 51 55 6 65 32 54 64 42 54 40 23 18 29 30 21 11 37 37 34 37 40 44 44 40 52 41 21 35 21 42 8 5 53 45 39 55 41 47 48 51 57 42 58 14 23 15 22 50 52 24 63 29 37 41 45 33 52 8 51 39 59 48 33 35 34 45 28 37 9 17 20 55 33 42 33 32 44 40 43 37 39 40 29 27 19 45 39 6 63 28 31 54 33 19 62 14 8 12 15 26 46 38 42 54 62 29 8 41 23 39 52 31 35 27 29 38 68 39 2 9 43 46 27 44 32 64 23 60 48 28 30 52 39 66 28 33 48 66 53 54 34 10 51 44 36 44 40 39 15 10 36 37 64 30 42 28 59 50 42 42 48 58 32 27 13 29 61 5 26 49 7 17 62 57 24 12 16 49 39 44 56 28 35 49 18 21 22 29 17 48 31 10 18 34 10 31 27 44 47 37 16 41 22 45 33 47 50 58 37 42 37 7 35 55 32 48 41 44 24 19 54 29 60 10 31 58 14 44 34 66 30 2 16 42 28 56 55 43 10 53 22 47 38 62 21 62 55 51 13 43 37 46 8 44 31 14 34 34 25 32 44 21 26 26 54 14 25 29 51 26 33 47 28 56 12 16 18 21 48 36 44 53 6 9 48 53 11 16 43 48 8 39 48 49 35 12 43 44 50 23 0 48 44 47 22 61 32 5 23 27 36 50 54 11 12 38 39 25 63 56 12 44 23 41 50 47 33 12 38 55 13 39 57 39 35 7 38 53 44 51 33 64 18 10 16 27 21 55 35 37 55 14 16 43 42 16 50 52 13 61 7 44 25 32 59 60 27 21 28 16 23 39 34 24 53 46 24 46 46 55 60 51 39 46 33 24 44 46 59 54 59 14 29 24 56 56 23 13 55 23 17 42 23 23 40 38 61 43 65 41 40 8 36 18 9 19 33 53 51 55 28 19 37 28 15 44 32 28 14 40 20 20 32 42 37 40 50 30 16 15 11 5 35 45 34 7 55 14 54 51 45 43 39 13 50 21 6 42 15 26 17 32 36 30 60 40 22 46 22 44 52 23 51 17 57 10 13 4 26 42 41 28 50 43 47 22 50 51 57 13 45 52 42 12 17 5 47 38 10 43 50 5 52 50 25 23 10 29 31 18 43 18 62 52 50 15 47 24 56 32 45 48 33 40 33 21 59 26 18 39 54 13 47 48 54 53 37 45 34 47 52 48 56 48 28 42 60 19
45 49 62 24 30 20 15 43 32 29 45 35 52 16 54 9 15 11 27 23 18 40 40 22 36 17 8 43 46 19 19 26 17 37 42 15 33 36 23 43 32 57 45 41 36 42 28 30 22 19 39 8 38 43 38 13 50 44 6 10 27 9 36 25 27 22 14 27 10 58 27 37 27 21 5 25 15 31 39 30 16 43 32 55 35 19 13 37 16 38 19 11 20 40 40 48 50 11 28 35 30 32 5 13 14 14 42 16 27 39 30 6 24 48 18 22 34 20 36 41 14 43 44 54 35 36 26 19 18 27 15 28 40 42 32 24 26 21 30 33 21 11 20 10 47 49 44 3 24 40 22 18 47 13 38 21 19 12 30 20 33 41 22 19 6 13 28 39 27 9 31 33 10 11 43 41 22 36 17 26 32 34 12 16 41 22 9 10 18 23 59 27 16 47 23 43 45 46 15 14 35 41 41 22 12 31 9 36 36 1 42 45 43 20 38 22 17 40 31 39 39 23 37 8 17 12 33 39 27 42 38 4 35 14 24 29 34 52 24 34 26 23 29 32 37 30 7 20 13 40 22 16 52 42 31 18 45 50 50 6 29 18 15 11 49 17 35 21 21 15 47 17 22 32 35 39 14 30 53 41 18 35 21 23 25 37 13 28 25 30 8 46 38 42 8 43 25 26 43 22 39 45 31 27 17 33 39 35 51 45 14 32 44 56 13 11 42 21 20 2 28 57 36 15 2 41 48 0 8 10 28 17 28 47 45 22 31 7 18 45 36 45 37 37 18 9 37 41 25 17 26 19 16 39 30 8 45 11 16 12 41 44 17 31 12 36 15 17 31 42 43 35 36 10 31 20 30 44 57 32 35 55 8 24 55 14 46 41 34 42 11 13 46 34 35 38 38 18 24 44 22 16 33 43 25 19 13 11 26 17 34 25 19 20 13 24 17 50 45 28 14 20 34 41 19 27 31 17 47 25 37 35 15 19 18 32 11 41 30 50 54 36 16 27 39 10 30 45 12 28 45 6 18 45 59 25 34 32 22 21 35 8 7 33 37 46 57 50 21 29 17 50 44 40 20 9 4 6 21 45 22 43 44 30 48 46 32 32 39 22 16 28 37 10 43 31 19 37 39 32 11 46 37 51 45 12 20 21 18 43 14 41 5 15 12 56 15 13 26 50 36 45 27 23 45 9 25 43 41 41 25 36 48 23 25 37 6 32 18 35 36 60 15 25 44 19 45 12 38 32 31 44 12 43 47 43 23 43 18 4 8 9 33 27 37 30 34 32 10 27 31 19 13 48
51 41 59 27 30 23 21 43 25 23 38 31 49 20 53 3 16 17 33 16 21 33 36 26 30 15 8 48 43 21 13 32 20 41 47 8 33 35 24 36 31 54 38 34 29 45 32 34 27 22 45 9 32 36 37 6 48 40 14 3 19 16 28 31 20 28 22 31 17 55 23 35 26 28 12 22 20 25 31 22 22 36 38 51 41 12 20 42 12 41 12 4 18 43 36 47 50 19 20 28 23 34 8 16 6 16 45 9 20 33 28 12 27 44 19 17 26 15 38 36 20 42 41 52 31 29 19 22 22 34 19 21 37 34 26 16 32 22 23 34 20 9 24 12 43 44 37 7 19 44 15 21 47 18 43 17 16 19 23 22 27 44 15 23 13 11 21 35 33 1 34 26 5 5 42 36 25 39 22 27 36 28 18 23 45 26 16 15 13 18 56 28 23 43 22 48 43 45 19 14 36 36 35 28 15 24 16 37 39 8 36 45 37 15 37 15 16 37 27 41 35 25 38 1 10 9 30 31 25 46 41 10 40 14 27 22 37 49 17 40 19 29 33 36 30 27 11 17 19 35 23 23 50 45 24 23 38 46 49 7 30 25 22 16 47 12 34 27 24 18 46 18 29 37 32 32 8 23 50 44 18 32 14 16 20 39 5 25 24 30 10 40 39 43 7 44 18 32 37 30 34 39 29 24 23 26 31 41 46 40 8 38 39 54 5 17 39 14 26 9 21 54 28 20 10 34 44 8 0 17 24 17 30 44 38 17 24 6 13 43 33 37 40 37 20 17 33 33 23 22 32 24 12 34 33 12 40 5 14 14 43 42 9 37 4 42 12 21 27 39 38 36 36 17 24 13 36 39 55 24 27 53 6 30 53 19 41 45 27 35 16 17 47 28 36 33 32 11 16 37 29 9 33 47 18 14 17 8 19 10 36 22 24 13 21 31 16 49 38 23 22 28 28 36 15 25 28 21 47 22 29 38 23 24 23 24 14 38 23 49 51 35 16 33 44 11 31 44 12 29 44 10 17 46 57 29 29 27 16 13 27 9 14 26 32 41 54 45 24 21 19 46 49 35 27 7 5 6 24 44 15 37 40 23 46 47 28 24 42 16 23 21 31 4 43 35 26 31 44 28 19 44 33 47 38 16 13 19 12 35 20 41 13 22 13 54 8 20 30 48 31 42 33 16 43 13 31 39 46 45 23 30 44 17 19 31 5 28 18 40 41 57 9 21 50 20 37 18 31 25 24 44 17 36 46 46 30 41 24 11 15 17 36 19 39 23 39 37 12 32 32 12 19 48
35 56 60 30 25 14 5 38 39 33 49 36 51 22 51 16 12 14 18 32 13 47 41 14 40 26 17 33 44 26 23 16 24 28 32 23 29 33 19 48 29 55 52 48 42 34 19 20 12 11 30 10 42 49 33 21 48 43 10 19 35 11 44 16 36 12 11 18 14 55 30 34 26 11 10 25 20 37 45 38 6 49 22 54 25 27 14 28 20 30 24 20 20 32 40 44 46 9 34 43 36 25 10 7 22 11 33 24 31 44 29 5 15 48 26 26 39 30 29 44 18 40 42 52 37 40 35 12 9 18 20 33 40 49 36 31 16 17 37 28 19 14 26 11 46 50 51 10 28 31 27 24 41 18 29 24 20 6 38 27 39 34 32 24 11 22 34 39 17 17 23 41 17 18 40 41 15 27 20 20 23 40 16 7 33 13 1 17 21 26 57 22 15 47 21 34 43 42 22 24 30 42 44 12 9 40 12 29 28 11 45 40 47 23 35 31 17 38 31 32 39 18 31 16 26 15 32 46 25 33 31 7 25 23 16 37 25 50 30 24 31 13 20 22 41 30 16 20 17 41 18 11 48 33 37 23 50 49 47 11 24 11 9 5 46 27 30 11 13 22 42 26 13 22 36 47 19 39 51 32 16 34 26 29 28 30 22 27 22 25 17 48 33 35 18 37 31 17 48 14 40 48 30 27 7 40 47 25 51 46 24 22 45 52 21 1 40 29 10 11 35 55 44 6 10 45 47 10 17 0 31 26 21 46 49 23 38 17 28 42 36 51 28 31 26 11 37 49 25 9 16 9 19 39 21 15 47 17 25 10 33 43 24 22 20 26 18 22 31 39 46 29 32 9 38 27 20 46 54 40 42 51 18 14 52 19 46 32 38 47 17 20 40 38 29 41 42 25 30 48 13 25 28 33 34 29 18 21 34 26 27 24 9 29 13 15 27 47 50 32 9 12 38 43 28 25 30 8 42 26 44 26 15 10 22 40 8 40 37 46 51 33 15 17 29 19 24 40 11 23 42 7 16 39 57 17 38 35 28 29 42 11 6 38 40 49 56 50 15 37 14 50 34 42 11 19 13 12 13 42 31 47 44 39 44 40 33 37 31 26 14 36 41 20 37 21 10 41 29 32 12 43 37 51 49 6 28 20 28 50 5 36 6 6 21 54 25 5 17 47 38 44 18 31 42 6 15 43 31 31 23 40 50 27 31 40 13 33 26 25 26 57 25 26 34 16 52 2 44 40 37 39 17 47 42 34 14 40 8 7 11 8 25 35 30 39 24 22 19 17 25 28 15 44
53 34 38 50 21 23 31 29 21 7 21 8 26 43 33 22 20 39 39 26 23 25 13 29 10 37 31 50 22 44 11 42 43 39 49 19 21 19 19 20 17 32 27 24 19 38 32 36 32 27 47 22 12 24 24 20 26 18 34 24 20 36 25 36 28 38 40 33 38 34 1 17 12 37 32 8 43 12 22 23 31 22 43 29 44 17 40 43 13 34 13 24 12 36 13 30 33 37 14 25 15 27 25 25 22 21 39 18 8 17 11 27 29 20 42 7 15 32 32 15 42 24 20 31 8 13 26 25 28 43 42 10 14 28 7 18 40 18 17 24 15 18 47 21 20 21 30 26 5 42 11 44 32 40 43 8 11 36 21 45 13 35 27 46 33 33 15 13 40 23 30 26 19 19 24 13 25 34 44 21 35 13 39 36 41 31 31 38 11 6 34 21 43 20 14 46 22 27 42 36 24 13 14 37 23 26 37 27 33 29 14 30 17 9 21 26 15 16 8 34 12 21 28 23 26 17 11 26 11 43 33 28 43 37 27 22 33 28 15 46 12 36 33 37 12 8 34 12 41 13 19 41 30 42 16 46 22 23 31 23 22 40 39 27 26 32 21 35 26 41 31 41 41 42 9 27 16 27 28 42 16 12 13 13 4 31 22 9 15 20 33 18 26 32 30 31 13 37 20 42 11 18 11 7 34 19 28 45 23 17 27 44 16 34 22 32 18 18 35 30 16 33 26 30 30 15 22 28 24 31 0 39 25 23 19 8 18 29 33 24 12 27 36 26 43 37 11 29 10 27 39 33 13 11 31 34 17 19 36 21 36 21 17 43 22 45 14 44 6 19 16 26 22 36 17 16 44 16 35 25 25 33 29 40 32 41 18 42 10 21 39 40 34 8 27 11 13 17 14 19 40 25 21 44 25 34 40 30 20 24 30 9 32 25 41 41 38 29 22 4 39 42 9 13 34 13 10 28 32 6 24 34 43 31 45 23 23 17 18 32 30 20 17 42 45 34 23 28 20 21 27 26 16 34 35 31 8 4 11 21 21 21 32 14 10 19 32 23 24 26 19 23 51 12 40 30 25 23 27 25 29 17 17 24 28 33 6 14 35 8 42 20 11 25 28 37 38 12 46 7 39 24 10 25 20 26 20 12 29 30 32 27 31 36 36 33 24 36 32 28 8 21 37 17 23 26 38 17 48 46 12 11 21 8 11 9 23 5 41 44 44 36 25 6 52 18 31 31 19 22 15 29 39 18 28 40 41 23 33 29 35 35 32 25 33 28 44 40 35 38 23 21 41 30
60 49 76 13 45 36 31 59 34 37 50 47 65 9 69 19 31 15 42 22 34 42 52 39 45 4 10 58 60 6 29 39 7 53 56 21 49 51 39 48 47 71 48 44 40 58 44 46 38 35 54 23 47 46 53 20 64 56 17 16 29 16 37 41 24 35 23 43 14 72 39 51 42 35 16 38 12 38 41 31 32 47 46 68 50 24 17 53 28 54 28 16 35 56 52 63 66 21 33 36 35 48 20 29 19 30 58 22 35 45 44 23 40 59 3 33 39 13 52 50 13 58 58 68 47 43 25 35 34 41 11 35 53 43 41 27 40 37 34 49 36 25 12 26 59 60 45 18 35 55 30 8 62 12 54 33 32 24 32 7 40 58 20 12 16 7 33 51 41 18 47 33 21 22 58 52 38 52 14 42 48 41 14 30 58 38 25 10 30 34 72 43 20 59 38 59 59 61 8 4 51 52 50 36 28 31 15 52 52 16 51 61 51 32 53 20 32 53 44 55 51 39 53 18 16 25 46 40 41 57 55 20 50 4 40 30 50 66 29 48 32 38 45 48 44 43 10 34 13 51 38 25 66 58 35 13 50 62 65 21 45 29 26 28 63 11 50 36 37 7 62 2 34 46 48 40 25 28 66 57 34 48 28 29 36 53 18 41 40 46 10 55 54 58 11 59 31 42 49 35 50 54 45 40 32 36 38 50 62 56 14 47 55 70 18 26 55 26 35 16 32 71 36 30 17 48 61 17 17 26 39 0 44 61 52 34 35 12 10 60 49 47 53 53 4 18 49 40 39 34 40 34 28 50 46 11 55 22 5 28 57 58 24 46 18 51 29 11 44 55 53 51 51 19 35 26 43 54 72 32 35 69 11 38 69 10 57 56 41 46 11 8 62 43 51 49 46 24 30 51 35 17 48 59 24 11 10 10 28 18 51 39 35 19 19 37 4 65 50 38 24 32 42 52 10 41 45 33 63 38 38 51 20 34 13 33 27 54 34 65 67 51 31 41 54 8 46 60 27 44 61 22 33 62 73 42 44 43 30 23 37 23 21 38 48 56 71 61 37 28 33 62 59 50 33 10 18 20 37 60 17 51 56 31 62 62 44 37 55 32 21 30 45 15 58 47 33 45 54 44 18 60 49 63 51 28 23 35 15 42 30 57 20 29 5 70 17 26 42 65 46 59 43 27 59 25 39 56 56 56 39 44 59 33 33 47 19 44 2 49 51 74 16 37 59 35 45 27 42 34 36 60 11 49 62 59 36 58 33 20 16 20 49 26 53 28 48 47 7 42 47 22 16 64
29 58 41 50 5 8 17 17 43 30 44 26 34 43 31 27 14 35 19 42 10 48 28 9 34 43 34 27 27 46 26 23 44 15 25 31 10 15 7 45 12 37 51 48 42 16 10 13 13 11 23 22 35 48 13 31 30 29 30 31 39 32 47 16 45 21 31 10 35 36 24 17 14 20 30 17 41 35 46 43 17 47 21 37 21 33 35 19 23 12 27 33 15 14 27 24 25 30 35 47 37 4 24 16 33 15 16 31 30 41 16 22 8 35 45 24 39 44 10 37 39 21 25 33 27 37 44 10 13 23 40 32 26 51 31 36 21 9 39 7 12 22 46 19 30 37 53 26 25 18 29 44 20 38 19 22 18 26 42 47 37 15 42 44 30 39 36 26 20 29 6 47 27 27 20 30 7 11 41 4 12 37 36 22 17 12 22 37 22 23 38 4 36 33 12 22 26 22 42 41 10 31 35 19 16 46 33 9 10 29 36 20 40 22 16 41 15 23 20 13 26 6 10 29 38 22 19 49 14 19 11 25 20 41 6 43 9 33 34 24 32 17 10 13 36 19 34 16 38 29 8 30 29 19 39 44 46 34 27 24 4 28 27 17 27 42 11 17 9 42 21 44 25 20 24 50 25 46 33 18 13 20 30 32 24 10 33 16 10 6 35 37 12 14 34 16 33 16 44 26 29 38 17 18 19 42 50 22 37 33 37 22 34 33 32 22 24 35 18 29 37 37 48 17 28 39 32 28 30 21 25 44 0 29 42 21 40 33 43 24 22 51 12 10 45 32 25 52 15 13 19 17 21 28 7 35 36 26 42 17 15 26 31 22 32 21 20 43 21 23 36 8 12 30 39 32 24 36 34 45 47 31 34 21 33 40 33 18 34 45 37 40 19 32 8 32 36 32 33 42 23 37 9 20 42 44 39 37 39 37 8 16 15 39 34 24 44 27 45 27 29 27 33 32 44 13 18 14 21 19 47 10 35 14 43 44 17 25 40 25 33 14 15 22 22 37 4 20 18 5 22 23 14 18 38 9 31 28 30 37 44 22 26 37 31 39 38 36 7 45 11 37 27 32 24 35 27 25 10 23 43 39 31 44 24 19 23 38 13 26 34 41 35 32 17 13 22 35 22 22 33 25 26 36 44 17 36 14 41 53 19 15 26 23 39 35 36 25 11 28 29 28 15 35 24 20 19 29 24 22 13 35 37 27 32 32 26 24 45 21 20 39 37 20 28 11 55 21 43 44 38 19 38 42 22 17 24 21 18 26 31 29 8 43 11 46 21 17 37 17 5 36 36 23
53 49 15 71 24 33 44 19 41 28 31 15 6 63 12 42 34 57 47 48 34 42 12 37 24 58 51 51 2 65 33 51 63 39 50 41 20 15 27 33 18 10 40 40 37 33 38 41 41 37 49 40 24 38 18 42 4 6 52 45 41 54 44 44 50 49 56 39 57 12 23 12 21 48 51 23 62 31 40 43 43 36 49 9 48 40 58 45 33 31 35 45 28 33 11 13 15 54 35 45 35 28 43 39 44 35 35 40 30 31 18 44 36 10 63 29 34 55 30 22 61 10 5 9 17 29 48 36 40 51 62 31 9 45 25 40 49 29 37 23 27 37 67 38 5 13 46 45 28 41 33 64 19 60 44 28 29 51 41 66 31 29 50 66 52 55 36 11 48 44 32 46 40 40 11 12 34 34 63 27 39 31 58 49 38 40 46 57 32 27 12 26 60 9 25 45 3 13 62 57 21 15 20 47 38 46 55 25 32 48 21 17 25 30 13 49 30 8 18 31 12 29 24 44 48 37 15 43 21 41 29 46 47 58 34 44 34 5 37 51 33 45 38 41 26 18 54 28 60 13 29 56 10 40 36 65 33 6 12 42 25 54 53 41 6 54 19 45 36 61 17 62 52 48 14 45 37 48 6 40 30 13 35 35 26 28 44 20 24 23 54 18 21 25 51 22 35 44 31 53 15 20 17 21 46 39 47 50 10 12 49 50 14 12 44 47 6 40 46 49 37 10 46 43 49 26 5 47 44 46 23 61 29 0 27 28 38 50 55 7 12 41 35 22 63 55 13 47 23 39 47 44 33 14 35 54 17 39 58 37 31 4 39 50 44 48 33 64 18 7 19 24 17 53 37 39 52 17 13 45 45 13 50 50 10 61 10 41 28 35 58 60 23 24 25 18 26 39 36 27 51 47 21 42 47 56 59 52 41 47 30 23 42 47 58 52 60 9 33 25 54 54 26 16 56 22 17 40 18 23 43 35 60 41 65 43 39 7 38 14 7 16 32 50 47 55 26 14 36 25 11 44 31 24 13 37 23 21 34 43 40 40 49 33 19 19 10 10 33 47 32 11 52 17 52 51 44 42 37 9 51 24 9 44 10 22 17 34 33 31 59 42 24 46 18 40 50 25 48 17 56 6 14 8 30 40 43 27 51 47 45 19 49 49 57 11 46 50 39 8 19 3 44 39 6 42 47 7 48 46 24 26 14 30 32 21 43 18 62 49 47 14 48 24 53 30 48 46 36 42 35 17 59 29 13 36 52 9 45 47 54 52 34 47 30 49 49 44 56 45 25 43 59 15
70 24 38 64 38 42 49 42 21 17 4 18 27 57 38 37 38 55 58 33 41 18 17 48 10 48 45 68 27 58 27 61 57 56 67 32 36 32 37 8 33 33 14 15 15 54 51 54 51 45 65 39 8 13 37 34 31 21 51 38 24 53 22 55 33 57 58 51 54 36 20 29 29 56 49 26 58 14 16 25 50 11 61 27 62 28 57 61 29 50 27 37 31 52 19 39 41 55 19 23 18 44 42 43 34 39 55 31 19 8 27 45 47 18 55 24 14 42 48 6 58 33 27 34 15 10 31 44 47 61 57 18 21 20 14 26 59 37 19 40 33 35 62 39 22 15 21 43 22 59 24 58 43 56 61 26 30 54 22 58 13 50 35 61 50 46 20 19 59 37 48 25 35 34 35 16 44 51 60 39 53 12 55 54 57 49 49 53 29 24 33 39 60 19 32 64 28 37 56 48 39 14 8 55 41 27 53 43 50 45 7 41 3 27 33 34 33 25 23 50 18 39 43 38 36 34 25 20 29 60 49 46 61 50 45 25 50 30 23 65 20 55 51 55 9 24 49 30 57 16 37 59 36 59 18 61 7 23 38 40 39 59 57 45 32 43 36 53 45 55 41 54 60 61 20 22 32 29 30 58 35 24 25 24 22 47 35 26 33 37 48 10 41 47 44 44 22 55 6 61 15 8 26 25 52 18 23 64 19 15 39 62 13 38 35 50 25 27 54 46 20 34 24 48 47 4 23 45 38 49 19 52 42 27 0 26 19 44 43 32 22 16 53 41 56 54 20 23 28 46 57 52 31 16 49 50 11 35 48 40 51 27 30 62 36 63 32 59 22 27 8 42 36 54 18 27 63 10 38 25 24 39 43 58 35 56 17 59 12 10 54 55 46 12 42 11 7 29 23 2 59 36 37 61 31 44 55 43 25 35 47 27 50 34 58 60 50 36 6 18 57 60 11 12 44 30 25 47 43 25 20 52 60 49 60 23 42 24 20 40 32 34 35 60 63 49 40 38 38 38 36 43 34 47 36 49 12 15 23 30 18 38 50 14 12 8 31 20 42 29 38 18 69 12 58 44 41 40 46 33 37 3 19 25 36 46 19 16 52 24 60 24 9 38 40 55 56 8 64 21 56 31 17 23 3 44 30 31 39 22 50 40 49 54 50 36 35 54 51 34 14 25 56 25 30 44 57 20 65 63 30 9 14 23 20 11 40 19 53 63 62 37 37 25 70 36 23 50 13 22 17 40 55 4 38 56 60 32 52 47 52 53 50 30 49 30 62 58 50 56 40 30 57 40
48 38 43 44 19 18 24 29 22 11 27 14 32 36 36 15 13 32 34 24 17 28 19 24 17 31 25 46 26 38 7 36 37 35 44 14 20 20 14 26 16 37 31 28 22 35 27 31 26 21 42 15 19 29 23 15 31 23 27 18 19 29 27 31 27 32 33 28 31 39 7 19 10 31 26 6 36 15 26 23 24 27 37 34 39 15 33 39 6 31 9 19 6 34 19 32 34 30 15 27 17 24 18 18 17 14 36 14 10 22 12 20 23 27 36 4 19 28 29 21 35 26 24 35 14 18 25 19 22 36 35 12 20 31 13 17 34 13 19 22 10 11 41 14 26 28 33 19 5 38 9 38 33 34 39 1 5 29 22 39 17 33 25 40 26 28 16 18 34 17 26 26 13 13 26 20 20 31 38 17 31 18 33 29 38 25 24 31 5 3 39 17 36 26 9 43 26 29 35 30 23 20 21 30 16 26 30 25 30 22 22 31 24 3 22 24 8 20 10 32 18 16 26 17 22 10 13 28 9 39 31 21 38 31 22 23 29 33 14 40 12 30 28 32 18 10 27 5 34 19 14 34 34 39 18 39 28 29 33 16 19 34 32 20 30 27 21 28 21 35 32 35 34 37 15 30 10 26 33 38 10 15 11 12 5 28 17 9 11 18 27 25 26 31 24 31 13 31 26 35 18 25 12 7 27 22 30 40 30 24 22 38 23 38 17 24 22 16 29 23 17 38 28 23 23 22 27 22 17 23 8 34 21 28 26 0 20 23 28 27 16 31 32 25 37 30 16 31 7 21 33 27 6 17 27 28 24 13 30 15 34 25 13 38 17 40 7 37 10 22 23 24 21 29 19 13 38 23 39 25 26 37 23 33 36 35 25 39 16 26 32 34 34 15 25 18 19 14 13 25 33 21 20 41 24 29 33 25 19 20 27 6 25 22 34 35 33 32 27 9 32 35 15 20 30 11 12 22 33 5 26 31 36 24 39 24 17 21 19 34 34 21 10 35 41 28 20 29 12 18 29 19 9 34 40 25 15 12 10 19 23 14 25 18 17 26 37 29 18 25 13 29 46 19 33 24 18 16 22 27 26 24 24 24 30 34 11 17 33 6 35 21 18 19 29 32 31 18 42 11 32 27 16 30 26 19 18 7 25 33 25 27 24 29 30 37 20 28 27 32 15 25 32 16 26 19 32 23 43 42 9 17 27 6 11 17 17 11 35 39 39 40 21 4 47 12 35 25 23 23 18 30 33 25 30 37 35 25 26 22 28 28 29 24 30 27 39 35 29 32 21 18 34 32
67 19 52 47 38 37 40 47 3 12 17 24 40 41 49 23 31 41 52 14 35 9 27 42 15 31 29 65 38 41 16 53 40 54 63 17 38 36 34 13 34 46 15 11 6 55 47 50 45 39 61 28 16 12 41 19 42 32 37 23 6 39 7 49 15 49 45 46 40 49 18 34 29 48 35 24 43 8 8 6 41 13 56 42 58 13 43 58 20 51 15 22 25 53 28 47 50 42 5 8 4 44 29 34 19 31 56 16 10 12 29 33 42 32 38 16 5 24 48 19 42 41 37 46 22 11 13 37 40 54 42 9 30 12 14 8 52 33 2 41 29 25 45 29 34 31 14 30 15 57 13 41 49 40 58 19 23 42 4 41 8 52 17 45 36 29 5 28 52 23 46 9 22 21 42 26 39 50 45 37 50 9 41 44 57 43 38 37 20 18 48 37 46 32 29 62 38 45 40 31 41 25 21 47 32 9 39 44 49 31 20 47 18 19 38 16 27 32 25 51 27 35 45 24 19 24 28 9 28 59 50 33 57 33 41 7 49 42 8 59 8 48 47 51 13 25 34 25 42 26 33 46 47 58 2 45 15 36 47 27 38 48 45 35 43 25 38 46 39 39 48 37 50 55 25 10 20 11 43 57 29 29 12 10 17 47 20 26 31 37 32 25 44 50 28 48 8 49 15 51 24 24 28 24 44 3 11 59 35 28 22 57 26 50 20 39 34 11 46 32 4 47 9 40 33 16 36 31 24 38 18 35 40 38 19 20 0 29 25 40 29 14 52 43 39 40 27 12 26 39 50 44 21 25 46 35 26 22 31 31 53 37 15 56 21 58 23 43 24 35 22 43 39 41 1 12 56 24 50 8 8 50 27 50 47 41 30 58 11 12 38 39 51 15 43 20 14 14 9 18 50 19 38 60 13 26 40 27 7 18 47 25 43 16 44 52 32 46 16 15 44 50 13 24 26 29 27 39 49 22 7 50 46 42 45 6 32 33 1 49 44 38 28 53 60 33 39 45 29 37 44 32 28 51 49 44 16 17 11 13 4 27 37 6 20 25 46 34 37 10 32 34 66 23 49 28 27 27 40 42 19 19 31 7 45 51 23 5 52 15 46 5 15 23 46 51 47 14 61 24 42 41 25 37 17 35 13 26 21 13 41 45 36 44 34 48 19 43 46 45 20 36 50 9 40 33 50 31 62 61 28 13 30 14 9 18 27 22 36 58 58 50 20 22 66 31 15 39 8 4 3 46 39 15 46 56 51 40 43 34 38 40 48 11 49 12 57 54 34 50 40 14 43 48
51 45 65 21 34 26 21 48 29 28 43 37 54 14 58 8 20 13 34 18 24 37 42 29 36 11 2 49 49 15 19 32 14 43 48 13 38 40 28 41 36 60 43 39 33 48 34 36 28 25 46 12 38 41 42 11 53 46 10 7 24 12 32 32 22 28 19 33 12 61 29 40 31 27 8 27 15 30 36 26 22 41 38 57 42 17 15 44 18 44 18 7 24 46 42 52 55 15 26 32 28 37 10 18 10 19 48 14 26 38 33 13 30 49 13 23 32 14 42 41 15 47 47 57 37 34 22 25 24 34 14 26 42 38 32 21 32 26 27 38 25 14 18 15 49 50 41 7 25 46 21 15 51 13 44 23 21 18 27 16 32 47 17 18 9 6 26 41 33 7 37 29 10 11 47 42 28 42 17 31 38 33 13 22 48 28 16 10 19 24 61 32 18 48 27 49 48 50 13 9 40 42 41 28 18 27 11 41 42 6 42 50 42 21 42 17 21 42 33 45 40 28 42 7 12 14 35 35 30 48 44 10 41 9 30 25 40 55 22 40 24 29 35 38 36 32 5 23 13 41 27 20 55 48 29 17 43 52 54 10 34 23 20 18 52 11 39 27 26 12 51 13 28 38 37 36 14 26 56 47 22 37 19 21 26 42 9 30 29 35 5 46 43 47 1 48 23 33 42 28 40 45 34 29 23 31 35 41 52 46 9 39 45 59 10 17 44 18 26 6 26 60 32 21 8 40 50 7 6 17 29 12 33 50 44 23 29 0 12 49 39 42 42 42 14 13 39 37 28 24 32 25 17 40 35 6 46 11 10 17 47 47 15 38 9 43 18 15 33 45 43 40 40 14 28 18 36 44 60 28 31 58 2 30 58 13 47 47 33 40 11 11 51 34 40 39 37 16 22 43 28 11 37 49 20 13 12 5 23 12 40 28 25 15 17 30 12 54 43 29 19 26 33 42 12 30 34 23 52 27 33 40 19 25 17 28 17 44 28 54 56 40 20 33 45 5 35 49 16 33 49 12 22 50 62 32 35 33 21 17 32 12 13 31 38 47 60 51 27 24 22 52 50 41 26 3 7 9 27 49 16 43 46 26 51 51 34 30 45 22 19 25 37 6 47 37 25 36 45 34 15 49 38 53 43 18 17 24 13 39 21 46 11 22 8 60 11 19 32 54 36 48 34 20 48 15 31 45 47 47 28 35 49 23 24 37 8 33 13 41 42 63 10 27 50 24 41 18 36 29 29 49 12 41 51 49 29 47 24 10 11 14 39 22 43 25 40 38 6 33 36 16 15 52
63 39 70 23 43 36 32 56 24 29 41 40 59 18 64 16 29 22 45 12 34 32 45 39 37 6 11 60 54 16 22 43 17 53 59 14 46 47 37 38 43 65 38 34 30 58 44 47 39 35 57 22 38 37 50 13 58 50 21 12 20 22 27 43 14 39 29 43 20 66 32 46 37 39 19 33 21 29 31 21 33 37 49 61 53 16 24 55 23 54 21 11 31 56 45 59 62 26 24 26 26 47 20 29 12 29 58 15 27 36 39 24 40 52 13 27 30 3 51 42 22 53 52 63 40 34 15 35 34 45 20 27 47 33 33 18 43 35 25 47 33 22 22 25 53 52 35 18 28 56 23 18 59 20 55 27 28 29 22 17 31 57 10 22 20 7 24 45 44 14 47 23 17 17 54 45 38 52 23 40 48 32 21 34 58 39 27 17 24 28 66 41 27 52 34 60 53 57 17 8 48 44 42 39 28 21 21 50 52 17 43 58 42 26 49 10 29 48 38 54 44 38 51 14 8 22 41 30 37 58 54 21 52 10 40 20 50 60 20 51 24 40 45 49 36 38 15 30 21 45 36 31 61 58 26 22 40 55 61 20 43 34 31 28 58 1 47 38 37 16 59 12 39 49 42 30 19 18 60 57 31 43 20 21 29 52 11 36 36 43 13 47 51 56 11 56 23 44 40 39 43 46 40 35 35 27 28 52 55 49 7 50 47 65 12 28 49 17 38 17 23 65 26 32 19 40 54 18 13 28 33 10 43 55 43 28 25 12 0 55 44 37 53 50 14 23 43 30 35 34 43 36 24 43 46 15 47 18 7 27 56 52 16 49 12 54 24 20 38 50 45 49 48 25 26 17 47 46 66 22 25 64 10 41 64 19 50 57 33 37 18 17 59 35 49 41 37 16 21 42 39 8 45 60 14 1 18 7 19 9 49 34 36 9 26 41 8 60 40 31 30 37 34 44 2 37 39 33 59 33 28 51 28 36 22 23 27 49 24 61 62 48 29 44 56 12 44 56 25 42 56 22 30 59 67 42 36 35 22 14 27 22 24 29 40 48 64 54 37 18 32 54 61 43 37 9 17 19 37 55 7 42 50 21 58 60 38 28 55 25 28 20 37 11 55 48 36 36 56 38 25 55 42 57 42 28 14 32 5 32 32 54 22 33 12 65 9 30 42 60 39 53 45 19 54 25 42 49 58 58 35 35 51 25 25 39 18 37 12 52 53 68 8 32 62 33 35 29 32 24 26 57 19 40 58 59 40 53 35 22 21 25 49 16 52 18 51 49 13 44 45 13 24 60
46 54 18 69 19 29 39 13 43 30 35 18 12 61 10 41 31 54 41 49 30 45 15 32 27 57 50 45 5 63 33 46 62 33 44 41 14 10 24 37 14 14 45 44 40 27 32 35 37 33 43 38 27 42 12 42 7 11 49 44 43 51 47 39 51 44 52 33 54 14 24 9 18 43 49 22 60 34 43 46 39 40 43 15 41 40 55 39 32 25 35 45 25 26 14 7 10 50 37 48 38 23 41 35 43 32 29 40 32 35 16 41 31 17 61 29 37 55 24 26 58 3 5 10 20 32 49 31 35 46 59 33 12 48 28 41 44 25 40 18 25 35 65 35 11 20 50 43 28 34 34 62 13 57 38 28 28 47 44 64 34 23 50 63 49 53 38 14 42 43 27 49 39 39 5 17 29 28 61 23 33 34 56 44 32 35 43 55 31 27 15 22 57 15 22 39 5 6 60 56 15 19 24 42 35 49 52 18 26 46 26 10 30 29 8 50 28 8 17 24 15 25 18 42 48 35 14 47 19 34 23 44 40 57 29 46 27 10 38 46 35 40 32 35 30 18 52 26 57 16 25 52 7 33 38 63 38 13 7 40 20 50 49 38 4 54 13 40 31 59 10 61 48 42 15 49 36 50 11 33 27 13 36 36 26 22 44 19 21 18 52 24 15 19 49 15 36 38 36 49 18 25 15 20 42 42 50 44 17 18 48 44 19 11 43 43 8 41 41 47 39 13 49 39 46 30 11 45 43 42 24 60 24 7 32 27 40 49 55 0 13 45 29 15 62 52 15 50 21 34 42 40 32 17 29 52 22 38 57 34 25 5 39 44 43 42 32 61 18 5 24 18 12 50 39 39 46 22 13 48 48 10 49 44 10 58 16 34 31 39 56 58 16 27 19 22 29 40 37 32 46 47 15 36 49 56 57 51 43 47 23 22 38 48 55 47 59 6 37 27 50 50 29 20 56 19 16 36 12 22 46 29 56 37 62 46 36 9 41 9 10 10 29 45 41 53 20 8 34 20 5 41 28 17 15 32 26 23 34 44 43 37 46 36 22 25 15 16 29 49 29 18 45 21 47 50 43 40 32 2 52 29 14 47 5 15 19 37 26 31 56 44 28 45 11 35 45 29 42 18 53 1 17 15 35 37 43 25 51 50 41 12 46 45 55 12 46 46 33 5 22 8 38 40 2 39 42 12 42 40 21 29 20 31 34 24 41 20 61 43 41 16 48 23 46 27 52 42 39 44 37 10 56 34 7 29 47 3 40 44 51 49 28 48 24 51 43 39 54 39 19 44 56 9
49 43 27 59 17 25 34 20 32 18 25 6 16 52 21 31 24 46 40 37 25 34 7 30 16 47 40 48 11 54 22 43 52 35 46 30 14 10 19 27 11 22 34 32 28 32 31 34 33 29 45 29 17 31 15 31 15 8 41 34 31 44 35 37 40 41 46 32 46 23 12 7 11 40 40 12 51 22 32 34 34 30 42 19 42 29 48 40 22 29 23 34 17 30 6 19 22 43 25 36 25 23 32 29 32 25 33 29 20 24 8 33 29 14 51 17 25 43 27 17 50 13 9 20 8 20 37 27 31 44 50 21 5 37 16 29 42 20 27 19 17 26 56 27 11 16 38 34 17 37 22 53 22 49 40 17 18 41 32 54 22 28 39 55 41 43 26 5 41 32 27 36 29 28 14 8 25 30 52 20 33 22 47 39 36 31 36 46 20 16 23 19 50 12 15 42 10 17 51 46 17 10 15 39 27 37 44 21 28 37 16 20 20 18 11 38 20 5 6 28 5 20 21 32 37 25 5 35 11 38 27 35 41 47 27 34 29 17 26 45 23 37 31 35 19 7 42 17 49 7 20 46 19 37 27 54 28 14 20 30 18 45 44 31 15 43 14 37 28 50 20 51 44 41 4 37 25 38 18 37 20 2 24 25 15 25 33 9 15 16 42 16 19 25 39 22 24 37 26 45 8 17 7 10 37 30 38 44 16 12 37 43 12 23 32 37 6 29 38 38 27 22 37 33 38 20 12 36 33 36 12 49 22 12 22 16 29 39 44 13 0 35 31 19 52 44 3 38 12 30 40 36 22 7 29 43 15 28 46 27 30 9 28 43 33 43 22 53 6 8 15 20 14 43 28 27 45 14 23 36 36 22 39 42 21 50 11 38 19 28 47 49 25 15 21 12 18 28 25 23 43 36 15 40 37 44 48 40 31 35 26 12 34 36 47 44 48 18 27 15 44 45 17 11 45 12 6 31 22 12 34 30 49 33 54 33 29 5 28 21 19 12 22 43 43 44 19 17 26 18 16 33 20 25 24 30 14 12 23 32 31 29 39 24 11 17 22 15 25 37 22 16 48 11 43 39 33 31 29 13 40 20 10 35 16 24 7 25 30 19 49 32 17 35 19 35 41 18 44 6 46 13 5 16 25 30 32 16 40 39 35 19 38 40 46 22 35 40 32 17 10 10 37 28 12 31 40 8 44 43 13 18 16 19 22 13 32 8 51 43 42 25 36 13 49 20 40 36 28 33 26 19 48 24 18 34 44 12 36 36 43 42 29 36 27 39 43 39 44 38 19 32 48 20
78 9 53 59 47 48 53 54 13 21 12 29 42 54 52 37 43 54 64 26 47 6 31 54 19 43 43 76 41 53 29 65 53 65 75 30 47 44 44 9 43 47 2 4 9 64 58 62 57 51 73 41 19 4 49 32 45 35 51 36 19 52 11 61 25 61 58 58 53 51 27 41 38 60 48 34 56 16 7 17 54 6 68 43 70 26 56 69 32 60 28 35 37 63 32 52 55 55 18 12 16 54 43 47 32 44 65 29 21 11 37 46 54 33 50 28 13 35 58 20 56 46 41 49 27 15 23 49 52 66 55 20 34 6 20 22 64 44 15 50 40 38 58 42 37 31 6 43 26 68 25 54 56 54 69 30 35 55 15 53 15 61 28 58 49 42 18 32 64 36 56 15 35 34 48 29 50 61 58 47 61 14 54 57 67 55 51 51 32 29 49 47 59 34 39 73 42 50 53 44 50 27 22 60 45 17 52 54 59 44 21 54 17 31 45 28 39 38 33 60 31 47 54 37 32 37 35 8 37 69 59 46 69 46 52 18 59 45 21 71 21 60 59 63 16 34 47 36 55 30 44 60 51 69 14 58 9 38 52 41 48 61 58 48 47 37 47 58 51 52 54 49 63 67 31 9 33 19 45 68 40 35 25 23 27 57 33 35 41 47 46 24 52 58 42 56 21 62 10 64 28 22 37 33 56 12 10 70 35 30 34 69 28 53 33 52 38 24 59 45 17 49 13 52 47 16 38 45 37 51 27 47 51 41 16 31 14 42 37 45 35 0 62 52 51 53 32 9 36 51 63 56 34 29 57 48 26 35 43 43 62 41 28 68 34 70 35 56 32 41 23 52 47 54 14 25 68 25 53 16 13 53 41 63 50 54 32 68 17 7 52 51 59 20 53 24 17 27 22 14 63 31 47 71 24 37 53 39 20 30 57 35 55 29 57 64 44 50 10 24 58 63 19 26 38 39 35 52 56 32 10 61 59 54 57 15 45 37 15 54 47 45 40 65 71 46 49 51 41 47 49 45 40 59 50 56 21 24 24 26 11 40 50 14 24 24 47 34 49 20 44 34 77 25 62 41 41 40 52 47 30 18 33 17 50 58 30 14 62 27 60 17 18 36 53 62 60 17 72 31 55 45 30 37 13 47 26 37 33 8 54 52 49 57 47 51 32 56 58 49 25 39 62 22 44 46 62 34 73 72 38 17 30 26 21 22 40 29 48 70 69 51 32 32 78 43 8 52 8 14 15 53 53 13 51 66 64 45 56 47 51 53 58 22 59 21 69 65 47 62 50 27 56 53
19 70 44 57 15 18 23 18 54 42 55 36 40 50 34 38 24 41 17 53 20 60 38 15 44 53 44 17 33 54 37 22 52 4 16 42 17 22 19 56 21 42 62 59 54 6 10 10 17 19 15 32 46 59 18 42 35 37 37 42 51 39 58 15 56 23 36 11 42 40 35 26 25 22 38 29 48 47 58 55 22 58 16 43 14 45 41 10 34 5 39 43 27 5 36 26 26 36 47 59 49 9 34 24 44 25 6 43 42 52 26 31 14 43 53 36 50 54 6 47 46 26 31 37 38 48 55 19 20 21 47 44 35 63 42 48 20 20 50 13 23 32 53 29 38 45 65 35 37 6 40 52 20 45 10 33 30 32 53 55 48 9 53 51 38 48 48 35 18 40 7 58 37 38 25 39 16 2 47 16 7 49 43 26 6 16 29 44 34 34 43 15 41 41 24 11 32 25 50 51 15 41 45 21 26 57 40 11 4 38 47 21 50 34 22 52 26 31 30 6 36 17 12 39 49 33 29 60 25 8 7 34 13 50 14 54 4 38 46 19 44 19 9 8 47 30 43 28 44 38 19 34 32 7 50 50 57 41 29 34 15 31 32 26 32 52 18 20 16 50 22 53 26 15 34 62 36 57 39 6 24 30 42 43 35 8 43 27 22 16 44 47 15 12 43 16 44 15 55 27 39 48 27 29 23 54 62 16 44 42 47 17 43 35 42 28 32 46 21 38 49 41 60 23 37 50 39 37 40 28 36 53 12 35 53 32 52 42 53 29 31 62 0 14 53 38 34 63 27 20 18 21 33 38 7 43 46 36 52 27 7 32 42 17 42 14 32 50 32 30 46 12 19 36 51 44 21 45 37 57 58 33 44 22 37 47 41 7 46 56 45 48 17 43 11 42 47 43 45 53 25 48 17 9 54 54 46 47 51 48 6 28 19 50 39 24 54 31 56 39 34 29 44 42 54 24 28 21 21 30 58 2 40 19 49 56 27 32 51 27 37 21 26 20 13 46 13 23 28 15 25 32 25 16 42 12 42 39 42 48 55 32 33 49 41 48 42 43 17 56 22 44 17 42 26 45 37 35 17 28 54 50 39 56 28 18 34 49 4 38 39 52 46 43 19 9 25 47 14 33 39 30 36 42 55 26 47 26 51 64 25 17 34 27 48 38 47 30 12 32 40 34 14 47 30 29 19 37 14 12 25 46 46 38 43 43 36 35 54 15 13 42 47 31 18 22 66 27 54 55 49 21 45 53 25 7 25 27 22 34 39 35 5 54 5 58 15 12 46 15 13 47 42 25
32 60 32 60 8 18 27 7 46 32 44 24 27 52 22 35 22 44 27 48 19 50 25 19 33 51 43 30 20 55 31 32 53 18 29 38 6 9 14 45 9 29 52 49 44 13 18 20 23 21 28 30 35 49 5 38 22 23 40 39 44 42 50 24 51 31 41 19 45 27 26 13 15 30 39 20 50 37 48 47 27 47 28 30 26 39 45 24 28 10 33 40 20 12 24 14 15 40 38 50 40 8 33 25 40 23 15 37 33 41 15 31 18 30 54 28 41 51 9 35 49 12 18 24 26 37 49 20 23 31 50 35 22 53 32 41 30 16 42 4 18 29 56 27 25 32 55 35 29 19 33 54 10 48 23 26 23 36 45 56 38 10 49 54 40 47 39 23 28 37 12 50 34 34 12 26 17 13 51 12 18 39 46 32 17 21 32 46 28 26 30 10 46 27 16 24 19 12 51 50 3 28 33 28 25 50 42 3 11 38 34 10 39 27 9 48 22 17 19 10 23 14 3 36 45 29 17 51 16 20 9 34 25 50 16 47 12 25 38 31 36 26 17 20 36 19 43 21 47 25 15 40 19 19 41 53 46 27 17 32 8 38 37 27 19 49 5 27 19 51 11 53 34 27 22 53 32 51 26 19 20 17 35 36 27 7 40 18 14 8 44 34 2 7 43 7 37 24 44 35 27 35 16 20 29 45 53 29 31 29 44 29 30 23 39 32 19 40 28 38 40 28 51 27 38 38 25 37 37 31 26 53 10 22 41 25 43 42 50 15 19 52 14 0 54 41 22 54 18 22 27 27 28 25 14 44 33 33 50 26 11 19 37 29 39 27 27 52 21 16 34 3 5 40 42 38 32 33 25 49 50 22 42 30 24 49 28 20 35 46 47 49 10 32 4 30 36 38 37 41 33 44 6 22 48 51 48 45 43 44 8 19 25 45 44 33 53 18 45 29 39 37 34 30 51 15 17 24 11 21 49 14 45 24 52 48 26 19 43 16 25 8 22 30 26 46 8 10 26 9 13 32 21 10 29 17 31 28 34 43 46 30 36 39 29 36 30 30 17 49 20 31 31 30 34 43 35 33 20 15 50 38 26 48 15 10 23 40 12 30 44 45 35 40 7 20 32 35 27 21 43 16 24 29 43 27 42 19 48 55 29 5 36 32 48 25 43 34 19 19 28 21 24 40 17 29 28 24 27 25 17 35 33 30 35 31 34 24 54 28 26 30 44 22 32 18 57 31 44 47 40 9 47 42 13 15 33 14 28 35 41 38 13 48 9 51 28 24 46 25 6 42 45 14
59 53 78 9 47 37 31 60 38 41 54 50 68 5 71 22 33 14 42 26 36 46 55 39 48 8 13 57 62 2 32 38 3 53 56 25 51 53 41 51 49 73 52 48 44 59 44 46 38 35 54 25 50 50 55 23 66 59 17 19 33 16 41 40 28 35 21 43 13 74 42 53 44 35 16 41 9 42 45 35 32 51 46 71 50 28 15 53 31 55 31 19 37 57 55 65 68 20 37 40 38 49 22 30 22 31 58 26 38 49 47 24 40 63 1 36 43 17 53 54 11 60 60 71 50 46 29 36 34 40 9 39 56 47 44 31 39 39 38 51 38 27 8 28 62 63 49 20 38 56 33 4 64 10 53 36 35 24 36 3 44 59 24 9 16 10 37 54 41 20 48 37 24 25 60 55 39 52 11 43 48 45 12 30 58 38 25 9 32 37 75 44 17 62 40 58 61 63 5 8 53 55 54 36 30 35 15 53 53 17 54 63 54 34 55 24 34 56 46 56 54 41 54 20 20 28 49 44 43 58 56 20 50 6 41 34 51 68 33 47 36 38 45 48 48 46 11 36 11 55 39 24 69 58 39 9 53 65 68 23 47 27 25 28 65 15 52 35 38 5 64 2 33 46 51 44 27 32 69 57 35 51 31 33 39 54 21 44 42 47 11 59 56 59 13 61 35 41 53 33 53 58 47 43 31 40 42 49 65 59 18 46 58 73 22 26 58 29 35 17 36 73 40 31 17 52 63 18 20 26 43 4 45 63 56 37 39 14 14 62 52 51 53 54 0 17 52 44 42 34 40 34 31 53 46 11 58 25 9 29 58 61 27 45 21 51 31 8 46 58 56 52 53 19 39 29 42 57 74 36 39 72 14 37 72 8 60 57 45 50 10 7 63 47 52 52 49 27 33 54 34 20 50 59 28 15 9 13 32 21 51 41 35 23 18 36 8 67 54 42 23 31 46 55 14 44 47 33 64 41 42 51 18 35 10 37 28 57 38 67 70 53 33 40 54 9 47 62 29 46 63 23 35 63 76 42 47 46 34 26 41 25 21 42 51 59 73 65 38 32 35 65 58 54 32 13 20 22 37 62 21 55 59 35 65 64 47 41 56 35 19 34 49 19 60 47 32 48 54 47 17 63 52 66 55 29 27 38 19 46 30 59 20 29 7 73 21 26 42 67 49 61 42 31 62 26 39 59 56 56 41 47 62 36 36 50 21 47 4 49 51 76 19 40 58 37 49 27 46 38 39 62 10 53 64 59 35 60 33 20 15 20 50 30 54 32 48 47 9 42 48 26 14 65
43 57 69 19 35 24 15 48 41 38 54 44 59 13 61 18 21 4 26 31 23 49 48 24 45 19 13 41 53 16 28 22 14 37 40 24 39 42 29 52 38 64 54 50 45 44 29 30 22 21 38 15 47 52 43 22 57 51 3 18 36 2 44 25 34 19 6 27 4 65 36 43 34 19 6 33 10 40 47 38 16 52 30 62 34 28 4 37 25 40 28 19 28 42 48 54 56 4 37 44 39 35 13 17 22 20 43 25 36 48 37 11 26 56 17 31 43 25 39 50 8 49 51 61 44 45 34 22 19 24 10 37 48 50 41 32 23 27 39 38 28 19 15 17 54 57 53 12 33 40 31 15 51 8 38 30 26 7 39 17 42 44 30 13 5 17 37 47 25 18 33 41 19 20 49 49 25 37 10 30 32 43 6 13 42 23 10 8 26 32 66 32 7 55 30 43 52 51 12 17 40 49 50 19 18 39 3 40 38 10 51 50 52 28 44 29 25 47 39 42 47 28 41 17 24 20 40 47 34 42 41 9 34 15 26 37 36 59 33 31 35 22 30 32 46 38 9 27 7 48 27 8 58 42 40 13 54 57 56 15 34 12 9 15 55 22 40 20 23 13 52 17 17 30 43 48 23 38 60 41 25 42 30 32 33 40 21 35 31 35 10 54 43 45 14 47 34 26 52 18 47 54 38 35 16 42 47 33 59 53 21 30 52 62 21 10 49 30 19 9 37 64 44 16 7 50 56 9 17 11 37 18 32 55 54 30 40 13 23 52 44 53 38 41 17 0 45 49 33 20 24 18 24 47 32 8 54 20 19 18 44 52 26 29 20 35 24 12 39 49 52 39 42 2 40 29 26 52 64 40 43 61 14 21 62 10 54 41 43 51 8 11 50 43 39 47 47 27 33 53 18 24 38 43 33 24 8 17 35 25 37 32 19 27 4 20 20 56 54 37 7 15 43 50 23 34 39 18 52 33 45 36 6 19 12 40 16 49 39 56 60 42 23 24 38 12 34 50 19 33 51 12 24 49 66 27 43 41 31 29 43 16 6 42 46 55 65 58 25 37 23 58 42 49 16 15 13 15 23 51 29 52 52 39 54 50 40 41 41 31 7 37 46 19 48 31 16 46 38 40 2 52 45 59 54 15 29 28 25 51 14 46 6 12 13 63 23 9 26 56 44 53 27 32 52 13 23 51 40 39 32 45 57 32 34 46 15 40 18 33 35 67 23 33 42 25 53 11 47 41 40 50 7 52 52 44 19 49 17 8 3 4 35 35 40 38 32 31 11 26 35 28 5 54
52 40 27 60 20 26 36 23 30 16 23 3 16 52 23 31 25 47 42 36 27 31 4 32 13 47 40 50 12 54 21 46 52 38 49 29 17 13 21 24 14 22 31 30 26 35 33 37 36 31 47 30 14 29 18 30 16 8 42 34 29 44 33 39 38 43 47 34 47 24 11 10 12 42 41 13 52 19 29 32 36 27 45 19 45 28 48 43 22 31 23 34 18 33 4 21 24 45 23 34 24 26 33 30 32 26 36 29 18 21 10 34 31 12 51 17 23 43 29 14 51 15 11 21 6 18 36 29 33 46 51 19 4 34 13 28 44 22 26 22 19 27 56 28 10 14 36 35 16 40 21 53 25 49 43 17 19 42 30 54 20 31 38 55 42 43 24 3 43 32 30 35 29 28 16 6 28 33 53 22 36 20 48 41 39 34 37 47 20 15 24 21 51 10 17 45 12 19 51 46 20 7 12 40 29 35 45 24 31 37 13 22 18 18 14 37 21 7 7 31 2 23 24 32 36 26 7 33 13 41 30 36 44 46 29 32 32 17 25 48 21 40 34 37 16 8 43 18 49 5 21 47 21 40 25 55 25 13 22 31 21 46 45 33 17 42 17 38 30 50 23 51 46 44 2 35 25 36 18 40 21 5 23 23 14 28 33 11 16 19 43 13 22 27 39 25 23 39 23 47 5 14 9 10 39 28 36 46 14 9 37 46 10 24 32 38 8 28 40 38 25 22 35 35 39 17 12 37 33 37 11 49 25 13 20 16 27 39 43 15 3 32 34 22 52 45 0 36 13 32 42 38 22 4 31 44 12 28 46 28 32 11 27 45 32 45 22 53 6 10 13 23 17 44 26 26 47 12 25 34 33 24 39 44 22 50 10 40 17 26 47 49 27 13 24 9 16 27 24 20 45 35 18 42 35 44 49 40 29 35 28 13 36 35 48 45 48 20 24 13 45 47 15 9 44 13 7 33 24 12 32 33 50 35 54 32 30 7 27 23 19 15 23 45 45 44 22 20 26 20 18 34 21 28 25 32 12 10 22 31 29 29 39 22 9 15 22 13 27 35 24 14 51 8 45 39 34 32 31 16 39 17 8 33 19 27 5 22 33 19 50 30 14 34 22 37 43 15 46 5 47 14 3 15 22 32 30 17 39 36 37 21 39 41 46 23 34 42 34 19 8 10 39 27 13 32 42 7 47 45 15 15 13 18 20 10 32 6 51 45 44 26 36 13 51 22 38 38 25 31 24 22 48 21 20 37 46 14 38 37 43 43 31 35 30 37 45 41 45 40 22 31 49 22
78 9 59 53 49 48 51 57 10 22 19 33 48 48 58 33 42 49 63 20 46 6 36 54 24 36 38 76 47 46 27 64 47 65 75 26 49 47 45 15 45 54 10 8 11 66 58 61 56 50 73 39 23 11 52 28 51 41 46 32 14 48 5 60 18 59 54 58 48 57 29 44 40 59 44 35 50 18 7 11 52 13 67 49 69 22 51 69 31 62 26 30 37 64 37 56 59 51 17 6 15 55 39 45 27 42 67 26 22 17 39 44 54 39 43 28 14 29 60 26 50 51 46 55 31 19 17 49 51 65 49 20 39 3 23 18 63 44 13 52 40 35 52 40 43 37 5 39 27 69 24 48 60 48 69 30 35 52 11 47 17 63 22 52 45 36 16 37 63 32 57 9 32 31 52 35 50 62 52 48 62 17 49 55 68 54 48 45 31 29 55 48 55 40 40 73 47 55 47 38 52 32 28 58 43 11 48 56 61 40 27 58 23 30 49 22 38 42 36 62 36 47 56 34 26 35 38 4 39 70 61 43 68 40 52 12 60 51 19 70 20 59 59 63 21 36 42 36 50 35 45 56 56 70 14 52 16 44 57 38 49 58 55 46 52 31 49 57 51 46 58 42 61 66 35 2 30 12 51 69 40 39 23 21 28 59 28 37 42 48 41 31 55 61 37 59 20 61 18 62 33 29 39 35 54 10 2 70 41 36 29 68 34 59 29 49 43 20 57 41 15 55 6 50 43 22 44 41 33 49 29 40 52 47 23 31 12 37 30 50 38 9 63 54 44 49 36 0 37 50 62 55 32 34 58 43 32 32 37 42 64 46 25 67 30 70 34 50 34 45 29 54 50 50 13 22 67 31 59 10 7 59 36 61 56 48 38 69 20 13 46 46 62 24 55 29 21 24 20 21 60 26 49 72 18 31 47 34 15 25 58 36 54 23 53 62 38 55 17 26 54 60 22 32 32 40 38 50 59 34 5 62 55 53 52 9 43 42 13 58 53 48 39 64 71 40 51 55 40 49 53 42 39 62 57 56 25 27 22 21 9 38 47 15 29 30 53 41 49 14 43 40 77 30 59 35 37 37 51 51 23 24 39 11 54 62 33 15 63 26 55 13 23 31 56 62 58 22 72 34 51 50 34 44 20 45 21 38 27 2 52 56 46 54 41 57 26 53 57 54 29 45 61 19 49 44 61 40 73 72 39 22 36 25 20 27 37 32 42 69 69 58 27 33 78 42 5 50 11 9 14 57 47 19 56 68 62 49 54 44 47 49 59 16 61 14 68 65 41 61 51 22 51 58
43 43 37 49 12 15 24 22 29 15 30 12 27 41 30 21 13 35 31 31 15 34 17 20 19 37 30 41 21 43 14 34 42 29 40 21 13 13 9 30 9 32 36 33 28 29 23 27 24 19 38 18 21 33 16 22 25 19 30 24 26 32 33 28 34 31 35 24 35 33 9 12 3 30 29 3 40 20 31 30 24 32 34 30 35 22 36 34 12 25 16 25 5 27 16 25 28 32 21 33 23 18 21 18 24 14 30 21 16 26 5 22 20 24 41 11 24 35 23 23 39 19 19 30 14 22 32 17 21 34 40 17 16 37 16 24 32 10 25 16 6 15 45 16 22 26 39 23 11 32 16 42 26 38 34 8 8 30 28 44 22 26 32 44 30 33 22 15 32 22 21 33 19 18 20 18 16 25 41 12 26 22 36 29 32 22 25 35 11 9 34 12 39 23 5 37 20 23 40 36 16 18 21 29 16 33 33 19 24 26 22 24 26 10 15 31 9 15 7 26 15 12 19 22 28 15 8 34 2 34 24 24 34 36 18 29 24 27 21 37 19 28 24 28 21 6 32 6 38 17 10 35 27 33 24 43 31 25 27 20 13 34 33 20 24 34 14 27 18 39 25 40 33 33 12 36 16 33 28 32 9 10 18 19 9 22 24 3 5 12 32 25 19 24 29 24 19 28 29 34 16 25 6 4 27 28 36 36 27 22 28 35 22 32 23 25 17 23 28 27 23 32 34 23 27 24 23 25 23 25 10 39 15 23 28 7 26 28 35 21 12 36 27 18 42 33 13 37 0 20 30 26 12 16 22 32 24 18 36 16 27 20 20 35 23 35 11 42 7 17 23 18 14 32 25 20 36 23 33 32 33 31 29 32 30 39 22 33 20 30 36 38 27 17 18 18 22 21 20 27 33 27 13 35 31 36 37 31 26 27 21 1 24 29 36 34 39 26 31 13 33 35 18 20 36 4 6 20 26 4 32 25 38 23 43 30 18 16 26 27 29 14 10 33 36 33 14 22 14 12 22 22 9 27 34 22 17 13 17 26 29 18 27 23 17 26 33 26 15 32 12 26 42 19 33 29 22 20 19 21 33 25 20 31 24 27 10 23 27 13 38 27 20 25 22 27 31 21 37 8 34 21 14 27 29 19 25 5 32 38 25 20 27 29 35 32 26 29 23 26 15 20 28 23 20 20 30 19 38 37 3 20 26 13 18 18 21 10 41 35 35 35 28 5 43 9 40 25 28 30 23 23 37 27 24 31 34 19 25 25 32 30 23 31 24 34 35 31 34 29 14 25 37 25
30 58 52 39 16 6 5 29 41 31 47 32 44 31 43 20 9 23 13 36 5 48 36 5 37 34 25 27 37 35 23 15 33 20 26 26 21 25 12 47 21 48 52 48 42 25 11 13 6 2 24 13 39 49 25 25 40 37 19 24 37 20 45 10 40 12 19 10 23 48 26 27 20 11 19 21 29 36 46 40 5 48 17 47 20 29 23 21 20 21 25 25 16 23 35 35 37 18 34 45 36 16 15 6 26 8 25 26 31 43 23 11 7 43 34 24 39 36 20 41 27 32 35 44 33 39 39 4 1 16 29 32 34 50 33 33 13 11 38 19 14 15 35 11 40 45 53 17 26 23 27 33 32 26 22 22 17 14 39 36 38 25 36 33 19 30 35 34 14 22 14 44 20 21 32 37 6 19 29 12 15 39 25 10 24 5 10 25 20 23 49 14 24 41 15 26 36 33 31 31 22 38 40 10 8 42 21 20 19 18 41 32 44 21 27 35 13 32 25 23 34 10 22 21 31 16 26 47 20 25 22 15 19 31 7 39 17 43 32 20 31 9 12 15 39 24 24 16 26 36 11 18 40 25 38 32 48 43 38 15 15 16 15 6 38 33 22 8 4 31 33 34 15 17 31 49 20 42 44 24 12 28 27 30 25 21 26 21 16 17 25 44 24 26 25 28 31 11 47 16 36 44 24 23 8 41 49 20 45 41 29 18 40 44 25 10 34 31 9 19 35 47 46 5 18 42 41 17 22 9 27 34 13 39 46 21 39 24 34 34 30 51 20 22 34 20 32 50 20 0 12 6 18 34 13 24 43 19 33 9 25 36 26 18 25 21 17 31 27 32 42 20 24 18 38 29 17 42 46 42 44 43 25 13 44 28 41 24 36 47 26 29 31 35 20 37 39 28 31 45 13 30 20 26 37 35 27 28 36 30 18 20 5 33 22 15 34 39 48 29 17 16 36 39 35 19 25 2 33 22 45 18 23 4 31 42 8 33 38 37 44 25 12 15 23 27 15 32 11 15 34 13 12 30 49 8 35 31 28 32 43 14 14 38 36 45 48 44 6 40 9 45 28 38 14 26 18 16 4 34 36 44 39 41 36 31 29 37 22 25 22 38 38 25 29 14 12 38 23 28 21 35 32 45 47 7 31 16 33 52 7 27 15 11 29 46 29 13 9 39 34 37 12 32 35 10 12 37 25 24 17 37 45 26 31 36 17 29 35 20 20 50 30 22 29 11 54 9 44 42 37 31 26 45 34 26 15 32 7 15 20 17 16 39 21 42 19 16 27 12 17 31 24 35
20 69 59 42 24 16 11 33 52 43 59 42 52 35 49 30 20 26 2 47 17 59 46 11 48 41 32 18 45 40 35 5 38 16 17 37 28 33 22 58 30 55 63 60 54 24 10 9 7 13 15 24 50 61 31 35 48 47 24 34 48 25 57 4 50 6 20 9 28 54 38 36 30 5 25 32 33 48 57 51 10 60 7 55 11 40 26 14 31 22 36 35 27 22 45 41 42 20 46 56 48 20 24 17 37 20 23 37 42 55 33 20 11 53 40 36 51 45 21 52 31 39 43 51 43 50 50 14 11 4 33 44 44 62 45 44 3 21 49 25 25 27 38 22 49 55 64 26 38 18 39 37 36 30 15 33 29 17 51 41 49 26 47 36 25 37 46 44 2 32 16 55 31 32 38 47 15 18 32 20 12 50 28 11 21 9 17 31 32 35 57 22 25 50 26 20 44 39 36 39 28 48 51 5 19 54 26 25 20 26 52 36 55 33 34 46 25 41 36 23 44 20 26 31 41 27 36 59 30 20 23 22 10 37 13 51 17 51 43 9 43 3 11 10 50 35 30 28 30 46 21 18 46 20 49 35 60 52 44 25 23 14 16 16 45 42 29 5 13 36 38 40 9 7 41 60 32 53 52 19 23 38 39 41 37 23 36 32 26 25 32 54 29 29 33 32 43 4 58 9 46 55 34 33 9 53 60 10 55 51 39 7 51 50 35 15 43 42 6 26 47 55 57 12 25 54 50 26 32 16 39 40 19 47 57 33 50 32 43 42 40 63 18 27 40 24 42 62 30 12 0 8 30 45 14 30 53 30 40 20 25 44 37 6 35 12 29 35 37 41 53 25 30 22 50 40 6 52 52 54 56 48 33 4 51 32 51 19 48 58 31 34 34 46 24 48 51 39 43 57 7 40 27 20 48 44 32 36 47 41 20 31 8 44 24 6 42 45 60 41 18 12 47 49 44 29 35 12 37 33 57 17 24 9 34 53 19 43 50 43 51 32 23 3 14 33 22 37 23 23 40 22 24 33 56 11 46 43 40 43 54 25 20 49 47 55 56 54 16 51 20 54 19 48 9 34 27 26 12 41 46 55 49 52 42 34 39 49 22 37 23 49 50 35 34 10 9 50 15 38 24 43 43 54 58 17 42 27 43 63 12 32 21 12 35 52 39 15 9 46 45 46 5 44 42 19 1 46 17 17 28 49 55 38 42 47 27 40 41 10 11 56 40 33 19 22 65 14 55 53 49 36 31 57 39 24 7 40 9 22 25 21 16 49 22 53 9 8 33 3 23 42 27 40
27 62 57 37 22 12 4 33 45 37 53 38 50 30 48 23 14 21 9 40 11 53 42 8 43 34 25 25 43 34 28 9 32 20 24 29 26 31 18 52 27 53 57 53 48 27 12 13 5 8 21 17 45 54 30 28 46 43 17 27 41 19 50 8 43 6 15 10 22 53 32 33 26 5 19 27 27 41 51 44 3 53 14 53 17 33 20 20 25 24 29 28 22 25 41 40 42 15 39 50 41 20 17 10 30 13 26 30 36 49 29 13 10 49 33 30 44 38 23 47 25 37 40 49 39 44 42 10 5 10 27 37 40 55 39 37 8 17 42 24 20 20 33 15 45 51 57 18 32 23 32 32 37 25 21 27 23 11 44 35 43 28 39 31 19 31 40 40 9 25 17 48 24 25 37 43 11 21 27 18 15 44 23 5 25 6 10 25 25 29 55 19 21 47 21 26 42 38 30 32 27 44 46 4 12 46 20 25 22 19 47 36 50 26 32 39 19 37 31 25 40 16 26 24 34 20 32 52 26 25 25 15 17 31 11 44 19 49 36 16 36 5 13 15 44 30 24 22 24 42 17 14 45 25 43 30 54 49 43 18 21 11 11 9 43 35 27 3 9 30 38 34 9 13 37 53 25 46 50 24 18 34 32 34 31 24 29 27 22 22 25 50 28 30 26 32 36 9 52 10 42 50 30 29 3 46 53 17 51 47 31 14 46 49 28 9 40 35 3 19 40 53 50 5 18 48 47 19 24 9 33 34 17 44 52 27 44 25 36 40 36 56 21 27 34 18 38 55 26 6 8 0 23 40 15 24 49 23 33 14 27 41 30 14 28 18 22 29 33 38 48 25 29 16 43 33 13 48 51 47 49 48 26 7 50 27 47 24 42 52 25 28 34 41 24 43 45 32 36 51 7 33 25 26 41 37 26 29 40 34 21 26 3 36 19 9 35 44 54 35 13 10 41 45 37 25 31 6 37 28 50 19 20 4 29 46 12 39 43 42 49 30 17 10 21 27 20 37 16 20 39 14 18 34 55 10 41 37 33 36 47 17 14 43 42 51 54 50 12 44 15 51 26 44 8 27 20 19 8 39 39 50 45 45 41 35 35 43 24 30 19 42 44 27 33 14 6 44 21 34 18 41 38 51 53 10 35 22 36 56 5 32 15 6 29 51 32 9 9 44 40 43 10 37 40 12 7 43 23 23 23 43 51 31 36 42 20 35 35 17 18 55 32 28 26 17 59 8 49 46 42 35 25 51 39 27 9 38 1 15 19 15 18 42 24 46 16 14 27 9 22 34 21 40
47 40 48 38 21 16 20 33 23 15 31 20 37 30 41 10 10 26 31 21 15 30 25 22 22 26 19 45 32 32 5 32 31 34 43 10 23 24 15 30 20 43 34 31 25 37 26 30 24 18 41 10 24 31 27 11 36 29 21 13 19 24 27 28 24 28 28 26 26 44 12 23 14 27 20 10 31 19 28 23 21 31 35 40 37 12 28 38 2 33 7 13 8 35 25 36 39 25 16 27 19 25 12 14 13 10 37 11 13 26 17 14 22 33 30 7 22 24 30 27 30 30 30 40 20 22 23 17 19 33 30 14 25 33 17 16 31 13 20 25 11 6 35 9 32 34 35 13 9 38 9 32 36 28 38 6 5 24 22 33 20 35 22 34 21 22 17 24 31 11 26 26 8 7 31 26 19 32 32 18 30 21 27 25 38 22 19 25 2 8 44 19 30 32 12 42 31 34 30 25 26 26 26 27 12 25 24 28 31 16 27 34 28 5 26 21 7 25 16 33 24 16 29 11 18 5 18 30 13 39 32 16 37 25 21 22 30 38 14 38 14 27 27 31 23 15 21 7 28 25 14 28 39 39 20 33 32 35 38 10 21 29 27 15 35 23 24 25 19 29 36 30 30 34 20 31 5 25 39 38 9 20 10 12 10 30 13 14 14 20 21 31 29 34 18 34 13 29 30 31 24 30 17 13 23 23 31 38 35 30 17 36 29 43 12 20 27 14 26 17 18 43 28 19 18 27 33 16 12 19 13 28 21 33 31 6 21 17 24 32 22 34 33 28 31 24 22 32 12 18 30 23 0 23 26 22 30 7 25 10 35 30 10 35 12 38 2 32 16 28 28 27 25 24 20 12 35 29 44 25 27 42 18 30 41 29 31 39 20 29 26 28 37 20 27 23 24 11 13 30 30 17 23 41 21 25 27 19 19 17 28 11 22 19 28 31 27 37 31 14 26 30 20 26 25 14 17 19 36 10 27 31 30 21 33 24 12 27 20 38 40 25 8 32 40 22 22 33 8 20 33 14 8 37 45 24 20 17 10 16 25 9 20 20 22 31 43 35 17 24 11 35 45 25 29 18 12 10 20 32 22 29 29 24 35 37 17 20 34 8 30 20 22 14 32 30 27 23 40 17 26 32 22 36 31 14 15 9 21 34 21 31 19 24 25 43 16 24 25 37 20 31 29 15 32 14 29 28 42 41 12 22 33 9 13 22 11 17 30 37 37 46 17 10 46 11 36 20 26 24 19 33 27 29 35 38 31 30 23 17 23 23 29 22 31 26 37 33 23 30 23 15 28 37
56 37 28 61 23 30 39 26 28 15 19 4 16 53 25 32 28 49 45 35 29 29 3 35 11 47 41 54 13 55 22 49 54 41 52 29 21 17 24 21 17 22 28 27 24 38 37 40 39 34 51 32 11 26 22 31 18 8 44 35 28 46 31 42 37 46 49 38 48 25 12 13 16 45 43 15 53 18 27 30 39 24 48 19 48 28 50 47 23 35 23 34 20 37 3 24 26 47 22 32 22 30 35 33 32 29 40 29 17 18 13 36 34 10 52 18 21 43 33 10 52 18 13 22 4 16 35 32 35 49 52 18 6 32 12 27 47 25 24 25 22 28 58 30 10 11 33 36 16 44 21 54 28 51 46 18 21 45 28 55 18 34 37 57 43 44 23 4 46 33 33 33 30 29 19 3 31 36 55 25 39 17 50 44 42 37 40 48 22 16 24 25 53 9 19 49 14 22 52 47 23 4 8 44 31 33 47 28 35 39 10 26 14 19 18 36 23 9 9 35 3 26 28 34 36 27 10 31 16 45 33 38 47 47 32 31 35 18 24 51 21 43 37 41 14 10 44 20 51 2 25 50 23 44 23 56 22 13 24 33 24 49 47 35 19 42 20 42 33 52 26 52 49 47 5 33 26 35 19 43 24 9 23 23 15 31 33 13 20 22 44 10 25 31 40 28 22 42 20 50 2 11 12 13 42 26 34 50 13 7 37 49 6 26 32 40 10 27 43 40 24 23 33 38 40 14 12 39 34 39 11 50 28 14 16 17 25 40 43 17 7 29 38 25 53 47 4 34 16 34 45 40 23 0 35 45 9 29 46 30 36 13 27 49 33 49 24 54 9 12 9 26 20 46 24 26 50 8 26 32 32 25 40 47 23 52 8 44 15 23 49 50 31 11 27 6 13 28 23 16 47 35 22 46 35 44 50 41 28 35 32 16 39 35 50 49 49 22 21 13 48 50 13 5 45 17 11 36 27 14 29 37 52 38 56 30 32 9 25 25 20 18 25 48 49 45 26 23 29 24 21 36 24 31 25 35 10 9 21 31 27 31 42 20 6 11 22 12 30 34 27 12 54 5 48 40 35 33 34 18 39 13 7 31 21 30 7 21 36 19 52 29 12 35 25 41 46 13 50 8 49 17 2 14 19 34 30 20 39 34 40 25 41 44 47 24 35 44 37 21 6 12 42 26 16 35 45 7 51 49 17 13 11 18 20 8 34 7 51 49 48 26 36 14 55 25 35 40 23 29 22 25 50 17 23 40 49 17 41 39 45 45 35 34 34 36 49 44 46 43 25 31 51 25
22 64 45 50 12 11 17 20 49 37 51 32 40 43 36 31 17 35 13 46 13 54 35 8 40 46 37 20 33 47 31 18 45 9 19 36 16 21 13 51 18 42 57 54 49 13 4 6 10 12 17 25 42 54 18 35 35 35 31 35 45 32 53 11 50 18 30 5 35 41 30 24 20 17 31 24 41 42 52 49 16 53 14 43 14 38 35 13 28 9 33 36 21 11 34 27 29 29 41 53 43 7 27 17 37 18 13 36 37 48 22 24 7 41 46 30 45 47 8 43 39 26 30 38 34 43 48 12 13 18 41 38 32 57 38 42 16 14 45 12 18 25 46 22 37 43 59 28 32 12 34 45 23 38 13 28 24 25 47 48 43 14 47 45 31 41 42 33 14 33 3 52 31 31 25 36 9 7 41 10 5 44 37 20 13 9 22 38 27 29 43 11 35 39 18 16 32 26 43 44 15 38 42 15 19 51 33 11 7 31 43 23 47 28 22 46 20 29 26 11 33 11 13 32 42 26 25 55 21 13 10 27 13 43 7 48 5 38 40 18 38 13 4 7 43 26 36 22 38 35 13 29 33 13 45 44 53 40 31 27 11 25 26 19 32 45 16 14 9 43 24 46 21 13 31 56 30 51 39 12 18 27 35 37 30 10 37 23 17 13 37 44 15 15 36 19 39 10 51 22 36 45 23 25 17 48 56 16 43 40 40 15 40 37 36 22 31 40 15 31 43 41 54 16 30 45 38 30 33 21 31 46 7 35 49 27 46 35 46 29 29 57 7 14 46 32 31 58 22 13 14 15 26 35 0 36 43 30 45 20 13 31 35 16 35 14 25 43 28 29 43 12 18 30 45 38 18 42 39 51 52 35 37 17 38 40 39 13 41 52 38 41 20 39 11 39 43 37 39 49 20 41 15 15 47 47 39 40 44 41 7 23 13 44 33 19 47 32 52 34 27 24 40 39 47 19 25 14 24 25 53 5 34 13 43 50 20 31 45 29 38 19 19 17 15 39 10 24 21 11 26 25 19 20 43 5 38 34 36 42 50 25 26 44 38 45 43 42 10 50 16 43 20 39 21 38 30 28 10 28 47 46 37 49 29 21 30 44 10 32 33 46 42 36 20 7 20 42 16 29 32 30 33 42 50 19 41 20 44 59 18 19 27 21 41 39 40 23 6 33 36 34 10 41 30 22 14 35 17 15 20 41 44 33 38 39 29 31 47 15 13 43 41 26 21 16 61 21 49 49 44 22 38 49 26 14 20 27 16 27 32 28 4 48 9 51 15 11 39 11 11 40 35 27
50 51 69 17 37 27 20 50 35 34 49 42 59 9 62 13 22 7 32 24 25 43 47 29 42 12 6 48 53 12 24 29 10 43 46 19 40 43 31 47 39 64 49 45 39 48 34 35 27 25 44 15 44 47 45 17 57 50 7 13 30 7 38 31 27 25 14 33 6 65 34 44 34 25 5 32 9 36 42 32 21 47 36 62 40 23 9 43 22 45 24 13 27 46 47 55 58 11 32 37 34 38 12 19 16 21 48 20 32 44 37 13 30 54 11 28 38 18 43 47 9 50 51 61 42 40 27 25 24 31 8 32 47 44 37 27 30 28 33 40 28 18 13 18 53 55 46 10 30 46 26 10 54 7 44 27 25 14 33 13 38 48 22 12 6 9 32 46 31 13 37 35 16 17 50 47 29 42 11 33 38 39 7 20 48 28 14 4 24 29 66 34 13 53 30 49 52 53 8 9 43 47 47 26 19 33 6 43 42 7 47 52 48 26 45 22 25 47 38 46 45 30 44 12 17 18 39 41 34 48 45 10 40 8 30 31 40 59 28 38 30 28 35 37 42 37 1 27 7 46 29 16 59 48 35 12 49 56 58 13 36 19 17 18 56 15 42 26 27 8 54 11 25 36 42 41 19 31 60 47 25 42 25 27 31 44 15 34 32 37 3 52 45 49 7 50 29 32 48 25 45 51 38 34 22 37 41 40 57 51 14 37 50 63 16 16 49 24 25 6 32 64 38 21 7 46 55 8 12 15 34 11 35 54 50 28 35 6 15 52 43 48 43 44 11 8 44 43 32 24 30 24 22 45 36 0 51 16 11 19 48 51 21 36 15 41 22 10 38 49 49 42 43 10 34 24 33 50 64 33 36 62 8 28 62 7 52 47 39 46 5 6 53 40 42 44 43 22 28 49 25 17 40 48 26 16 6 9 29 18 41 32 24 20 11 27 12 57 49 34 15 22 39 47 15 34 38 23 54 32 39 41 13 25 11 34 18 48 34 57 61 44 23 31 44 4 37 52 19 35 53 13 25 52 66 32 40 38 27 23 38 15 11 37 43 52 64 56 28 30 25 57 49 46 23 8 10 13 27 52 21 48 51 32 55 53 39 36 45 27 14 31 42 12 50 36 23 42 44 39 10 53 43 58 49 18 23 28 17 45 20 48 9 19 6 63 17 16 32 57 42 52 33 26 52 15 29 50 46 46 32 41 55 28 30 43 12 38 11 39 41 67 16 31 49 27 47 17 42 35 35 52 6 47 54 49 26 50 23 10 6 10 39 28 44 31 38 37 4 32 38 22 9 55
64 34 28 66 32 38 47 33 28 18 15 12 17 59 27 38 36 56 53 38 38 27 9 43 11 52 47 62 17 60 27 57 59 49 61 34 29 24 32 17 26 23 25 25 23 46 45 49 47 42 59 39 10 22 29 36 20 11 51 40 30 53 30 50 39 54 57 46 55 26 18 21 24 53 49 23 60 19 25 31 46 20 56 18 56 32 57 55 29 43 28 40 28 45 10 29 31 54 24 31 24 38 41 41 37 37 47 34 21 16 21 43 42 7 58 23 21 46 41 7 59 24 18 24 11 15 37 40 44 57 59 21 12 30 15 30 55 33 25 33 30 35 64 37 12 6 31 43 22 51 26 60 34 57 54 25 28 52 29 61 18 42 40 63 50 49 25 11 54 39 41 33 36 35 25 7 39 44 61 33 47 17 56 52 50 45 47 54 28 23 24 33 60 9 28 56 18 28 58 52 31 6 5 52 39 34 53 35 43 45 6 32 9 26 25 39 31 16 18 42 10 34 35 39 40 34 18 29 24 52 41 45 56 53 40 32 43 20 27 59 24 51 45 49 13 19 50 28 58 8 33 57 26 52 24 62 18 13 28 39 32 57 55 43 22 47 28 50 41 57 32 57 57 55 13 31 32 36 20 51 32 17 28 27 21 39 38 22 28 31 50 2 33 38 46 35 25 51 16 58 8 4 20 20 49 26 32 58 10 5 42 57 3 28 37 48 15 31 51 46 25 23 32 46 47 11 13 45 40 47 17 55 36 17 11 24 26 46 47 22 15 26 46 33 58 54 12 32 24 43 53 49 30 9 43 51 0 35 51 38 44 17 32 57 38 57 31 60 17 18 4 34 28 53 25 30 58 2 28 33 32 29 45 55 25 58 7 52 15 20 55 56 37 13 35 7 12 32 27 12 56 40 30 54 37 48 56 46 30 39 40 23 47 39 58 57 53 26 17 17 55 58 14 4 49 25 19 44 33 22 29 45 59 46 62 30 40 15 26 30 22 26 33 56 57 51 34 29 36 32 26 43 32 38 26 44 12 13 25 34 26 38 49 20 8 3 22 10 38 35 34 9 62 6 55 46 41 40 42 24 42 8 9 32 26 37 14 22 44 24 59 30 11 40 32 49 53 12 58 16 56 22 11 13 14 42 34 28 43 32 48 32 48 52 52 26 39 52 46 24 10 15 51 29 21 42 53 10 59 57 26 13 5 23 23 9 40 15 57 57 56 27 40 22 63 33 33 48 21 29 23 31 56 13 29 48 57 23 49 46 52 52 43 36 41 37 57 53 51 51 33 34 57 30
49 40 54 32 26 19 20 39 23 19 34 26 44 24 48 3 13 21 32 17 17 31 31 24 26 20 13 46 38 26 9 32 25 37 45 7 28 30 20 33 26 49 36 32 26 41 29 32 25 20 43 7 28 33 33 6 43 35 17 7 19 19 27 29 21 28 24 28 20 50 18 30 21 27 15 17 25 22 29 22 20 33 36 47 39 10 23 40 7 37 8 8 13 39 31 42 45 21 18 27 20 30 8 14 8 12 41 8 17 30 23 12 24 39 24 13 24 19 35 32 24 37 36 47 26 26 20 19 20 33 24 17 32 33 22 15 31 17 21 30 16 5 29 9 38 39 35 8 14 41 11 25 42 22 40 12 11 20 22 27 24 40 18 28 16 16 18 30 32 5 30 25 1 2 37 32 21 35 26 22 33 25 21 23 42 24 16 19 8 14 51 24 26 38 17 45 38 40 24 19 31 31 31 27 12 24 19 33 35 11 32 40 33 10 32 17 12 32 22 38 30 21 34 5 13 4 25 30 20 43 37 12 38 19 24 21 33 44 14 39 16 27 30 34 27 22 15 13 23 31 18 25 45 42 21 27 35 41 44 6 26 26 24 15 42 17 30 25 21 23 42 23 29 35 27 31 4 23 45 41 14 27 11 13 15 35 8 20 19 26 15 36 34 39 12 39 15 30 34 30 30 35 24 19 23 24 31 39 42 35 12 37 34 49 7 17 34 13 25 12 19 49 28 19 13 31 39 11 5 17 19 22 26 39 35 13 22 11 18 38 28 35 36 33 25 20 28 32 18 19 30 23 7 29 30 16 35 0 19 11 40 37 8 36 6 40 7 26 22 34 33 32 31 20 22 11 35 34 50 24 26 48 11 30 48 23 37 42 24 32 20 22 42 24 32 29 28 9 14 34 29 12 28 44 19 19 22 13 18 12 33 17 23 14 24 30 21 44 35 19 23 28 24 32 19 20 23 19 42 17 28 34 26 22 27 24 12 33 21 44 46 31 11 32 42 16 27 39 9 25 39 10 13 42 52 26 25 22 13 13 26 6 16 23 28 37 49 41 20 22 15 41 47 30 27 12 7 6 22 39 18 33 35 23 41 42 23 22 38 12 25 20 27 8 38 33 26 27 42 23 22 39 28 43 35 14 13 14 16 34 20 37 15 22 18 49 11 21 27 43 26 37 31 14 38 12 29 35 44 43 18 26 39 13 16 27 5 23 23 39 39 52 12 16 48 15 36 18 28 24 21 39 21 33 41 42 30 36 22 13 18 19 32 20 36 23 38 35 17 30 28 12 23 43
60 45 73 17 43 35 30 56 30 34 46 44 61 12 66 16 29 17 42 18 33 38 49 38 41 1 8 58 56 11 25 39 11 52 56 18 46 48 37 44 44 67 44 40 36 57 43 45 37 33 54 21 43 42 51 16 61 53 17 13 25 17 33 40 20 36 24 42 15 69 35 48 39 35 15 35 15 34 37 27 31 43 46 64 50 20 19 52 25 53 24 13 32 55 49 60 63 22 29 32 31 46 19 28 15 28 57 18 31 41 41 22 38 56 8 29 35 9 51 46 16 55 54 65 43 39 20 34 33 41 14 31 49 39 37 23 40 35 30 47 34 22 16 24 56 56 40 17 31 55 26 12 60 14 53 30 29 25 28 11 36 56 15 16 16 4 29 48 41 14 46 28 18 19 56 49 37 51 17 40 47 37 15 30 57 37 24 12 26 31 69 41 22 55 35 58 56 58 11 2 49 48 47 36 27 26 16 50 51 15 47 58 47 28 51 16 30 50 40 54 47 37 51 15 12 22 43 36 38 57 53 19 50 4 39 26 49 63 25 48 28 38 44 47 40 40 10 31 15 48 36 26 63 57 31 16 45 58 63 19 43 30 27 27 60 6 48 35 36 10 60 7 35 46 44 35 21 25 63 56 31 45 24 25 32 51 14 38 37 44 9 52 52 56 9 57 27 41 45 35 47 50 42 37 32 32 35 50 59 52 10 47 51 67 15 25 52 22 35 15 28 68 31 30 16 44 57 16 14 25 36 5 42 58 48 30 31 10 7 57 46 43 52 50 9 19 46 37 36 33 40 33 25 46 45 11 51 19 0 26 56 55 20 46 14 51 26 14 40 52 49 49 49 20 31 22 44 50 68 28 31 66 9 38 66 13 54 56 37 42 13 11 60 39 49 45 42 20 26 47 35 13 46 58 20 7 13 6 24 13 49 35 34 15 21 38 3 62 46 35 25 33 38 48 6 39 42 32 60 35 34 50 22 34 16 29 26 51 30 63 64 49 29 41 54 7 44 57 25 42 58 20 30 59 70 41 40 39 26 19 33 21 20 34 44 52 67 58 36 23 31 58 58 47 34 8 16 18 35 57 14 47 53 27 60 60 41 33 54 28 23 26 41 12 56 46 33 41 54 41 20 57 45 60 47 26 19 33 11 39 29 55 19 29 6 67 13 26 41 62 42 55 42 23 56 23 39 52 56 55 36 40 55 29 29 43 17 40 6 49 51 70 12 34 59 33 41 26 38 30 32 58 13 45 59 58 37 55 32 19 17 21 48 22 52 24 48 46 8 41 45 18 18 61
38 49 52 35 18 9 10 32 33 24 41 27 42 27 44 12 4 20 22 28 7 40 32 13 31 27 18 36 36 30 15 22 28 27 35 17 22 25 12 39 21 47 44 40 34 31 19 22 15 9 32 5 33 41 27 16 40 35 15 16 28 18 37 19 31 18 19 18 20 47 20 26 17 17 15 16 26 28 38 32 11 40 26 45 29 20 21 30 12 28 16 17 11 29 31 37 39 17 26 37 28 21 8 4 18 3 32 18 23 36 20 7 14 39 29 17 31 28 26 36 25 32 34 44 28 32 30 9 10 24 25 24 31 42 27 25 21 10 29 22 10 7 31 3 37 41 44 10 19 31 19 29 35 23 30 15 10 15 31 31 30 31 28 30 15 23 27 30 22 14 21 35 12 12 32 33 12 26 27 14 23 31 22 15 32 14 10 21 12 17 49 16 23 38 13 35 35 35 27 25 24 33 35 17 2 34 18 25 25 13 35 34 38 14 27 27 8 30 22 29 30 12 26 13 23 8 23 39 17 33 28 10 28 25 14 31 24 42 23 29 23 18 19 23 32 21 18 11 23 32 11 20 41 32 30 29 41 40 40 7 18 19 18 6 38 26 24 15 11 26 35 28 20 25 27 40 12 33 43 31 8 25 19 21 19 26 18 18 14 19 19 39 27 31 18 32 23 20 40 21 31 39 21 18 13 33 40 29 42 37 21 27 36 45 17 11 32 22 16 13 27 47 37 9 13 36 39 12 14 10 21 28 17 37 40 15 31 17 27 34 27 43 27 26 29 18 28 42 16 9 20 14 10 30 20 19 38 11 26 0 31 34 18 26 16 29 9 28 22 31 37 24 25 17 30 20 25 37 46 34 36 44 18 20 44 25 37 32 29 39 22 24 35 29 24 32 33 19 23 39 20 22 22 34 29 28 23 21 27 22 24 15 13 25 21 22 28 39 41 23 18 21 29 34 28 16 22 9 36 17 37 25 23 12 28 33 2 31 30 39 43 25 6 23 31 21 19 34 3 17 35 7 7 34 49 16 29 25 20 24 34 6 12 30 31 40 47 41 10 32 6 42 37 33 19 19 11 8 11 34 28 38 36 32 37 35 24 30 28 18 22 29 32 17 31 22 17 32 32 23 19 35 28 42 40 5 23 11 25 43 11 30 12 15 23 46 21 15 17 39 29 35 20 24 35 5 20 34 34 33 14 31 41 19 23 30 9 24 29 28 29 50 21 17 37 8 45 10 36 33 29 33 23 38 35 33 21 32 13 10 17 15 23 30 27 34 28 24 21 20 20 22 22 37
23 70 39 63 16 22 29 13 56 42 54 34 36 55 29 42 27 47 23 56 24 60 35 20 44 57 48 21 29 59 39 29 57 10 21 45 16 20 21 55 20 37 62 60 54 3 16 16 22 23 20 36 45 59 15 45 30 34 43 46 53 44 60 22 59 29 42 17 47 34 35 23 25 28 43 30 53 47 58 56 28 58 22 38 20 47 47 16 36 4 41 47 29 3 34 21 21 41 48 60 50 11 38 29 47 29 5 45 43 52 25 35 19 40 58 37 51 58 5 46 51 22 28 32 37 48 57 23 25 28 53 44 32 63 42 50 27 23 51 12 25 36 58 33 35 43 65 40 38 11 42 57 15 50 15 35 32 37 55 60 48 2 56 57 43 53 49 33 25 44 11 60 41 41 20 37 20 7 53 18 13 49 49 32 8 22 34 50 36 35 38 17 47 38 25 15 28 20 55 55 13 39 44 27 30 59 45 9 6 42 45 16 49 35 19 55 29 28 30 2 34 20 9 42 52 36 27 61 26 11 4 38 19 54 18 56 9 33 47 25 45 25 15 15 47 29 48 30 50 36 22 40 27 10 51 56 56 37 23 38 15 37 38 30 27 55 16 26 21 55 16 58 32 22 32 63 39 59 34 9 27 28 44 45 36 6 47 27 23 16 48 45 11 7 48 11 46 21 54 33 37 46 26 30 29 55 63 22 41 40 51 23 41 30 46 34 29 48 27 42 50 36 61 28 41 49 35 41 43 33 36 57 15 31 51 34 53 47 56 25 30 62 7 11 58 44 32 64 27 25 25 27 35 36 13 48 44 40 56 31 0 29 44 24 46 19 34 55 31 26 45 10 16 42 52 46 27 43 32 58 60 28 48 28 32 52 39 10 46 56 50 53 11 43 10 41 47 46 46 51 31 51 15 12 56 57 51 51 52 51 7 28 25 53 45 30 58 26 56 39 39 35 44 40 58 24 28 26 16 31 59 8 46 25 55 57 31 30 52 22 33 18 29 27 18 50 14 18 31 16 21 36 28 10 36 17 42 38 43 51 56 36 38 49 40 46 38 40 21 58 26 41 22 40 33 49 41 39 21 23 57 49 36 57 23 12 33 50 3 39 45 54 45 47 14 15 31 46 19 32 44 25 34 39 54 30 50 28 55 65 30 13 39 33 52 32 50 35 18 27 39 31 20 49 26 33 25 34 19 17 26 45 43 39 44 42 40 34 59 21 19 37 51 32 23 25 67 33 55 56 50 16 50 52 20 5 31 23 28 39 44 40 9 57 4 60 22 19 51 22 13 50 48 19
50 49 18 68 21 30 40 17 40 26 31 14 9 60 13 40 31 54 44 46 31 41 11 34 23 56 49 49 2 62 31 48 61 36 48 39 17 12 24 33 15 13 40 39 36 31 35 37 38 34 46 37 23 38 15 40 6 6 49 43 39 51 42 41 48 46 53 36 54 14 21 9 18 45 48 20 59 30 39 42 40 36 45 12 45 38 55 42 30 29 32 43 25 30 10 12 15 51 33 44 34 26 40 36 41 32 33 38 28 30 15 41 33 12 60 26 32 52 27 22 58 8 1 11 16 28 46 32 37 48 59 29 7 44 24 38 46 26 36 21 24 34 64 35 6 15 45 42 26 38 31 61 17 57 41 26 27 48 40 63 29 27 48 63 49 52 34 9 45 41 30 45 38 37 9 12 31 31 60 24 36 30 55 45 36 36 43 54 29 25 15 23 57 10 22 43 1 11 59 55 18 14 19 44 35 45 52 22 29 45 21 15 25 27 11 47 28 5 15 28 10 26 21 41 46 34 13 43 18 38 27 43 44 55 31 42 31 8 35 49 32 42 35 38 26 15 51 25 57 12 26 53 10 37 35 62 33 9 12 39 22 51 50 38 6 52 15 42 33 58 15 59 49 44 12 45 34 46 9 37 27 10 33 33 24 25 42 17 21 20 51 19 18 23 48 19 33 41 31 50 14 20 14 18 43 38 46 47 13 13 46 46 14 14 41 43 4 38 43 46 35 13 45 39 46 25 7 44 42 43 21 58 26 4 27 25 37 47 52 5 9 41 32 19 61 52 11 46 20 36 44 41 30 13 31 51 17 37 55 34 29 0 37 47 42 45 30 61 15 4 19 21 15 50 36 36 49 17 14 44 44 14 47 46 12 58 11 38 26 34 55 57 21 22 22 18 25 37 34 27 48 45 18 40 45 53 56 49 40 44 27 20 39 45 55 49 57 10 32 23 51 51 24 15 54 19 14 37 17 20 42 32 57 38 62 42 36 5 37 13 10 12 29 47 44 52 23 13 33 22 10 40 28 22 15 34 21 20 32 41 38 37 46 32 18 20 14 12 30 45 29 13 49 16 49 48 42 39 34 7 49 24 9 43 9 20 15 33 30 28 56 40 24 44 16 38 47 25 45 15 53 5 13 11 30 37 40 24 49 46 42 16 46 46 54 13 44 47 36 8 17 3 41 37 4 39 44 7 46 44 20 25 15 28 31 20 40 16 60 46 44 16 45 21 50 27 47 43 35 41 34 15 56 29 12 33 49 6 42 44 50 49 31 45 27 47 46 42 53 42 22 41 56 14
55 33 54 35 30 25 27 42 16 14 29 25 43 28 48 9 19 26 39 12 23 24 30 30 22 20 16 53 38 29 7 39 28 43 52 3 32 32 24 27 29 49 29 25 20 46 35 38 32 26 49 14 24 27 36 5 43 34 23 9 11 25 20 36 15 35 30 35 26 50 16 31 23 34 21 18 29 16 22 15 27 27 43 45 45 3 29 46 9 42 5 8 17 44 30 44 47 27 11 20 14 34 15 21 5 19 46 2 12 24 24 19 31 37 26 11 17 16 40 27 29 38 36 47 24 20 13 25 27 40 28 12 31 26 18 8 38 22 14 34 20 11 32 15 37 37 28 15 12 47 7 29 45 27 47 12 14 27 14 29 18 44 12 32 22 17 12 29 39 8 36 18 7 6 39 29 27 41 31 27 39 19 27 30 47 30 23 24 9 13 50 28 32 36 21 51 38 42 27 20 34 29 27 34 19 17 25 37 40 17 28 43 28 11 34 11 16 32 22 42 28 25 38 10 9 10 25 23 22 48 41 19 45 21 30 14 39 44 8 46 10 34 36 40 22 22 20 16 28 29 23 32 46 48 15 32 29 40 46 13 30 33 31 22 42 15 33 32 27 26 44 25 36 42 26 24 6 16 45 47 18 27 5 7 14 39 6 21 23 30 19 32 37 43 15 43 9 37 28 37 27 31 25 19 30 17 24 46 39 33 10 44 32 50 6 25 34 5 32 18 12 49 20 26 19 26 38 17 9 24 17 24 31 39 30 13 15 15 16 39 28 28 42 37 27 26 27 25 20 26 37 30 10 27 35 21 32 8 20 18 44 37 0 43 7 46 11 30 22 35 30 36 34 26 15 4 42 31 51 17 19 49 14 37 48 27 34 48 19 26 25 25 46 20 36 25 23 2 7 28 36 9 31 50 12 17 26 14 10 8 38 19 29 10 30 38 22 45 29 15 30 35 19 29 18 23 24 26 45 17 21 40 32 29 31 16 19 33 14 46 46 33 17 39 48 19 31 41 15 29 41 17 17 45 51 33 21 20 7 7 19 13 23 17 25 33 49 39 26 15 20 39 54 28 35 14 13 13 28 40 14 28 34 15 43 46 22 15 43 9 32 13 22 9 41 39 33 22 49 22 28 39 26 41 29 21 6 18 13 27 27 40 21 30 21 49 8 28 34 44 23 37 38 7 39 19 37 33 50 49 21 21 36 10 10 24 12 21 25 45 46 52 9 16 54 20 29 25 22 17 15 42 26 27 43 47 37 37 30 19 24 25 38 13 41 17 45 41 20 37 32 6 28 45
15 75 60 47 27 21 17 34 58 48 64 46 55 41 50 36 25 32 5 53 22 65 49 15 53 47 38 13 48 45 40 8 43 14 11 42 30 35 26 63 33 57 68 65 59 23 13 10 12 18 10 30 55 66 33 41 50 50 29 40 54 30 62 8 56 11 24 12 33 56 43 39 34 11 31 36 38 53 63 57 16 65 2 58 6 46 31 10 37 22 42 41 32 22 48 42 43 26 51 62 53 22 30 22 43 25 21 43 47 60 36 26 15 56 45 41 56 51 22 57 36 41 46 52 48 55 55 19 17 6 38 49 47 67 50 50 7 26 55 27 29 32 43 28 52 58 70 31 43 15 44 43 37 36 11 38 34 22 56 46 54 26 52 41 31 43 52 47 5 38 18 61 37 37 40 51 19 18 37 24 12 55 34 16 19 14 22 36 37 40 58 25 30 54 31 16 47 41 41 44 30 52 55 10 25 59 31 26 20 32 56 37 60 38 37 52 30 44 40 23 47 24 27 37 47 33 39 64 34 17 23 28 6 43 17 56 17 53 49 3 48 9 12 10 55 39 36 33 35 50 25 23 48 18 55 40 65 55 45 31 26 19 21 22 47 48 32 11 17 41 38 45 13 3 45 66 37 59 54 17 28 41 44 47 42 24 42 36 30 28 37 58 30 29 39 32 48 7 63 13 50 59 37 38 15 58 66 4 58 54 44 1 55 51 41 21 46 48 12 32 52 56 63 18 31 58 53 31 37 22 43 46 22 50 62 38 56 38 49 44 43 68 17 29 45 29 45 67 35 18 6 14 35 49 16 36 57 36 46 26 24 47 43 0 41 7 34 40 41 43 57 27 33 27 55 46 4 56 53 59 61 50 39 9 53 38 54 16 53 63 36 39 34 51 26 52 56 44 48 61 11 46 29 17 54 50 37 42 53 47 21 35 14 49 28 10 47 47 64 46 23 16 52 53 49 33 39 17 38 38 62 17 29 15 39 58 25 46 55 44 53 35 29 5 10 39 25 39 28 26 41 27 29 33 58 14 51 47 45 49 60 30 26 55 51 59 58 57 20 57 25 58 14 52 13 40 33 32 17 43 52 59 52 58 43 35 44 54 21 42 28 55 54 40 35 10 14 55 10 42 29 45 47 57 63 23 48 32 49 69 17 33 27 17 41 54 45 20 12 47 49 48 7 49 45 25 7 50 12 12 32 54 58 43 48 52 33 44 46 5 7 58 45 38 14 26 71 20 60 59 54 37 36 61 41 22 11 42 14 28 30 26 17 55 22 59 4 6 39 6 25 47 32 41
54 38 59 29 32 25 24 44 21 21 35 30 48 22 53 5 19 21 37 13 23 29 35 29 28 15 10 51 43 22 12 36 22 43 50 5 34 36 26 33 32 54 35 31 26 47 34 37 30 25 48 12 30 33 39 3 47 39 17 2 16 19 25 34 16 32 25 34 20 55 22 35 26 31 15 22 23 22 28 19 25 32 41 51 44 8 23 45 12 43 10 2 19 45 35 48 50 22 18 24 20 36 11 19 3 18 47 6 18 30 28 15 30 42 20 16 24 13 41 34 23 42 41 52 30 26 15 25 25 37 22 19 36 31 24 13 35 23 20 36 22 11 26 14 42 43 33 10 18 46 13 22 48 21 46 16 16 23 19 23 24 46 12 25 16 11 18 34 36 3 36 22 5 6 43 35 27 41 25 28 38 25 20 27 48 29 20 18 13 18 55 30 26 42 23 50 42 45 21 14 37 35 34 31 18 20 19 39 41 11 34 46 34 15 38 11 18 37 27 44 34 27 40 5 7 10 30 28 25 48 43 14 43 15 29 18 39 49 14 44 16 32 35 39 28 27 14 18 22 34 24 27 50 48 20 25 35 45 50 10 32 29 26 19 47 11 35 30 27 20 47 19 32 40 31 28 8 19 50 47 20 32 11 13 19 41 2 25 25 32 13 39 40 45 9 45 15 35 34 33 33 38 29 24 27 23 28 44 45 39 6 42 38 54 1 21 39 11 30 12 17 54 25 24 13 32 44 12 4 20 22 18 32 44 36 17 21 9 12 43 33 34 42 39 21 20 32 30 23 25 35 28 12 33 35 15 38 6 14 16 46 42 7 41 0 45 13 23 27 39 36 38 37 21 21 10 40 37 55 21 23 53 8 34 53 21 40 47 25 32 19 19 48 26 38 32 29 8 14 35 32 6 34 50 14 13 20 8 15 6 39 22 27 9 24 34 16 49 35 21 25 31 26 35 13 26 28 24 48 22 25 40 26 27 25 21 17 38 20 50 51 36 17 37 47 13 33 45 15 31 45 14 19 48 56 32 27 25 13 9 24 11 18 23 31 39 54 44 26 18 21 45 52 34 31 8 8 9 27 44 12 35 39 19 47 48 27 22 44 15 26 17 29 3 44 38 29 28 47 28 22 44 32 46 35 19 9 20 10 32 24 42 17 26 15 54 5 24 33 48 29 42 36 13 43 16 34 39 49 48 24 27 42 15 16 30 8 27 19 44 44 57 6 21 53 21 34 22 27 21 21 45 20 33 46 48 34 42 27 15 18 20 38 15 42 19 43 40 14 35 34 8 23 48
9 77 57 53 26 22 22 31 61 50 65 46 53 47 47 40 28 38 10 57 24 67 49 17 54 52 43 7 46 51 43 14 49 10 6 46 29 34 27 65 32 55 70 67 61 18 13 9 15 20 4 34 56 68 31 45 47 49 35 44 57 36 65 11 60 16 31 13 39 53 44 37 34 17 36 37 44 55 65 60 21 66 6 56 1 49 37 4 39 18 44 45 34 17 48 39 39 32 54 65 56 20 35 26 47 28 16 47 49 61 36 31 17 55 51 43 58 55 19 57 42 39 44 50 48 57 59 22 20 12 43 51 46 70 51 53 13 27 57 25 30 36 49 32 50 57 72 36 45 10 46 49 33 42 5 40 36 28 59 52 56 21 56 47 36 48 54 47 10 42 16 64 40 41 37 50 20 15 43 24 10 57 40 22 14 16 27 42 39 42 56 25 36 53 32 9 45 38 47 50 28 52 56 16 28 63 37 24 17 37 57 34 60 40 35 56 32 42 40 19 47 24 24 41 51 36 39 67 34 11 20 33 2 48 18 60 15 50 51 6 51 14 12 8 56 39 41 35 40 49 26 29 45 12 57 46 66 53 42 35 25 25 27 26 45 53 30 16 20 47 35 51 19 5 45 68 40 62 51 11 30 41 47 49 43 21 46 37 31 27 42 58 27 25 44 29 51 10 64 19 50 59 37 39 20 61 68 3 56 54 49 6 54 48 45 26 44 51 17 37 55 54 66 22 36 59 51 36 42 26 45 51 21 48 63 40 58 43 54 42 43 70 14 27 51 35 45 70 35 21 12 18 38 49 14 41 57 40 51 29 19 45 46 7 45 0 37 46 42 42 57 25 31 33 58 49 10 56 50 62 64 46 44 15 50 44 53 10 54 65 42 45 30 52 24 52 57 48 51 62 18 50 28 11 58 55 43 47 56 51 19 36 18 53 35 16 53 44 66 47 29 22 53 53 54 33 39 21 34 39 65 13 35 18 45 61 28 44 58 40 51 33 31 12 4 44 24 36 31 25 39 32 31 29 55 15 52 48 48 52 62 34 31 57 51 59 56 55 22 61 27 57 8 52 20 45 38 36 19 40 56 60 51 61 41 31 44 56 17 44 34 58 55 45 32 9 19 56 3 43 34 43 47 55 64 26 52 33 53 71 22 31 32 23 46 51 49 26 13 45 50 47 9 52 43 29 13 49 5 6 33 55 58 45 50 52 37 44 52 3 1 55 50 39 9 28 73 25 62 61 56 34 42 62 38 17 17 40 19 33 36 32 15 59 19 62 4 5 44 10 24 51 38 38
45 41 48 38 19 15 19 32 25 16 32 21 37 30 41 10 9 26 30 22 13 31 26 20 22 26 19 43 32 32 7 31 31 33 42 12 22 23 14 31 19 43 35 32 26 35 25 28 23 17 40 9 24 33 26 12 36 29 21 13 20 23 29 27 25 27 27 25 25 44 13 23 14 26 19 10 30 20 29 24 19 32 34 40 36 13 27 36 3 31 8 14 7 33 25 35 38 24 18 29 20 24 11 13 14 9 36 12 14 27 16 14 20 33 30 9 23 25 29 28 29 30 30 40 21 23 24 15 18 32 29 16 25 34 19 17 30 12 21 23 9 5 35 8 32 34 36 13 11 36 10 32 35 27 37 7 4 22 23 33 22 34 23 34 20 22 18 24 30 12 25 28 8 8 30 26 17 30 31 17 29 23 26 23 37 21 18 25 4 9 44 18 30 32 11 41 31 33 30 25 25 26 27 26 10 27 23 27 30 16 28 34 30 5 26 22 6 25 16 32 24 15 27 11 19 4 18 31 13 38 31 15 35 25 19 24 28 38 15 37 15 26 26 30 24 15 21 6 28 25 13 28 38 38 21 33 33 35 38 9 20 28 26 14 35 23 23 24 18 29 35 30 29 33 21 32 5 26 39 37 8 20 11 13 11 29 14 13 13 20 21 31 28 32 18 33 15 27 31 30 24 31 17 13 22 25 32 37 36 30 18 35 29 42 13 19 27 15 24 17 19 43 30 18 17 28 33 15 12 18 14 29 20 33 32 7 23 18 24 32 22 35 32 27 31 24 22 34 11 17 29 22 2 24 25 22 31 7 26 9 34 30 11 34 13 37 0 31 16 28 29 25 24 23 22 13 34 29 44 26 28 41 18 29 41 29 31 37 21 31 26 28 36 20 26 24 25 12 15 31 28 18 22 39 23 25 27 20 20 17 27 10 21 20 27 30 28 37 33 14 26 29 21 27 25 13 17 17 36 10 29 30 29 20 32 25 11 27 22 38 39 24 6 31 38 22 21 32 7 19 33 13 7 36 45 23 21 18 12 17 26 8 19 22 23 32 43 35 16 25 10 35 44 25 28 19 12 10 18 32 24 29 30 25 34 36 17 21 33 9 29 22 24 14 31 29 26 24 39 17 25 32 22 37 32 13 16 8 22 35 19 30 18 23 25 43 17 23 24 37 21 31 28 16 31 13 28 29 40 39 11 23 34 10 14 23 10 17 30 36 36 46 18 10 45 10 37 19 27 25 21 33 27 30 34 37 30 30 22 16 22 22 27 23 30 27 35 32 23 28 22 16 27 36
54 58 78 8 45 35 27 58 43 43 58 51 68 3 71 23 31 9 37 31 33 50 56 36 51 14 14 52 62 6 34 33 5 49 51 27 49 52 39 55 48 73 57 53 48 55 40 41 33 32 48 24 53 55 54 25 66 60 13 21 38 11 46 36 33 30 16 39 8 74 43 53 44 30 13 41 2 45 50 40 28 55 40 71 45 31 9 48 32 52 33 22 37 53 56 64 66 15 40 45 42 46 21 27 25 30 55 28 41 53 47 21 37 64 8 38 46 22 50 56 4 59 60 71 51 49 34 33 31 35 3 41 56 52 47 35 33 37 42 49 37 27 4 27 63 65 54 19 39 51 36 4 62 5 49 37 35 19 41 7 47 56 29 3 13 15 40 55 36 22 45 42 25 26 59 57 36 49 4 41 44 48 7 25 54 34 21 7 33 39 75 42 11 63 39 54 61 62 4 13 51 56 56 31 28 40 10 51 50 16 57 61 57 35 54 29 34 56 47 53 55 39 52 22 24 28 49 49 43 53 52 18 45 11 38 39 47 69 36 42 39 33 41 43 51 46 11 36 6 56 38 18 68 53 43 2 57 66 67 23 45 22 19 26 65 20 50 31 35 5 62 9 28 41 52 49 29 38 69 52 34 51 34 36 40 51 24 44 41 46 11 61 53 56 15 58 38 37 57 28 55 60 47 43 27 45 48 44 67 61 22 41 60 72 24 22 58 33 30 15 40 73 45 27 15 55 64 17 21 22 44 11 43 64 59 37 43 15 20 61 53 56 50 52 8 12 53 50 42 31 35 29 32 54 43 10 60 26 14 28 55 61 30 40 23 46 31 0 47 58 58 50 52 14 43 32 37 59 73 41 44 71 16 31 71 3 62 52 48 54 6 5 61 49 50 54 52 30 36 58 29 25 49 54 33 20 5 17 37 26 48 41 31 28 12 31 14 66 57 43 17 25 48 57 19 43 47 30 63 41 47 48 12 31 3 42 26 57 42 66 70 52 32 35 49 11 45 60 28 44 62 21 34 60 76 38 49 47 36 31 46 25 17 45 53 61 74 66 36 37 33 66 53 56 27 16 20 22 34 61 27 57 60 40 64 61 48 44 52 37 13 39 51 21 58 42 27 51 49 48 12 62 53 67 58 26 31 37 24 52 25 57 17 24 9 73 25 21 38 66 51 62 38 35 61 24 34 59 51 51 41 50 64 38 39 52 21 48 10 43 46 76 24 41 53 35 54 23 50 42 43 60 5 56 63 56 30 59 28 18 12 15 46 35 51 37 42 42 10 37 46 30 8 64
49 39 33 54 17 22 31 24 27 13 24 5 22 46 27 25 20 41 38 32 22 30 10 27 13 41 34 47 17 48 16 41 47 35 46 24 15 13 16 25 12 28 31 29 24 33 30 33 31 26 44 24 15 29 18 25 21 13 36 28 26 39 30 34 34 38 41 30 41 29 7 11 8 37 35 7 46 17 28 29 31 27 41 25 41 23 43 40 16 29 17 28 12 32 9 24 27 39 20 31 21 23 27 25 27 21 34 23 14 21 6 28 26 18 46 12 21 38 27 16 45 18 15 26 7 17 32 24 28 41 45 16 10 33 12 24 39 17 23 20 13 21 50 22 16 19 35 29 11 38 16 47 26 43 40 11 13 37 27 49 18 30 33 49 36 37 21 9 38 27 27 32 23 22 18 11 23 30 47 18 32 18 42 36 37 29 32 41 15 10 29 17 45 16 12 43 16 21 45 40 19 11 14 36 23 32 39 23 29 32 16 24 19 13 15 32 15 10 2 30 8 18 23 27 31 20 5 31 8 39 28 30 40 41 25 28 29 23 21 44 18 35 30 34 16 3 37 12 44 10 17 42 25 38 22 49 26 19 25 25 18 41 39 27 21 37 16 34 25 45 25 45 40 40 5 33 20 33 23 37 16 6 19 19 9 26 27 6 12 16 37 18 21 27 34 25 19 35 24 41 9 18 5 5 34 25 34 43 20 15 32 42 15 28 26 32 12 23 35 32 22 28 32 30 33 18 18 31 27 31 6 44 21 18 22 10 24 33 38 18 6 32 32 21 46 39 6 34 7 27 37 33 16 9 28 38 17 22 40 22 31 15 22 41 27 42 16 47 0 13 16 21 16 38 23 22 42 16 29 31 31 28 33 39 26 44 15 38 15 25 42 43 28 12 22 11 16 22 20 21 40 30 16 40 31 39 43 35 26 30 26 8 31 31 43 41 43 23 25 10 40 42 14 13 39 9 4 27 26 6 30 30 45 30 48 29 24 11 24 26 24 14 17 40 42 38 19 22 21 17 21 28 16 28 30 28 11 8 17 27 26 23 34 19 10 19 27 19 22 32 19 20 48 12 40 34 28 26 26 19 35 19 14 30 22 28 3 20 31 13 44 26 15 29 22 34 38 15 43 1 41 18 7 21 23 26 26 12 34 35 32 22 33 36 40 28 29 36 30 23 9 15 35 23 17 27 37 13 44 42 10 15 19 13 17 11 26 3 45 42 41 31 31 7 49 16 37 32 24 28 21 23 42 22 22 35 41 17 32 31 38 37 29 31 28 34 41 37 39 36 19 26 43 24
48 49 21 65 18 27 37 15 38 25 31 13 12 57 14 37 28 51 41 44 28 40 11 31 22 53 46 46 5 59 28 45 58 33 45 36 13 8 21 33 12 16 40 39 35 29 32 35 35 31 43 34 23 37 12 37 9 8 46 40 38 48 42 38 47 43 50 33 51 17 19 6 15 42 45 18 56 29 38 41 37 36 43 15 42 36 52 39 28 26 30 40 22 28 9 12 15 48 32 43 33 23 37 33 39 29 30 36 27 30 12 38 30 14 57 24 32 50 25 22 55 6 3 13 15 27 44 29 33 45 56 28 7 43 23 36 43 23 35 18 21 32 61 32 9 17 45 39 24 35 29 58 16 54 39 23 24 45 39 60 29 25 46 60 46 49 33 9 42 39 27 44 35 34 8 12 27 28 57 21 33 29 52 42 33 33 40 51 27 22 18 20 54 12 19 40 4 10 56 52 15 14 20 41 32 44 49 19 26 42 21 14 26 25 8 45 25 3 13 26 10 23 19 38 43 31 10 42 15 36 24 40 41 53 28 41 28 11 33 46 30 39 31 35 25 13 48 22 54 12 22 50 12 35 33 59 34 12 12 36 19 48 47 35 8 49 13 39 30 56 14 57 46 42 10 44 32 45 12 35 24 8 31 32 22 23 39 15 18 17 48 20 16 21 45 18 31 38 31 47 13 21 11 16 40 37 45 44 15 14 44 44 15 16 39 40 3 36 40 43 34 16 44 36 43 26 10 42 39 39 19 55 23 7 27 22 35 45 50 5 8 41 30 16 58 49 10 45 17 32 41 38 28 12 29 49 18 34 52 31 26 4 35 43 39 42 28 58 13 0 20 18 12 47 34 34 46 18 17 43 43 15 45 43 14 55 13 36 26 34 52 54 20 22 19 18 25 35 32 28 45 43 14 37 44 51 54 47 38 42 24 18 36 43 52 45 55 11 33 22 48 48 24 16 51 15 11 34 16 18 41 29 53 35 59 41 33 4 36 14 13 10 26 44 41 49 20 11 30 19 9 38 25 20 18 31 21 18 30 39 38 34 43 31 17 21 17 14 27 44 26 15 46 16 45 45 39 37 31 7 47 25 10 42 10 19 14 32 27 26 53 39 23 41 14 35 44 24 42 13 50 6 12 14 30 34 38 21 47 45 39 14 43 43 52 15 42 44 33 10 17 5 38 35 5 36 41 8 43 41 18 24 17 26 29 19 37 15 57 43 41 19 43 19 47 24 47 40 34 39 32 13 53 29 11 31 46 5 38 41 48 46 28 43 25 46 43 39 50 39 18 39 53 13
64 31 31 64 32 37 46 35 25 16 12 11 19 57 30 36 35 54 53 35 37 24 10 43 8 49 45 62 20 58 25 56 57 50 61 32 29 25 32 15 26 26 22 22 19 47 45 49 46 41 59 37 7 20 30 34 23 13 49 38 27 51 27 50 36 53 55 46 53 28 17 22 24 52 47 22 58 16 22 28 46 18 56 21 57 29 55 55 27 44 26 37 27 45 11 31 34 52 21 28 20 38 40 39 35 35 48 31 19 13 21 42 42 11 55 21 17 44 42 4 57 26 20 27 10 12 34 39 43 57 57 18 13 27 12 27 54 32 22 34 29 33 61 36 15 9 27 41 19 52 23 58 36 55 55 23 27 51 26 58 15 43 37 61 48 46 22 12 54 37 42 30 34 33 27 8 39 45 59 33 48 14 54 51 51 44 46 52 26 21 27 33 58 12 27 57 20 30 56 49 32 6 3 51 38 31 51 36 43 44 3 34 7 24 26 37 29 18 17 43 11 34 36 37 38 32 18 26 23 53 42 43 56 50 40 29 44 23 25 59 21 50 45 49 10 18 48 26 56 9 32 56 29 52 21 60 15 15 31 38 33 56 54 42 25 44 29 49 40 55 34 54 56 55 13 28 30 33 23 52 31 17 25 24 19 40 35 21 27 31 48 3 34 39 44 37 23 50 13 57 8 2 20 20 49 22 29 58 13 8 39 57 6 31 35 47 17 28 50 44 23 27 29 45 45 8 16 43 38 46 16 53 36 19 8 23 22 43 45 24 15 23 46 34 56 52 13 29 23 42 53 48 28 9 43 49 4 33 49 37 45 19 30 57 36 57 29 58 16 20 0 35 29 51 22 28 58 2 31 30 28 31 43 54 28 56 10 53 13 16 53 54 39 10 36 5 9 29 24 9 55 37 30 55 34 45 54 44 28 36 40 23 46 36 56 56 51 28 14 15 54 57 11 5 46 25 19 43 35 21 25 45 58 45 60 27 39 16 23 32 25 27 31 56 57 48 34 31 35 32 28 41 31 40 29 44 9 12 23 32 23 36 47 17 6 4 25 13 37 32 34 12 63 5 55 43 39 38 41 26 39 6 11 29 28 38 14 19 45 22 58 27 8 38 33 49 53 9 58 15 54 24 11 16 11 41 31 27 40 29 47 33 46 50 50 29 36 51 45 27 8 18 50 27 23 41 52 13 59 57 25 10 8 21 20 7 38 14 54 57 56 30 38 20 64 32 29 47 18 26 20 33 54 11 31 49 56 24 48 44 50 50 43 33 42 34 57 53 49 51 34 32 56 32
30 60 34 58 6 16 25 9 46 32 44 25 29 50 24 34 20 42 25 47 17 50 26 17 34 50 41 29 22 53 30 30 51 16 27 37 6 10 13 45 10 31 52 50 44 13 15 18 21 19 26 29 35 49 6 37 24 25 38 38 43 40 50 22 50 28 39 17 43 30 26 14 15 27 38 20 49 37 48 47 25 48 26 31 25 38 43 22 28 9 32 39 20 11 25 16 18 38 38 50 40 6 31 23 39 22 14 37 33 42 15 30 15 31 52 28 41 50 7 36 47 15 20 26 27 38 48 18 21 29 48 35 23 53 32 41 27 15 42 2 16 28 54 25 26 34 55 33 28 18 33 52 13 46 21 25 23 34 45 54 38 9 48 52 38 46 39 24 26 36 10 50 33 33 14 27 15 11 49 10 16 39 44 30 16 19 30 44 27 26 32 9 44 29 16 23 21 14 50 48 4 29 34 26 23 50 40 2 9 36 35 12 39 26 11 47 21 19 20 9 24 12 2 35 44 28 17 51 16 19 8 33 24 48 14 46 11 27 38 29 36 24 15 18 37 19 42 21 45 27 14 38 22 18 41 51 47 29 19 31 7 35 35 25 21 48 6 24 17 49 13 52 32 25 23 53 30 50 28 17 19 18 34 36 26 5 39 17 14 7 42 35 4 7 41 9 36 22 44 33 28 37 16 20 27 45 53 26 33 30 43 27 31 26 38 30 20 39 26 36 40 30 51 25 36 39 27 35 36 29 26 51 8 24 42 24 43 40 49 18 20 52 12 3 52 39 23 54 18 20 25 25 27 26 12 42 34 32 49 24 10 21 36 27 38 25 25 50 21 18 35 0 7 38 42 37 29 34 27 49 50 24 41 28 26 48 30 18 36 46 45 47 11 33 1 31 37 37 37 42 31 43 5 20 47 50 46 43 43 42 7 19 23 45 42 30 51 20 46 29 37 34 34 31 50 14 18 22 13 21 49 12 43 22 50 47 25 21 43 18 27 9 21 28 24 44 6 13 24 8 15 30 20 11 32 15 32 28 34 42 46 28 34 39 30 37 32 32 15 49 18 33 29 30 32 42 34 32 17 17 49 39 27 48 17 12 23 40 10 30 42 44 35 39 9 18 30 36 25 22 40 19 25 31 44 25 41 19 47 55 27 8 34 30 46 28 42 32 17 21 29 23 21 40 18 27 26 25 25 24 16 35 34 30 35 32 33 24 52 25 24 32 43 22 30 17 57 29 45 47 40 11 45 42 15 15 31 15 25 33 39 36 10 47 8 51 26 22 45 23 5 41 44 16
37 55 29 59 8 18 29 8 42 28 39 19 23 52 20 33 21 44 30 45 20 46 20 21 29 50 42 35 15 54 28 35 53 22 34 35 3 4 13 40 5 25 47 45 40 18 21 24 25 22 32 29 30 44 2 35 18 19 40 37 40 42 46 27 48 33 42 22 45 25 21 8 11 32 39 17 50 33 43 43 28 42 32 26 31 36 45 28 26 15 30 38 18 17 19 13 15 40 34 46 36 11 32 25 37 23 20 35 29 37 11 31 20 25 53 25 36 49 13 30 49 9 14 21 21 33 46 20 24 34 50 31 17 49 27 38 33 15 38 6 16 27 55 26 20 27 51 34 25 24 30 53 12 48 27 22 21 37 41 55 34 15 46 54 40 46 35 18 31 35 15 47 32 32 9 21 18 17 51 12 22 34 46 33 22 23 32 46 25 23 27 10 47 23 14 29 14 10 51 48 4 23 28 31 25 46 42 8 15 37 29 10 34 24 4 45 20 13 15 15 18 14 8 35 42 27 12 47 12 25 14 34 30 48 18 43 17 21 35 34 32 29 21 24 32 14 43 19 47 20 15 41 17 24 37 53 41 23 15 31 9 39 39 27 15 47 2 29 20 50 11 52 36 31 17 49 29 47 22 24 18 13 32 33 23 12 37 14 12 7 43 29 5 11 41 10 33 27 39 37 22 30 11 16 31 41 49 33 26 24 42 33 25 21 36 32 14 37 30 37 36 25 47 28 37 33 21 36 36 32 22 51 12 17 36 21 39 40 48 12 14 47 19 5 53 42 17 50 14 24 30 29 25 20 18 43 28 31 49 25 16 15 34 33 37 31 24 52 16 12 29 7 0 40 38 34 35 28 23 45 46 20 41 33 22 49 23 25 31 41 46 49 13 27 8 25 31 35 34 36 35 41 4 26 45 49 48 43 40 41 13 15 26 43 44 35 51 16 40 25 40 39 29 25 49 12 13 25 12 18 45 18 46 26 52 44 26 14 39 15 21 3 21 33 30 45 9 9 25 9 10 31 19 13 26 20 27 23 31 40 42 29 36 35 25 31 26 25 18 46 19 26 35 25 36 42 34 32 21 11 47 33 21 44 13 13 18 36 17 27 45 41 30 38 8 23 34 31 31 17 43 13 19 25 38 27 39 17 45 51 30 6 36 34 47 23 40 35 22 16 23 17 27 37 13 29 31 19 32 30 14 30 28 27 31 26 33 19 53 32 30 27 41 19 36 17 52 32 40 43 36 9 47 37 11 20 36 10 29 35 41 39 17 45 14 48 32 27 45 28 8 39 46 13
41 58 68 21 33 23 13 46 41 38 54 43 58 15 59 18 20 6 24 32 21 49 48 22 45 21 14 39 52 18 28 20 16 35 38 24 37 41 27 52 37 63 55 51 45 42 27 28 20 19 36 15 47 52 42 22 56 51 4 19 36 4 45 23 35 17 5 25 6 63 35 42 33 17 6 32 12 41 48 39 14 52 28 61 32 28 5 35 25 39 28 20 27 40 47 52 54 2 37 45 39 33 13 15 23 19 41 25 35 49 36 10 24 55 19 31 43 27 37 50 10 48 50 60 43 44 35 20 17 22 12 37 47 51 41 33 21 25 39 36 27 19 17 17 53 56 53 12 33 38 31 17 50 10 36 29 26 5 39 19 43 43 31 15 5 18 37 46 23 18 31 42 20 21 48 48 24 36 12 29 30 44 8 11 41 21 8 10 26 31 65 30 7 54 29 41 51 50 14 19 39 49 49 17 16 40 5 38 36 10 50 49 52 28 43 30 24 46 38 40 46 27 39 17 25 20 39 48 33 40 39 9 32 17 25 38 34 58 33 29 35 20 28 30 46 37 10 26 9 47 26 7 56 40 40 14 54 56 55 15 32 10 7 13 54 24 39 18 22 15 50 19 15 28 43 49 22 39 59 39 24 41 30 32 33 38 22 34 30 34 12 54 41 44 15 46 34 24 53 16 47 53 37 34 14 43 48 31 58 52 22 28 52 61 22 9 48 31 17 9 37 63 45 14 8 50 55 10 17 9 36 19 30 53 54 29 41 14 25 50 43 54 36 40 19 2 44 50 32 18 22 16 24 46 30 10 53 20 20 17 42 50 26 27 21 33 23 14 38 47 51 38 40 0 40 29 24 52 62 41 44 59 15 19 60 12 53 39 43 51 10 13 48 43 37 47 47 27 33 53 16 25 37 41 34 25 10 18 35 26 35 31 17 28 5 18 22 55 54 37 5 13 43 49 25 32 38 17 50 32 46 34 7 18 13 41 15 48 40 54 59 41 22 22 36 14 33 49 18 32 50 11 23 48 65 25 43 40 32 30 44 16 5 42 46 55 63 57 23 38 22 58 40 48 14 16 14 14 21 50 30 52 52 39 52 49 40 41 39 31 7 37 46 19 46 29 14 46 36 39 3 51 44 58 53 14 29 27 26 52 12 45 6 10 15 62 24 7 25 55 44 52 25 33 50 12 21 50 38 37 31 45 56 32 35 45 15 39 20 31 33 65 24 32 40 24 54 9 47 42 40 48 9 51 51 42 17 48 15 8 4 2 33 35 38 39 30 29 13 24 34 28 6 52
66 20 51 47 37 36 40 46 4 11 16 23 39 41 48 23 30 41 51 15 34 10 26 42 14 31 30 64 37 41 15 52 40 53 63 17 37 35 33 13 33 45 15 11 5 54 46 49 44 38 61 28 15 13 40 19 41 31 37 23 6 39 8 48 15 48 45 46 40 48 17 33 28 47 35 23 43 7 8 7 40 13 55 41 57 13 43 57 19 50 14 21 25 52 27 46 49 41 5 9 3 43 29 34 18 30 55 16 9 11 28 33 42 31 38 15 5 24 48 19 43 40 36 45 21 10 13 37 39 53 42 8 29 13 13 9 51 32 1 40 28 24 45 28 33 30 15 29 14 56 12 41 48 41 57 18 22 42 5 41 7 51 17 45 36 29 4 27 51 23 45 10 21 20 41 25 38 50 45 36 49 8 41 44 56 42 37 38 19 17 47 36 46 31 28 61 37 44 40 32 40 24 20 47 32 10 39 43 49 31 19 46 17 18 37 17 26 31 24 50 26 35 44 24 19 23 27 10 27 58 49 33 56 33 40 8 48 41 8 58 8 47 47 51 12 24 33 24 41 25 33 46 46 57 1 45 15 35 46 27 37 47 45 35 42 25 37 45 39 39 47 37 50 54 24 11 19 12 42 57 28 28 12 9 16 47 19 25 30 36 33 24 43 49 29 47 8 49 15 51 23 23 27 23 43 3 12 58 34 27 22 56 26 49 20 39 33 10 45 32 4 46 10 39 33 15 35 31 24 38 17 35 39 37 18 19 1 28 26 39 28 14 51 42 39 40 26 13 25 38 50 43 20 24 45 34 25 22 31 30 52 36 15 55 21 58 22 43 23 34 22 42 38 40 0 12 55 23 49 9 9 49 28 50 46 41 29 57 10 12 39 39 50 14 43 19 14 14 8 17 49 19 37 59 13 26 40 27 7 18 46 24 42 17 44 51 32 45 15 14 44 49 12 23 27 28 26 39 48 22 8 49 46 41 45 7 32 32 2 48 43 37 27 52 59 33 39 44 28 36 43 32 27 50 48 44 15 16 10 13 5 27 37 5 19 24 45 33 37 11 31 33 65 22 48 28 27 27 39 41 19 18 30 8 44 50 22 4 51 14 46 6 14 22 45 50 47 13 60 23 42 40 24 36 17 34 13 25 21 14 40 44 36 43 34 47 19 42 45 44 19 35 49 8 39 33 49 30 61 60 27 13 29 13 8 17 26 21 36 57 57 49 20 21 66 30 16 39 8 5 2 45 40 15 45 56 51 39 43 34 38 40 47 12 48 13 56 53 34 50 39 14 43 47
58 30 53 37 31 27 30 42 13 13 26 24 42 31 48 12 21 30 42 11 26 21 29 33 20 22 19 55 38 31 8 42 30 46 54 5 33 33 26 24 29 48 26 22 17 48 37 41 34 29 52 17 22 24 36 7 42 33 26 12 8 28 17 39 14 38 33 37 28 50 16 31 23 37 24 19 32 13 19 12 30 24 46 44 48 2 32 49 10 44 6 11 18 46 29 44 47 30 9 17 10 36 18 24 8 21 48 4 10 21 25 22 33 35 28 11 15 17 41 25 32 38 36 47 23 18 12 28 29 43 31 10 30 23 16 5 41 24 11 35 21 14 35 18 36 35 25 18 11 49 6 31 46 30 49 12 15 31 11 31 15 46 12 34 25 19 8 28 42 12 38 15 10 9 39 28 30 43 34 29 41 16 30 33 49 33 26 27 11 13 49 30 35 35 22 53 37 42 30 22 36 27 25 37 22 14 28 38 42 20 26 44 26 12 35 11 18 32 22 44 27 27 39 13 10 13 25 20 22 51 43 22 48 23 32 11 41 43 4 49 7 37 38 42 19 22 23 17 31 28 25 35 46 50 12 34 26 39 46 16 31 36 34 25 42 17 34 35 30 29 45 27 39 45 25 21 9 14 44 49 20 27 4 4 13 41 9 22 24 31 22 30 39 44 18 44 6 39 25 40 26 29 25 20 33 14 20 49 38 32 12 46 30 50 9 28 33 3 35 21 9 48 18 29 22 23 37 20 13 27 16 26 32 39 27 13 12 18 17 39 27 25 44 38 29 29 26 22 20 29 40 33 12 26 38 24 30 11 22 20 46 36 4 46 10 49 13 32 22 34 28 37 34 29 12 0 45 29 50 14 16 49 17 40 48 30 33 50 16 22 28 28 47 18 37 24 21 2 5 26 39 10 33 52 11 18 29 17 8 9 39 19 32 9 33 41 24 44 26 14 33 39 17 27 19 24 24 29 46 18 17 42 35 32 34 13 22 32 11 46 45 34 19 42 51 22 33 42 18 30 41 21 19 47 51 35 19 18 5 6 15 16 26 14 23 31 48 37 28 13 22 37 56 26 38 17 16 16 30 40 13 26 33 13 43 47 22 13 45 9 35 10 20 12 42 42 36 20 51 22 31 39 25 40 26 24 5 19 13 24 30 40 25 33 24 49 9 31 36 44 22 36 40 4 38 22 39 32 53 52 22 19 34 9 8 22 15 21 27 48 48 51 10 17 57 22 26 28 19 14 11 43 29 24 43 49 40 38 33 23 27 28 40 11 42 14 47 44 23 40 33 5 32 45
17 74 63 43 29 21 16 37 58 48 64 47 57 38 53 35 26 29 5 52 22 65 51 16 54 45 36 16 50 42 40 5 40 18 15 42 33 38 27 64 34 60 69 65 59 26 15 12 12 18 13 29 56 66 35 40 52 52 27 38 53 27 62 9 55 9 22 14 30 58 43 41 35 9 29 37 35 53 63 56 15 65 5 60 9 45 28 14 37 25 41 40 33 25 50 45 46 23 51 62 53 24 29 22 42 25 25 42 48 60 38 25 17 58 42 41 56 49 25 58 33 43 48 55 49 56 54 20 17 3 35 49 49 67 50 49 5 26 54 29 30 32 40 28 54 60 69 30 43 19 44 40 40 33 15 39 34 19 56 43 55 29 51 38 28 41 52 49 5 37 20 60 36 37 42 52 20 21 34 26 15 56 31 14 22 14 21 33 37 40 61 27 26 56 32 19 49 43 38 42 32 53 56 9 24 58 28 29 23 31 58 40 61 38 39 50 30 45 41 26 49 25 30 35 45 33 41 64 35 20 26 27 10 41 19 56 20 55 48 5 48 9 15 13 56 40 34 33 32 51 26 20 50 21 55 37 65 57 48 30 28 16 18 21 50 46 34 10 18 38 41 43 10 6 46 65 37 58 56 20 29 43 44 46 42 26 41 37 31 30 35 60 33 32 37 35 48 8 64 9 51 60 39 39 13 58 65 8 60 56 43 5 56 54 40 19 48 47 10 30 52 59 62 17 29 59 55 30 36 20 44 43 24 52 63 38 56 36 47 46 45 68 21 32 42 26 47 67 36 17 6 13 35 50 18 33 58 35 44 25 27 49 42 4 40 10 34 37 42 46 58 29 35 24 55 45 0 58 56 59 61 52 37 6 55 35 56 20 53 64 33 36 37 52 28 53 56 44 48 62 9 45 32 21 53 48 34 40 52 45 24 36 14 48 26 7 45 49 65 46 20 12 52 54 47 34 40 17 41 38 62 20 25 14 36 58 24 47 55 46 56 37 29 3 13 37 27 41 28 27 44 26 29 36 60 15 51 48 45 48 59 29 24 55 52 61 61 59 21 56 26 60 17 54 11 38 32 31 17 45 51 60 54 57 46 38 45 54 24 42 24 54 55 39 37 13 11 55 13 43 26 47 48 59 64 22 47 32 47 68 16 36 25 15 38 57 44 18 13 50 50 51 9 49 47 24 6 52 15 16 33 54 60 43 48 53 32 45 44 8 11 61 44 39 16 27 70 19 61 58 54 40 33 62 44 25 8 44 13 26 28 24 20 54 25 58 7 9 37 7 28 46 29 44
63 33 29 65 31 37 45 33 27 17 14 11 17 58 28 37 35 54 53 37 37 26 8 42 10 50 46 61 18 59 26 56 58 49 60 33 28 24 31 17 25 24 24 24 21 45 44 48 46 41 58 38 9 22 29 35 21 12 50 39 29 52 29 50 38 53 55 45 54 26 17 20 23 52 48 21 58 18 24 30 46 20 56 19 56 30 56 54 28 42 27 38 27 44 10 29 32 53 23 30 22 37 40 40 36 36 47 32 20 15 20 42 41 9 56 22 19 45 40 6 58 24 18 25 9 14 36 39 43 56 57 20 12 29 13 29 54 32 24 33 29 34 62 36 13 7 29 42 20 51 24 59 34 56 54 23 27 51 28 59 17 42 39 61 49 47 23 10 53 38 41 32 35 34 25 7 38 44 60 33 47 16 55 51 50 44 46 53 27 21 25 32 58 10 27 56 18 28 57 50 31 5 4 51 38 33 52 35 42 44 5 32 9 25 25 38 30 16 17 42 10 33 35 38 39 33 18 28 23 52 41 44 55 51 40 31 43 21 26 59 22 50 45 49 12 18 49 27 56 8 32 56 27 51 22 61 17 13 29 38 32 56 54 42 23 45 28 49 40 56 32 55 56 55 12 30 31 34 21 51 30 16 26 25 19 39 37 21 27 30 48 2 33 38 45 35 24 50 15 57 7 3 19 20 49 24 31 57 11 6 40 57 4 29 36 47 15 29 50 45 24 25 31 44 46 10 14 44 39 46 16 54 36 17 10 23 24 44 46 22 14 25 45 33 57 52 12 31 23 42 52 48 29 8 42 50 2 34 50 37 43 17 31 56 37 56 29 59 16 18 2 34 28 52 23 29 58 0 29 31 30 29 44 54 26 56 8 52 14 18 54 55 37 11 35 6 10 30 25 11 55 38 29 53 35 47 55 45 29 37 39 23 46 37 56 56 52 26 16 16 54 57 13 4 47 24 18 43 34 21 27 44 58 45 61 29 39 15 25 30 23 25 32 55 56 49 33 29 35 32 27 41 31 38 27 43 10 12 24 33 25 37 48 19 7 4 23 11 37 34 34 10 62 4 55 44 40 38 41 24 41 8 9 31 26 37 14 20 44 23 58 29 10 39 32 48 53 11 57 15 54 22 10 14 13 41 32 26 42 31 47 32 47 51 51 27 38 51 45 25 9 16 50 28 21 41 52 11 58 56 25 11 6 22 22 8 39 13 55 56 55 28 39 21 63 32 31 47 20 28 22 31 55 13 29 48 56 23 48 45 51 51 43 34 41 36 56 52 50 51 33 33 56 31
53 61 7 81 30 41 51 20 53 40 42 27 12 73 4 53 43 66 51 60 42 53 24 43 36 69 62 53 13 75 44 57 74 41 52 52 26 22 35 45 26 8 52 52 49 34 42 44 47 45 51 50 36 50 22 53 9 19 61 56 53 63 56 49 62 55 64 44 66 4 35 21 30 54 61 34 72 43 52 56 50 48 52 12 50 52 67 47 44 33 46 57 38 34 23 12 11 62 47 57 47 33 53 47 55 44 36 52 42 43 28 53 42 21 73 40 46 66 32 34 71 15 15 4 29 41 60 43 47 56 71 43 21 57 37 52 54 37 49 28 37 48 77 47 16 23 58 55 39 42 45 74 18 69 46 39 40 59 53 76 43 30 62 75 61 65 48 23 53 55 37 58 51 50 15 25 40 36 73 34 42 43 68 56 39 46 55 67 43 39 8 33 69 20 34 45 13 13 72 68 25 27 32 53 47 59 64 28 34 58 33 17 37 41 20 61 40 19 29 32 24 36 27 54 60 47 26 56 31 42 31 56 49 69 40 56 37 9 49 55 45 51 42 44 39 29 64 38 69 25 37 64 6 41 48 75 45 16 9 52 31 62 61 50 9 65 24 51 43 71 16 73 59 51 26 58 48 60 9 41 39 24 47 47 38 30 56 31 33 29 64 29 24 26 61 22 47 49 43 60 27 31 27 32 53 51 59 52 19 24 60 53 26 2 55 55 18 52 52 59 49 6 58 50 58 38 16 57 55 54 35 72 34 13 38 39 50 60 66 13 23 53 37 25 74 64 25 59 33 46 52 51 44 26 39 64 28 50 68 46 32 14 51 53 55 50 44 73 29 17 31 27 23 62 49 50 56 29 0 57 57 4 61 55 3 71 22 42 40 47 68 70 21 36 28 31 38 51 48 39 57 59 27 42 59 67 69 63 53 58 33 34 49 59 67 57 71 8 44 37 62 61 38 27 68 31 27 47 17 34 55 37 68 48 74 55 48 19 50 11 7 22 42 55 49 65 31 15 46 32 13 53 40 22 6 42 35 33 45 55 52 49 58 45 31 30 9 19 40 59 41 20 53 29 58 62 55 52 44 13 63 36 20 57 11 20 29 46 34 42 68 54 37 57 19 44 56 38 50 29 65 12 26 16 41 49 54 37 63 59 52 20 58 56 68 3 58 58 44 8 31 15 48 51 13 51 52 20 50 48 33 38 24 42 44 33 53 30 73 51 49 6 59 35 54 39 60 54 48 54 47 17 68 41 13 35 58 15 52 56 63 61 37 59 32 61 52 48 66 50 30 55 68 13
71 18 59 44 43 41 43 53 5 18 22 31 47 39 56 24 35 40 55 10 39 11 34 46 23 28 28 69 45 38 20 55 37 59 68 18 44 43 39 19 41 54 17 13 11 60 51 54 48 42 65 30 23 16 47 19 49 39 37 22 6 39 6 52 9 51 45 50 39 56 25 41 35 50 35 30 41 15 11 3 44 17 59 49 62 14 42 62 24 56 19 21 30 58 35 54 57 42 12 4 11 49 31 37 18 35 61 17 17 18 35 35 46 39 35 22 13 20 54 26 41 48 44 53 29 18 8 41 43 56 40 16 37 11 21 10 54 37 9 47 34 27 42 32 42 38 14 31 21 62 17 38 56 39 62 24 28 43 4 38 15 58 13 43 36 27 11 35 55 23 51 2 23 23 49 33 43 56 43 42 55 16 40 46 62 47 39 36 24 24 55 42 45 39 34 67 45 52 38 28 47 32 28 50 35 2 38 50 55 31 27 54 25 24 45 12 31 40 32 57 34 40 51 25 17 27 35 9 34 64 55 34 61 31 45 3 54 50 12 62 14 51 52 56 20 32 33 30 40 33 38 47 54 63 10 43 20 44 55 29 44 49 46 38 50 22 45 49 43 37 55 34 52 59 33 9 22 4 50 62 33 36 16 14 23 53 19 32 36 43 31 32 50 56 27 55 13 53 21 53 31 31 35 30 46 8 8 62 42 36 20 60 34 57 20 41 41 12 49 32 10 54 5 42 34 23 43 32 24 40 25 32 45 45 25 25 8 28 22 48 36 16 57 49 36 40 34 10 32 42 54 47 25 32 51 33 33 24 28 34 58 44 17 59 21 62 26 41 31 43 30 49 45 41 9 14 59 31 57 0 3 57 26 53 54 39 37 63 18 17 37 37 58 22 49 28 22 15 13 24 52 17 44 65 8 22 38 25 7 16 52 31 46 14 44 54 29 53 21 22 45 51 20 31 23 35 34 42 56 28 7 55 46 45 43 3 35 40 8 55 52 44 32 56 64 31 45 52 32 43 51 34 32 58 57 49 23 25 16 12 8 30 38 13 27 32 53 41 42 5 36 41 70 30 51 26 28 29 44 49 15 26 38 2 52 57 29 12 57 20 46 5 22 22 52 55 49 21 65 31 42 48 32 44 23 37 12 31 17 12 43 51 37 46 32 56 17 44 50 52 27 43 54 10 47 35 53 38 66 65 33 21 37 19 15 25 28 28 33 61 62 58 18 27 70 35 14 41 13 4 11 53 38 22 53 62 53 46 46 35 38 40 53 6 55 5 61 57 32 54 45 13 42 55
73 15 58 47 44 43 45 54 5 19 20 30 47 42 56 27 37 43 57 13 41 8 34 48 22 31 31 71 45 41 22 58 40 60 69 20 45 43 40 17 41 53 14 11 9 61 53 56 50 44 67 33 22 14 48 22 49 39 40 25 8 42 3 54 12 53 48 52 42 55 25 41 36 53 38 31 44 14 8 5 46 15 61 48 64 16 45 64 25 57 20 24 32 60 35 54 57 45 12 1 11 50 33 39 21 37 62 19 17 17 36 37 48 38 38 23 12 23 55 25 44 48 44 53 29 17 11 43 45 59 43 16 37 8 20 12 57 39 9 48 35 30 45 34 41 37 11 33 22 63 19 41 56 42 64 26 29 46 5 41 15 59 16 46 39 30 11 35 57 26 52 3 26 25 49 33 45 57 46 43 56 15 42 49 64 49 42 39 25 25 54 43 48 39 35 68 45 52 41 31 48 31 27 52 37 5 41 51 56 34 26 54 23 25 45 15 33 40 32 58 34 42 52 27 20 29 35 6 35 65 56 37 63 34 47 6 55 49 13 64 15 53 53 58 19 32 35 31 43 33 40 50 54 65 10 46 18 43 55 32 45 51 49 40 50 25 45 51 45 40 55 37 55 61 33 6 25 7 49 64 35 36 18 15 24 54 22 33 37 44 34 31 51 56 30 55 14 55 19 55 31 29 35 31 48 7 5 64 41 35 23 62 33 57 22 43 41 14 51 35 10 54 2 45 36 22 42 35 27 42 25 35 47 45 24 26 8 31 25 48 36 13 58 50 39 43 33 7 33 44 56 49 27 32 52 36 32 26 31 36 60 44 19 61 23 64 28 44 31 43 28 50 46 44 9 16 61 30 57 3 0 57 29 55 54 42 37 64 18 15 40 40 58 22 50 27 20 18 14 22 54 20 45 67 11 25 41 28 9 19 53 32 48 17 47 56 32 53 19 22 48 54 20 30 26 36 34 44 56 29 4 57 49 47 46 3 37 40 8 56 51 45 34 58 66 34 46 52 34 44 51 36 34 58 56 50 23 25 17 14 6 32 41 13 27 30 52 40 43 8 38 40 72 29 53 29 31 31 46 49 18 24 37 5 52 58 30 11 59 21 49 7 21 25 53 57 52 20 67 31 45 47 32 43 21 40 15 33 20 9 45 52 39 48 35 55 20 47 52 52 27 43 56 13 46 38 55 38 68 67 35 20 36 21 16 25 31 29 36 63 64 57 21 28 72 37 11 44 11 4 11 53 41 20 53 63 56 47 48 38 41 43 54 9 56 8 63 59 35 56 47 16 45 55
49 61 11 78 27 38 48 16 53 39 43 27 14 70 2 51 40 63 48 59 39 54 24 40 36 67 60 49 12 73 43 53 71 37 48 51 23 19 32 45 23 11 52 52 49 30 39 41 44 41 47 48 36 50 19 51 9 19 58 54 52 61 56 45 61 51 61 40 63 8 34 19 28 51 58 32 69 43 52 55 47 48 48 15 46 50 64 43 42 29 45 55 35 30 22 8 7 59 46 57 47 29 50 44 53 42 32 50 41 43 26 50 39 22 71 39 46 65 28 34 68 12 14 6 29 41 59 40 44 52 69 42 21 57 37 51 51 34 49 25 34 45 74 45 17 25 58 53 38 38 44 72 14 66 42 38 38 56 53 74 43 26 60 73 59 63 47 23 49 52 33 58 49 48 12 25 37 32 70 31 38 42 65 52 35 42 51 64 41 37 11 30 66 20 32 41 13 10 70 66 22 27 32 49 44 58 61 24 30 55 33 13 37 39 17 59 38 18 27 28 24 33 23 52 58 45 24 56 29 38 27 53 45 66 37 55 33 10 48 51 44 47 38 40 39 27 61 36 66 25 34 60 4 37 48 72 46 17 5 49 28 58 58 47 8 64 21 48 39 69 12 70 55 47 25 58 46 59 10 37 37 23 46 46 36 26 54 29 30 26 61 30 20 22 59 18 46 45 43 56 27 32 25 30 50 51 59 49 21 24 58 49 26 2 53 52 17 50 49 56 48 9 58 47 56 38 16 55 53 51 33 69 31 13 39 37 50 58 64 10 22 53 33 22 72 61 24 59 31 43 48 48 42 25 35 62 29 48 66 44 28 14 49 50 53 46 41 71 28 15 31 24 20 59 49 49 52 29 4 57 57 0 58 51 5 68 22 38 40 47 65 67 17 36 25 31 38 50 47 40 54 57 23 38 58 65 66 61 52 57 29 31 45 58 64 54 69 5 45 36 59 57 38 28 66 29 26 44 13 32 54 33 65 45 71 55 45 18 50 7 8 19 39 51 45 63 28 12 43 28 10 50 38 18 10 39 35 33 44 54 52 47 55 45 31 31 12 21 37 58 38 22 49 29 55 59 52 50 40 10 62 36 21 56 8 16 28 46 30 41 64 53 37 55 15 40 53 38 46 27 62 10 26 18 42 46 53 34 61 59 49 17 55 53 65 6 56 55 40 6 31 15 45 50 11 48 49 20 46 44 31 38 26 40 43 33 51 29 71 48 45 10 57 33 50 36 60 51 48 54 47 13 66 41 9 31 54 12 48 54 60 58 33 58 28 60 48 44 64 46 27 53 65 9
53 44 65 22 35 27 23 48 28 28 42 37 54 14 58 8 21 14 35 17 25 36 42 30 35 10 2 50 49 15 19 33 14 44 49 12 38 40 29 40 36 60 42 38 33 49 35 37 29 26 47 13 37 39 43 10 53 46 12 6 23 13 31 33 20 29 20 34 13 61 28 40 31 29 10 28 16 29 35 25 24 40 39 57 43 16 16 45 17 45 17 7 24 47 42 52 55 17 25 30 27 38 10 20 10 20 48 13 25 37 34 14 31 49 13 23 31 12 43 41 15 47 47 58 36 34 20 25 25 35 15 26 42 37 31 19 33 26 27 39 26 14 19 16 49 50 39 9 24 47 20 15 52 13 46 22 21 19 26 16 31 48 16 18 10 6 25 41 35 7 38 28 10 11 48 42 29 42 18 31 39 32 14 24 49 29 17 10 19 24 61 33 19 48 27 51 48 50 13 8 41 42 41 29 19 26 13 41 43 7 41 50 42 21 43 15 22 42 33 46 40 29 43 7 10 14 35 34 30 49 45 11 43 8 30 24 40 55 21 42 23 31 36 39 35 32 7 23 15 41 27 22 55 49 28 18 42 51 55 11 35 25 22 19 52 9 39 28 28 13 52 13 29 39 37 34 14 24 56 48 23 37 19 20 25 43 9 30 29 35 5 46 44 48 1 49 22 34 41 30 40 45 34 30 25 30 34 43 52 46 7 40 45 60 9 18 44 18 28 8 25 60 31 22 9 39 50 8 6 18 29 11 34 50 43 23 27 2 10 49 39 41 44 42 14 14 39 36 29 25 33 26 18 40 37 8 45 11 9 18 48 47 14 39 8 44 18 16 33 45 43 41 41 15 28 17 37 44 61 26 29 58 0 31 58 14 47 48 32 39 11 12 51 34 41 39 37 15 21 42 29 10 38 50 19 11 13 4 22 11 41 28 26 13 18 32 11 54 42 28 20 27 33 42 11 31 34 24 52 27 32 42 20 26 18 27 17 44 26 55 57 41 21 34 46 6 35 49 17 34 50 13 22 51 62 33 34 32 21 16 31 13 14 30 38 46 60 51 28 23 23 51 51 40 28 1 8 10 28 49 15 42 46 25 52 52 34 29 46 22 20 24 36 6 48 38 27 36 47 34 16 49 38 53 42 19 16 25 11 38 22 46 13 23 8 60 10 20 33 54 36 48 35 20 49 16 32 45 49 48 28 35 49 22 24 37 9 33 13 42 44 63 9 27 52 25 40 19 35 28 28 49 12 41 51 49 31 47 25 12 12 15 39 21 44 24 41 39 7 34 37 15 16 53
23 69 62 39 26 18 10 36 52 44 60 44 55 33 52 29 21 24 6 46 18 59 48 13 49 39 30 21 48 37 35 3 35 19 20 36 31 35 23 59 32 58 64 60 54 28 14 13 9 14 17 23 51 61 34 34 50 49 21 33 48 22 56 7 49 3 17 12 25 57 39 38 32 3 23 33 29 48 57 51 10 60 9 58 14 40 22 17 31 25 36 34 28 26 46 44 45 18 46 56 48 23 23 17 36 20 26 37 43 55 34 19 14 55 37 36 51 43 25 54 27 42 45 54 45 51 49 16 12 4 30 44 46 62 46 44 2 23 49 27 26 26 35 22 51 56 64 24 38 22 39 35 40 28 18 34 29 14 50 38 50 29 45 33 23 35 46 45 5 31 19 54 30 31 41 49 17 22 29 23 15 51 26 8 25 11 15 28 32 36 59 24 22 53 28 23 47 42 33 37 31 50 52 4 19 53 23 28 23 25 53 39 56 33 37 45 26 43 38 27 46 22 29 30 40 27 37 59 32 23 27 21 14 35 16 50 20 53 43 11 43 5 14 14 51 37 28 29 27 48 23 15 49 24 49 32 61 54 47 25 25 11 12 15 48 40 32 6 14 33 41 37 5 10 43 60 31 52 54 23 24 40 39 41 37 26 35 34 28 27 29 56 32 32 31 35 43 8 59 5 48 56 35 35 8 53 60 13 57 53 37 10 53 53 34 14 45 42 5 24 47 57 57 11 23 55 52 24 30 14 40 38 21 50 58 33 50 30 41 44 42 63 22 30 37 21 44 61 32 13 4 7 30 47 17 28 55 30 38 20 28 46 37 9 34 15 29 31 39 43 54 28 33 19 50 40 6 54 55 53 55 51 31 0 54 30 53 22 49 59 28 31 37 47 27 49 52 38 42 58 4 39 30 24 47 42 29 34 47 40 24 32 9 42 21 3 39 48 60 42 14 8 48 51 42 31 37 12 40 34 57 20 21 10 31 53 19 45 50 46 54 35 24 4 18 31 25 40 22 25 43 20 25 36 59 13 47 44 40 42 54 24 18 50 48 57 59 56 17 51 21 57 22 50 6 32 26 25 13 44 45 56 51 52 45 38 41 49 25 37 20 49 50 33 37 13 6 51 18 40 21 45 45 56 59 16 42 28 42 63 10 35 19 9 33 55 38 12 12 49 46 48 8 43 45 18 3 49 20 20 30 50 57 38 43 49 26 41 38 12 15 59 38 34 22 23 65 13 56 53 49 39 28 57 43 27 3 42 8 20 22 18 20 49 25 52 11 11 31 7 26 41 23 43
54 58 8 78 29 39 49 20 50 37 39 25 9 71 4 50 41 64 50 57 40 50 21 42 33 67 60 53 10 73 42 56 71 41 51 50 24 20 34 42 24 6 49 49 46 34 41 44 46 43 51 48 33 47 21 51 6 16 59 54 50 61 53 48 59 54 62 43 64 4 32 19 28 53 58 31 70 40 49 53 49 45 51 10 50 49 65 47 42 33 43 54 35 33 20 11 12 60 44 54 44 32 51 45 52 42 36 49 39 40 25 51 41 18 71 38 43 64 32 31 68 13 12 1 26 38 57 41 45 55 69 40 18 54 34 49 53 35 46 27 34 45 75 45 13 20 55 53 37 41 42 72 18 67 46 37 38 57 51 74 40 30 59 73 59 63 45 20 52 52 36 55 49 48 13 22 39 36 71 33 41 40 66 54 39 44 53 65 40 36 7 31 67 17 32 46 11 13 70 66 24 24 29 52 45 56 62 27 34 56 30 16 34 38 18 58 38 17 26 32 21 35 26 52 57 45 24 53 29 42 31 54 49 66 39 53 36 6 46 54 43 50 41 43 36 27 61 36 67 22 35 62 5 41 45 73 42 13 9 49 30 60 59 48 7 63 23 50 41 69 16 70 57 51 23 55 45 57 6 41 37 22 44 45 35 30 53 28 31 28 61 26 23 25 59 21 44 48 40 58 24 28 25 29 51 48 56 52 17 21 57 52 23 4 52 53 15 49 51 56 46 5 55 49 56 35 13 55 53 52 32 69 33 10 35 36 47 58 64 10 21 50 37 24 72 62 22 56 30 44 51 50 41 23 38 62 25 48 66 44 32 12 48 53 53 50 41 71 26 14 28 26 22 60 46 48 55 26 3 54 54 5 58 54 0 68 19 42 37 44 66 68 22 33 27 28 35 48 45 36 56 56 25 43 56 65 67 60 50 56 32 31 47 56 65 56 68 7 41 34 60 60 35 24 65 29 25 46 17 32 52 37 66 47 72 52 46 16 47 11 4 20 39 54 49 63 30 15 44 30 12 51 38 23 6 41 32 31 43 52 49 47 56 42 28 27 7 16 39 56 39 18 53 26 57 59 52 50 42 11 61 33 17 54 10 21 26 43 34 39 66 51 34 55 19 43 55 35 50 26 63 10 23 13 38 47 52 34 60 56 51 20 56 55 65 2 55 56 43 6 28 12 47 48 10 49 51 17 49 47 31 35 21 39 42 30 51 27 70 51 49 6 56 32 54 37 57 52 45 51 44 17 66 38 13 36 57 13 50 54 61 59 36 56 32 58 51 47 64 49 29 52 66 13
52 56 76 11 42 32 24 56 41 41 55 49 65 3 68 20 28 6 34 29 31 49 53 33 48 14 12 50 59 8 31 31 6 46 49 25 46 49 36 53 45 71 54 50 46 53 38 39 31 30 47 21 50 53 51 23 63 57 10 19 35 9 44 34 32 28 14 36 6 71 40 50 41 27 10 38 2 42 47 38 25 53 39 68 43 29 8 46 29 49 30 20 34 51 53 61 64 12 38 43 40 43 18 25 23 27 52 26 38 50 44 19 34 61 9 35 44 21 48 54 3 56 57 68 48 47 32 30 28 33 1 39 54 50 44 33 32 34 40 46 34 24 7 24 60 62 52 16 37 49 33 5 59 2 47 34 32 17 39 9 44 53 27 5 10 13 38 52 34 19 42 40 22 23 57 54 34 46 5 38 41 45 4 23 51 32 19 4 31 36 72 40 10 60 37 52 59 59 4 12 48 54 53 29 25 38 8 48 47 13 54 58 55 33 52 27 31 53 44 50 52 36 49 19 23 25 46 47 40 51 50 15 42 9 35 37 44 66 34 40 36 31 39 41 48 43 8 33 4 53 35 16 65 51 41 5 55 63 64 20 42 20 18 23 62 19 48 29 32 4 60 9 26 39 49 47 26 36 66 50 32 48 32 33 38 48 22 41 38 43 9 58 51 54 13 56 35 35 54 26 52 58 44 40 25 43 46 42 64 58 20 39 57 69 22 19 55 31 28 13 38 71 43 25 13 52 61 14 19 19 41 10 40 61 56 35 41 13 19 58 50 54 47 49 8 10 50 48 39 28 32 27 29 52 40 7 58 23 13 25 52 58 27 38 21 44 29 3 44 55 56 48 49 12 41 30 35 56 71 39 42 68 14 30 68 0 59 50 45 52 3 3 58 46 47 51 50 28 34 55 27 23 46 52 31 19 2 15 34 24 46 38 28 26 10 29 13 64 55 41 16 23 46 54 18 40 45 27 60 39 45 45 11 28 5 40 24 55 40 63 67 50 29 33 46 8 42 58 25 41 59 18 31 58 73 36 47 45 34 28 43 22 14 43 50 59 71 63 33 35 30 63 51 53 25 14 17 19 32 59 25 55 58 38 61 59 45 42 50 34 12 37 49 19 55 40 25 49 47 45 10 59 50 65 56 23 29 34 22 50 23 54 14 22 8 70 22 19 35 63 48 59 36 33 58 21 31 57 49 49 38 48 61 35 37 49 19 45 10 42 43 73 22 38 51 33 52 20 48 41 41 57 3 54 60 53 28 56 26 15 9 13 44 33 49 35 41 40 7 35 44 28 7 61
59 40 22 68 28 36 45 28 33 21 21 11 11 60 21 39 34 56 51 42 36 33 6 41 15 54 49 58 11 62 29 54 61 45 56 37 25 20 30 24 22 17 31 30 28 41 42 45 44 40 55 39 15 29 24 38 14 5 51 42 34 53 35 48 43 52 56 43 56 20 19 16 22 51 50 22 61 23 31 36 45 27 53 12 53 35 57 51 30 38 30 42 27 40 7 23 25 54 28 36 28 34 42 40 39 36 43 36 24 22 19 43 40 3 60 25 25 50 36 12 60 18 12 18 11 20 41 38 42 55 60 24 8 36 18 34 53 31 30 29 28 35 65 37 6 5 37 43 23 47 28 62 28 58 50 25 28 51 34 63 23 37 44 64 51 51 29 8 52 40 38 38 37 36 20 5 36 40 62 31 44 22 57 50 45 42 46 55 29 24 18 30 60 2 26 52 12 22 60 54 26 6 11 50 38 39 54 31 38 46 11 26 16 27 20 43 30 11 16 38 8 31 30 41 43 34 16 35 22 48 36 45 52 55 38 36 39 14 31 56 27 48 42 46 18 17 51 27 58 6 31 57 20 47 28 63 24 7 22 40 29 56 54 42 16 49 24 48 39 59 26 59 55 52 11 37 34 40 13 47 30 13 30 30 22 35 40 20 26 27 51 8 28 33 48 30 29 48 22 56 8 10 18 19 48 31 38 55 5 2 44 54 4 22 39 47 10 34 49 47 30 18 37 44 47 16 7 46 41 46 18 57 33 10 17 25 30 47 50 16 11 32 41 28 60 54 10 38 22 41 51 47 31 8 39 52 7 37 54 37 39 11 34 54 40 53 31 62 15 13 10 30 23 53 29 33 56 8 22 37 37 22 47 53 19 59 0 48 20 26 56 58 32 16 31 10 17 34 30 18 54 42 25 49 41 51 57 48 34 42 36 22 45 42 58 55 56 19 23 20 55 56 18 7 51 23 17 42 27 21 34 41 59 44 63 35 39 9 31 24 16 21 32 54 53 52 30 23 36 29 20 43 31 32 20 41 15 15 28 38 31 38 49 25 11 9 16 5 36 40 33 5 58 8 54 48 42 40 40 18 46 15 3 37 20 31 14 26 39 26 59 35 16 42 26 45 52 17 54 14 56 15 9 7 20 41 37 26 46 38 46 26 48 50 54 20 42 51 43 18 12 9 48 33 15 42 51 5 55 53 24 17 5 25 26 13 41 14 59 54 52 21 43 22 59 31 39 47 27 34 27 25 57 20 23 43 55 17 47 46 52 52 39 40 37 42 53 49 53 49 29 38 58 24
13 76 49 60 22 23 27 23 60 48 62 42 45 53 39 43 29 44 17 58 25 66 44 19 51 57 48 11 39 57 43 22 55 5 11 48 24 28 25 62 27 47 68 66 60 9 14 12 20 23 10 36 52 66 24 47 40 43 41 47 57 42 65 17 62 24 38 15 45 44 42 32 31 24 42 35 50 53 64 61 26 64 15 48 11 50 43 7 40 10 45 48 33 9 43 31 31 38 53 65 55 15 38 29 49 30 7 48 48 58 33 35 18 49 57 42 57 59 12 54 48 31 37 42 44 54 61 23 24 21 50 50 41 69 49 54 21 26 57 19 29 37 56 34 44 52 71 40 43 1 46 55 25 48 5 39 35 34 59 58 54 12 59 54 42 53 54 42 18 45 13 64 43 43 30 45 21 8 50 22 10 55 46 28 4 20 33 48 39 40 48 22 43 47 30 5 38 30 53 55 22 47 52 22 30 63 43 17 10 42 53 26 57 40 28 58 32 37 37 11 42 23 18 44 54 38 35 66 32 1 12 38 10 54 19 60 10 43 52 16 50 20 13 10 54 36 46 34 47 44 25 36 37 2 56 53 64 46 33 38 21 32 34 30 37 56 24 22 21 53 26 57 27 14 40 68 42 63 44 1 30 36 48 49 42 13 49 34 28 23 48 53 20 17 48 21 50 16 61 27 45 54 33 36 26 60 68 13 50 48 52 15 49 40 48 32 38 52 23 42 55 46 66 26 41 56 44 41 45 32 42 56 18 41 59 39 58 47 57 34 38 68 7 20 57 41 40 69 33 24 19 24 39 44 13 47 52 42 56 32 10 38 48 16 47 10 37 52 38 36 53 18 25 39 57 50 20 52 42 63 64 38 48 22 42 50 48 0 52 63 48 51 21 49 17 49 54 49 51 59 26 53 23 3 59 58 49 51 56 53 13 34 23 56 42 24 58 36 63 45 36 30 51 49 58 30 35 25 26 37 64 8 42 22 52 62 31 39 57 32 43 27 31 20 8 50 20 28 33 22 31 36 31 20 46 16 49 45 48 54 61 37 37 55 48 55 48 49 22 62 28 50 12 48 27 49 41 39 21 33 59 56 45 61 33 22 40 55 9 44 41 58 52 48 24 11 27 53 9 39 41 35 42 48 61 30 53 32 56 70 28 23 38 29 51 42 52 32 16 37 46 40 15 53 35 33 20 43 9 7 31 52 52 44 49 49 40 41 58 13 10 47 52 37 13 28 73 31 61 61 55 26 48 59 30 7 25 33 25 38 42 38 10 60 11 64 13 12 49 16 20 52 44 29
62 25 41 53 31 33 39 38 14 6 12 14 30 46 39 26 28 44 49 23 32 15 17 39 5 38 34 60 28 47 15 51 46 49 59 21 30 28 28 11 27 36 17 14 10 48 42 46 42 36 57 29 6 14 33 23 32 22 40 27 15 42 16 46 24 47 47 42 43 38 11 25 22 46 38 18 47 4 13 17 39 13 52 32 54 17 46 53 19 44 16 26 21 46 18 37 40 43 9 18 9 37 30 33 23 29 49 20 8 7 21 34 38 22 44 13 6 32 42 10 47 31 27 36 12 3 22 34 37 52 46 7 19 19 4 15 49 28 10 34 24 25 50 28 24 21 20 32 11 51 13 47 40 45 53 15 20 43 14 47 3 45 25 50 39 35 10 17 49 26 40 19 24 23 32 16 35 44 49 31 45 4 44 44 51 40 38 42 18 13 37 31 49 22 23 56 27 35 45 38 33 14 10 45 31 19 42 37 43 34 10 38 10 16 29 25 23 23 17 44 16 30 37 27 26 24 19 17 21 53 43 34 53 39 37 17 43 32 13 56 9 45 43 47 4 17 38 21 45 16 29 48 36 52 9 50 13 26 38 28 32 48 46 34 32 32 31 44 36 44 39 43 49 52 16 19 21 21 32 51 25 19 14 13 12 40 24 19 25 30 37 15 36 42 33 40 11 46 11 50 14 14 20 17 42 12 20 55 24 18 28 53 16 40 24 39 24 16 44 35 10 37 19 38 36 8 25 34 27 38 10 41 34 28 12 16 11 33 33 31 19 17 46 35 45 43 17 20 20 36 48 42 20 15 41 39 15 24 37 29 46 26 19 53 25 54 21 48 15 26 13 36 31 43 10 16 53 14 40 18 18 40 32 49 37 45 20 52 0 11 43 44 43 4 36 10 5 18 12 11 49 25 31 54 22 33 44 32 15 24 40 19 40 24 47 50 39 36 12 8 46 50 2 13 34 22 19 37 40 16 16 44 49 39 49 16 31 23 11 39 34 29 25 51 55 37 33 36 27 31 34 33 25 43 39 40 5 8 12 20 12 28 39 6 10 15 35 24 33 21 28 23 61 12 48 32 30 29 37 32 27 10 20 18 35 42 13 7 45 13 49 15 5 27 37 46 46 4 56 15 45 31 15 26 12 33 19 22 28 20 40 36 37 43 39 38 25 43 42 34 9 26 47 15 30 33 48 21 57 56 22 3 20 12 9 8 29 13 43 54 54 40 26 15 62 27 22 39 9 15 8 37 44 10 36 50 50 30 42 35 41 41 42 21 43 22 53 50 38 47 33 20 46 38
73 15 47 58 42 43 49 48 13 16 6 23 35 52 46 34 39 52 59 26 42 8 24 49 13 42 41 71 35 52 25 61 51 59 70 27 40 38 39 3 37 42 6 6 7 58 53 56 52 46 68 38 12 4 43 29 39 29 48 34 17 50 13 56 25 57 55 53 50 44 22 34 32 56 46 28 54 11 7 17 49 2 63 37 64 24 54 64 28 54 24 33 32 57 25 46 49 52 15 14 12 48 39 43 30 39 59 26 17 5 31 43 49 27 49 23 9 35 52 14 54 40 35 43 21 9 23 44 47 62 53 15 28 11 15 20 60 39 13 45 35 34 56 37 31 25 11 40 21 62 21 52 50 52 64 26 30 52 15 52 9 55 28 56 47 40 14 26 60 34 51 17 32 31 41 23 45 55 56 42 56 9 52 53 61 50 47 49 27 24 43 42 57 28 34 67 35 44 51 43 44 21 16 56 40 18 50 48 54 42 15 48 11 26 39 27 34 32 27 55 25 41 48 35 30 33 29 11 32 63 53 43 64 44 47 17 54 39 18 66 17 56 53 58 10 28 45 31 53 23 39 56 44 63 12 56 4 31 46 37 42 57 55 44 40 36 41 54 46 50 48 48 59 62 25 13 29 20 39 62 35 29 22 20 22 51 31 29 35 41 44 19 46 52 40 50 18 57 5 60 21 17 30 27 52 10 14 65 29 24 33 64 22 47 31 48 32 22 54 43 15 43 15 48 44 10 32 42 35 47 21 46 45 35 10 26 12 40 37 39 28 7 56 46 50 51 26 13 30 47 58 52 29 23 52 46 20 32 42 39 56 34 26 63 32 65 31 54 25 34 16 46 41 51 12 22 64 18 47 17 15 47 39 59 44 52 26 63 11 0 50 50 52 14 47 17 10 24 19 9 58 30 41 65 24 37 51 38 18 29 51 30 51 28 55 60 44 43 5 18 54 59 13 20 38 33 29 47 49 27 11 55 57 50 56 15 41 31 13 47 41 39 35 61 66 44 44 45 37 42 43 41 35 53 45 51 15 18 20 24 10 37 47 10 18 18 41 29 44 21 39 28 72 19 58 39 38 37 47 40 30 12 27 17 43 52 24 11 56 22 57 17 12 34 47 57 56 11 67 25 53 39 23 32 7 43 24 32 32 13 50 46 46 53 45 45 30 52 52 42 18 33 57 20 38 42 58 28 68 66 32 11 24 21 17 16 37 23 47 65 64 46 31 26 72 37 13 49 5 14 11 47 51 7 45 60 60 39 52 44 49 50 53 22 53 22 64 60 45 57 44 25 54 47
50 55 73 14 40 30 22 53 39 38 53 46 63 6 65 18 25 5 33 27 28 47 51 31 46 13 9 48 56 10 28 29 8 44 47 23 44 47 34 51 42 68 53 49 44 50 35 37 29 27 45 18 48 50 48 21 61 54 8 17 34 6 42 32 30 26 13 34 4 68 38 47 38 26 8 35 5 40 46 36 23 51 37 65 41 27 7 43 26 47 28 18 31 48 50 58 61 11 36 41 38 41 15 22 21 24 50 24 36 48 41 16 32 58 10 32 42 20 45 51 4 54 54 65 46 44 31 28 25 31 4 36 51 48 42 30 30 31 38 43 32 21 10 21 57 59 50 13 34 47 31 8 57 2 45 31 29 15 37 11 42 50 26 8 7 12 36 50 32 17 39 38 20 21 54 51 31 44 7 35 39 43 3 21 49 29 16 1 28 33 69 37 10 57 34 50 56 56 6 11 45 51 51 27 22 36 5 45 44 10 51 55 52 30 49 25 28 50 41 48 49 33 47 16 21 22 43 45 37 49 47 13 41 9 32 35 42 63 32 38 34 28 36 39 46 40 6 30 4 50 32 15 62 49 39 8 53 60 61 17 39 19 16 20 59 17 45 27 29 5 57 10 24 37 46 45 23 35 64 48 29 45 29 31 35 46 20 38 35 40 6 56 48 51 10 53 33 33 52 25 49 55 42 38 23 41 44 40 61 55 18 37 54 66 20 17 52 29 25 10 36 68 41 22 10 50 59 11 16 17 39 11 37 58 54 32 38 11 18 56 47 52 45 47 10 8 47 46 36 26 31 25 26 49 38 5 55 20 13 22 50 55 25 36 19 42 26 6 42 52 53 45 46 10 39 28 33 54 68 37 40 65 11 28 66 3 56 48 43 50 0 3 56 44 44 48 47 26 32 53 25 21 43 50 29 19 2 13 33 22 43 35 26 24 9 27 13 61 53 38 14 22 43 51 18 37 42 25 57 36 43 43 10 26 7 38 21 52 37 60 64 47 27 31 45 7 39 55 22 38 56 15 28 55 70 33 44 42 31 27 42 19 12 41 48 56 68 60 30 33 28 61 49 50 23 12 14 16 29 56 24 52 55 36 58 56 43 40 47 32 11 35 46 17 53 38 23 46 45 42 8 56 47 62 53 21 27 32 21 48 21 51 11 20 7 67 21 17 33 61 46 56 34 31 56 18 30 54 47 47 35 45 59 32 34 47 16 42 11 40 42 71 20 35 49 30 51 18 46 39 39 55 1 51 57 51 26 54 24 12 7 10 41 31 46 34 39 37 6 32 41 26 6 59
53 54 75 11 42 32 25 56 38 39 54 47 64 3 67 19 28 8 36 27 30 47 52 33 47 11 10 51 58 7 30 32 5 47 50 23 46 49 36 51 45 70 53 49 44 53 38 40 32 30 48 20 49 51 50 21 63 56 11 17 34 9 42 35 29 29 15 37 7 71 39 49 40 29 10 37 5 41 46 36 26 51 40 67 44 27 9 46 28 50 29 18 33 51 52 61 63 14 36 41 38 44 18 25 21 27 53 24 37 49 43 18 35 60 7 34 42 19 48 52 5 56 56 67 47 45 30 31 28 34 4 37 53 48 43 31 33 34 38 46 34 23 8 23 59 61 50 15 35 50 32 5 59 4 48 33 31 18 36 8 43 53 25 7 10 11 36 51 35 18 42 38 21 22 56 53 34 47 7 38 42 44 6 24 52 32 19 4 29 35 71 39 12 59 36 53 58 59 3 9 48 52 52 30 25 36 8 48 47 13 52 58 53 32 51 25 30 52 43 51 51 36 49 17 21 24 45 45 39 52 50 15 44 7 35 35 45 65 32 41 35 31 39 42 47 42 7 32 5 52 35 18 64 52 39 7 53 62 63 19 42 21 19 23 61 16 47 30 32 2 59 7 27 40 48 45 25 34 66 51 31 47 30 32 36 49 20 40 38 43 7 57 51 54 11 56 33 36 52 27 51 56 44 40 26 41 44 43 63 57 17 40 56 69 20 20 54 29 28 12 36 70 41 25 12 51 60 13 17 20 40 8 40 60 55 34 39 11 17 58 49 51 48 49 7 11 49 46 38 29 34 28 28 50 41 6 56 22 11 24 53 57 25 39 19 45 28 5 43 54 54 47 49 13 39 28 36 55 70 37 40 67 12 31 68 3 58 51 44 50 3 0 58 45 47 50 48 26 32 53 28 20 45 53 29 17 3 12 33 21 46 37 29 24 12 30 11 63 53 39 17 25 44 53 16 39 44 27 60 38 43 46 13 29 6 38 23 54 38 63 66 49 29 34 48 7 42 57 25 41 58 18 30 58 72 36 45 43 32 27 42 21 15 41 49 57 70 62 33 33 30 62 52 51 26 12 16 18 32 58 23 53 57 36 60 59 44 40 50 33 14 34 47 17 55 41 26 47 48 44 11 59 49 64 54 23 27 34 20 48 24 54 14 23 6 69 21 20 36 63 47 58 37 31 58 21 33 55 50 50 37 46 60 34 35 48 18 44 9 43 45 73 19 37 52 32 50 21 46 39 39 57 4 52 59 54 29 56 27 15 10 13 44 31 49 33 42 40 6 35 43 26 9 61
32 67 28 68 17 26 35 5 54 40 50 30 27 61 19 44 31 53 32 57 28 58 30 27 40 61 52 32 21 64 40 38 62 20 31 47 14 15 23 51 18 27 58 56 52 13 24 25 30 29 30 39 41 56 11 47 21 27 48 48 52 50 58 30 60 37 49 25 53 25 33 18 24 37 48 29 59 45 55 55 35 54 32 29 30 48 53 26 38 13 42 49 30 13 28 11 10 48 47 58 48 15 42 34 49 32 15 47 41 48 23 40 25 33 63 37 48 60 13 41 57 14 20 22 32 44 58 28 31 37 59 43 26 61 39 50 36 25 50 13 27 38 65 36 27 35 62 44 37 21 42 63 5 56 25 35 33 44 54 65 45 9 58 63 49 57 48 28 34 46 18 59 43 43 13 31 25 16 59 21 22 46 55 39 18 29 40 55 37 35 28 19 54 30 26 24 20 11 60 59 12 33 39 35 34 58 51 11 14 47 40 6 44 36 14 57 31 22 27 11 29 23 9 46 54 38 24 59 25 21 11 43 29 59 24 55 17 24 47 35 44 33 23 24 43 26 52 31 56 30 25 48 17 20 49 62 52 29 14 41 17 45 45 36 18 58 14 34 27 60 7 63 41 31 28 61 41 59 25 20 29 24 44 45 35 11 49 26 24 17 53 39 9 5 52 3 45 30 50 42 32 40 23 28 37 53 61 32 33 33 53 33 34 19 48 40 22 49 35 47 49 26 59 35 47 44 27 46 47 40 34 62 19 23 46 34 51 51 59 16 25 59 17 10 63 50 27 62 27 31 34 34 37 31 20 53 37 42 60 35 11 21 46 34 48 30 36 61 28 20 39 11 13 48 50 47 37 37 21 58 58 17 51 37 22 58 32 21 43 52 56 58 0 39 12 36 43 46 46 47 40 53 15 21 57 60 57 54 52 53 14 28 32 55 52 39 62 16 51 37 47 44 41 35 61 24 25 32 6 30 57 17 53 32 61 56 35 23 51 12 23 14 31 36 28 55 17 9 35 18 12 41 30 1 27 25 38 35 43 52 54 39 44 47 35 40 28 32 26 58 29 34 32 35 41 52 44 42 28 15 59 44 29 56 13 1 30 48 13 39 53 53 41 49 6 25 39 42 29 28 51 17 30 31 49 35 51 29 57 63 37 7 45 40 57 23 52 43 26 17 34 23 29 49 18 38 34 27 29 27 25 42 36 39 43 37 43 31 63 31 29 27 53 31 33 27 64 39 52 55 48 7 56 48 10 14 40 15 35 44 50 47 18 57 12 60 32 28 55 31 15 50 54 10
60 28 37 55 28 31 38 35 18 6 13 10 26 48 35 27 27 45 47 26 30 19 13 37 2 40 35 58 24 48 16 50 47 46 57 22 27 24 26 13 23 32 20 18 14 45 40 44 40 34 55 29 4 17 29 24 28 18 40 28 18 42 20 44 28 46 47 40 44 34 9 21 19 45 38 15 48 8 17 20 38 15 51 28 52 20 46 51 19 41 17 28 19 43 14 33 36 44 12 22 12 34 31 32 25 28 46 22 9 10 18 34 36 18 46 13 10 34 39 8 48 27 23 32 8 6 26 32 36 50 47 9 15 22 3 18 48 26 14 31 22 25 52 28 20 18 24 32 11 49 14 48 37 46 50 15 19 42 18 49 7 41 28 51 39 37 13 13 48 27 38 23 25 24 28 12 33 42 50 29 43 8 45 43 48 38 38 43 18 13 33 28 49 18 21 54 23 31 47 40 30 10 8 44 30 23 42 34 40 34 8 34 10 15 26 28 22 19 13 41 12 28 34 28 28 24 16 21 18 50 40 35 51 41 34 21 40 28 15 54 12 44 40 45 5 14 39 19 46 12 26 48 32 49 13 51 15 22 34 29 29 48 46 34 28 35 27 42 34 46 35 45 48 50 12 23 21 25 28 49 24 16 16 15 11 37 26 16 22 27 38 13 32 38 35 36 13 44 13 49 10 12 17 14 41 16 24 53 21 14 30 51 13 36 26 39 20 19 43 35 14 33 23 37 36 8 21 34 28 38 8 43 32 24 12 15 15 34 35 27 15 20 43 32 47 43 13 24 17 35 46 41 20 11 39 40 13 24 39 29 43 22 20 51 26 52 20 49 12 22 10 33 27 43 14 18 52 11 36 22 22 36 34 47 33 46 16 49 4 14 44 45 39 0 33 6 5 20 15 11 48 28 28 51 25 36 45 34 19 27 37 17 39 27 47 49 41 32 14 6 46 49 2 10 37 20 15 36 36 14 20 42 49 38 50 20 31 19 15 35 30 26 24 49 53 39 30 32 27 28 30 33 23 39 35 38 1 5 14 22 16 28 39 10 6 13 32 20 31 24 27 20 59 9 47 34 30 29 35 28 30 9 16 21 31 39 10 11 42 13 49 19 4 29 33 44 45 4 54 11 45 27 11 23 13 33 22 20 31 24 39 33 38 43 41 34 27 43 40 30 5 22 45 18 26 33 46 17 55 53 19 3 17 12 11 4 29 9 45 52 51 36 28 13 59 25 26 39 13 19 12 33 45 11 32 47 49 26 41 36 41 42 40 24 39 26 51 48 40 45 30 22 47 34
29 60 35 57 7 15 25 10 46 33 45 25 30 50 25 34 20 42 24 47 17 51 27 16 34 50 41 28 23 53 30 29 51 15 26 37 7 11 13 46 10 32 53 50 45 12 14 17 20 18 25 28 36 50 7 36 25 26 37 38 44 39 50 21 50 27 38 16 42 31 26 15 15 27 37 20 48 38 49 47 24 48 25 32 24 38 42 21 28 8 32 39 20 10 26 17 19 37 39 51 40 5 31 23 38 21 13 37 34 42 16 29 15 32 52 28 41 50 6 37 46 16 21 27 27 38 48 17 20 28 48 35 24 54 33 41 26 15 42 3 17 28 53 25 27 35 56 33 29 17 33 51 13 45 20 25 23 33 45 54 39 9 48 52 38 46 39 25 25 36 9 50 33 33 15 28 14 10 48 10 15 39 44 29 15 18 29 44 27 26 33 9 43 30 16 22 22 15 49 48 5 30 35 25 23 50 40 1 8 36 36 13 40 26 12 47 20 20 20 8 25 12 3 35 43 28 18 51 16 18 7 32 23 48 13 47 10 28 38 28 36 23 14 17 37 20 41 21 45 27 14 37 23 17 42 51 47 30 20 30 6 35 34 25 22 48 7 24 16 49 14 51 31 24 23 53 31 50 29 17 19 19 34 36 27 5 39 18 14 7 42 36 5 8 41 9 37 21 45 32 29 37 17 20 26 45 54 25 33 31 43 26 32 26 38 29 21 39 25 36 40 31 52 24 35 39 28 35 36 29 27 51 8 25 42 25 43 40 49 19 21 53 11 4 52 39 24 55 18 20 24 24 27 27 11 42 35 32 49 24 10 22 36 26 38 24 26 50 22 19 36 1 8 37 43 37 28 35 28 49 50 25 41 27 27 47 31 17 36 47 44 47 12 33 0 32 37 37 37 42 30 42 6 19 47 50 46 43 43 43 6 19 22 45 41 30 51 21 46 30 36 34 35 32 50 15 18 21 14 22 50 11 42 21 50 48 24 22 43 19 28 10 21 27 23 44 6 13 24 7 16 30 20 11 33 14 32 29 34 42 47 28 33 40 31 38 33 33 14 49 18 34 28 31 31 41 33 31 17 18 49 40 28 48 18 12 24 40 10 30 42 45 36 39 10 17 29 37 24 22 40 20 25 32 44 24 41 19 47 56 26 9 34 29 46 29 41 32 16 22 29 24 20 40 19 27 25 26 25 23 16 36 35 30 35 32 32 25 52 24 23 33 43 22 29 17 57 28 45 47 41 12 45 43 16 14 30 16 25 33 39 36 9 48 7 51 25 21 44 22 4 41 43 17
60 32 32 60 27 32 41 32 23 12 14 7 20 52 30 31 30 49 48 32 32 24 8 38 6 45 40 58 19 53 21 51 52 45 56 28 25 22 27 16 22 26 23 22 19 43 40 44 41 36 55 32 6 20 27 29 22 12 44 33 24 46 26 45 34 48 50 41 48 29 12 18 19 47 43 17 53 13 22 26 41 19 51 22 52 25 50 51 23 40 22 33 22 42 9 29 32 47 18 27 18 34 35 34 30 30 44 27 15 13 17 37 37 12 51 17 16 40 38 5 52 23 18 27 5 11 31 34 38 52 52 15 11 27 8 24 50 27 20 30 24 28 57 31 15 12 28 36 15 48 19 53 33 50 50 18 22 46 24 54 13 39 34 56 44 42 19 9 49 32 37 28 29 28 25 6 34 41 54 29 43 13 50 46 47 40 41 48 21 16 28 28 53 12 22 53 19 27 51 45 28 5 4 46 33 29 47 32 39 39 5 31 9 19 23 33 24 15 13 39 8 29 32 33 34 27 14 25 19 49 38 39 51 46 35 26 40 23 21 55 18 45 41 45 8 13 43 21 51 7 27 51 28 48 19 56 17 16 29 33 28 51 49 37 24 40 25 44 35 51 31 50 51 50 9 27 26 31 23 48 26 13 21 20 14 36 31 16 23 27 43 8 30 36 39 34 19 45 14 52 5 7 16 15 44 21 29 53 15 9 35 52 7 30 31 42 15 25 45 40 20 27 28 40 40 9 16 38 33 41 11 49 32 18 11 18 20 39 41 22 12 24 42 30 52 47 9 29 18 37 48 43 23 6 39 44 7 29 45 32 41 18 25 52 32 52 24 54 11 18 5 31 25 47 19 24 53 6 31 28 27 31 39 49 28 51 10 49 10 17 48 50 36 6 32 0 8 25 20 11 50 33 26 50 31 42 50 39 25 32 36 18 41 32 51 51 47 27 16 11 49 52 8 4 42 20 14 38 33 16 25 41 53 40 55 25 34 14 21 31 25 23 26 51 53 44 30 28 30 28 26 36 26 37 29 39 5 7 19 28 22 31 42 15 1 9 26 14 33 30 29 14 58 3 50 39 35 33 36 24 36 8 11 27 26 35 9 16 41 17 53 25 6 34 30 44 48 7 54 10 49 22 7 17 13 36 27 22 37 29 42 30 41 45 46 29 32 46 41 26 3 17 46 23 21 36 48 11 55 53 20 8 11 17 17 3 33 9 50 52 51 30 34 15 59 27 30 42 18 24 18 30 49 12 28 45 51 22 43 40 45 45 39 30 38 32 52 48 45 46 29 28 51 30
64 25 38 57 32 35 42 38 17 10 9 13 27 50 37 30 32 48 52 27 35 17 15 41 3 42 38 62 26 51 20 54 50 50 61 25 31 28 31 9 27 33 16 15 12 49 44 48 45 39 59 32 2 13 33 27 30 20 44 31 19 46 19 48 28 50 51 45 47 36 13 25 23 49 42 20 51 8 14 20 43 12 55 28 56 22 50 55 22 45 20 31 24 47 16 36 39 48 13 20 13 39 35 36 28 32 50 24 12 6 22 38 41 18 48 17 9 36 43 5 51 30 25 34 11 4 26 37 40 55 50 11 18 20 7 20 52 30 14 35 27 28 55 32 22 17 21 36 15 53 17 51 40 49 55 19 23 47 18 51 7 45 29 54 43 39 14 16 52 31 42 22 28 27 32 14 37 46 53 33 47 6 49 47 52 43 42 46 22 17 34 33 53 19 26 58 26 34 50 42 34 11 7 49 34 23 46 38 44 38 6 38 6 20 29 29 26 22 17 45 15 33 38 31 30 27 20 19 23 54 44 39 55 43 39 21 45 30 17 58 14 48 45 49 2 18 42 24 50 14 31 52 35 54 13 54 10 23 36 33 33 52 50 38 31 37 31 47 39 49 38 47 53 54 15 21 25 25 30 53 28 19 19 17 15 42 29 20 27 32 41 11 36 42 37 40 15 49 8 54 12 10 21 19 46 14 22 57 21 15 32 56 13 38 28 43 22 21 47 39 15 34 21 41 40 3 23 38 32 42 13 46 36 26 7 19 14 37 37 29 18 17 47 36 49 47 16 21 22 39 51 45 24 13 43 43 12 28 42 33 47 25 23 56 29 57 25 52 16 25 9 37 31 47 14 21 56 10 38 22 20 38 37 52 35 50 17 54 5 10 47 48 43 5 37 8 0 22 17 7 52 30 32 56 26 38 48 37 20 29 42 21 44 28 51 53 44 34 10 11 50 53 4 11 39 24 20 40 39 18 18 46 53 43 54 19 35 21 15 38 32 29 28 54 57 42 35 35 31 33 33 36 28 43 36 43 5 9 16 24 15 31 43 9 8 11 32 20 36 24 31 20 63 9 51 37 34 33 39 31 32 6 18 21 33 42 14 10 46 17 53 19 2 32 37 49 50 1 58 15 49 29 13 23 8 37 24 24 33 22 43 36 42 47 44 36 29 47 44 33 9 24 49 19 28 37 50 19 59 58 24 2 16 16 13 6 33 13 47 56 56 37 31 18 64 30 23 43 10 18 12 37 48 6 35 51 53 29 45 40 45 46 44 25 44 26 56 52 43 50 34 24 50 37
57 32 54 35 31 26 28 43 15 14 28 25 43 29 49 10 20 28 40 11 25 23 30 32 22 20 17 54 39 29 8 40 28 45 53 3 32 33 25 26 30 49 28 24 19 47 36 40 33 28 51 15 23 26 37 5 43 34 24 10 10 26 19 37 14 36 32 36 26 51 17 32 24 35 22 19 30 15 21 13 29 26 44 45 47 2 30 48 10 43 6 9 18 45 30 45 48 28 11 19 12 36 16 22 6 20 48 2 11 23 25 20 32 37 26 11 17 16 41 27 30 39 37 47 24 19 12 27 28 42 29 12 31 25 18 6 39 24 13 35 21 13 33 17 37 37 27 16 12 48 7 29 46 28 48 13 15 29 13 30 17 45 12 33 23 17 10 29 40 10 37 17 9 8 40 30 29 42 32 28 40 18 28 32 49 32 25 25 11 13 50 29 33 36 22 52 38 42 28 20 36 29 27 35 20 15 26 38 41 18 27 44 27 12 35 11 17 32 23 44 29 27 39 11 9 12 26 22 23 50 42 20 46 22 31 13 40 44 6 47 9 36 37 41 21 23 21 17 29 29 25 33 46 49 14 32 28 40 46 14 31 35 32 23 43 15 34 34 29 27 45 26 37 44 26 22 8 15 45 48 19 27 5 6 14 40 7 22 24 31 20 32 39 44 16 43 8 38 27 38 27 31 25 20 31 16 22 47 39 33 10 45 32 50 7 26 34 4 34 19 11 49 19 27 20 25 39 18 11 25 17 24 32 39 29 14 14 16 16 40 28 27 43 38 27 27 27 24 21 28 39 32 11 28 37 22 32 9 20 19 46 37 2 44 8 48 12 30 22 35 29 37 35 27 14 2 44 30 51 15 18 50 15 38 48 28 34 49 18 24 26 26 46 20 37 25 22 0 7 28 37 8 33 51 11 17 27 15 9 8 39 20 31 9 31 39 22 45 28 15 31 37 19 29 18 24 25 27 46 18 19 41 33 30 32 15 20 33 13 47 46 34 18 41 50 20 32 42 17 30 42 19 19 47 52 34 20 20 7 6 17 15 24 16 25 32 49 39 27 14 22 39 55 27 36 15 14 14 29 40 13 28 34 14 43 47 22 15 44 9 33 11 22 10 42 40 34 22 50 23 29 40 26 41 28 22 5 19 12 26 28 41 23 31 22 50 8 30 35 45 23 37 39 6 39 20 38 34 52 51 21 21 36 10 9 23 13 22 25 47 47 52 9 17 56 22 28 27 21 15 13 43 27 26 43 49 39 38 31 21 25 26 39 12 42 15 46 43 21 39 33 4 30 45
59 27 51 41 31 29 32 42 10 9 22 21 39 35 46 16 23 33 44 13 27 17 26 34 16 26 23 57 35 35 8 45 34 47 56 10 32 32 26 20 29 45 22 19 13 48 39 42 37 31 54 20 18 20 36 12 40 30 30 16 7 32 15 41 15 40 37 39 33 47 14 30 23 40 28 18 36 9 16 10 33 20 48 41 50 6 36 50 12 44 7 15 18 46 26 43 46 34 4 15 7 37 21 26 12 23 49 9 6 17 24 25 35 32 32 10 10 20 42 21 36 37 34 44 20 13 13 29 32 46 35 6 27 20 13 5 44 25 7 35 22 17 39 21 33 32 22 22 9 50 5 35 45 34 50 12 16 34 9 35 11 46 14 39 29 23 5 26 44 15 39 14 14 13 38 25 31 43 38 30 43 12 34 36 50 35 30 31 12 12 47 30 39 32 22 55 35 41 34 26 35 24 22 39 24 13 32 38 43 24 22 43 22 12 33 14 19 29 21 45 25 28 39 17 14 16 24 17 22 52 43 25 49 27 33 10 42 41 1 51 3 40 40 44 15 21 27 17 35 25 26 39 44 51 8 38 22 35 44 19 32 40 37 27 40 20 33 38 32 33 43 31 42 47 23 18 12 14 41 50 21 25 4 2 11 41 13 21 24 31 26 27 38 44 22 43 2 42 21 43 23 25 23 19 35 11 18 51 35 28 16 49 27 47 13 31 31 5 38 25 5 46 15 32 26 19 34 24 16 30 14 30 33 36 23 13 9 22 21 37 25 22 45 37 33 33 24 20 20 31 43 36 13 23 39 28 27 14 26 23 46 34 7 48 14 51 15 36 20 32 24 37 34 33 8 5 48 25 48 13 14 47 21 42 45 34 30 51 12 19 32 32 46 15 37 20 17 7 0 22 42 14 32 53 12 22 33 21 7 13 40 19 35 13 37 44 27 42 22 11 37 42 13 24 23 23 23 31 45 17 15 43 39 34 38 11 24 30 8 45 43 33 20 45 52 26 33 41 20 31 40 24 20 46 48 37 15 15 4 8 12 19 29 10 20 27 45 34 30 13 24 34 58 23 41 21 20 19 32 38 16 22 30 11 41 46 19 8 45 8 39 8 16 16 41 43 39 16 53 20 35 37 22 37 22 27 8 19 17 21 33 40 28 36 28 46 13 35 38 42 19 34 42 4 36 25 42 30 55 53 21 15 31 8 4 18 19 18 31 50 50 49 14 16 59 24 23 31 15 11 8 42 33 20 42 50 43 36 35 26 31 32 41 12 43 15 49 46 27 42 33 8 35 44
70 23 39 63 38 41 49 42 20 15 4 17 28 56 38 36 38 54 58 31 41 16 17 47 9 47 44 68 28 56 26 60 56 56 67 31 36 32 36 7 32 33 14 14 13 54 50 54 50 45 65 39 7 12 37 33 31 22 50 37 23 52 20 54 32 56 56 51 53 37 19 29 29 55 48 26 57 13 15 23 49 10 61 29 62 27 56 61 29 50 26 36 30 52 19 39 42 54 18 22 17 44 41 42 33 38 55 30 18 6 27 44 47 19 53 23 13 40 48 6 57 34 28 35 15 9 30 43 46 61 56 17 21 19 13 24 58 36 18 40 33 35 60 38 23 17 20 42 21 58 23 56 44 55 60 25 29 53 21 57 11 50 34 60 49 45 18 19 58 36 47 24 34 33 35 16 43 51 59 39 53 10 54 53 57 49 48 52 28 23 35 38 59 20 31 63 28 38 55 47 39 14 9 55 40 25 52 43 50 44 7 41 3 26 33 33 33 25 23 50 19 39 43 37 35 34 25 19 28 60 49 45 61 49 45 24 50 31 22 64 19 54 51 55 7 24 48 30 55 17 37 58 37 59 16 59 7 24 39 39 39 58 56 44 33 41 36 53 45 54 42 52 59 60 20 21 31 27 31 58 34 24 24 22 21 47 34 26 32 37 47 10 41 47 43 44 20 55 4 60 15 8 26 24 52 17 22 63 21 16 37 62 14 39 34 49 25 26 53 45 19 35 22 48 46 4 24 44 37 48 19 51 42 27 2 25 18 43 42 32 23 14 53 41 54 53 20 21 27 45 57 51 30 16 49 49 12 34 47 39 51 27 28 61 35 62 31 58 21 28 9 42 36 53 17 26 62 11 39 24 22 40 42 58 36 55 18 59 11 9 53 53 47 11 42 11 7 28 22 0 58 35 37 61 30 42 54 42 24 34 47 27 50 33 57 59 48 36 6 17 56 59 11 13 43 30 25 46 43 24 19 51 59 49 59 22 41 24 18 40 33 34 34 60 63 47 40 39 37 38 36 43 34 47 36 48 11 15 22 29 17 38 48 13 12 10 33 20 42 27 37 20 68 12 58 42 40 39 45 34 36 4 19 24 36 46 19 14 51 22 59 23 8 37 41 54 56 8 64 20 55 32 18 23 3 43 28 30 37 21 49 40 48 53 49 37 34 53 50 35 13 26 55 24 31 43 56 21 65 63 30 9 16 21 19 10 39 19 52 62 61 37 35 24 69 36 22 49 11 20 16 40 54 3 39 56 59 32 51 46 51 52 49 28 49 29 62 58 48 56 40 29 56 40
26 68 64 36 28 19 10 39 51 44 60 45 56 30 54 28 21 21 9 44 18 59 49 14 50 36 28 24 49 34 35 5 32 22 22 35 32 37 25 59 33 60 63 60 54 30 16 15 10 15 21 22 51 61 36 33 52 50 19 31 47 19 55 10 48 3 13 15 22 59 39 40 33 4 21 34 27 48 57 50 10 60 13 59 17 39 20 20 31 28 35 32 29 29 48 46 48 15 45 55 47 25 22 16 34 20 29 35 42 55 36 18 16 56 34 36 51 41 27 54 25 44 47 56 46 51 47 17 12 7 27 44 47 61 46 43 6 24 48 30 27 26 32 22 52 58 63 22 38 25 38 32 42 25 21 34 29 11 50 35 50 32 44 30 20 33 46 47 8 29 22 53 29 30 43 50 18 25 26 24 18 50 23 6 28 12 13 25 32 36 61 25 19 54 28 26 48 44 30 34 33 51 53 5 19 52 20 30 26 23 54 42 57 33 39 43 26 44 38 29 47 23 32 28 38 26 39 58 33 26 29 19 17 32 18 49 23 55 42 14 43 7 17 17 51 37 26 29 24 49 24 12 51 27 49 29 61 55 49 23 27 8 10 15 50 38 34 7 16 30 43 34 2 13 44 59 31 51 56 26 25 41 38 40 38 29 34 34 29 29 27 57 34 35 29 38 42 10 59 3 49 57 37 36 7 52 59 15 58 54 35 12 53 56 33 12 46 41 6 22 46 59 56 11 21 55 53 22 29 13 40 35 23 51 59 33 50 28 39 46 43 63 25 33 34 18 45 60 33 13 7 7 30 47 20 25 56 29 35 20 31 48 36 11 32 18 28 29 40 45 55 31 35 16 49 39 9 55 57 52 54 54 29 4 56 27 54 26 49 58 25 28 40 48 30 50 52 37 42 58 0 37 32 27 46 40 26 32 46 38 26 33 10 41 17 3 37 50 60 42 12 5 48 52 39 32 38 13 43 35 56 23 18 11 28 52 18 46 49 48 56 37 24 6 21 29 26 43 22 27 45 19 25 39 61 16 47 44 39 41 53 23 16 49 49 58 61 57 19 49 22 58 25 51 2 30 25 24 15 46 43 56 52 50 47 40 42 49 28 37 17 48 51 32 39 16 3 51 21 41 18 47 45 57 59 16 40 29 40 62 9 38 17 7 30 57 37 9 14 51 47 50 11 42 47 17 6 50 23 23 30 50 58 38 42 49 25 42 36 16 18 61 37 35 25 24 64 11 55 52 48 41 25 58 45 30 2 44 8 18 19 15 22 47 28 51 15 14 28 10 28 40 21 46
59 34 62 29 37 30 29 49 18 22 34 33 51 23 56 10 24 24 42 8 28 27 38 35 29 13 12 57 46 22 15 41 22 49 56 7 39 40 31 32 36 57 33 29 24 52 40 43 35 31 53 17 31 31 43 6 51 42 21 7 14 22 22 39 11 37 29 39 22 58 24 39 30 36 19 26 25 22 26 16 30 31 46 53 49 8 26 51 16 48 13 5 24 50 38 52 55 26 17 21 19 41 16 25 4 23 52 7 19 29 32 20 35 44 19 19 23 8 46 34 25 46 44 55 32 26 11 30 30 43 24 19 39 28 25 11 40 29 18 41 27 16 27 19 45 44 30 15 20 52 15 23 52 23 51 20 21 28 16 23 24 51 7 27 20 11 17 37 42 9 41 18 11 11 47 37 33 46 27 34 44 25 23 32 53 35 25 20 17 21 58 35 29 44 28 56 46 50 22 13 42 37 35 36 23 16 22 43 46 15 35 51 34 19 42 6 22 40 30 49 36 32 45 10 1 16 33 25 29 54 48 19 49 15 35 15 44 52 13 49 16 37 41 45 28 30 16 23 24 37 30 31 54 53 19 27 33 48 54 15 36 33 30 25 50 8 40 35 32 21 52 19 37 46 34 25 13 15 53 52 25 35 13 13 22 46 5 29 30 37 15 40 45 50 11 50 15 40 33 38 35 39 32 27 32 21 24 49 47 41 3 47 39 58 6 26 42 9 35 16 16 57 21 29 18 32 46 16 9 25 25 17 37 47 36 21 19 11 8 47 36 31 48 44 20 24 35 26 27 30 40 33 17 35 41 17 40 12 13 22 51 45 9 46 6 50 18 25 30 43 37 43 41 25 19 10 45 38 59 17 20 57 10 39 56 23 42 53 25 30 21 20 53 28 42 33 30 8 14 35 37 0 39 55 9 9 22 8 13 1 44 26 33 4 27 39 14 52 34 23 29 36 26 37 10 30 32 30 52 25 23 46 29 32 26 18 22 41 18 54 54 41 23 42 52 15 38 49 20 35 49 19 24 53 59 37 28 27 15 7 22 17 23 22 32 40 57 47 31 13 26 46 58 35 36 10 13 14 32 48 7 35 42 16 50 53 30 21 49 17 30 14 29 6 48 44 34 29 53 31 26 48 34 49 35 24 7 25 5 28 29 47 21 31 16 57 1 29 38 52 31 45 41 11 47 22 39 41 55 54 28 28 44 18 17 31 14 29 18 49 50 60 1 24 58 27 30 27 26 19 19 50 22 33 50 53 39 45 32 20 22 24 43 11 47 14 48 45 16 41 38 6 25 52
35 55 33 56 4 15 25 11 41 27 39 20 26 48 24 31 18 41 27 43 16 45 22 18 29 47 39 33 19 51 26 31 49 20 32 33 1 6 10 40 5 29 47 45 39 18 18 21 22 19 30 26 30 44 5 33 21 21 36 34 39 38 45 24 46 29 38 19 41 28 21 10 10 28 36 15 47 32 43 42 24 43 29 29 28 34 42 26 24 14 28 35 16 16 20 16 18 37 33 45 35 9 29 22 35 19 19 33 28 37 10 28 16 27 50 23 36 46 12 31 45 13 17 25 22 33 44 17 21 31 46 30 19 48 27 36 29 12 37 4 13 25 52 23 23 30 50 31 24 22 28 50 14 44 25 21 19 33 40 52 33 14 43 50 36 43 34 19 28 33 13 45 29 29 12 23 14 15 47 8 19 34 43 30 21 20 29 42 22 21 30 7 43 25 12 27 18 14 48 45 3 25 29 27 21 45 39 7 14 34 30 13 35 22 8 42 17 15 15 14 20 10 7 32 40 24 13 46 11 24 13 31 27 45 14 42 14 24 33 32 31 25 17 21 32 14 39 17 44 22 11 38 21 23 36 50 42 26 19 28 5 35 35 24 19 44 3 25 17 47 14 49 33 28 18 48 27 45 25 22 15 14 30 31 22 10 35 13 10 3 40 31 6 12 38 12 32 24 39 34 23 32 11 15 27 40 48 30 29 26 39 30 27 25 34 29 17 35 26 34 35 28 46 24 34 34 24 33 33 28 21 48 9 21 37 20 38 37 45 15 15 47 17 6 50 38 18 49 13 20 27 25 23 22 15 40 30 28 46 22 15 18 31 29 34 28 22 49 16 14 30 5 4 37 37 33 32 29 27 44 45 23 38 30 25 46 25 23 31 41 43 45 15 28 6 26 32 33 32 37 32 39 0 25 43 46 44 40 38 39 11 14 23 41 41 32 48 19 41 24 36 35 29 26 47 10 13 21 15 16 44 16 42 22 49 43 23 17 38 18 25 6 18 30 28 42 6 13 22 5 14 28 16 14 30 17 27 23 29 38 41 26 32 34 25 32 30 28 14 44 16 29 33 26 32 39 31 29 17 15 45 34 23 43 16 15 18 35 15 25 42 40 30 35 10 21 30 31 29 17 39 16 20 28 39 23 37 15 43 50 26 9 33 30 44 26 38 32 19 20 24 19 24 35 16 25 27 21 30 28 12 30 30 25 30 27 30 19 50 29 27 30 39 17 34 14 52 28 40 42 35 12 44 37 15 20 32 13 26 31 38 35 14 43 13 46 29 25 42 25 4 37 42 16
11 78 49 61 24 25 28 24 63 50 64 44 47 55 40 45 32 46 19 61 27 68 46 21 53 59 50 11 40 59 45 24 57 7 10 50 26 30 27 64 29 48 71 68 62 10 16 13 21 25 10 39 54 68 26 49 41 44 43 49 59 44 67 19 64 25 40 17 47 46 44 34 33 25 43 37 52 55 66 63 27 66 16 50 12 52 45 8 42 12 47 50 35 10 44 32 31 40 55 67 57 17 40 31 51 32 8 50 50 61 35 37 20 51 59 44 59 61 14 55 50 33 39 43 46 56 63 25 26 22 52 52 43 71 51 56 22 28 59 21 32 40 57 36 45 53 73 42 45 4 49 57 26 50 6 42 38 36 62 60 56 14 61 55 44 55 56 44 20 47 15 66 45 45 32 47 23 10 51 24 12 57 48 30 5 22 34 50 42 43 49 24 45 48 32 3 39 31 55 57 23 49 54 24 33 65 45 19 12 44 55 27 59 42 30 60 34 39 39 12 44 25 19 46 56 40 37 69 34 2 13 40 11 56 21 62 12 44 54 17 52 22 15 11 56 38 49 36 49 46 27 38 38 3 59 54 66 48 35 41 23 34 35 32 38 59 26 24 23 55 28 59 28 15 42 70 44 65 45 3 32 38 50 52 44 15 51 36 30 25 50 55 22 18 50 22 53 18 64 29 47 56 35 38 28 62 70 14 52 50 54 16 51 40 50 34 40 54 25 44 57 47 68 29 43 58 46 43 47 33 44 59 20 42 61 41 60 49 60 36 40 71 9 22 59 43 42 72 35 26 20 26 41 46 15 48 54 44 58 34 12 40 50 17 50 11 39 54 40 37 55 20 26 41 59 52 21 53 42 65 67 38 50 24 43 52 49 3 54 65 50 53 21 51 19 50 56 51 53 61 27 55 25 0 61 61 51 53 59 55 15 36 24 58 43 26 60 37 65 47 37 32 53 50 60 32 37 27 27 39 67 10 44 25 53 64 33 40 60 33 44 29 34 22 8 52 22 29 35 24 32 38 33 20 48 18 51 47 50 56 64 39 39 57 50 57 49 51 24 64 30 52 11 50 29 51 43 41 23 34 61 58 47 64 34 22 42 58 10 46 43 61 54 50 25 12 28 55 9 41 43 37 44 50 63 32 55 34 58 73 30 24 39 31 54 44 54 34 18 38 48 42 17 55 37 35 21 45 8 6 33 54 54 47 52 51 42 43 59 13 10 48 55 40 12 30 75 33 63 63 58 27 50 61 31 7 26 34 27 40 44 40 13 62 13 66 14 13 52 18 22 55 46 31
67 26 62 36 41 37 37 53 11 20 29 32 50 31 58 18 30 32 50 2 35 19 37 42 26 20 21 64 47 30 18 49 29 55 63 12 43 43 36 26 40 56 25 21 17 58 47 50 43 38 61 25 28 24 47 13 51 42 30 15 8 31 14 47 3 45 38 46 31 58 25 41 34 44 28 28 33 18 18 8 38 24 54 52 57 10 35 58 20 53 16 14 28 56 37 54 57 35 14 12 14 46 25 32 12 30 58 12 18 24 35 29 42 43 27 21 18 12 51 31 33 48 45 56 31 22 2 37 38 51 32 17 39 19 23 8 49 34 13 45 31 22 34 27 44 42 22 24 21 58 16 30 56 31 58 23 25 36 9 30 20 56 5 35 29 19 13 37 50 17 47 10 18 17 49 36 39 52 35 39 51 20 32 40 59 42 33 28 21 23 58 40 38 43 32 63 46 52 30 20 46 35 32 44 30 8 31 48 52 24 32 54 30 22 45 4 28 41 32 54 36 37 49 18 9 22 35 17 33 60 53 28 56 23 41 7 50 52 11 57 14 45 47 51 25 32 25 27 33 36 35 40 55 60 14 35 27 47 55 23 41 42 39 33 51 14 44 43 39 29 55 26 46 54 34 17 18 6 52 59 30 36 13 13 23 51 13 32 34 41 24 37 49 54 20 54 13 48 27 47 34 35 35 30 40 14 16 57 45 39 12 55 37 59 13 34 42 8 43 25 12 57 13 37 27 28 46 25 18 34 25 24 42 47 31 24 13 20 14 49 37 24 54 48 28 33 35 18 31 37 48 41 21 35 47 26 37 19 20 29 56 45 12 54 14 58 23 33 31 44 34 47 45 34 13 11 53 35 59 8 11 58 19 47 56 31 41 59 22 24 29 29 57 25 47 31 26 11 12 30 46 9 43 61 0 14 30 17 7 9 49 30 40 6 36 48 21 54 28 23 38 45 24 35 15 34 34 37 56 28 15 52 38 40 35 10 30 41 12 56 54 44 28 50 60 23 42 52 27 40 51 27 29 57 59 44 26 26 15 6 14 24 31 17 31 37 56 45 38 5 32 45 65 33 44 19 22 22 39 49 7 31 41 8 52 57 31 16 55 19 39 8 26 15 51 51 43 25 60 31 35 49 34 48 29 32 7 29 9 20 37 51 30 39 24 58 10 38 45 53 30 45 49 9 48 30 47 41 62 61 32 25 41 19 15 29 22 30 25 57 57 60 10 27 66 32 22 35 20 11 15 53 30 28 53 59 47 47 40 28 30 33 50 2 52 5 56 53 24 49 43 7 34 55
63 39 71 23 44 37 33 57 25 30 42 41 59 18 65 17 30 23 46 12 35 32 46 40 37 7 12 61 55 17 23 44 17 54 60 15 47 48 38 39 44 65 38 34 31 59 45 48 40 36 58 23 39 37 51 14 59 51 22 13 20 22 27 44 13 40 29 44 21 67 33 47 38 39 20 34 21 30 32 21 34 37 50 62 54 17 25 56 24 55 22 12 32 57 46 60 63 27 25 26 26 48 21 30 13 30 59 16 27 37 40 25 41 53 14 27 30 2 52 43 22 54 53 64 40 34 15 36 35 46 20 27 47 33 34 19 44 36 25 48 34 23 22 26 54 53 35 19 29 57 23 18 60 20 56 28 29 29 23 16 32 58 10 22 20 8 24 46 45 15 48 23 18 18 55 46 39 53 23 41 49 32 21 34 59 40 28 18 25 29 67 42 28 52 35 61 54 58 17 8 49 45 43 40 29 21 22 51 53 18 43 58 42 27 50 10 30 48 39 55 45 39 52 15 8 23 42 30 37 59 55 22 53 10 41 20 51 61 21 52 25 41 46 50 36 39 15 31 22 45 37 32 62 59 26 22 40 56 62 21 44 35 32 29 59 2 48 39 38 16 60 13 40 50 42 30 20 19 61 58 32 43 21 22 30 53 12 37 37 44 14 48 52 57 12 57 23 45 40 40 44 47 41 36 35 27 29 53 56 49 8 51 48 66 13 29 50 18 39 18 24 66 26 33 20 40 55 19 14 29 34 11 44 56 44 29 26 13 1 56 44 37 54 51 15 24 44 31 36 35 44 37 25 44 47 16 48 19 7 28 57 53 17 50 13 55 25 20 39 51 45 50 49 25 26 18 48 47 67 22 25 65 11 42 65 19 51 58 33 37 19 17 60 36 50 42 38 17 22 42 40 9 46 61 14 0 19 8 19 10 50 35 37 10 27 42 7 61 41 32 30 38 35 45 1 38 40 34 60 34 28 52 28 37 23 23 28 49 25 62 62 49 30 45 57 13 45 57 26 43 57 23 31 60 68 43 37 36 23 14 28 23 25 30 41 48 65 55 38 18 33 55 62 44 38 10 18 20 38 56 8 43 50 21 59 61 39 28 56 26 29 21 38 12 56 49 37 37 57 39 25 56 43 57 42 29 15 33 5 33 33 55 23 34 12 66 10 31 43 60 39 53 46 19 55 26 43 50 59 59 36 36 52 26 25 39 19 38 11 53 54 69 9 33 63 34 34 30 33 24 27 58 19 40 59 60 41 54 36 22 22 25 50 16 53 17 52 50 13 45 46 14 24 61
51 55 74 12 41 31 23 54 40 39 54 47 64 5 66 19 27 6 34 28 29 48 52 32 47 13 11 49 58 8 30 30 6 45 48 24 45 48 35 52 44 69 54 50 45 51 36 38 30 28 46 20 49 52 49 22 62 56 9 18 35 8 43 33 31 27 13 35 4 70 39 49 39 27 9 37 4 41 47 37 24 52 38 67 42 28 7 45 28 48 29 19 32 50 52 60 62 12 37 42 39 42 17 23 22 25 51 25 37 49 42 17 33 60 9 34 43 21 46 52 4 55 56 66 47 46 31 29 27 32 3 38 52 49 43 32 31 33 39 44 33 23 8 22 59 60 51 15 35 48 32 7 58 2 46 33 30 15 38 9 43 52 26 7 9 12 37 51 33 18 41 39 21 22 55 52 32 45 5 37 40 44 4 21 50 30 17 3 29 34 71 38 10 58 35 51 57 58 4 11 47 52 52 27 24 37 7 47 46 12 53 57 53 31 50 26 29 52 43 49 50 35 48 18 22 24 45 46 39 50 49 14 42 9 34 36 43 64 33 39 35 30 37 40 47 42 7 32 3 52 34 15 64 50 40 6 54 62 62 18 40 19 17 22 61 18 46 28 31 5 58 9 25 38 47 46 25 35 65 49 30 47 30 32 36 47 21 40 37 42 8 57 49 52 12 54 34 34 53 25 51 56 43 39 24 41 45 41 62 56 19 38 56 68 21 18 54 30 27 11 37 69 42 23 11 51 60 13 17 18 40 10 39 59 55 33 40 12 18 57 48 53 46 48 9 8 49 47 37 27 32 26 27 50 39 6 56 22 13 23 51 56 26 37 20 43 27 5 43 54 54 46 48 10 40 29 34 55 69 38 41 66 13 29 67 2 57 49 44 51 2 3 57 45 46 50 48 27 33 54 26 22 44 51 30 19 0 14 34 23 45 37 27 25 9 28 13 62 54 39 15 22 44 53 18 39 43 26 58 37 44 44 10 27 6 39 22 53 39 62 66 48 28 32 46 8 41 56 24 40 57 17 29 56 71 35 45 43 33 28 43 20 13 42 49 58 69 62 32 34 29 62 50 51 24 12 16 18 30 57 25 54 56 37 59 57 44 41 49 33 11 36 48 18 54 39 24 47 46 44 9 58 49 63 54 22 27 33 21 49 22 53 13 20 7 68 22 17 34 62 47 57 35 32 57 19 31 55 48 47 37 46 60 34 35 48 17 44 11 41 43 72 21 37 50 31 51 19 47 40 40 56 1 52 58 52 27 55 25 14 8 12 42 32 47 35 40 39 7 34 42 26 6 60
56 42 67 21 38 30 26 51 26 28 42 38 56 15 60 10 24 16 38 15 28 35 43 33 36 7 5 54 50 15 20 36 14 47 52 12 41 43 31 39 39 62 41 37 32 52 38 40 33 29 50 16 38 39 45 10 55 47 15 7 22 15 30 36 18 32 23 37 15 63 29 42 33 32 13 29 17 29 34 24 27 39 43 58 46 15 18 48 19 48 18 7 26 50 43 55 57 20 25 29 26 41 14 23 9 23 52 13 26 37 35 17 34 50 12 24 30 9 46 41 17 49 49 59 37 34 18 29 28 38 16 26 44 36 32 19 36 29 26 41 28 16 19 19 50 50 38 12 25 50 21 15 54 15 49 24 23 22 24 15 31 51 13 19 13 3 24 42 38 9 40 26 12 13 50 43 31 46 19 34 42 32 15 27 52 32 20 12 20 25 63 35 22 49 30 54 50 52 14 6 43 43 41 32 21 24 15 44 46 10 42 53 42 23 45 13 24 44 35 49 42 32 45 9 9 17 37 33 32 52 48 14 46 7 34 23 44 57 20 45 23 34 39 42 35 34 9 25 16 42 30 25 57 52 27 19 41 53 57 14 37 27 25 22 54 6 42 32 31 13 54 11 32 42 39 33 15 22 57 51 25 39 19 20 27 46 9 32 32 38 7 46 46 50 4 51 22 37 41 33 41 45 36 31 28 29 32 46 53 47 5 43 45 62 9 22 46 17 31 11 24 62 29 25 12 39 51 11 8 21 30 10 37 52 43 25 27 5 7 51 40 39 47 45 13 17 40 34 31 28 36 29 19 41 40 9 46 13 6 21 51 49 14 42 8 47 20 17 35 47 44 43 43 18 27 17 40 45 63 25 28 61 4 34 60 15 48 51 32 38 13 12 54 34 43 39 37 15 21 42 32 8 40 53 17 8 14 0 21 9 44 30 30 12 20 35 9 56 41 29 23 30 33 43 8 33 36 27 55 29 31 45 22 29 18 26 21 45 26 57 58 43 23 38 50 7 38 52 20 36 52 16 25 54 64 36 35 33 21 15 30 16 17 30 39 47 61 52 31 21 26 52 55 41 31 3 10 13 31 51 12 42 47 24 54 54 35 28 49 23 22 22 36 6 50 41 30 36 50 35 19 51 39 54 42 22 15 27 9 36 25 49 16 26 8 62 9 24 36 56 37 50 38 19 50 19 35 46 52 51 30 35 50 23 24 37 12 34 11 45 47 65 7 28 55 27 38 22 34 27 27 52 14 40 53 53 34 49 28 15 15 18 43 19 47 22 45 42 8 37 39 14 18 55
65 23 56 41 37 34 37 48 7 14 23 26 44 35 52 18 28 35 49 8 33 15 31 40 20 25 24 63 41 34 14 49 34 52 61 12 38 38 32 20 35 50 20 16 12 54 44 48 42 36 59 24 21 19 42 13 45 36 32 17 1 33 10 46 9 45 40 44 34 52 20 36 29 44 30 24 36 12 13 5 37 19 53 46 55 8 37 56 17 50 12 16 24 52 31 49 52 37 7 10 8 43 25 31 13 28 55 11 12 18 30 29 40 36 31 16 11 17 48 25 37 43 39 50 25 16 7 35 37 50 35 11 33 16 17 3 48 31 6 41 28 21 39 25 38 36 19 25 16 56 11 35 51 35 56 18 22 37 5 34 13 52 10 39 31 23 6 31 49 18 44 8 17 16 44 30 37 49 39 35 48 14 35 40 56 40 33 32 17 18 52 36 40 36 28 60 41 47 34 25 41 29 25 44 29 7 33 44 48 26 25 49 24 18 40 10 25 35 27 50 30 34 45 19 13 20 30 13 28 57 49 28 55 27 39 4 47 46 6 56 9 44 45 49 18 26 28 23 36 30 32 41 49 57 8 39 22 40 50 23 37 43 40 32 45 19 39 42 37 33 50 30 46 52 28 14 16 8 46 56 27 31 9 8 18 47 14 27 30 37 27 30 44 50 23 49 7 47 22 47 28 29 30 25 40 9 14 56 39 33 16 54 31 53 14 35 36 5 42 27 5 51 10 36 28 22 39 26 19 34 20 28 39 41 25 19 7 23 19 43 31 20 51 43 32 35 29 15 26 36 47 40 19 28 44 29 30 18 24 27 52 40 10 53 15 56 20 37 26 38 28 43 40 35 7 8 52 29 53 7 9 52 22 47 50 34 34 56 15 18 33 33 52 19 43 25 20 9 7 24 46 13 38 59 7 19 34 21 0 12 46 25 39 10 39 48 26 48 22 17 39 45 17 28 20 29 28 36 51 23 11 49 41 39 39 6 29 35 6 51 48 39 26 49 58 26 39 46 25 37 46 27 26 52 53 42 20 20 10 6 9 23 32 11 24 30 50 39 35 6 29 38 63 27 45 22 22 22 38 44 13 25 35 5 47 52 25 10 51 14 41 3 20 17 47 49 43 19 58 26 37 43 28 41 23 31 7 25 14 17 37 46 31 40 28 52 12 38 43 47 23 39 47 4 42 29 47 35 60 59 27 18 35 14 10 22 22 24 30 55 55 54 14 22 64 29 19 35 14 7 8 48 34 22 48 56 47 42 40 29 33 35 47 6 49 8 54 51 27 47 39 8 37 50
60 33 62 30 36 31 30 49 17 21 33 32 50 24 56 11 24 25 42 7 29 26 37 35 28 14 13 57 46 23 14 42 23 49 56 7 39 40 31 31 36 56 32 28 23 52 40 43 36 31 54 17 30 30 43 7 50 42 22 8 13 23 21 40 10 37 30 39 23 58 24 38 30 37 20 25 26 21 25 15 31 30 47 53 50 8 27 51 16 48 13 6 24 50 37 51 54 27 16 20 18 41 17 25 5 24 52 7 18 28 32 21 36 44 20 18 22 9 46 34 26 46 44 55 31 26 10 30 31 43 25 18 38 27 25 10 41 29 17 40 26 16 28 20 44 44 29 16 19 52 14 24 52 24 52 19 21 28 15 24 23 51 6 28 21 12 16 37 42 9 41 17 11 11 46 37 33 47 28 34 44 24 24 32 53 35 25 21 17 20 58 35 30 43 28 56 45 49 23 14 42 36 34 37 23 15 23 44 46 16 34 50 34 18 42 5 23 39 30 49 36 32 44 10 2 16 33 24 29 54 48 20 49 16 35 14 45 52 12 49 15 38 41 45 27 30 17 23 25 36 30 32 53 54 18 28 33 47 53 16 37 34 31 25 50 8 40 36 32 22 51 19 38 46 33 24 12 14 52 53 25 35 12 13 21 46 5 29 30 37 16 39 45 49 12 50 14 41 32 39 35 38 32 27 33 20 23 50 47 40 4 47 39 57 6 27 41 9 35 17 15 57 20 29 19 31 46 17 10 26 24 18 37 47 35 20 18 12 9 47 35 30 48 44 21 25 35 25 27 30 41 34 17 35 41 18 39 12 13 22 51 44 8 47 6 51 17 26 30 42 36 42 41 26 18 9 45 37 58 16 19 57 11 40 56 24 42 53 24 29 22 21 53 27 43 32 29 8 13 34 38 1 39 55 9 10 23 9 12 0 44 26 33 3 28 40 15 52 33 23 30 37 25 36 10 30 32 30 52 25 22 46 30 33 27 17 23 40 17 54 53 40 23 43 53 16 38 49 20 36 49 20 24 53 59 38 27 27 14 6 21 17 23 21 32 39 56 46 32 13 26 46 58 34 37 11 14 15 33 47 7 34 41 15 50 53 30 20 49 17 31 13 29 7 48 44 35 28 53 30 26 47 34 48 34 25 6 25 5 27 30 47 22 32 17 57 2 30 39 52 30 44 42 10 46 22 40 41 55 54 28 27 43 17 16 30 14 29 19 49 50 60 2 24 59 27 29 27 25 18 19 49 23 32 50 53 39 45 33 20 22 25 44 10 47 14 49 46 17 41 39 5 26 52
24 64 40 56 10 15 22 13 49 36 49 30 35 49 30 35 20 40 19 49 17 54 32 14 39 50 41 23 28 52 32 25 50 10 21 38 12 16 14 50 15 37 56 54 49 9 10 12 17 17 20 29 40 54 13 38 30 31 36 39 46 38 53 17 52 24 36 12 41 35 30 20 19 23 36 24 47 41 52 50 22 52 20 38 18 40 40 16 30 5 34 40 22 7 30 21 22 35 42 54 44 4 31 22 40 22 9 38 37 46 20 28 12 37 51 31 45 51 2 41 45 20 26 32 32 42 50 16 18 24 46 38 29 57 37 43 22 16 45 7 19 29 52 26 32 40 59 33 32 12 35 50 17 44 15 28 25 31 48 53 43 8 49 50 37 46 43 30 21 37 5 53 34 34 20 33 13 5 47 11 10 43 42 26 11 15 28 43 29 29 38 10 41 35 18 17 27 20 48 48 10 35 39 22 23 52 39 5 3 35 41 17 45 29 17 48 22 25 25 5 30 13 7 35 45 29 23 55 20 13 5 32 17 47 11 49 4 33 41 23 39 20 10 12 42 24 41 23 43 32 15 35 27 13 45 49 51 35 25 31 9 32 32 24 27 48 12 20 14 48 18 51 28 19 28 57 32 53 34 12 20 24 37 39 30 3 40 22 17 10 41 41 10 9 41 12 39 17 49 28 33 42 21 24 23 49 57 21 39 36 44 21 37 31 39 27 26 42 22 35 43 36 55 22 35 44 33 34 36 27 30 51 8 30 47 27 47 40 49 23 26 57 6 8 51 37 28 58 21 18 20 21 28 32 7 41 40 33 49 24 7 27 38 21 39 19 27 48 26 24 40 7 13 35 46 39 24 39 33 52 53 29 41 24 32 46 36 13 40 51 43 46 14 37 6 36 42 39 40 47 26 44 11 15 49 50 45 44 46 44 0 22 19 46 39 26 51 26 51 33 34 30 39 36 51 18 23 19 17 25 53 6 40 19 48 51 24 27 46 23 33 15 22 23 18 43 8 18 24 10 21 29 21 13 37 11 37 33 37 44 50 29 32 44 35 43 38 38 14 51 19 39 23 36 27 42 34 32 15 23 50 44 33 51 23 15 28 44 6 33 39 48 40 40 14 12 26 41 19 27 38 24 30 37 49 23 43 21 48 59 24 13 32 27 46 33 43 29 13 27 34 29 16 42 25 26 21 31 19 18 19 40 40 33 38 37 33 29 52 20 18 37 44 26 24 18 61 26 49 50 44 16 44 47 20 10 26 22 22 32 37 34 5 50 3 53 20 16 44 17 8 43 41 21
44 43 38 48 13 15 24 23 28 15 29 13 28 40 31 20 13 35 31 30 15 33 17 21 18 36 29 42 22 42 13 34 41 30 40 20 14 14 10 29 10 33 35 32 27 30 24 27 24 19 39 18 20 32 17 21 26 20 30 23 25 32 32 28 33 31 34 24 34 34 8 13 4 30 29 2 40 20 30 29 23 31 35 31 35 21 36 35 11 26 15 24 5 28 16 26 29 32 20 32 22 19 20 18 23 14 31 20 15 25 6 22 20 25 40 10 23 34 24 22 39 20 20 30 14 21 31 17 21 34 39 17 16 36 15 23 32 10 24 17 7 15 44 15 22 26 38 23 10 33 15 42 27 37 35 7 7 30 27 43 21 27 31 43 29 32 21 15 32 22 22 32 18 17 21 18 17 26 41 13 27 22 36 29 33 22 25 35 10 8 34 13 38 23 5 38 21 24 39 35 17 19 21 29 16 32 32 20 25 25 22 25 25 9 16 30 8 15 7 26 15 12 20 21 27 14 8 33 3 35 25 24 35 35 18 28 25 28 20 38 18 28 24 29 21 6 31 5 37 17 10 35 28 34 23 43 31 26 28 19 14 34 32 20 25 33 15 27 18 39 26 40 34 34 12 35 15 32 29 33 9 10 17 18 9 23 23 3 6 13 31 25 20 25 28 25 18 28 29 35 17 25 7 3 26 27 35 37 27 22 27 35 22 32 22 25 18 22 28 26 22 33 33 23 26 24 24 25 22 24 9 39 16 23 27 6 25 28 34 22 12 35 28 19 41 32 13 36 1 20 31 26 11 16 23 32 23 17 35 15 28 20 19 35 22 36 10 41 8 18 23 19 15 31 24 19 36 23 34 31 32 31 28 32 31 38 22 34 19 30 35 37 28 17 19 18 21 20 19 27 33 26 14 36 30 35 37 30 25 26 22 0 24 28 36 34 38 27 30 12 33 35 18 19 35 5 7 21 27 3 31 26 38 23 42 29 17 17 25 28 29 15 10 33 37 32 15 23 14 13 23 21 9 28 35 22 16 13 16 25 28 17 27 22 17 26 33 26 15 31 11 27 43 19 32 29 22 20 19 22 32 25 21 30 25 28 9 22 27 12 37 26 20 24 23 28 30 20 38 9 34 22 14 27 29 19 24 5 31 37 25 21 26 29 35 33 25 29 24 27 15 21 29 22 21 20 30 19 39 37 3 19 26 12 17 17 20 10 40 36 35 36 27 4 43 10 39 25 27 29 22 24 36 27 25 32 34 20 26 25 31 30 24 30 25 33 35 31 33 29 15 24 36 26
27 61 55 38 19 10 4 31 45 35 51 36 47 31 46 23 13 22 10 39 10 52 40 6 41 35 26 25 40 35 27 11 33 19 23 29 24 28 16 51 25 51 56 52 46 25 10 11 3 5 21 16 43 53 27 28 44 41 19 26 40 20 49 7 43 7 17 9 23 51 31 31 24 6 19 25 29 40 50 44 3 52 14 50 17 32 22 19 24 22 28 28 20 23 39 38 40 17 38 49 40 17 17 9 29 12 25 30 34 47 27 13 8 47 35 28 43 38 21 45 27 35 38 47 37 43 42 7 4 12 28 36 38 54 37 37 9 14 41 21 18 19 34 15 43 49 56 19 30 22 31 33 34 26 20 26 21 13 43 36 42 26 39 32 20 31 39 38 10 25 15 47 23 24 34 40 9 19 28 15 14 43 24 8 24 4 10 26 24 27 52 17 22 45 20 25 39 36 31 33 24 42 44 6 11 46 21 22 20 20 45 34 48 25 30 38 18 35 30 23 38 14 24 23 34 20 30 51 23 24 23 16 17 32 9 43 17 46 35 17 35 5 11 13 43 29 25 20 25 39 15 16 43 24 42 31 52 46 41 18 18 13 13 9 41 35 25 4 7 31 35 35 11 14 34 52 24 45 47 23 16 32 31 33 29 22 29 26 20 20 26 48 26 28 26 30 35 8 51 12 40 48 28 27 5 45 52 17 49 45 31 15 45 47 28 10 37 34 4 20 39 51 49 5 19 46 44 19 24 9 32 35 15 42 50 25 43 25 36 38 34 55 19 25 35 19 36 54 24 5 8 3 22 39 13 24 47 23 34 13 25 39 29 14 27 18 21 31 31 36 46 23 26 17 42 32 14 46 49 46 48 45 26 9 47 28 45 23 40 51 26 29 32 39 22 41 44 31 35 50 10 33 23 24 40 37 27 30 39 33 19 24 0 36 21 11 36 42 52 33 15 13 40 43 37 23 29 4 35 26 49 18 22 1 30 45 11 37 42 40 47 28 16 11 20 28 18 34 15 18 36 14 16 32 52 9 39 35 32 35 46 17 15 42 40 49 52 48 10 44 13 49 26 42 10 27 20 19 6 37 39 48 43 44 39 33 33 41 22 29 21 42 42 27 31 12 8 43 21 32 20 39 37 48 51 9 35 20 36 55 6 30 15 8 30 49 32 11 8 42 38 41 9 36 38 12 8 41 23 22 22 42 49 30 35 40 20 33 35 17 18 53 32 26 26 15 58 9 48 45 41 33 26 49 37 25 10 35 3 16 20 16 16 42 22 45 16 13 28 9 19 34 23 38
62 31 62 31 39 33 33 51 16 21 32 33 51 25 57 14 27 27 45 4 31 24 37 38 28 15 15 60 47 25 16 44 25 51 59 9 41 41 33 29 38 57 30 26 21 54 43 46 39 34 56 20 30 28 45 9 51 42 25 10 11 26 19 43 8 40 33 42 26 59 25 40 32 40 22 27 28 20 23 12 34 28 50 53 52 8 29 54 17 50 14 9 25 52 38 53 56 30 15 18 17 43 20 28 7 26 55 8 18 27 33 24 38 44 22 19 21 8 48 33 28 47 45 56 32 25 7 33 34 46 27 18 39 25 25 9 44 31 16 43 29 19 30 22 45 44 27 19 20 55 15 26 54 26 54 21 22 31 14 25 22 53 4 29 23 13 15 37 45 12 44 15 13 13 48 37 35 49 30 36 47 23 26 35 56 38 28 23 19 21 58 37 32 44 29 59 46 51 24 16 44 36 34 40 26 13 26 46 49 19 34 52 33 20 43 3 25 40 31 51 36 34 47 13 4 18 34 22 31 56 50 22 52 18 37 11 47 52 12 52 15 41 44 48 27 31 19 24 27 37 32 35 55 56 17 30 31 47 55 19 39 37 34 28 51 9 42 39 35 23 53 21 41 49 34 22 15 11 53 55 27 36 13 13 22 48 8 30 31 39 18 39 47 52 14 52 14 44 31 42 35 37 33 28 35 18 21 53 47 40 7 50 39 58 9 29 42 8 38 20 14 57 18 32 21 31 46 20 13 29 25 19 39 47 34 22 16 15 9 48 36 29 50 45 23 27 35 23 29 33 44 36 19 35 44 20 39 14 15 25 53 45 10 49 9 53 20 28 31 43 36 45 43 28 17 9 48 37 59 14 17 58 13 42 56 26 42 56 24 28 24 24 55 27 45 32 28 9 13 33 41 4 41 58 6 10 25 12 10 3 46 28 36 0 31 43 16 53 32 23 33 40 25 36 11 32 33 33 54 26 19 48 33 35 30 14 26 41 15 55 54 42 25 45 56 18 40 50 23 38 50 23 26 55 60 40 27 27 14 5 19 20 26 20 32 39 57 46 34 10 28 46 61 35 39 13 17 18 35 49 5 34 42 13 51 55 30 19 51 18 33 12 28 10 50 47 38 28 56 31 29 48 34 49 33 27 5 26 5 25 33 49 25 34 19 58 5 32 41 53 30 45 44 10 47 25 43 41 58 57 30 27 43 18 16 30 17 30 20 52 53 60 5 25 61 29 27 30 24 16 17 51 25 31 52 56 42 46 35 23 25 28 46 8 49 11 51 48 19 44 41 5 29 54
43 61 72 19 37 27 17 50 45 42 58 47 63 13 64 22 24 5 26 35 25 53 52 26 49 22 16 41 56 17 32 22 15 38 39 28 42 45 32 56 41 68 58 54 49 45 30 31 23 23 38 19 51 56 46 26 60 55 7 22 40 6 48 25 38 19 4 29 6 68 40 47 38 19 10 36 10 44 51 42 18 56 30 66 34 32 3 37 29 42 32 23 31 43 52 56 58 5 41 48 43 37 17 20 26 23 45 29 40 52 41 15 27 60 18 35 47 28 41 54 8 52 54 64 48 49 38 25 21 24 10 41 51 54 45 36 23 30 43 40 31 23 15 21 58 61 57 16 37 41 35 15 54 8 38 33 30 9 43 18 46 46 33 13 9 20 41 51 25 22 35 45 23 24 52 53 28 39 9 33 33 47 6 14 44 24 13 10 30 35 69 34 3 58 33 43 55 54 13 20 43 53 54 20 21 43 6 42 40 14 54 53 56 32 47 33 28 50 42 43 50 31 43 21 28 24 43 51 37 43 43 13 34 18 29 41 37 63 37 31 39 22 31 33 50 41 12 31 7 52 30 7 61 43 44 12 58 61 59 19 37 11 9 18 58 25 43 20 25 13 54 18 17 30 47 52 27 42 63 42 28 46 34 36 37 42 25 39 34 38 14 58 45 47 17 50 38 26 56 17 51 58 42 39 17 46 51 32 62 57 25 29 56 65 25 13 52 34 19 13 41 67 48 18 11 54 59 13 21 13 41 19 34 58 58 34 44 17 26 55 47 57 39 44 18 4 48 53 36 22 24 19 28 50 33 11 58 24 21 21 45 55 30 28 24 35 27 12 43 52 56 42 44 5 44 33 26 56 67 44 47 64 18 21 65 10 58 42 47 55 9 12 52 47 41 51 51 31 37 57 17 27 41 43 36 27 9 20 39 28 39 36 21 31 0 20 22 59 58 41 7 14 47 54 26 37 42 20 54 37 49 38 2 21 11 44 19 52 43 58 64 45 26 23 38 15 37 53 22 36 54 15 28 52 69 29 47 45 35 33 47 20 9 46 50 59 68 61 27 40 26 62 42 52 15 18 17 19 25 55 32 56 56 43 56 53 44 45 43 35 3 41 50 22 50 32 16 50 38 44 2 55 49 63 58 18 33 32 28 55 16 49 10 13 15 66 27 10 28 60 48 56 27 36 55 17 23 55 40 40 35 49 61 36 38 50 19 44 20 33 35 70 26 37 42 29 57 13 51 45 44 52 9 56 55 45 19 53 18 12 7 6 36 38 42 41 32 31 14 26 38 32 4 56
24 70 64 38 28 19 12 39 53 45 61 46 57 32 54 30 22 23 8 46 20 61 49 15 51 39 31 21 50 36 36 2 34 21 21 37 33 38 26 60 34 60 65 61 56 30 16 15 11 16 19 24 53 62 36 35 53 51 21 33 49 21 57 9 50 4 16 14 24 59 41 40 33 5 23 35 29 49 59 52 11 61 11 60 15 40 22 19 33 27 37 34 30 28 49 46 48 17 47 57 49 25 24 18 37 22 28 38 44 57 37 20 16 57 36 38 52 43 27 55 27 44 48 56 47 52 49 18 14 4 29 45 48 63 47 45 4 25 50 30 28 27 33 23 53 59 65 25 40 23 40 34 42 27 20 35 31 13 52 37 51 32 46 31 22 35 48 48 6 32 22 55 31 32 43 51 19 24 27 25 17 52 25 8 27 13 15 27 33 37 62 26 21 55 30 25 49 44 32 36 33 52 54 5 20 54 22 30 25 25 55 42 58 35 39 45 27 45 40 29 47 24 31 30 40 28 40 60 34 25 29 21 15 35 18 51 23 56 44 12 44 7 16 16 53 39 28 30 26 50 24 13 52 26 51 30 62 56 49 25 27 9 12 17 50 40 34 7 17 32 43 37 3 11 45 61 32 53 57 25 26 42 40 42 39 29 36 36 29 29 29 58 34 34 31 37 44 10 61 4 50 58 38 37 9 54 61 14 59 54 38 11 55 56 35 14 47 43 7 24 48 60 58 13 23 56 54 24 31 15 41 37 24 52 60 35 52 30 41 47 44 64 24 33 36 20 45 62 34 15 6 9 31 49 19 27 57 30 38 22 30 49 38 10 34 16 30 31 41 45 56 30 35 18 51 41 7 56 57 54 56 54 32 3 56 29 55 24 50 60 27 30 39 49 30 51 53 39 44 59 3 39 32 26 48 42 28 35 48 40 26 34 11 43 20 0 39 50 62 43 14 7 50 53 42 32 38 14 43 36 58 22 20 12 29 54 20 47 51 48 56 37 25 5 19 31 27 43 24 27 45 21 26 38 61 16 49 45 41 43 55 25 18 51 50 59 61 58 20 51 23 59 22 52 5 32 27 26 16 46 45 58 53 53 47 40 43 51 27 39 19 50 52 34 39 15 5 52 19 42 20 48 47 58 61 17 42 30 42 64 11 38 19 9 32 58 39 12 14 51 48 50 10 44 47 19 5 51 21 21 32 51 58 39 44 50 27 43 38 14 16 62 39 36 23 25 66 13 57 54 50 41 27 59 45 29 1 44 9 20 22 18 22 49 28 53 13 13 31 9 28 42 23 46
61 46 75 16 45 37 32 59 31 35 48 46 64 12 68 18 31 18 44 19 35 39 51 39 43 2 11 59 59 10 27 41 10 54 58 20 49 51 39 45 47 70 45 41 37 59 45 47 39 36 56 23 45 44 53 18 63 55 19 15 27 18 34 42 20 37 25 44 16 71 37 50 41 37 17 37 15 36 38 28 33 44 48 66 52 22 20 54 27 55 26 15 34 57 51 63 65 23 31 33 32 48 21 30 17 30 59 20 33 43 44 23 41 58 7 32 36 9 53 48 16 57 57 67 45 40 22 36 35 43 14 33 52 40 39 25 41 37 32 49 36 24 15 26 58 58 42 19 33 57 28 11 62 15 55 32 31 26 29 9 38 58 17 15 17 6 30 50 43 17 48 30 20 21 58 51 39 53 17 42 49 39 16 32 58 39 26 13 29 33 71 43 22 57 38 60 58 60 11 3 51 50 49 38 29 28 17 52 53 16 49 61 48 30 53 17 32 52 43 56 49 40 53 17 14 25 45 37 40 59 55 21 51 5 41 27 51 65 27 50 30 39 46 49 42 42 12 33 16 50 38 27 65 59 33 16 47 61 65 21 45 31 28 28 62 8 50 37 38 10 62 6 36 48 47 37 24 26 65 58 33 47 26 27 34 53 16 40 39 46 11 54 54 58 11 59 29 43 47 37 49 52 44 39 33 34 36 51 61 54 12 48 53 70 17 27 54 23 36 17 30 70 33 32 18 46 59 17 16 27 38 4 44 60 50 33 32 12 8 59 48 44 54 53 8 20 48 38 39 34 42 35 27 49 47 12 53 21 3 28 58 57 22 47 16 53 28 14 43 55 51 51 51 22 32 24 45 52 71 29 32 69 11 39 68 13 56 58 39 44 13 11 62 41 51 47 44 22 27 48 37 14 48 60 21 7 13 9 26 15 51 38 36 16 22 39 0 64 47 37 26 34 40 50 6 41 44 34 63 37 35 52 23 36 16 30 28 53 31 65 66 51 31 43 55 9 46 60 27 44 60 23 32 62 72 42 42 41 28 20 34 23 22 36 46 54 69 60 38 25 33 60 60 49 35 10 18 20 38 59 15 49 55 28 62 62 43 35 56 30 24 27 43 14 58 48 34 43 56 43 21 59 47 62 48 29 21 35 12 40 31 57 21 31 7 70 15 28 43 64 44 58 44 25 58 26 41 54 58 57 39 42 57 31 31 45 19 42 4 51 52 73 14 36 60 35 41 28 39 31 33 60 14 47 61 60 38 57 34 21 18 22 50 23 54 24 50 48 9 43 47 20 19 63
48 58 14 74 23 34 44 13 49 35 39 23 12 66 5 46 36 59 44 54 35 50 20 36 32 63 55 47 9 68 38 50 67 35 46 46 19 15 28 42 19 12 49 48 45 28 35 38 40 37 45 43 32 47 15 47 6 15 54 50 48 56 52 42 57 48 57 37 59 10 29 14 24 47 54 27 65 39 48 51 43 45 45 14 44 46 60 41 38 27 40 50 31 28 19 6 7 55 42 52 43 26 46 40 49 37 30 46 37 39 21 46 35 19 67 34 42 60 26 31 63 8 9 6 24 37 55 36 40 49 64 38 17 53 33 47 47 30 45 21 30 41 70 40 14 22 54 48 34 36 39 67 12 62 40 33 33 52 49 69 39 24 56 68 54 59 43 19 46 48 30 54 44 44 8 21 33 30 66 27 35 39 61 49 33 39 47 60 36 32 12 26 62 17 28 40 9 7 65 62 18 23 28 46 39 54 57 21 28 51 30 11 34 35 13 55 33 14 23 25 20 29 20 48 53 40 20 52 24 36 25 49 43 62 33 51 30 9 43 48 40 44 35 37 35 23 57 32 62 21 30 57 2 35 44 68 42 15 3 45 24 54 54 42 4 59 17 44 35 65 10 66 51 44 21 54 41 55 9 35 32 18 41 42 32 24 49 24 26 22 57 27 17 20 55 16 41 42 40 52 23 29 21 26 46 46 55 46 19 21 54 46 23 6 48 48 12 46 45 52 44 10 53 43 51 34 14 50 49 47 29 65 27 9 36 32 46 54 60 6 18 50 31 18 67 56 20 55 26 39 45 44 37 22 32 57 26 44 62 39 26 10 45 47 49 44 37 66 23 11 28 20 16 55 45 44 49 26 8 53 53 5 54 48 7 64 19 36 36 43 61 63 16 32 21 27 34 45 42 36 50 52 19 37 54 61 62 56 48 52 26 27 42 53 59 50 64 0 41 32 55 54 34 24 61 24 21 40 11 28 51 31 61 41 67 51 41 13 46 5 8 15 35 48 43 59 24 9 39 24 6 46 33 17 12 35 31 29 40 50 48 43 51 40 27 28 13 18 33 54 34 20 47 25 51 55 48 45 36 5 57 33 18 52 4 15 24 42 27 36 60 49 33 51 13 37 49 34 44 23 58 6 21 16 38 42 49 30 57 55 45 14 51 49 61 8 52 51 37 2 27 11 41 46 7 44 45 16 44 42 26 34 23 36 39 29 46 25 66 45 43 12 53 29 48 32 56 47 44 50 43 10 61 38 6 30 51 8 44 49 56 54 30 53 26 56 45 41 59 43 23 49 61 7
74 18 44 62 42 44 51 47 17 17 2 22 33 56 43 36 40 55 60 30 43 12 22 50 13 46 44 72 33 56 27 63 55 60 70 31 40 37 40 3 37 39 8 9 11 58 53 57 53 48 68 40 11 7 42 33 36 27 51 37 21 52 17 57 29 59 58 54 54 42 22 34 33 58 48 29 57 14 11 21 51 5 64 33 65 27 57 64 30 54 27 36 33 56 24 44 47 55 18 18 16 48 42 44 33 41 59 30 19 6 31 45 50 24 53 25 12 39 52 11 57 39 33 40 20 10 27 46 49 63 56 18 26 14 15 23 61 39 16 44 36 36 60 40 28 21 15 43 23 62 24 56 48 55 64 27 32 54 19 56 12 54 32 60 49 44 18 24 61 37 51 21 35 34 40 21 46 55 59 42 57 11 55 55 61 51 49 52 29 25 39 42 59 25 35 67 33 43 55 46 43 19 13 57 42 23 53 47 54 44 12 46 8 28 38 31 35 30 27 54 23 42 47 38 34 35 29 15 32 64 53 46 64 48 48 22 54 36 22 67 19 57 54 58 10 27 48 32 56 22 40 59 42 63 15 59 1 29 44 40 42 60 57 46 38 40 40 55 47 54 47 52 61 63 24 17 32 25 36 62 37 28 24 23 23 51 34 30 36 41 47 16 45 51 43 49 21 58 2 62 20 14 30 28 54 14 18 66 25 21 37 65 19 44 34 51 30 25 56 45 18 40 19 50 47 8 29 45 38 50 22 50 45 33 6 27 16 43 40 37 27 10 56 45 54 54 24 17 31 48 60 54 31 21 52 49 17 35 46 41 56 32 29 64 35 66 33 57 25 33 14 46 40 54 15 26 65 16 44 21 19 45 42 60 41 55 23 63 12 5 53 53 51 14 46 16 10 28 22 6 60 34 41 65 28 41 54 41 22 33 51 30 52 32 58 62 47 41 0 19 57 61 13 18 42 33 29 49 48 27 15 55 60 51 59 19 43 29 17 45 38 38 37 62 67 47 44 43 39 42 41 44 36 52 42 52 15 18 23 28 14 39 50 13 16 14 37 26 45 25 40 24 72 17 60 42 41 40 48 39 34 9 24 21 41 51 23 14 56 24 60 21 11 37 45 58 58 10 67 25 56 37 22 29 3 45 27 33 36 16 51 45 49 55 49 42 33 54 53 40 18 31 58 23 36 44 59 26 69 67 33 11 20 23 20 15 40 22 51 65 65 43 35 27 73 39 17 51 9 18 15 45 54 4 43 60 62 37 53 47 51 53 53 26 53 26 65 61 48 59 44 28 57 45
55 31 40 49 24 26 32 33 18 4 19 10 28 42 35 21 21 39 42 23 25 22 15 31 8 35 30 53 25 43 10 44 42 42 52 18 24 22 21 18 20 34 24 21 16 41 35 39 35 29 50 23 10 21 27 19 29 20 34 23 17 36 21 39 25 40 41 35 38 36 4 20 15 39 33 10 43 9 19 19 33 20 45 31 47 15 41 46 13 37 11 23 14 39 15 32 35 38 10 22 12 30 25 26 20 22 42 17 6 14 14 28 31 22 41 7 12 30 35 14 42 26 23 33 9 10 23 27 30 45 42 6 17 25 5 15 42 21 14 27 17 19 47 22 22 22 27 26 5 44 9 43 35 40 46 9 13 36 18 44 10 38 25 46 33 32 11 15 42 22 33 23 19 18 28 15 27 37 44 24 38 10 39 37 44 33 32 37 12 7 36 24 43 21 16 49 24 31 41 35 27 14 13 38 24 22 37 31 36 29 14 33 16 9 24 24 16 19 11 37 14 23 31 22 24 18 14 22 14 46 36 29 46 36 29 20 36 30 12 48 9 38 35 40 10 11 33 13 41 14 21 42 33 45 13 45 20 25 34 23 25 42 40 28 29 30 24 37 29 40 34 40 42 44 12 24 15 24 30 44 18 14 11 11 5 34 21 12 17 24 33 18 30 35 29 34 10 39 18 43 13 17 14 10 35 16 25 48 25 18 25 46 17 37 20 33 20 15 37 30 12 35 23 31 30 14 24 28 23 32 4 38 27 25 18 9 15 29 31 27 15 24 39 29 42 37 13 26 13 29 41 35 14 13 34 34 17 19 35 23 39 23 15 46 21 47 14 43 10 22 15 29 25 37 14 14 46 16 37 22 22 36 28 42 34 41 20 45 8 18 38 39 37 6 30 11 11 15 11 17 42 23 24 47 23 32 39 29 17 23 33 12 33 23 41 43 37 32 19 0 40 43 7 14 32 15 13 30 35 9 21 37 43 32 45 20 25 19 15 35 32 23 18 44 48 34 26 31 21 24 29 27 18 37 37 33 7 5 9 19 18 22 33 11 10 19 34 24 26 23 21 24 54 13 41 29 25 23 30 28 27 15 19 20 31 37 9 11 39 7 43 18 10 24 31 39 39 10 49 9 39 27 12 26 18 27 18 14 27 26 33 31 32 37 35 36 22 37 35 31 8 23 39 14 26 27 40 19 50 49 15 9 21 6 8 9 23 8 40 47 46 38 24 8 55 20 28 33 16 19 12 32 39 16 32 43 43 26 35 30 35 36 35 22 36 25 46 42 34 40 26 19 41 34
37 62 68 25 33 22 12 45 45 41 57 45 59 19 59 22 21 10 20 37 21 53 49 20 48 26 19 35 52 23 31 16 21 32 34 28 37 41 27 55 37 64 58 55 49 39 24 25 17 18 31 18 50 56 41 26 56 52 9 23 40 9 49 19 40 13 3 23 11 63 38 43 34 13 11 33 15 44 52 43 13 56 23 62 28 32 8 31 28 36 31 25 28 38 49 52 54 4 41 49 43 32 16 16 27 19 39 29 39 52 37 12 22 57 23 33 46 32 35 53 13 48 50 60 45 48 40 20 16 18 16 40 48 55 43 37 16 26 43 35 27 22 21 19 54 58 58 15 35 35 34 21 49 14 32 32 28 4 44 24 46 40 35 19 10 23 41 48 19 22 29 47 23 24 48 50 22 33 15 28 27 47 12 8 37 19 9 14 28 34 65 30 8 55 30 37 51 50 19 24 38 51 52 14 17 45 9 37 34 14 53 48 54 31 43 35 25 47 39 38 47 26 38 21 30 23 40 52 34 37 37 12 28 22 23 43 31 59 37 25 38 16 25 27 49 38 15 28 13 49 26 2 56 37 44 18 57 58 55 18 32 5 2 13 54 29 38 14 20 19 49 24 11 24 44 53 26 44 60 36 25 42 33 35 36 36 26 35 30 33 17 56 40 42 20 44 37 20 56 11 49 56 38 36 11 47 52 27 59 54 27 24 54 60 26 8 49 35 13 14 41 63 49 13 12 53 56 14 22 9 39 24 29 54 57 32 44 19 30 50 44 58 34 39 23 7 45 54 33 17 18 13 26 48 27 15 55 23 25 18 39 51 30 23 25 29 26 17 40 48 54 37 40 5 44 33 20 54 62 45 48 59 20 14 60 16 55 36 46 54 14 17 47 46 36 49 50 31 37 56 12 29 36 37 38 30 15 23 39 30 34 33 15 33 7 14 26 55 57 40 0 8 46 51 30 33 39 15 49 34 50 32 7 15 17 45 16 48 44 54 60 41 23 18 32 19 32 48 20 31 50 14 25 46 65 23 46 43 35 34 48 19 8 45 48 57 64 58 23 42 22 59 36 50 10 21 18 18 20 50 35 55 53 44 52 47 41 44 37 34 6 42 48 24 45 26 10 49 32 41 7 51 46 59 57 14 34 29 31 56 10 44 9 7 20 62 29 5 22 55 46 52 21 37 51 14 17 51 34 34 32 48 58 35 38 48 18 41 25 26 29 66 29 34 36 25 58 9 51 46 44 47 14 55 50 39 13 48 12 11 9 5 31 40 36 43 25 25 18 20 33 33 9 51
29 68 67 31 31 21 12 43 51 44 61 47 59 26 58 27 22 17 13 43 21 59 51 18 51 34 26 28 52 30 35 9 28 27 27 34 36 40 27 59 37 63 63 60 54 35 20 20 14 17 25 22 53 61 39 32 56 53 16 30 46 16 55 14 47 7 10 19 19 63 41 43 35 8 18 36 23 48 57 49 12 60 17 62 21 38 16 25 32 32 36 31 30 33 50 50 52 12 45 55 48 29 21 18 34 22 34 35 43 56 38 17 19 58 31 37 51 39 32 56 21 47 50 59 48 52 46 19 15 11 23 44 49 61 47 43 10 26 48 33 29 26 28 22 55 60 63 21 39 29 38 28 46 21 26 35 31 9 49 31 50 37 42 26 18 31 46 49 12 29 26 53 29 30 47 52 21 29 22 27 23 51 19 6 32 16 13 22 32 37 65 29 14 56 31 31 51 48 26 31 36 53 55 9 20 51 17 34 30 21 56 46 58 34 42 42 28 47 41 34 49 26 35 27 37 27 41 58 35 31 34 18 21 30 21 49 27 58 42 17 43 11 21 22 52 40 23 31 20 51 26 8 55 31 49 25 61 58 53 23 30 4 6 16 53 36 37 10 19 26 47 31 4 17 46 59 31 50 59 30 27 43 38 40 39 33 33 37 31 32 24 59 38 39 27 42 42 15 60 3 51 59 39 38 9 52 58 20 61 56 34 17 56 59 32 11 49 40 9 20 46 63 55 13 19 56 56 20 28 12 42 32 27 54 60 35 50 26 37 50 45 63 29 37 31 15 47 60 35 16 12 10 30 50 24 22 58 28 33 21 35 51 35 16 31 22 29 25 42 48 57 34 39 13 49 39 12 57 61 51 54 57 27 8 60 23 56 30 50 59 22 25 44 49 34 52 53 37 42 59 5 36 35 32 45 38 22 30 45 37 30 35 13 40 14 7 34 54 61 43 8 0 49 54 37 34 40 15 47 36 56 28 13 13 24 51 19 49 49 52 59 40 26 11 25 26 30 46 23 30 48 18 26 43 64 20 49 46 40 40 53 23 14 50 51 59 64 60 22 49 24 60 29 53 3 28 24 23 18 49 42 58 54 50 51 44 44 49 33 38 12 48 52 30 43 21 5 52 25 43 14 51 48 60 61 17 40 31 38 62 10 42 15 7 27 61 35 8 18 54 49 53 16 42 50 17 11 52 27 27 33 51 60 39 43 51 24 44 32 20 22 65 35 37 28 26 64 11 56 51 49 45 21 59 49 35 6 48 10 17 17 13 27 46 32 50 19 19 26 14 31 39 17 50
61 26 39 54 29 32 39 36 16 6 12 12 28 47 37 26 28 44 48 25 31 17 15 38 3 39 35 59 26 47 16 50 47 47 58 22 29 26 27 12 25 34 18 16 12 46 41 45 41 35 56 28 5 15 31 23 30 20 40 27 17 42 18 45 26 46 47 41 43 36 10 23 20 45 38 16 48 6 15 19 39 14 51 30 53 19 46 52 18 42 16 27 20 45 16 35 38 44 10 20 10 36 31 32 24 28 47 21 8 8 19 34 37 20 45 13 8 33 40 9 47 29 25 34 10 4 24 33 37 51 47 8 17 20 3 17 49 27 12 33 23 24 51 28 22 19 22 32 11 50 13 48 38 45 52 15 19 43 16 48 5 43 27 50 39 36 11 15 48 27 39 21 24 23 30 14 34 43 49 30 44 6 45 43 49 39 38 42 18 13 35 30 49 20 22 55 25 33 46 39 32 12 9 45 30 21 42 35 42 34 9 36 10 16 27 26 23 21 15 43 14 29 36 27 27 23 17 19 20 51 41 35 52 40 35 19 42 30 14 55 10 45 42 46 4 15 38 20 46 14 27 48 34 51 11 50 14 24 36 29 30 48 46 34 30 33 29 43 35 45 37 44 49 51 14 21 21 23 30 50 24 18 15 14 11 39 25 17 23 29 37 14 34 40 34 38 12 45 12 50 12 13 19 15 42 14 22 54 22 16 29 52 14 38 25 39 22 18 44 35 12 35 21 38 36 7 23 34 28 38 9 42 33 26 11 15 13 33 34 29 17 19 44 34 46 43 15 22 18 36 47 41 20 13 40 39 14 24 38 29 44 24 19 52 26 53 21 48 14 24 11 34 29 43 12 17 52 13 38 20 20 38 33 48 35 46 18 51 2 13 43 44 41 2 35 8 4 19 13 11 48 26 29 53 24 35 44 33 17 25 39 18 40 25 47 50 40 34 13 7 46 49 0 12 35 21 17 36 38 15 18 43 49 39 50 18 31 21 13 37 32 27 25 50 54 38 32 34 27 29 32 32 24 41 37 39 3 6 13 21 14 27 39 8 8 14 33 22 32 22 27 22 60 10 48 33 30 29 36 30 29 10 18 19 33 40 12 9 44 13 49 17 4 28 35 45 46 3 55 13 45 29 13 25 12 33 20 21 30 22 39 35 38 43 40 36 26 43 41 32 7 24 46 16 28 33 47 19 56 55 20 2 18 12 10 6 29 11 44 53 52 38 27 14 60 26 24 39 11 17 10 35 44 10 34 48 49 28 41 36 41 42 41 22 41 24 52 49 39 46 32 21 46 36
60 34 28 63 28 34 43 30 27 15 16 8 17 56 27 34 32 52 50 36 34 26 5 39 9 49 44 58 16 57 24 53 56 46 57 31 25 21 28 18 22 23 25 25 22 43 41 45 43 38 55 35 9 23 26 33 20 10 47 37 28 49 29 46 37 50 53 42 51 26 14 18 20 49 45 19 56 17 25 30 42 21 52 19 53 29 53 51 26 39 25 36 24 41 7 27 30 50 22 30 22 34 37 37 34 33 44 30 18 16 17 40 38 9 54 20 19 44 37 7 55 22 16 23 7 14 35 36 40 53 55 18 9 30 12 28 51 29 23 30 26 31 60 33 11 8 31 39 18 48 23 57 32 53 51 21 24 48 27 57 16 39 38 59 46 45 22 8 50 35 38 32 32 31 23 4 35 41 57 30 44 16 52 48 47 41 43 51 24 19 24 29 56 9 24 53 16 26 55 48 28 2 5 48 35 32 50 32 39 42 6 29 10 22 22 37 27 13 14 39 7 30 32 36 37 30 14 29 20 49 38 41 52 49 36 30 40 20 25 56 21 47 42 45 12 15 47 24 54 5 29 53 25 48 22 59 19 13 27 36 29 53 51 39 21 44 25 46 37 54 30 54 53 51 9 31 29 34 20 48 28 13 25 24 17 36 35 18 24 27 46 6 30 35 43 32 23 47 16 54 4 6 16 16 45 24 32 54 11 5 39 53 3 28 34 44 13 28 47 43 23 24 31 42 43 11 13 41 36 43 13 52 32 16 12 20 24 42 44 20 11 26 42 30 55 50 9 32 20 39 49 45 26 5 39 47 4 32 48 34 40 15 29 53 35 53 27 57 13 16 5 31 25 49 23 27 54 4 27 31 30 28 42 51 24 54 7 49 13 20 51 53 35 10 32 4 11 29 24 13 52 37 26 50 35 45 53 43 28 36 36 19 43 36 54 53 50 24 18 14 51 54 12 0 46 21 15 40 31 18 28 41 56 42 58 29 36 12 24 28 22 23 29 52 53 47 30 27 32 28 24 39 28 35 26 40 9 10 22 32 25 34 45 19 5 7 22 11 34 34 30 10 59 2 51 42 38 36 38 22 40 9 7 31 24 34 10 20 41 21 55 28 10 37 29 45 49 11 54 12 52 20 7 13 15 38 31 24 40 32 44 29 44 48 49 26 36 48 42 23 6 14 47 27 19 38 49 9 55 53 22 11 8 20 20 6 36 11 53 53 52 27 37 18 60 29 33 44 21 28 21 29 52 14 26 45 53 20 45 42 48 48 39 34 38 35 53 49 48 48 30 32 54 28
63 40 71 22 44 37 33 57 25 31 43 42 60 17 65 17 31 22 45 13 35 33 47 40 38 6 12 61 55 16 24 43 16 54 60 16 47 48 38 39 44 66 39 35 32 59 45 48 40 36 57 23 40 38 51 15 60 51 21 13 21 22 28 44 14 39 29 44 20 67 34 48 39 39 19 35 20 31 33 22 34 38 50 63 53 17 24 55 24 54 22 12 32 57 47 60 63 26 26 27 27 48 21 30 13 29 59 16 28 38 41 24 41 54 13 28 31 3 53 43 21 55 53 64 41 35 16 36 35 45 19 28 48 34 34 19 43 36 26 48 34 23 21 25 54 54 36 19 29 57 24 17 60 19 56 29 29 29 24 15 32 58 11 21 20 7 25 46 45 15 48 24 18 18 55 47 39 53 22 41 49 33 20 34 59 39 27 17 26 30 67 42 27 53 36 61 55 58 16 7 50 46 44 39 29 22 21 51 53 18 44 59 43 27 50 11 30 49 39 56 45 39 52 16 9 23 42 31 38 59 55 22 53 9 41 21 51 61 22 52 25 41 46 50 37 39 15 31 21 46 37 31 63 59 27 21 41 57 62 21 44 34 31 29 59 3 48 39 38 15 60 12 39 50 43 31 21 20 62 58 32 44 22 22 31 53 13 38 38 44 13 49 52 57 11 58 24 44 41 40 44 48 41 36 35 28 30 53 56 50 8 50 49 67 13 29 51 18 38 18 25 66 27 33 19 41 55 19 15 28 34 10 44 56 44 30 26 12 2 56 45 38 54 51 14 23 44 32 36 35 44 37 25 45 47 15 49 19 6 28 58 54 18 49 13 54 25 19 39 51 46 50 49 25 27 19 47 47 68 23 26 66 11 42 65 18 51 58 34 38 18 16 61 37 50 42 39 18 23 43 39 10 47 60 15 1 18 8 20 10 51 35 37 11 26 42 6 61 42 32 30 37 35 46 0 38 41 34 61 34 29 52 28 37 22 24 28 50 26 63 63 49 30 45 57 12 45 57 27 43 58 23 31 60 68 43 37 37 24 15 29 22 24 31 42 49 66 56 38 19 33 56 62 44 38 10 18 20 38 56 9 44 51 22 59 61 39 29 56 26 28 22 38 12 56 49 37 38 57 40 25 56 43 58 43 29 15 33 6 34 32 55 23 33 11 66 10 31 43 61 40 54 45 20 56 26 43 50 59 58 36 37 53 27 26 40 19 39 10 53 54 69 9 33 62 34 35 30 34 25 28 58 19 41 59 60 41 54 36 22 21 25 50 17 54 18 52 50 13 45 46 15 23 61
41 46 36 50 9 13 23 20 32 19 32 14 26 42 28 23 13 36 29 33 14 37 17 19 21 39 32 39 20 45 16 33 43 27 37 24 10 10 8 32 7 31 39 36 31 26 21 25 23 18 35 20 23 36 14 24 24 19 31 26 29 33 36 26 37 30 35 22 36 32 12 10 1 29 30 6 42 24 34 33 23 34 32 30 33 24 37 32 15 22 18 27 7 24 17 22 25 33 24 36 26 15 22 18 26 14 27 24 19 29 5 23 18 25 43 14 27 38 20 25 40 17 18 28 15 25 35 16 20 33 41 21 16 40 19 27 31 9 28 13 6 17 46 17 22 27 42 25 14 29 19 44 23 39 31 12 10 30 31 45 25 23 35 45 31 35 25 16 30 25 18 36 21 21 17 19 15 22 42 9 24 25 37 28 29 21 25 37 14 12 33 9 39 23 4 34 19 20 42 38 13 20 23 27 17 36 34 16 21 27 24 21 28 12 13 34 10 14 8 22 15 10 16 24 31 17 8 37 2 31 21 25 32 38 16 33 21 26 24 35 22 27 22 26 24 7 33 8 39 18 8 35 25 30 27 44 34 25 25 21 10 34 32 20 22 36 10 25 17 41 22 42 33 31 13 39 18 36 27 29 9 10 21 22 13 19 26 4 3 9 33 26 16 21 31 21 22 26 32 34 18 26 6 6 26 31 39 34 27 22 31 33 23 30 25 26 16 26 27 28 26 31 37 22 28 27 23 27 25 25 13 41 13 22 30 11 29 30 37 19 12 39 24 15 44 34 13 40 4 19 29 25 14 17 19 34 25 20 39 16 24 19 23 33 26 33 13 43 9 15 25 14 12 32 28 24 34 24 31 35 36 29 31 31 29 40 23 30 22 33 37 39 24 20 15 20 24 24 23 30 32 30 10 32 34 38 39 33 29 30 18 5 23 32 37 32 41 24 33 15 33 34 21 21 38 0 6 20 23 7 35 22 39 22 44 33 18 16 29 25 28 11 11 32 34 35 11 19 15 9 20 23 10 24 33 19 19 15 20 28 32 19 28 26 19 27 32 26 14 35 11 27 39 20 32 31 24 22 18 19 36 27 21 34 22 23 11 26 24 16 38 31 23 27 19 25 30 23 35 10 35 20 15 27 32 19 27 6 34 41 24 18 28 28 37 30 29 29 21 24 17 20 26 26 19 21 29 19 36 34 3 23 26 16 21 20 23 12 43 33 32 34 30 8 40 9 43 25 31 33 26 20 38 30 21 28 33 17 25 26 33 31 20 34 21 37 33 29 35 27 11 28 38 23
46 43 32 54 14 19 29 20 30 16 27 8 21 47 25 26 19 41 35 34 20 34 11 25 17 42 35 44 15 49 18 39 47 32 43 26 12 10 14 28 8 27 35 33 28 30 27 30 29 24 41 24 18 32 14 26 20 13 36 29 29 38 34 32 37 36 40 27 41 28 10 8 5 35 35 7 46 21 31 32 29 30 38 24 38 25 42 37 17 26 19 30 11 28 11 21 24 38 23 34 24 20 27 24 28 20 31 25 18 25 3 28 24 19 47 14 24 39 24 19 45 15 13 24 10 21 35 22 26 39 45 19 10 37 15 27 37 15 26 16 12 21 51 22 16 21 39 29 14 34 19 48 23 43 36 13 13 36 30 49 22 26 35 50 36 39 24 10 36 28 23 35 24 24 16 13 21 27 47 15 29 22 42 34 33 27 31 41 16 12 28 14 44 17 10 39 15 19 46 41 15 14 17 33 22 35 39 19 25 32 19 21 23 14 12 34 14 9 3 26 9 16 19 28 33 20 2 35 6 35 25 30 37 42 22 32 26 22 24 41 21 33 27 31 20 2 37 12 44 12 14 41 22 35 25 49 29 19 22 25 14 40 38 26 19 39 12 31 23 45 22 46 39 37 7 37 21 36 22 34 14 4 21 22 12 22 29 4 9 13 37 20 17 23 35 22 21 32 27 40 12 21 2 5 32 29 37 40 21 16 33 39 17 26 28 31 11 26 33 33 25 27 35 28 33 22 17 31 28 30 10 45 18 17 25 12 27 34 39 16 6 35 28 17 47 39 7 38 6 25 35 31 17 11 25 38 19 23 42 22 28 14 24 39 28 39 17 47 4 11 19 18 13 38 26 24 40 18 27 34 34 26 34 37 25 45 17 35 19 29 42 44 25 15 18 14 20 25 23 25 38 32 13 37 34 40 43 36 28 32 23 7 29 33 42 38 44 21 29 13 39 40 17 15 41 6 0 26 23 7 33 27 44 28 48 32 23 10 27 23 23 11 16 38 39 39 16 18 20 14 18 27 15 25 29 25 15 11 20 29 30 23 33 23 14 21 27 20 20 34 17 21 44 14 38 35 28 26 24 16 37 22 15 33 19 24 6 24 27 16 43 30 18 30 19 31 36 19 40 5 40 16 9 21 27 25 28 11 36 39 30 18 33 34 41 26 31 35 27 21 12 15 32 26 15 26 35 13 41 39 8 18 20 16 20 15 27 7 46 39 38 30 32 8 45 15 40 31 28 31 24 20 43 25 20 32 39 14 31 31 37 36 25 34 25 36 38 34 39 33 15 28 43 22
30 58 53 37 18 7 4 30 41 32 48 32 45 30 44 20 9 22 13 36 7 48 37 7 38 33 24 28 38 33 24 14 32 21 26 25 22 26 13 47 22 49 52 49 43 26 11 14 6 3 24 13 40 49 26 24 42 38 17 23 37 19 45 10 40 11 17 11 22 49 27 28 21 10 18 22 28 36 46 40 4 48 18 48 20 29 22 22 20 23 25 25 17 24 36 37 39 16 34 45 37 17 14 5 26 9 26 26 31 44 24 11 8 44 33 25 39 35 21 42 26 33 36 45 34 39 39 5 1 15 27 32 35 50 34 33 13 12 38 20 14 15 33 11 41 46 53 16 26 24 27 32 34 25 22 22 18 13 39 34 38 26 36 31 18 29 35 35 13 22 15 44 20 20 33 38 8 20 28 14 16 39 23 9 26 6 9 24 20 24 51 15 23 42 17 27 37 35 30 31 23 38 41 9 8 42 20 22 20 18 42 33 45 22 28 35 14 33 27 24 35 12 23 20 30 16 27 48 21 26 23 13 20 30 9 39 18 44 32 20 32 9 12 16 39 26 23 17 25 37 12 17 42 26 38 30 49 44 40 15 17 15 14 6 39 33 24 7 5 29 34 33 13 17 32 49 20 42 45 25 13 29 28 30 26 22 26 23 17 19 24 45 25 27 24 30 31 11 47 14 36 45 25 24 7 41 49 20 46 42 28 18 42 46 25 9 35 31 8 17 35 49 46 3 17 43 42 17 21 8 28 33 14 40 47 22 39 23 33 36 31 52 21 24 33 18 33 50 20 2 12 6 19 36 14 23 44 19 32 9 26 37 26 17 24 21 17 30 27 34 43 22 25 17 39 29 17 43 47 42 44 44 24 12 46 27 42 25 37 47 25 27 32 36 21 38 40 27 31 46 13 30 21 27 37 34 26 27 36 30 19 21 4 33 20 14 34 40 49 30 15 15 36 40 34 20 26 0 34 23 45 19 22 3 30 42 8 35 38 39 45 26 12 14 23 26 17 33 11 16 35 12 13 32 51 10 35 32 29 32 43 14 13 38 37 46 50 45 8 40 10 46 29 39 13 25 17 16 5 35 36 44 40 41 37 33 30 38 23 26 21 38 39 24 30 15 11 39 24 28 19 37 34 46 48 6 31 17 33 52 5 29 14 9 28 47 29 11 10 40 35 38 12 32 36 9 11 38 26 25 19 38 46 26 31 37 17 30 34 20 21 51 29 23 29 11 54 8 44 42 37 32 25 46 35 27 14 34 5 14 19 15 17 38 22 42 19 16 26 12 18 30 22 37
38 64 24 70 18 28 38 5 52 38 46 27 22 62 13 45 32 55 36 56 30 55 26 30 37 61 53 37 17 65 39 42 64 25 36 46 14 13 24 48 17 22 55 54 49 17 27 29 33 32 35 40 38 52 10 47 16 23 50 49 51 52 56 34 59 41 51 29 55 20 32 16 23 40 50 28 61 42 53 54 37 51 37 24 34 47 55 31 37 17 41 49 29 18 25 6 6 50 45 56 46 18 43 36 49 34 19 46 40 45 21 42 28 28 64 36 46 60 17 37 59 10 16 17 29 42 57 30 34 41 60 41 22 58 37 48 39 26 48 15 27 39 66 37 22 31 60 45 36 26 41 64 1 58 30 34 32 47 52 66 43 14 57 65 50 57 46 24 38 47 22 57 43 43 9 27 27 20 61 22 26 43 57 42 22 32 43 57 36 34 23 21 56 26 25 30 16 6 62 60 12 30 35 39 35 57 53 13 19 48 36 2 41 35 12 56 31 18 25 16 25 24 12 46 53 38 22 56 24 25 15 45 33 60 27 54 21 19 46 39 43 37 27 28 40 25 54 30 58 27 26 51 12 24 47 64 49 24 9 42 19 48 48 38 13 58 13 37 29 61 2 64 44 36 25 58 41 58 20 25 30 21 43 43 34 15 49 25 24 17 54 35 10 10 52 6 44 34 47 45 29 36 22 26 39 51 59 37 28 29 53 37 30 15 48 42 19 48 38 48 47 21 57 37 48 41 23 47 47 42 32 63 21 18 43 33 49 52 59 12 22 56 21 11 64 52 24 59 26 33 37 37 36 27 24 54 33 42 60 36 16 17 45 38 48 34 36 63 26 16 35 13 12 50 48 46 41 34 17 56 56 13 52 40 17 60 27 26 40 49 57 60 6 36 14 33 39 46 45 43 43 52 15 27 56 60 58 55 51 52 17 27 35 54 54 43 63 11 48 35 49 47 38 31 61 23 23 34 0 29 55 22 56 34 63 54 37 19 49 6 18 13 32 40 33 56 18 5 36 19 8 42 31 7 22 28 35 33 41 51 52 40 46 45 32 36 23 28 28 57 30 29 36 31 44 53 45 43 30 10 58 40 25 55 9 5 27 45 18 38 55 52 38 50 5 29 43 39 34 26 53 13 26 26 45 37 50 28 57 60 39 6 47 43 58 18 51 45 29 12 32 19 33 47 13 40 38 23 34 32 25 39 32 37 42 34 44 28 64 36 33 21 53 30 37 28 62 42 49 53 46 3 58 44 5 20 43 11 38 45 52 49 22 55 16 59 36 32 56 34 17 50 56 5
47 40 38 48 16 18 26 26 25 12 26 11 27 40 32 20 14 35 34 28 17 30 16 23 16 36 29 45 22 42 11 36 41 33 43 19 16 16 13 26 13 33 32 30 24 33 27 30 27 21 41 18 18 29 20 20 26 19 30 23 23 33 29 31 31 33 36 27 35 34 5 14 7 32 29 2 40 17 28 26 26 28 37 30 38 19 37 38 10 29 13 23 6 31 15 27 30 33 18 30 19 22 21 20 22 16 34 19 13 23 8 23 23 23 40 7 20 33 27 20 39 21 20 31 12 18 28 19 23 37 39 14 15 33 13 21 35 13 21 19 9 15 45 16 22 25 35 23 8 36 12 42 28 37 37 6 7 31 25 43 18 30 29 44 30 32 19 14 34 21 25 30 18 17 22 16 19 29 41 15 30 19 36 30 35 25 26 35 9 5 34 15 39 22 8 41 21 25 40 35 19 17 19 31 18 29 33 22 28 26 20 27 23 7 18 28 10 15 6 29 14 15 23 21 26 14 9 31 6 37 28 25 37 35 21 26 27 28 18 40 15 31 27 31 18 5 31 7 38 15 13 36 29 37 21 43 28 25 29 19 16 36 34 22 26 32 17 29 21 39 28 39 36 36 11 32 14 30 29 36 11 10 15 16 6 26 22 4 9 15 31 23 22 28 28 27 16 31 26 37 15 23 8 3 29 24 33 39 26 20 26 38 20 33 21 27 18 20 30 27 19 33 31 25 27 21 23 25 22 26 6 38 19 23 25 5 22 27 33 22 12 32 30 21 41 33 12 34 4 22 33 28 10 14 25 32 22 17 35 17 31 20 17 38 22 39 10 41 6 18 21 21 18 32 22 18 38 21 34 28 29 32 27 34 32 39 21 37 16 27 36 38 30 14 22 16 18 18 17 24 35 25 16 39 28 34 37 29 23 25 25 3 26 26 37 36 37 28 27 9 34 36 15 18 34 7 7 23 29 0 29 29 39 25 42 27 19 17 22 29 30 16 12 36 40 32 18 25 15 15 24 22 10 30 35 25 13 10 14 23 26 17 28 19 15 23 33 25 18 29 14 26 45 17 35 28 22 20 22 23 30 22 20 27 26 30 8 19 30 9 38 24 17 24 25 31 33 17 40 7 35 23 12 27 26 21 22 7 29 35 26 24 27 31 34 33 24 31 26 27 13 21 31 20 22 21 33 19 42 40 6 17 24 10 14 15 20 8 40 39 38 36 26 1 46 12 37 27 25 26 20 26 37 24 26 35 36 21 28 26 32 31 27 28 27 31 38 34 33 32 18 22 37 28
73 13 56 50 44 43 47 53 5 18 17 29 44 44 54 29 37 45 58 17 42 5 32 49 20 34 34 71 42 44 22 59 44 60 70 22 44 42 40 13 40 50 11 7 7 61 53 56 51 45 68 34 20 10 47 24 47 37 42 27 10 44 2 55 15 55 50 53 44 53 24 40 35 54 40 30 47 13 5 7 47 11 62 46 64 18 48 64 26 57 21 26 32 59 32 52 55 47 12 3 10 50 35 40 23 37 62 21 17 13 35 39 49 35 41 23 10 26 55 22 47 46 42 51 27 15 14 44 46 60 46 15 35 6 19 13 58 39 8 47 35 31 49 35 39 34 8 35 22 64 19 45 55 45 64 25 30 48 7 44 13 58 19 48 41 32 11 33 58 28 52 6 27 26 47 31 45 57 49 43 57 12 45 50 63 49 43 42 26 24 51 43 51 36 35 68 43 50 43 35 47 29 24 54 38 8 44 51 56 36 23 53 20 25 44 19 33 38 31 57 32 42 51 29 23 30 34 3 34 65 56 39 63 37 47 8 55 47 14 65 15 54 54 58 17 31 38 31 46 31 40 52 52 65 9 49 15 40 53 33 44 53 51 42 48 28 45 52 46 42 54 40 56 61 31 4 26 10 47 64 35 34 18 16 23 54 24 32 37 43 37 28 50 56 33 54 15 56 15 57 29 26 34 30 50 5 5 65 38 32 26 63 30 55 25 45 39 16 52 37 10 51 4 46 38 19 40 37 29 44 24 38 47 43 20 26 7 33 28 46 34 10 58 49 42 45 32 5 32 45 57 50 27 29 53 39 29 28 34 37 59 42 21 62 25 65 29 47 30 41 25 49 45 46 8 17 62 27 55 7 4 54 32 57 52 45 34 64 16 11 43 43 57 20 50 25 18 19 15 19 56 23 44 67 15 28 44 31 11 22 53 31 49 19 49 58 35 51 15 21 50 56 18 28 29 35 33 45 55 29 0 57 51 48 49 5 39 38 8 54 49 44 34 59 66 37 46 51 35 44 49 38 34 57 53 51 21 23 17 17 4 33 43 11 25 27 50 38 44 11 38 37 72 27 55 32 33 33 46 47 21 21 35 8 50 57 28 10 58 21 51 9 19 27 51 57 53 18 67 29 47 46 30 41 18 41 17 33 24 7 47 51 41 50 38 53 23 48 52 50 25 41 56 14 45 39 56 36 69 67 34 18 33 20 15 23 32 27 39 64 64 54 24 28 73 37 9 45 8 5 9 52 44 17 51 63 57 45 49 39 43 45 54 13 56 12 63 60 38 56 46 18 47 53
19 68 44 55 14 16 21 18 53 40 54 35 40 48 34 36 22 39 15 51 18 58 37 13 43 51 42 18 33 52 35 21 50 5 16 40 17 21 17 54 20 42 61 58 52 8 8 8 15 17 15 30 45 58 18 40 34 36 35 40 49 37 57 14 55 21 34 9 40 40 34 25 23 20 36 27 46 45 56 53 20 56 15 43 14 43 39 11 32 5 37 41 25 6 35 26 27 34 45 57 47 8 32 22 42 23 8 41 40 51 25 29 12 42 51 34 49 52 6 46 44 26 31 37 37 46 53 17 18 20 45 42 34 61 41 46 19 18 49 12 22 30 51 27 37 45 63 33 35 8 39 50 21 43 10 32 28 30 52 53 47 10 51 49 36 46 46 35 17 38 5 56 35 36 24 38 14 2 45 14 5 47 41 24 8 14 27 42 32 33 43 14 39 40 22 13 32 25 48 49 15 40 44 19 24 56 38 11 4 36 45 21 49 32 22 50 25 30 29 7 35 15 11 37 47 31 27 59 24 9 7 32 13 48 12 52 2 37 44 18 42 17 7 7 46 28 41 26 43 37 17 33 32 9 49 48 56 40 29 32 13 29 30 24 32 50 17 18 14 48 22 51 25 14 33 60 34 56 38 8 22 29 40 42 34 8 41 26 20 15 42 46 14 13 41 16 43 13 54 25 38 47 26 28 22 52 60 16 44 41 45 16 42 35 41 26 32 44 19 36 47 41 58 21 35 48 38 35 38 26 34 51 10 35 52 31 50 40 51 29 30 61 2 14 51 36 33 62 25 18 17 19 31 37 5 41 45 34 50 25 8 32 40 17 40 13 30 48 30 29 45 12 18 34 49 42 20 44 37 55 57 33 42 20 37 45 41 8 44 55 43 46 17 42 11 41 46 41 43 51 23 46 16 10 52 52 44 45 49 46 6 26 18 48 38 22 52 31 55 37 32 28 43 41 52 22 27 19 22 29 57 0 39 17 47 54 25 32 50 27 38 20 24 19 13 44 12 23 26 14 26 30 23 17 42 10 41 37 40 46 54 30 31 47 40 47 43 43 15 54 20 44 18 41 25 43 35 33 15 27 52 49 38 54 28 18 33 48 5 36 38 51 45 41 19 8 24 45 14 31 37 30 35 42 53 24 45 24 49 63 23 18 32 25 46 38 45 28 10 32 39 34 13 45 30 27 17 36 14 13 23 44 45 37 42 41 34 33 52 15 12 42 45 30 19 20 65 25 53 53 48 21 43 52 25 9 23 27 20 32 37 33 3 52 6 56 15 11 44 14 12 45 40 25
42 63 74 18 39 28 18 51 47 44 60 49 65 13 65 24 26 6 26 36 27 55 54 27 51 23 18 41 58 18 34 22 16 39 40 30 43 47 33 58 43 69 60 56 51 46 31 32 24 25 38 21 53 58 47 28 62 57 9 24 41 8 50 26 39 19 5 30 8 69 42 48 39 19 12 38 10 46 53 44 19 58 30 68 34 34 4 37 31 43 34 25 33 44 53 58 60 6 43 50 45 38 19 21 28 25 45 31 42 54 43 17 29 62 19 37 49 30 42 56 8 54 56 66 50 51 39 26 23 24 10 43 53 56 47 38 23 31 45 42 33 25 15 23 60 63 58 18 39 41 37 15 55 9 38 35 32 10 45 19 48 47 35 13 11 21 43 52 25 24 36 47 25 26 54 55 29 40 9 34 34 49 8 15 44 25 14 11 32 37 71 36 1 60 35 43 57 56 14 21 44 55 56 20 22 45 8 43 41 16 56 54 58 34 49 35 30 52 44 44 52 32 45 23 30 26 45 53 39 43 44 15 34 19 30 43 38 64 39 30 41 23 32 33 52 43 14 33 8 54 32 7 62 44 46 12 60 63 61 21 38 11 9 19 60 27 44 21 27 14 56 19 17 30 49 54 29 44 65 43 30 47 36 38 39 43 27 40 36 39 15 60 47 49 19 51 40 27 58 16 53 60 43 40 17 48 53 33 64 59 26 30 58 67 27 14 54 36 20 15 43 69 50 19 13 56 61 15 23 15 43 20 35 60 60 36 46 19 28 56 49 59 40 45 18 6 50 55 38 23 24 20 30 52 34 13 59 26 22 23 46 57 32 29 26 35 29 12 45 53 58 43 46 7 46 35 25 58 68 46 49 65 20 21 66 11 59 42 49 57 10 13 53 49 42 53 53 33 39 59 18 29 42 44 38 28 10 22 41 30 40 38 22 33 2 20 23 61 60 43 7 13 49 56 28 39 44 22 56 39 51 39 0 22 11 46 21 54 45 60 65 47 28 24 38 16 38 54 24 37 56 17 30 53 71 30 49 47 37 35 49 22 11 48 52 61 70 63 29 42 28 64 42 54 16 20 19 21 26 56 34 58 58 44 58 54 46 47 43 37 1 43 52 24 51 32 16 52 38 45 4 57 50 64 60 20 34 34 30 57 17 50 12 14 17 68 29 11 29 61 50 58 28 38 57 18 23 56 40 40 37 51 62 38 40 51 21 46 21 33 35 72 28 38 41 30 59 15 53 47 46 54 10 58 56 46 19 54 19 14 9 8 37 40 43 43 32 31 15 26 39 33 5 58
27 60 54 38 18 9 5 30 44 35 50 35 46 31 45 22 12 23 10 39 9 51 39 5 40 35 26 25 39 35 26 12 33 19 24 28 23 27 15 50 24 50 55 51 45 25 10 12 4 4 22 16 42 52 27 27 43 40 19 26 39 20 48 8 42 8 18 9 23 50 30 30 23 7 20 24 29 39 49 43 4 51 15 50 17 32 22 19 23 22 28 27 19 23 38 37 39 17 37 48 39 17 17 8 29 11 24 29 34 46 26 13 7 46 35 27 42 37 20 44 27 34 37 46 36 42 41 6 3 13 29 35 37 53 37 36 10 13 40 20 17 18 34 14 42 48 55 18 29 21 30 33 34 26 20 25 20 13 42 36 41 26 39 32 20 31 38 37 10 24 14 46 23 23 34 39 8 19 29 14 14 42 25 8 24 4 11 26 23 26 52 16 23 44 19 25 38 35 31 33 24 41 43 7 10 45 21 22 19 20 44 33 47 24 29 38 17 34 29 23 37 13 23 23 33 19 29 50 22 23 22 16 17 32 8 42 17 45 35 17 34 6 11 14 42 28 24 19 26 38 14 17 42 24 41 32 52 45 40 17 17 14 14 8 40 35 24 5 6 31 35 35 12 14 33 52 23 45 46 23 15 31 30 33 28 21 28 25 19 19 26 47 25 27 26 29 34 9 50 13 39 47 27 26 5 44 51 18 48 44 31 15 44 46 27 10 36 34 5 20 38 50 49 4 19 45 43 19 24 10 31 34 14 41 49 24 42 25 36 37 33 54 19 24 35 19 35 53 23 4 9 4 21 38 13 25 46 22 34 12 25 38 29 15 27 18 20 31 30 35 45 22 26 18 41 32 14 45 48 45 47 45 26 10 47 28 44 22 39 50 26 29 32 38 21 40 43 30 34 49 11 32 22 25 40 37 27 29 39 33 19 23 1 35 21 12 36 41 51 32 15 13 39 42 37 22 28 3 34 25 48 17 22 0 31 44 10 36 41 39 46 27 15 12 21 28 17 34 14 17 35 14 15 31 51 8 38 34 31 35 45 16 15 41 39 48 51 47 9 43 12 48 26 41 11 27 20 18 5 36 39 47 42 44 38 32 32 40 22 28 21 41 41 27 30 13 9 42 21 31 20 38 36 47 50 9 34 19 35 55 6 29 16 9 29 48 31 11 8 41 37 40 9 35 37 11 9 40 23 22 21 41 48 29 34 39 19 32 36 17 18 52 32 25 26 14 57 9 47 44 40 33 26 48 36 25 11 35 4 16 20 16 16 41 21 45 16 13 27 9 19 33 23 37
53 60 79 9 45 35 26 59 44 45 60 52 69 5 71 24 32 9 36 33 34 53 57 35 52 17 16 50 63 8 35 31 7 48 50 29 50 53 40 57 49 74 59 55 50 55 40 41 33 32 48 25 54 57 54 27 67 61 13 23 40 11 48 35 35 29 15 38 8 75 44 54 44 29 14 42 3 47 52 42 27 57 40 72 44 33 9 47 33 52 34 24 38 53 57 64 67 14 42 47 44 46 22 28 27 30 54 30 42 54 47 22 37 65 10 39 48 25 50 58 4 60 61 71 52 51 36 33 30 33 4 43 57 54 48 37 33 37 44 49 38 28 4 27 64 66 56 20 41 51 37 6 62 5 48 38 36 18 42 9 49 56 31 2 13 17 42 56 35 24 44 44 26 27 60 58 36 49 2 41 43 50 7 24 53 34 21 8 34 40 76 43 10 64 40 53 62 62 6 15 51 58 58 30 28 42 10 51 49 17 58 61 59 37 55 31 35 57 48 53 56 39 52 23 27 29 50 51 44 53 52 19 44 13 38 41 47 69 38 41 41 32 41 43 52 47 12 37 5 57 38 16 68 53 45 1 59 67 67 24 45 20 19 26 66 22 51 30 34 7 63 11 26 40 53 51 30 40 70 52 35 52 36 37 42 51 26 45 42 46 13 62 54 56 17 58 39 36 58 27 56 62 48 44 26 47 50 43 68 62 23 40 61 73 26 22 59 35 29 16 42 74 47 27 16 57 65 18 23 22 45 13 43 65 60 39 45 17 22 62 54 57 49 52 10 12 54 52 43 31 34 29 33 56 43 11 62 27 16 28 55 62 31 39 25 45 32 3 48 59 60 50 52 13 45 34 36 61 74 43 46 71 18 31 72 5 63 52 49 56 7 6 61 50 50 55 54 32 38 59 28 26 49 53 35 23 6 18 39 27 48 42 30 30 11 29 16 67 59 45 17 24 50 58 22 44 48 30 63 42 49 47 11 31 0 44 27 58 44 67 71 53 33 34 48 13 45 61 29 44 62 22 34 61 76 38 51 49 38 33 48 25 17 47 54 63 75 67 36 39 34 67 51 57 26 18 21 23 34 62 29 59 62 42 64 62 49 46 52 38 12 40 53 23 59 42 26 53 48 49 11 63 54 68 60 26 33 38 26 54 25 57 17 23 12 73 27 20 37 67 52 63 37 37 62 24 33 60 50 50 42 52 65 39 41 53 22 49 13 43 45 77 25 42 52 36 56 22 52 45 45 60 6 58 63 55 28 60 28 18 12 15 46 37 51 39 42 41 12 36 47 32 8 65
70 18 57 45 42 40 43 51 3 17 20 29 45 39 54 24 34 41 54 12 38 10 32 45 20 29 29 68 43 39 19 55 39 58 67 17 42 41 37 17 39 51 16 12 9 59 50 53 47 42 64 30 21 14 46 19 47 37 37 23 5 39 5 51 11 50 45 50 39 54 23 39 33 50 35 28 42 13 9 2 43 15 58 47 61 14 43 61 23 55 18 21 29 57 33 52 55 42 10 4 8 47 31 37 19 34 60 17 15 16 33 35 45 37 36 20 10 21 52 24 42 46 42 51 27 16 9 40 42 56 41 14 35 11 19 9 54 36 6 45 33 27 44 31 40 36 13 30 19 61 16 40 54 40 61 23 27 43 3 39 13 56 14 43 36 27 9 33 54 23 49 3 23 22 47 31 42 54 44 40 54 13 40 46 61 46 39 37 23 22 53 41 46 37 33 65 43 50 38 30 45 30 26 50 34 4 39 49 53 32 25 52 23 22 43 14 30 38 30 55 32 39 49 25 18 26 33 8 32 62 54 34 60 32 44 3 52 48 10 61 12 50 50 55 18 30 33 28 41 31 37 47 52 62 8 44 19 41 53 29 42 49 46 38 48 23 43 48 42 37 53 35 52 58 31 8 22 6 48 61 32 34 15 13 21 52 19 31 35 41 32 30 48 54 28 53 12 52 19 53 29 28 33 28 45 5 8 61 39 33 21 59 32 55 20 40 39 11 48 32 8 52 5 42 34 21 41 32 24 40 23 33 44 43 23 24 6 28 23 46 33 15 56 48 37 40 32 9 30 42 53 46 24 30 50 34 30 24 29 33 57 42 16 58 21 61 25 42 29 41 27 47 44 41 7 13 58 29 55 3 3 55 27 53 52 40 35 62 16 15 38 38 56 20 48 25 19 15 11 22 52 18 43 64 10 23 39 26 6 17 51 29 45 14 44 54 30 51 19 20 45 51 18 29 24 33 32 42 54 27 5 54 46 44 44 0 35 38 5 54 50 42 31 55 63 32 43 50 31 41 49 33 31 56 54 48 21 23 14 12 5 29 38 11 25 30 51 39 40 6 35 39 69 28 50 27 28 28 43 46 16 24 36 3 49 56 28 10 56 18 46 4 20 22 50 54 49 19 64 29 42 46 30 42 21 37 12 30 19 11 43 50 37 45 33 53 18 44 49 50 25 41 53 10 45 35 52 36 65 64 32 19 35 18 13 23 28 27 34 61 61 55 19 26 69 34 13 41 11 2 9 51 39 20 51 60 53 45 45 35 38 40 52 8 53 8 60 56 33 53 44 13 42 53
37 51 53 34 19 10 9 33 34 26 42 29 44 26 45 13 5 19 20 29 8 41 34 13 33 27 18 35 37 29 17 21 27 27 34 18 23 27 13 41 22 49 46 42 36 32 18 21 14 9 31 6 35 43 28 17 41 36 14 16 30 16 38 18 32 17 18 17 19 49 22 28 19 16 14 18 25 30 39 33 9 42 25 47 27 22 20 29 13 28 18 18 13 30 33 38 40 15 28 38 30 21 7 3 19 4 31 19 25 38 22 5 14 41 28 19 33 28 26 38 23 34 35 45 30 33 31 8 9 22 24 26 33 44 29 26 20 11 31 23 12 8 30 4 39 43 46 10 21 30 21 28 36 22 29 17 12 13 33 30 32 31 29 28 14 23 28 32 20 14 21 37 13 13 34 34 12 25 25 15 22 33 20 13 32 13 8 20 14 19 50 17 22 40 14 34 37 36 26 25 25 35 37 15 2 35 17 25 26 12 37 35 40 16 29 28 10 31 24 29 32 13 26 13 23 9 25 41 18 32 28 9 27 24 13 32 23 44 25 27 25 16 19 23 34 23 18 13 22 33 12 18 42 32 31 28 43 42 41 8 19 17 16 4 40 26 25 14 11 25 37 28 19 24 29 42 13 35 45 31 9 27 21 23 21 26 18 20 15 20 18 41 28 31 18 33 25 19 42 19 33 41 23 20 12 35 42 28 44 39 21 25 38 46 17 9 34 24 14 12 29 49 39 8 12 38 40 11 14 8 23 27 17 39 42 17 32 17 27 36 29 45 27 26 28 16 30 43 18 8 19 12 12 32 20 18 40 12 26 2 31 36 19 25 17 28 11 26 24 33 39 25 26 15 32 22 24 39 48 35 37 45 17 19 46 24 39 31 31 41 21 23 35 31 24 34 35 20 24 41 18 22 23 33 30 28 22 21 29 23 24 17 11 26 19 20 28 41 43 25 16 19 31 36 28 18 23 8 37 19 39 25 21 10 27 35 0 33 32 40 45 27 8 21 30 20 19 35 5 18 36 6 9 35 50 16 31 27 22 25 36 6 10 32 33 42 49 43 11 33 8 44 36 35 17 18 11 9 11 36 29 40 37 34 38 36 26 31 29 19 21 31 34 17 32 22 15 34 31 25 18 37 30 44 42 3 24 13 26 45 9 31 10 13 22 47 22 13 16 41 31 37 19 25 36 3 18 36 33 32 16 33 42 20 25 32 10 26 28 27 28 51 22 19 36 10 47 8 38 35 31 34 21 40 37 32 19 34 11 9 15 14 22 31 27 35 26 23 20 19 21 23 20 38
50 45 22 64 20 28 38 19 36 22 27 10 11 56 17 36 28 51 42 42 29 37 7 33 19 52 45 49 6 58 27 47 57 36 48 35 16 11 22 29 13 17 37 35 32 32 34 37 37 32 46 34 19 34 15 36 10 5 46 39 35 48 39 40 44 44 50 35 51 18 17 8 15 43 45 17 56 26 35 38 38 32 45 14 44 34 52 42 27 29 28 39 21 31 6 15 18 48 29 39 30 25 37 33 37 30 34 34 24 26 12 38 32 11 56 22 29 48 27 18 55 10 4 15 11 24 42 30 34 47 55 25 4 40 20 34 45 24 32 20 22 31 61 32 7 13 41 39 22 38 27 58 20 53 41 22 23 45 36 59 26 28 44 60 46 48 30 6 44 37 29 41 34 33 11 9 29 31 57 23 35 26 52 43 36 35 40 51 25 21 18 22 54 9 19 43 6 14 56 51 18 11 16 42 32 41 49 22 29 42 17 18 22 23 11 43 24 2 11 29 7 24 22 37 42 30 9 39 15 39 27 40 43 51 30 38 31 12 31 48 27 41 34 37 22 12 47 22 54 8 23 50 15 38 31 59 30 10 16 35 21 49 48 35 11 48 15 40 31 55 18 56 47 44 8 41 30 42 13 38 24 7 29 29 20 26 38 14 19 19 47 16 19 24 44 21 29 39 28 48 10 18 11 15 41 33 42 46 13 10 42 46 12 18 37 41 1 34 41 43 31 17 40 37 43 22 8 41 38 40 17 54 25 7 24 21 33 44 49 9 5 37 32 19 57 49 7 42 16 33 43 39 27 9 31 48 15 33 51 31 30 5 33 46 38 44 27 57 11 4 16 21 14 48 32 32 47 15 19 40 40 18 44 45 16 55 9 39 23 31 52 54 23 19 22 14 21 33 30 24 46 41 17 40 41 49 53 45 35 40 27 17 37 41 52 47 53 13 29 19 48 49 21 12 50 16 10 35 19 17 38 32 54 36 58 38 33 0 33 17 14 12 26 46 44 49 22 15 30 20 13 37 25 24 19 32 18 16 27 37 35 33 43 27 14 17 17 12 28 41 26 13 49 13 47 44 38 36 32 10 45 21 7 39 13 23 11 29 30 24 53 36 20 40 17 37 45 21 45 11 50 9 8 12 26 35 36 21 45 42 39 18 43 44 51 17 40 45 34 13 14 5 40 33 8 36 43 5 46 44 17 21 14 24 26 16 37 12 56 45 43 20 41 18 50 24 43 40 31 37 30 17 53 26 15 34 47 9 40 41 47 46 30 41 28 43 45 41 49 40 21 37 53 17
66 20 52 46 37 36 40 47 4 12 17 24 40 40 49 22 30 40 51 14 34 10 27 42 16 30 28 64 38 40 15 52 39 54 63 16 37 36 33 14 34 47 16 12 7 54 46 49 44 38 61 27 17 13 41 18 42 32 36 22 5 38 8 48 14 48 44 46 39 49 18 34 28 47 34 23 42 8 9 6 40 14 55 42 57 12 42 57 19 50 14 21 25 52 28 47 50 41 5 8 3 43 28 34 18 30 55 15 10 13 28 32 42 32 37 16 6 23 48 20 41 41 37 46 22 11 12 37 39 53 41 9 30 13 14 7 51 32 1 41 29 24 44 28 35 31 15 29 15 57 12 40 49 39 57 19 23 41 4 40 9 52 16 44 35 28 4 28 51 22 45 8 21 20 42 26 38 50 44 36 50 9 40 43 57 42 37 36 19 17 48 36 45 32 28 61 38 45 39 30 41 25 21 47 31 9 38 44 49 30 21 47 19 18 38 15 26 33 25 51 27 35 45 23 18 23 28 10 27 58 49 32 56 32 40 6 48 43 7 58 8 47 47 51 14 25 33 24 41 26 33 45 47 58 3 44 16 37 48 26 38 47 44 35 43 24 38 45 39 38 48 36 49 54 26 11 19 10 43 57 28 29 11 9 17 47 19 26 30 37 31 26 44 49 27 48 8 49 16 50 24 24 28 24 43 4 11 58 35 29 21 56 27 50 19 38 34 10 45 31 3 47 9 39 32 17 36 30 23 37 18 34 40 38 20 19 1 28 24 41 28 15 51 43 38 39 27 13 26 38 50 43 20 25 45 34 26 21 30 30 52 37 14 55 20 58 22 42 24 36 23 43 39 40 2 11 55 25 50 8 8 50 26 50 47 40 31 57 11 13 37 38 51 15 43 21 15 13 8 18 49 18 38 60 12 25 39 26 6 17 46 25 42 15 43 51 31 46 17 15 44 49 13 24 26 29 27 38 49 22 8 50 45 41 44 5 32 33 0 49 45 37 27 52 59 32 39 45 28 37 44 31 27 51 50 44 16 18 10 12 5 26 36 6 20 25 46 35 37 10 31 34 65 23 48 27 26 26 39 41 18 20 31 7 44 51 23 5 51 14 45 5 15 22 45 50 46 14 60 24 41 41 25 37 18 34 12 26 20 14 40 45 35 43 33 49 18 42 45 45 20 36 49 8 40 32 49 31 61 60 27 14 31 14 9 19 26 22 35 57 57 50 19 21 66 30 16 39 9 5 4 46 38 16 46 56 50 40 42 33 37 39 47 10 49 12 56 53 33 49 39 13 42 48
44 62 18 74 22 32 42 10 52 37 44 26 17 66 7 47 35 59 42 56 34 53 24 34 35 64 56 43 13 68 40 47 67 31 42 48 18 15 28 46 19 16 53 52 48 23 33 35 38 36 41 43 36 50 13 48 11 19 54 51 51 56 55 39 59 46 56 34 59 14 32 16 24 45 53 29 65 42 51 54 42 49 42 19 40 48 59 37 39 23 42 51 31 24 22 3 2 54 45 56 46 23 46 39 50 37 25 47 40 43 22 45 33 24 67 36 45 62 22 35 63 9 13 11 28 40 57 34 38 46 64 41 20 57 36 49 45 30 48 19 30 41 70 40 19 27 58 48 36 32 41 67 7 62 36 35 34 51 51 69 42 20 58 68 54 60 46 22 43 49 27 57 45 45 8 25 32 26 65 26 32 42 60 47 28 37 46 60 37 34 17 25 61 22 28 36 13 5 65 62 16 27 32 44 39 57 57 18 24 51 34 7 38 36 13 57 34 17 25 22 23 28 17 48 55 41 22 55 25 31 21 48 39 62 31 54 27 14 46 45 43 42 32 34 38 25 57 32 62 25 29 55 6 30 47 67 46 20 3 45 22 53 52 42 8 60 16 42 34 65 6 66 49 41 24 57 42 58 14 31 32 21 43 44 34 20 50 25 26 21 57 31 14 16 55 12 44 39 44 50 26 33 22 27 44 50 58 42 24 26 55 43 27 9 50 46 16 48 43 52 47 15 57 42 51 38 18 50 49 46 32 65 25 14 40 34 49 54 61 9 21 54 27 16 67 56 23 58 27 37 43 42 38 25 29 57 30 44 63 39 22 13 46 44 50 40 38 66 26 14 32 18 15 54 48 46 46 30 11 55 56 7 55 46 11 63 24 32 39 47 60 63 12 35 19 31 38 47 45 40 48 54 18 33 56 62 62 57 51 54 23 28 40 55 58 48 65 5 45 35 54 52 37 28 63 25 23 39 6 29 54 27 60 39 67 54 40 17 49 0 13 14 35 45 39 59 23 6 39 23 6 45 33 13 16 33 34 32 42 51 51 43 50 44 30 33 17 23 32 57 33 25 42 29 49 56 48 46 35 8 59 37 22 55 5 11 26 45 24 38 59 52 36 52 9 34 47 37 40 26 57 9 25 21 43 41 51 30 58 59 44 11 50 48 61 12 53 49 34 7 30 15 39 48 10 43 43 20 40 38 27 37 28 38 42 32 47 27 67 41 39 15 54 30 43 31 60 46 47 53 46 7 61 42 4 26 48 9 43 49 55 53 27 56 22 59 42 38 59 40 21 51 60 3
55 55 9 77 28 39 49 21 47 34 36 22 6 69 7 49 40 63 51 55 39 48 18 42 30 65 58 54 8 71 40 56 70 41 53 48 24 19 33 39 23 5 46 46 43 35 41 44 46 43 52 47 30 44 21 49 4 13 58 52 48 60 50 48 57 54 62 43 63 5 30 18 27 53 57 30 69 37 46 50 48 42 52 7 51 47 64 47 40 34 41 52 34 35 17 13 14 60 41 51 42 32 49 45 50 41 37 47 37 36 24 50 41 15 69 35 40 61 33 28 67 13 10 3 24 35 55 41 45 55 68 37 16 50 32 47 53 35 44 27 33 44 73 44 11 17 52 51 34 43 40 71 19 66 47 35 36 57 48 72 37 31 56 72 58 61 42 18 52 50 36 52 47 46 14 19 39 37 69 32 42 37 64 54 40 44 52 63 38 34 6 31 66 14 31 47 9 14 68 64 24 21 25 51 44 53 61 28 35 54 27 18 31 36 18 56 37 15 24 33 19 34 27 50 55 43 22 50 27 43 32 52 50 64 39 50 37 2 44 55 40 50 41 44 33 25 60 34 66 19 34 61 7 42 42 71 39 10 10 48 29 60 59 47 7 61 23 50 41 68 17 69 57 51 21 52 43 54 3 42 36 20 42 42 33 31 51 27 30 27 60 23 24 27 57 23 41 48 37 58 21 25 23 28 51 45 53 53 13 18 55 53 20 7 50 52 13 47 51 55 43 4 52 48 55 32 9 54 51 51 30 67 33 7 32 34 44 56 62 10 19 47 37 25 70 60 19 53 29 44 51 49 40 20 38 61 22 46 64 43 33 10 46 53 51 51 39 70 24 13 25 27 21 59 43 45 56 23 7 52 51 8 57 54 4 67 16 43 34 41 64 66 23 30 28 25 32 46 43 33 56 54 25 44 54 62 66 58 48 53 33 29 47 54 64 56 66 8 38 32 60 59 32 22 63 28 23 45 18 30 49 38 65 46 71 50 45 14 45 13 0 20 38 54 50 61 30 16 42 30 12 50 37 24 6 41 29 28 40 50 46 46 55 39 25 24 5 13 38 54 38 14 54 23 57 57 51 49 42 11 58 30 15 51 11 22 24 40 35 37 65 48 31 53 20 44 55 32 51 24 62 9 21 10 35 46 49 33 58 52 50 20 55 54 64 4 53 56 43 7 25 9 48 46 9 48 51 14 51 49 30 32 18 37 39 27 49 25 69 52 50 7 54 30 55 36 54 52 42 48 41 18 65 35 14 37 56 12 50 53 60 58 37 53 32 56 52 48 62 49 29 50 65 14
39 53 28 60 9 19 30 10 41 26 37 17 21 52 19 33 22 45 32 44 20 44 18 23 27 50 42 37 14 55 27 36 53 25 36 34 5 2 14 38 5 24 45 43 38 20 23 25 27 23 34 29 28 42 4 35 16 16 40 37 39 42 44 29 47 34 43 24 45 23 20 5 11 33 40 16 51 31 42 42 29 40 33 24 33 35 46 30 25 17 29 37 18 19 16 12 15 41 33 45 34 14 32 26 37 23 22 34 28 35 10 32 21 23 53 23 35 48 16 28 49 8 11 20 19 31 44 22 26 36 50 29 14 47 26 37 34 16 36 9 16 27 56 26 18 25 49 34 24 26 28 54 12 48 30 22 20 38 40 55 32 17 45 54 40 46 34 15 33 35 18 45 32 31 8 19 19 19 51 13 24 32 47 34 25 25 33 46 24 21 25 12 47 20 14 31 13 10 51 48 6 21 26 32 25 45 43 10 18 37 27 11 32 23 3 44 20 10 13 17 16 15 10 35 41 27 10 45 12 27 16 35 32 48 19 42 19 19 34 37 31 31 23 26 30 13 43 19 48 18 15 42 16 26 36 54 39 21 15 31 10 40 40 28 14 47 3 30 22 51 12 52 38 32 15 47 29 46 20 26 19 10 31 32 22 14 37 12 12 8 43 27 8 13 41 11 32 29 37 39 20 28 10 15 32 39 48 35 24 22 41 34 23 20 36 33 12 36 32 38 35 23 46 29 38 31 19 36 35 33 20 51 14 16 34 21 38 40 48 10 12 45 21 8 53 42 15 48 14 25 32 30 25 18 19 44 26 31 49 25 18 12 33 35 36 33 24 52 14 10 27 9 3 41 37 34 37 25 22 44 45 19 41 35 20 50 21 27 29 39 47 49 14 26 10 23 29 34 33 34 37 41 6 29 44 49 48 43 39 40 15 15 28 42 45 37 51 15 38 23 41 40 27 23 49 11 11 26 13 16 44 20 47 27 53 42 27 12 37 14 20 0 21 35 33 45 11 9 25 10 10 32 19 14 25 22 25 22 30 39 40 29 37 33 23 29 25 23 19 45 20 24 37 22 37 42 34 32 22 10 46 31 19 43 12 14 16 34 19 25 46 40 28 38 9 26 35 29 33 15 44 11 17 23 36 27 38 17 45 49 31 8 37 35 47 22 40 37 24 15 21 15 29 36 11 29 32 17 34 32 13 28 26 26 30 24 33 17 53 34 32 26 41 17 38 18 51 33 38 41 35 10 47 35 11 23 37 8 30 35 42 39 19 44 16 47 34 30 45 30 10 38 46 13
40 47 47 40 15 9 15 28 30 20 36 22 37 32 39 14 4 25 24 28 8 37 26 15 26 30 22 37 30 34 13 26 33 27 36 17 18 20 9 35 16 42 40 37 31 30 19 23 17 11 34 9 28 38 22 17 35 29 20 18 26 23 34 21 31 22 25 19 25 42 16 21 12 21 20 11 31 25 35 30 15 37 28 40 30 19 27 30 9 26 14 19 6 28 26 32 35 22 23 35 25 19 12 8 19 4 30 17 19 32 15 12 15 34 33 13 28 30 24 31 30 28 28 39 23 27 30 10 13 27 30 21 26 39 22 23 25 6 27 19 5 8 36 6 32 35 42 14 15 30 16 33 32 28 31 10 6 20 29 35 26 29 28 34 20 26 24 25 25 16 19 34 12 13 28 27 11 25 32 11 23 27 27 20 31 15 15 26 9 12 43 13 29 32 8 35 30 30 31 28 20 28 30 21 7 32 23 22 24 17 31 30 33 10 23 27 2 24 16 27 25 10 23 15 24 7 17 37 11 32 26 15 29 28 14 29 23 37 21 31 20 21 20 24 28 15 23 5 28 26 7 25 36 32 27 34 37 35 35 11 15 25 23 11 33 28 19 19 12 30 31 32 25 28 21 38 11 32 38 31 3 20 17 19 14 24 19 13 9 15 23 34 23 28 21 28 20 22 36 26 26 33 16 13 18 30 38 31 37 31 23 29 31 40 18 16 27 21 19 18 25 42 35 14 17 31 33 16 16 15 17 31 15 32 35 10 28 20 29 29 22 40 26 22 33 23 23 39 10 12 23 17 8 25 19 23 33 11 29 6 29 29 17 29 17 31 6 32 17 26 31 21 21 22 27 19 29 32 42 32 34 39 21 24 39 29 32 31 25 35 27 29 31 24 21 26 28 18 20 34 24 23 18 34 28 30 28 23 26 23 22 10 16 25 26 25 31 35 37 18 23 26 25 29 30 11 16 12 32 12 34 24 28 15 33 31 8 26 27 35 38 21 0 26 33 25 16 29 5 14 30 12 2 31 44 17 24 21 17 23 32 9 17 27 25 35 42 36 10 31 4 36 38 28 24 22 14 12 13 30 29 33 30 31 32 32 19 26 27 14 28 28 27 19 27 23 22 27 33 18 25 30 23 37 36 10 22 6 27 41 16 26 17 19 27 41 22 20 18 34 23 30 23 22 29 10 23 29 35 34 9 26 35 15 20 26 13 19 33 30 30 44 23 11 39 4 43 16 32 31 26 29 27 34 31 31 25 27 17 15 22 21 22 29 25 33 30 26 25 23 17 22 27 33
20 72 62 42 27 19 13 36 55 46 62 45 55 36 52 32 23 27 4 49 19 62 49 14 51 42 34 18 48 40 37 3 38 18 16 39 31 36 25 61 33 58 66 62 57 26 13 11 10 15 15 26 53 63 34 37 51 50 25 35 50 25 59 7 52 6 19 12 28 57 41 39 33 6 26 35 33 50 60 54 13 62 7 58 11 42 26 14 34 24 39 37 30 25 48 44 45 21 48 59 50 23 26 19 39 22 25 39 45 57 36 22 14 56 40 39 53 46 24 55 31 42 46 54 46 53 51 17 14 1 33 46 47 64 48 47 2 24 52 27 27 29 38 25 52 58 67 27 40 19 41 38 39 31 16 36 31 17 53 41 52 28 48 36 26 39 49 47 3 34 19 57 33 34 41 50 18 20 32 23 14 53 29 11 23 12 18 31 34 38 59 25 25 53 29 20 47 42 36 40 31 51 54 6 21 56 26 27 22 28 55 39 58 35 37 48 28 44 39 25 47 23 29 33 43 30 39 61 33 21 26 24 11 38 16 53 19 54 45 8 45 6 13 13 53 38 31 31 30 49 24 18 49 22 52 35 63 55 47 27 26 14 16 18 48 43 32 8 16 36 40 40 8 7 44 63 34 55 55 21 26 41 41 44 39 26 38 35 29 28 32 57 32 31 34 34 45 7 61 8 49 58 37 36 10 55 62 9 58 54 40 6 54 53 37 17 46 44 8 27 49 58 59 14 26 56 53 27 33 17 42 41 22 50 60 35 53 33 44 45 43 65 20 30 40 24 45 64 33 15 3 10 32 48 17 31 56 32 41 23 27 47 39 5 37 12 31 35 40 44 56 28 33 22 52 42 3 55 55 56 58 51 34 4 54 33 54 20 51 61 31 34 36 49 27 51 54 41 45 60 6 42 30 22 50 45 32 38 49 43 23 33 11 45 23 5 43 48 62 44 18 11 50 52 45 32 38 14 40 36 59 19 24 12 34 55 21 46 52 45 54 35 26 0 15 34 25 40 25 26 43 23 26 35 59 14 49 45 42 45 57 27 21 52 50 58 59 57 19 54 23 57 19 51 8 35 29 28 15 44 48 58 52 54 45 37 42 52 24 39 23 52 52 36 36 12 9 53 15 41 24 46 46 57 61 19 44 30 45 65 13 35 22 12 36 55 41 15 12 49 48 49 7 46 45 21 4 49 17 17 31 52 58 40 45 50 29 42 41 10 12 59 41 36 19 25 68 16 58 55 51 39 31 59 42 25 6 42 10 23 25 21 19 51 24 55 9 9 34 6 26 44 27 43
8 78 56 56 26 24 24 30 62 51 65 47 52 49 46 43 30 40 12 59 25 68 49 19 55 55 46 5 45 54 45 17 52 9 4 48 29 34 28 65 32 53 71 68 63 16 14 10 18 22 2 36 56 69 30 47 47 48 38 46 58 39 66 14 62 20 34 14 42 52 45 37 35 19 39 38 47 56 66 62 23 67 9 55 5 51 40 3 41 16 46 48 35 16 48 38 38 34 55 67 57 20 37 28 49 30 14 49 51 62 37 33 18 55 54 44 59 58 18 58 45 38 43 49 48 58 61 24 22 15 47 52 46 71 52 55 16 28 59 25 32 38 52 34 50 57 73 38 46 8 48 51 32 44 3 42 37 31 61 55 57 20 59 50 39 51 56 47 14 44 16 65 43 43 37 50 22 14 46 25 10 58 42 25 11 18 30 45 41 43 55 25 39 52 33 6 44 36 50 52 27 52 56 19 30 64 40 23 16 40 57 33 61 42 34 58 34 42 41 18 47 25 24 43 53 38 39 68 35 9 18 36 4 51 20 61 14 50 53 9 52 17 13 9 57 40 44 36 44 49 27 32 44 9 58 49 67 52 41 38 25 28 30 28 44 55 30 19 21 50 34 54 22 9 45 70 42 64 51 9 32 41 49 51 44 20 48 37 31 27 45 58 27 24 46 28 52 13 65 22 50 59 38 39 23 62 70 6 56 54 51 9 54 47 47 29 44 53 20 40 56 53 67 25 38 60 51 39 44 29 45 54 22 47 63 41 60 45 56 41 43 71 13 26 54 38 45 71 36 23 14 21 40 49 15 44 57 42 54 31 18 44 48 10 47 4 38 49 42 41 57 24 30 36 59 51 13 56 49 64 66 45 46 18 49 46 53 8 55 66 45 48 28 53 23 53 57 50 52 63 21 52 28 8 60 57 46 50 58 53 18 37 20 56 38 19 55 43 67 48 32 25 54 53 57 34 39 23 33 40 66 13 38 21 48 63 30 44 59 39 50 33 33 15 0 47 24 34 33 26 38 34 32 27 54 16 52 49 49 54 63 36 34 58 52 60 55 55 23 63 29 56 6 53 23 47 40 39 21 40 59 61 51 63 39 29 44 58 16 46 37 60 56 47 30 10 23 57 1 43 38 42 47 54 65 29 53 34 56 73 25 30 35 26 49 50 51 29 15 43 50 46 12 54 42 32 15 49 3 3 34 56 57 46 51 53 39 45 55 6 3 54 52 40 7 29 75 28 64 63 58 33 45 63 37 14 20 39 22 35 39 35 14 61 18 64 7 8 47 13 24 53 41 37
53 48 70 16 39 29 24 52 33 33 48 42 59 9 63 13 24 10 35 21 27 41 47 32 41 8 4 51 54 10 24 33 9 45 50 17 42 45 32 45 40 65 46 42 38 51 37 39 31 28 48 16 43 45 47 15 58 51 10 11 27 10 36 34 24 29 18 35 9 66 34 45 35 29 9 32 10 35 39 30 25 45 40 62 43 21 13 46 23 47 23 12 28 49 47 57 59 15 30 35 32 41 13 22 15 23 51 18 31 42 38 16 33 54 9 28 36 14 45 46 11 52 51 62 42 39 24 28 27 35 9 31 47 42 37 25 33 30 32 42 30 18 13 19 54 55 44 11 30 49 26 10 56 9 47 28 26 18 31 11 37 51 19 13 9 5 30 46 35 12 40 32 15 16 52 47 31 45 13 35 40 38 9 24 51 30 18 6 24 29 66 36 16 53 32 52 53 54 8 6 44 47 46 29 21 30 10 45 45 9 47 54 47 26 47 19 26 47 38 48 45 32 46 12 15 19 40 39 35 51 48 13 43 4 33 29 43 60 26 42 29 31 38 41 41 37 4 28 10 46 31 20 60 50 33 13 47 57 59 14 38 23 20 21 57 11 43 29 30 7 56 8 28 40 42 39 19 28 61 49 27 42 24 25 31 46 14 35 33 39 2 51 47 51 5 52 27 35 46 29 45 50 39 34 25 35 38 43 57 51 12 40 50 64 14 19 49 23 28 9 30 65 35 24 9 45 55 10 11 19 34 8 37 55 49 28 33 5 12 53 44 46 46 46 9 12 44 40 33 27 33 27 22 45 39 4 51 16 7 21 50 52 19 39 13 44 22 11 38 49 48 44 45 14 33 22 37 49 65 31 34 63 6 31 63 8 52 50 37 44 7 7 55 39 44 44 42 20 26 47 29 15 42 52 23 13 8 7 26 16 43 32 28 18 15 31 9 59 47 34 19 26 38 47 12 35 39 26 56 32 37 44 16 28 13 32 20 49 32 59 61 45 25 34 47 0 39 53 21 37 54 15 26 55 67 35 39 38 26 20 35 17 14 35 43 51 65 56 30 27 26 57 52 46 27 6 11 14 30 54 18 47 51 30 56 55 39 34 48 27 17 29 41 11 51 40 26 41 47 39 13 54 43 58 48 21 21 29 14 42 23 50 13 23 3 64 14 20 34 58 41 53 36 25 53 18 33 50 49 49 33 40 54 28 29 42 13 38 9 43 44 68 14 32 52 28 44 20 40 33 33 53 8 46 55 52 30 51 26 12 10 14 42 25 46 28 42 40 1 35 40 20 12 57
31 57 38 52 3 10 20 14 42 29 43 23 31 45 28 29 15 37 22 42 12 47 26 13 32 45 36 29 24 48 25 26 46 16 27 32 7 12 7 43 9 34 49 47 41 16 12 16 17 14 26 23 33 47 10 32 26 26 32 33 39 34 46 19 45 24 34 14 37 33 23 15 12 23 32 16 43 34 45 43 20 45 24 34 23 33 38 22 23 12 27 34 15 14 25 20 22 32 34 47 36 5 26 18 34 16 17 32 30 39 14 24 11 32 47 24 38 45 9 35 42 18 22 30 25 35 44 13 16 26 43 31 23 50 29 36 24 10 38 4 12 23 49 20 28 34 52 28 25 19 28 47 18 40 21 21 18 29 41 49 35 14 43 47 33 41 35 24 23 31 8 46 28 27 17 27 10 12 44 5 14 36 39 25 18 15 25 39 22 22 35 3 39 30 11 24 23 19 44 43 7 29 33 22 18 45 35 7 10 31 34 17 38 22 13 42 16 20 18 12 24 7 8 30 39 23 16 48 13 20 11 27 22 43 9 42 10 29 34 27 32 20 13 16 34 17 36 16 40 26 9 33 26 20 38 46 44 30 24 25 2 31 30 20 24 43 8 20 12 44 18 46 28 23 22 49 26 46 30 19 13 18 30 32 23 9 33 15 9 4 37 35 9 13 36 14 32 19 42 29 27 36 14 17 22 41 50 25 34 31 38 25 31 30 32 25 22 35 22 31 36 33 47 20 30 37 28 30 31 24 23 46 4 26 40 20 39 35 44 20 19 49 13 8 47 34 22 51 14 15 22 20 22 26 10 37 34 27 44 19 14 23 31 25 33 24 21 45 19 20 34 6 9 33 39 33 27 33 31 45 46 28 35 25 30 42 30 20 33 44 39 42 17 30 6 30 35 32 33 40 26 38 6 22 42 45 41 38 39 38 8 15 18 40 37 27 46 24 44 26 32 30 32 30 45 11 16 17 18 18 46 12 38 17 45 43 19 22 39 23 30 11 16 25 24 39 0 17 19 3 19 25 14 16 35 12 30 26 30 37 43 23 29 36 29 36 35 33 10 44 13 34 29 30 27 36 28 26 13 20 44 37 28 44 21 17 21 37 13 26 37 40 33 34 14 16 26 34 25 20 35 21 24 32 42 19 36 14 41 52 22 13 29 25 41 31 37 27 14 25 27 25 19 35 21 22 22 26 26 24 12 33 34 26 31 30 27 22 47 24 23 35 37 19 30 12 54 24 42 43 37 16 40 40 19 17 27 18 21 28 34 31 10 43 10 46 24 20 39 20 2 36 38 20
40 59 22 68 16 27 37 6 48 34 42 23 19 60 12 42 30 53 37 52 28 50 22 29 32 58 50 39 13 63 35 42 61 27 38 43 12 10 22 43 13 19 51 49 45 20 27 30 33 30 36 38 33 48 8 43 13 18 48 45 47 50 51 34 55 40 50 29 53 18 28 12 19 39 48 24 59 38 48 50 36 46 37 21 36 43 54 33 34 18 37 46 26 20 20 4 6 49 41 52 42 18 40 34 45 31 22 42 36 40 18 40 27 24 61 32 41 57 18 33 57 5 12 15 25 37 53 29 33 41 58 37 18 54 32 45 39 24 44 14 24 36 64 35 18 27 55 43 32 28 37 62 5 56 31 30 29 45 48 64 39 16 53 63 48 54 42 20 38 44 22 53 40 40 4 23 26 22 59 20 27 39 55 41 25 31 41 54 33 30 21 19 55 22 22 32 12 2 60 57 10 25 31 38 33 53 51 13 20 45 32 3 36 31 8 52 28 14 21 18 21 22 12 43 50 35 18 52 20 28 16 43 35 57 26 50 22 16 42 40 39 36 27 29 36 20 51 27 56 22 23 50 10 27 43 62 44 20 7 39 17 47 47 36 10 55 10 36 28 59 4 61 44 36 20 54 37 54 17 27 27 17 39 40 30 16 45 21 21 15 52 30 9 12 50 8 39 34 42 45 24 32 18 23 39 46 55 38 24 25 50 38 26 13 44 41 14 44 38 46 43 19 53 36 46 36 19 45 44 40 28 60 20 14 38 29 45 49 56 8 17 51 23 10 62 50 20 55 22 32 37 37 33 23 24 52 29 39 57 34 18 13 41 39 45 36 32 60 22 11 31 13 9 49 44 42 41 29 15 52 52 12 49 40 15 58 23 28 36 45 55 57 9 32 13 28 35 42 41 39 43 49 13 29 52 57 56 52 46 49 18 23 34 50 53 43 60 9 43 31 48 46 34 27 57 19 18 33 5 25 51 23 54 34 61 50 35 15 45 6 16 9 29 40 34 53 17 0 33 17 4 40 28 10 20 27 31 28 38 47 47 37 44 40 28 32 21 24 26 52 28 25 39 27 44 50 43 40 29 6 54 35 21 51 5 8 23 41 20 34 54 48 34 46 4 29 42 35 35 22 51 9 22 22 41 35 46 25 53 56 38 6 45 42 56 16 48 44 29 9 27 15 33 44 9 38 38 19 36 34 22 34 27 34 38 30 41 24 61 37 35 20 49 26 40 26 57 40 44 49 42 3 55 40 3 22 43 7 37 43 50 47 22 52 18 54 37 33 54 35 15 46 54 4
40 47 51 35 19 11 13 32 30 22 38 25 41 28 43 11 4 21 24 26 9 37 30 15 29 26 18 38 35 30 13 25 29 29 37 15 22 25 12 37 20 46 42 38 32 33 20 23 17 11 34 5 31 39 26 14 39 33 16 15 26 19 35 21 30 21 21 20 21 47 19 25 16 20 15 14 27 26 35 29 13 38 28 44 30 18 22 31 9 29 14 16 9 31 30 37 39 19 24 34 26 22 8 6 16 4 33 16 21 34 19 8 16 38 29 15 29 27 26 33 25 32 33 43 26 29 28 10 12 26 26 22 30 40 25 22 24 10 27 22 10 5 32 2 36 39 42 10 17 32 17 29 35 24 32 13 9 17 29 31 28 32 26 30 16 22 24 29 24 13 22 33 10 10 32 31 13 27 28 15 24 29 23 17 33 15 12 22 10 15 48 16 25 36 12 36 34 34 27 25 24 31 33 19 4 32 19 25 27 13 34 34 36 12 27 25 6 29 20 29 28 13 26 11 21 5 22 37 15 34 29 10 30 24 15 29 25 41 21 31 21 20 21 25 30 19 19 9 24 30 11 22 40 34 27 29 39 39 39 7 18 22 20 8 37 24 23 18 13 26 35 28 23 27 25 38 10 31 42 33 7 24 17 19 17 27 16 17 13 19 19 37 27 31 17 32 21 22 38 24 29 37 20 17 16 31 38 31 40 35 20 29 34 44 15 12 31 20 18 13 25 46 35 12 13 34 37 12 12 11 20 27 18 36 38 12 29 16 25 34 26 41 28 26 29 19 26 40 14 11 23 16 8 29 21 19 36 9 25 3 31 33 15 28 15 31 7 28 21 30 35 24 25 18 28 18 28 35 46 32 34 43 17 22 44 25 36 33 27 37 22 25 35 27 24 30 31 17 20 37 22 20 22 35 27 26 24 20 25 20 24 14 15 23 22 24 27 39 39 21 20 23 27 32 27 15 20 11 36 15 35 26 24 14 29 31 5 30 28 39 42 25 5 25 33 21 19 33 0 17 34 8 6 35 48 18 27 24 18 22 32 5 13 28 29 38 46 39 12 30 7 40 39 31 21 18 10 8 13 34 26 36 34 30 36 35 22 27 30 15 24 27 30 16 31 24 19 30 34 22 21 34 27 41 38 7 21 10 24 41 13 30 13 17 23 45 19 16 19 39 27 34 23 22 34 7 22 33 35 34 13 29 39 16 21 29 9 22 29 30 31 49 20 15 39 8 43 13 34 31 27 33 23 36 35 34 23 32 15 11 18 17 24 28 27 32 30 26 21 22 20 20 23 37
32 55 38 51 2 10 20 15 40 27 40 22 30 44 29 27 13 36 22 40 11 45 24 13 30 43 34 31 23 47 23 27 45 18 29 30 6 11 6 41 7 34 47 45 39 18 14 17 17 14 27 22 31 44 10 29 26 25 31 31 37 33 44 20 43 25 33 15 36 33 20 14 10 24 31 14 42 32 43 40 19 43 25 33 25 31 37 23 21 14 25 32 13 16 23 21 23 32 32 44 34 7 24 17 31 15 19 30 27 37 12 23 12 31 45 22 35 43 12 33 40 17 21 30 23 33 41 12 16 27 42 29 22 48 27 34 25 8 36 6 10 21 47 19 27 33 50 26 22 21 26 45 19 39 23 19 16 28 39 47 33 16 41 46 32 39 33 22 24 29 10 44 26 26 17 25 9 14 43 3 16 34 38 25 20 15 24 38 20 20 35 2 38 29 9 26 22 19 43 41 8 27 31 22 17 43 34 8 13 29 32 18 36 19 13 40 13 18 16 14 22 5 10 28 36 21 14 45 10 22 13 26 24 41 10 40 13 29 32 28 30 21 14 18 32 15 35 14 39 25 7 33 26 22 35 45 42 30 24 24 1 31 30 19 24 41 8 20 12 43 19 45 28 24 20 47 24 44 30 21 12 16 28 29 21 11 32 13 7 3 35 33 10 15 34 15 30 19 40 29 25 34 13 15 22 39 48 26 33 29 36 26 30 30 31 24 21 33 22 30 34 33 45 19 29 35 28 28 29 23 21 44 5 25 38 18 37 33 42 20 18 47 15 9 46 33 20 49 12 15 23 20 20 24 11 35 32 25 42 17 16 22 29 26 31 25 19 44 17 19 32 8 9 32 36 30 27 32 32 43 44 28 34 25 30 41 29 22 31 42 38 41 18 28 7 28 33 30 31 38 27 35 5 24 40 43 40 36 37 36 10 13 18 38 36 27 44 24 42 24 31 30 29 28 43 9 14 16 19 15 44 14 37 17 44 41 18 20 37 23 30 10 14 26 26 37 3 17 17 0 19 23 13 18 35 12 28 24 27 35 40 21 28 34 27 35 34 32 9 42 11 33 31 28 27 35 27 25 13 20 42 35 27 41 21 19 19 34 15 23 37 38 31 32 15 17 26 32 26 18 34 21 22 32 40 18 34 12 40 50 21 14 28 25 39 31 34 27 14 25 25 24 20 33 21 21 23 25 27 26 10 31 33 24 29 28 25 20 45 25 24 35 36 16 32 10 52 23 40 41 35 17 39 38 20 20 27 18 21 27 33 30 12 41 13 44 25 21 38 20 3 34 37 21
43 57 19 69 18 28 39 9 47 33 39 21 15 61 10 42 31 54 39 51 30 49 19 31 31 59 51 42 10 64 35 44 62 29 41 43 13 10 23 41 14 17 49 47 43 23 30 32 35 32 40 39 31 46 9 43 10 15 49 46 46 51 50 37 54 43 52 31 54 15 27 11 19 42 49 24 60 37 47 48 38 44 40 18 39 42 55 35 34 22 37 46 26 23 18 3 6 50 39 51 41 20 41 35 45 32 25 42 35 38 17 41 30 21 62 31 40 56 21 30 59 3 9 12 23 35 52 30 34 44 59 35 16 52 31 44 42 25 43 16 25 36 65 35 15 24 53 44 31 31 36 63 8 57 35 30 29 47 47 65 37 19 53 64 49 55 40 18 40 44 24 52 40 40 3 21 28 25 61 22 30 37 56 43 28 33 42 55 32 29 18 20 56 19 23 35 9 2 60 57 13 23 28 40 34 51 52 16 23 46 30 6 34 31 8 52 29 12 20 21 19 24 15 43 50 36 17 50 20 31 20 44 38 57 28 49 25 13 41 43 38 39 30 32 34 20 52 27 57 20 25 51 7 30 42 63 42 17 5 40 19 49 49 37 7 55 12 39 30 60 6 62 46 39 19 52 37 53 14 30 28 15 38 39 29 19 45 20 21 17 52 28 12 15 50 11 39 36 40 47 22 29 17 22 40 45 53 41 21 22 50 41 24 11 45 42 12 43 40 47 41 16 52 38 47 34 15 45 44 42 27 61 22 11 36 29 44 49 56 5 16 49 25 13 63 51 18 53 22 34 40 39 33 21 26 53 26 39 58 35 21 10 41 41 45 39 33 62 21 9 28 15 10 50 43 41 44 27 13 51 51 10 50 43 12 59 20 31 34 43 56 58 12 30 16 26 33 42 40 36 45 49 14 32 51 57 57 52 46 49 21 23 36 50 54 45 60 6 41 29 50 48 32 24 58 20 18 35 8 24 49 26 56 35 62 49 36 13 44 6 12 10 30 43 38 54 19 4 34 19 0 41 29 13 17 30 29 27 37 46 46 38 46 39 26 29 17 20 28 52 29 22 42 25 46 51 43 41 31 3 54 33 18 49 3 11 22 40 23 33 55 47 32 47 8 32 44 33 39 20 53 5 20 19 39 37 45 26 53 54 40 8 46 44 56 13 48 45 32 7 25 12 36 43 6 39 40 16 39 37 22 33 25 33 37 28 42 23 62 40 38 17 49 25 43 27 55 42 43 48 41 6 57 38 3 25 45 5 39 44 51 49 25 51 20 54 40 36 55 37 17 46 56 5
41 50 58 29 25 15 11 38 33 28 44 32 48 21 50 10 10 14 23 26 13 41 37 18 35 21 12 39 42 24 18 22 22 32 37 16 29 32 19 42 27 53 46 42 36 37 23 25 17 13 35 4 37 43 33 15 46 40 9 13 28 11 37 21 30 18 15 22 14 54 25 32 23 18 8 22 20 31 39 32 12 43 28 51 31 20 15 33 14 33 18 14 17 35 37 43 46 12 28 37 30 26 3 8 16 9 37 17 26 39 26 2 18 45 23 21 33 24 31 40 18 39 40 50 33 35 29 14 13 24 19 27 37 43 31 25 22 16 31 28 17 8 25 6 43 46 45 5 23 35 21 22 42 17 33 19 15 11 31 25 33 36 25 23 9 18 28 36 23 11 26 35 11 12 39 38 17 31 20 21 27 34 15 13 37 17 6 15 16 21 55 22 18 43 19 38 41 41 20 20 31 38 39 18 7 33 12 31 31 7 40 40 42 18 34 25 14 36 27 34 35 18 32 10 20 9 29 40 23 37 33 3 31 19 19 31 29 48 24 30 25 19 24 27 36 26 12 16 17 37 17 16 47 37 31 22 44 46 46 5 24 16 14 7 44 21 30 17 16 20 42 22 19 27 32 41 13 32 49 36 14 31 20 23 23 32 15 24 20 25 13 43 33 37 13 38 25 22 43 20 36 43 27 24 13 34 40 31 48 42 17 28 41 51 15 8 38 22 16 7 28 53 37 10 6 39 44 6 10 7 26 22 23 44 43 19 32 12 22 41 33 45 32 32 23 12 34 42 22 13 22 14 14 36 25 13 43 10 20 7 36 40 17 27 14 32 13 21 28 38 41 30 31 11 32 21 26 41 53 34 36 50 13 20 51 18 43 36 33 41 15 18 41 33 30 36 36 19 24 43 19 19 28 38 27 23 17 16 27 20 29 21 14 23 15 21 23 46 44 27 14 18 32 39 23 23 27 12 42 22 38 30 17 14 22 33 6 37 31 45 50 32 12 23 34 15 25 40 8 23 41 0 13 40 55 21 33 30 22 23 35 5 7 32 35 44 54 47 16 31 13 47 39 38 18 14 6 5 15 41 25 42 41 32 43 41 29 32 34 21 17 30 36 14 38 26 16 35 35 29 13 42 34 48 44 6 22 17 22 44 10 36 6 13 17 52 18 11 21 46 33 42 23 24 41 3 21 40 37 36 20 34 46 22 25 35 6 29 23 30 32 56 19 22 40 15 46 8 38 34 31 40 16 42 42 38 20 39 14 4 10 10 28 29 32 32 30 27 15 22 26 21 16 44
39 47 45 41 14 9 16 27 30 20 36 21 35 33 37 15 4 27 25 28 8 37 25 15 25 31 23 37 29 36 13 27 34 27 36 18 17 19 7 35 15 40 40 37 31 29 19 22 17 12 34 10 27 37 21 18 33 28 22 19 27 24 35 22 32 23 26 19 27 41 15 20 10 22 21 10 32 24 35 30 16 36 29 39 30 20 28 30 9 25 14 20 4 27 25 31 34 24 23 35 25 18 13 10 20 6 30 18 19 31 14 14 15 33 34 13 28 31 23 30 31 26 27 37 22 27 30 10 13 27 32 20 24 39 22 23 25 6 27 18 4 9 37 8 30 34 42 15 14 30 16 35 30 29 30 10 5 21 29 37 26 28 29 36 22 27 24 24 25 17 19 34 14 13 26 26 11 24 33 11 23 27 28 20 31 16 16 27 9 12 42 11 30 31 6 35 28 29 33 30 19 27 29 21 8 33 25 21 23 18 30 29 32 10 21 28 2 23 15 26 23 9 22 16 25 9 16 37 10 32 25 16 29 30 13 30 22 35 21 32 20 21 20 24 27 14 24 5 30 25 7 26 35 31 27 35 37 34 34 12 14 26 24 12 32 29 18 19 12 32 30 34 26 28 20 38 12 33 36 30 1 18 17 19 13 23 19 11 8 14 24 33 22 27 22 27 20 22 35 27 25 33 14 12 19 30 38 31 35 30 24 29 30 39 18 17 25 22 20 19 25 40 35 15 19 31 32 18 17 16 16 33 14 31 34 9 28 22 30 28 20 40 25 21 35 24 21 39 9 12 24 18 8 24 19 25 32 13 30 7 28 28 17 29 19 31 7 34 16 25 31 20 19 23 27 19 29 31 40 32 34 38 22 25 38 31 31 31 25 35 28 30 30 23 20 26 28 19 20 34 25 24 16 33 29 31 29 25 26 24 21 9 16 26 28 26 32 33 36 18 25 26 24 28 31 10 15 13 31 10 34 23 30 15 34 31 9 25 27 33 37 19 2 26 32 26 14 28 6 13 29 13 0 30 42 17 23 20 18 24 32 10 19 26 25 33 41 34 10 31 4 35 38 27 25 23 15 13 13 28 30 32 29 31 30 30 18 26 26 14 29 28 26 20 26 23 23 27 33 17 26 29 22 35 35 11 23 5 27 41 16 25 19 21 28 39 23 21 18 33 23 29 23 22 28 12 23 27 35 33 8 26 34 15 20 25 14 18 34 30 30 43 23 11 39 4 43 17 32 31 26 28 29 33 30 31 26 26 18 17 23 22 21 30 24 33 30 26 27 23 16 22 29 31
31 67 29 68 17 26 35 5 54 40 50 31 28 60 20 44 31 52 32 57 28 58 30 26 40 60 52 31 22 64 40 37 62 19 30 47 15 16 23 52 18 28 59 57 52 12 23 24 29 29 29 39 41 56 11 47 22 27 48 48 52 50 58 30 60 37 48 25 53 26 34 19 24 36 48 29 59 45 56 56 34 54 31 30 29 48 53 25 38 12 42 49 30 12 29 12 11 47 47 59 48 15 42 34 49 32 14 47 42 48 23 40 25 33 63 37 49 60 12 41 57 15 21 23 33 45 58 28 31 36 58 43 27 61 39 50 35 25 50 13 27 38 64 36 28 36 63 44 37 20 42 62 6 56 24 35 33 44 54 65 46 8 57 62 48 56 48 28 33 46 17 59 43 43 13 32 25 15 59 20 22 46 54 39 17 28 40 55 36 35 29 19 54 31 26 23 21 12 60 59 11 34 39 34 34 59 51 10 14 46 40 7 45 36 14 56 31 23 27 10 29 23 9 45 54 38 24 59 25 20 10 43 28 58 24 55 16 25 47 34 44 32 23 23 43 27 52 31 56 31 24 47 18 19 50 61 53 30 15 41 17 44 45 35 19 58 14 33 27 60 8 62 40 30 28 61 41 59 26 19 29 24 44 45 35 10 49 26 24 17 53 39 8 5 51 4 45 29 50 41 33 41 24 28 36 53 62 31 34 34 53 32 35 20 48 40 23 49 34 47 49 27 60 34 46 45 28 45 46 39 34 62 18 24 47 34 51 50 59 17 25 59 16 10 63 49 28 62 27 30 33 34 37 31 20 52 38 42 59 34 10 22 45 33 48 29 36 60 28 20 40 11 13 48 50 47 36 38 22 58 58 18 51 36 23 58 32 20 43 53 55 58 1 39 11 37 43 47 46 47 39 53 14 20 57 60 56 54 52 53 13 28 32 55 52 38 62 17 52 37 46 43 41 35 60 24 25 32 7 30 57 17 53 31 61 56 35 24 51 13 24 14 31 35 27 55 16 10 35 18 13 40 30 0 28 24 39 35 43 52 54 39 44 47 36 41 29 33 25 58 29 34 31 35 40 52 44 42 27 16 59 44 30 57 14 2 30 48 12 39 52 53 42 49 7 24 39 43 28 29 50 18 30 31 49 35 51 29 57 63 36 7 44 40 57 24 52 42 25 18 35 24 29 49 19 38 33 28 28 26 26 42 37 39 43 38 43 31 63 30 28 28 53 31 32 27 65 39 52 55 49 8 56 48 11 13 39 16 35 43 49 46 17 57 11 60 31 27 55 30 15 51 53 11
59 59 3 83 34 44 54 25 52 39 40 27 10 75 9 54 45 69 56 60 45 52 23 47 34 70 64 57 14 77 45 61 75 46 57 53 29 25 38 43 29 3 50 50 47 39 46 49 51 48 56 52 34 48 26 54 10 18 64 58 53 66 54 53 62 59 67 48 69 2 35 23 32 58 63 35 74 42 50 55 54 46 57 9 55 52 70 52 45 38 47 58 39 39 22 17 17 65 46 56 47 37 55 50 56 47 41 53 42 41 29 55 46 19 75 41 45 67 37 32 73 18 16 6 29 39 60 46 50 60 73 43 21 55 37 52 58 40 49 32 39 49 79 49 15 21 56 57 40 47 45 76 23 71 51 40 42 62 53 78 42 34 62 78 64 67 47 23 57 56 41 57 52 52 19 24 44 41 75 38 46 41 70 59 44 49 57 69 44 39 3 36 72 18 37 51 15 18 74 70 29 25 30 57 49 58 67 32 39 60 31 22 35 42 23 61 42 20 30 37 24 39 31 56 60 49 27 54 33 47 36 58 54 70 44 55 41 8 49 59 45 55 46 48 37 30 66 40 71 24 40 67 11 46 47 77 43 14 13 54 35 65 64 52 12 66 28 55 46 73 20 74 62 56 26 56 49 59 7 45 42 25 48 47 38 35 57 32 35 33 66 26 28 31 63 27 47 53 40 63 26 28 29 33 56 50 57 57 17 22 61 58 24 8 56 58 18 52 56 61 48 3 57 53 61 36 14 59 57 57 35 73 38 13 36 40 49 62 67 15 24 50 42 29 76 66 25 57 34 49 56 55 45 25 43 66 26 52 70 49 36 15 51 58 56 55 45 76 30 18 29 32 26 65 48 51 60 27 6 57 56 10 62 59 6 73 20 46 39 45 70 72 27 35 33 29 36 52 48 36 61 59 30 48 59 68 71 64 53 59 37 35 52 60 69 61 72 12 42 37 65 64 37 26 68 33 29 51 22 35 53 42 71 51 76 54 50 19 50 16 6 25 44 59 54 67 35 20 48 35 17 55 42 28 0 46 34 33 46 56 51 51 60 44 30 28 5 16 43 59 44 18 58 27 62 63 56 54 47 16 64 34 19 56 15 26 30 45 39 43 70 53 35 58 24 49 60 36 55 29 68 14 26 13 39 52 55 39 63 57 56 25 60 60 69 4 58 61 48 11 30 15 52 51 15 53 56 19 55 53 35 36 22 42 44 32 55 31 74 56 54 1 60 36 59 41 58 57 46 53 46 22 71 39 18 41 62 17 55 59 65 64 41 58 37 61 56 52 68 54 34 55 70 17
23 63 49 46 14 8 12 24 47 35 51 33 42 39 39 28 14 30 10 43 10 53 36 3 40 42 33 21 35 42 29 15 41 12 20 33 18 23 13 50 19 45 56 53 47 17 3 6 6 8 17 21 42 53 21 32 38 37 26 32 43 28 51 8 47 14 25 3 31 44 30 26 20 13 27 23 37 40 51 46 11 52 13 45 14 35 30 14 25 14 30 33 20 15 35 31 32 25 39 51 42 10 23 14 34 15 17 33 35 47 23 19 3 43 42 29 44 43 13 44 35 29 33 41 34 42 46 8 9 15 36 37 34 56 37 39 13 13 43 14 16 22 42 19 39 45 58 25 30 15 32 41 27 34 14 26 22 21 45 43 42 18 44 40 27 38 40 34 12 30 7 50 27 28 28 37 6 11 36 11 7 43 32 15 16 5 18 33 25 28 46 12 31 41 17 19 34 29 39 39 18 39 42 11 15 49 29 15 12 26 43 27 47 26 24 43 18 30 27 15 34 10 16 28 38 23 26 53 21 17 15 23 13 39 4 46 9 41 38 16 37 9 4 8 42 26 32 20 33 36 12 24 36 17 43 39 52 42 34 23 13 21 21 14 35 41 19 10 6 38 28 42 17 12 31 54 27 49 41 16 16 28 33 35 29 14 33 23 17 15 33 45 19 20 33 23 37 7 50 18 37 45 24 25 13 46 54 15 45 41 37 14 41 40 32 17 33 37 11 27 41 44 52 12 26 45 40 25 29 17 31 42 9 37 49 25 44 32 42 32 30 56 12 17 42 27 32 56 22 8 11 10 24 35 5 32 44 26 41 16 17 34 33 14 32 15 23 38 28 31 44 15 20 25 44 35 15 43 42 49 50 39 33 13 41 36 41 16 40 51 33 36 25 38 14 39 43 34 37 48 16 37 17 18 44 43 35 36 42 38 11 22 9 40 29 16 42 35 52 33 23 20 39 40 43 19 25 10 28 25 51 10 30 8 38 48 16 32 44 33 41 22 17 14 16 35 12 27 18 12 30 21 17 24 46 0 38 34 34 39 48 21 22 42 38 46 46 44 8 47 13 45 22 39 17 34 26 24 6 31 44 46 39 47 32 25 30 42 14 30 29 44 41 33 24 7 15 42 17 29 28 33 33 44 50 15 38 19 41 57 13 22 23 16 37 42 37 19 2 36 36 36 8 39 32 18 11 37 18 17 19 41 45 31 36 39 25 31 43 14 14 46 37 25 22 14 59 16 48 47 42 26 34 48 30 18 16 29 11 23 27 24 8 45 14 49 14 10 35 8 13 38 31 31
59 29 37 55 27 31 38 34 19 7 14 9 25 48 34 27 27 45 47 27 30 20 12 36 3 40 36 57 23 49 16 49 48 45 56 23 26 23 26 14 23 31 21 19 15 44 39 43 40 34 54 29 5 18 28 25 27 17 40 29 19 42 21 44 29 46 47 40 44 33 9 20 18 45 39 15 49 9 18 21 38 16 50 27 51 20 47 50 19 40 17 28 19 42 13 32 35 44 13 23 13 34 31 32 26 28 45 22 10 10 17 34 36 17 46 13 11 35 38 8 48 26 22 31 7 7 26 32 36 50 48 10 14 23 3 19 48 26 15 30 22 25 52 27 19 17 25 32 11 48 14 49 36 46 50 14 19 43 19 49 8 40 29 52 40 37 14 12 47 28 37 24 25 24 27 11 32 41 50 28 42 9 45 43 47 38 37 43 18 12 32 28 49 17 21 53 22 30 47 40 29 9 7 44 30 24 43 33 39 35 8 33 10 16 25 28 22 18 13 40 11 28 33 28 29 24 15 22 18 49 39 35 50 41 34 22 40 27 16 53 13 44 40 44 5 13 39 19 47 11 26 48 31 49 14 51 15 21 33 29 28 48 45 34 27 35 26 42 34 46 34 45 48 49 11 24 21 26 27 48 23 15 16 15 10 37 27 15 22 27 39 12 32 37 35 35 14 44 13 49 9 11 16 14 41 17 25 52 20 14 30 51 12 35 26 39 19 20 43 36 15 32 24 37 36 8 20 34 29 38 8 44 31 23 12 15 16 35 36 26 14 21 42 31 47 43 12 25 17 35 46 41 20 10 38 40 12 25 40 29 42 21 21 51 27 52 21 49 11 21 9 32 27 43 15 19 51 10 35 23 23 35 34 47 32 47 15 49 5 15 44 45 38 1 32 5 5 20 15 11 47 28 27 51 26 37 45 35 20 27 37 16 39 27 47 49 42 31 15 7 46 49 3 9 37 19 15 35 35 13 21 41 49 38 51 21 31 18 16 34 29 25 24 49 52 39 30 31 27 28 29 33 23 39 34 38 0 4 14 23 17 28 39 11 5 13 31 19 31 25 26 19 58 8 47 34 31 29 35 27 31 10 15 22 30 38 9 12 42 13 49 20 4 29 32 44 45 5 53 10 45 26 10 22 13 33 22 19 32 25 39 32 38 43 41 33 28 43 39 29 4 21 44 18 25 32 46 16 54 53 19 4 16 12 12 3 29 8 45 51 51 35 29 13 59 25 27 39 14 20 13 32 45 11 31 46 49 25 40 36 41 42 39 25 39 27 51 47 40 45 29 23 47 33
56 32 36 53 24 27 35 31 20 7 17 7 24 46 32 25 24 43 43 27 26 23 11 33 6 39 34 54 21 47 14 46 46 42 52 22 23 20 22 17 19 30 24 22 17 40 36 39 36 31 50 26 8 21 25 23 25 16 38 27 20 40 24 40 29 42 44 36 42 32 5 17 15 41 36 11 47 11 21 23 35 20 47 27 48 20 44 47 16 37 15 27 16 39 11 30 33 41 14 25 15 30 28 29 25 25 42 21 9 14 13 31 32 17 45 10 14 35 34 11 46 24 20 30 5 10 27 29 32 46 46 10 13 26 5 19 44 22 17 27 19 22 51 25 18 18 28 30 9 44 13 47 33 44 46 12 15 40 21 48 11 37 29 50 37 36 15 11 44 26 33 26 23 22 25 10 29 37 48 24 39 11 43 40 44 34 35 41 15 10 32 24 47 17 17 49 21 28 45 39 26 10 10 41 27 26 40 30 36 32 10 31 13 13 22 28 19 15 9 37 10 24 30 26 28 21 12 24 14 46 35 32 47 40 30 23 36 26 16 50 13 40 36 40 9 10 37 16 45 10 22 45 30 45 15 49 19 21 30 26 25 44 43 31 26 34 23 39 30 44 31 44 45 46 8 26 19 27 26 44 20 12 15 15 8 33 25 12 18 23 37 14 28 34 33 32 14 40 17 46 8 14 13 10 38 19 27 49 20 14 29 48 13 33 25 36 17 19 39 33 16 31 26 34 34 12 20 32 27 35 4 43 28 21 15 12 17 33 35 23 12 24 39 28 46 41 10 27 13 31 43 37 17 9 34 38 13 22 39 25 38 20 20 47 25 48 18 47 8 18 12 28 23 40 16 18 48 12 33 25 25 33 32 44 31 45 15 45 8 18 42 43 35 5 29 7 9 20 15 15 44 27 23 47 26 36 43 33 20 27 33 13 35 27 45 45 41 29 18 5 43 46 6 10 37 15 11 32 33 10 23 37 47 34 49 23 27 16 18 32 28 22 21 45 49 38 26 28 24 24 27 30 20 35 33 34 4 0 13 23 20 25 36 13 6 15 30 20 27 26 23 20 54 9 44 33 28 27 31 25 31 13 15 24 28 35 6 14 38 11 46 21 8 28 29 40 42 8 50 7 43 24 8 22 17 30 22 16 31 28 36 29 35 40 40 32 27 40 36 28 4 19 41 18 23 30 42 15 51 49 15 8 17 10 12 5 27 5 44 48 47 34 28 10 55 21 30 35 17 21 14 30 43 15 29 42 45 23 37 33 39 39 35 26 35 28 47 43 39 41 26 23 44 31
56 30 48 42 28 26 30 39 13 8 23 19 37 35 44 15 20 33 41 15 25 20 24 32 15 27 23 54 33 35 5 42 35 44 53 9 29 28 23 21 26 43 24 21 15 45 36 39 34 28 51 18 17 22 33 11 37 28 28 15 10 31 18 38 18 38 36 36 32 45 11 27 20 37 27 15 36 9 18 13 31 21 45 39 47 7 35 47 9 41 5 15 15 43 24 40 43 33 6 18 9 34 20 24 12 20 46 9 5 17 20 23 32 30 33 7 12 22 39 21 35 34 31 42 18 14 16 27 29 43 35 6 25 23 11 7 41 22 10 32 19 14 39 18 31 30 25 21 7 47 2 35 42 33 48 9 13 32 12 36 11 43 17 38 28 24 7 23 41 15 35 17 12 11 35 23 28 40 37 26 40 12 33 34 47 32 28 30 9 9 44 27 38 30 19 52 32 38 34 27 32 22 21 37 22 16 31 35 39 23 21 39 21 9 31 16 16 27 18 41 22 25 36 16 15 13 21 20 19 49 40 24 46 28 30 13 39 39 5 48 4 37 37 41 15 18 26 14 34 23 23 37 41 48 10 38 23 34 41 18 28 38 35 25 37 22 30 35 29 33 41 32 40 44 20 21 10 17 39 47 18 22 3 2 9 38 13 18 21 28 25 26 35 41 22 40 3 39 21 41 21 25 21 15 33 13 21 48 33 27 17 46 25 45 13 29 28 7 35 24 8 43 19 29 24 19 32 22 16 28 11 30 30 34 23 10 11 21 22 34 23 24 42 34 34 31 22 22 17 28 40 33 10 21 36 27 25 13 26 20 43 32 7 45 13 48 12 36 17 30 23 34 31 32 10 5 45 24 45 16 17 44 21 40 43 34 28 48 12 20 31 32 43 14 34 19 16 7 4 22 39 15 29 50 15 23 33 21 10 14 37 16 32 14 35 41 28 40 23 9 35 40 13 22 24 20 20 29 41 14 17 40 37 31 38 14 22 27 10 42 40 30 17 42 49 26 30 38 18 27 37 22 18 43 46 34 14 13 0 10 15 17 28 11 18 26 43 32 27 16 21 32 55 21 39 21 18 18 29 35 18 22 28 14 38 43 17 10 42 5 38 11 16 16 38 40 37 15 50 17 33 35 20 35 23 24 9 16 18 24 30 37 27 34 28 44 14 33 35 39 17 31 39 6 34 23 39 27 52 50 18 14 30 4 3 17 18 16 32 47 47 47 15 13 56 20 26 29 16 14 9 38 32 21 39 47 41 33 33 25 30 31 38 14 39 18 47 43 27 40 30 10 35 41
61 29 58 35 36 31 32 48 13 17 28 29 47 29 53 13 25 29 45 5 30 21 33 36 24 19 18 59 43 28 12 44 28 50 58 7 38 38 30 25 35 53 26 22 18 52 41 44 38 32 55 20 25 25 42 8 47 38 26 11 7 28 16 42 9 40 34 41 28 55 21 36 29 39 24 24 30 16 19 10 33 25 49 49 52 4 31 52 15 48 10 10 23 50 34 49 52 31 11 15 13 41 20 27 7 25 53 6 14 23 30 24 37 40 25 16 17 13 46 29 31 43 41 52 27 21 7 31 33 46 29 14 35 22 20 5 44 29 12 40 26 17 33 21 41 39 24 19 16 53 11 29 51 29 53 18 20 32 11 29 18 50 7 33 25 17 11 33 44 12 42 13 13 12 44 33 34 47 33 33 45 19 29 35 54 37 28 26 16 18 54 34 34 39 27 57 42 47 28 19 41 32 29 39 25 11 27 43 46 20 30 49 29 16 40 6 22 37 27 49 32 32 44 14 7 17 30 19 28 55 48 23 51 21 36 9 45 48 8 52 11 40 42 46 23 27 22 22 30 32 30 36 51 54 13 33 27 43 51 18 36 38 35 27 47 13 38 38 34 27 50 25 41 48 30 19 13 10 49 53 25 32 9 9 18 45 8 27 29 36 21 34 44 49 17 49 10 43 27 42 31 33 30 25 35 15 19 52 43 36 10 50 35 55 9 30 38 4 38 21 10 53 16 32 22 27 42 21 13 29 21 23 37 43 30 19 13 17 14 44 32 26 48 43 26 29 31 21 26 32 43 36 16 31 42 23 34 13 19 24 51 41 7 49 9 52 17 31 27 39 32 42 40 30 13 6 48 33 55 12 14 54 16 42 52 28 38 54 20 24 27 27 52 22 42 28 24 6 8 29 41 7 38 56 6 14 28 15 6 6 44 25 35 5 33 43 20 50 28 19 34 40 21 32 15 28 29 32 51 23 17 46 35 35 33 12 25 37 12 51 50 39 23 45 54 20 37 47 22 35 46 23 24 52 56 39 23 23 10 0 15 19 27 16 28 35 52 42 32 9 26 42 60 30 40 16 17 18 34 45 9 29 37 10 48 51 26 15 49 14 35 9 24 11 47 45 38 23 55 27 31 44 30 44 29 27 1 24 9 23 32 46 26 35 22 54 6 33 40 49 26 41 44 5 44 25 42 37 57 56 27 23 39 14 12 26 17 26 24 51 52 56 8 22 60 27 25 30 20 13 13 48 28 27 48 54 42 43 35 24 27 29 44 7 47 10 50 47 21 43 38 2 31 50
71 15 53 49 41 40 44 50 4 14 15 26 41 44 51 27 35 44 55 16 39 6 29 46 17 33 33 68 40 43 20 56 43 58 67 20 41 39 37 12 37 48 11 7 4 58 50 54 48 42 65 32 17 10 44 22 44 34 41 26 8 42 4 52 16 52 48 50 43 50 21 36 32 51 38 27 45 10 4 7 45 10 59 43 61 16 46 61 23 54 19 25 29 56 30 49 52 45 9 6 7 47 33 38 22 35 59 19 14 11 32 37 46 33 40 20 6 26 52 20 46 43 39 48 24 12 14 41 43 57 44 12 31 8 16 12 55 36 5 44 33 28 48 32 36 32 10 33 19 60 16 44 52 44 61 23 27 45 6 43 9 55 19 48 39 32 8 29 55 26 49 8 25 24 44 28 42 54 48 40 54 10 44 48 60 47 41 41 23 21 49 40 49 33 32 65 39 47 43 34 44 26 21 51 36 9 42 47 53 34 21 50 18 22 41 18 30 35 28 54 28 39 48 27 22 27 31 5 31 62 53 37 61 36 44 8 52 44 12 62 12 51 51 55 14 28 37 28 45 28 37 50 48 62 5 48 14 37 50 31 41 51 49 39 44 27 41 49 43 42 51 39 54 59 28 7 23 11 44 61 32 31 16 14 20 51 23 29 34 40 36 26 47 52 32 51 12 53 14 55 26 24 31 27 47 2 8 62 35 29 25 60 27 52 23 43 36 14 50 35 8 48 7 43 37 16 37 35 27 42 21 37 44 40 18 23 4 32 27 43 31 11 55 46 41 43 29 9 29 43 54 47 25 27 50 38 26 26 33 34 56 38 19 60 24 62 26 46 26 38 23 46 42 44 5 15 59 25 52 8 6 52 31 54 49 43 31 61 12 10 42 42 54 16 47 22 15 17 12 17 53 22 41 64 14 28 43 30 9 21 50 28 46 19 47 55 34 48 14 18 48 53 14 25 29 32 30 43 52 26 4 54 49 45 48 5 36 35 5 51 46 40 32 57 63 35 43 47 32 40 46 35 32 54 51 48 17 20 15 15 0 31 41 8 22 25 47 35 41 11 35 34 69 24 52 31 31 31 44 44 21 19 32 8 47 54 25 7 55 18 50 8 16 26 48 54 51 15 64 26 45 43 27 38 16 38 16 30 23 10 44 48 39 47 37 50 21 46 49 46 21 38 54 12 42 37 54 33 66 64 31 15 31 18 13 20 30 24 38 61 61 51 23 25 70 34 12 43 6 4 6 49 43 15 48 60 55 42 47 37 41 43 51 13 52 13 61 57 36 54 43 17 46 50
43 46 54 32 23 15 14 36 29 23 39 28 44 24 47 7 9 18 26 23 13 36 33 19 30 22 13 41 38 26 13 26 25 33 39 13 26 29 16 37 24 49 41 37 32 37 24 26 19 14 37 1 32 38 30 11 42 36 13 11 24 16 33 24 27 22 20 23 18 50 20 29 20 21 12 17 23 26 35 28 15 38 30 47 33 16 20 35 9 32 13 12 13 35 32 40 43 17 23 33 25 26 4 9 13 7 37 13 21 34 22 7 19 40 25 16 29 23 31 35 22 35 36 46 28 30 25 14 14 27 23 22 32 39 26 20 25 14 26 26 14 3 28 3 39 41 41 6 18 36 16 25 39 20 35 14 11 16 27 27 28 36 23 27 13 18 23 31 26 9 26 31 7 8 36 33 17 31 24 19 28 29 19 17 37 18 11 18 11 16 51 20 22 39 15 40 37 38 23 20 28 33 34 21 7 29 16 29 31 9 35 38 37 13 31 22 10 32 23 34 31 17 30 8 18 4 25 35 19 38 33 8 33 20 19 27 29 44 20 33 20 22 25 28 31 22 15 12 21 32 15 21 44 37 26 26 39 42 43 3 22 21 19 9 41 21 27 20 16 23 39 24 23 30 28 37 8 29 45 36 11 27 16 18 18 31 13 20 17 23 15 39 31 35 13 36 20 24 38 24 32 38 23 19 17 30 36 34 43 37 16 31 37 48 12 12 34 18 20 10 24 49 33 13 10 34 40 8 9 11 21 23 22 40 38 14 27 12 22 37 29 40 32 30 25 16 29 38 18 14 25 17 9 31 25 15 38 6 21 6 36 37 13 30 11 34 8 25 23 34 36 28 29 16 27 16 29 37 49 30 32 47 13 24 47 22 38 37 28 37 19 21 39 28 28 31 31 15 19 38 23 17 26 39 24 23 20 16 23 17 29 17 17 20 20 25 23 43 39 22 19 23 27 34 22 19 23 14 40 17 33 30 22 16 25 29 6 33 26 43 46 29 9 27 36 17 23 37 5 21 38 5 10 39 51 21 28 25 17 19 31 0 12 27 30 39 50 42 16 27 11 43 42 33 22 14 6 4 16 38 23 37 37 28 40 39 25 27 34 16 22 25 31 12 35 27 20 30 37 24 18 38 29 44 39 8 18 13 20 40 14 34 11 17 19 49 16 16 22 42 28 38 25 20 37 6 24 35 39 38 17 29 41 17 20 30 5 24 25 33 34 52 16 17 42 12 42 13 33 29 26 37 20 37 39 38 24 35 17 9 15 15 28 25 32 29 32 29 17 25 24 18 20 41
40 55 63 25 29 19 11 42 38 33 50 38 54 17 55 14 15 9 22 30 17 46 43 19 41 21 13 38 47 21 24 20 19 33 36 21 33 37 23 48 32 59 51 47 42 39 24 26 18 16 34 11 43 49 37 19 51 46 5 16 33 6 42 21 33 16 8 23 9 59 31 38 29 15 6 27 15 37 44 36 12 48 26 57 30 25 10 33 21 35 24 18 22 37 43 48 50 6 33 42 35 30 9 11 20 14 38 22 32 45 32 6 20 51 21 27 39 26 34 46 14 44 45 55 39 41 33 17 14 22 15 33 43 48 37 30 20 21 36 32 22 15 21 12 49 52 50 8 29 36 27 19 46 13 34 25 21 5 36 22 39 39 29 19 5 18 33 42 21 15 28 39 16 17 44 44 20 33 15 25 28 40 11 10 38 18 5 12 22 27 60 26 12 49 24 39 47 46 17 19 35 44 45 16 12 38 7 34 33 8 46 45 48 24 39 28 19 41 33 37 41 23 35 14 23 16 34 45 28 38 36 5 30 18 21 35 31 54 30 28 31 18 25 28 41 32 11 22 12 43 22 10 52 38 37 18 50 52 51 11 28 11 9 9 50 23 34 16 18 17 46 20 15 26 38 46 19 37 55 37 19 37 26 28 29 35 19 30 25 30 12 50 37 40 14 42 30 22 49 16 42 49 33 30 12 39 45 30 53 48 20 27 47 56 19 5 44 27 15 7 34 59 42 11 5 46 50 7 14 6 32 21 26 49 50 25 37 13 24 46 39 50 33 36 21 6 39 47 27 14 20 14 20 42 26 11 49 16 20 12 38 46 23 26 18 31 19 17 34 43 47 34 36 5 37 26 24 48 58 38 41 55 14 18 56 14 49 37 39 47 12 15 44 39 33 42 43 24 29 48 16 23 32 39 31 25 13 17 32 23 32 27 15 26 9 18 22 51 50 33 8 14 39 45 24 28 33 13 46 28 43 31 11 15 17 38 10 43 36 50 55 37 17 21 34 14 29 44 13 28 46 7 19 44 60 22 39 36 28 27 41 12 0 38 41 50 59 52 19 35 18 53 39 44 14 15 10 11 18 46 28 48 47 37 48 45 35 37 36 26 11 35 42 17 42 27 13 42 34 35 8 47 40 54 50 10 26 23 25 49 9 40 2 9 16 57 22 7 22 51 39 47 23 29 46 8 19 46 36 36 26 41 52 27 31 41 11 35 22 29 31 61 22 28 39 20 51 6 43 39 36 44 12 48 47 39 17 44 13 4 6 4 30 33 35 36 28 27 14 22 30 26 10 48
65 21 46 50 34 35 40 43 9 8 13 19 35 44 44 25 30 43 50 19 34 11 22 40 10 35 32 63 33 44 15 52 43 51 61 19 34 32 31 10 30 41 14 11 5 51 44 48 43 37 59 28 11 12 37 21 37 27 39 25 10 41 12 47 20 48 46 45 42 43 14 29 25 47 37 20 45 3 9 12 40 11 54 37 56 15 44 56 19 47 15 24 23 50 23 42 45 43 6 12 4 40 30 34 21 30 52 18 8 8 25 33 40 26 41 14 2 28 45 14 45 36 31 41 16 5 18 36 39 53 44 6 25 14 9 12 51 30 5 38 27 25 48 28 29 26 16 31 13 54 12 44 45 43 56 17 21 42 9 44 3 48 21 48 38 32 6 23 51 25 43 14 23 22 37 21 37 48 47 34 48 3 43 44 54 42 38 40 18 15 42 34 48 27 26 59 33 40 43 35 37 19 15 47 31 14 40 41 46 33 15 43 13 17 34 20 25 28 21 48 22 33 41 25 22 24 24 12 24 56 46 34 55 36 39 12 46 37 10 57 8 47 45 49 8 21 36 23 44 21 31 47 42 55 4 47 12 31 43 28 35 48 46 35 38 29 35 45 38 42 43 40 50 54 21 14 20 16 37 55 27 24 13 10 14 44 22 22 28 34 35 20 40 46 31 44 8 48 12 51 19 18 24 20 43 6 15 57 29 23 25 55 21 45 22 39 28 13 45 34 6 42 13 39 35 11 30 33 26 38 14 38 37 33 14 18 6 31 29 36 24 14 49 39 42 42 22 15 23 38 49 43 20 20 44 37 20 23 34 30 49 32 17 55 23 57 22 45 19 31 17 39 35 42 5 14 55 19 45 13 13 45 30 50 42 43 25 55 6 10 41 41 47 10 40 15 9 16 10 13 49 22 34 57 17 30 42 30 11 21 44 22 42 20 46 51 36 40 13 11 45 50 8 19 31 26 23 38 45 19 11 47 48 41 47 11 32 27 6 44 39 33 27 52 58 35 36 40 28 34 39 32 26 47 44 42 11 13 11 16 8 27 38 0 15 20 40 29 35 16 30 28 63 17 49 30 29 28 39 37 23 14 25 13 40 47 18 2 49 13 48 10 9 25 41 49 47 9 59 19 44 36 19 32 13 34 16 24 25 16 40 41 37 44 37 43 22 43 44 40 15 31 49 11 35 33 49 26 60 58 25 8 25 12 8 13 28 17 39 56 56 45 23 18 64 29 18 39 6 10 3 42 42 11 41 53 51 35 43 35 40 41 45 16 46 17 55 52 36 49 37 17 45 43
59 32 32 59 27 31 40 31 23 11 15 6 20 51 29 30 29 48 47 32 31 24 7 37 5 45 39 57 19 53 20 50 52 45 56 27 25 21 26 16 21 27 23 22 18 42 39 43 41 35 54 31 6 21 26 29 23 13 43 32 24 45 26 44 33 47 49 40 47 29 11 18 18 46 42 16 52 13 22 26 40 19 50 22 51 25 50 50 22 39 21 32 21 41 9 29 32 46 17 27 18 33 34 33 30 29 44 26 14 13 16 36 36 13 50 16 16 39 37 6 51 23 18 27 4 10 31 33 37 51 51 14 11 27 8 24 49 26 19 29 23 27 56 30 15 13 28 35 14 47 18 52 33 49 49 17 21 45 24 53 13 39 34 55 43 41 18 9 48 31 36 28 28 27 24 7 33 40 53 28 42 13 49 45 46 39 40 47 20 15 28 27 52 13 21 52 19 27 51 44 27 5 5 45 32 29 46 32 38 38 6 30 10 18 22 33 23 14 12 39 8 28 32 32 33 26 13 26 18 48 37 38 50 45 34 26 39 23 20 54 17 44 40 44 9 13 43 20 50 6 26 50 28 48 18 55 17 17 29 32 27 50 48 36 24 39 25 43 34 50 31 49 50 50 8 28 25 30 23 47 25 13 20 20 13 35 30 15 22 26 42 9 30 35 39 33 18 44 15 51 4 8 15 14 43 21 28 52 15 9 35 51 8 31 30 41 15 24 44 39 19 27 28 39 39 9 16 37 32 40 10 48 31 19 12 17 20 38 40 22 11 24 41 29 51 46 9 29 17 36 47 42 22 6 38 43 8 28 44 31 40 18 25 51 31 51 23 53 10 17 6 30 25 46 19 23 52 7 31 27 27 31 38 48 28 50 11 48 10 18 48 49 35 6 31 1 8 25 20 12 49 32 25 50 31 41 49 39 24 32 35 17 40 32 50 50 46 27 16 10 48 51 8 5 42 19 14 37 32 15 25 40 52 39 54 25 33 14 20 30 25 23 25 50 52 43 29 28 29 27 26 35 25 36 30 38 5 6 18 28 22 30 41 15 0 10 26 15 32 30 28 15 57 3 49 38 34 32 35 23 35 9 11 27 26 35 8 16 40 17 52 24 7 33 30 43 47 8 53 9 48 22 6 17 14 35 27 21 36 29 41 29 41 44 45 29 32 45 40 26 2 16 45 23 21 35 47 12 54 52 19 7 12 16 16 2 32 8 49 52 51 31 33 14 58 26 30 41 18 24 17 30 48 13 28 44 50 22 42 39 44 44 38 30 37 32 51 47 44 45 29 27 50 30
66 32 30 67 34 40 49 36 27 19 12 14 19 60 30 39 37 57 56 38 40 25 11 45 11 52 48 64 20 61 28 59 60 52 63 35 31 27 34 16 28 25 22 23 22 49 48 51 49 44 61 40 10 21 32 37 23 14 52 41 30 54 29 53 39 56 58 48 56 28 20 24 26 55 50 25 61 19 24 31 49 19 59 19 59 32 58 57 31 45 29 40 29 47 13 32 34 55 24 30 23 40 43 43 38 39 50 34 22 14 24 45 45 10 58 25 20 47 44 6 60 27 20 26 13 15 37 42 46 59 60 21 15 28 15 30 57 35 25 36 32 36 64 39 15 7 29 44 23 54 26 61 37 58 57 26 30 54 29 61 18 45 40 64 51 49 25 14 57 40 44 32 37 36 28 10 41 47 62 36 50 17 57 53 53 47 49 55 29 24 25 35 61 11 30 59 21 30 59 52 34 8 6 54 41 33 55 38 45 47 5 35 8 27 28 39 33 19 20 45 13 36 38 40 40 35 21 28 26 55 44 47 58 53 43 31 46 22 28 62 24 53 48 52 13 21 51 30 59 11 35 59 29 54 23 63 15 15 31 41 35 59 57 45 25 47 31 52 43 58 35 57 59 58 15 30 33 35 22 54 34 19 28 27 22 42 39 24 30 33 51 2 35 41 47 38 25 53 14 60 10 2 23 23 52 25 31 61 11 8 42 60 6 31 38 50 18 31 53 48 25 26 31 48 48 9 15 46 41 49 19 56 39 19 8 26 25 47 48 25 17 24 48 36 59 55 15 30 26 45 55 51 31 11 45 52 3 37 52 40 46 20 33 59 39 59 32 61 19 21 4 37 31 55 24 31 61 4 30 32 30 31 46 57 27 59 9 55 15 18 56 57 40 13 38 9 11 32 27 10 58 40 32 57 37 48 58 47 30 39 43 26 49 39 59 59 54 28 14 19 57 59 14 7 49 27 21 46 36 23 27 47 61 48 63 30 42 17 25 33 24 29 35 58 60 51 36 32 38 35 29 44 33 41 28 46 13 15 26 35 25 39 50 20 10 0 23 12 40 35 37 10 65 8 58 47 43 41 44 26 42 7 11 32 29 39 17 21 47 25 61 30 11 41 34 51 56 12 61 18 57 24 13 15 11 44 34 30 43 30 49 34 50 54 53 28 39 54 48 27 12 18 53 30 24 44 55 13 61 60 28 13 6 24 24 10 41 17 57 60 58 29 41 24 66 35 31 50 20 28 23 34 57 12 31 51 59 25 51 48 53 53 46 35 44 37 59 55 52 54 36 35 59 33
60 55 7 80 33 43 53 26 49 36 35 24 6 73 11 52 44 67 56 57 44 48 20 47 31 68 61 59 12 75 43 60 73 46 58 50 29 24 37 39 28 2 45 46 43 40 46 49 51 47 57 50 30 44 26 52 9 15 62 55 49 64 51 53 59 58 66 48 67 5 33 22 31 57 61 33 72 39 46 51 53 42 57 4 56 49 68 52 43 39 44 55 38 40 19 18 19 64 43 52 43 37 53 49 53 45 42 50 39 37 28 54 45 15 73 38 41 64 38 28 71 18 14 7 26 36 56 45 49 60 72 39 18 51 33 49 58 39 45 32 37 47 77 48 12 16 52 55 37 48 42 74 24 70 52 38 39 61 49 75 38 36 59 76 62 64 44 20 57 54 41 54 50 49 19 20 43 42 73 37 47 38 68 58 45 49 56 67 42 37 2 36 70 14 35 52 13 19 72 67 29 22 26 56 48 54 65 33 40 58 27 23 31 39 22 58 40 18 27 38 21 39 32 54 57 47 25 50 31 48 37 56 55 68 44 52 42 6 46 60 42 55 46 49 33 28 64 38 70 21 39 66 12 47 44 75 38 10 15 52 34 64 63 51 12 64 27 54 45 71 22 72 62 56 23 52 47 56 5 47 40 23 45 44 35 36 54 30 34 32 63 23 29 32 61 28 43 53 37 63 22 25 27 31 56 46 53 58 12 18 58 58 20 10 53 56 16 49 56 59 45 3 53 52 59 32 11 57 54 56 32 71 38 10 31 37 46 60 64 15 22 47 42 30 73 65 22 53 33 48 56 54 43 22 43 64 22 49 67 47 38 14 49 58 54 56 43 74 27 17 25 32 26 63 45 48 61 23 9 53 52 12 60 59 7 71 16 48 35 41 68 70 28 32 33 26 32 49 45 33 61 57 30 49 56 65 69 61 50 56 38 33 52 57 68 61 69 13 37 34 64 64 33 22 66 32 27 50 23 33 50 43 70 51 75 51 49 17 46 17 5 25 42 59 55 65 35 21 46 34 17 54 41 29 5 46 31 30 43 52 47 50 59 40 26 23 0 13 43 55 42 13 59 24 61 61 54 52 46 16 61 30 16 52 16 27 27 42 40 40 69 50 32 56 25 49 59 33 56 27 66 14 23 10 34 50 52 37 60 53 55 25 59 59 67 7 56 60 48 12 27 13 52 48 14 52 56 16 56 54 34 33 17 39 41 28 53 28 72 57 55 6 57 34 60 40 54 56 42 50 43 23 69 35 19 42 61 17 54 57 64 62 42 55 37 57 57 53 66 54 33 52 69 19
61 43 19 72 31 39 49 28 37 25 24 15 8 65 19 44 38 60 54 46 39 36 10 44 19 58 53 60 11 66 33 58 65 47 58 41 27 22 33 27 25 13 34 34 32 42 45 48 48 43 57 43 19 32 26 42 13 7 55 46 38 57 39 50 48 55 60 46 60 17 23 19 25 54 54 26 65 27 34 40 48 30 56 9 55 39 61 53 34 40 34 46 31 41 10 22 25 58 32 40 32 36 46 43 44 39 44 40 28 25 22 47 43 3 64 29 29 54 38 16 64 19 13 15 15 24 45 41 45 58 64 29 11 39 22 38 56 34 34 31 32 39 69 41 6 5 40 48 27 49 32 66 28 62 52 29 32 55 38 67 26 38 48 68 55 55 33 11 54 45 40 42 41 40 20 10 40 42 66 34 46 26 61 54 47 46 50 59 33 28 15 32 64 4 29 54 12 22 64 58 28 10 14 53 42 43 58 33 40 50 15 26 19 31 21 47 34 14 20 39 12 35 32 45 47 39 19 38 25 50 38 49 54 59 41 40 41 11 35 59 31 52 45 48 22 21 55 31 62 10 34 60 19 49 32 67 27 4 21 44 32 59 58 45 15 54 26 51 42 63 26 63 58 55 15 40 38 44 11 48 34 17 34 34 26 36 44 24 29 30 55 10 29 34 52 31 33 51 24 59 12 12 21 23 51 34 41 57 1 6 49 57 8 20 44 51 12 38 52 51 34 15 41 48 51 20 5 50 45 50 23 61 36 10 20 29 34 51 54 16 15 34 43 30 65 58 13 41 26 44 54 50 35 12 42 56 10 41 58 41 40 12 39 57 44 55 35 66 19 14 13 32 25 57 33 37 59 11 19 41 40 21 51 56 16 63 5 49 24 29 60 62 32 20 33 14 20 39 34 20 57 47 28 51 45 55 62 52 39 46 38 26 48 46 61 58 60 18 26 24 58 60 22 11 56 26 20 45 28 25 38 43 63 47 67 39 43 12 35 23 13 23 36 57 55 56 33 24 39 32 20 47 34 33 16 44 19 20 32 42 35 42 52 29 15 12 13 0 39 44 37 2 60 12 57 52 46 44 43 18 50 18 6 41 20 31 18 30 41 30 63 39 20 47 27 48 55 21 56 18 60 15 14 3 23 44 41 30 50 41 50 27 52 54 58 17 46 55 46 17 16 9 51 37 15 45 54 8 57 55 27 21 6 29 30 17 45 19 63 56 54 17 47 26 61 34 42 50 30 38 31 26 61 23 23 44 58 17 50 50 56 56 41 44 38 46 56 52 57 52 32 42 62 24
30 56 46 43 10 1 11 23 40 29 44 27 38 36 37 22 8 28 16 37 3 46 31 6 33 37 28 28 31 39 22 20 37 18 27 26 15 19 6 44 15 42 49 46 40 21 10 13 10 5 25 15 35 46 19 25 35 32 23 26 36 25 44 13 40 17 25 10 28 42 23 21 15 16 23 17 34 33 44 39 11 45 20 41 21 29 28 21 19 18 24 27 13 19 29 30 32 23 32 44 34 11 18 9 27 9 22 26 28 40 17 15 5 38 38 22 37 38 16 37 32 26 29 38 28 35 39 3 7 20 34 30 29 49 30 32 18 6 36 13 9 16 39 13 34 39 51 20 23 21 25 38 27 31 21 19 15 20 38 40 35 21 37 38 24 33 33 28 17 24 11 43 21 21 26 32 2 16 34 6 14 36 30 16 22 8 15 30 18 20 43 8 29 36 11 26 30 28 35 35 16 33 36 15 10 42 26 15 15 22 37 26 40 19 21 36 11 26 21 19 29 5 17 23 32 16 20 46 15 23 18 19 20 34 4 39 14 37 30 23 29 14 10 15 35 20 28 13 31 31 6 24 34 23 36 37 45 37 33 17 10 22 21 11 32 36 16 13 3 35 27 38 20 19 26 47 20 42 38 22 9 23 26 28 22 16 27 17 11 11 28 39 18 21 28 23 30 13 43 21 31 39 18 18 13 39 47 22 40 36 31 21 36 39 26 15 28 31 14 22 34 42 45 10 22 39 35 21 24 15 24 37 7 33 42 18 37 27 37 29 25 49 17 17 38 25 27 49 15 6 16 12 17 30 10 28 38 20 36 10 21 30 26 20 26 22 16 36 22 27 37 15 18 23 37 28 21 37 40 42 43 37 28 17 39 33 36 22 33 44 30 33 26 31 14 33 36 27 30 42 19 31 14 24 38 38 32 31 35 32 14 15 10 34 27 20 38 33 45 26 23 22 32 34 38 14 20 8 28 18 44 15 29 9 36 40 11 28 37 32 38 19 10 19 23 30 10 26 12 9 28 16 10 25 43 8 31 27 27 32 41 16 19 35 32 40 43 39 0 40 6 40 29 33 19 29 21 18 4 28 38 40 34 40 30 26 24 35 18 23 28 37 35 27 23 14 17 35 24 23 26 30 28 39 43 10 31 12 35 50 13 22 20 17 33 40 30 18 9 33 30 32 14 32 29 13 16 32 25 24 13 34 40 24 29 32 19 24 39 21 21 44 31 18 29 7 52 15 41 40 35 25 31 42 28 23 20 26 12 19 25 22 13 39 17 42 21 17 31 14 11 31 29 29
70 22 61 40 43 39 41 54 8 20 26 32 50 35 58 22 33 37 53 7 38 15 36 45 25 24 25 67 47 34 19 53 34 58 66 15 44 44 38 23 41 56 21 18 15 60 49 53 46 41 64 28 26 20 48 17 51 41 34 19 7 35 10 50 5 49 42 49 35 58 26 42 35 48 32 30 37 17 15 5 42 21 57 52 60 12 39 61 22 56 18 18 30 58 37 55 58 39 13 9 13 48 28 35 15 33 60 15 18 22 36 32 45 42 31 22 15 16 53 29 37 49 45 55 31 21 3 40 41 54 36 17 39 16 23 9 52 36 11 47 33 25 39 30 44 41 17 28 22 61 17 35 57 35 61 24 27 40 7 34 18 58 8 39 33 23 12 37 53 20 50 5 21 20 50 36 42 55 39 41 53 19 36 44 61 45 37 33 23 24 57 42 42 42 34 65 46 53 34 25 47 34 31 48 33 3 35 50 54 28 30 55 28 23 46 9 30 41 33 56 36 39 51 22 13 25 36 13 34 63 55 31 59 27 44 4 53 52 12 60 15 49 50 54 23 32 29 29 37 35 37 44 55 62 12 39 24 46 56 27 43 46 43 36 51 17 45 47 42 33 56 30 50 57 34 12 21 2 52 61 32 37 15 14 24 53 16 33 36 43 28 35 50 56 24 55 13 51 25 50 33 34 36 31 44 11 12 60 44 38 16 58 36 59 17 38 42 10 46 29 11 56 8 40 31 26 45 29 21 37 26 28 45 47 29 25 10 24 18 49 37 20 56 49 32 37 35 14 32 40 51 44 24 34 50 30 35 22 23 32 58 45 15 57 18 61 25 37 32 44 32 49 46 38 11 13 56 34 59 5 8 58 23 51 56 35 40 62 21 21 33 33 58 24 49 30 24 14 13 27 49 13 44 64 5 18 34 21 6 13 51 31 44 10 40 51 25 54 25 23 42 49 22 34 19 35 34 40 57 29 11 54 42 43 39 6 33 41 10 57 54 45 31 54 63 27 44 52 30 42 52 31 31 58 59 47 25 26 16 9 11 27 35 16 30 35 55 44 40 0 34 43 68 32 48 23 25 26 42 50 11 29 40 4 53 58 31 14 57 20 43 6 25 19 53 53 47 24 63 32 39 49 33 47 27 35 10 31 14 16 41 52 34 43 28 58 14 41 48 53 29 45 52 10 48 33 51 40 65 64 33 23 40 20 16 28 25 30 29 60 60 60 14 28 69 35 18 39 17 8 13 54 34 25 54 61 51 48 44 32 35 37 52 3 54 2 59 56 28 52 45 10 38 56
36 50 46 41 13 5 13 26 34 23 39 24 37 33 38 16 3 26 21 31 4 40 28 11 29 32 24 34 31 36 16 23 34 24 32 20 16 20 6 39 15 42 44 40 35 27 15 19 14 8 30 11 31 41 21 20 34 30 21 20 30 23 38 18 35 20 24 15 26 42 18 21 12 19 20 13 32 28 38 34 12 40 25 40 27 23 27 27 13 23 18 22 8 25 27 31 34 22 27 38 29 15 13 7 22 4 27 21 23 35 15 13 11 35 35 16 31 33 21 33 30 27 28 38 25 30 33 6 10 24 31 24 26 43 25 27 22 4 30 16 6 11 37 8 32 37 45 16 18 27 20 35 30 29 27 14 9 19 33 37 30 26 32 35 21 28 27 26 22 18 16 37 16 16 27 29 8 21 32 9 19 31 27 18 28 12 14 27 13 15 43 10 29 33 8 31 30 29 32 31 18 30 32 18 6 36 24 19 21 18 33 28 36 13 22 31 5 25 18 24 26 7 20 18 27 11 18 40 12 29 22 15 26 30 10 33 19 37 25 28 24 18 16 20 31 17 24 8 29 28 5 24 35 28 30 35 40 36 34 13 12 23 22 9 33 31 18 16 8 32 30 34 23 24 23 42 14 36 38 27 4 20 20 23 17 21 22 14 9 13 25 36 21 25 23 26 24 19 39 24 28 36 16 14 15 34 42 28 38 33 26 26 33 39 21 15 27 25 17 19 28 42 39 12 19 34 34 17 19 14 19 33 11 32 38 13 32 22 32 29 22 44 22 20 35 23 24 43 12 9 20 15 11 27 16 25 34 15 31 6 26 29 20 25 21 27 10 33 19 26 34 18 19 22 31 22 26 34 41 36 38 38 23 21 39 30 33 28 28 39 28 30 29 27 18 29 31 22 24 37 22 26 16 30 32 33 29 26 29 26 19 11 13 28 26 23 33 34 40 21 22 24 27 30 33 11 17 10 30 14 38 20 28 12 34 35 8 26 31 33 38 20 4 23 29 26 13 28 7 11 29 13 4 29 44 13 26 23 21 26 35 11 18 30 28 37 42 37 6 34 0 37 35 30 21 24 16 14 9 29 32 35 31 34 31 29 20 30 24 18 27 31 30 21 26 20 19 30 30 20 25 30 25 37 39 9 26 8 30 44 14 24 17 18 29 40 25 19 15 34 26 30 19 26 29 10 20 30 31 30 10 29 37 18 23 28 15 21 35 27 27 44 26 14 35 3 46 14 36 35 30 27 28 37 30 28 23 27 15 16 22 20 18 33 22 36 26 22 27 19 14 25 27 31
62 42 20 72 32 40 49 30 36 25 22 15 9 65 21 44 39 60 55 46 40 35 10 45 19 59 53 61 13 66 33 59 65 48 60 41 28 23 34 26 26 15 32 33 31 43 46 49 49 44 58 43 18 31 27 42 14 9 56 46 38 58 38 52 47 56 61 47 60 18 24 20 26 55 54 26 65 27 33 39 49 29 57 9 56 39 62 54 35 41 35 46 31 43 11 24 26 58 32 39 31 37 46 44 44 40 45 40 28 24 23 48 43 3 64 29 29 54 39 15 64 20 14 17 15 23 45 42 46 58 64 28 12 38 22 38 57 35 33 32 32 40 69 41 7 3 39 48 28 50 32 66 30 62 53 30 32 56 37 67 26 39 48 68 55 55 32 12 56 45 41 41 42 41 22 10 41 43 66 34 47 26 61 54 48 47 51 60 33 28 15 34 64 4 30 55 14 23 64 58 30 10 13 54 42 42 58 34 41 51 14 28 18 31 23 47 34 15 20 40 12 36 33 45 47 39 20 37 26 51 39 50 55 59 41 40 43 13 35 60 31 53 46 49 21 21 56 32 63 11 35 61 20 50 32 68 25 5 23 44 33 60 58 46 17 54 27 52 43 63 28 63 59 56 15 39 38 44 12 50 35 18 34 34 26 37 44 24 30 31 55 10 31 35 52 32 33 52 24 60 12 12 22 24 52 34 41 58 1 6 49 58 8 21 44 51 13 38 53 51 33 16 40 48 52 19 7 50 46 50 23 62 37 11 18 29 34 52 54 18 16 34 44 31 65 58 14 40 26 45 54 51 35 12 43 57 9 41 58 42 41 13 39 58 45 57 35 66 20 15 12 33 26 58 33 37 60 10 20 41 40 22 51 57 18 63 5 50 23 28 61 62 34 20 34 14 20 39 34 20 58 46 29 52 45 55 62 52 38 46 39 27 49 46 62 59 60 20 24 24 59 60 22 10 56 27 21 46 29 26 37 44 64 48 67 39 44 13 34 25 14 24 36 57 56 57 34 25 40 33 22 47 35 34 18 45 19 20 32 42 34 43 53 28 15 10 13 2 40 43 37 0 61 12 58 52 47 45 44 19 50 17 7 40 21 33 18 30 42 30 63 38 19 47 28 49 56 20 57 19 60 17 14 5 21 45 41 31 50 40 51 29 52 55 59 18 46 55 47 18 16 11 52 37 16 46 55 8 58 56 28 21 4 30 30 16 45 19 63 57 56 19 47 26 62 35 41 51 29 37 31 27 61 22 24 46 59 19 51 51 57 56 42 44 40 45 57 53 57 53 33 42 62 25
2 84 60 60 31 30 29 34 68 56 71 52 56 54 49 48 35 45 17 64 31 74 54 24 60 59 51 1 50 58 50 20 56 13 3 53 34 39 33 71 37 58 77 74 68 19 20 16 23 28 5 41 62 74 35 52 51 53 42 51 64 43 72 19 68 24 38 20 46 56 50 42 40 24 44 44 51 61 72 68 28 73 13 59 9 57 44 8 47 21 52 53 41 20 53 42 42 39 61 72 63 25 42 34 54 36 17 54 56 68 42 38 24 60 58 50 65 63 22 63 49 42 48 53 54 63 67 29 28 18 51 58 51 77 58 60 20 34 64 30 37 43 55 39 55 62 79 44 51 12 54 56 35 49 9 47 43 35 67 59 63 24 64 53 43 56 61 52 18 50 22 71 48 49 41 56 27 19 49 30 16 64 47 29 14 24 35 49 47 49 59 31 43 57 38 8 49 41 54 57 32 57 61 23 35 70 44 28 20 45 63 37 67 47 39 63 39 47 46 22 52 31 28 48 59 44 45 74 41 11 23 41 9 56 25 67 19 54 59 12 58 21 19 15 63 45 49 42 48 55 33 35 48 12 64 52 73 57 45 43 31 31 34 34 48 60 35 24 27 54 38 58 25 13 50 76 48 70 55 13 37 46 55 57 50 24 54 43 37 32 50 64 31 28 51 32 58 18 71 26 56 64 43 45 27 68 76 10 61 59 56 13 60 51 53 34 49 59 24 44 62 57 73 30 43 65 55 44 49 34 51 59 27 52 69 46 66 50 61 45 48 77 17 31 58 42 51 77 42 28 19 26 45 54 20 49 62 47 58 37 22 49 54 14 52 8 44 53 48 46 63 29 35 40 65 56 17 62 53 70 72 49 51 22 53 51 58 12 61 72 49 52 32 59 28 58 63 55 58 68 25 58 33 11 65 62 50 55 63 58 23 43 26 61 42 22 60 47 72 54 36 29 60 59 62 39 44 29 36 45 72 18 42 26 51 69 36 49 65 42 54 37 38 19 6 52 29 39 39 31 42 39 38 31 58 22 58 54 55 60 69 42 39 63 57 65 59 60 29 68 35 61 0 58 27 52 45 44 26 44 64 66 56 68 44 33 50 63 20 51 41 65 62 52 35 15 27 62 5 49 42 46 52 59 70 34 59 40 61 78 30 34 40 30 54 54 57 33 20 48 56 51 17 60 46 37 20 54 4 6 40 61 63 52 57 58 45 50 59 10 9 57 57 46 1 35 80 33 69 69 63 37 49 69 41 18 23 43 27 40 43 39 20 66 22 70 11 13 52 18 30 58 45 41
60 33 30 62 27 33 41 30 25 14 15 7 18 54 28 33 31 50 49 34 33 26 6 38 8 47 42 58 17 55 22 52 54 45 56 30 25 21 27 17 22 24 25 24 21 42 41 44 42 37 55 34 7 22 26 31 21 11 46 35 26 48 28 46 36 49 51 41 50 27 13 17 19 48 44 17 55 16 23 28 42 20 52 20 52 27 52 51 24 39 24 35 23 41 7 27 30 49 20 29 20 34 36 36 33 32 44 29 17 15 17 38 38 10 53 18 18 42 37 6 54 22 16 25 5 13 34 35 39 52 54 17 9 29 10 26 50 28 22 29 25 30 59 32 13 10 30 38 17 48 21 55 32 52 50 19 23 47 26 56 15 39 36 58 45 44 21 8 50 34 37 31 31 30 23 5 34 40 56 29 43 15 51 47 46 40 42 49 23 18 25 28 55 10 23 53 17 26 53 47 28 2 4 47 34 31 48 32 39 40 5 30 10 21 22 35 26 14 13 39 7 29 32 34 36 29 14 28 19 49 38 40 51 48 36 29 39 21 23 55 20 46 41 45 11 14 45 23 52 5 28 52 26 48 21 57 18 14 27 34 28 52 50 38 22 42 25 45 36 52 30 52 52 51 9 30 27 33 21 47 26 13 23 22 16 35 33 17 23 26 45 6 29 35 41 33 21 46 16 53 3 7 16 16 45 23 31 54 13 6 37 53 5 29 33 43 13 27 46 41 22 25 30 40 42 10 14 40 35 42 12 50 32 17 12 19 23 41 43 21 11 25 42 30 54 49 8 30 19 38 48 44 25 5 39 46 6 30 47 33 40 16 28 52 34 52 25 56 12 16 5 30 25 48 22 26 54 4 29 30 29 29 40 50 26 53 8 48 12 19 50 51 35 9 31 3 9 27 23 12 51 35 26 50 33 44 51 41 27 34 36 19 42 35 52 52 49 25 17 13 50 53 10 2 44 20 14 39 31 17 27 41 54 41 57 28 35 13 23 29 23 22 28 51 53 46 30 27 31 28 25 38 27 35 27 39 8 9 21 30 24 33 44 17 3 8 24 12 33 32 30 12 58 0 51 41 36 35 37 22 38 9 9 29 25 34 10 19 40 19 54 27 9 36 29 45 49 10 54 11 50 20 6 15 14 37 30 22 39 31 43 29 43 47 48 27 34 47 41 24 5 15 46 25 19 37 48 10 55 53 21 10 9 19 19 5 35 9 52 53 52 28 36 17 59 28 32 43 19 26 20 29 51 13 27 45 52 21 44 41 47 47 39 32 38 34 52 48 47 47 29 30 52 29
28 67 64 34 29 19 10 40 50 43 59 45 57 28 55 27 21 19 11 43 19 58 49 15 49 35 27 26 50 32 34 7 30 24 24 34 33 38 25 58 34 61 62 59 53 32 17 17 11 15 23 21 51 60 37 32 53 50 17 29 45 17 54 11 46 4 11 16 20 60 39 40 33 5 19 34 25 47 56 49 9 59 15 60 19 37 18 22 30 30 35 31 29 30 48 47 49 13 44 54 47 26 20 16 33 20 31 34 42 55 36 16 17 56 32 36 50 39 29 54 23 44 48 56 46 50 46 17 13 9 25 43 47 60 45 42 8 24 47 31 27 25 30 21 53 58 62 21 38 26 37 30 43 23 23 33 29 9 49 33 49 34 42 28 18 31 45 47 10 28 23 52 28 29 44 50 19 26 24 25 20 50 21 5 30 13 12 23 31 35 62 26 17 54 29 28 49 45 28 32 34 51 53 6 18 50 18 31 27 21 54 43 56 33 39 42 26 45 39 31 47 23 33 27 37 26 39 57 33 28 31 17 19 31 18 48 25 56 41 16 42 8 18 19 51 38 24 29 22 49 24 10 52 29 48 27 60 56 50 22 28 6 8 14 51 37 35 8 16 28 44 33 2 15 44 58 30 50 57 28 25 41 37 39 37 30 32 35 29 30 25 57 35 36 27 39 41 12 58 3 49 57 37 35 6 51 58 17 58 54 34 14 54 56 32 10 47 40 6 20 45 60 55 11 19 54 54 20 27 11 40 33 24 52 58 33 49 26 37 47 43 62 26 34 32 16 45 59 33 14 9 8 29 48 21 23 55 27 34 19 33 49 35 13 31 20 28 27 40 45 55 32 36 14 48 38 11 55 58 51 53 55 28 6 57 25 54 27 48 58 23 26 41 47 31 50 51 36 41 58 2 36 32 29 44 38 24 31 45 37 27 32 10 39 15 5 35 51 60 41 10 3 48 51 38 32 38 13 44 35 55 25 16 11 26 50 17 47 48 49 57 37 24 8 23 27 27 44 21 27 46 18 25 40 62 17 47 44 39 40 52 22 14 49 49 58 61 57 19 48 21 58 27 51 0 29 23 23 15 47 42 56 52 49 48 42 41 48 30 36 15 47 50 30 40 18 2 51 23 41 16 48 46 58 59 15 39 29 38 61 9 39 15 5 28 58 35 8 15 51 47 50 13 41 48 16 8 50 25 25 31 50 58 37 41 49 23 42 34 18 20 62 35 35 27 24 63 10 54 51 48 42 23 57 46 32 4 45 8 17 18 13 24 46 29 49 17 16 26 12 29 38 19 47
54 44 66 21 36 28 24 49 28 28 42 37 55 14 59 9 22 14 36 17 26 36 42 31 36 9 3 51 50 15 19 34 14 45 50 12 39 41 30 40 37 61 42 38 33 50 36 38 30 27 48 14 38 40 44 10 54 46 13 6 23 14 31 34 20 30 20 35 13 62 29 41 32 30 10 28 16 30 35 25 25 40 40 58 44 16 17 46 18 46 18 7 25 48 42 53 56 18 25 30 27 39 11 21 10 21 49 13 26 37 34 15 32 50 13 23 31 11 44 41 16 48 48 58 37 34 20 26 26 36 15 26 43 37 32 20 34 27 27 40 26 15 19 17 49 50 39 10 25 48 21 15 53 14 47 23 22 20 26 15 32 49 15 18 11 5 25 42 35 8 39 27 11 12 48 43 30 43 17 32 40 33 14 25 50 30 18 11 20 25 62 33 20 49 28 51 49 51 13 7 42 42 41 30 20 25 13 42 44 8 42 51 42 22 43 15 22 43 34 47 41 30 44 8 10 15 36 34 31 50 46 12 44 8 31 24 41 56 21 43 24 32 37 40 36 33 7 24 15 42 28 23 56 50 28 18 42 52 56 12 36 25 22 20 53 9 40 29 29 12 52 12 30 40 38 34 15 24 56 49 24 38 19 20 26 44 9 31 30 36 6 46 44 49 2 50 22 35 41 30 40 45 35 30 26 29 33 44 53 46 7 41 45 60 9 19 45 18 29 9 25 61 30 23 10 40 51 9 7 19 30 10 35 51 44 24 28 3 9 50 39 41 45 43 13 15 39 35 29 26 34 27 18 40 38 8 46 12 8 19 49 48 14 40 8 45 19 16 34 45 43 42 42 16 28 17 38 44 62 26 29 59 1 32 59 14 48 49 32 39 12 12 52 34 41 39 37 15 21 42 30 10 39 51 19 10 12 3 22 11 42 29 27 13 18 32 10 55 42 29 21 28 33 42 10 31 35 25 53 28 32 43 20 27 18 27 18 44 27 56 57 42 22 35 47 6 36 50 18 35 51 14 23 52 63 34 34 33 21 16 31 14 15 30 38 47 61 52 29 23 24 52 52 41 29 0 9 11 29 50 14 42 47 25 52 53 34 29 47 22 21 24 36 6 49 39 27 36 48 34 17 50 39 54 43 20 15 26 10 37 23 47 14 24 7 60 10 21 34 55 37 49 36 20 49 17 33 46 50 49 29 35 50 23 24 37 10 34 12 43 44 64 9 27 53 25 40 20 35 28 28 50 13 41 52 50 32 48 26 13 13 16 40 20 45 23 42 40 7 35 38 14 16 54
47 45 59 27 28 20 17 41 28 25 41 32 49 19 52 5 14 15 29 20 18 36 37 23 32 17 8 44 43 21 15 28 20 37 43 11 31 34 22 39 30 54 41 38 32 42 28 31 23 19 41 6 34 39 36 9 47 40 10 7 23 13 32 27 24 24 18 27 14 55 24 34 25 23 9 22 19 27 35 26 17 39 34 52 37 15 17 38 13 38 15 8 18 40 37 46 48 15 24 32 26 31 4 13 10 13 42 12 23 35 27 8 24 44 19 19 30 18 36 38 18 41 41 51 32 32 23 19 18 30 18 24 37 38 28 20 28 19 26 32 19 8 23 9 43 45 40 3 20 40 18 20 45 16 39 17 15 15 26 22 29 41 20 22 10 13 24 36 29 5 30 30 6 7 41 37 21 36 20 24 32 30 15 19 42 22 12 14 14 19 56 25 20 43 21 44 42 44 18 15 34 37 37 24 11 28 13 34 36 5 38 43 39 16 36 19 15 37 28 39 35 22 36 4 14 8 29 35 24 42 38 6 36 15 24 26 34 49 20 36 22 25 29 33 33 27 10 17 17 36 20 19 49 42 27 22 41 46 48 4 28 21 18 12 46 16 33 22 21 17 45 19 25 33 32 36 10 27 50 41 16 32 17 19 21 36 10 25 22 28 10 42 37 41 8 42 21 28 39 25 35 41 28 24 19 30 35 37 47 41 12 34 40 53 9 13 39 18 22 6 24 54 32 16 6 37 45 4 5 13 25 18 27 44 41 18 27 7 17 43 33 41 37 35 20 13 34 37 22 18 27 20 12 35 30 10 41 7 16 11 41 42 13 33 8 38 12 20 28 39 39 34 34 14 27 16 32 40 55 28 31 52 8 26 52 17 42 41 30 38 14 16 44 30 33 35 34 14 20 40 25 13 31 43 22 18 16 10 22 14 34 22 20 17 17 27 18 48 41 25 18 24 30 38 18 24 28 17 45 22 33 35 19 20 21 28 11 38 26 48 51 34 14 29 40 11 28 43 10 27 43 6 15 44 56 26 31 28 18 17 31 6 10 29 34 43 54 46 21 25 16 47 45 36 23 9 0 3 21 43 19 39 41 27 45 45 29 28 39 18 20 25 33 8 41 32 22 33 40 29 15 43 33 48 41 12 17 18 16 39 16 39 9 18 14 54 13 16 26 48 32 42 29 19 42 9 27 40 42 42 22 32 45 19 21 33 2 28 19 36 37 57 13 21 46 18 41 14 34 29 27 43 15 39 44 43 26 40 19 7 12 13 33 23 37 27 35 33 12 28 30 16 17 46
45 45 57 29 26 17 15 39 28 24 40 30 47 21 50 5 12 16 28 21 15 36 35 21 31 19 10 43 41 23 14 27 22 35 42 11 29 32 19 38 27 52 41 37 32 39 26 29 22 17 39 3 33 39 34 10 45 39 12 8 23 14 32 26 25 23 19 25 16 53 22 32 23 22 10 20 21 27 34 27 16 38 32 50 35 15 18 37 11 36 14 9 15 37 35 44 46 16 23 32 25 29 3 11 11 11 40 12 21 35 25 7 22 43 22 17 29 20 34 36 20 39 39 49 30 30 24 17 17 29 20 23 35 38 27 20 27 17 26 30 17 5 25 7 41 43 40 4 19 38 17 22 43 18 37 16 13 15 26 24 29 39 21 24 11 15 23 34 28 6 29 30 6 7 39 35 20 34 22 22 30 30 17 18 40 21 11 15 12 18 54 23 21 41 19 42 40 41 20 17 32 35 36 23 10 28 14 32 33 6 36 41 38 14 34 20 13 34 25 37 33 20 33 5 15 6 27 35 22 40 36 7 35 17 22 26 32 47 19 35 21 24 27 31 32 25 12 15 18 34 18 20 47 40 26 24 40 44 46 1 25 21 19 11 44 18 30 21 19 20 43 21 24 32 30 36 8 27 48 39 14 30 16 18 19 34 10 22 20 26 12 40 34 38 10 39 20 26 39 25 34 40 26 22 18 29 35 35 45 39 13 33 39 51 10 13 37 17 21 7 24 52 32 15 8 36 43 6 6 12 23 20 25 42 40 16 27 9 19 40 31 40 35 33 22 15 32 37 20 16 26 19 10 33 28 13 40 6 18 8 39 39 13 32 9 36 10 22 26 37 38 32 32 14 27 16 31 38 52 29 31 50 10 25 50 19 40 39 29 37 16 18 42 29 31 33 33 14 19 39 24 14 29 41 22 20 18 13 22 15 32 20 19 18 19 26 20 45 40 23 18 23 29 36 20 22 26 16 43 20 33 33 21 18 23 28 9 36 26 46 49 32 12 28 39 14 26 40 8 25 41 5 13 42 54 24 29 27 18 18 31 4 11 28 32 41 52 44 18 26 14 45 44 35 23 11 3 0 19 40 21 38 39 27 43 43 27 27 36 17 21 25 32 9 39 30 21 32 39 27 17 41 31 46 39 10 17 16 18 39 15 37 10 18 16 51 14 16 25 45 30 40 27 19 40 8 25 38 41 40 20 31 43 18 21 32 1 26 22 35 36 55 14 19 44 15 41 13 33 29 26 40 17 37 42 41 25 38 18 8 13 14 31 24 35 27 34 31 14 27 27 16 18 44
28 59 50 42 14 5 8 26 42 32 48 31 42 34 40 23 10 26 13 39 5 49 35 3 37 36 27 25 35 38 25 16 36 17 24 28 18 23 10 47 19 46 52 49 43 22 8 11 6 2 22 16 39 50 22 27 38 36 22 26 38 23 46 9 42 13 22 7 26 45 26 25 19 12 22 20 32 37 47 42 8 49 16 45 18 31 26 19 21 18 26 28 16 20 33 33 35 21 35 47 37 13 18 9 29 10 22 28 31 43 21 15 3 42 37 25 40 38 17 41 30 30 33 42 32 39 41 3 4 16 32 33 33 51 34 35 14 10 39 16 13 17 38 13 38 43 54 20 27 20 28 36 29 30 19 22 18 17 41 39 38 22 39 36 22 33 36 32 13 25 11 45 22 23 29 36 4 16 32 10 12 39 28 13 22 4 13 29 21 24 47 11 27 40 15 24 34 31 34 35 19 37 40 11 10 44 24 18 16 22 41 29 44 22 25 38 14 30 25 19 33 9 19 23 33 18 24 49 19 22 19 18 18 34 4 41 14 41 33 19 32 10 9 13 39 24 27 17 29 35 10 21 38 22 39 35 49 41 36 18 13 19 18 10 36 36 20 9 1 34 30 37 16 15 30 50 22 44 42 21 12 27 29 31 26 17 28 21 15 15 28 43 21 23 28 25 32 10 47 17 35 43 22 22 10 42 50 19 44 40 32 17 40 42 27 13 32 33 10 22 37 45 47 8 21 42 39 21 24 13 27 37 10 37 46 22 40 27 37 32 29 52 17 20 37 23 31 51 19 4 12 8 20 34 10 27 42 22 35 11 21 34 28 17 27 19 18 34 26 31 41 17 21 21 39 30 17 41 44 44 46 40 28 13 42 32 40 21 37 47 29 32 28 35 17 36 39 29 32 45 15 32 17 23 39 38 30 31 38 33 15 19 6 35 25 16 38 36 48 30 20 18 36 38 38 18 24 5 30 22 46 15 26 5 34 43 11 32 39 35 42 22 13 15 21 30 13 29 13 13 31 15 13 27 47 6 35 31 29 34 44 16 18 39 35 44 46 43 4 42 9 44 26 37 15 29 21 19 0 32 39 44 38 43 33 28 28 38 19 26 25 40 38 27 26 12 13 39 21 27 24 33 32 43 47 9 33 16 36 53 10 25 18 13 32 43 32 15 6 37 33 35 10 34 33 12 12 36 23 22 17 38 44 27 32 36 20 28 38 18 18 47 32 22 27 10 55 12 44 43 38 28 29 45 31 23 16 30 9 18 23 20 13 40 18 44 18 14 30 11 14 33 27 33
45 55 18 69 18 29 39 11 45 31 37 19 13 61 10 41 31 54 41 50 30 46 17 32 28 58 50 44 7 63 33 45 62 32 43 41 14 10 23 39 14 15 46 45 41 25 31 34 36 33 42 38 29 44 11 42 7 13 49 45 44 51 48 38 52 44 52 33 54 14 25 9 19 43 49 22 60 35 44 47 39 42 42 16 41 41 55 38 33 24 35 45 26 25 15 6 9 50 38 49 38 22 41 35 44 32 27 41 33 36 16 41 31 18 62 30 38 55 23 28 58 3 6 10 21 33 50 31 35 45 59 34 13 50 29 42 43 25 40 17 25 36 65 35 13 21 51 43 29 33 34 62 11 57 37 28 28 47 45 64 35 21 51 63 49 54 39 15 42 43 26 49 39 39 3 18 29 27 61 22 32 35 56 44 30 34 43 55 31 28 16 21 57 16 23 37 6 5 60 57 14 20 26 41 34 50 52 18 25 46 27 9 31 30 8 50 28 10 18 23 16 24 16 43 49 35 15 48 19 33 22 44 40 57 29 47 27 10 39 45 36 40 31 34 31 18 52 27 57 18 25 52 7 32 40 63 39 14 7 40 19 50 49 38 5 54 13 39 31 60 9 61 47 41 17 50 36 51 11 32 27 14 37 37 27 21 44 19 21 17 52 25 13 17 50 13 37 38 37 48 19 27 16 21 41 43 51 43 19 19 49 43 21 11 43 43 9 41 41 47 40 14 50 38 47 32 13 45 44 42 25 60 23 9 33 27 42 49 55 2 13 47 28 15 62 51 16 51 21 34 41 39 32 18 28 52 24 39 57 34 23 7 40 43 44 40 32 61 19 7 26 17 11 50 41 40 45 24 13 49 49 10 49 44 11 59 18 33 32 40 56 58 15 28 18 24 31 40 38 34 46 48 15 34 49 56 57 51 44 47 23 22 37 49 55 46 59 5 39 28 50 49 30 22 56 19 16 35 10 23 47 27 56 36 62 46 36 10 41 8 11 10 30 44 40 54 20 6 34 20 3 41 28 16 16 31 27 25 35 45 44 38 46 37 23 26 16 18 28 50 29 19 44 22 47 50 43 40 32 0 53 30 15 48 3 14 20 38 25 32 55 45 29 46 10 34 45 30 41 19 53 3 18 16 36 37 44 25 52 51 40 11 46 44 56 12 47 46 33 5 23 9 37 41 3 39 41 14 41 39 21 30 22 31 35 25 41 21 61 42 39 16 48 24 45 27 53 42 40 46 39 9 56 35 5 28 46 3 40 44 51 49 27 49 23 52 42 38 54 39 19 44 56 7
65 32 66 30 43 37 35 55 18 25 35 37 55 25 61 17 30 28 48 5 35 25 41 41 32 13 16 63 51 23 20 47 24 55 62 12 45 45 37 32 42 61 31 27 24 58 46 49 42 37 60 23 33 30 49 13 55 46 26 13 14 27 20 46 7 43 34 45 26 63 29 44 36 42 24 31 27 24 25 14 36 31 52 57 56 12 30 57 22 54 18 12 30 56 42 57 60 31 19 19 20 47 22 31 11 30 59 13 22 30 37 27 42 48 20 24 24 6 52 37 28 51 49 60 35 28 8 36 37 49 26 22 43 26 28 13 47 35 19 47 33 22 29 26 49 47 28 21 24 58 19 25 58 26 58 25 27 33 16 24 25 57 3 29 25 13 18 41 48 15 48 16 17 17 52 41 39 53 30 40 50 26 27 38 59 41 30 23 23 25 62 41 33 47 34 62 50 55 24 15 48 40 37 42 29 14 27 50 52 21 37 56 36 24 47 3 29 45 35 55 40 38 51 16 6 22 38 23 35 60 54 25 55 17 41 13 51 56 15 55 19 44 47 51 30 35 20 29 27 40 36 36 59 60 20 29 34 51 59 22 43 39 36 31 55 8 46 41 38 23 57 19 43 52 38 23 19 11 57 59 31 40 17 17 26 52 11 34 36 42 19 42 51 56 15 56 18 47 34 44 39 41 38 33 38 20 21 56 50 44 8 53 43 63 12 32 46 12 41 22 18 61 19 35 23 34 50 22 15 31 29 17 43 51 37 26 19 16 7 52 40 30 54 50 21 29 39 23 33 36 46 39 22 39 47 21 42 18 14 28 57 49 14 52 12 56 24 27 35 47 39 49 47 30 19 13 51 41 63 15 18 62 15 45 61 25 46 59 27 30 24 23 59 30 49 36 32 13 16 36 43 7 45 61 7 8 25 12 13 7 50 32 39 5 32 45 15 57 34 27 35 42 29 40 9 36 37 36 58 30 21 52 34 39 29 16 29 45 18 59 58 46 29 48 59 18 44 54 26 42 54 25 30 59 64 44 31 31 18 9 21 23 28 23 35 42 61 50 38 11 32 50 64 38 42 14 19 21 39 53 0 37 45 14 56 59 35 22 55 22 34 14 32 12 54 50 40 31 59 35 30 52 38 52 35 30 9 31 4 25 35 53 27 37 18 62 8 34 45 57 34 49 47 13 51 28 45 45 61 60 34 30 47 22 20 34 20 34 19 55 56 64 7 29 64 33 28 33 26 17 20 55 25 34 56 60 45 50 38 25 26 30 50 9 53 11 54 51 19 47 45 9 30 58
67 26 36 63 35 39 47 39 21 15 7 15 25 56 35 35 36 53 56 32 39 19 14 45 7 48 44 65 25 56 25 58 56 53 64 31 33 29 34 9 30 31 17 17 15 51 48 51 49 43 62 38 5 14 34 32 28 19 49 37 24 51 22 52 33 55 56 48 53 34 18 26 26 54 47 24 57 14 17 25 47 12 59 26 60 27 55 58 28 47 25 36 28 49 16 36 39 53 19 24 18 42 40 41 33 37 52 30 17 8 24 43 45 15 54 22 14 41 45 3 56 31 25 32 13 9 31 41 45 59 56 17 18 22 12 25 57 34 19 38 31 34 60 37 20 14 23 41 20 56 22 57 40 54 58 24 28 51 23 57 12 47 35 60 48 45 19 16 56 36 45 26 33 32 32 13 41 49 58 36 51 11 54 52 55 47 47 51 27 22 32 36 58 17 29 61 25 34 55 47 36 11 5 53 39 27 51 40 47 43 4 38 1 24 30 34 31 22 20 47 15 36 40 37 35 33 22 21 26 57 46 44 59 49 43 25 47 28 22 62 19 52 48 52 7 21 47 28 55 14 35 57 34 56 17 59 10 21 36 38 36 57 55 43 30 42 33 51 43 54 39 53 57 58 17 23 30 29 28 55 32 21 24 22 20 44 34 24 30 34 47 8 38 44 43 41 21 53 8 58 12 6 24 22 50 19 25 61 18 13 38 60 11 36 34 48 22 26 52 44 20 31 25 46 45 3 21 43 37 47 17 51 39 24 3 24 19 43 42 29 20 18 50 38 55 52 17 24 25 44 55 50 29 13 46 48 8 33 47 38 49 24 28 59 35 60 29 57 19 25 6 39 33 52 18 26 60 8 36 26 24 36 42 56 33 55 15 56 10 12 52 53 44 9 40 8 6 28 22 4 56 35 34 58 31 43 54 42 25 34 44 25 48 34 56 58 49 33 9 15 55 58 10 9 44 27 22 44 40 22 21 49 58 47 59 24 40 21 20 37 30 31 33 58 61 47 37 35 36 35 33 42 32 44 34 46 10 13 22 29 19 37 48 14 9 7 30 18 40 29 35 17 66 9 56 42 39 38 44 30 37 0 16 25 33 43 17 15 49 22 58 24 7 37 38 52 54 7 61 18 54 29 15 21 6 42 29 28 38 24 48 38 47 52 49 34 34 52 48 32 11 23 53 24 28 42 55 18 62 61 27 8 13 21 19 8 38 16 52 60 59 35 36 22 67 34 25 48 13 22 17 37 53 5 35 53 58 29 49 45 50 51 47 29 46 30 60 56 48 54 37 30 55 37
57 41 22 67 26 34 43 25 33 21 22 10 10 59 20 38 33 55 49 42 34 33 5 38 16 54 48 56 9 61 28 53 60 43 54 36 22 18 28 25 20 16 32 32 29 39 40 43 43 38 53 38 16 30 22 37 13 3 50 41 34 52 36 46 43 50 55 41 54 19 18 14 20 49 48 20 59 24 32 36 43 28 51 12 51 34 56 49 29 36 29 41 25 38 5 21 23 52 28 37 28 32 40 38 39 34 40 35 24 23 17 42 38 4 59 24 26 49 34 14 58 16 10 16 10 21 41 36 40 53 58 24 5 37 18 34 50 29 30 27 26 34 64 35 4 7 38 42 22 45 28 60 26 57 48 24 26 50 34 62 23 35 44 63 49 50 29 6 50 40 35 39 36 35 17 5 35 38 61 29 41 23 56 48 43 41 45 54 28 23 18 28 58 3 24 50 10 20 59 53 24 7 12 48 36 39 52 29 36 45 13 24 17 25 17 43 28 9 14 35 6 30 28 40 43 33 14 36 20 46 34 44 50 54 36 37 37 13 31 54 27 47 40 43 19 15 50 26 57 5 29 55 18 45 29 62 25 6 20 39 27 54 52 40 14 49 22 46 37 58 24 58 53 50 9 38 33 41 13 44 29 12 30 29 21 32 39 18 24 25 50 10 26 31 47 28 28 46 23 54 7 12 16 18 46 31 39 52 7 4 44 52 6 21 39 45 8 34 47 46 30 17 38 42 46 18 6 44 40 44 17 56 31 9 19 24 31 46 50 14 10 33 39 26 59 52 8 39 20 39 49 45 29 7 37 51 9 35 53 36 36 9 34 52 39 51 30 60 14 10 11 27 21 52 30 33 54 9 20 38 37 21 46 51 17 58 3 45 20 27 55 57 29 16 28 11 18 34 30 19 52 42 23 47 41 50 56 47 35 41 33 21 43 42 56 53 55 18 24 19 53 54 18 7 51 21 15 40 25 20 35 38 58 42 62 36 37 7 31 22 15 19 30 52 51 51 28 21 34 27 18 41 29 30 19 39 15 15 28 37 32 37 47 25 11 11 16 6 34 40 31 7 56 9 52 47 41 39 38 15 45 16 0 37 18 29 13 26 37 25 58 35 17 42 24 43 50 18 52 13 54 14 8 8 21 39 37 25 45 39 44 24 47 49 53 19 41 49 41 16 12 7 46 33 13 40 48 3 52 50 22 18 7 25 26 13 40 13 58 51 50 20 42 20 57 29 40 45 28 34 28 23 56 21 20 41 53 15 45 45 51 50 37 40 35 42 51 47 52 47 27 37 56 22
70 19 58 43 42 39 42 52 5 18 23 30 47 38 55 23 33 39 54 10 38 12 33 45 22 27 27 68 44 37 19 54 37 57 66 16 43 42 37 19 39 53 18 14 11 59 49 53 47 41 64 29 23 17 46 18 48 39 36 21 5 37 6 51 9 50 44 49 38 55 24 40 33 49 34 28 40 14 11 1 42 17 58 49 60 13 41 61 22 55 17 20 29 57 34 52 55 41 10 6 10 48 29 36 17 33 60 15 16 18 34 34 45 39 34 20 12 19 52 26 40 46 43 53 28 17 7 40 42 55 39 14 36 13 20 8 53 36 8 46 33 26 42 30 41 38 15 29 20 61 16 38 55 38 61 23 26 42 4 37 15 56 12 42 35 26 9 34 54 22 49 3 22 21 48 33 42 54 42 40 53 15 38 45 61 45 38 35 22 22 54 41 44 39 33 65 44 51 37 28 46 31 27 49 34 2 37 49 53 30 27 53 25 22 44 12 30 39 31 55 33 39 50 23 16 25 34 9 33 62 54 33 60 29 44 2 52 49 10 61 13 49 50 54 20 31 31 28 39 33 37 46 53 62 9 42 21 43 54 28 42 48 45 37 49 21 43 47 42 36 54 33 51 57 32 10 21 4 49 61 32 34 14 13 22 52 18 31 35 42 30 32 49 54 26 53 12 51 21 52 31 30 34 29 45 8 9 61 41 35 19 58 33 56 18 39 40 10 47 31 8 54 6 41 32 23 42 30 23 39 24 31 44 44 25 24 7 26 21 47 35 17 56 48 35 39 33 11 31 41 52 45 24 31 49 32 32 23 27 32 57 43 15 58 19 61 25 40 30 42 29 48 44 39 8 13 57 31 57 2 5 56 25 52 54 38 37 61 18 17 36 36 56 21 48 27 21 14 11 24 50 16 43 64 8 21 37 24 5 15 51 30 44 13 43 53 28 52 21 20 44 50 19 31 22 34 33 41 55 27 8 54 44 44 42 3 34 39 7 55 51 43 31 54 63 30 44 51 30 41 49 32 31 57 56 47 22 24 14 10 8 28 37 13 27 32 52 41 40 4 34 40 68 29 49 25 27 27 43 48 14 25 37 0 51 56 29 11 56 19 45 4 22 21 51 54 48 21 63 29 41 47 31 44 23 36 11 30 17 13 42 50 35 44 31 55 16 43 48 51 26 42 52 9 46 34 51 38 65 64 32 20 37 18 14 25 27 28 32 60 60 57 17 26 69 34 15 40 13 4 10 52 37 22 52 61 52 46 44 34 37 39 51 6 53 5 59 56 31 52 44 12 41 54
45 58 17 71 20 30 41 11 48 34 39 22 14 63 8 44 33 56 41 53 32 49 19 33 31 60 53 44 9 66 36 46 64 32 43 44 15 12 25 42 16 14 49 48 44 25 32 34 37 34 41 40 32 46 12 45 8 15 51 47 47 54 51 39 55 45 54 33 56 13 28 12 21 44 51 25 62 38 47 50 40 44 42 16 41 44 57 38 35 23 38 48 28 25 18 3 6 52 41 52 41 23 43 37 47 34 27 44 36 39 19 43 32 20 64 33 41 58 23 31 61 5 9 10 24 36 53 33 37 46 61 37 16 52 32 45 44 27 43 18 27 38 67 38 15 23 54 45 32 33 37 65 9 59 36 31 31 49 48 67 38 21 54 66 51 56 42 18 43 46 26 52 42 42 5 21 30 27 63 24 32 38 58 45 30 35 44 57 34 31 16 23 59 18 25 37 9 3 63 59 15 23 28 43 37 53 54 18 25 48 30 8 34 32 10 53 31 13 21 23 19 26 17 45 51 38 18 51 22 33 21 46 40 59 30 50 27 11 42 45 39 41 32 34 34 21 54 29 59 20 27 54 5 32 43 65 42 16 4 42 21 51 51 39 5 57 14 41 32 62 7 63 48 41 20 53 39 54 12 32 30 17 40 40 30 21 47 22 23 19 54 27 14 17 52 13 40 38 40 49 22 29 19 24 43 46 54 43 20 22 52 43 23 9 46 45 12 44 42 49 43 14 53 40 49 34 15 48 46 44 28 62 24 10 36 30 45 51 58 5 16 50 28 15 65 54 19 54 24 36 42 41 35 21 29 55 26 41 60 37 23 9 43 43 47 41 34 64 22 10 28 17 13 52 44 43 46 26 11 52 52 8 52 45 10 61 20 33 35 43 58 60 13 31 18 26 33 43 41 36 47 50 16 34 52 59 59 54 47 50 23 25 39 51 56 47 62 4 41 31 52 51 33 24 59 22 19 37 9 26 50 28 58 38 64 49 38 13 44 5 11 12 32 45 39 56 21 5 36 21 3 43 30 14 15 32 30 28 38 48 47 40 48 40 26 29 16 20 30 53 31 21 44 25 48 52 45 43 33 3 56 33 18 51 0 13 23 41 25 34 57 48 32 48 9 34 46 33 40 22 55 5 21 18 39 39 47 27 55 54 42 11 48 46 58 11 50 48 34 4 26 11 38 44 6 41 42 16 41 39 24 33 24 34 38 28 44 24 64 42 40 15 51 27 45 29 56 44 43 49 42 8 59 38 4 27 48 6 41 47 53 51 27 52 23 55 42 38 57 39 20 47 58 5
33 66 27 69 17 27 36 5 54 40 49 30 26 61 18 45 32 53 33 56 29 57 29 27 39 61 52 33 20 64 39 39 63 21 32 47 15 15 24 51 18 26 58 56 51 14 25 26 31 30 31 40 40 55 11 47 20 26 49 49 52 51 58 31 60 38 50 26 54 24 33 18 24 37 49 29 60 44 55 55 35 53 33 28 31 47 54 27 38 13 41 49 30 14 28 10 9 49 46 58 48 16 42 34 49 33 16 47 41 47 23 41 26 32 63 37 48 60 14 40 58 13 20 21 32 44 58 29 32 38 59 42 25 60 39 50 37 26 50 13 27 39 65 37 26 35 62 45 37 22 42 63 4 57 26 35 33 45 53 65 45 10 58 63 49 57 47 27 35 47 19 59 43 43 12 30 26 17 60 21 23 45 55 40 19 29 41 56 37 35 27 20 55 30 26 25 20 10 61 59 12 33 38 36 35 58 52 11 15 47 39 5 44 35 13 57 31 21 26 12 28 23 10 46 54 38 24 58 25 22 12 44 30 59 25 55 18 23 47 36 44 34 24 25 43 26 53 31 57 30 25 49 16 21 49 62 52 28 13 42 18 46 46 36 17 59 13 34 28 60 6 63 42 32 27 60 41 59 24 21 29 23 44 45 35 12 49 26 24 17 53 38 9 6 52 4 45 31 49 43 32 40 23 28 37 52 61 33 32 32 53 34 34 18 48 41 22 49 36 48 48 25 59 35 47 44 26 46 47 40 33 62 19 22 46 34 51 51 60 15 24 58 18 10 64 50 27 62 27 31 34 35 37 30 21 53 37 42 60 35 12 20 46 35 48 31 36 61 28 19 38 12 13 49 50 47 38 37 20 57 58 16 52 38 21 59 31 22 42 52 56 59 1 39 12 35 42 47 46 46 40 53 15 22 57 61 57 54 52 53 15 28 33 55 53 40 62 15 51 37 47 44 40 34 61 23 24 33 5 30 57 18 54 32 62 56 36 23 51 11 22 14 32 37 29 55 17 8 35 19 11 41 30 2 26 25 38 35 43 51 54 39 45 47 35 39 27 31 26 58 29 33 33 34 42 53 45 43 28 14 59 43 29 56 13 0 29 47 14 39 53 53 41 50 6 26 40 42 30 28 52 16 29 30 48 36 50 29 57 62 38 7 45 41 58 22 52 43 27 16 34 23 30 49 17 39 35 27 30 28 26 41 35 39 43 37 44 30 63 32 30 26 53 31 34 28 64 40 51 55 48 6 56 47 9 15 40 15 36 44 50 47 19 57 13 60 32 29 56 32 16 51 55 9
51 38 32 55 19 24 33 25 26 11 22 4 21 47 27 26 22 43 40 31 24 28 9 29 11 42 35 49 17 49 16 43 48 37 48 24 18 15 18 23 14 27 29 27 23 35 32 35 33 28 46 26 13 27 20 25 21 13 38 29 25 40 29 37 33 40 43 32 42 29 6 12 10 39 36 9 47 16 26 28 32 25 43 24 43 23 44 42 17 32 18 29 14 34 8 25 28 40 19 30 20 25 28 27 27 23 37 24 14 19 8 30 29 16 47 12 19 38 29 14 46 19 15 26 5 15 31 26 30 43 46 15 9 32 10 23 41 19 22 22 16 22 52 24 15 17 33 30 11 40 16 48 27 44 42 12 14 38 25 49 16 32 33 50 37 38 20 8 41 27 29 31 24 23 20 9 25 33 48 20 34 17 43 38 39 31 33 42 15 10 29 20 46 15 14 45 16 23 46 41 20 10 12 38 25 31 40 25 31 33 13 25 17 13 16 32 17 11 4 32 7 20 25 28 31 21 6 30 10 41 30 32 43 42 27 28 31 22 20 46 17 37 32 36 14 5 38 14 45 8 19 43 25 40 21 50 24 18 26 26 20 43 41 29 21 37 18 36 27 45 26 46 43 42 4 32 20 32 23 40 18 7 18 19 9 28 28 8 14 18 38 16 23 29 35 27 18 37 22 44 8 16 8 6 35 24 32 45 19 13 32 44 13 29 27 34 12 23 37 34 21 27 31 32 34 16 17 32 28 33 6 44 23 17 19 11 23 34 38 19 7 30 34 23 47 40 5 33 10 29 39 35 17 7 30 39 14 23 41 24 33 15 22 44 27 44 17 48 3 14 14 23 18 40 22 22 45 14 29 29 30 28 34 41 26 45 14 40 13 24 43 44 30 10 24 9 14 22 19 19 42 30 18 42 31 39 44 35 25 30 28 9 33 30 44 43 43 24 23 9 41 44 12 10 39 11 6 30 27 8 28 33 46 32 49 28 26 11 23 26 24 16 19 42 44 39 21 23 22 19 22 29 18 30 30 30 9 6 17 26 25 25 35 18 8 17 27 18 24 31 20 18 50 10 41 34 29 27 28 20 35 17 13 29 23 29 0 19 33 14 46 26 13 29 24 36 39 13 45 2 42 19 5 20 21 28 26 14 34 33 34 23 35 38 41 28 29 38 32 23 6 15 37 22 18 28 39 12 46 45 12 13 17 13 16 9 27 1 46 44 43 31 31 8 51 19 35 34 22 27 20 24 44 20 24 37 43 17 35 33 39 38 31 30 30 33 44 39 40 38 21 26 44 26
65 21 48 49 35 35 39 43 8 8 14 19 36 42 45 24 29 41 50 18 33 11 23 40 11 33 31 63 34 43 15 51 42 52 61 18 35 33 31 12 31 42 15 11 5 52 44 48 43 37 59 28 12 12 37 20 38 28 38 24 9 40 11 47 18 47 45 44 41 45 15 30 26 47 36 21 44 3 9 10 40 12 54 38 56 14 44 56 18 48 14 23 23 50 24 43 46 42 4 12 3 41 29 33 20 30 53 17 8 9 25 33 40 28 40 14 2 27 45 15 44 37 33 42 18 7 16 35 38 52 43 6 26 14 9 10 50 30 4 38 27 24 47 28 30 27 16 30 13 55 11 43 46 42 56 17 21 42 8 43 4 49 20 46 37 31 5 24 50 23 43 13 22 21 38 22 37 48 46 34 48 5 42 44 54 41 37 39 18 15 44 34 47 28 26 59 34 41 41 33 38 20 17 46 31 13 40 41 47 32 16 43 15 17 34 19 25 29 21 48 23 33 42 25 21 23 24 12 25 56 47 33 55 35 39 11 46 38 9 57 7 46 45 49 9 22 35 22 43 22 31 46 43 55 3 46 14 32 44 27 35 47 45 35 39 27 35 44 38 41 44 39 49 53 22 13 19 15 39 55 27 25 12 10 14 44 21 23 28 34 34 21 40 46 30 45 8 48 13 50 20 20 25 21 43 6 14 57 30 24 24 55 22 46 21 38 30 12 45 33 5 43 13 39 34 13 32 32 24 37 14 37 38 34 16 17 5 30 28 37 25 14 49 40 41 41 22 15 23 37 49 43 20 21 44 36 22 22 33 30 50 33 15 54 22 56 21 44 20 32 19 40 36 41 4 13 54 20 46 12 11 46 29 49 43 42 26 55 7 11 40 40 48 11 40 16 10 15 8 14 49 21 35 58 16 28 41 28 10 20 44 22 41 19 45 51 35 42 14 11 44 49 9 20 29 26 24 38 45 19 10 48 47 40 46 10 31 29 5 45 40 34 26 52 58 34 37 41 27 34 40 32 26 48 45 42 12 14 10 15 7 27 37 2 16 21 42 30 35 14 30 30 63 19 48 29 28 27 38 38 22 15 26 11 41 47 19 0 49 13 47 9 11 24 42 49 46 10 58 20 43 36 21 33 14 34 14 24 23 16 40 41 36 43 35 44 20 42 44 41 16 32 48 10 35 32 49 27 60 58 25 9 26 12 7 14 27 18 38 56 56 46 22 19 64 29 18 39 7 9 2 42 41 13 42 53 50 36 42 34 39 40 45 15 46 16 55 52 35 49 37 15 43 44
21 69 41 60 15 19 26 14 55 42 54 35 37 53 31 40 26 44 20 54 21 60 36 17 44 55 46 20 31 56 38 26 54 8 19 43 16 20 19 55 20 39 62 59 54 3 13 13 20 21 18 33 45 59 16 43 32 35 40 44 52 42 59 19 58 26 39 14 45 37 35 24 24 25 41 29 50 47 57 55 25 57 20 40 17 45 44 14 35 2 40 45 27 1 35 23 23 39 47 59 49 9 36 27 45 27 4 44 42 51 25 33 16 41 56 36 50 56 4 46 49 23 29 33 37 47 56 21 22 25 50 44 33 63 42 49 24 21 51 12 24 34 56 31 36 43 65 38 37 9 41 55 17 48 13 34 30 35 54 57 48 5 55 54 41 51 48 34 22 42 9 59 39 39 22 37 18 4 50 16 10 48 46 29 6 19 32 47 34 34 39 16 44 39 24 13 30 22 52 53 14 39 44 24 28 58 43 9 3 40 45 18 49 34 20 54 27 29 29 2 34 18 9 41 50 34 27 60 25 9 4 36 16 52 16 55 6 35 46 22 44 22 12 12 47 29 45 28 47 37 20 38 29 8 50 53 56 38 26 35 14 34 35 28 29 54 16 23 19 52 19 55 30 19 33 62 37 58 36 8 25 28 42 44 35 5 45 27 22 15 46 45 12 9 46 13 45 18 54 30 38 47 26 29 26 54 62 19 42 40 49 21 41 32 44 31 30 47 24 40 49 37 60 26 39 49 36 39 42 31 35 55 13 33 52 33 52 45 55 26 30 62 4 12 56 41 33 63 27 22 22 24 34 36 10 45 44 38 54 28 3 30 43 21 44 17 33 52 31 27 45 10 17 39 51 45 24 44 34 57 59 30 46 25 34 50 39 9 45 56 47 50 13 42 10 41 46 44 45 51 28 49 15 10 55 56 49 49 51 49 6 27 22 51 43 27 56 27 56 39 37 33 44 41 56 24 27 23 18 30 58 5 43 22 52 56 29 30 51 24 35 19 27 24 16 48 13 20 30 15 23 34 26 12 39 14 42 38 42 49 55 34 36 49 40 47 40 41 18 57 24 42 20 40 30 47 39 36 19 25 55 49 37 56 25 14 33 49 0 38 43 53 45 45 16 13 29 46 17 32 42 27 35 40 54 28 48 26 53 64 27 15 37 30 50 35 48 33 15 29 39 32 17 48 27 31 22 35 17 15 25 45 44 39 43 42 37 34 56 19 16 39 49 31 21 23 66 30 54 56 49 17 48 52 21 5 28 24 25 36 41 38 7 55 3 59 19 16 48 19 13 48 45 22
53 33 45 43 24 22 27 35 17 7 24 16 34 35 40 14 17 32 38 19 21 23 21 28 15 29 23 51 30 37 4 39 35 40 49 11 25 25 19 22 22 40 27 24 18 41 32 36 31 25 47 17 17 24 29 13 34 25 28 16 14 30 21 35 22 35 34 32 32 42 8 23 16 35 26 11 36 11 21 18 28 23 42 37 44 10 34 44 7 37 5 16 11 39 21 36 39 32 10 22 12 30 19 21 14 17 42 10 6 19 17 22 28 28 34 2 14 25 35 20 35 30 28 39 15 15 19 23 26 40 35 7 22 26 11 12 38 18 13 28 15 13 40 16 28 29 28 20 3 43 3 36 37 33 44 5 9 31 16 37 13 38 20 39 27 25 10 20 38 15 32 21 12 11 31 21 25 36 37 22 36 14 33 32 43 29 26 31 6 4 42 23 37 27 15 48 29 34 34 28 28 20 20 34 19 20 30 31 35 22 20 36 22 5 27 19 13 23 14 37 20 21 32 16 18 12 17 23 15 45 36 23 43 29 27 17 35 35 9 45 7 34 33 37 15 14 26 10 34 20 19 36 37 44 13 39 24 31 38 17 24 36 34 23 34 24 26 32 25 34 37 33 37 41 17 25 9 21 36 43 15 19 6 7 5 34 15 13 17 24 26 25 31 36 22 36 7 35 23 38 19 24 17 12 31 17 25 45 31 25 19 43 24 41 14 27 25 11 33 23 11 40 22 26 24 20 30 22 16 26 8 32 26 31 24 6 15 22 25 31 19 27 38 30 35 31 19 26 13 25 37 30 8 19 32 27 24 12 28 18 39 28 9 42 15 44 9 37 13 26 22 30 27 31 14 9 42 23 42 20 21 41 22 37 39 34 26 44 13 22 32 33 39 13 30 17 17 9 8 22 37 17 25 46 19 26 33 23 14 17 33 12 29 18 35 39 30 36 24 7 34 38 13 21 26 16 16 26 38 9 21 36 37 28 38 18 19 24 14 38 37 25 14 39 46 27 26 34 15 23 33 21 14 39 43 30 13 11 5 14 18 16 26 13 17 25 40 30 23 20 18 30 51 19 36 22 18 17 26 32 22 22 25 19 34 39 14 13 38 0 37 15 16 17 34 37 34 16 46 14 33 31 18 32 24 22 13 12 21 27 28 33 26 32 29 41 16 31 32 36 15 28 36 11 30 21 36 25 48 47 14 15 28 1 6 16 17 13 33 44 44 44 18 8 52 17 29 27 19 18 13 35 32 22 35 43 38 29 30 24 29 30 34 19 35 22 43 39 28 36 26 13 34 37
41 63 73 19 38 27 18 51 47 44 59 49 64 14 65 24 26 7 25 37 26 55 54 26 51 24 18 40 57 19 34 21 17 38 39 30 42 46 33 58 42 69 60 56 51 45 30 31 23 24 37 21 53 58 47 28 61 56 10 24 42 8 50 25 40 18 4 29 8 69 41 48 39 18 12 38 11 47 53 44 18 58 29 67 33 34 5 36 31 42 33 25 33 43 53 57 59 6 43 50 45 38 19 21 28 24 44 31 42 55 42 16 28 61 20 37 49 30 41 56 9 53 55 65 49 51 40 25 22 23 11 42 53 57 47 38 22 31 45 41 32 25 16 23 59 62 59 17 39 40 36 16 54 10 37 35 32 9 45 19 49 46 35 14 11 22 43 52 24 24 35 47 26 27 53 54 28 39 10 34 33 50 8 14 43 24 14 12 32 37 70 35 2 60 34 42 57 55 15 22 44 55 55 19 22 45 8 42 40 16 56 54 58 34 48 35 30 51 44 44 52 32 44 23 30 26 45 53 39 42 43 15 33 20 29 44 37 64 39 29 41 22 31 32 52 43 14 32 9 53 31 6 62 43 46 13 60 62 60 21 37 10 8 19 59 28 44 20 26 15 55 20 16 29 49 54 29 44 65 42 30 47 36 38 39 42 27 40 35 39 16 60 46 48 19 50 40 26 59 15 53 60 43 40 17 48 53 32 64 58 27 29 58 66 27 13 54 36 19 15 43 68 50 18 14 56 60 16 23 14 42 21 34 59 60 35 46 19 28 56 49 60 39 44 19 7 50 55 38 22 23 19 30 52 33 14 59 25 23 22 45 56 32 28 26 34 29 13 44 53 58 42 45 7 46 35 24 58 68 46 49 64 20 20 66 12 59 41 49 57 11 14 53 49 42 53 53 33 39 59 17 30 42 43 39 29 11 22 41 31 39 37 21 33 3 19 24 60 60 43 6 12 49 55 28 38 43 21 55 38 51 38 1 21 12 46 21 53 45 59 65 46 28 23 37 17 37 54 24 37 55 17 29 52 70 29 49 46 38 35 50 22 11 48 52 61 69 63 28 43 27 63 41 54 15 21 20 21 25 55 34 58 58 45 57 53 46 47 43 37 0 43 52 25 51 32 15 52 37 45 5 57 50 64 60 19 35 33 31 57 16 49 12 13 17 67 29 10 28 60 50 57 27 38 56 18 22 56 39 39 36 51 62 38 41 51 20 45 22 32 34 71 29 38 40 30 59 14 53 47 46 53 10 58 56 45 18 54 18 14 9 8 36 40 42 43 31 30 16 25 39 34 5 57
67 21 56 42 39 36 39 49 4 15 22 27 44 37 52 21 30 37 51 9 35 13 31 42 20 26 26 65 41 36 16 51 36 54 63 14 40 39 34 18 36 50 19 15 10 56 46 50 44 38 61 26 21 17 43 16 46 36 34 19 2 36 8 48 10 47 42 46 36 53 21 37 30 46 32 25 39 12 12 3 40 17 55 46 57 10 39 58 19 52 14 18 26 54 32 50 53 39 8 8 7 44 27 33 15 30 56 13 12 17 31 31 42 36 33 17 10 19 49 24 39 44 40 50 25 15 8 37 39 52 38 12 33 14 17 5 50 33 5 43 30 23 41 27 38 35 16 27 17 57 13 37 52 37 58 20 23 39 2 36 13 53 12 41 33 25 7 31 51 20 46 6 19 19 44 30 39 51 41 37 50 13 37 42 58 42 35 34 19 19 52 38 42 36 30 62 41 47 36 27 43 29 25 46 31 6 35 46 50 28 25 50 23 19 41 11 27 36 28 52 30 36 46 21 15 22 31 11 29 59 51 30 57 29 41 2 49 46 7 58 10 47 47 51 18 28 30 25 38 30 34 44 50 59 7 41 20 40 51 25 39 45 43 34 46 20 40 44 39 35 51 32 48 54 29 12 18 7 47 58 29 32 11 9 19 49 16 28 32 38 29 30 46 51 25 50 9 49 20 49 28 28 31 26 42 7 11 58 39 33 17 56 31 53 16 37 37 8 45 29 6 51 8 38 30 21 40 28 21 36 20 30 41 42 24 21 5 25 20 44 32 17 52 45 34 37 30 13 27 38 49 42 20 29 46 31 30 20 26 29 54 40 13 55 17 58 22 39 26 39 27 44 41 37 6 10 54 29 54 5 7 53 24 49 51 37 35 58 15 17 35 34 53 19 45 25 19 11 8 23 48 14 40 61 8 21 36 22 3 13 48 26 42 12 41 50 27 49 21 18 42 48 17 28 22 31 30 38 52 24 9 51 43 41 40 4 31 36 5 52 48 40 28 52 60 29 40 48 27 38 47 30 28 53 53 44 20 21 11 9 8 25 35 10 24 30 50 39 37 6 31 38 65 27 47 24 25 25 40 45 14 24 35 4 48 53 26 9 53 15 43 0 19 19 48 50 45 19 60 27 39 44 28 41 22 33 9 27 16 15 39 47 33 42 30 52 15 40 45 48 24 40 49 6 43 31 49 35 62 61 29 18 35 15 11 22 24 25 31 57 57 54 15 23 66 31 17 37 13 5 8 49 36 20 48 57 49 43 42 31 35 37 48 6 50 8 56 53 30 49 41 10 39 50
63 26 38 57 31 34 41 37 18 9 10 12 26 50 36 29 30 47 50 27 33 18 14 40 2 42 38 61 25 51 19 53 50 49 60 25 30 27 29 10 26 32 17 16 13 47 43 47 43 37 58 32 2 15 32 26 28 18 43 31 19 45 20 47 29 49 50 43 47 35 12 23 22 48 41 18 51 8 16 21 41 13 54 28 55 22 49 54 22 44 19 30 23 46 15 35 38 47 13 21 13 37 34 35 27 31 49 24 11 7 20 36 39 18 48 15 10 36 42 5 50 29 24 33 9 5 26 36 39 53 50 11 17 21 5 20 51 29 14 34 26 28 54 31 21 17 22 35 13 52 16 51 39 48 54 18 22 46 18 51 7 44 29 54 42 39 14 15 51 30 40 23 27 26 30 12 36 44 52 32 46 7 48 46 51 41 41 45 20 16 33 31 52 18 24 57 25 33 49 42 33 11 6 47 33 23 45 37 43 37 6 36 6 19 28 29 25 20 16 44 14 31 37 31 30 27 18 19 21 53 42 38 54 43 38 21 43 29 17 57 14 47 44 48 2 17 41 22 49 13 30 50 34 52 13 53 12 22 35 32 32 51 49 37 30 36 30 45 37 48 37 47 51 53 14 21 24 25 29 51 27 18 18 17 14 40 28 19 25 30 41 11 35 41 37 39 15 48 10 52 11 10 20 17 44 15 23 56 20 14 32 55 12 36 28 42 21 20 46 38 15 33 22 40 39 5 22 37 31 41 11 45 35 24 9 18 15 37 37 28 17 18 46 35 49 46 14 23 20 38 50 44 22 12 42 42 11 27 41 32 45 24 22 54 29 55 24 51 15 23 8 35 30 46 14 20 55 10 37 22 21 37 36 50 34 49 16 52 5 12 46 47 41 4 36 6 2 22 16 8 51 29 30 54 26 38 48 36 20 29 40 20 42 28 50 52 43 33 11 10 48 52 4 10 38 23 18 39 38 17 19 45 52 41 53 20 34 20 15 36 31 28 27 52 56 41 33 34 30 31 32 36 26 42 35 41 4 8 16 24 16 31 42 9 7 11 32 20 35 25 30 19 62 9 50 36 33 32 38 29 32 7 17 22 32 41 13 11 45 16 52 19 0 31 35 47 48 1 57 14 48 28 12 23 9 36 23 23 33 23 42 35 41 46 43 35 29 46 43 32 7 23 48 19 27 36 49 17 58 56 22 2 16 15 13 5 32 12 47 55 54 36 30 17 62 28 24 42 12 19 12 35 47 8 34 49 52 28 44 39 44 45 43 25 42 26 55 51 42 48 33 24 49 36
54 39 61 26 33 26 24 46 23 23 37 32 50 19 55 5 20 19 36 13 24 31 37 30 30 13 8 51 45 20 14 35 19 44 50 7 36 37 27 35 33 56 37 33 27 48 35 37 30 25 48 12 32 35 40 5 49 42 16 1 18 17 26 34 17 31 24 34 18 57 24 37 28 30 13 24 21 24 30 20 25 35 41 53 44 11 21 45 14 44 13 1 21 46 37 49 52 21 20 26 22 36 11 19 4 19 48 8 20 32 30 15 30 45 18 18 26 12 42 36 21 44 43 54 32 29 16 25 25 37 20 21 38 33 26 15 35 25 21 37 23 12 24 15 44 45 35 10 20 47 15 20 49 19 46 18 18 22 21 21 26 47 13 23 14 9 20 37 36 3 37 23 7 7 44 37 28 42 23 30 39 27 19 26 48 29 19 16 15 20 57 31 24 44 25 51 44 47 19 12 38 37 36 31 18 22 17 40 42 10 36 48 37 17 39 12 19 39 29 45 36 28 41 5 7 12 32 29 27 49 43 13 43 13 30 19 40 51 16 43 18 32 36 39 30 29 11 20 19 37 26 26 52 49 23 23 37 47 51 10 33 28 25 19 49 10 37 30 27 18 49 17 32 40 33 30 10 20 52 48 21 34 13 15 21 42 3 27 26 33 11 41 41 46 7 46 17 35 36 32 35 40 31 26 26 25 29 44 47 41 5 41 40 56 4 20 40 12 29 11 20 56 26 23 12 34 46 10 4 20 25 15 32 46 38 19 23 6 11 45 35 36 43 40 19 19 34 31 25 25 35 27 14 35 36 12 40 8 12 17 47 44 9 40 3 45 14 21 29 41 38 39 38 19 22 12 39 39 57 22 25 55 6 33 55 19 42 48 27 34 17 17 49 29 39 34 32 10 16 37 32 6 35 50 15 12 18 6 17 7 40 24 27 10 22 34 14 51 37 24 24 30 28 37 12 27 30 24 50 24 27 41 24 27 23 22 17 40 22 52 53 38 19 36 47 11 34 46 16 32 47 14 20 49 58 33 29 28 16 11 26 12 17 25 33 41 56 47 27 19 21 47 52 36 30 6 8 9 27 46 12 37 42 21 48 50 29 24 45 17 25 19 31 0 45 38 29 31 48 30 20 46 34 49 37 19 11 22 9 33 24 44 15 25 13 56 5 23 33 50 31 44 36 14 45 16 34 41 49 49 25 30 44 18 19 32 8 29 17 43 44 59 5 23 53 23 35 21 30 23 23 47 18 35 48 49 33 43 27 14 16 19 39 17 43 20 43 40 12 35 35 10 21 50
36 61 26 66 14 24 34 2 49 34 44 24 22 58 16 40 28 50 33 52 25 52 24 25 34 57 48 35 16 61 35 38 59 23 34 42 10 10 20 45 13 23 52 51 46 16 24 26 29 27 32 36 35 50 6 42 17 21 46 44 47 48 52 30 54 37 47 25 51 22 28 13 19 36 45 23 57 39 50 50 33 48 33 25 32 43 51 29 33 14 37 45 25 16 23 8 9 46 41 53 42 14 39 31 44 29 18 42 36 42 18 37 24 27 60 32 43 56 14 35 55 9 15 19 26 39 53 26 29 37 56 37 20 55 33 45 36 22 44 10 23 34 62 33 22 30 57 41 32 24 37 60 5 54 27 30 28 42 48 62 40 12 53 60 46 53 42 22 34 42 18 53 39 39 7 25 23 18 57 18 23 40 52 38 21 28 38 52 32 30 25 16 52 25 21 28 15 6 57 55 8 28 33 35 31 53 49 9 16 43 34 3 39 31 8 52 27 16 21 14 23 20 8 42 49 34 18 53 20 24 12 40 31 55 23 50 18 20 42 36 39 33 23 25 37 21 49 26 54 25 21 47 14 23 44 59 46 24 11 38 14 44 44 33 14 54 9 33 25 57 5 59 40 33 22 55 36 54 21 23 25 18 38 40 30 12 44 21 19 13 50 33 5 8 48 4 40 30 44 41 26 34 18 23 35 47 56 34 28 27 49 34 29 17 43 38 17 43 34 44 43 23 54 33 44 38 22 43 43 37 28 58 17 18 40 29 46 47 55 11 19 53 19 7 60 48 22 56 22 29 34 33 32 25 20 50 32 38 56 31 14 16 41 35 44 32 31 58 22 14 33 9 8 46 45 42 37 32 19 52 53 15 48 37 19 55 26 24 37 47 53 55 6 33 10 30 37 42 41 41 39 48 10 25 51 56 54 50 47 48 14 23 31 50 50 39 58 13 45 31 45 43 35 29 56 19 19 30 5 25 51 19 51 30 59 50 32 17 45 9 20 9 27 36 30 51 14 4 31 15 8 38 26 7 24 24 32 29 38 47 48 35 42 41 30 34 25 27 23 53 26 28 35 29 40 49 41 39 26 10 54 38 24 51 9 6 24 42 16 34 51 48 35 45 0 25 39 36 31 23 49 12 24 26 43 33 46 24 52 57 35 2 42 39 54 20 47 41 26 13 29 18 30 44 13 35 34 22 32 30 21 36 30 34 38 31 39 25 60 33 31 24 48 26 36 24 58 37 46 50 43 3 53 42 7 18 39 10 34 41 47 45 18 52 14 55 33 29 52 31 13 46 52 7
17 69 51 50 18 15 16 25 53 42 57 38 46 43 41 34 21 34 8 50 16 59 41 9 46 47 38 15 38 47 35 14 45 7 13 39 22 27 19 57 24 48 62 59 54 15 5 1 9 13 11 27 48 60 24 38 41 41 31 37 49 32 57 7 53 14 28 5 35 47 36 30 26 14 31 29 40 47 57 53 15 58 9 49 8 42 33 8 32 13 37 39 26 13 40 33 34 28 46 57 48 12 28 19 40 21 14 39 42 53 28 25 9 47 47 35 50 49 13 49 38 32 37 43 40 49 52 14 14 13 40 43 38 62 43 46 12 19 49 17 23 29 46 25 43 50 64 30 37 10 39 45 28 38 8 32 28 24 52 48 48 17 50 44 32 43 47 39 10 36 8 56 34 34 31 42 13 9 40 16 3 49 36 18 12 10 22 38 32 34 49 17 33 45 24 13 37 31 43 45 21 44 48 13 21 55 33 17 11 32 49 28 52 32 27 49 25 35 32 14 39 16 18 34 45 29 31 59 26 12 14 28 7 44 10 52 8 44 44 11 43 10 4 1 48 31 37 27 37 41 18 26 39 12 49 43 58 46 36 29 17 23 24 20 38 47 23 12 12 43 29 47 18 8 37 61 33 55 45 11 22 33 40 42 35 14 39 29 22 19 38 50 21 20 38 23 43 6 56 18 42 51 29 31 16 53 61 10 49 46 43 10 46 42 39 22 37 44 13 32 47 47 58 17 31 51 44 31 35 21 37 47 13 40 55 32 51 37 48 35 35 62 9 20 47 31 37 62 27 14 10 14 30 41 7 36 49 33 46 22 15 38 39 10 38 9 29 42 34 35 49 18 23 29 50 42 13 48 44 55 57 40 38 13 43 40 45 11 46 57 38 41 25 44 17 44 49 40 43 54 16 44 21 12 51 49 39 41 49 44 12 28 12 47 32 15 48 37 58 39 26 21 45 45 49 25 31 15 29 31 57 8 32 13 42 54 22 37 50 34 44 26 23 12 10 40 16 29 24 17 32 26 23 24 49 7 44 40 40 45 54 27 27 49 43 51 49 48 14 53 20 49 15 45 18 39 32 30 12 34 50 52 43 54 34 26 36 49 13 37 32 50 47 38 25 0 17 48 10 35 31 36 39 48 56 20 44 25 47 63 18 24 27 19 42 45 43 22 6 38 42 40 5 45 36 23 10 41 12 11 25 47 50 37 42 44 31 36 47 9 8 49 43 31 16 20 66 21 54 54 49 28 38 54 32 14 16 33 15 28 32 28 8 52 13 55 9 4 40 7 17 44 34 32
28 65 63 34 27 17 8 38 49 41 57 43 55 28 53 25 19 19 11 42 17 56 47 14 47 34 26 26 48 32 32 7 30 23 25 32 31 36 23 56 32 59 61 57 51 31 16 16 10 13 23 19 49 58 35 30 51 48 16 28 44 17 53 10 45 3 12 15 20 58 37 38 31 4 18 32 25 45 54 47 7 57 15 58 18 36 18 22 28 28 33 29 27 29 46 45 47 13 43 52 45 25 19 14 32 18 30 33 40 53 34 15 15 54 32 34 48 38 27 52 23 43 46 55 44 48 44 15 11 9 24 41 45 58 43 40 8 22 46 29 25 23 30 19 51 56 61 20 36 26 35 30 42 23 23 31 27 9 47 33 47 33 41 28 18 30 43 45 9 27 22 50 26 27 42 48 17 25 24 23 19 48 21 3 29 11 10 23 29 33 60 24 17 52 27 28 47 44 28 32 32 49 51 5 16 49 18 30 26 20 52 41 54 31 38 40 24 43 37 30 45 21 31 25 35 24 37 55 31 28 30 16 19 30 17 46 23 54 39 16 40 7 17 18 49 36 23 27 21 47 22 10 51 28 46 27 58 54 49 20 26 6 8 12 49 35 33 6 14 28 43 32 4 14 42 56 28 48 55 27 23 39 35 38 35 29 31 33 27 28 24 55 34 34 26 37 39 11 57 5 47 55 35 33 4 49 56 18 56 52 33 15 52 55 30 9 45 38 5 19 43 58 53 9 18 52 52 19 26 10 38 33 22 50 56 31 47 25 36 45 41 60 25 32 32 16 43 58 31 12 9 6 27 46 20 23 53 26 33 17 31 47 33 14 29 19 26 27 38 44 53 30 34 14 47 36 11 53 56 49 52 53 27 6 55 25 52 27 46 56 23 26 39 45 29 48 50 34 39 56 3 34 30 28 43 37 24 30 43 35 26 30 8 38 16 5 34 49 58 39 10 5 46 49 37 30 36 11 43 33 53 24 16 9 26 49 15 45 46 47 55 35 22 9 23 26 26 42 19 26 44 16 23 39 60 15 45 42 37 38 51 20 13 47 47 56 59 55 17 47 19 56 27 49 2 27 22 21 13 45 40 54 50 48 46 40 39 46 29 34 15 45 48 29 39 17 0 49 22 39 15 46 44 56 57 13 38 27 37 59 7 37 14 4 28 56 34 7 14 50 45 48 12 40 46 14 8 48 24 25 29 48 56 35 39 47 22 40 33 18 20 60 34 33 27 22 62 8 52 49 46 41 23 55 44 31 5 43 6 15 17 13 23 44 28 48 17 16 26 11 27 37 19 45
64 25 39 56 32 35 41 38 17 9 9 13 27 50 37 29 31 47 51 27 34 17 15 40 3 41 37 62 26 50 19 53 49 50 60 24 30 27 30 10 27 33 17 15 12 48 44 47 44 38 58 31 3 14 32 26 29 19 43 30 18 45 19 48 28 49 50 44 46 36 13 24 23 48 41 19 50 8 15 20 42 12 54 29 55 21 49 54 21 44 19 30 23 47 16 36 39 47 13 20 12 38 34 35 27 31 49 23 11 6 21 37 40 19 47 16 9 35 42 6 50 30 25 34 10 4 25 36 39 54 50 10 18 20 6 19 51 30 14 34 26 27 54 31 22 17 21 35 14 52 16 50 39 48 54 18 22 46 17 51 6 45 29 53 42 39 13 16 51 30 41 22 27 26 31 13 36 45 52 32 47 6 48 46 51 42 41 45 21 16 34 32 52 19 25 57 26 34 49 41 33 12 7 48 33 22 45 37 44 37 7 37 7 19 29 28 25 21 17 44 15 32 38 30 29 26 19 18 22 54 43 38 54 43 38 20 44 30 16 57 13 47 44 48 1 17 41 23 49 14 30 51 35 53 12 53 11 23 36 32 32 51 49 37 31 36 30 46 38 48 38 47 52 53 15 20 24 24 30 52 27 19 18 16 14 41 28 20 26 31 40 12 36 42 37 39 14 48 9 53 12 10 20 18 45 14 22 56 21 15 31 55 13 37 27 42 22 20 46 38 14 34 21 41 39 4 23 37 31 41 12 45 35 25 8 18 14 36 36 29 18 17 47 35 48 46 15 22 21 38 50 44 23 13 42 42 12 27 41 32 46 25 22 55 28 56 24 51 15 24 9 36 31 46 13 20 55 11 38 21 20 38 36 51 35 49 17 53 4 11 46 47 42 4 37 7 1 22 16 8 51 29 31 55 25 37 47 36 19 28 41 20 43 28 50 52 43 34 10 10 49 52 3 11 38 23 19 39 39 17 18 45 52 42 53 19 34 21 14 37 32 29 27 53 57 41 34 35 30 32 33 35 27 43 36 42 5 8 15 23 15 30 42 9 8 12 33 21 35 24 30 20 62 10 51 36 33 32 39 30 31 7 18 21 33 42 13 10 46 16 52 19 1 31 36 48 49 0 57 15 48 29 13 24 9 36 23 23 32 22 42 36 41 46 43 36 28 46 43 33 8 24 48 18 28 36 50 18 59 57 23 1 17 15 13 6 32 13 46 56 55 37 30 17 63 29 23 42 11 18 11 36 47 7 35 50 52 29 44 39 44 45 43 24 43 26 55 51 42 49 34 24 49 37
7 79 57 56 27 25 25 31 63 52 66 47 53 50 47 43 30 41 13 59 26 69 50 19 55 55 46 5 46 54 45 17 52 10 3 49 30 35 28 66 33 54 72 69 63 17 15 11 18 23 1 36 57 69 31 48 48 49 38 47 59 39 67 14 63 19 34 15 42 53 45 38 35 20 39 39 47 56 67 63 24 68 9 56 4 52 40 4 42 17 47 48 36 17 49 39 39 35 56 67 58 21 37 29 49 31 15 49 51 63 38 33 19 56 54 45 60 58 19 59 45 39 44 50 49 58 62 24 23 15 46 53 47 72 53 55 16 29 59 25 32 38 52 34 51 58 74 39 47 9 49 52 33 45 4 42 38 31 62 55 58 21 59 50 39 51 56 48 13 45 17 66 43 44 38 51 22 15 46 26 11 59 43 25 12 19 30 45 42 44 56 26 39 53 33 7 45 37 50 53 28 53 57 19 31 65 40 24 17 40 58 34 62 42 35 58 34 43 42 19 48 26 25 43 54 39 40 69 36 9 19 36 5 51 20 62 15 51 54 9 53 17 14 10 58 41 44 37 43 50 28 32 45 10 59 49 68 53 42 38 26 28 30 29 45 56 31 19 22 50 35 54 22 8 46 71 43 65 52 10 32 42 50 52 45 21 49 38 32 28 45 59 28 25 46 29 53 13 66 22 51 60 39 40 23 63 71 6 57 55 52 9 55 48 48 29 45 54 20 40 57 54 68 25 39 61 51 39 44 29 46 54 22 48 64 42 61 45 56 42 44 72 14 27 54 38 46 72 37 23 15 21 40 50 16 44 58 42 54 32 19 45 49 10 47 3 39 49 43 42 58 25 31 36 60 51 13 57 50 65 67 46 47 18 50 47 54 9 56 67 45 48 29 54 24 54 58 50 53 64 21 53 29 9 60 57 46 50 58 53 19 38 21 56 38 19 56 44 67 49 32 25 55 54 57 35 40 24 34 40 67 14 38 21 48 64 31 45 60 40 51 33 33 15 1 47 25 35 34 26 39 35 33 28 55 17 53 50 50 55 64 37 34 59 53 61 56 56 24 63 30 57 5 54 23 48 40 39 21 41 59 61 52 63 40 30 45 58 17 46 37 60 57 48 31 10 22 57 0 44 37 43 48 55 66 29 54 35 56 73 25 31 35 26 49 51 52 29 15 44 51 47 12 55 43 32 16 50 2 3 35 57 58 47 52 54 40 46 55 6 4 55 52 41 6 30 75 28 64 64 58 34 45 64 38 15 20 40 22 36 39 35 15 61 19 65 7 8 47 13 25 53 41 38
50 39 32 55 18 23 32 24 27 13 23 4 21 47 27 26 21 42 39 32 23 30 9 28 13 42 35 48 16 49 16 42 47 36 47 24 16 13 17 24 13 27 31 29 24 34 31 34 32 27 45 25 14 28 18 25 21 13 37 29 26 39 30 35 34 39 42 31 42 28 7 11 9 38 36 8 47 17 27 28 32 26 42 24 42 23 43 41 17 30 18 29 13 32 9 23 26 40 19 31 21 24 28 26 27 22 35 24 15 20 7 29 27 17 46 12 20 38 28 15 46 17 14 25 6 17 32 25 29 42 46 15 9 33 11 24 40 18 23 20 14 22 51 23 15 18 35 30 11 38 17 48 26 44 40 12 14 38 27 49 18 30 33 50 37 38 20 8 39 27 27 32 24 23 19 10 24 31 48 19 33 18 43 37 37 30 33 42 15 10 28 18 46 15 13 43 16 22 46 41 19 10 13 37 24 31 40 23 30 32 15 24 19 13 15 32 16 10 3 30 7 19 23 27 31 21 5 31 9 40 29 31 41 42 25 29 30 22 21 45 18 36 31 35 15 4 38 13 44 9 18 43 24 39 22 50 25 18 25 26 19 42 40 28 20 37 16 35 26 45 25 46 41 41 4 33 20 33 23 38 17 5 19 19 9 27 28 7 13 17 38 17 22 27 34 26 19 36 23 42 8 17 6 6 35 25 33 44 19 14 32 43 14 28 27 33 12 24 36 33 21 27 32 31 34 18 17 32 28 32 7 44 22 17 21 11 24 34 38 18 6 31 33 21 47 40 5 34 8 28 38 34 17 8 29 39 16 23 41 23 32 15 22 42 28 43 17 48 1 13 15 22 17 39 23 22 43 15 29 31 31 27 34 40 26 45 14 39 15 25 42 44 28 11 22 10 15 23 20 20 41 31 17 41 31 39 44 35 26 30 27 9 32 31 44 42 43 23 25 9 41 43 13 12 40 10 5 28 26 7 29 31 45 31 49 29 25 11 24 26 24 15 18 41 43 39 20 22 22 18 20 29 17 29 29 29 10 7 17 27 26 24 35 19 9 18 27 18 23 32 20 19 49 11 41 34 29 27 27 19 35 18 13 29 22 28 2 20 32 14 45 27 14 30 23 35 39 15 44 0 42 18 6 20 23 27 26 13 34 35 33 22 34 37 41 27 30 37 31 22 8 15 36 23 17 28 38 12 45 43 11 14 18 13 17 10 27 3 46 43 42 30 31 8 49 17 36 33 24 28 21 23 43 21 23 36 42 17 33 32 39 38 29 31 29 34 42 38 40 37 20 26 44 25
43 59 70 19 36 25 16 49 43 40 56 45 61 13 62 20 23 4 26 33 24 51 50 25 47 20 14 41 55 17 30 22 15 38 40 26 40 44 30 54 40 66 56 52 47 45 29 30 23 22 38 17 49 54 44 24 59 53 5 20 38 4 46 25 36 18 5 28 5 66 38 45 36 19 8 35 10 42 49 40 17 54 30 64 33 30 3 37 27 41 30 21 30 43 50 55 57 4 39 46 41 36 15 18 24 21 44 27 38 50 39 13 26 58 17 33 45 27 40 52 8 51 52 63 46 47 36 23 20 24 9 39 50 52 43 34 23 28 41 39 29 21 15 19 56 59 55 14 35 40 33 15 53 8 38 32 28 8 41 18 44 45 31 13 7 18 39 49 24 20 34 43 21 22 51 51 26 38 9 32 33 45 6 14 43 23 11 9 28 33 67 33 5 56 32 43 54 53 13 18 42 51 52 20 19 41 4 41 39 12 52 52 54 30 46 31 26 49 40 43 48 29 42 19 26 22 42 49 35 42 42 11 34 16 27 39 36 61 35 31 37 22 30 32 48 39 10 29 6 50 29 7 59 42 42 12 56 59 58 17 35 11 9 16 57 24 42 20 24 13 53 18 17 29 45 50 25 40 62 41 27 44 32 34 35 41 23 37 33 37 12 56 44 46 15 49 36 26 54 17 49 56 40 37 16 44 49 33 61 55 23 30 54 64 23 11 51 32 19 11 39 66 46 17 9 52 57 11 19 12 39 18 33 56 56 32 42 15 25 53 46 55 39 43 17 2 47 51 34 21 24 18 26 49 32 10 56 22 20 19 44 53 28 29 22 34 25 12 41 50 54 40 43 3 42 31 26 54 65 42 45 62 16 21 63 10 56 41 45 53 8 11 51 45 40 49 49 29 35 55 18 26 39 43 35 25 9 19 37 26 38 34 20 29 2 20 21 58 56 39 7 14 45 52 25 35 40 19 53 35 47 37 4 20 11 42 18 50 41 57 62 44 25 24 38 13 35 51 21 34 53 13 26 50 68 28 45 43 33 31 45 18 8 44 48 57 66 60 26 39 25 60 42 50 16 17 15 17 24 53 30 54 54 41 55 52 42 43 42 33 5 39 48 20 49 31 15 48 37 42 0 54 47 61 56 17 31 30 27 53 15 47 8 13 14 65 25 10 27 58 46 54 27 34 53 15 23 53 39 40 33 47 59 34 36 48 17 42 19 33 35 68 25 35 42 27 55 12 49 43 42 51 8 54 54 45 19 51 17 10 5 5 35 36 41 39 32 31 13 26 37 30 4 55
47 53 17 69 20 30 40 13 44 30 35 17 11 61 9 42 32 55 42 49 31 45 15 33 27 58 50 46 5 64 33 47 62 34 45 41 15 11 24 37 15 13 44 43 40 28 33 36 37 34 44 39 27 42 13 42 6 11 50 45 43 52 47 40 52 45 53 34 55 13 24 10 19 44 49 22 61 33 43 46 40 40 44 14 42 41 56 40 33 26 35 45 26 27 14 8 10 51 37 48 38 24 42 36 44 33 30 41 32 34 16 42 32 16 62 29 37 55 25 26 59 4 5 9 20 32 50 32 36 47 60 33 12 48 27 41 45 26 40 19 25 36 66 36 10 19 50 44 29 35 34 63 13 58 39 28 29 48 44 65 34 24 51 64 50 54 38 14 43 43 28 49 40 39 6 16 30 29 61 24 34 34 56 45 33 36 44 56 31 27 14 22 58 14 23 40 4 7 61 57 16 19 24 43 35 49 53 19 27 47 25 11 30 30 9 50 29 9 18 25 15 26 19 43 48 35 15 47 20 35 24 44 41 57 30 46 28 9 38 47 35 41 33 36 30 18 52 27 58 16 26 53 7 34 39 63 38 12 8 40 21 51 50 39 3 54 14 41 32 60 11 61 49 43 16 49 36 50 10 34 28 13 36 37 27 23 44 19 22 19 52 23 16 19 50 16 36 39 36 50 18 25 16 21 43 42 50 45 16 17 49 45 19 11 43 44 8 41 42 47 39 13 49 39 47 30 10 46 44 43 24 60 25 6 31 27 41 49 55 1 13 45 30 16 63 52 14 50 21 35 43 41 32 17 30 53 22 39 57 35 25 5 39 45 44 43 32 62 18 6 24 19 13 51 40 39 47 22 12 48 47 10 49 45 10 59 15 35 31 39 56 59 17 27 20 22 29 40 37 32 47 48 16 37 49 56 58 51 43 47 24 22 39 48 55 48 59 6 37 27 51 51 29 20 56 20 16 37 13 23 46 30 57 38 63 46 37 9 41 9 9 11 30 46 42 54 21 9 34 21 5 42 29 18 14 33 26 24 35 44 43 38 47 36 22 24 14 15 30 49 30 17 46 20 48 50 43 41 33 3 52 29 14 47 5 16 19 36 27 31 57 44 28 46 12 36 46 29 43 18 54 0 17 14 34 38 44 25 52 50 42 13 47 46 56 11 47 47 34 5 22 7 39 41 1 40 43 12 43 41 22 29 20 31 34 24 42 20 62 44 42 15 48 24 47 28 51 43 39 45 38 11 57 33 8 30 48 4 41 45 51 50 29 48 25 51 44 40 55 40 20 44 57 9
54 38 29 59 22 28 37 25 28 14 20 2 17 52 25 30 26 47 43 35 27 29 4 33 11 46 40 52 14 53 20 47 52 39 51 28 19 15 22 22 16 23 29 28 24 37 35 38 37 32 49 30 12 26 20 29 18 9 42 33 27 44 31 40 37 44 47 36 47 25 10 12 14 43 41 13 52 18 27 30 37 25 46 20 46 27 48 45 21 33 22 33 18 35 4 23 26 45 21 31 22 28 33 31 31 27 38 28 17 19 11 34 32 12 51 16 21 42 31 12 51 17 12 22 3 16 34 30 33 47 51 17 6 32 12 26 45 23 24 24 20 26 56 28 11 13 34 34 15 42 20 53 27 49 44 16 19 43 28 54 18 33 36 55 42 42 22 4 44 32 31 33 28 28 19 5 29 35 53 23 37 18 48 42 40 35 38 46 20 15 25 23 51 10 17 47 14 21 51 45 22 6 10 42 29 33 45 26 33 37 11 25 15 18 16 35 21 9 7 33 3 24 26 32 35 26 8 31 14 43 32 36 45 46 30 30 34 19 23 49 20 41 35 39 14 8 42 18 49 4 23 48 23 42 23 54 23 14 24 31 22 47 45 33 19 41 19 40 31 50 25 50 47 45 3 33 25 34 19 42 22 7 22 22 13 30 32 11 18 21 42 12 24 30 39 27 21 40 21 48 4 13 10 11 40 25 34 48 14 9 36 47 8 26 31 38 9 26 41 38 23 24 32 36 39 15 13 37 33 37 10 49 26 14 17 16 25 38 42 17 5 30 36 24 52 45 3 34 14 32 43 38 22 2 33 43 11 28 45 28 34 13 26 47 32 47 22 53 7 12 11 25 19 44 24 25 48 10 26 32 32 26 38 45 23 50 9 42 15 23 47 49 30 11 25 7 13 26 22 18 45 34 20 44 34 43 49 39 28 34 30 14 37 34 49 47 47 21 22 12 46 48 13 7 43 15 9 34 26 12 30 35 50 36 54 30 30 8 25 25 21 17 23 46 47 43 24 22 27 22 20 34 22 30 26 33 10 8 20 30 27 29 40 19 6 13 23 14 28 33 25 14 52 6 46 39 33 31 32 18 38 15 8 31 21 29 5 21 35 18 50 28 12 34 24 39 44 13 48 6 47 17 0 15 20 32 29 18 38 34 38 24 39 42 45 25 33 42 35 21 6 12 41 26 16 33 43 8 49 47 15 13 13 17 19 8 32 5 50 47 46 27 35 13 53 23 36 38 23 29 22 24 48 19 22 39 47 16 39 37 43 43 33 33 32 35 47 43 44 41 23 30 49 24
60 46 16 74 31 39 49 27 40 28 27 17 5 66 17 45 39 61 54 49 40 39 12 44 22 61 55 59 10 68 35 58 67 46 58 43 27 22 33 30 25 10 37 37 34 41 44 48 48 43 56 44 21 35 25 44 10 8 56 48 41 59 42 51 50 55 61 46 61 14 25 19 26 54 55 27 66 30 37 43 49 33 56 6 55 41 63 52 36 39 37 48 32 40 12 20 22 59 34 43 35 36 47 44 46 40 43 42 31 28 23 48 43 6 66 31 32 56 37 19 65 18 12 13 18 27 48 41 46 58 65 31 12 42 25 40 56 35 36 31 32 41 71 42 6 8 43 49 29 48 35 68 27 63 51 31 33 56 40 69 29 37 50 70 56 57 35 13 55 47 40 45 43 42 19 12 40 41 67 34 46 29 62 54 46 46 51 61 35 30 12 33 65 5 30 53 11 20 65 60 28 13 17 53 43 45 59 32 39 52 18 25 22 33 21 50 35 14 21 38 13 35 31 47 50 40 20 41 26 49 37 51 54 61 41 43 41 9 37 59 34 52 45 48 25 22 57 32 64 13 34 61 16 48 35 69 30 2 19 45 32 60 59 46 13 56 26 51 42 65 24 65 59 55 16 43 40 47 8 47 35 18 37 36 28 35 46 25 30 30 57 13 28 33 54 29 35 51 27 60 14 15 22 25 52 37 44 57 4 9 51 57 11 17 46 52 12 41 52 53 36 12 44 48 53 23 4 51 47 51 25 63 36 8 23 30 37 53 57 15 16 37 42 29 66 59 15 44 27 45 54 51 36 14 42 58 13 43 60 42 39 11 41 57 46 55 37 67 21 14 16 31 25 58 36 40 59 14 16 44 43 18 53 56 13 65 7 48 26 32 62 64 31 23 32 17 23 41 37 23 57 49 28 50 48 57 63 54 41 48 37 27 48 49 63 58 62 16 29 26 59 60 25 13 58 27 21 46 26 27 41 42 64 47 68 42 44 12 37 21 10 23 37 57 54 58 32 22 41 32 19 48 35 31 13 44 22 22 35 44 38 44 54 32 17 15 10 3 39 47 37 5 59 15 58 54 48 46 43 16 52 21 8 44 18 30 20 33 40 32 64 41 23 49 26 48 56 24 55 20 61 14 15 0 26 45 44 31 53 44 50 26 53 55 60 14 48 56 46 15 19 9 51 40 13 47 54 9 56 54 28 24 9 32 33 19 47 20 65 56 54 14 49 27 60 35 45 51 33 41 34 24 63 26 21 43 58 16 51 51 58 57 41 47 38 48 56 52 59 52 32 44 63 22
72 21 41 63 40 43 50 44 19 17 1 20 30 56 41 37 39 55 59 31 42 15 20 49 11 47 44 70 30 56 27 62 56 58 68 31 38 35 38 5 34 36 11 12 13 56 52 56 52 46 67 40 9 10 40 33 33 24 51 37 22 53 19 56 31 58 58 52 54 39 21 31 31 57 49 27 58 14 14 23 50 8 63 30 64 27 57 63 30 52 27 36 32 54 21 41 44 55 18 20 17 46 42 44 33 40 57 30 18 6 29 45 48 21 54 24 13 40 50 9 57 36 30 37 17 9 29 45 48 62 57 18 23 17 14 24 60 38 17 42 35 36 61 39 25 18 18 43 22 60 24 57 46 55 62 26 31 54 20 57 12 52 33 60 50 45 19 22 60 37 49 23 35 34 37 18 45 53 59 40 55 11 55 55 59 50 49 52 29 24 36 40 60 22 33 65 31 40 55 47 41 16 11 56 41 25 53 45 52 45 9 44 5 27 35 33 34 27 25 52 21 40 45 38 35 35 27 17 30 62 51 46 63 49 47 23 52 33 22 66 20 56 52 57 9 25 48 31 56 19 39 59 39 61 16 60 4 26 41 40 40 59 57 45 35 41 38 54 46 54 44 53 60 62 22 19 31 27 33 60 36 26 25 23 22 49 34 28 34 39 47 13 43 49 43 46 21 56 3 61 17 11 28 26 53 16 21 65 22 18 37 64 16 41 34 50 27 26 55 46 19 37 21 49 47 5 26 45 38 49 20 51 44 30 3 26 17 43 42 35 25 13 55 43 55 54 22 20 29 47 58 53 31 19 50 49 14 35 47 40 54 30 29 63 35 64 32 58 23 30 11 44 38 53 17 26 64 13 41 23 21 42 42 59 38 56 20 61 12 7 53 54 49 13 44 13 8 28 22 3 59 35 39 63 29 42 54 42 23 34 49 29 51 33 58 61 48 38 3 18 57 61 12 15 43 32 27 48 45 26 18 53 60 50 60 21 42 26 18 43 35 36 36 61 65 48 42 41 38 40 39 44 35 49 39 50 13 17 23 29 16 39 50 13 14 11 34 23 43 27 39 21 70 14 59 43 41 39 47 36 35 6 21 23 39 48 21 14 54 24 60 22 9 37 43 56 57 9 66 23 56 34 20 26 0 44 28 32 37 19 51 43 49 54 49 39 34 54 52 37 15 28 57 24 33 44 58 23 67 65 31 10 17 23 20 13 40 20 52 64 63 40 36 26 71 37 20 50 10 20 16 43 54 2 41 58 61 34 52 47 52 53 51 28 51 28 64 60 49 57 42 29 57 43
35 53 54 34 20 9 6 33 36 28 45 31 45 26 46 14 7 18 18 31 8 44 35 12 35 27 18 33 39 29 19 19 27 26 32 20 24 28 14 44 23 50 48 44 39 31 17 19 12 7 30 8 37 45 28 19 42 38 14 18 32 15 40 16 34 14 16 16 19 50 25 29 20 14 13 20 24 32 42 35 7 45 23 48 26 24 19 27 16 27 20 19 15 29 35 39 41 14 30 40 32 21 9 2 21 6 31 21 27 40 23 6 12 43 28 21 35 30 25 40 23 35 36 46 32 36 33 8 7 20 24 28 34 46 31 28 18 12 33 23 13 10 30 6 40 44 48 11 23 29 23 28 37 22 28 19 15 11 35 30 34 31 31 28 14 24 31 34 18 16 20 39 15 15 34 36 11 25 25 15 21 35 20 11 31 11 6 20 16 21 51 17 20 41 16 33 38 37 26 26 25 37 38 13 3 37 16 25 25 13 40 35 42 18 30 30 12 33 25 28 33 13 26 15 25 11 26 43 20 31 27 9 25 25 13 34 23 45 27 25 27 14 18 21 36 24 18 15 21 35 13 16 43 31 34 27 45 44 42 9 19 16 14 1 40 27 25 12 10 25 37 28 16 22 30 44 15 37 46 30 11 28 23 25 23 26 20 21 17 20 19 43 28 31 19 33 27 17 44 17 35 43 24 22 9 37 44 26 45 40 23 23 40 47 19 7 35 26 12 13 31 50 41 5 12 40 42 12 16 6 26 28 17 40 44 19 35 18 28 37 30 47 26 27 29 15 32 45 19 7 17 10 14 34 19 18 42 14 26 5 30 37 21 23 19 26 13 26 26 34 41 25 27 14 34 24 22 41 49 37 40 46 19 16 47 23 41 30 33 43 21 23 35 33 24 36 37 22 27 43 16 24 23 32 32 29 22 22 31 25 23 19 9 27 18 17 29 42 45 27 14 17 33 38 29 19 25 6 37 21 41 24 20 9 26 37 3 35 34 41 46 27 10 19 29 21 19 35 7 18 37 6 11 35 52 15 33 30 24 27 38 8 10 34 35 44 50 44 10 35 9 45 34 37 15 20 12 10 9 37 30 42 39 36 39 36 28 34 28 22 19 33 36 19 33 20 13 36 29 27 17 38 32 45 44 0 26 15 27 47 7 31 10 11 23 48 23 11 15 42 33 39 17 28 37 3 16 37 31 30 18 35 44 23 27 35 11 28 29 25 26 52 24 21 34 11 49 7 40 37 33 35 21 42 37 32 17 35 9 9 15 13 22 33 26 37 24 22 21 17 21 25 20 39
60 29 57 35 35 30 32 47 13 16 28 28 46 29 52 13 24 29 44 6 29 21 32 35 23 19 18 58 42 29 11 44 28 49 57 6 37 37 29 25 34 52 27 23 18 51 40 44 37 32 55 19 25 25 41 8 46 37 26 11 8 27 16 41 10 39 34 40 28 54 20 35 28 39 24 23 31 16 20 10 32 25 48 48 51 3 31 52 14 47 9 10 22 49 33 48 51 31 11 16 12 40 19 26 7 24 52 5 13 23 29 23 36 39 26 15 16 13 45 28 31 42 40 51 27 20 8 31 32 45 30 13 34 22 20 5 43 28 12 39 25 16 33 20 40 39 25 19 15 52 10 29 50 29 52 17 19 31 11 29 17 49 8 33 25 17 10 32 44 12 41 14 12 11 43 32 33 46 32 33 44 18 29 35 53 36 28 26 15 17 53 33 34 39 26 56 41 46 28 19 40 31 29 39 24 12 27 42 45 20 29 48 28 15 39 7 21 36 26 48 31 31 43 13 7 16 29 19 27 54 47 22 50 21 35 9 44 47 7 51 10 39 41 45 22 26 22 21 30 32 29 35 50 53 13 33 27 42 50 18 35 37 34 27 46 14 37 37 33 27 49 25 40 48 29 20 12 11 48 52 24 31 8 8 17 44 8 26 28 35 21 34 43 48 17 48 9 42 27 41 30 33 29 24 34 14 19 51 42 35 10 49 34 54 8 29 37 3 37 21 10 52 16 31 22 26 41 20 13 28 20 23 36 43 30 18 13 17 14 43 32 26 47 42 27 29 30 21 25 31 42 35 15 30 41 23 34 13 19 23 50 40 6 48 9 52 16 31 26 38 31 41 39 29 13 5 47 32 54 12 15 53 16 42 52 29 37 53 19 24 27 27 51 22 41 27 24 5 8 28 40 7 37 55 7 15 27 15 7 6 43 24 35 5 33 42 21 49 27 18 34 40 20 31 15 27 28 31 50 22 17 45 34 34 33 12 24 36 12 51 49 38 22 44 53 21 36 46 21 34 45 22 23 51 55 38 22 22 9 1 16 18 26 16 27 34 52 41 31 10 26 41 59 30 39 15 17 17 33 44 9 29 37 11 47 50 26 14 48 13 35 9 23 11 46 44 38 23 54 26 31 44 29 44 28 26 0 23 10 23 32 45 25 34 22 53 7 32 39 48 25 40 43 5 43 24 42 36 56 55 26 22 38 13 11 25 16 25 24 50 51 56 8 21 60 26 25 30 20 13 13 47 28 26 47 53 42 42 34 23 26 29 43 8 46 11 50 47 22 43 37 1 31 49
42 44 42 44 13 12 19 25 29 17 32 17 32 37 34 17 9 31 28 29 11 34 21 17 22 34 26 39 25 39 12 30 37 28 38 19 15 16 8 32 12 37 38 34 29 29 21 25 21 15 36 14 24 35 19 19 29 24 26 21 26 28 33 25 32 27 30 21 30 37 11 16 7 26 25 5 36 22 32 29 20 34 31 35 33 20 32 32 9 25 14 21 1 27 20 28 31 28 21 33 23 18 17 14 21 10 30 18 17 28 10 17 17 29 37 10 25 32 23 26 35 23 23 34 17 24 30 13 17 31 35 18 20 37 18 23 29 7 25 17 3 11 41 11 26 30 39 19 12 31 15 38 28 33 32 8 4 25 28 40 23 27 30 39 25 30 22 19 28 19 20 33 15 15 23 22 14 25 37 11 25 24 32 25 31 19 20 31 9 9 38 11 34 27 3 36 25 26 36 32 18 23 25 25 12 32 29 20 24 22 26 26 29 8 18 29 4 19 11 26 19 10 21 18 26 11 12 35 6 33 25 20 32 32 15 29 23 32 20 34 19 25 22 26 24 10 27 2 33 21 8 31 31 32 25 39 34 30 31 15 13 30 28 16 28 31 16 23 15 35 28 37 30 31 16 36 13 32 33 32 4 14 16 18 10 22 21 7 5 13 28 28 21 26 25 26 19 25 32 31 21 29 10 8 23 28 37 34 31 26 25 32 26 35 20 21 21 21 24 22 23 37 34 18 23 27 28 21 19 20 12 35 14 27 31 7 26 24 32 25 16 37 26 19 38 28 17 38 5 16 27 22 9 20 20 28 28 14 33 11 28 24 18 32 20 33 8 37 12 21 27 19 17 27 25 19 32 26 37 31 33 34 25 28 34 34 26 32 22 32 32 34 29 20 19 22 24 19 19 30 29 25 15 34 29 33 33 27 25 25 21 5 20 26 32 30 35 30 33 14 29 31 21 24 33 6 11 17 28 7 33 24 34 19 38 30 13 21 26 30 33 17 6 30 34 29 14 25 10 12 26 17 5 29 39 19 19 16 16 24 30 13 23 24 21 30 37 30 12 31 8 31 40 22 29 26 18 16 16 25 31 28 25 30 27 29 14 24 26 12 33 27 23 22 24 25 27 23 35 13 30 25 18 31 32 15 23 0 29 39 21 23 22 25 31 36 24 25 21 30 19 25 26 22 25 16 27 23 37 35 4 22 30 13 18 21 17 13 37 33 33 39 25 7 41 6 41 21 30 30 24 25 32 30 27 31 30 23 22 21 27 26 22 29 24 33 32 29 30 26 15 23 32 29
62 35 66 27 41 34 32 53 20 25 37 37 55 22 61 14 28 24 45 7 32 28 41 38 32 11 13 60 50 21 19 44 20 52 59 11 43 44 34 34 40 61 34 30 26 56 43 46 39 34 56 20 34 32 47 11 55 46 23 10 15 24 23 43 10 39 30 43 23 62 28 43 34 39 20 30 24 25 27 17 33 33 49 57 52 12 26 54 20 52 17 9 28 54 42 56 59 28 20 21 21 45 19 28 9 27 56 11 22 32 36 23 39 48 18 23 25 4 50 38 25 50 48 59 35 29 11 33 34 45 23 22 43 28 29 14 43 33 20 45 31 20 25 23 49 48 31 18 24 55 19 21 56 23 55 24 25 29 18 21 27 55 6 26 21 10 19 41 44 12 45 19 15 14 51 41 36 50 26 38 47 27 23 34 57 38 27 20 21 25 62 38 30 48 32 59 50 54 21 11 46 40 38 39 26 17 23 48 50 18 38 55 37 23 46 5 27 44 35 53 40 36 49 13 4 20 37 26 33 57 52 21 52 14 38 16 48 56 16 52 20 40 44 48 31 34 17 27 24 40 34 33 58 57 22 26 36 51 58 19 41 35 32 28 54 5 44 38 36 20 56 17 40 49 38 26 17 15 57 56 28 39 16 17 26 50 8 33 34 41 15 43 49 54 12 54 18 43 35 40 39 42 37 32 35 22 25 52 51 44 5 50 43 62 9 29 46 13 38 18 19 61 22 32 20 35 50 18 12 28 29 15 41 51 39 25 21 13 5 51 40 33 51 48 19 25 39 27 32 33 43 36 21 39 44 17 43 16 11 25 55 49 13 49 10 53 22 24 34 47 40 47 45 26 21 13 47 42 63 17 20 61 11 42 60 22 46 56 28 32 21 20 57 31 47 37 33 12 17 37 40 5 43 58 9 5 21 9 14 5 48 31 36 5 28 42 12 57 36 27 31 38 30 40 6 34 36 33 57 29 24 49 30 35 26 19 26 45 20 58 58 45 27 45 56 14 41 53 24 40 53 22 27 57 63 41 32 31 18 9 23 20 25 25 36 43 60 50 35 14 30 50 61 39 38 10 16 18 36 52 4 38 45 17 55 57 34 23 53 21 31 16 33 9 52 47 37 32 56 34 27 52 38 53 37 27 10 29 0 29 32 51 23 33 15 61 6 31 42 56 35 49 44 14 51 25 42 45 58 57 32 31 47 22 20 34 17 33 16 52 53 64 4 28 61 31 31 29 28 20 22 54 22 35 55 57 41 50 35 22 23 26 47 11 51 14 51 48 15 44 43 9 26 57
80 7 59 55 50 49 53 58 11 23 18 33 48 50 58 35 44 51 64 22 48 6 36 55 24 38 40 78 47 48 29 65 49 67 76 28 50 48 46 15 46 54 9 8 11 67 59 63 57 51 74 40 24 10 52 30 51 41 48 33 16 50 7 61 20 61 56 59 50 57 30 45 41 60 46 36 52 18 8 13 54 12 69 49 71 24 53 71 32 63 28 32 38 65 37 57 60 53 18 8 16 56 41 47 29 44 68 27 23 16 40 45 55 39 45 29 15 31 61 26 52 51 46 55 31 19 19 50 52 66 51 21 39 2 24 20 64 45 15 53 42 37 54 41 43 37 3 41 28 70 25 50 60 50 71 32 36 54 13 49 18 64 24 54 47 38 17 37 65 34 58 11 34 33 52 35 51 63 54 49 63 17 51 57 70 56 50 47 32 30 55 49 57 40 41 75 47 55 49 40 53 33 27 60 45 13 50 56 62 42 27 58 23 32 49 24 39 42 36 63 36 48 57 35 28 36 39 5 40 71 62 45 70 42 54 14 61 50 20 71 21 60 60 64 21 37 44 37 51 35 46 58 56 71 15 54 15 44 57 39 50 60 57 48 52 33 50 58 52 48 59 44 62 68 36 4 32 14 51 70 42 39 25 23 29 60 30 38 43 49 42 31 56 61 39 60 21 62 17 63 33 29 40 36 56 11 4 71 41 36 31 69 34 59 31 51 43 22 59 43 17 55 8 52 45 22 43 43 35 50 30 42 53 47 22 33 13 39 32 50 39 8 64 55 46 51 36 2 38 52 63 56 34 34 59 45 32 34 39 43 65 46 27 69 32 71 35 52 35 45 29 55 51 52 14 24 68 31 59 12 9 59 38 63 56 50 38 70 20 13 48 48 63 24 56 29 22 26 21 21 62 28 50 73 20 33 49 36 17 27 59 37 55 25 55 64 40 55 16 26 56 62 22 32 34 41 39 52 60 35 7 63 57 55 54 11 45 42 14 59 52 49 41 65 73 42 52 56 41 50 54 44 41 63 57 57 25 28 24 23 10 40 49 16 29 30 53 41 50 16 44 40 78 31 61 37 39 39 53 51 25 24 39 13 54 62 33 16 64 27 57 15 23 33 57 63 59 22 73 35 53 50 34 44 19 47 23 39 29 0 53 56 48 56 43 56 28 55 58 54 29 45 63 20 49 45 63 40 75 73 40 22 36 27 22 27 39 32 44 71 71 58 29 34 79 44 3 52 12 11 15 57 49 19 56 69 63 50 56 46 49 51 60 18 62 16 70 66 43 63 52 24 53 58
31 59 58 33 23 12 2 35 42 35 51 37 50 26 49 20 12 17 13 36 11 50 41 11 41 30 21 29 43 30 26 13 28 24 28 26 27 31 18 50 27 54 54 51 45 30 15 17 9 8 25 13 43 52 31 25 47 43 14 23 38 15 47 12 40 8 13 14 18 54 31 33 25 8 15 26 24 39 48 41 3 51 18 53 21 30 17 24 22 27 26 24 20 28 40 42 44 12 36 46 39 22 13 8 26 12 30 27 33 46 28 9 12 48 30 27 42 34 26 46 22 38 41 50 38 42 39 10 6 14 23 35 40 52 37 34 12 16 39 25 19 17 29 13 45 50 54 14 29 27 29 28 39 21 25 25 21 8 41 31 41 31 35 27 14 26 37 39 13 21 20 45 20 21 38 42 13 24 23 19 19 42 19 4 29 9 6 21 23 27 56 20 18 47 21 30 42 40 26 28 28 43 45 8 10 43 16 27 25 15 46 38 48 24 33 35 18 37 31 28 39 17 28 20 30 17 31 49 25 29 28 11 21 27 13 40 22 49 33 20 34 9 16 19 42 30 20 21 20 41 17 12 47 29 40 26 52 49 45 15 22 10 9 6 44 31 29 7 10 26 39 29 10 18 36 50 22 42 50 28 17 33 29 31 29 27 25 27 21 24 21 49 30 32 22 35 33 13 50 11 41 49 29 28 3 43 50 21 51 46 27 18 46 51 25 4 40 32 6 15 37 54 47 3 14 46 47 14 20 5 32 30 19 45 50 25 41 21 32 41 35 54 25 29 30 14 37 52 25 7 12 5 21 40 18 20 48 20 29 11 30 42 27 17 24 22 19 25 32 39 47 27 30 12 40 30 16 47 52 43 45 49 22 10 51 23 46 28 40 50 21 24 37 39 26 42 43 28 33 49 9 29 26 30 37 33 22 25 37 30 24 25 6 33 16 11 31 45 51 33 10 10 39 44 32 24 30 5 39 26 47 23 17 6 25 43 9 39 40 44 50 31 16 13 25 23 22 38 13 21 40 10 16 36 56 13 39 36 30 32 44 14 9 40 41 49 55 50 13 41 14 51 30 43 9 23 16 15 10 40 35 48 44 42 42 38 34 40 27 28 16 39 42 24 35 18 7 42 25 33 15 42 38 50 51 7 32 21 32 53 0 34 11 5 25 52 28 6 13 45 39 43 14 34 41 8 11 43 27 27 23 41 50 29 33 41 16 34 31 21 22 56 29 27 30 16 55 3 46 43 39 37 21 49 40 31 11 39 4 11 15 11 21 39 26 42 20 18 23 13 23 31 18 42
35 60 27 64 12 23 32 2 48 34 44 24 23 57 17 39 26 49 32 51 24 51 24 24 34 56 47 34 17 60 34 37 58 21 33 41 9 9 18 45 11 25 52 50 45 15 22 25 28 26 32 35 35 49 4 41 18 21 44 43 46 46 51 29 54 35 46 24 49 23 27 12 17 35 44 23 55 38 49 49 32 48 32 26 31 42 50 27 32 14 36 44 24 15 22 9 10 44 40 52 42 13 37 30 43 28 17 41 35 42 17 36 23 27 58 31 42 54 13 35 54 9 15 20 26 38 52 25 28 36 55 36 20 54 33 44 35 21 44 9 21 33 60 31 22 30 56 39 31 23 36 58 6 52 27 28 27 41 47 60 39 11 52 59 45 51 41 22 33 41 17 52 38 37 8 25 22 17 55 16 22 39 51 37 20 26 37 51 31 29 26 15 51 25 20 27 16 8 56 54 6 27 33 33 30 52 47 8 15 42 34 5 38 30 8 51 25 16 20 13 23 19 7 40 48 33 18 52 18 23 12 39 30 54 21 49 17 21 41 35 38 31 22 24 37 20 48 25 52 25 20 45 15 22 43 58 46 24 12 36 13 43 42 32 15 53 8 32 24 56 6 58 39 31 22 54 35 53 22 22 24 17 38 39 29 11 43 20 18 12 48 33 4 7 47 4 39 29 44 40 26 34 17 22 34 46 55 33 28 28 48 33 29 19 42 37 17 43 33 43 42 24 53 32 42 38 22 41 41 36 27 57 15 19 40 27 45 46 54 12 19 52 17 5 59 46 21 56 20 27 32 32 31 25 19 48 32 37 55 30 13 16 40 33 42 31 30 57 22 14 33 8 6 45 44 40 36 32 20 51 52 17 46 35 20 54 26 23 36 46 51 54 7 33 9 30 36 41 40 40 38 47 9 24 51 55 53 49 46 47 13 21 30 49 49 38 57 14 45 31 44 42 35 29 55 18 18 29 6 24 51 18 50 29 57 50 31 18 45 11 20 8 26 35 30 50 13 6 30 14 8 36 25 7 25 22 32 29 37 46 48 34 40 41 29 34 25 27 22 52 24 29 34 29 39 47 39 37 25 11 53 38 24 50 11 7 23 41 15 33 49 47 35 44 2 24 37 36 31 22 47 13 24 26 43 31 45 23 51 56 34 0 41 37 52 21 46 39 24 15 28 18 28 43 13 34 33 22 31 29 20 35 31 33 37 31 38 24 58 32 30 25 47 25 35 22 58 36 45 49 42 4 52 42 8 18 38 10 33 40 46 43 17 51 12 54 32 28 51 30 11 45 50 9
41 54 63 24 29 19 11 42 37 33 49 38 53 17 55 13 15 9 23 28 17 45 43 20 40 20 12 39 47 20 22 21 18 34 38 20 33 37 23 47 32 59 50 46 41 40 25 26 18 16 35 10 42 48 38 18 51 46 4 15 32 6 41 22 32 17 10 24 9 59 30 38 29 17 4 27 15 36 43 35 12 47 28 57 31 24 10 34 20 36 23 16 22 38 42 48 50 6 32 40 34 30 7 11 19 14 39 21 31 44 32 5 21 50 20 26 38 24 34 45 13 44 45 55 38 40 31 17 15 23 14 32 42 47 36 28 21 21 35 32 22 14 20 12 48 51 49 7 28 37 26 19 46 12 35 24 21 7 35 21 38 40 27 19 5 17 32 41 23 14 29 38 15 16 44 43 20 33 15 25 29 39 10 12 39 19 5 11 21 26 60 26 12 49 24 40 46 46 16 18 35 44 44 17 12 36 7 34 34 6 45 45 47 23 39 27 19 41 33 37 41 23 36 13 22 15 34 44 28 39 37 3 31 17 22 34 31 54 28 30 30 19 26 28 41 32 10 22 12 42 22 11 52 39 35 18 49 51 51 9 29 13 10 9 49 22 35 17 19 16 46 20 17 27 38 44 18 35 54 38 19 36 25 27 28 35 18 29 25 30 11 49 37 40 12 42 29 23 48 18 42 48 32 29 13 38 44 31 53 47 19 28 47 56 17 7 43 26 16 5 33 58 41 12 4 45 50 5 13 6 31 20 26 49 49 24 36 11 22 46 38 49 34 36 20 6 39 46 27 15 21 15 19 41 27 9 48 15 19 12 39 46 21 27 17 32 18 17 33 43 46 34 36 6 36 25 25 47 58 37 39 55 13 19 56 14 48 38 37 46 11 14 45 38 34 41 42 23 28 48 17 21 33 39 30 23 13 16 31 22 32 26 15 25 10 19 21 51 49 32 9 15 38 44 23 28 33 14 47 27 41 32 12 16 17 37 10 43 35 50 55 37 17 22 35 13 29 45 13 28 46 6 19 44 60 23 38 35 27 26 39 11 2 37 41 50 59 52 20 34 17 52 40 43 15 14 9 10 18 46 27 47 47 35 48 45 35 36 37 26 12 33 41 15 42 27 14 41 35 34 8 47 39 53 49 10 25 22 23 48 11 41 0 11 15 57 20 8 23 51 39 47 24 28 46 8 20 45 37 37 26 40 51 27 30 40 10 34 20 31 32 61 20 27 40 20 50 8 42 37 35 44 12 47 47 40 19 44 14 2 5 4 30 32 35 35 30 28 13 23 30 24 10 48
31 62 62 31 27 16 6 39 45 38 55 41 54 25 53 22 17 16 14 38 15 53 45 14 45 30 22 29 47 28 29 11 26 25 28 29 31 35 22 53 31 58 58 54 48 33 17 18 11 12 26 16 47 55 35 27 51 47 13 25 40 14 49 13 42 7 9 16 16 58 35 37 29 7 14 30 22 42 51 44 6 54 18 57 22 32 15 25 25 30 30 26 25 31 44 45 47 10 39 49 42 25 15 11 28 15 32 29 37 50 33 11 15 52 29 31 45 35 29 50 20 42 45 54 42 46 41 14 10 13 22 38 44 55 41 37 11 20 43 29 23 20 27 16 50 54 57 16 33 28 32 27 42 20 26 29 25 5 44 29 44 34 37 25 14 27 40 43 13 23 23 47 23 24 42 46 16 26 21 22 21 45 18 1 31 12 7 20 26 31 60 24 15 51 25 31 46 44 24 28 32 47 49 7 14 45 15 30 27 16 50 42 52 28 37 37 21 42 35 31 43 21 32 22 32 21 35 52 29 30 31 13 22 26 17 43 25 53 36 19 37 10 18 20 46 34 19 24 19 45 21 8 50 30 43 24 55 53 49 17 26 6 5 10 48 32 32 8 14 25 43 29 7 18 40 53 25 45 54 29 21 38 32 35 33 30 27 31 25 27 21 53 34 35 22 38 36 14 54 8 45 52 33 32 4 46 53 21 55 50 29 18 50 55 27 5 44 35 7 16 40 58 50 7 14 50 51 15 22 6 36 29 23 49 54 29 44 22 33 45 40 57 27 32 29 12 41 54 29 11 12 6 24 44 21 19 52 22 29 15 33 46 30 17 26 23 23 24 36 43 50 30 34 10 43 33 15 51 56 46 48 53 23 9 55 22 50 29 43 53 20 23 40 43 29 45 47 31 36 53 7 31 30 31 39 34 20 26 40 32 27 29 8 34 13 9 31 49 55 37 7 7 43 48 33 28 34 9 43 31 50 25 14 9 23 45 13 44 43 48 54 35 19 12 26 23 25 42 17 25 44 13 21 40 60 16 43 40 34 35 47 17 9 44 44 54 59 54 17 43 18 55 30 47 5 24 18 18 13 44 37 52 49 44 46 41 38 43 30 32 13 42 46 25 39 19 4 46 26 37 13 46 42 55 54 11 34 25 33 56 5 37 11 0 24 56 30 3 15 49 42 47 15 36 45 11 11 47 28 27 27 45 54 33 37 45 18 38 30 21 23 60 30 30 30 20 58 5 50 46 43 41 19 52 44 33 8 43 5 12 14 10 24 41 29 44 20 19 22 14 27 33 16 45
55 49 72 14 41 32 26 54 34 35 49 44 61 8 65 15 26 11 37 22 30 41 49 34 43 7 6 53 56 8 26 34 7 48 51 19 44 47 35 46 43 67 48 44 39 53 39 41 33 30 49 18 44 46 49 17 60 53 12 13 29 12 37 36 24 31 19 38 10 68 35 47 38 30 11 34 10 36 41 31 27 46 41 64 45 22 13 48 25 49 25 13 30 51 49 59 61 16 32 36 33 43 16 24 16 25 53 20 32 44 40 18 35 56 6 30 37 14 48 48 10 54 54 64 44 41 25 30 29 36 9 33 49 43 39 26 35 32 33 45 32 20 12 22 56 57 45 13 32 50 27 8 58 9 49 30 28 19 32 9 38 53 20 12 11 6 31 48 36 14 42 33 18 18 54 49 33 47 12 37 43 39 10 25 53 33 20 6 26 31 68 38 16 55 34 54 55 57 7 5 47 49 48 31 24 31 11 47 47 11 48 56 49 28 49 20 28 49 40 51 47 35 48 14 15 21 42 40 37 52 50 15 45 3 35 30 45 62 27 43 30 33 40 43 42 39 5 30 10 48 33 21 62 53 34 11 48 59 61 17 40 24 22 23 59 11 46 31 32 6 58 6 30 41 44 40 21 29 63 52 29 44 26 27 33 48 15 37 35 41 5 53 49 53 7 54 29 37 48 30 47 52 41 37 27 36 39 45 59 53 13 42 52 66 16 21 51 24 30 11 31 67 36 25 12 46 57 12 13 21 36 5 39 57 50 30 34 8 12 55 46 47 48 48 7 13 46 41 35 29 35 29 25 47 41 6 52 18 6 23 52 54 21 41 15 46 25 9 40 52 50 46 47 15 34 24 38 51 68 32 35 65 8 33 65 8 54 51 39 45 7 6 57 41 46 46 44 22 28 49 30 16 44 54 24 12 7 8 28 17 46 35 30 19 15 32 7 61 49 35 20 27 40 49 11 37 41 28 58 34 38 46 17 29 12 33 22 51 33 61 64 47 27 36 49 3 41 56 23 39 56 17 28 57 69 37 41 40 28 22 37 19 16 37 45 53 67 58 33 28 29 59 54 48 28 7 14 16 32 56 18 49 53 31 58 58 41 35 50 29 17 30 43 13 54 42 28 43 49 41 14 56 45 60 49 23 22 31 15 43 25 52 15 24 0 67 16 21 37 60 43 55 38 26 55 20 34 52 51 51 35 42 56 30 31 44 15 40 7 44 46 70 15 34 54 30 45 22 41 33 34 56 8 47 57 54 32 54 28 15 11 15 44 26 49 28 43 42 2 37 42 21 13 59
55 59 7 80 30 40 51 21 51 38 40 26 10 72 5 52 42 66 52 58 42 52 22 43 34 68 61 53 12 74 43 57 73 42 53 51 26 21 35 43 25 5 50 50 47 35 43 45 48 44 52 49 34 48 22 52 7 17 61 55 51 63 54 49 61 55 64 44 66 2 34 20 29 54 60 33 71 41 50 54 50 46 53 10 51 50 67 48 43 34 45 55 37 35 21 13 13 62 45 55 46 33 52 47 54 44 37 51 41 40 27 52 42 19 72 39 44 65 33 32 70 14 14 3 27 39 58 43 47 56 71 41 19 54 35 50 55 37 48 28 36 47 76 46 15 21 56 54 38 43 43 73 19 68 47 38 39 59 52 75 41 30 60 75 61 64 46 21 53 54 37 56 50 49 15 23 40 37 72 34 42 41 67 56 40 46 54 66 42 37 6 33 68 18 34 47 12 14 71 67 25 25 29 53 46 57 64 28 35 57 31 18 35 40 19 59 39 18 27 33 22 36 27 53 58 46 25 54 30 43 32 55 50 68 40 54 37 6 47 55 44 51 42 44 37 28 63 37 68 23 36 63 7 42 46 74 43 14 9 51 31 61 61 49 8 64 24 51 43 71 16 72 59 52 24 56 47 58 7 41 39 23 46 46 36 31 54 30 32 29 63 27 24 27 60 23 45 49 41 60 25 29 26 31 53 49 57 53 17 22 59 54 24 4 53 54 16 50 52 58 47 4 56 50 58 36 13 56 54 54 33 70 35 11 36 37 48 60 65 12 22 51 38 25 73 63 23 57 32 46 52 51 43 24 39 63 26 49 67 46 32 13 49 54 54 51 43 73 28 15 29 28 23 62 47 49 57 27 3 56 55 6 60 55 2 70 20 42 38 45 67 69 23 34 29 29 36 50 46 37 57 57 26 44 58 66 68 62 52 57 33 33 49 58 66 58 70 8 42 36 62 61 36 26 66 30 26 47 18 33 53 38 68 48 73 53 47 17 49 12 4 22 41 55 50 64 31 16 45 31 13 52 39 24 4 42 33 32 44 54 50 49 57 43 29 28 7 17 40 58 40 18 54 27 58 60 54 51 43 12 62 34 19 55 11 22 28 44 35 41 67 52 35 56 20 45 56 36 51 27 65 11 25 14 39 48 53 36 61 56 52 21 57 56 67 0 56 58 44 7 29 13 49 50 12 50 53 18 51 49 32 36 22 40 43 31 52 29 72 52 50 5 58 34 55 38 58 54 46 52 45 18 68 39 14 37 58 14 51 56 62 60 37 57 33 59 52 49 65 50 30 53 67 13
58 35 61 29 36 29 29 48 19 21 34 32 50 23 56 9 23 23 41 8 27 27 37 34 29 14 12 56 45 23 14 40 22 48 55 6 38 39 30 31 35 56 32 28 24 51 39 42 34 30 52 16 30 31 42 5 50 41 21 6 13 22 22 39 12 36 29 38 22 57 24 38 29 35 18 25 24 22 25 16 29 31 45 53 48 8 25 50 15 47 12 5 23 49 37 51 54 26 17 21 18 40 15 24 3 22 51 6 18 29 31 20 34 44 20 18 22 9 45 34 25 45 43 54 31 26 11 29 30 42 23 19 38 28 25 11 40 28 18 40 26 15 27 19 44 44 30 15 19 51 14 23 51 23 50 19 20 27 17 23 23 50 8 27 19 11 16 36 41 8 40 19 10 10 46 37 32 45 27 33 43 24 23 31 52 34 24 20 16 20 57 34 29 43 27 55 45 49 22 13 41 36 34 35 22 17 22 42 45 15 34 50 34 18 41 7 21 39 30 48 35 31 44 9 2 15 32 25 28 53 47 18 48 15 34 15 43 51 13 48 16 37 40 44 28 29 16 22 24 36 29 31 53 52 19 27 33 47 53 14 35 33 30 24 49 8 39 34 31 21 51 19 37 45 33 25 12 15 52 51 24 34 12 13 21 45 4 28 29 36 15 39 44 49 11 49 14 39 33 37 34 38 32 26 31 21 25 49 46 40 4 46 39 57 5 25 41 9 34 16 16 56 21 28 17 32 45 15 8 25 24 17 36 46 35 20 19 11 9 46 35 32 47 43 21 23 34 26 26 29 39 32 16 35 40 17 39 11 13 21 50 44 8 45 5 49 17 25 29 42 36 42 40 24 19 9 44 38 58 17 20 56 10 38 55 22 42 52 25 30 21 21 52 27 41 32 29 8 13 34 37 1 38 54 10 10 22 9 12 2 43 25 32 5 27 39 15 52 33 22 29 35 26 36 10 29 31 29 51 24 23 45 29 31 27 18 22 40 18 53 53 40 22 41 51 14 37 48 19 34 48 18 23 52 58 37 28 27 14 6 21 16 22 22 32 39 56 46 30 14 25 46 57 34 35 10 13 14 32 47 8 34 41 16 50 52 29 20 48 16 29 15 29 5 47 43 34 28 52 30 25 47 33 48 34 23 7 24 6 28 28 46 20 30 16 56 0 28 37 51 30 44 40 11 46 21 39 40 54 53 27 27 43 17 16 30 13 29 18 48 49 59 2 23 57 26 31 26 26 19 19 49 22 32 50 52 38 45 31 19 21 24 42 12 46 15 47 44 15 40 37 6 25 51
34 61 64 28 28 18 8 41 44 38 54 41 55 22 55 20 17 13 17 36 17 52 46 16 45 27 19 32 48 25 28 13 23 28 31 27 33 37 23 53 33 60 56 53 47 35 20 21 13 14 29 15 47 54 37 25 52 48 10 23 39 11 48 16 39 10 7 19 13 59 35 39 30 10 12 30 19 41 50 42 8 53 21 58 25 31 12 28 25 32 29 24 25 34 45 47 49 7 38 48 41 28 14 12 26 16 35 28 36 49 33 10 18 53 26 31 44 32 31 49 17 44 46 56 42 45 39 15 12 15 19 37 44 54 41 35 14 22 41 31 24 19 24 16 50 55 56 14 33 31 32 24 44 17 29 29 25 2 42 26 43 36 35 22 11 24 39 44 16 21 25 45 22 22 44 46 18 29 18 24 24 44 15 4 34 14 6 17 26 31 61 25 12 51 26 34 47 45 21 25 34 47 49 10 14 44 12 32 30 14 50 44 52 28 39 34 22 43 35 34 44 22 34 20 29 20 36 51 30 33 33 10 25 24 19 41 27 55 35 22 36 13 21 23 46 34 17 25 16 45 22 6 52 33 42 21 55 54 50 16 28 6 4 10 50 29 34 11 16 22 45 26 9 21 41 51 24 43 56 32 21 38 31 33 33 32 25 32 26 29 18 53 36 38 20 40 35 17 53 10 45 53 34 32 7 45 51 24 56 51 27 21 50 56 25 4 45 33 10 13 39 59 48 8 12 50 52 13 20 5 36 26 25 50 54 28 43 19 30 46 40 56 30 34 26 9 42 53 29 13 15 9 24 44 23 16 52 21 26 15 35 47 28 20 24 26 23 21 36 44 51 32 35 7 42 31 18 51 58 44 47 55 20 12 56 19 51 32 43 52 17 20 43 43 32 46 47 30 35 53 9 29 32 34 38 31 17 24 38 30 29 29 11 32 10 12 28 51 54 37 5 8 43 48 31 29 35 11 45 31 48 28 11 11 20 44 13 45 42 49 56 37 20 15 29 20 27 44 16 27 45 11 21 42 61 19 43 40 33 33 46 16 7 43 45 54 60 55 18 41 19 55 33 47 8 21 16 16 15 46 34 52 49 43 48 43 38 42 33 31 10 40 46 23 41 22 7 46 29 37 10 47 42 56 54 11 32 25 31 55 6 39 8 3 21 58 28 0 18 51 43 48 18 35 47 11 14 48 31 30 28 45 54 32 36 45 17 38 27 24 26 62 28 31 33 21 57 5 49 44 42 43 16 52 46 36 11 44 8 10 11 7 26 39 32 43 23 22 19 17 29 32 13 47
22 64 50 45 16 10 12 25 48 37 52 35 44 38 41 28 15 30 8 44 11 54 38 4 42 42 33 20 37 42 30 13 40 11 18 34 20 25 14 52 21 47 58 55 49 18 3 5 5 8 16 22 43 55 23 33 40 39 26 32 44 27 52 6 48 12 24 1 30 46 31 28 22 11 27 25 36 42 52 48 11 54 11 47 13 37 29 13 27 15 32 33 21 16 37 33 34 24 41 52 43 12 23 14 35 16 17 34 37 49 25 20 4 45 42 30 45 44 14 45 34 31 35 43 36 44 47 9 9 13 36 38 36 57 39 40 11 14 44 16 18 23 41 19 41 47 59 25 32 15 34 40 29 33 13 28 23 20 47 43 44 19 44 39 27 38 42 36 10 30 8 51 28 29 30 39 8 12 36 13 6 44 32 14 17 4 18 33 27 29 48 14 30 43 19 18 36 31 38 40 19 41 44 10 16 50 28 17 13 27 45 28 48 27 26 43 20 32 29 16 36 12 18 29 39 24 28 54 23 17 16 23 12 38 6 47 10 42 39 14 38 8 4 7 44 28 32 22 33 38 14 23 38 16 44 38 54 44 36 24 15 20 20 15 37 41 21 8 7 38 30 42 15 10 33 56 28 50 43 15 18 30 35 37 31 15 34 25 19 17 32 47 21 21 33 24 38 5 52 16 39 47 26 26 12 48 56 14 47 43 37 12 43 42 33 17 35 39 10 27 42 46 53 12 25 47 42 26 30 17 32 42 11 39 51 27 46 32 42 33 32 58 12 19 42 26 34 57 23 9 9 9 25 37 6 32 46 27 41 17 18 36 34 12 33 13 24 38 30 33 45 17 22 25 45 36 13 45 44 50 52 40 33 12 43 35 43 16 42 52 33 36 26 40 16 41 44 35 38 50 14 38 19 18 45 43 34 36 43 39 13 24 8 41 28 14 43 37 53 35 22 18 41 42 43 21 27 10 29 26 52 10 29 8 37 49 16 34 45 34 43 24 18 12 15 34 14 29 19 14 32 21 18 25 48 2 39 36 35 40 49 22 22 44 40 48 48 46 9 48 15 47 20 41 15 34 26 25 6 33 45 48 41 48 34 27 32 44 15 32 28 45 43 33 26 6 14 43 15 31 27 34 35 46 52 15 39 21 42 58 13 24 23 15 37 44 37 18 0 37 38 38 6 40 34 18 9 39 17 16 21 43 47 32 37 40 25 32 43 13 13 48 38 27 21 15 61 16 50 49 44 28 33 50 31 18 14 31 10 22 27 23 9 46 15 50 12 8 35 6 15 39 30 32
49 57 13 73 23 34 44 15 48 34 38 22 10 66 5 46 36 59 45 54 35 49 19 37 31 62 55 48 8 68 38 50 67 36 47 46 19 15 28 41 19 10 48 47 44 29 36 38 41 38 45 43 31 45 15 47 5 14 54 49 47 56 50 43 56 48 57 37 59 9 29 14 23 48 54 27 65 38 47 50 44 43 46 13 45 45 60 42 37 27 39 50 30 29 18 7 8 55 41 52 42 26 46 40 48 37 31 45 36 38 21 46 35 18 66 34 40 60 27 29 63 8 9 6 24 36 54 36 40 50 64 37 15 52 32 46 48 30 44 22 29 40 70 40 13 21 53 48 33 37 38 67 13 62 40 33 33 52 48 69 37 25 55 68 54 58 42 17 46 48 30 53 44 44 8 20 34 31 66 27 36 38 61 49 34 39 48 60 36 32 12 26 62 16 27 41 7 7 65 61 19 22 27 46 39 53 57 22 29 51 28 12 33 34 13 54 33 13 22 27 18 29 21 47 53 40 19 51 24 37 25 49 44 62 34 50 31 7 43 49 39 45 36 38 34 22 57 31 62 20 30 57 2 36 43 68 41 13 5 45 24 55 54 43 2 59 17 44 36 64 11 66 52 45 20 53 41 54 8 36 32 18 41 41 31 25 49 24 26 22 57 26 18 21 54 17 41 42 39 53 22 27 20 25 46 46 54 47 18 20 53 47 22 6 48 48 12 45 46 51 43 10 53 43 51 33 12 50 48 47 28 65 28 8 34 32 45 54 60 5 17 49 32 19 67 56 19 54 26 39 46 44 37 21 33 57 24 43 62 39 27 8 44 47 48 45 37 66 23 10 27 21 16 55 44 44 50 25 8 52 52 6 54 49 6 63 18 37 34 42 61 63 17 30 22 26 33 45 42 35 51 52 20 38 53 60 62 56 47 52 27 27 42 53 60 51 64 2 40 31 55 54 32 23 61 24 21 40 12 27 50 32 61 41 67 50 41 13 45 7 7 15 34 49 43 58 25 9 39 25 7 46 33 18 11 36 29 28 39 49 46 42 51 40 26 27 12 17 33 53 34 18 48 24 51 55 48 45 37 5 57 32 16 51 4 16 23 41 29 36 60 48 32 50 13 38 50 33 44 22 58 5 21 15 37 42 48 30 56 54 45 15 51 49 60 7 51 51 37 0 25 10 42 45 6 44 46 15 45 43 26 33 22 35 38 28 46 24 66 46 44 11 52 28 49 32 55 47 43 49 42 12 61 37 8 31 51 8 45 49 56 54 31 53 27 55 46 42 59 43 23 48 61 8
57 33 33 57 25 29 38 30 23 10 16 5 21 50 30 29 27 46 45 31 29 24 8 35 6 43 38 55 19 51 18 48 50 43 54 25 23 20 24 17 20 27 24 23 19 41 38 41 39 33 52 29 7 22 25 27 23 13 41 31 23 44 25 42 32 45 47 38 45 30 9 17 16 44 40 14 50 13 22 25 38 20 49 23 49 23 48 48 20 37 19 30 19 39 9 28 31 44 17 27 17 31 32 31 28 27 42 25 13 14 14 34 34 14 49 14 15 38 35 8 49 22 18 27 3 11 30 31 35 49 49 13 10 27 7 22 47 24 19 27 21 25 54 28 15 14 29 33 12 45 17 51 32 48 48 15 19 43 23 52 12 37 32 53 41 40 18 8 46 30 35 28 26 26 24 7 31 38 52 26 40 13 47 43 44 37 38 45 19 13 29 26 50 14 19 50 18 26 49 43 26 6 7 43 30 28 44 30 37 36 8 30 11 16 21 32 21 14 10 37 7 26 30 30 32 25 12 26 16 47 36 36 48 44 32 25 37 23 19 52 16 42 38 42 9 11 41 18 48 7 25 48 27 46 18 53 18 17 29 30 26 48 46 34 23 38 23 41 33 48 30 48 48 48 7 28 23 30 24 45 23 11 19 18 11 34 29 13 20 24 40 11 28 34 37 32 17 43 16 49 5 10 13 12 41 21 29 51 17 10 33 50 9 31 28 39 15 23 42 37 19 28 28 37 37 10 17 36 31 38 8 46 29 19 14 15 20 36 39 22 10 25 40 28 49 44 8 29 15 34 45 40 20 6 36 42 10 26 42 29 39 17 23 49 29 50 21 51 9 17 8 29 23 44 19 22 50 9 31 27 27 31 36 46 28 48 12 46 9 18 46 47 34 5 29 3 9 23 19 13 47 31 24 48 30 39 47 37 23 30 34 15 38 30 48 48 44 27 18 8 46 49 7 6 40 17 12 35 32 13 25 39 50 37 52 25 31 14 20 30 25 21 23 48 50 41 27 27 27 25 25 33 23 35 30 36 4 4 17 26 21 28 39 15 2 12 27 16 30 29 26 16 56 5 47 37 32 30 33 23 34 11 12 26 26 34 6 16 39 15 50 24 7 31 29 42 45 8 51 8 46 22 6 19 15 33 25 19 35 29 39 28 39 42 43 29 30 43 38 25 0 17 43 22 21 33 45 12 52 50 17 8 14 14 15 3 31 6 48 50 49 31 32 12 57 24 31 39 18 24 17 29 47 14 27 43 48 21 40 37 43 42 37 29 36 31 49 45 42 44 27 26 48 29
52 48 18 68 23 32 42 19 39 25 29 13 7 61 13 40 32 55 46 46 32 40 9 36 21 56 49 51 3 63 31 50 61 38 50 39 18 13 26 31 17 13 39 38 34 33 37 40 40 36 48 38 22 36 17 40 7 5 50 43 39 52 42 43 48 48 54 38 55 14 21 11 19 47 49 21 60 29 38 41 42 34 48 10 47 38 56 44 31 31 32 43 25 32 9 14 17 52 33 43 33 28 41 37 42 34 35 38 28 29 16 42 35 10 61 27 32 52 29 20 59 10 4 11 15 26 46 34 38 50 60 29 7 43 23 38 48 27 35 23 26 35 65 36 4 13 44 43 26 40 31 62 20 58 43 26 27 49 39 63 29 29 48 64 50 52 33 9 47 42 32 44 38 37 11 11 32 33 61 26 38 29 56 47 38 38 44 55 30 25 14 25 58 8 23 45 3 13 60 55 20 13 18 45 36 44 53 24 31 46 19 18 24 28 13 47 29 6 15 30 10 27 23 42 46 34 13 42 19 41 29 44 46 56 33 41 33 8 35 51 31 44 36 40 25 16 51 26 58 10 27 54 12 40 34 63 32 7 13 40 24 53 52 39 8 52 18 43 34 59 17 60 51 47 12 44 35 46 8 39 28 11 33 33 24 27 42 18 22 22 51 17 20 25 49 22 32 43 30 52 12 18 15 19 44 37 44 49 10 11 47 49 13 15 41 45 4 38 45 47 34 13 44 41 47 24 5 45 42 44 21 59 28 3 25 25 36 48 53 8 10 39 34 21 61 53 10 45 20 37 46 43 31 12 34 52 15 37 55 35 31 3 37 48 42 47 31 62 15 5 18 23 17 52 35 36 51 16 15 43 43 15 48 48 12 59 9 40 26 33 56 58 23 22 24 17 24 37 34 26 50 45 19 42 45 53 57 50 39 44 29 21 41 45 56 50 58 11 31 23 52 53 24 14 54 20 15 38 19 21 41 34 58 40 63 41 37 5 36 15 9 15 30 49 46 53 25 15 34 24 12 42 29 24 15 36 21 19 31 41 38 38 47 31 16 18 13 9 32 45 30 11 51 15 50 49 42 40 35 9 49 23 7 42 11 23 15 32 32 28 57 40 23 44 18 40 48 24 47 15 54 7 12 9 28 39 40 25 49 45 43 18 47 47 55 13 44 48 38 10 17 0 43 37 6 40 46 6 48 46 22 23 13 28 30 18 41 16 60 48 46 16 45 22 52 28 46 44 34 40 33 17 57 27 14 35 51 9 43 45 52 50 33 44 30 47 48 44 54 44 23 41 57 15
18 69 55 45 20 14 13 29 52 42 57 40 49 39 45 31 20 30 4 48 15 59 43 9 47 43 34 16 42 43 34 9 41 12 15 37 25 30 19 57 27 52 62 59 53 20 7 5 6 12 13 25 48 60 27 36 44 44 27 35 48 28 56 2 51 9 23 5 31 50 36 32 27 9 28 30 36 47 57 51 12 58 6 52 9 40 29 11 31 18 36 36 26 18 42 37 38 24 45 56 47 16 26 17 38 20 19 38 41 53 30 22 9 50 43 35 50 46 17 50 34 35 40 47 41 49 50 13 11 8 36 43 41 61 43 44 7 19 49 21 23 27 41 23 45 52 64 27 37 14 38 41 32 34 11 32 28 20 51 44 48 22 48 39 28 40 46 41 5 33 12 55 32 32 34 44 13 14 35 18 8 49 32 14 17 8 19 33 31 34 53 19 29 48 24 16 41 35 39 41 24 46 49 8 19 54 29 21 15 28 50 32 53 32 31 47 24 38 34 19 41 17 22 32 42 28 33 59 28 16 19 24 8 40 11 51 13 47 43 9 42 6 7 6 49 33 33 27 33 43 19 22 43 16 49 38 59 49 40 26 19 18 19 17 41 44 26 7 11 39 34 43 13 5 38 60 32 53 48 15 22 35 39 41 35 19 37 30 24 21 34 52 25 24 35 28 42 1 57 13 44 52 31 32 11 52 60 9 52 48 40 7 48 46 36 18 39 42 9 28 47 51 57 13 27 52 47 27 33 18 37 43 15 44 56 32 50 34 45 38 37 62 14 24 42 27 39 61 28 12 5 10 29 42 10 33 51 31 42 20 20 41 38 7 36 9 28 38 35 38 50 21 27 25 49 40 9 50 48 54 56 45 35 8 47 36 48 15 47 57 34 37 29 45 20 46 49 39 42 55 11 41 24 17 49 46 35 38 47 42 16 29 9 44 27 10 44 41 58 39 21 16 46 47 45 26 32 12 33 31 56 13 28 9 37 53 19 40 49 39 48 29 23 7 12 36 19 33 23 20 36 23 23 29 52 8 44 41 39 44 54 25 23 49 45 53 52 51 14 52 19 52 17 46 13 36 29 27 10 37 47 53 46 52 38 30 37 48 17 36 27 49 48 36 30 5 12 48 12 36 27 39 41 51 57 17 43 26 44 63 14 28 24 15 38 49 40 18 6 42 43 43 0 44 39 20 5 44 14 14 26 47 52 37 42 45 28 37 44 8 9 53 41 32 17 20 65 17 54 53 48 32 34 55 36 19 11 36 11 24 27 24 12 50 18 54 8 5 36 2 20 42 30 36
61 26 54 39 34 31 33 45 9 12 24 24 42 33 49 15 25 33 45 9 29 17 29 36 19 24 22 59 38 33 10 45 33 49 58 9 35 34 29 21 32 48 23 19 13 50 41 44 38 32 55 21 20 21 39 11 43 34 29 15 5 31 14 42 12 41 37 40 32 50 17 33 26 40 27 21 35 11 16 8 34 21 49 44 52 5 35 52 14 46 9 13 21 49 29 46 49 34 6 13 8 39 22 27 10 25 51 8 9 19 26 26 36 35 30 13 12 18 44 24 35 40 37 47 23 16 10 31 33 47 34 9 31 19 15 1 45 27 7 38 24 18 37 22 36 35 22 22 13 52 8 33 48 33 52 15 18 34 8 33 13 48 11 37 28 21 6 29 45 15 41 12 14 13 41 28 33 46 37 32 45 14 33 37 52 37 30 30 14 15 50 32 38 35 25 57 38 44 32 24 38 27 25 40 25 11 31 41 45 23 25 45 24 14 37 10 21 33 24 47 28 30 41 16 12 17 27 16 25 54 46 25 51 25 35 8 44 44 3 52 6 41 42 46 18 24 25 20 33 28 28 38 47 53 9 37 23 39 47 20 34 40 37 28 43 18 36 39 33 31 47 29 43 49 26 17 13 11 44 52 23 28 6 4 15 44 11 24 26 33 25 29 41 46 21 46 5 43 22 44 26 28 27 21 36 11 17 52 38 31 14 50 30 50 12 31 34 2 39 24 6 49 14 33 25 22 38 23 16 31 17 27 35 39 25 16 9 20 19 40 28 22 47 40 31 32 27 19 23 32 44 37 15 26 41 26 29 14 23 24 49 37 7 49 13 52 16 35 23 35 27 40 37 33 8 4 49 28 51 10 13 50 20 43 48 33 33 53 15 20 31 31 49 18 40 23 19 6 4 24 42 11 35 55 9 19 32 19 4 10 42 22 36 10 36 44 25 46 23 14 37 42 16 27 20 26 26 32 47 20 14 45 38 35 37 10 25 33 8 48 46 36 22 46 54 25 35 44 22 33 43 24 22 49 51 39 18 18 6 5 12 20 29 11 23 30 48 37 32 10 26 37 60 25 41 20 19 19 34 41 13 24 33 9 44 49 22 10 48 11 38 6 19 14 44 45 40 18 55 23 34 41 26 40 24 28 5 22 14 20 34 43 28 36 26 50 11 35 40 45 22 37 44 0 40 26 43 33 56 55 24 18 34 10 7 21 19 21 29 51 52 52 12 19 60 26 22 32 16 10 9 44 32 22 45 52 44 39 36 26 30 32 43 8 45 12 51 47 26 44 36 6 35 47
48 52 18 68 19 30 40 14 43 29 34 16 11 61 10 41 31 54 42 48 31 44 14 33 26 57 50 46 4 63 32 47 61 34 45 40 15 10 24 36 14 13 44 42 39 28 33 36 37 34 44 38 26 41 12 41 6 10 49 44 42 52 46 39 51 45 53 34 54 13 23 9 18 44 49 22 60 32 42 45 39 39 44 13 43 40 55 40 32 26 34 44 25 27 13 9 11 51 36 47 37 24 41 36 43 33 30 40 31 33 15 41 32 15 61 28 36 54 25 25 59 5 4 10 19 31 49 32 36 46 59 32 11 47 26 41 45 26 39 19 25 35 65 35 10 18 49 43 28 35 33 62 14 57 39 27 28 48 43 64 33 24 50 63 49 53 37 13 43 42 28 48 39 38 6 15 30 29 61 23 34 33 56 45 33 35 43 55 31 26 15 22 57 13 22 40 3 8 60 56 16 18 23 43 35 48 52 20 27 46 24 12 29 29 9 49 28 8 17 25 14 25 19 42 48 35 14 46 19 36 24 44 42 56 30 45 29 9 37 47 34 41 33 36 29 17 51 26 57 15 25 52 8 35 38 63 37 12 9 39 20 51 50 38 4 53 14 41 32 59 12 60 48 43 15 48 35 49 10 34 27 12 35 36 26 23 43 19 21 19 52 22 16 20 49 16 35 39 35 49 17 24 15 20 42 41 49 44 16 16 48 45 18 12 43 43 7 40 42 46 38 13 48 39 46 29 10 45 43 42 23 59 24 6 30 26 40 48 54 2 12 44 30 17 62 52 13 49 20 35 42 40 32 16 30 52 21 38 56 35 26 4 39 45 43 43 31 61 17 5 23 18 13 50 39 38 47 21 13 47 46 11 49 45 10 58 15 35 30 38 56 58 18 26 19 21 28 39 36 31 47 47 16 37 48 55 57 50 42 46 25 21 38 47 55 47 58 7 36 26 51 50 28 19 56 19 15 36 13 22 45 30 57 37 62 45 36 8 40 10 9 11 29 45 42 53 21 9 34 21 6 41 28 19 15 32 25 23 34 44 42 37 46 35 21 24 14 15 29 48 29 16 46 19 48 49 42 40 33 3 51 28 13 46 6 17 18 35 27 30 56 43 27 45 13 36 46 28 43 17 53 1 16 13 33 37 43 25 51 49 41 13 46 45 55 12 46 47 34 6 21 6 39 40 0 39 43 11 43 41 21 28 19 30 33 23 41 19 61 43 42 15 47 23 47 27 51 43 38 44 37 11 56 32 8 30 48 3 41 44 51 49 28 47 25 50 44 40 54 40 20 43 56 10
38 52 56 31 22 12 8 35 35 28 44 32 47 23 48 12 8 16 21 28 10 42 36 15 35 24 15 36 40 26 18 20 25 29 35 18 26 29 16 43 25 52 47 43 37 34 20 22 14 10 32 5 37 44 30 17 44 39 11 15 30 13 39 18 32 16 15 19 16 52 25 30 22 15 11 20 22 32 40 33 9 44 25 50 28 22 17 30 15 30 19 17 15 32 36 41 43 13 29 39 31 24 6 5 18 7 34 19 26 39 25 3 15 44 25 21 34 27 28 40 20 37 38 48 32 35 31 11 10 22 21 27 35 44 31 26 20 14 32 26 15 9 27 5 42 45 47 8 23 32 22 25 39 19 31 18 15 11 33 27 33 33 28 25 11 21 29 35 20 14 23 37 13 13 37 37 14 28 22 18 24 34 18 12 34 14 5 17 16 20 53 19 19 42 17 35 39 39 23 23 28 37 39 15 5 35 14 28 28 10 40 38 42 18 32 27 12 34 26 31 34 16 29 12 22 10 27 41 21 34 30 6 28 22 16 33 26 47 26 28 26 16 21 24 36 25 15 15 19 36 15 16 45 34 32 25 45 45 44 7 22 16 13 4 42 24 28 14 13 22 39 25 17 25 31 42 14 34 47 33 12 30 22 24 22 29 18 22 18 23 16 43 31 34 16 35 26 19 43 18 35 43 26 23 11 35 42 28 46 41 20 26 41 49 17 7 36 24 14 10 30 51 39 8 9 40 43 9 13 6 26 25 20 42 44 19 33 15 25 39 31 46 29 29 26 13 32 44 20 10 19 12 14 35 22 15 42 12 23 5 33 39 19 25 16 29 13 24 27 36 41 27 29 12 33 22 24 41 51 35 38 48 16 18 49 21 42 33 33 42 18 21 38 33 27 36 37 20 25 43 17 22 25 35 30 26 19 19 29 22 26 20 12 25 17 19 26 44 44 27 14 17 33 38 26 21 26 9 40 21 39 27 18 11 24 35 3 36 32 43 48 29 10 21 32 18 22 38 7 21 39 3 12 38 53 18 32 30 23 25 37 6 8 33 35 44 52 45 13 33 10 46 37 37 16 17 9 8 12 39 28 42 40 34 41 39 28 32 31 21 18 31 36 16 35 23 14 36 32 28 15 40 33 47 44 3 24 16 25 45 8 34 8 11 20 50 21 11 18 44 33 40 20 26 39 0 18 39 34 33 19 35 45 22 26 35 9 28 26 28 29 54 21 21 37 13 48 7 39 35 32 37 19 42 40 35 19 37 11 6 13 11 25 31 29 34 27 24 18 20 23 23 18 41
21 69 59 41 24 16 10 34 52 43 58 42 52 34 49 30 20 25 3 46 16 59 46 10 48 40 32 19 45 39 34 5 37 17 18 36 28 33 22 58 30 56 63 59 53 25 11 10 7 12 16 23 50 60 31 35 48 47 23 33 47 24 56 4 50 5 19 9 27 55 37 36 30 4 24 32 32 47 57 51 10 59 8 55 12 39 25 15 31 22 35 34 27 23 45 41 43 19 45 56 47 20 24 16 36 19 24 37 42 54 33 19 12 52 39 35 50 44 22 52 30 39 43 51 43 50 49 14 11 5 32 43 43 61 45 44 2 21 49 25 24 26 37 22 49 55 64 25 37 19 38 36 37 29 16 33 28 16 50 40 49 27 46 35 24 37 46 44 3 31 17 54 30 31 38 47 15 19 31 21 13 50 27 10 22 9 16 30 31 35 57 22 24 51 26 21 44 39 35 38 28 48 51 4 18 53 25 25 20 26 52 37 55 32 34 45 25 41 36 24 44 20 26 30 40 27 36 58 30 21 24 22 11 36 14 50 18 51 43 10 42 3 11 11 50 35 29 27 29 46 21 17 47 21 49 34 60 52 44 25 23 13 15 15 45 41 29 5 13 35 38 39 8 8 41 60 31 52 52 20 23 38 38 40 36 24 35 32 26 25 31 54 29 29 32 32 42 5 58 8 46 54 34 33 8 52 59 11 55 51 38 8 51 51 35 14 43 42 5 25 46 55 56 11 24 53 50 25 31 15 38 39 19 47 57 32 50 31 42 42 40 62 19 28 39 23 42 61 30 12 1 7 29 45 14 29 53 29 39 20 25 44 37 7 34 13 28 34 37 41 52 26 31 21 49 39 6 52 52 53 55 49 32 3 51 31 51 20 48 58 30 33 34 46 25 48 50 38 42 56 6 39 27 21 47 43 31 35 47 40 21 30 8 43 23 5 41 45 59 40 17 11 47 49 43 29 35 11 38 33 56 17 23 9 33 52 18 43 49 43 51 32 23 4 15 33 22 38 22 23 40 21 23 33 56 11 46 42 39 42 54 24 19 49 47 55 56 54 16 51 20 55 20 48 8 33 27 25 12 41 45 55 48 51 42 35 39 49 22 36 22 49 49 34 34 10 8 50 16 38 23 43 43 54 58 16 42 27 42 63 11 33 20 11 34 53 39 14 9 46 45 46 5 43 43 18 0 47 18 18 28 49 55 37 42 47 26 39 40 11 12 57 39 33 20 21 65 13 55 52 48 36 30 56 40 24 6 40 8 21 24 20 17 49 23 52 10 9 32 4 23 41 26 41
55 42 22 66 24 32 41 23 34 21 24 9 10 58 19 37 31 53 47 42 32 35 5 37 17 53 47 53 8 60 27 51 59 41 52 35 20 15 26 26 18 16 33 33 30 36 38 41 41 36 50 36 17 31 20 37 11 1 48 40 34 51 37 44 44 48 53 39 53 18 18 12 18 47 47 19 58 24 33 37 41 29 49 13 49 34 55 46 28 34 29 40 24 35 4 19 22 51 28 38 28 29 39 36 38 32 38 35 24 24 15 40 35 7 58 23 27 49 32 15 57 14 8 16 10 22 41 34 38 50 57 24 4 38 18 34 49 27 30 25 25 33 63 34 4 9 39 41 22 43 27 60 24 55 46 23 25 48 34 61 24 32 43 62 48 49 29 5 48 39 33 39 35 34 15 5 33 36 59 26 39 24 54 47 41 39 43 53 27 22 17 26 57 4 22 48 8 18 58 52 22 8 13 46 35 40 51 26 34 44 14 22 19 25 15 43 27 7 13 33 5 28 26 39 42 32 12 36 18 43 32 43 48 53 33 37 35 12 30 52 27 45 38 41 19 14 49 24 56 6 27 53 17 43 29 61 27 7 19 37 25 52 51 38 13 48 19 44 35 57 22 57 51 48 8 38 32 41 12 42 27 10 29 29 20 30 39 17 22 23 49 12 23 29 46 25 28 44 25 52 8 14 14 17 44 32 40 50 9 6 43 50 8 19 38 44 5 34 45 45 30 17 39 41 45 19 5 43 39 43 17 56 29 7 20 23 31 45 49 12 8 34 37 24 59 51 7 40 19 37 46 43 28 7 35 50 10 35 52 34 34 7 33 50 39 49 29 59 13 8 13 25 19 50 30 32 52 11 20 38 38 20 45 49 17 57 5 43 21 28 54 55 27 17 26 11 19 34 30 21 50 41 21 45 41 50 55 46 35 41 31 19 41 41 55 51 54 16 26 19 51 52 19 9 50 19 13 38 23 19 36 36 56 40 60 36 36 5 31 20 14 17 29 49 49 50 26 19 33 25 16 40 27 28 19 37 16 15 27 37 33 35 46 26 12 13 16 8 32 40 30 8 54 10 50 46 40 38 36 14 45 18 3 38 16 27 12 27 35 25 56 35 17 41 22 41 48 18 50 12 53 12 8 9 23 37 36 23 45 40 43 22 45 47 52 18 40 48 39 15 12 6 44 33 11 39 47 0 50 48 20 19 9 24 26 14 39 13 57 49 48 20 42 19 55 27 41 44 29 35 28 21 55 22 19 39 51 13 43 43 50 49 35 40 32 42 49 45 51 45 25 37 55 20
5 80 57 58 28 26 26 31 64 53 67 48 53 52 47 45 32 43 15 61 28 71 51 21 57 57 48 4 46 56 47 19 54 10 2 50 31 35 30 68 34 55 73 71 65 17 16 13 20 25 3 38 58 71 31 49 48 50 40 48 60 41 69 16 65 21 36 16 44 53 47 39 37 22 41 40 49 58 68 64 25 69 11 56 6 53 42 5 43 18 48 50 37 16 49 38 39 37 57 69 59 22 39 30 51 32 15 51 53 64 39 35 20 56 56 46 61 60 19 60 47 39 45 50 50 60 63 26 25 17 48 54 48 73 54 57 18 30 61 26 34 40 54 36 51 59 75 41 48 8 50 54 33 47 5 44 39 33 63 57 59 21 61 52 41 53 58 48 15 47 18 68 45 45 38 52 24 15 48 27 13 60 45 27 12 21 32 47 43 45 56 27 41 54 35 5 45 38 52 55 29 54 58 21 32 67 42 24 17 42 59 33 63 44 36 60 36 44 43 19 49 27 25 45 56 40 41 71 37 9 20 38 7 53 22 64 16 51 55 10 54 19 15 11 59 42 46 38 45 51 29 34 44 10 61 51 69 54 42 40 27 30 32 31 45 57 31 21 24 52 35 56 24 10 47 72 45 66 52 10 34 43 51 53 47 21 51 39 33 29 47 60 28 24 48 28 54 15 67 24 52 61 39 41 25 64 72 8 58 55 53 11 56 48 50 31 45 55 22 42 59 54 70 27 41 62 52 41 46 31 48 56 24 48 65 43 62 47 58 42 44 73 14 27 56 40 47 73 38 25 17 23 42 51 17 46 59 44 56 34 19 46 50 12 49 5 40 51 44 43 59 25 32 38 61 53 15 58 50 66 68 46 49 20 49 49 55 9 57 68 47 50 29 55 25 55 59 52 55 65 23 55 30 8 62 59 48 52 60 55 19 39 23 58 40 21 58 44 69 50 34 27 56 55 59 36 41 26 34 42 69 14 40 23 50 65 33 46 61 40 51 34 35 17 3 49 26 36 35 27 39 37 35 28 55 18 54 51 52 57 66 39 36 60 54 61 56 57 25 65 31 58 4 55 25 50 42 41 23 41 61 62 52 65 41 30 46 60 17 48 39 62 58 49 32 12 24 59 2 45 39 43 49 56 67 31 56 37 58 75 27 31 37 28 51 51 54 31 17 45 52 48 14 56 43 34 18 50 0 2 36 58 59 49 54 55 42 47 57 8 6 55 54 42 5 32 77 30 66 65 60 34 47 65 38 15 22 40 24 38 41 37 16 63 19 67 9 10 49 15 26 55 43 38
7 79 55 58 26 25 26 29 63 51 66 47 51 52 45 44 31 43 15 60 27 69 49 20 55 56 48 6 44 55 45 19 53 8 4 49 29 33 28 66 32 53 72 69 63 15 15 12 19 24 4 37 57 69 29 48 46 48 40 48 59 41 67 16 64 22 36 15 43 51 45 37 35 22 41 39 49 56 67 63 25 68 11 54 7 52 42 4 42 16 47 49 36 14 48 36 37 37 56 68 58 20 38 30 50 31 13 50 51 62 37 35 19 54 56 45 60 59 17 58 47 37 43 48 49 58 62 25 24 17 49 53 46 72 52 56 18 29 59 24 32 39 54 35 49 57 74 40 46 6 49 54 31 47 3 42 38 32 62 56 58 19 60 52 41 53 57 47 16 46 16 67 44 44 36 50 23 13 48 25 11 59 45 26 10 20 32 47 42 44 54 25 41 52 33 4 43 36 51 54 27 52 56 20 31 65 42 22 15 41 57 31 61 42 34 59 35 42 41 17 47 26 23 45 55 39 39 69 35 7 18 37 7 53 20 62 14 49 54 11 53 19 14 10 58 40 46 37 46 49 28 34 42 8 59 51 68 52 40 39 25 30 32 30 43 57 29 21 22 52 33 56 24 11 45 71 44 65 50 8 33 41 50 52 45 19 50 38 32 27 47 58 26 22 48 26 53 15 65 24 50 59 38 40 25 63 71 9 56 53 53 11 54 46 49 31 44 54 22 41 57 52 68 26 40 60 50 41 45 31 46 56 22 46 63 42 61 47 58 40 43 72 12 25 56 39 45 72 37 24 17 23 41 49 15 46 57 43 55 33 17 44 49 12 48 6 39 51 42 41 57 24 30 37 60 52 16 56 48 65 67 44 48 20 47 49 53 7 56 66 47 50 27 53 23 53 58 51 53 63 23 54 28 6 61 59 47 51 59 54 18 37 22 57 40 21 57 42 67 49 34 27 55 53 58 34 39 25 32 40 67 13 40 22 50 64 32 44 60 38 49 32 34 17 3 49 24 34 34 26 37 36 33 26 53 17 53 49 50 56 64 38 36 58 52 60 54 55 24 64 30 56 6 53 25 49 42 40 22 39 60 61 50 64 39 28 45 58 15 47 39 61 56 49 30 11 25 57 3 43 40 41 47 54 65 30 55 35 57 73 27 29 37 27 51 49 53 30 16 43 50 46 14 55 41 33 18 48 2 0 35 56 57 47 52 53 41 45 57 8 6 53 53 41 7 30 76 30 64 64 59 32 46 64 36 13 22 38 24 37 41 37 14 62 17 65 9 10 49 15 24 54 43 36
41 45 38 48 10 13 22 22 30 18 32 15 28 40 30 21 11 34 29 32 12 35 19 18 21 37 29 39 22 43 15 32 41 27 38 22 11 13 7 32 9 33 38 35 30 27 21 25 22 17 36 17 23 35 16 22 26 21 29 24 28 31 34 25 35 29 33 22 34 34 11 13 3 28 28 5 39 23 33 31 22 34 32 31 33 23 35 32 13 23 17 25 5 26 18 25 27 31 23 35 25 16 20 16 24 13 28 22 18 28 6 21 18 26 41 12 26 35 21 25 38 19 20 30 16 24 33 15 18 32 39 19 17 39 18 25 30 8 26 14 5 15 44 15 23 28 40 22 13 30 17 42 25 37 32 10 8 28 30 43 24 25 33 43 29 33 24 17 29 22 19 35 19 19 20 20 14 23 40 10 24 25 35 27 30 20 23 34 12 10 35 10 37 24 2 35 21 22 39 36 15 21 23 27 15 34 32 17 22 25 25 23 28 11 15 32 8 16 8 24 17 9 18 22 29 14 9 36 3 32 22 23 32 36 16 31 22 28 22 35 20 26 22 26 24 7 31 6 37 19 8 33 28 31 26 42 34 26 27 19 11 32 31 19 25 34 13 25 16 39 24 40 32 31 14 38 16 34 29 30 7 11 19 20 11 20 24 4 3 10 31 27 18 23 29 22 21 26 32 33 19 27 7 6 25 30 38 34 28 24 29 33 23 32 23 24 18 24 26 26 25 33 36 21 26 26 25 25 23 23 12 39 13 24 30 9 28 28 35 21 13 38 25 17 41 32 15 39 3 17 28 23 12 17 20 32 26 18 36 14 26 20 21 32 24 33 11 41 10 18 25 16 14 31 27 22 33 25 33 33 35 31 28 30 31 38 24 31 22 32 35 37 25 19 16 20 24 21 21 30 30 28 12 33 32 36 37 30 27 28 19 3 22 30 35 32 39 26 33 15 32 33 20 22 36 3 8 19 25 6 34 23 37 21 42 32 16 17 27 27 30 13 9 31 34 33 12 22 13 10 22 20 8 26 35 19 19 15 18 27 31 17 26 25 19 28 34 27 13 33 10 28 40 21 31 29 22 20 17 21 34 27 22 32 24 26 12 25 25 14 36 29 22 25 21 25 29 23 35 11 33 22 15 28 31 18 26 4 32 40 23 20 26 27 35 32 27 28 21 26 17 22 26 24 21 19 28 20 36 35 0 22 28 14 19 20 20 12 40 33 32 36 28 7 40 8 42 24 30 31 25 22 36 30 23 29 32 19 24 24 30 29 21 32 22 35 33 29 33 27 13 25 36 25
63 26 39 56 31 34 41 37 16 8 10 12 27 49 36 28 30 46 50 26 33 17 14 39 2 40 37 61 26 49 18 52 48 49 59 23 30 27 29 10 26 33 17 15 11 47 43 46 43 37 57 30 3 14 32 25 30 20 42 29 18 44 19 47 27 48 49 43 45 36 12 24 22 47 40 18 50 7 15 19 41 13 53 29 54 20 48 54 20 44 18 29 22 46 16 35 38 46 12 20 11 37 33 34 26 30 49 22 10 7 20 36 39 19 47 15 9 35 42 7 49 30 25 34 10 3 25 35 38 53 49 9 18 20 5 18 50 29 13 34 25 26 53 30 22 18 21 34 13 51 15 49 39 47 53 17 21 45 17 50 6 44 28 52 41 38 13 16 50 29 40 21 26 25 31 14 35 44 51 31 46 6 47 45 51 41 40 44 20 15 35 31 51 19 24 56 26 34 48 40 33 12 8 47 32 22 44 37 43 36 8 37 8 18 28 27 25 21 16 44 15 31 37 29 29 25 19 19 21 53 42 37 53 42 37 20 43 30 15 56 12 46 43 47 2 17 40 22 48 13 29 50 35 52 12 52 12 23 36 31 32 50 48 36 31 35 30 45 37 47 37 46 51 52 14 21 23 24 30 51 26 18 17 15 13 40 27 19 25 30 39 13 35 41 36 39 14 47 10 52 11 11 20 17 44 14 21 56 22 15 31 54 13 38 26 41 22 19 45 37 13 34 21 40 38 5 23 36 30 40 11 44 35 26 9 17 13 35 35 29 18 17 46 35 47 45 15 22 20 37 49 43 22 13 41 41 13 26 40 31 45 25 21 54 27 55 23 50 15 24 10 35 30 45 13 19 54 11 38 21 20 38 35 50 35 48 17 52 3 11 45 46 42 3 36 8 2 21 15 9 50 28 30 54 25 36 46 35 18 27 40 19 42 27 49 51 42 34 11 9 48 51 2 11 37 23 18 38 39 17 18 44 51 41 52 19 33 21 14 37 32 28 26 52 56 40 33 34 29 31 33 34 26 42 36 41 4 8 14 23 15 29 41 8 7 13 33 21 34 23 29 21 61 10 50 35 32 31 38 30 30 8 18 20 33 41 13 9 45 15 51 18 2 30 36 47 48 1 57 14 47 29 13 24 10 35 22 22 31 22 41 35 40 45 42 36 27 45 43 33 8 23 47 18 28 35 49 19 58 56 22 0 17 14 12 5 31 12 45 55 54 37 29 16 62 28 23 41 11 17 11 36 46 8 35 49 51 28 43 38 43 44 42 24 42 25 54 50 41 48 33 23 48 37
64 38 24 70 32 39 49 32 33 22 18 14 13 63 24 42 38 59 55 43 40 31 9 45 15 56 51 62 15 64 31 59 63 50 61 38 29 24 34 22 26 19 28 29 27 45 46 50 49 44 59 42 14 27 29 40 17 10 54 44 34 56 34 52 44 56 59 47 58 22 22 21 25 55 52 25 63 24 29 36 49 25 57 13 57 36 60 55 33 43 32 44 30 44 11 27 29 57 28 36 28 38 45 43 41 39 47 38 25 20 23 46 44 4 62 27 25 51 41 11 62 23 16 20 13 20 42 42 46 59 62 25 12 34 19 35 57 35 30 33 32 38 67 40 10 1 35 46 25 52 30 64 32 60 55 28 31 55 34 65 22 41 45 66 53 53 29 12 56 43 42 38 39 39 24 9 41 45 64 35 48 22 60 54 50 47 50 58 31 26 19 34 63 6 30 56 16 26 62 55 31 8 10 53 41 39 57 35 43 49 10 30 14 29 24 44 33 16 20 42 11 36 35 43 44 37 20 33 26 52 41 48 56 57 42 36 44 16 32 61 28 53 46 50 17 21 54 30 61 10 34 60 23 51 28 66 21 9 26 43 33 59 58 45 20 51 28 51 43 61 30 61 59 56 15 35 36 40 16 51 34 18 32 31 24 39 42 24 29 31 53 6 32 37 50 34 29 52 20 60 10 8 22 23 52 30 37 59 5 4 46 58 5 25 41 51 14 35 53 50 30 20 37 48 50 15 10 48 44 50 21 59 37 14 14 27 30 49 51 20 16 30 46 33 62 57 13 36 26 45 55 51 33 11 44 55 5 39 55 41 43 15 36 58 42 58 34 64 19 17 8 34 28 56 29 34 60 6 24 37 36 26 49 57 21 61 5 52 20 24 59 60 36 17 35 11 16 36 31 16 58 44 30 54 41 52 60 50 35 43 40 26 49 43 61 58 57 23 20 21 58 60 18 8 53 26 20 46 32 24 33 45 62 48 65 35 42 14 31 28 18 26 35 58 57 54 34 27 39 33 25 46 34 37 22 45 16 17 30 39 31 41 52 25 12 6 17 6 40 40 37 4 63 9 58 50 45 43 44 22 47 13 7 37 24 35 17 26 44 28 62 35 16 44 30 50 56 17 58 18 59 20 13 9 17 44 38 30 47 36 50 31 51 54 56 22 43 54 47 22 14 13 52 34 19 45 55 9 59 57 28 17 0 27 27 13 43 17 60 58 57 23 44 25 63 35 37 50 25 34 27 30 60 18 27 48 59 21 51 49 55 55 44 40 41 42 58 54 55 53 34 39 61 28
54 32 45 44 24 23 28 35 17 6 23 15 34 36 40 15 18 33 39 19 22 22 20 29 14 29 24 51 29 37 5 40 36 40 50 12 25 24 20 21 22 40 26 23 17 41 33 37 32 26 48 18 16 23 29 13 34 25 29 17 14 31 21 36 22 36 35 33 33 41 7 23 16 35 27 11 37 10 20 17 29 22 43 36 44 10 35 44 8 37 5 17 12 39 20 36 39 33 9 21 11 30 20 22 15 18 42 11 5 18 16 23 29 27 35 3 14 25 35 19 36 30 27 38 15 14 20 24 27 41 36 6 22 25 10 11 39 19 13 28 15 14 41 17 28 28 27 21 3 44 4 37 38 34 44 5 10 32 16 38 12 39 20 40 28 26 10 20 39 16 32 21 13 12 31 20 25 37 38 23 37 13 34 33 44 30 27 32 7 5 41 23 38 27 15 48 29 34 35 29 28 20 19 35 20 20 31 31 36 23 19 35 21 5 27 19 13 23 14 38 19 22 32 17 19 13 17 23 15 45 36 24 44 30 27 17 35 35 9 46 6 35 34 38 14 14 27 11 35 20 20 37 37 45 13 39 23 30 37 18 25 37 35 24 33 25 26 33 26 34 37 34 38 42 17 24 10 21 35 44 15 18 6 6 5 34 15 14 17 24 27 24 31 37 23 36 7 36 22 39 18 23 17 11 32 16 24 45 30 24 20 44 23 41 15 28 25 11 34 24 11 40 22 27 25 19 29 23 17 27 8 33 27 30 23 6 14 23 25 31 19 26 38 30 36 32 18 25 13 26 38 31 9 18 33 28 23 13 29 19 39 28 10 43 15 45 10 38 13 26 21 30 27 32 13 9 43 22 42 19 21 40 22 38 39 35 25 44 12 21 32 34 39 12 30 17 16 10 8 21 38 18 25 47 19 26 34 23 14 17 33 12 30 18 36 39 31 36 23 6 35 39 12 20 27 16 16 26 37 10 20 37 38 29 39 18 20 24 14 38 37 26 15 40 46 28 26 34 16 24 33 22 15 39 42 31 12 10 4 14 18 17 27 12 16 24 39 29 24 20 18 30 52 19 37 23 19 18 27 31 22 21 25 18 34 39 13 12 39 1 38 15 15 18 34 37 35 15 47 13 34 31 17 32 23 23 13 13 22 27 29 33 27 33 30 40 17 32 32 35 14 28 37 10 30 22 37 24 49 47 14 14 27 0 5 15 18 12 34 45 44 43 18 9 53 17 29 28 18 17 12 34 33 21 35 43 39 29 31 25 30 31 34 18 36 22 44 40 29 37 26 13 35 37
58 27 47 44 29 28 33 39 12 5 20 18 35 37 43 18 23 36 44 16 27 18 22 34 13 29 25 56 32 38 8 45 37 45 55 12 30 29 25 18 26 42 22 18 12 46 38 42 36 30 53 21 14 19 33 14 36 27 31 18 9 34 16 40 18 41 39 38 35 44 10 26 20 40 30 15 39 6 15 13 33 18 48 38 49 9 38 49 12 42 8 18 17 44 22 40 43 36 4 16 6 35 23 26 15 23 47 11 3 14 21 26 34 28 35 8 9 24 40 18 38 34 30 41 16 11 16 29 32 46 38 3 24 20 9 8 44 24 8 33 20 17 42 21 30 28 22 24 7 49 5 38 42 36 49 10 15 35 11 39 8 44 18 41 31 26 5 22 44 18 37 16 15 14 35 22 30 42 40 28 42 9 36 37 49 35 31 33 11 9 43 28 41 28 20 53 32 38 37 29 33 20 18 39 24 16 34 36 41 26 19 40 19 10 31 17 18 26 17 43 21 27 37 19 18 16 20 18 19 50 41 27 49 30 32 13 40 37 5 50 1 40 39 43 12 18 29 16 37 21 25 40 40 50 8 41 20 32 41 21 30 41 38 28 36 24 30 38 31 36 41 34 43 47 19 19 13 16 38 49 20 22 6 4 9 39 16 18 22 29 28 23 36 41 25 40 3 41 18 44 19 22 21 16 36 11 19 50 31 25 19 48 23 44 15 32 27 8 38 27 6 42 17 32 27 16 31 25 19 31 11 33 32 32 20 11 9 24 25 34 22 21 43 35 36 34 20 20 18 31 42 36 13 20 38 30 23 16 29 23 44 31 10 48 16 50 14 39 17 29 20 35 31 35 8 8 48 22 44 15 16 43 24 43 42 37 26 49 9 17 34 35 43 11 35 17 13 9 4 19 42 17 30 52 15 25 35 24 10 16 38 17 35 16 38 44 31 39 20 8 38 43 10 20 26 21 20 31 42 14 15 42 40 34 41 13 25 26 9 42 39 30 20 45 51 29 31 38 21 29 37 25 20 43 44 36 12 12 3 12 13 20 31 8 16 24 41 30 29 16 23 30 57 19 41 24 21 21 32 35 20 19 26 14 38 43 16 7 43 6 41 11 13 19 38 42 39 13 52 17 36 34 19 33 20 27 11 18 20 22 33 37 30 37 31 43 16 36 37 38 15 30 42 7 33 26 42 26 54 52 19 12 27 5 0 15 21 15 34 49 49 45 18 13 58 22 24 32 13 13 7 39 35 18 39 48 43 33 35 28 33 34 39 15 41 18 49 45 30 42 31 12 38 41
60 30 34 58 28 32 40 33 21 10 13 8 22 51 31 30 29 47 48 30 31 22 9 37 3 43 39 58 21 52 19 51 51 46 57 26 26 23 26 14 22 29 22 20 16 44 40 44 41 35 55 31 4 19 28 27 25 15 43 31 22 45 24 45 31 47 49 41 47 31 10 19 19 46 41 16 51 11 20 24 40 17 51 24 52 23 49 51 21 40 20 31 21 42 11 31 33 46 16 25 16 34 33 34 29 30 45 25 13 11 17 36 37 14 49 15 14 38 38 6 50 25 20 29 5 8 29 33 37 51 50 13 13 25 6 22 49 27 18 30 23 27 55 30 17 14 26 35 13 48 17 51 35 49 50 17 20 45 22 52 11 40 32 54 42 40 17 11 49 30 37 26 27 26 26 9 33 41 53 29 43 11 48 45 47 39 40 46 20 15 30 28 52 14 22 53 21 29 50 43 29 7 5 45 32 27 45 33 40 37 5 32 9 18 24 31 24 16 13 40 10 29 33 31 32 26 15 24 18 50 39 37 51 44 35 24 40 25 19 54 15 45 41 45 7 14 42 21 49 8 27 50 30 49 16 54 15 19 31 31 29 49 48 36 26 38 26 43 35 49 33 48 50 50 10 26 24 28 25 48 25 14 19 18 13 37 29 16 22 27 41 9 31 37 38 35 17 45 13 51 6 9 16 14 43 19 26 53 17 11 33 52 9 33 29 41 17 22 44 38 17 29 26 39 39 8 18 37 31 40 9 47 32 21 11 17 18 37 39 24 13 22 43 31 50 46 10 27 18 36 47 42 22 8 39 43 9 27 43 30 42 20 24 52 30 52 23 52 11 19 7 32 26 45 17 22 53 8 33 25 25 33 37 49 30 49 13 49 8 16 47 48 37 4 32 3 6 23 18 10 49 31 27 51 29 39 48 37 22 30 37 17 40 30 50 50 45 29 15 9 48 51 6 6 40 20 15 37 34 15 23 41 51 39 53 23 32 16 19 32 27 24 26 50 53 42 30 30 29 28 28 35 25 38 32 39 3 5 17 26 20 30 41 13 2 10 28 17 32 28 28 16 58 5 49 37 33 32 36 25 34 8 13 25 28 37 9 14 42 16 51 22 5 32 31 44 47 6 54 10 48 24 8 19 13 35 25 21 34 27 41 31 40 45 44 31 30 45 40 28 3 18 45 21 23 35 47 14 55 53 20 5 13 15 15 0 32 9 48 52 51 33 32 15 59 26 28 40 16 22 15 31 48 11 30 46 50 24 42 38 44 44 39 28 39 30 52 48 43 46 30 26 49 32
46 45 58 28 27 18 16 40 28 24 39 31 47 20 50 4 13 16 29 20 16 36 35 22 31 18 9 44 42 23 14 28 21 36 43 11 30 32 20 38 28 53 41 37 31 40 27 30 22 18 40 4 33 38 35 9 46 39 12 7 23 14 32 26 24 24 19 26 15 54 22 33 23 23 10 20 20 27 34 26 17 38 33 50 36 15 18 38 11 37 13 9 16 38 35 44 47 16 23 31 25 30 3 12 10 12 41 12 22 35 26 8 23 43 21 17 29 19 35 36 19 39 39 50 30 31 23 18 18 30 19 22 35 38 27 19 28 18 25 31 17 6 25 8 42 44 40 3 19 39 16 22 44 17 38 16 14 16 26 23 29 40 20 24 11 14 23 34 29 5 30 29 6 7 40 36 21 35 22 23 31 30 17 19 41 22 12 15 13 18 54 24 21 42 19 43 41 42 20 16 32 36 36 23 11 28 14 33 34 6 37 42 38 15 35 19 14 35 26 38 34 21 34 4 14 7 28 35 23 41 37 7 36 16 23 25 33 48 19 36 21 24 28 32 32 25 11 15 18 35 19 20 48 41 26 23 40 45 47 2 26 22 19 12 45 17 31 22 20 19 43 20 25 33 31 35 9 27 49 40 15 30 16 18 20 35 10 23 21 27 11 41 35 39 9 40 20 27 39 25 34 40 27 23 19 29 35 36 46 40 12 34 39 52 9 13 37 17 22 7 23 53 32 16 8 36 43 6 5 13 23 19 26 43 40 17 27 8 18 41 32 40 36 34 21 15 32 37 21 17 27 20 11 34 29 12 40 5 17 9 40 40 12 33 8 37 10 21 26 37 38 33 33 15 26 15 32 39 53 28 31 51 9 26 51 19 41 40 29 37 16 18 43 29 32 33 33 13 19 39 25 14 30 42 22 19 17 12 22 14 33 20 20 17 19 27 19 46 40 23 18 24 29 36 19 23 27 17 44 20 32 34 21 19 22 28 10 37 26 47 49 33 13 29 39 13 27 41 9 25 42 6 14 43 55 25 29 27 18 17 30 5 11 28 32 41 53 45 19 25 15 45 45 35 23 10 2 1 20 41 20 38 40 27 44 44 27 27 37 17 20 24 32 8 39 31 22 32 40 27 17 42 32 47 40 11 16 17 17 39 16 38 10 18 15 52 13 17 25 46 31 41 28 19 41 9 26 39 42 41 20 31 43 18 21 32 0 27 21 36 37 56 13 20 45 16 41 14 33 28 26 41 17 38 43 42 26 39 19 8 13 14 32 23 36 27 35 32 13 28 28 15 18 45
52 37 33 54 20 24 32 26 25 10 21 4 22 47 28 25 22 42 40 30 24 27 9 30 10 41 35 50 18 48 15 43 47 38 49 23 18 16 19 22 15 28 29 26 22 36 32 36 33 28 47 25 12 26 21 25 22 13 37 28 24 39 28 37 33 40 43 33 42 30 5 13 11 39 36 8 47 15 25 27 33 24 43 25 44 22 44 43 16 32 17 28 14 34 9 26 29 40 18 29 19 26 28 27 26 23 37 23 13 18 9 30 29 17 46 11 18 37 30 13 46 20 16 26 4 14 30 26 30 43 46 14 10 31 9 22 41 19 21 22 16 22 51 23 16 18 32 30 10 40 15 48 28 44 42 11 14 38 24 49 15 33 32 50 37 37 19 8 41 27 29 30 23 23 21 9 25 33 48 21 35 16 43 38 39 31 33 41 15 10 29 20 46 15 14 45 17 24 46 40 21 10 12 38 25 30 40 25 32 32 13 26 17 13 17 31 17 12 5 32 8 21 25 27 30 21 7 29 10 42 31 32 43 41 27 27 32 23 19 46 16 37 33 37 13 5 37 14 44 9 19 43 26 41 20 49 23 19 27 26 20 43 41 29 22 36 19 36 27 45 27 45 43 42 5 31 20 31 24 40 17 8 17 18 8 29 27 8 14 19 37 15 24 30 34 28 17 37 21 44 8 16 8 7 36 23 31 45 19 13 31 44 13 30 26 34 13 22 37 33 20 28 30 31 34 15 18 32 28 33 5 44 24 18 19 11 22 33 37 20 8 29 35 24 47 40 6 32 10 29 40 35 17 7 31 38 15 23 40 24 34 16 21 44 27 44 17 48 3 15 14 24 19 39 21 21 45 13 30 28 29 29 33 41 27 45 14 41 13 23 42 44 31 9 25 9 13 22 18 19 42 29 19 43 30 38 44 34 24 29 29 10 33 30 44 43 42 25 22 8 41 44 11 11 39 12 7 30 28 8 27 33 46 32 49 27 26 12 22 27 25 17 19 42 45 38 22 24 22 20 23 29 18 31 31 31 8 5 16 26 24 24 35 17 8 17 28 19 24 30 21 19 50 9 42 34 28 26 28 21 34 16 13 28 24 30 1 18 34 13 45 25 12 29 25 36 40 13 46 3 42 20 5 20 20 28 25 13 33 32 34 24 34 38 40 29 29 38 32 24 6 16 37 21 19 28 39 13 47 45 12 12 17 12 15 9 27 0 45 44 43 31 30 8 51 19 34 34 22 26 19 25 43 19 25 38 43 18 35 32 39 38 31 29 31 32 44 40 39 38 22 25 44 27
61 50 77 12 47 38 31 60 35 39 52 49 66 8 70 20 32 16 43 23 36 43 54 40 46 6 12 58 61 6 30 40 6 54 57 23 50 52 40 49 48 72 49 45 41 59 45 46 38 36 55 24 48 48 55 21 65 58 18 17 31 17 38 42 24 36 23 44 14 73 40 52 43 36 16 40 12 39 42 32 32 48 47 69 51 26 17 54 30 55 29 18 36 57 54 65 67 21 35 37 36 49 22 30 20 31 59 24 36 47 46 24 41 61 3 34 40 13 54 52 13 59 59 70 48 44 26 36 35 42 11 36 54 44 42 28 40 38 35 50 38 26 11 27 61 61 46 19 36 57 31 7 64 12 55 34 34 25 33 5 41 59 21 12 17 8 34 53 42 19 48 34 23 23 60 54 39 53 14 43 49 42 14 31 59 39 25 11 31 36 73 44 20 60 39 60 60 62 8 5 52 53 52 37 30 32 16 53 53 17 52 62 52 33 55 21 34 55 45 57 52 41 54 19 18 27 48 41 42 59 56 21 51 5 41 31 51 67 30 49 34 39 46 48 46 45 12 35 14 53 39 26 68 59 37 12 51 63 67 22 46 29 27 29 64 12 51 37 38 7 64 2 35 47 49 41 26 30 68 58 35 50 29 31 37 54 19 43 41 47 11 57 55 59 12 60 32 43 50 35 52 56 46 42 33 38 40 50 64 57 15 47 56 72 20 27 57 27 36 17 34 72 37 32 18 50 62 18 18 26 41 2 45 62 53 35 36 13 12 61 51 48 54 54 4 18 51 42 41 35 41 35 30 51 47 11 57 23 6 29 59 60 25 46 19 52 30 10 45 57 54 52 53 20 36 27 44 55 73 33 36 71 13 38 70 10 59 58 43 47 11 9 63 45 52 50 47 25 31 52 36 18 50 59 25 11 11 11 30 19 52 40 35 20 20 38 4 66 51 40 25 32 44 53 10 43 46 34 64 40 39 52 21 36 13 34 28 56 35 67 69 53 33 41 55 9 47 61 29 45 62 23 34 63 74 43 45 44 32 24 38 25 22 39 49 57 72 63 39 29 35 63 59 52 34 12 19 22 38 61 19 52 58 32 64 63 46 38 56 33 22 31 47 17 60 47 33 46 55 46 19 62 50 65 52 29 24 37 16 44 31 58 20 30 7 72 18 27 43 66 48 60 44 29 61 26 40 57 57 57 40 45 60 34 34 48 21 45 0 50 52 75 17 39 60 36 45 28 43 35 37 61 12 50 63 60 37 59 34 21 17 21 50 27 55 28 49 48 9 43 48 23 17 65
11 76 58 51 26 22 20 32 60 49 65 46 54 45 48 39 27 36 8 55 23 66 49 16 54 50 42 9 47 49 42 12 47 11 8 45 30 35 26 64 32 56 70 67 61 20 13 9 14 20 5 32 56 67 31 44 49 49 33 43 56 34 64 10 59 15 29 12 37 54 44 38 34 15 34 37 41 54 64 59 19 66 3 56 2 48 34 6 39 19 44 44 34 19 48 40 41 30 53 64 55 21 33 25 45 27 18 45 49 61 37 29 16 55 49 43 58 54 20 57 39 40 45 51 48 56 58 21 19 10 42 50 47 69 51 52 10 27 56 26 30 35 47 30 51 58 71 35 44 12 46 47 35 40 8 40 35 26 58 50 56 23 55 45 34 47 54 47 9 41 17 63 39 40 39 50 20 16 41 24 11 57 38 20 15 15 26 40 39 41 57 25 34 53 31 12 46 39 45 48 29 52 56 14 27 62 35 25 18 36 57 35 60 40 36 54 32 43 40 20 47 24 26 39 50 35 39 66 35 13 21 32 3 47 18 59 16 52 51 4 50 12 12 9 56 39 40 34 39 50 26 27 46 14 56 44 66 54 43 34 25 23 24 25 46 51 31 14 19 45 36 49 17 4 45 68 40 61 53 13 30 41 46 49 43 22 45 37 30 27 41 58 29 26 42 30 50 9 64 17 50 59 37 39 18 60 68 1 57 54 47 4 55 50 44 25 45 50 15 35 54 55 65 21 34 59 52 35 40 25 44 49 21 49 63 39 58 41 52 43 43 70 15 28 49 33 45 69 35 20 10 17 37 49 15 39 57 39 49 28 21 46 45 5 44 3 36 43 42 43 57 25 32 31 57 48 8 56 51 61 63 48 42 12 51 42 54 13 54 65 40 43 31 52 24 52 56 47 50 62 16 49 29 13 57 53 41 45 55 49 20 36 17 52 33 14 51 45 65 47 26 20 53 53 53 33 39 20 36 39 64 15 33 17 43 61 27 45 57 41 52 34 30 10 6 43 24 37 30 25 40 30 30 30 56 14 51 48 47 51 61 33 29 56 52 60 57 56 21 60 27 57 10 53 18 43 36 35 18 42 55 60 51 60 42 32 44 56 19 44 32 57 55 43 33 9 18 56 6 43 33 44 47 56 64 25 50 33 52 71 21 32 31 21 44 52 48 24 13 46 50 48 8 51 43 28 11 49 8 8 33 55 58 45 49 52 36 44 50 0 3 56 48 39 10 28 73 24 62 61 56 35 40 62 39 19 15 40 18 31 34 30 15 58 20 61 1 5 42 9 25 50 35 39
10 76 56 53 25 22 21 30 60 49 64 45 52 46 46 40 28 37 9 56 23 66 48 16 53 52 43 8 45 51 42 14 49 9 6 45 28 33 26 64 31 54 70 66 61 17 12 8 15 20 4 33 55 67 30 44 46 48 35 43 56 36 64 11 60 17 31 12 39 52 43 36 33 16 36 37 44 54 64 60 20 65 6 55 2 49 37 3 39 17 44 45 33 16 47 38 38 31 53 64 55 19 34 26 46 28 15 46 49 60 35 30 16 54 51 42 57 55 18 56 42 38 43 49 47 56 58 21 20 12 44 50 45 69 50 53 13 26 56 24 30 35 49 31 49 56 71 36 44 9 46 48 32 41 5 39 35 28 59 52 55 20 56 47 36 48 54 46 11 42 15 63 40 40 36 49 20 14 43 23 9 56 39 22 13 16 27 42 39 41 55 24 36 52 31 9 44 37 47 50 27 51 55 16 27 62 37 23 16 37 56 33 60 39 34 55 32 41 39 18 46 24 23 40 51 36 38 66 34 10 19 33 1 48 18 59 14 49 51 7 50 14 11 7 55 39 41 34 41 48 25 29 44 11 56 46 65 52 41 35 24 25 27 26 44 52 29 16 19 47 34 51 19 6 44 68 40 62 50 10 29 40 47 49 43 20 46 36 30 26 42 57 26 24 43 28 50 10 63 19 49 58 36 38 20 60 68 4 55 53 48 6 53 47 45 26 43 50 17 37 54 53 65 22 35 58 50 36 41 26 44 51 20 47 62 39 58 42 53 41 42 69 13 26 51 35 44 69 35 20 11 18 37 48 13 41 56 39 51 29 19 44 46 7 44 1 36 46 41 41 56 24 30 33 57 48 11 55 49 62 64 45 44 15 49 43 52 10 54 64 42 45 29 51 23 51 56 47 50 61 18 50 27 10 57 54 43 47 55 50 18 35 18 53 35 16 52 43 65 46 29 22 52 52 54 32 38 21 33 38 64 12 35 18 45 61 28 43 57 39 50 32 30 12 3 44 23 35 31 24 38 32 30 28 54 14 51 47 47 52 61 34 31 56 51 58 55 54 21 60 27 56 9 52 20 44 37 36 18 39 56 59 50 60 40 30 43 56 16 44 34 57 54 44 31 8 20 55 4 42 35 42 46 54 63 26 51 33 53 71 22 30 32 23 46 50 49 26 13 44 49 46 9 52 42 29 12 48 6 6 32 54 57 44 49 51 37 43 52 3 0 54 49 39 9 27 73 25 62 61 56 33 42 62 37 16 17 39 19 33 36 32 14 58 18 62 4 5 44 10 23 50 38 37
59 60 3 83 34 44 55 25 53 40 41 28 11 75 8 55 46 69 56 61 45 53 24 48 35 71 64 58 15 78 46 61 76 46 57 54 30 25 39 44 29 4 51 51 48 38 47 49 52 48 56 53 35 49 26 55 10 19 64 58 54 67 55 53 63 59 68 48 69 3 36 24 33 58 64 36 75 43 51 56 54 47 57 10 55 53 70 52 46 38 48 59 40 39 23 17 17 66 47 57 48 37 56 51 57 48 40 53 43 42 30 56 46 20 76 42 46 68 37 33 73 18 17 6 30 40 61 47 51 60 74 44 22 56 37 53 59 41 50 32 40 50 80 50 16 22 57 58 41 47 46 77 22 72 51 41 42 63 54 78 43 35 63 78 64 68 48 24 57 57 41 58 53 53 19 25 44 41 76 38 47 42 71 60 43 50 58 70 45 40 4 37 72 19 37 51 15 18 75 70 29 26 31 57 50 59 67 33 39 61 32 22 36 43 23 62 43 21 30 37 25 40 31 57 61 49 28 55 34 46 36 59 54 71 44 56 41 9 50 60 46 55 46 49 38 31 66 41 72 25 40 67 11 45 48 78 44 15 14 54 35 65 65 53 12 67 28 55 47 74 21 75 63 56 27 57 50 60 8 46 42 26 48 48 39 35 57 33 36 33 66 27 28 31 64 27 48 53 41 64 27 29 29 34 57 51 58 57 18 23 62 58 25 8 57 58 19 53 56 61 49 4 58 54 61 37 15 60 57 57 36 74 39 14 37 40 50 63 68 16 25 51 42 30 76 67 26 58 35 50 56 55 46 26 43 67 27 52 70 50 37 16 52 58 57 55 46 76 31 19 30 32 27 65 49 51 61 28 6 58 57 10 63 59 6 73 21 47 40 46 71 73 27 36 33 30 37 52 49 37 61 60 30 48 60 69 72 65 54 60 37 36 53 60 70 62 73 12 43 38 66 65 38 27 69 34 30 51 21 36 54 42 72 52 77 55 51 20 50 15 7 26 44 59 54 68 35 20 49 35 17 56 43 28 1 46 35 34 47 56 51 52 61 45 31 29 6 17 44 60 44 19 57 28 62 64 57 55 47 16 64 35 20 57 15 26 31 46 39 44 71 54 36 59 24 49 60 37 55 30 68 15 27 14 40 52 56 39 64 58 56 25 61 60 70 5 59 62 48 11 31 16 53 52 15 54 57 20 55 53 36 37 23 43 45 33 56 31 75 56 54 0 61 37 58 42 59 58 47 54 47 22 71 40 18 41 62 18 56 59 66 64 41 59 37 62 56 53 68 54 34 56 71 18
59 35 63 28 37 30 29 49 19 23 35 33 51 22 57 10 24 23 41 9 28 28 38 34 30 12 11 56 47 21 15 40 21 48 55 7 39 40 30 33 36 57 34 30 25 52 39 42 35 30 53 17 32 32 43 7 51 43 20 6 15 22 23 39 12 36 28 39 21 59 25 39 31 35 18 26 24 23 27 17 30 32 46 54 49 9 25 50 16 48 14 5 24 50 38 52 55 25 18 22 19 41 16 24 5 23 52 8 20 30 32 20 35 45 19 19 24 8 46 35 24 46 45 56 32 27 12 30 30 42 23 20 39 29 26 12 40 29 19 41 27 16 26 19 45 45 31 15 20 51 15 22 52 22 51 20 21 27 17 22 25 51 8 26 19 10 18 38 41 8 41 19 11 10 47 38 32 46 26 34 44 26 22 31 53 34 24 19 17 21 59 34 28 44 28 56 46 50 21 12 42 37 35 36 23 17 21 44 46 15 36 51 35 19 42 7 23 40 31 49 37 32 45 9 2 16 34 26 30 53 48 18 48 14 34 16 44 53 14 48 17 37 40 44 29 30 15 23 23 37 30 30 54 53 20 26 34 48 54 15 37 33 30 24 51 7 40 35 32 20 52 18 37 45 34 26 13 16 53 52 24 35 13 14 22 46 4 29 30 37 14 40 45 50 10 50 16 40 34 37 36 39 33 28 31 22 25 49 48 42 2 46 40 58 5 25 42 10 34 15 17 58 22 28 17 33 47 15 9 25 25 16 37 48 37 21 20 10 8 48 36 32 47 44 19 23 36 27 28 30 40 32 17 36 41 16 40 12 12 21 51 45 9 45 6 50 18 24 31 43 38 43 41 24 20 10 44 39 59 18 21 57 9 38 56 22 43 52 26 31 20 19 53 28 43 34 31 9 14 35 37 1 39 55 10 9 21 7 14 2 44 27 32 5 26 39 14 53 35 24 29 35 27 37 9 30 32 29 53 26 24 45 28 32 25 19 22 41 19 54 54 41 23 41 52 14 37 49 20 36 49 19 23 53 60 37 29 28 15 8 23 16 22 23 33 41 57 47 31 14 26 47 57 36 35 9 13 14 32 48 7 36 42 17 51 53 31 22 49 18 29 15 30 5 48 43 34 30 52 31 25 48 35 49 36 24 8 25 4 29 29 47 20 30 15 58 2 28 38 52 32 45 41 12 47 21 39 42 54 53 28 29 44 18 18 32 13 30 17 48 49 61 0 25 58 27 31 26 27 20 20 50 21 34 51 53 38 46 32 19 21 24 43 12 47 15 48 45 15 40 39 7 25 53
47 39 39 47 17 18 26 27 24 11 26 11 28 40 33 19 15 35 34 27 17 29 16 24 15 35 28 45 23 42 10 37 40 34 44 18 17 17 13 26 14 34 32 29 23 34 27 31 27 21 42 18 17 29 21 19 27 20 30 22 22 32 28 31 30 33 35 27 34 35 5 15 8 32 29 3 40 16 27 25 26 28 38 31 39 18 36 38 10 30 12 22 7 32 16 28 31 33 17 29 18 23 21 19 21 15 35 18 12 22 9 22 23 24 39 6 20 32 27 20 39 22 21 32 12 18 27 19 23 37 39 13 16 32 12 20 35 13 20 20 9 14 44 16 23 25 34 22 7 37 11 41 29 37 38 5 7 31 24 42 17 31 28 43 30 31 18 15 35 20 25 29 17 16 23 17 20 30 41 16 30 18 36 31 36 25 26 34 8 4 35 16 39 22 8 42 22 26 39 34 20 17 19 31 18 28 33 23 29 25 20 28 22 6 19 27 9 16 7 30 14 15 24 20 25 14 9 30 7 38 29 24 38 34 22 25 28 29 17 41 14 31 28 32 17 6 30 6 37 16 14 36 30 38 20 42 27 25 30 19 17 36 34 22 26 31 18 29 21 38 29 39 36 37 11 31 13 29 30 37 11 11 14 15 5 26 21 5 10 16 30 23 23 29 27 28 15 31 26 37 15 22 9 4 29 23 32 40 26 21 26 39 20 34 20 27 18 19 30 26 19 34 30 25 26 21 24 25 21 26 6 37 20 24 25 4 22 27 32 23 13 32 31 22 40 33 13 33 5 22 33 28 10 14 26 31 22 16 34 17 32 21 16 38 21 39 10 41 7 19 20 22 19 32 21 17 39 21 35 27 28 33 27 34 32 38 22 37 15 26 35 37 31 13 22 15 18 17 16 24 35 24 17 40 27 33 37 28 22 24 26 4 26 25 37 36 36 29 27 8 34 37 14 18 33 8 8 23 30 1 28 30 38 25 42 26 19 18 21 30 30 17 11 36 40 32 19 26 15 16 25 22 11 31 36 25 13 10 13 22 25 17 28 18 14 24 34 26 18 28 14 26 46 17 35 27 21 19 22 24 29 22 20 26 27 31 8 19 31 8 38 23 17 23 26 31 33 17 41 8 35 24 13 27 26 21 21 7 28 34 27 25 27 30 34 34 23 31 27 28 12 22 32 19 23 21 33 19 42 41 7 16 25 9 13 15 20 8 39 39 39 37 25 0 47 12 36 27 24 25 19 27 36 24 27 35 36 22 28 25 31 31 27 27 28 30 39 35 32 32 19 21 37 29
1 85 61 59 32 30 30 35 69 57 72 53 57 54 50 48 36 45 17 65 32 75 55 25 61 60 51 2 51 58 51 21 56 14 3 54 35 40 34 72 38 59 78 75 69 20 20 17 23 29 5 42 63 75 36 53 52 54 42 52 65 43 73 19 68 24 38 20 46 57 51 43 41 24 44 45 51 62 73 68 29 74 13 60 9 57 44 9 47 22 52 53 42 21 54 43 43 39 61 73 63 26 43 34 55 36 18 55 57 68 43 39 25 61 58 51 66 63 23 64 49 43 49 54 55 64 67 30 28 19 51 58 52 78 58 61 20 34 65 31 38 44 56 40 56 63 80 44 52 13 54 56 36 49 9 48 44 35 67 59 64 25 65 54 44 56 62 53 18 50 22 72 49 49 42 56 28 19 50 31 17 64 47 29 15 24 35 49 47 49 60 32 42 58 39 9 50 42 54 58 33 58 62 23 36 70 44 29 21 45 64 38 67 48 40 64 40 48 47 23 53 32 29 49 59 44 46 75 42 12 24 41 10 56 26 68 20 55 59 11 58 22 20 15 64 46 49 42 48 56 34 36 49 13 65 53 74 58 46 43 31 32 34 34 49 61 36 24 28 54 39 58 26 13 51 76 49 70 56 14 38 47 55 57 51 25 54 44 38 33 50 64 32 29 51 33 59 18 72 25 56 65 44 46 28 68 76 10 62 60 57 13 61 52 53 34 50 59 25 45 63 58 74 30 44 66 56 44 50 34 52 59 28 53 70 47 66 50 62 46 49 78 18 32 58 42 51 78 43 29 19 26 46 55 21 49 63 48 59 37 23 50 54 14 53 9 45 53 49 47 64 30 36 40 66 57 16 63 54 70 72 50 52 22 54 51 59 13 62 72 49 52 33 59 29 59 64 56 59 69 25 58 34 12 66 63 50 55 64 59 24 43 26 61 42 23 60 48 73 55 36 28 60 60 62 40 45 29 37 46 73 19 41 26 52 69 36 50 66 43 55 38 39 19 7 52 30 40 39 32 43 40 39 32 59 22 59 55 56 60 70 42 39 64 58 66 60 61 29 69 35 62 1 59 27 53 46 44 27 45 64 67 57 69 45 34 51 64 21 52 40 66 62 53 36 16 27 63 6 49 42 47 53 60 71 34 60 41 61 79 30 35 40 30 54 55 57 33 21 49 57 52 17 60 47 37 20 55 5 7 40 62 63 53 58 59 45 51 60 10 9 58 58 47 0 36 81 33 70 69 64 38 49 70 42 19 24 44 27 41 43 39 21 67 23 70 11 14 52 18 30 59 45 42
37 49 44 43 11 6 15 24 33 22 38 21 35 35 36 18 5 28 22 32 6 39 26 12 27 34 25 34 28 38 16 25 36 24 33 21 14 17 5 37 13 40 43 40 34 26 16 20 15 10 31 13 29 40 19 21 32 28 23 22 30 25 38 19 35 22 26 16 28 40 17 19 10 21 23 11 34 27 37 33 15 39 26 38 28 23 29 27 13 22 17 23 6 24 25 29 32 24 26 38 28 15 15 9 23 6 26 21 22 34 13 15 12 33 36 15 30 34 20 31 32 25 26 36 23 29 33 8 12 25 33 23 24 42 24 26 23 2 30 15 3 12 39 9 30 35 44 17 17 27 19 37 28 31 28 13 8 22 32 39 29 25 32 37 23 30 27 24 23 20 16 37 16 17 25 27 8 21 34 7 20 29 29 20 27 13 17 29 12 14 41 9 31 31 6 32 27 27 34 32 17 27 30 20 8 36 26 18 20 20 31 26 34 13 20 31 5 22 16 23 24 6 19 19 28 11 16 39 10 29 22 18 27 32 10 33 19 35 24 29 23 19 17 21 29 15 26 7 31 26 3 26 33 28 29 37 39 33 32 14 11 25 24 12 30 32 16 18 9 34 28 36 24 25 21 41 15 36 35 27 3 18 20 22 16 20 23 12 6 11 26 34 19 24 25 25 23 20 37 25 25 34 14 13 18 33 41 29 35 31 27 27 31 37 22 17 25 25 19 21 28 39 39 14 20 32 32 19 20 16 18 35 11 30 36 12 31 24 33 27 20 43 22 18 37 25 22 42 9 11 22 17 11 25 16 27 33 15 33 8 25 27 20 26 21 28 10 35 16 24 32 17 17 24 30 22 27 32 39 35 37 36 25 23 37 33 31 28 27 37 30 32 27 25 17 27 30 22 24 36 24 27 14 30 32 34 31 27 29 27 18 10 15 29 29 25 35 32 39 20 25 26 26 29 34 9 15 11 28 12 37 20 30 14 36 34 10 24 30 31 36 18 4 25 29 28 12 26 8 10 27 15 4 27 41 14 25 21 20 27 34 12 20 29 26 35 40 34 7 35 3 35 35 28 24 25 18 15 10 27 33 34 29 34 29 28 19 29 23 17 30 31 28 23 24 20 22 29 30 17 27 28 23 35 37 11 26 6 31 44 16 22 20 20 30 38 26 21 15 32 24 28 20 26 27 13 21 27 32 30 8 28 35 17 22 26 16 19 36 28 27 42 27 12 36 0 46 17 35 34 29 26 30 35 28 27 25 25 16 18 25 23 18 33 21 36 27 23 29 21 13 25 30 29
82 5 60 57 52 51 55 60 14 25 19 35 48 52 59 37 46 53 67 24 50 7 37 57 25 41 42 80 48 51 31 67 51 69 78 30 51 49 48 16 48 55 9 9 13 69 61 65 59 54 76 43 25 11 54 32 52 42 50 36 18 52 9 64 21 63 58 61 52 57 32 46 43 62 48 38 54 20 9 15 56 13 71 50 73 26 56 73 35 65 30 34 40 67 38 58 61 55 20 10 18 58 43 49 32 46 70 30 25 18 42 48 57 40 48 31 17 32 63 27 54 52 47 56 33 20 21 52 55 69 53 23 40 4 26 22 66 47 17 55 44 39 56 44 44 38 2 43 30 72 27 52 62 52 73 34 38 56 15 50 19 66 26 56 49 40 20 38 67 36 60 13 36 35 54 36 54 65 56 51 65 19 53 59 72 58 52 50 34 33 56 51 59 41 43 77 48 57 51 42 55 34 29 62 47 15 52 58 64 45 28 60 24 34 51 26 42 44 38 65 37 50 59 38 30 39 41 7 42 73 64 47 72 44 56 16 63 52 23 74 23 63 62 66 22 39 46 39 54 36 48 60 57 73 17 56 16 44 59 42 52 62 59 50 53 35 52 60 54 50 60 47 65 70 37 6 34 17 52 72 44 41 27 25 31 62 32 40 45 51 45 32 57 63 41 61 23 64 18 65 34 30 42 38 58 13 7 73 42 37 33 71 35 60 33 53 44 24 61 45 19 56 10 54 47 23 45 45 37 52 31 45 55 48 23 35 15 41 35 52 40 8 66 57 49 53 38 5 40 54 65 59 36 35 61 47 33 36 41 45 67 47 29 71 34 73 37 54 37 47 29 57 52 54 16 26 70 31 60 14 11 60 40 65 57 52 39 73 22 13 51 50 64 26 57 30 23 28 23 22 64 30 52 75 22 34 51 38 19 29 61 39 58 27 57 66 41 56 17 28 58 64 24 33 35 43 40 54 62 37 9 65 59 57 56 13 47 43 16 60 54 51 43 68 75 44 54 57 43 52 55 46 43 65 58 59 27 30 26 25 12 42 51 18 30 31 54 42 52 18 46 41 80 32 63 40 41 41 55 53 28 25 40 15 56 64 35 18 66 29 59 17 24 35 58 66 62 23 75 36 55 51 36 45 20 49 25 41 31 3 55 58 50 58 45 58 31 57 61 55 31 46 65 22 51 48 65 41 77 76 42 23 37 29 24 28 41 34 45 73 73 59 31 36 81 46 0 54 13 13 18 59 51 20 58 71 66 51 58 48 51 53 63 20 63 17 72 68 45 65 54 26 55 59
34 58 60 30 25 14 5 37 41 34 50 37 51 23 51 18 13 14 16 34 13 48 41 13 41 27 19 32 44 27 25 15 25 27 31 24 29 33 19 49 29 56 53 49 44 33 18 20 12 10 28 12 43 50 33 23 48 44 11 20 36 12 45 15 37 10 10 17 15 55 30 34 26 10 12 26 21 38 47 39 6 50 21 54 24 28 14 27 21 30 25 22 21 31 41 44 46 9 35 45 37 24 11 8 24 12 33 25 33 46 29 7 15 49 27 27 41 31 28 46 19 40 42 52 38 41 37 12 9 16 20 34 40 51 37 32 14 17 38 27 19 15 26 12 46 51 53 12 29 30 28 25 41 18 28 25 20 5 39 28 40 34 33 24 11 24 35 40 16 19 22 43 19 19 40 42 15 27 21 20 22 41 16 5 32 12 3 18 22 27 57 22 15 47 22 33 43 42 23 25 30 43 45 10 10 41 13 29 27 13 45 40 48 24 35 32 18 39 31 31 40 18 30 17 28 16 32 48 26 32 30 9 24 24 16 39 25 51 32 23 32 12 19 22 42 30 17 21 18 41 18 10 48 32 39 23 51 50 47 13 24 9 8 6 46 28 30 10 13 23 42 26 11 20 36 49 20 40 51 31 17 34 28 30 29 29 23 27 22 25 18 49 32 35 19 37 32 16 50 12 41 49 30 28 6 42 48 24 51 46 25 21 46 53 22 1 41 30 9 12 36 55 45 5 11 46 48 12 18 2 31 27 21 46 50 25 39 18 29 42 36 52 27 31 27 11 38 50 25 9 14 8 20 40 21 17 48 18 26 10 33 43 25 20 22 25 19 23 32 40 47 29 32 9 39 28 19 47 54 41 44 51 19 13 52 20 47 31 39 49 18 21 39 39 28 42 43 27 31 49 11 27 28 33 35 30 19 22 35 27 26 25 9 30 13 13 28 47 51 33 9 11 39 44 30 25 31 8 42 27 45 25 15 9 22 41 8 40 39 46 52 33 16 16 28 20 24 40 13 23 42 8 17 39 57 16 39 35 29 30 43 13 6 39 41 50 56 50 15 39 14 51 33 43 10 20 14 13 12 42 33 48 45 40 44 40 34 39 30 27 14 37 42 21 37 21 8 42 28 33 12 43 38 51 50 7 30 21 29 52 3 36 8 5 22 54 26 5 16 47 39 44 17 32 43 7 13 44 30 30 24 41 50 28 32 40 14 34 28 24 25 58 26 27 33 17 54 0 45 41 38 39 18 48 42 33 13 40 7 8 12 8 24 37 29 40 23 21 20 16 25 29 15 44
71 16 48 54 40 40 46 47 9 13 10 22 37 48 47 30 35 48 56 22 39 7 25 46 13 38 37 69 36 48 21 58 47 57 67 24 39 37 37 6 35 43 9 5 3 57 50 54 49 43 65 34 12 6 42 26 40 30 44 29 13 46 9 53 21 54 51 50 47 46 20 34 30 53 42 26 50 8 4 13 46 5 60 38 62 19 50 61 25 53 20 29 29 55 26 46 49 48 11 11 9 46 35 39 26 36 58 23 14 6 30 39 46 28 45 20 5 31 50 15 50 40 35 44 20 8 19 42 44 59 49 12 28 10 13 16 56 36 9 43 32 30 52 34 32 26 11 36 18 60 18 48 49 48 61 23 27 48 11 48 7 53 24 52 43 36 11 26 57 30 49 13 28 27 41 24 43 53 52 39 54 6 47 50 60 47 44 45 24 21 44 39 53 29 32 65 36 44 47 39 42 21 17 52 37 15 46 46 52 38 16 47 13 23 38 23 31 31 26 53 25 39 46 31 26 29 28 9 30 61 52 39 61 40 45 14 51 40 15 63 13 52 51 55 10 26 41 28 49 24 37 53 45 61 7 52 8 33 46 33 40 54 51 41 41 32 39 51 44 46 48 44 56 59 25 11 25 17 40 60 33 28 18 16 20 49 27 28 33 39 40 20 45 51 36 49 14 54 8 57 22 19 29 25 49 6 12 63 30 25 29 61 23 48 26 45 32 18 51 39 10 44 12 45 40 11 33 38 31 44 19 42 43 36 13 23 8 36 32 39 28 8 54 44 46 47 25 11 28 44 55 49 26 23 49 42 21 28 38 36 55 35 22 60 27 62 27 50 24 34 18 45 40 47 8 19 61 20 48 13 11 48 35 56 45 48 27 61 9 5 46 46 52 13 45 18 10 21 15 11 55 26 40 63 20 33 47 34 14 25 49 27 48 24 51 57 39 44 9 16 51 56 11 21 34 31 28 44 49 25 8 53 53 47 52 11 38 31 9 47 42 38 32 58 64 40 42 44 34 40 43 38 32 52 46 48 14 17 16 20 6 33 43 6 18 20 42 30 41 17 36 29 69 19 54 35 34 33 44 40 26 13 28 13 43 51 22 7 54 19 53 13 12 30 46 54 52 11 64 24 49 39 23 33 10 40 20 30 28 12 46 45 42 50 41 46 26 49 50 43 18 34 54 16 38 39 55 29 66 64 30 11 25 18 13 16 33 22 43 62 62 47 27 24 70 35 13 45 0 10 8 46 47 9 45 59 56 39 48 40 45 46 51 18 51 18 61 58 41 55 42 21 50 47
70 17 56 46 41 40 43 51 1 16 19 28 44 41 53 25 34 41 54 13 38 8 31 45 19 30 30 68 42 40 19 55 40 57 66 18 42 40 37 15 38 50 15 11 8 58 50 53 47 42 64 30 20 13 45 20 46 36 38 23 6 40 4 51 12 51 46 49 40 53 22 38 32 50 36 27 43 12 8 4 43 14 58 46 61 14 43 61 22 54 17 22 29 56 32 51 54 43 9 4 8 47 31 37 19 34 59 17 14 15 33 35 45 36 37 20 9 22 52 23 43 45 41 50 26 14 10 40 42 56 42 13 34 10 18 9 54 36 6 45 32 27 45 31 38 35 12 31 19 60 15 41 53 41 61 22 26 43 3 40 12 56 15 45 37 29 8 32 54 24 49 5 23 22 46 30 42 54 45 40 53 12 41 46 61 46 39 38 23 22 51 40 47 36 32 65 42 49 40 31 45 28 24 50 35 5 40 48 53 32 24 51 21 22 42 15 30 36 29 55 31 39 49 25 18 26 32 7 32 62 53 35 60 33 44 5 52 46 10 61 12 50 50 55 17 29 34 28 42 30 37 48 51 62 6 44 17 40 51 29 42 49 47 38 47 24 42 48 42 39 52 36 52 58 29 8 22 8 47 61 32 33 15 13 21 51 20 30 34 41 33 29 48 53 29 52 11 52 18 53 28 27 32 28 46 4 8 61 38 32 22 59 30 54 20 41 38 12 48 33 7 51 5 42 34 19 40 32 25 40 22 34 44 42 22 23 4 29 24 44 33 14 55 47 38 41 31 9 30 42 53 46 24 29 49 35 29 24 30 33 56 41 17 59 21 61 25 42 28 39 26 47 43 42 5 14 58 28 54 4 4 54 28 53 51 41 34 61 15 14 39 39 55 19 47 24 18 15 11 20 52 19 42 63 11 24 40 27 7 18 50 29 45 16 45 54 31 50 18 19 46 51 17 28 25 33 31 42 53 26 5 53 47 44 45 2 35 37 5 53 48 41 31 55 63 33 43 49 31 41 48 34 31 55 53 47 20 21 14 13 4 29 39 10 24 28 50 38 40 8 35 37 69 26 51 28 29 29 43 46 17 22 34 4 49 55 27 9 56 18 47 5 19 23 50 54 49 18 64 28 43 45 29 41 20 37 13 30 20 11 43 49 37 46 33 52 19 44 49 49 24 40 53 10 44 35 52 35 65 64 31 17 34 17 13 22 28 26 35 61 61 54 20 25 69 34 13 41 10 0 7 50 40 18 50 60 53 44 45 35 39 41 51 9 53 9 60 56 34 53 43 14 43 52
65 21 49 48 35 34 39 44 6 9 15 21 37 41 46 23 29 41 50 16 33 11 24 40 13 32 30 63 35 41 14 51 41 52 61 16 35 33 31 13 32 44 15 12 6 52 44 48 43 37 59 27 14 13 38 18 39 29 37 23 8 39 10 47 17 47 44 44 39 46 15 31 26 46 35 21 43 5 9 9 39 13 54 39 56 13 43 56 18 48 13 22 23 50 25 44 47 41 4 11 1 41 28 33 19 29 53 15 8 10 26 32 40 29 38 14 4 25 46 17 43 38 34 43 19 8 15 35 38 52 42 6 27 14 11 9 50 30 3 39 27 23 46 27 32 28 16 29 13 55 11 42 46 41 56 17 21 41 7 42 5 49 18 45 36 30 3 25 50 23 43 12 21 20 39 23 37 48 45 34 48 6 41 43 55 41 37 38 18 15 45 34 46 29 26 60 35 42 40 32 38 22 18 46 31 12 39 42 47 31 18 44 16 17 35 18 25 29 22 48 24 33 42 24 20 22 25 11 25 56 47 32 55 34 39 9 46 40 7 57 6 46 45 49 10 22 34 22 42 23 31 46 44 56 1 45 15 33 44 26 35 47 44 34 40 26 36 44 37 39 45 37 49 53 22 13 19 13 40 55 27 26 11 9 14 45 20 23 28 34 33 23 41 47 29 45 7 48 14 50 21 21 25 21 42 5 13 57 32 26 22 55 24 47 20 38 31 11 44 32 4 44 12 38 33 14 33 31 24 37 15 36 38 35 17 18 3 29 26 37 26 15 49 40 39 40 24 14 23 37 49 42 19 22 44 35 23 21 32 29 50 34 15 54 21 56 21 43 21 32 20 40 36 40 2 11 54 22 47 11 11 47 28 49 44 41 27 55 8 11 39 39 48 12 41 18 12 13 8 16 48 19 35 58 15 27 40 27 8 19 44 22 41 17 44 50 33 43 15 12 44 49 10 21 28 26 24 37 46 20 9 48 46 40 45 9 31 30 4 46 41 35 26 51 58 33 37 42 27 35 41 31 26 49 46 42 13 14 9 13 6 26 36 3 17 23 43 31 35 13 30 31 63 20 48 28 27 26 38 39 20 17 28 10 42 48 20 2 49 13 46 8 12 23 43 49 46 11 58 21 42 38 22 34 16 33 13 24 22 15 39 42 35 43 34 45 19 42 44 42 17 33 48 9 37 32 48 28 60 59 25 11 27 12 7 15 26 19 37 56 56 47 20 19 64 29 18 38 8 7 0 43 40 14 43 54 50 37 42 33 38 39 45 13 47 15 55 51 34 48 37 14 43 45
38 61 24 68 15 26 36 3 49 35 44 24 21 60 14 42 30 53 35 53 28 52 24 28 34 58 50 37 15 63 36 40 61 25 36 43 12 10 22 45 14 22 52 51 46 18 26 28 32 29 35 38 35 50 7 44 15 20 48 46 48 50 53 33 56 39 49 27 53 20 29 13 20 38 47 25 59 40 50 51 35 48 36 23 34 44 53 31 34 17 38 46 26 18 22 6 7 48 42 53 43 17 40 33 46 31 20 43 37 42 18 39 26 26 61 33 43 57 16 35 57 8 14 16 26 39 54 28 32 39 58 38 20 55 34 45 38 24 45 13 24 36 64 34 20 29 57 43 33 26 38 62 4 56 30 31 29 44 49 64 40 14 54 62 48 54 43 22 36 44 20 54 40 40 6 25 25 20 59 20 25 40 54 40 23 30 40 54 33 31 22 18 54 24 23 30 14 5 59 57 10 27 32 37 33 54 50 12 18 45 34 1 38 32 9 53 28 16 22 15 22 22 10 43 51 36 19 53 21 26 15 42 33 57 25 51 20 18 43 38 40 35 26 27 37 22 51 27 55 24 23 49 12 25 44 61 46 22 9 39 16 46 46 35 12 56 10 35 27 59 3 61 43 35 22 55 38 55 19 25 27 18 40 40 31 14 46 22 21 15 51 32 8 10 50 6 41 32 44 44 26 34 19 23 38 48 56 36 27 27 50 37 28 15 45 40 16 45 37 46 44 20 54 35 45 38 21 44 44 39 29 60 19 17 40 30 46 49 57 10 19 53 21 9 62 50 22 57 23 31 36 35 33 25 22 52 31 39 58 33 16 15 42 37 45 34 33 60 23 13 33 11 9 48 45 43 40 31 17 53 53 13 49 39 17 57 25 26 37 47 55 57 7 33 12 30 37 43 42 40 41 50 12 27 53 58 56 52 48 49 16 24 33 51 52 41 60 10 45 32 47 45 35 29 58 20 20 32 3 26 52 21 54 33 60 51 34 17 46 7 18 10 29 39 33 53 16 3 33 17 6 40 28 8 22 26 32 30 38 48 49 37 44 42 30 34 23 26 25 54 27 27 37 29 42 50 43 40 28 9 55 37 23 52 8 6 24 42 17 35 53 49 35 47 3 28 41 36 34 23 51 11 24 24 43 35 47 25 54 57 37 4 44 41 56 18 49 43 28 12 29 17 32 44 11 37 36 21 34 32 22 36 30 34 39 31 41 25 61 35 33 22 50 27 38 26 59 39 46 50 43 0 55 42 4 20 42 9 36 43 49 47 20 52 16 56 35 32 54 33 15 47 54 5
50 56 73 13 40 30 22 53 40 39 54 47 63 6 66 19 26 5 33 28 28 48 52 31 47 14 10 48 57 9 29 29 7 44 47 24 44 47 34 52 43 69 54 50 45 50 35 37 29 27 45 19 49 51 49 22 61 55 8 18 35 7 43 32 31 26 12 34 3 69 39 48 39 26 8 36 4 41 47 37 23 52 37 66 41 28 6 44 27 47 29 19 32 49 51 59 61 11 37 42 39 41 16 22 22 25 50 25 37 49 42 16 32 59 10 33 43 21 45 52 3 54 55 66 47 45 32 28 26 31 3 37 52 49 43 31 30 32 39 44 32 22 9 22 58 60 51 14 35 47 32 8 57 1 45 32 30 14 38 10 43 51 27 8 8 13 37 50 32 18 40 39 21 22 54 52 31 44 6 36 39 44 3 20 49 29 16 2 29 34 70 37 9 58 34 50 56 57 5 12 46 52 52 26 23 37 6 46 45 11 52 56 53 31 49 26 29 51 42 48 50 34 47 17 22 23 44 46 38 49 48 13 41 10 33 36 42 64 33 38 35 29 36 39 47 41 7 31 3 51 33 14 63 49 40 7 54 61 62 18 40 18 16 21 60 18 45 27 30 6 57 10 24 37 47 46 24 36 64 48 29 46 30 32 36 46 21 39 36 41 7 57 49 51 11 53 34 33 53 24 50 56 42 39 23 42 45 40 62 56 19 37 55 67 21 17 53 30 26 10 37 69 42 22 10 51 59 12 17 17 39 11 38 59 55 33 39 12 19 56 48 53 45 47 10 7 48 47 37 26 31 25 27 50 38 6 56 21 13 23 50 56 26 36 20 42 27 5 42 53 54 45 47 9 40 29 33 55 68 38 41 66 12 28 66 3 57 48 44 51 1 4 56 45 45 49 48 27 33 54 25 22 44 50 30 19 1 14 34 23 44 36 26 25 9 27 14 61 54 39 14 21 44 52 19 38 43 25 58 37 44 43 10 26 6 39 21 53 38 61 65 47 27 31 45 8 40 55 23 39 57 16 29 56 71 34 45 43 32 28 43 20 12 42 48 57 69 61 31 34 28 61 49 51 23 13 15 17 29 56 25 53 56 37 59 56 44 41 48 32 10 36 47 18 53 38 23 47 45 43 8 57 48 63 54 21 28 32 22 49 21 52 12 19 8 68 22 16 33 61 47 57 34 32 56 19 30 55 47 46 36 46 60 33 35 48 17 43 12 40 42 71 21 36 49 30 51 18 47 40 40 55 0 52 58 51 26 54 24 13 7 11 41 32 46 35 39 38 7 33 41 27 5 59
70 21 41 61 38 41 48 43 17 15 3 18 30 54 40 35 37 53 57 29 40 14 19 47 9 45 42 68 30 55 25 60 54 56 67 29 37 33 36 4 33 36 12 12 11 54 50 54 50 45 65 38 8 9 38 31 33 23 49 35 21 51 18 54 30 56 56 51 52 39 19 30 29 55 47 26 56 12 13 21 48 7 61 31 62 25 55 61 28 51 25 34 30 53 20 40 43 53 16 19 15 45 40 42 32 38 56 28 16 4 27 43 47 20 52 22 11 39 49 8 55 35 29 37 16 7 28 43 46 60 55 16 22 17 12 22 58 36 16 41 33 34 59 37 25 19 18 41 20 59 22 55 45 53 61 24 29 52 19 55 10 51 32 58 48 43 17 21 58 35 48 22 33 32 36 18 43 52 57 39 53 9 53 53 58 48 47 50 27 22 37 39 58 22 31 64 30 39 53 45 39 15 10 54 40 23 51 44 50 43 9 43 4 25 34 31 32 26 23 51 20 39 44 36 33 33 25 17 29 60 49 44 61 47 45 22 50 33 20 64 18 54 51 55 7 24 46 29 54 18 37 57 39 59 14 58 5 26 40 38 39 57 55 43 35 39 37 52 44 52 43 51 58 60 20 19 29 25 33 59 34 25 23 21 20 47 33 26 32 37 45 13 42 48 41 45 19 55 3 59 16 11 27 24 51 15 20 63 23 18 36 62 16 41 32 48 26 24 53 44 17 36 20 47 45 4 26 43 36 47 18 49 42 29 4 25 15 41 40 34 24 13 53 42 53 52 21 19 27 45 57 51 29 17 49 47 13 33 45 38 52 29 27 61 33 62 30 56 22 29 11 42 37 51 15 24 62 13 41 22 20 41 41 57 38 54 20 59 10 7 51 52 48 11 43 12 6 26 20 3 58 33 37 61 28 40 52 40 22 32 47 27 49 31 56 59 47 38 4 16 55 59 10 14 41 30 25 46 44 24 17 52 58 48 58 20 40 26 16 42 35 35 34 59 63 46 40 40 36 38 38 42 33 48 39 48 11 15 21 27 15 37 48 11 13 12 35 23 42 25 37 22 69 13 57 41 39 37 45 35 34 5 21 22 38 47 20 13 52 22 58 20 8 35 42 54 55 7 64 21 54 33 19 26 2 42 26 30 35 19 49 42 47 52 47 39 32 52 50 37 14 27 55 22 32 42 56 22 65 64 30 8 18 21 18 11 38 19 50 62 62 40 34 24 70 35 20 48 9 18 14 42 52 0 40 56 59 34 50 45 50 51 50 26 49 27 62 58 47 56 40 27 55 42
42 60 20 70 18 29 39 7 49 35 42 23 17 62 10 43 32 55 39 53 30 51 22 31 33 60 52 41 12 65 36 44 63 29 40 44 14 11 24 44 15 18 51 50 45 22 30 32 35 33 39 40 33 48 10 45 11 18 50 47 48 52 52 36 56 43 52 31 55 16 29 13 21 42 50 25 61 39 49 51 38 46 40 19 38 44 56 35 35 21 38 48 28 22 20 2 5 51 42 53 43 20 42 36 47 33 24 44 36 41 19 42 30 23 63 33 42 58 20 33 59 6 11 12 25 38 54 31 35 43 60 38 18 54 33 46 42 26 45 16 26 38 66 37 17 26 56 45 33 30 38 64 6 58 34 31 31 47 49 66 39 18 54 65 50 56 43 20 40 45 24 54 42 41 4 23 28 24 61 22 29 39 57 44 27 33 43 56 34 31 18 21 57 21 24 34 11 1 62 59 13 25 30 40 35 54 53 15 22 47 32 5 36 33 9 53 30 14 22 19 21 25 14 45 51 37 19 52 22 30 19 45 37 59 28 50 24 14 43 42 40 39 29 31 36 22 53 29 58 22 25 52 8 29 44 64 44 19 5 41 19 49 49 38 8 57 13 39 30 61 4 63 46 39 21 54 39 55 15 29 29 18 40 41 31 18 47 22 22 17 53 30 11 14 51 10 41 36 42 47 24 32 19 24 41 47 55 40 23 24 51 41 26 11 46 43 14 45 40 48 44 16 54 38 48 36 18 47 46 42 28 62 22 13 38 30 46 51 58 7 18 51 25 13 64 52 20 56 24 34 39 39 35 23 26 54 29 41 59 35 20 12 43 41 46 38 34 63 22 11 31 15 11 51 45 43 44 29 13 53 53 9 51 43 13 60 23 30 36 45 57 59 10 32 16 28 35 43 42 39 45 50 15 31 53 59 58 53 48 50 20 25 37 52 55 45 61 6 43 32 50 49 34 26 59 21 20 35 5 26 51 25 56 36 63 51 37 15 46 4 14 11 31 42 37 55 19 3 35 20 3 42 30 11 18 30 31 29 39 48 48 39 47 41 28 31 19 23 28 54 30 24 41 27 46 52 44 42 31 5 56 35 20 52 4 9 24 42 21 35 56 48 34 48 7 32 44 35 38 23 54 8 22 21 41 37 47 27 55 56 40 8 47 44 57 14 50 46 31 8 27 14 36 45 8 40 40 19 38 36 23 35 27 35 39 30 43 25 63 39 37 18 51 27 42 28 58 42 45 50 43 4 58 40 0 24 45 7 39 45 52 49 24 53 20 56 39 35 56 37 18 47 56 2
18 74 42 63 19 24 29 17 59 46 58 39 40 56 33 44 30 47 22 58 26 64 40 21 48 59 50 18 34 60 42 28 58 8 17 48 20 24 24 59 24 41 66 64 58 3 16 15 23 25 16 38 49 63 19 47 34 38 43 48 56 45 63 21 62 28 42 17 48 39 39 28 29 28 44 33 54 51 62 60 28 62 20 43 17 50 47 13 39 6 44 49 32 4 39 25 24 42 51 64 53 13 39 31 49 31 1 48 47 56 30 37 20 44 59 41 55 60 9 50 52 26 32 36 41 52 60 24 26 26 53 48 37 67 46 53 25 25 55 16 28 38 59 35 39 47 69 42 42 7 45 58 19 51 12 38 35 37 58 61 52 7 59 57 44 55 52 38 23 46 13 63 43 43 25 41 22 7 53 21 13 53 49 32 4 22 35 51 39 39 42 20 47 42 28 10 33 24 56 57 18 43 48 26 32 62 46 13 8 44 49 20 54 39 24 58 32 32 34 6 38 22 13 45 54 38 32 65 29 7 8 40 16 56 19 59 9 37 51 22 49 24 15 14 51 33 49 33 50 40 25 40 31 6 55 56 61 41 28 40 19 37 38 32 31 58 20 26 23 56 21 59 32 20 37 66 42 63 38 6 30 32 47 48 40 10 49 31 26 20 50 49 16 11 50 15 49 20 58 32 42 50 30 34 29 58 67 19 45 44 53 21 45 33 48 34 34 51 27 44 53 40 64 29 43 53 39 43 46 34 40 59 17 36 56 37 56 49 59 29 34 66 7 15 59 44 37 68 31 26 24 27 38 40 14 49 48 42 58 33 5 33 47 22 48 17 37 56 35 31 49 15 20 42 56 49 25 48 35 62 63 31 49 27 36 53 43 7 50 60 51 54 14 47 14 45 51 49 50 56 30 53 20 7 59 60 52 53 56 53 10 32 25 56 45 29 60 30 60 43 39 35 48 45 60 28 32 27 20 35 63 9 46 25 55 60 32 34 56 26 37 23 31 25 14 52 17 22 34 20 25 38 31 13 41 18 46 42 47 54 60 38 39 53 44 51 42 44 23 61 28 46 18 45 32 50 43 41 23 28 60 53 41 61 27 15 37 53 5 43 45 57 49 49 18 14 31 50 15 36 45 30 39 43 58 32 53 31 57 69 31 18 40 33 54 37 52 36 18 31 43 35 19 52 30 35 24 39 15 13 29 49 48 43 48 46 42 38 60 19 16 41 53 35 19 27 71 33 59 60 54 20 51 56 24 0 30 27 28 40 45 41 10 60 8 63 19 17 52 21 17 52 48 24
25 70 64 37 29 20 11 39 53 45 61 46 57 31 55 30 22 22 9 46 20 60 50 15 51 38 30 22 50 35 36 3 33 22 22 36 33 38 26 60 34 61 64 61 55 30 16 15 11 15 20 24 53 62 36 35 53 51 20 32 48 20 57 10 49 3 15 15 23 60 40 40 34 4 22 35 28 49 58 51 11 61 12 60 16 40 21 19 32 28 37 34 30 29 49 47 48 16 47 57 49 26 23 18 36 21 29 37 44 56 37 19 16 57 35 37 52 42 28 55 26 44 48 56 47 52 49 17 14 5 28 45 48 62 47 44 5 24 50 30 28 27 32 23 53 59 65 24 39 24 39 33 42 26 21 35 31 13 51 36 51 32 45 30 22 34 47 48 7 31 22 55 30 31 44 50 19 25 26 25 18 52 24 8 27 13 15 26 33 37 62 26 20 55 30 25 49 45 31 35 33 52 54 6 20 53 21 31 26 24 55 42 58 34 39 44 27 45 40 29 48 24 32 29 39 28 40 59 33 26 30 20 16 34 18 50 23 56 44 13 44 7 17 17 52 39 27 30 25 49 25 12 52 26 50 29 62 56 50 25 28 8 11 16 50 40 34 8 17 31 44 36 2 12 44 60 32 52 57 26 26 42 39 42 39 29 35 36 30 30 28 58 34 35 30 38 43 10 60 3 50 58 38 37 8 53 60 15 59 55 37 12 55 56 34 13 47 42 6 24 48 60 57 12 22 56 54 23 30 14 41 36 24 52 60 35 51 29 40 47 44 64 25 33 35 19 46 62 34 15 7 9 31 49 20 26 57 30 37 21 31 49 37 11 34 17 30 30 41 46 56 31 36 17 51 40 8 56 58 53 56 54 31 3 57 28 55 25 50 60 26 29 40 49 30 51 53 39 43 59 2 39 32 26 47 41 27 34 47 39 26 34 10 42 19 1 38 51 62 43 13 6 49 53 41 33 39 14 43 36 57 23 19 11 28 53 19 47 50 48 56 37 25 6 20 30 27 43 23 27 45 20 26 39 62 16 49 45 41 42 55 24 17 51 50 59 61 58 20 51 23 59 23 52 4 32 26 25 16 46 45 58 53 52 48 40 43 50 28 38 18 49 52 33 39 16 5 52 20 42 19 48 47 58 61 17 42 30 41 63 11 38 19 8 32 58 38 11 14 51 48 51 11 44 48 19 6 51 22 22 32 51 59 39 43 50 26 43 37 15 17 62 38 36 24 25 66 13 56 53 50 42 26 59 45 30 0 45 9 20 21 17 23 49 28 52 14 14 30 10 28 41 22 46
45 53 20 66 17 27 37 11 43 28 35 17 14 59 12 39 29 52 39 48 28 45 15 30 26 56 48 43 7 61 31 44 60 31 42 39 12 8 21 37 12 16 45 43 39 25 30 33 34 31 41 36 27 42 9 40 9 12 47 43 42 49 46 36 50 42 50 31 52 16 23 7 16 41 46 20 58 33 42 45 37 40 41 16 40 39 53 37 30 23 33 43 24 25 14 8 11 48 36 47 37 21 39 33 42 30 27 39 31 34 14 39 29 18 59 27 36 53 22 26 56 2 5 12 19 31 48 29 33 43 57 32 12 48 27 40 42 23 39 16 22 34 63 33 12 20 49 41 27 32 32 60 12 55 36 26 26 45 42 62 33 21 49 61 47 52 37 13 40 41 25 48 37 37 3 17 27 26 58 21 31 33 54 42 30 32 40 53 29 25 18 19 55 15 20 37 6 6 58 54 13 19 24 40 32 48 50 17 24 44 26 10 30 27 6 48 26 8 16 22 14 22 16 40 46 33 13 46 17 33 21 42 39 55 27 45 26 12 37 44 34 38 30 33 30 16 50 24 55 16 23 50 9 32 38 61 38 14 9 38 18 48 47 35 6 52 11 38 29 57 10 59 45 40 15 48 34 49 13 32 25 12 34 35 25 20 42 17 19 16 50 24 13 17 47 14 35 36 36 46 18 25 13 19 39 41 49 41 18 18 47 42 20 13 41 41 8 39 39 44 38 16 48 36 44 30 13 43 41 40 23 58 21 9 32 25 40 47 53 3 12 45 27 14 60 49 14 49 19 32 40 38 30 17 27 50 23 36 55 32 23 6 37 42 42 40 30 59 17 5 24 15 10 48 39 38 44 23 15 46 47 12 47 42 13 56 17 33 30 39 54 56 15 26 16 22 29 38 36 32 44 45 13 34 47 54 55 49 42 45 22 20 35 46 53 44 57 8 37 26 48 48 28 20 54 17 14 34 11 21 45 27 54 35 60 45 34 9 40 9 12 8 27 42 39 51 18 7 32 18 5 39 26 16 17 29 25 23 33 43 42 35 44 35 22 25 17 17 26 48 27 19 43 21 45 48 40 38 30 3 50 29 15 46 6 15 17 36 24 29 54 43 28 43 10 33 43 29 40 17 51 4 16 16 34 35 42 23 50 50 39 10 44 43 54 14 45 44 31 8 21 9 36 39 3 37 40 13 40 38 19 28 21 29 33 24 39 18 59 40 39 18 46 22 44 25 51 40 39 44 37 9 54 34 7 27 45 0 38 42 49 47 25 47 22 50 41 37 52 37 17 42 54 9
28 62 58 36 22 12 3 34 45 37 53 37 50 29 49 23 14 20 10 39 12 52 42 9 42 33 25 26 43 33 28 10 31 21 25 29 26 31 18 52 27 54 56 53 47 28 13 14 6 8 22 16 44 54 30 27 46 43 16 26 40 18 49 9 43 6 14 11 21 53 32 33 26 5 18 27 26 41 50 44 3 53 15 53 18 32 19 21 24 25 29 27 22 26 41 41 43 14 39 49 41 20 16 9 29 13 27 29 35 48 29 12 10 49 32 29 44 37 24 47 24 38 41 50 39 44 42 10 6 11 26 37 40 55 39 37 9 17 42 24 19 19 32 15 46 51 57 17 31 24 31 31 37 24 22 27 22 10 43 34 43 29 39 30 18 30 39 40 10 24 18 47 23 24 37 43 12 22 26 18 16 44 22 5 26 7 9 24 25 29 55 19 20 47 22 27 42 39 29 31 27 43 46 5 12 46 19 25 22 19 47 37 50 26 33 38 19 38 32 26 40 16 27 23 33 20 32 52 26 26 26 14 18 30 12 43 20 49 36 17 36 6 13 16 44 31 23 22 23 42 17 13 46 26 42 29 54 49 44 18 21 10 10 8 44 34 28 4 9 29 38 33 8 14 37 53 24 45 50 25 18 34 32 34 31 25 28 28 22 23 24 50 29 30 25 33 35 10 52 9 41 50 30 29 2 45 53 18 51 47 31 15 47 50 28 8 40 35 3 18 40 53 50 4 17 48 47 18 24 8 33 33 18 45 52 26 43 24 35 40 36 56 22 28 33 17 38 54 25 7 9 1 23 41 16 23 49 22 32 13 28 42 30 14 27 19 22 28 32 38 48 25 29 15 43 33 13 48 52 46 48 48 25 8 50 26 47 25 42 52 24 27 35 41 25 43 45 31 35 51 8 32 26 27 40 36 25 28 40 33 22 26 3 35 18 9 34 44 53 35 12 10 41 45 36 25 31 5 38 28 49 20 19 4 28 45 11 40 42 43 50 30 17 10 22 26 21 37 15 21 39 14 18 35 55 11 40 37 33 35 47 17 13 43 42 51 54 50 12 44 15 51 27 44 8 26 19 18 9 40 38 49 45 44 41 36 35 42 25 30 18 42 44 27 34 15 6 44 22 33 17 41 39 51 52 9 34 22 35 56 4 33 14 5 28 51 31 8 10 45 40 43 11 36 41 11 8 43 24 24 24 43 51 31 35 42 19 35 34 18 19 56 32 28 27 16 58 7 48 45 42 36 24 50 39 28 9 38 0 14 18 14 19 42 24 45 17 15 26 10 22 34 20 40
42 52 62 25 28 18 12 41 35 31 47 36 52 17 54 11 14 10 24 27 16 43 41 20 38 20 11 39 45 21 20 22 19 33 38 18 32 35 22 45 31 57 48 44 39 39 25 27 19 16 36 8 40 46 36 16 50 44 5 13 30 8 39 22 30 18 12 23 10 57 28 36 27 17 5 25 16 34 41 33 13 45 28 55 32 22 12 34 18 35 21 15 20 37 40 47 49 8 30 39 32 29 5 10 17 13 39 19 29 42 30 4 21 48 20 24 36 23 34 43 15 42 43 54 36 38 30 16 15 24 15 30 40 45 34 26 22 20 33 31 20 12 21 10 47 50 47 5 26 37 24 19 45 13 35 22 19 9 33 22 36 39 26 20 5 16 30 39 23 12 28 36 13 14 42 41 19 33 17 24 28 37 12 13 39 18 6 12 19 24 58 25 14 47 23 40 45 45 17 18 34 42 42 18 10 35 8 34 33 5 43 44 45 21 37 25 17 39 31 37 39 22 35 11 20 13 32 42 26 39 36 1 32 16 21 32 31 52 26 30 28 19 26 29 39 30 10 20 13 40 20 13 51 38 33 19 47 50 49 7 27 14 12 9 48 21 33 17 18 17 45 20 18 28 36 43 16 34 53 37 18 35 23 25 26 34 16 27 24 29 10 47 36 39 11 41 27 23 46 19 40 46 31 27 13 36 42 32 51 45 18 29 45 55 16 7 42 24 17 5 31 57 39 12 3 43 48 4 11 7 29 20 26 47 47 22 34 10 22 44 36 47 34 35 20 8 37 44 25 15 22 15 17 39 27 10 46 13 19 10 39 44 19 28 15 33 16 18 31 41 44 33 35 8 34 23 26 45 56 35 38 54 12 20 54 15 46 38 35 44 12 15 44 36 33 40 40 21 26 46 18 20 31 40 28 22 14 15 29 20 32 25 16 23 12 20 21 49 47 30 11 17 36 42 22 26 31 14 45 26 39 32 14 16 18 35 9 41 33 49 53 35 15 23 35 12 28 43 11 27 44 4 17 43 59 23 36 33 25 24 37 9 4 35 39 48 57 50 19 32 16 51 40 41 17 13 7 8 18 44 25 45 45 34 47 44 33 34 36 24 14 31 39 14 41 28 15 39 36 32 10 45 37 51 47 9 23 21 22 46 11 40 2 12 15 56 19 10 22 49 37 45 24 26 44 6 21 43 38 37 24 38 49 25 28 38 8 32 21 31 33 59 19 25 41 18 48 8 40 35 33 43 13 45 45 40 20 42 14 0 7 6 30 30 35 33 30 28 13 23 29 22 12 47
44 55 68 19 34 24 16 47 39 36 52 42 58 12 60 15 20 4 27 29 22 47 47 25 43 17 10 42 52 16 26 24 14 38 41 22 38 42 28 50 37 63 52 48 43 44 29 31 23 21 39 14 45 50 43 20 56 50 2 16 33 1 42 25 32 20 8 28 4 64 34 42 33 20 3 31 10 39 45 36 17 50 31 61 35 26 6 38 23 41 26 17 27 42 47 53 55 5 35 42 37 35 11 16 20 19 44 23 34 47 36 10 26 55 16 29 41 23 39 49 8 49 50 60 42 43 32 22 19 25 9 35 47 48 39 30 24 26 37 37 27 18 15 16 53 56 50 10 31 41 29 14 51 7 38 28 25 9 37 17 41 45 27 14 2 15 35 46 26 16 33 39 18 19 49 48 25 38 10 30 33 42 5 15 43 23 10 6 25 30 65 31 8 53 29 43 51 51 12 15 40 48 48 21 17 37 2 39 38 7 49 50 50 27 44 27 24 46 37 42 45 28 41 15 22 19 39 45 33 43 41 8 35 13 26 35 36 58 31 33 32 23 30 33 44 36 7 26 7 47 27 10 57 43 38 13 52 56 56 13 34 14 11 14 54 20 40 20 23 12 51 16 19 31 42 46 21 36 59 42 24 41 27 30 32 40 19 34 30 35 8 53 42 45 11 47 32 26 51 19 46 52 37 34 16 40 45 34 57 52 19 31 51 61 19 11 48 28 20 6 35 63 42 16 6 48 54 8 15 11 35 16 31 54 52 28 38 11 21 51 43 51 39 41 15 3 43 47 32 20 25 19 23 45 32 6 52 18 17 17 44 50 24 30 18 36 22 12 38 48 50 39 41 4 38 27 28 51 63 38 41 60 12 22 61 9 52 42 41 49 7 10 50 41 39 45 45 25 31 51 19 22 38 44 30 22 8 15 33 22 37 31 20 25 7 22 18 56 51 35 9 17 41 48 21 33 37 19 52 32 43 37 9 20 12 38 15 47 37 55 60 42 22 25 39 10 34 50 18 33 51 10 23 49 65 27 41 39 30 27 41 15 6 40 44 53 64 56 25 35 22 57 43 47 18 13 12 13 23 51 26 50 51 37 53 50 39 39 41 29 9 35 44 16 47 32 17 44 39 39 5 51 43 58 52 15 26 27 23 49 15 46 5 14 11 62 21 11 27 56 43 52 27 30 51 13 24 50 41 41 30 43 55 30 33 44 13 39 17 34 36 66 21 31 43 25 51 12 45 39 38 49 7 50 52 45 21 49 18 7 0 5 35 32 40 35 33 32 9 27 35 25 6 53
40 58 66 23 32 21 12 45 41 37 53 42 57 16 58 17 19 7 23 32 20 49 46 21 44 22 14 38 50 20 26 19 18 34 37 24 36 40 26 51 35 62 54 50 44 41 25 27 19 18 35 14 46 51 40 22 54 49 4 18 36 4 45 22 35 16 6 24 8 62 34 41 32 16 6 31 13 40 47 39 13 51 27 60 31 28 7 33 24 37 27 20 26 39 46 51 53 2 36 44 38 32 11 14 22 17 40 25 35 48 35 9 22 54 20 30 42 27 36 49 11 47 48 58 42 44 35 19 16 21 13 36 46 50 40 32 20 24 39 35 25 18 19 15 52 55 53 11 32 37 30 18 48 11 35 28 25 5 39 21 42 41 30 17 5 19 36 45 22 18 30 42 19 20 47 47 22 34 13 27 29 43 9 11 39 19 7 11 25 30 63 29 9 52 27 40 50 49 16 19 37 47 48 17 15 40 5 37 35 9 49 47 51 27 42 30 22 44 36 39 45 25 38 16 25 19 38 47 31 39 38 7 31 18 23 38 32 57 32 28 34 18 26 29 45 35 11 25 10 46 25 7 55 39 39 16 53 55 54 13 31 10 7 12 53 24 37 17 20 15 49 20 15 27 41 48 22 39 58 38 22 40 29 31 32 37 22 33 29 32 12 53 40 42 15 44 33 23 52 15 45 52 36 33 13 42 48 30 57 51 22 27 50 59 21 7 47 30 15 9 36 62 44 13 7 49 53 9 17 8 35 20 29 52 53 28 40 14 25 49 42 53 35 38 20 4 43 49 30 17 21 15 23 45 28 10 52 19 21 15 40 49 25 26 20 32 22 15 37 46 50 36 39 2 40 28 24 51 61 40 43 58 15 18 59 13 52 38 41 50 10 13 47 42 36 45 46 26 32 52 15 24 35 40 33 25 12 18 35 25 34 30 16 28 6 18 22 54 53 36 5 13 42 48 25 31 36 15 49 31 45 33 8 16 15 40 14 46 39 53 58 39 21 21 35 14 31 47 17 30 49 10 22 46 64 24 42 39 31 29 43 15 4 41 44 53 62 56 22 37 20 56 39 47 13 16 13 14 20 49 30 51 50 39 51 47 38 40 38 30 8 37 45 19 45 28 13 45 35 38 5 50 43 57 53 13 29 26 26 51 11 43 4 10 15 60 24 7 23 54 42 50 24 32 49 11 20 49 37 37 29 44 55 31 34 44 14 38 21 30 32 64 24 31 39 23 53 8 46 41 39 47 11 51 49 41 17 47 14 6 5 0 32 35 37 38 29 27 13 22 33 28 8 51
21 66 44 54 12 14 20 18 50 38 52 33 39 46 34 34 20 38 15 49 16 56 35 11 41 49 40 19 32 50 33 21 48 7 18 38 15 20 15 52 18 41 58 56 50 10 7 8 14 15 16 28 43 56 16 38 34 34 34 38 47 35 55 13 52 20 33 8 38 39 32 23 21 20 34 25 44 43 54 51 19 54 16 41 15 40 38 12 30 6 35 39 23 8 34 25 26 32 43 55 45 6 29 21 40 21 9 38 38 49 23 27 10 41 49 32 47 50 5 44 42 25 30 36 35 44 51 14 16 20 44 40 32 59 39 44 19 16 47 11 19 28 50 25 36 43 61 32 33 10 36 48 21 42 12 29 26 28 49 51 44 10 49 48 34 45 44 33 17 36 3 54 33 33 24 36 12 3 44 12 6 45 40 23 10 13 25 41 30 30 42 12 38 39 20 15 31 24 46 47 14 38 42 18 22 53 36 10 4 34 44 21 47 30 21 48 22 28 27 8 33 13 11 35 44 28 26 56 22 11 8 30 14 46 9 50 1 37 42 19 40 16 6 8 44 26 39 24 41 35 15 32 31 11 46 47 54 39 29 30 11 28 29 22 31 48 16 17 13 46 22 49 24 15 31 58 32 53 38 10 20 27 38 39 32 7 39 24 18 13 40 44 14 13 40 16 40 13 52 25 36 45 24 26 20 50 58 16 42 40 43 17 40 35 38 25 30 42 18 34 45 40 56 19 33 46 37 33 36 25 32 49 8 34 50 29 48 39 49 28 29 58 5 13 50 35 31 59 23 16 16 18 29 35 4 39 43 32 48 23 9 31 38 17 38 15 27 46 29 28 43 10 17 33 47 40 20 43 37 53 54 33 39 20 36 44 39 10 42 53 41 44 18 40 9 39 44 39 41 49 22 43 14 13 50 50 42 43 47 44 5 24 16 46 36 22 50 30 53 35 31 27 41 39 50 20 25 17 22 27 54 3 37 16 46 52 22 30 47 27 37 19 22 19 14 42 10 22 24 12 25 28 21 17 41 8 39 35 38 44 51 28 30 45 38 46 42 41 13 52 18 42 20 39 24 40 33 31 13 27 50 47 37 51 27 19 31 45 7 34 36 48 43 39 18 8 23 43 15 29 35 29 33 41 51 22 43 22 47 60 21 17 30 24 44 37 42 26 9 31 37 33 12 43 28 25 17 35 16 14 21 42 44 34 39 39 32 31 50 15 14 41 43 27 21 18 63 24 51 51 45 20 41 50 24 10 23 25 19 30 35 32 0 50 6 54 16 12 42 14 10 43 39 25
68 24 61 38 41 38 39 53 9 19 27 32 49 33 57 20 31 34 51 4 36 17 36 43 25 22 23 65 46 32 18 51 31 56 64 13 43 42 36 24 40 56 23 19 16 58 48 51 44 39 62 26 26 22 47 15 50 41 32 17 6 33 12 48 4 46 40 47 33 58 25 41 34 46 30 29 35 17 16 6 39 22 55 51 58 10 37 59 21 54 16 16 28 56 37 54 57 37 13 10 13 47 26 33 13 31 59 13 17 23 34 30 43 42 29 21 16 14 52 30 35 48 45 55 30 21 2 38 39 52 34 16 38 17 22 7 50 35 11 45 32 24 36 28 44 41 20 25 21 59 16 32 56 33 59 23 25 38 8 32 18 56 7 37 30 21 12 36 51 18 48 8 19 18 49 35 40 53 37 39 51 19 34 42 60 43 35 30 21 23 57 40 40 42 32 64 46 52 32 22 46 34 31 46 31 6 33 49 52 26 30 53 29 22 45 6 28 40 32 55 35 38 49 20 11 23 35 15 33 61 53 29 57 25 42 5 51 51 11 58 14 47 48 52 23 32 27 27 34 35 36 42 55 61 13 37 26 46 55 25 42 44 41 34 51 16 44 44 40 31 55 28 47 55 33 15 19 4 52 60 31 36 14 12 23 51 14 32 34 41 25 35 49 54 22 54 13 49 26 48 33 34 35 29 42 12 14 58 44 38 14 56 36 58 15 36 42 9 44 27 11 56 11 38 28 27 45 27 19 35 25 26 43 47 30 24 11 22 16 48 36 22 54 48 30 35 35 16 31 39 49 42 22 34 48 28 36 20 22 30 57 45 13 55 15 59 23 35 31 43 33 47 45 35 12 11 54 34 59 6 9 58 21 49 56 33 40 60 21 22 31 31 57 24 48 30 25 12 12 28 47 11 43 62 2 16 32 19 6 10 50 30 42 8 38 49 23 53 26 22 40 46 22 34 17 34 34 38 55 28 13 52 40 41 37 8 31 41 10 56 53 44 29 51 61 25 43 52 28 41 51 29 30 57 58 45 25 26 14 7 13 25 33 16 30 35 55 44 39 3 33 44 66 32 46 20 23 24 40 49 9 29 40 6 52 57 30 15 55 19 40 6 25 17 52 52 44 24 61 31 36 48 33 47 28 33 8 29 11 18 39 51 32 41 26 57 12 39 46 53 29 44 50 8 47 31 49 40 63 62 32 24 40 18 15 28 23 29 27 58 58 59 12 27 67 33 20 37 18 9 13 52 32 26 53 60 49 47 42 30 32 35 50 0 53 4 57 54 26 50 44 8 36 55
23 67 39 59 12 18 25 13 52 39 51 32 35 51 29 38 23 43 21 52 20 57 33 16 41 53 44 22 28 55 35 26 53 9 21 41 13 17 17 52 17 37 59 56 51 6 13 14 19 19 20 32 42 56 13 41 30 32 39 42 49 40 56 19 55 26 38 14 44 35 32 21 21 25 39 26 49 44 55 52 24 54 21 38 19 43 43 15 33 2 37 43 25 4 32 21 21 38 44 56 46 7 34 25 43 25 7 41 39 49 22 31 15 38 54 34 47 54 1 43 48 21 26 32 34 45 53 19 21 25 49 41 30 60 39 46 24 19 48 9 21 32 55 29 33 41 62 36 34 11 38 53 15 47 15 31 28 34 51 56 45 5 52 53 39 49 45 31 22 40 7 56 37 37 20 35 16 5 49 14 11 45 45 29 9 18 31 46 32 32 38 13 44 36 21 16 27 20 51 51 11 37 41 24 26 55 41 6 3 38 43 16 47 32 18 51 25 26 27 2 32 16 7 38 48 32 25 57 22 12 2 34 18 50 14 52 5 33 44 23 42 22 12 13 44 26 44 26 46 34 18 37 27 11 48 52 54 36 24 34 12 34 34 26 27 51 14 23 17 51 17 54 29 20 30 59 35 56 34 10 23 25 40 41 33 3 43 24 19 13 44 43 10 7 44 11 42 18 51 30 35 44 23 26 26 51 60 21 39 38 47 22 39 30 42 30 27 44 24 38 46 36 57 25 38 46 34 37 39 30 33 53 11 30 49 30 49 43 52 24 27 59 5 9 54 40 30 61 24 21 22 24 31 34 9 44 41 36 52 27 4 27 41 22 42 19 30 51 28 25 42 8 14 38 48 42 25 41 32 55 56 28 44 25 32 49 37 11 43 53 46 49 12 39 7 38 44 42 43 49 28 47 13 13 52 53 47 47 49 47 3 25 22 49 42 28 54 26 53 36 36 32 41 38 54 21 25 22 16 27 56 6 43 21 51 53 27 28 49 22 32 16 25 24 18 46 10 18 27 13 20 32 24 11 37 14 39 35 39 47 52 32 35 46 37 44 37 38 17 54 22 40 22 38 29 45 37 35 18 23 53 46 35 53 23 13 30 46 3 35 42 50 42 43 14 13 28 43 19 29 41 25 32 38 51 26 46 24 51 62 26 12 35 29 49 33 46 32 15 27 36 30 18 45 25 29 23 32 19 17 22 42 41 36 41 39 36 31 55 20 18 37 47 28 23 21 63 29 51 53 47 16 46 49 20 8 28 22 24 35 40 37 6 53 0 56 20 17 47 19 10 46 44 20
71 22 63 40 45 41 42 56 10 22 27 34 51 35 60 23 35 37 55 7 39 16 38 46 27 24 26 69 49 34 21 54 34 60 68 17 46 46 40 24 43 58 22 18 16 62 51 54 48 42 65 30 28 21 50 18 53 43 35 20 9 36 10 52 4 50 43 51 36 60 28 44 37 49 33 32 37 19 16 6 43 22 59 53 62 14 39 62 24 57 19 19 32 60 39 57 60 40 15 9 14 50 29 37 17 35 62 16 20 23 38 34 47 43 31 24 17 15 55 31 38 51 47 57 33 22 4 41 43 56 36 19 41 16 25 11 54 38 13 49 35 27 39 31 46 43 18 29 24 63 19 35 59 36 63 26 29 41 9 33 20 59 9 39 34 23 14 39 54 22 52 6 23 22 52 37 43 57 40 43 55 20 37 45 63 47 38 33 25 26 59 44 43 44 36 67 48 55 34 25 49 36 32 49 35 4 36 52 56 29 32 57 30 25 48 9 32 43 35 58 38 41 53 23 14 27 38 13 36 64 57 33 61 27 46 6 55 54 14 62 17 50 52 56 25 34 30 31 37 37 39 45 57 64 14 39 25 48 58 28 45 47 44 37 53 18 47 48 44 33 58 30 51 58 36 13 22 2 54 63 34 39 17 16 26 55 18 35 38 45 28 37 52 58 25 57 15 53 26 52 35 35 38 33 45 13 12 62 46 40 17 60 38 61 18 39 44 12 48 30 13 58 9 42 32 28 47 30 23 39 28 28 46 49 30 27 12 25 18 51 39 21 58 51 32 38 37 14 34 42 53 46 26 36 51 31 37 23 24 34 60 47 17 59 19 62 27 37 34 46 34 51 48 39 13 14 58 36 61 5 8 60 24 52 58 35 42 64 22 22 34 33 60 26 51 32 26 15 15 29 51 14 46 66 5 17 35 22 8 14 53 33 45 11 41 53 24 56 26 25 43 50 24 35 18 37 36 42 59 31 12 56 43 45 39 8 35 43 12 59 56 47 33 55 64 28 46 54 32 44 54 32 33 60 61 49 27 28 18 10 13 29 36 17 32 37 57 46 42 2 36 45 70 34 49 23 27 27 44 52 11 30 42 5 55 60 33 16 59 22 43 8 26 20 55 55 48 26 65 34 39 51 35 48 28 37 11 33 14 16 42 54 35 44 28 59 15 43 50 55 31 47 54 12 50 34 52 42 67 65 35 25 42 22 18 30 27 32 28 61 62 62 15 30 70 36 17 40 18 9 15 56 35 27 56 63 52 50 45 33 35 38 54 4 56 0 60 57 29 53 47 12 39 58
12 76 59 50 26 21 19 32 59 49 64 46 53 44 49 38 27 35 7 55 23 66 49 15 53 49 41 10 47 48 42 11 46 12 9 44 30 35 26 64 32 56 69 66 60 20 12 9 13 19 6 32 55 67 32 43 49 49 32 42 55 33 63 9 58 14 28 12 36 54 43 38 34 14 33 37 40 54 64 59 18 65 2 57 3 47 33 7 38 19 43 43 33 19 48 40 41 29 52 63 54 21 32 24 45 27 19 45 48 60 36 28 16 55 48 42 57 53 20 57 38 40 45 51 48 56 57 20 18 9 41 50 46 69 50 51 9 26 56 26 30 34 46 30 51 58 71 34 44 13 45 46 35 39 8 39 35 25 58 49 55 23 54 44 33 46 53 47 8 40 17 62 39 39 39 50 19 16 40 24 10 56 37 19 16 15 25 39 38 41 57 25 33 53 31 13 46 39 44 47 28 52 55 13 26 61 34 25 18 35 57 35 60 39 36 53 31 43 40 21 47 24 26 39 49 35 39 66 34 14 21 31 3 46 17 58 16 52 50 4 49 11 12 8 56 39 39 34 38 49 26 26 46 15 56 43 65 54 43 33 25 22 23 24 46 50 31 13 18 44 37 48 16 3 44 67 39 60 53 14 29 41 46 48 42 22 44 36 30 27 40 58 29 27 41 31 49 8 64 16 50 59 37 38 17 59 67 2 57 54 47 3 54 50 43 24 45 49 14 34 54 55 64 20 33 59 52 34 39 24 44 48 21 49 62 39 57 40 51 43 43 69 15 28 48 32 45 68 35 19 9 16 37 49 15 38 57 38 48 28 22 46 45 4 43 4 35 42 41 43 57 26 32 30 56 47 7 56 52 61 63 48 41 11 51 41 53 13 53 64 39 42 32 51 25 52 56 46 49 62 15 48 29 14 56 52 40 45 54 49 20 35 16 51 32 13 50 45 65 46 25 19 52 53 52 33 38 19 36 38 63 15 32 16 42 60 26 45 56 42 52 34 30 9 7 42 24 37 30 25 40 30 30 31 56 14 51 47 47 50 61 32 28 55 51 59 57 56 21 59 26 57 11 52 17 42 35 34 18 42 54 60 51 59 42 32 44 55 19 43 31 56 55 43 33 9 17 55 7 42 32 44 47 56 64 24 50 32 51 70 20 32 30 20 43 52 47 23 12 46 49 48 8 51 44 27 10 49 9 9 33 54 58 44 49 52 35 44 49 1 4 56 48 39 11 27 72 23 61 60 55 35 39 62 39 19 14 41 17 30 33 29 16 57 20 60 0 5 41 8 25 49 34 40
14 72 55 49 22 18 17 29 56 45 60 42 50 43 45 35 23 34 6 52 19 62 45 12 49 47 39 12 42 47 38 11 45 9 11 41 26 31 22 60 28 52 65 62 57 18 8 5 10 15 9 29 51 63 28 40 45 45 31 39 52 31 60 7 55 13 27 8 35 51 39 34 30 13 32 33 40 50 60 55 16 62 5 53 5 44 33 6 34 16 39 40 29 16 44 37 37 28 49 60 51 16 30 21 42 23 16 42 45 56 32 26 12 51 47 38 53 50 16 53 38 36 41 47 44 52 54 17 15 10 40 46 42 65 46 48 9 22 52 21 26 31 45 27 47 53 67 31 40 11 42 45 32 38 8 35 31 24 54 48 51 20 51 43 32 44 49 43 7 37 12 59 35 36 35 46 15 13 39 20 7 52 36 18 14 11 23 38 34 37 53 20 32 49 27 13 41 35 43 45 25 48 51 12 23 58 32 21 14 33 52 32 56 35 31 51 27 39 36 17 43 20 22 36 46 31 35 62 30 13 18 28 4 44 14 55 12 48 47 7 46 9 8 5 52 35 37 30 37 45 22 25 42 13 52 42 62 50 40 30 21 21 23 21 42 48 27 12 15 42 33 47 16 4 40 63 35 57 49 12 25 37 42 44 39 18 41 32 26 23 38 54 25 23 39 27 46 6 60 16 46 55 33 34 16 56 63 6 53 50 44 6 50 46 40 22 41 46 12 32 50 51 61 17 31 55 48 32 37 22 40 47 17 44 58 35 54 38 49 39 39 65 12 24 47 31 41 65 31 16 8 14 33 44 11 37 53 35 46 24 19 42 41 6 40 5 32 42 37 39 53 22 27 29 53 44 9 52 48 57 59 44 39 11 47 40 49 12 50 60 37 40 28 48 21 48 52 43 46 58 14 45 25 13 53 50 39 42 51 46 16 31 13 48 31 13 48 41 61 42 25 19 49 49 50 29 34 16 32 34 60 11 31 13 41 56 23 41 53 38 48 30 26 9 8 40 20 33 26 21 36 27 26 27 52 10 47 43 43 47 57 29 27 52 47 55 53 52 17 56 22 53 13 48 16 40 33 31 14 38 51 56 47 56 38 29 39 52 16 39 30 53 51 40 29 4 16 51 8 38 31 40 43 52 60 22 47 29 48 66 18 28 28 19 42 49 44 22 8 42 45 44 5 47 40 24 9 45 10 10 29 50 54 40 45 48 32 40 48 5 5 53 45 35 14 23 68 21 58 56 51 32 38 58 35 17 14 37 15 28 32 27 12 54 17 57 5 0 40 5 21 46 34 36
53 49 71 15 39 30 24 52 34 34 49 43 60 8 63 14 25 10 35 22 28 42 48 32 42 9 5 51 54 10 25 32 8 46 50 18 43 45 33 46 41 66 47 43 39 51 37 39 31 28 47 17 44 46 47 16 59 52 10 12 28 10 37 34 25 29 17 36 8 66 34 45 36 28 9 33 9 36 40 31 25 46 40 63 43 22 12 46 23 47 24 13 29 49 48 57 60 14 31 36 33 41 14 22 16 23 51 19 32 43 39 16 33 55 8 29 37 15 46 47 10 52 52 63 42 40 25 28 27 34 8 32 48 43 38 26 33 30 33 43 30 19 13 20 54 56 45 12 31 48 26 9 56 8 47 28 27 18 32 10 38 51 20 12 9 6 31 47 34 13 40 33 16 17 52 48 31 45 12 35 41 39 9 23 51 31 18 5 25 30 67 36 15 54 32 52 54 55 7 6 45 48 47 29 22 31 9 45 45 9 48 55 48 27 47 20 26 48 39 49 46 33 46 13 16 20 41 40 35 50 48 13 43 5 33 30 43 61 27 41 30 31 38 41 42 38 3 28 9 47 31 19 60 51 34 12 48 57 60 15 39 22 20 21 57 12 44 29 30 6 56 8 28 39 43 40 20 29 61 50 27 43 25 26 32 46 15 36 34 39 3 52 48 51 6 52 28 35 47 28 46 51 39 35 25 36 39 43 58 52 13 40 51 65 15 19 50 24 28 9 31 66 36 23 10 46 56 10 12 19 35 7 37 56 50 29 34 6 13 54 44 47 46 46 9 11 45 41 34 27 33 27 23 46 39 4 51 17 8 21 51 53 20 39 14 44 23 10 39 50 49 45 45 13 34 23 37 50 66 32 35 64 7 31 64 7 53 49 38 45 6 6 55 40 44 45 43 21 27 48 28 16 42 52 24 13 7 8 27 17 44 33 28 19 14 31 9 59 48 34 18 26 39 48 13 35 39 26 56 33 38 44 15 27 12 33 20 49 33 59 62 45 25 34 47 1 39 54 21 38 55 15 27 55 68 35 40 39 27 21 36 17 14 36 44 52 66 57 31 28 27 57 52 47 26 7 12 14 30 54 19 48 52 31 57 56 40 35 48 28 16 30 42 12 52 40 26 42 47 40 13 55 44 59 49 21 22 30 15 43 23 51 13 22 2 65 15 19 35 59 42 54 36 26 54 18 32 51 49 49 33 41 55 29 30 43 13 39 9 42 44 68 15 32 52 29 45 20 41 34 34 54 7 47 56 52 30 52 26 13 9 13 42 26 47 29 41 40 0 35 40 21 11 57
19 69 56 44 22 15 12 30 52 42 58 41 50 38 46 31 20 29 2 47 16 59 44 9 47 42 34 17 43 42 35 8 40 13 15 37 26 31 20 57 27 53 63 59 54 21 8 6 6 12 13 24 49 60 28 36 45 45 26 34 48 26 56 2 51 8 22 7 30 52 37 34 28 8 27 31 35 47 57 51 11 59 6 53 9 40 28 11 31 19 36 36 26 20 43 38 39 23 45 56 48 17 25 17 37 20 20 38 42 54 31 21 10 51 42 35 50 46 19 51 33 36 41 48 42 49 50 14 11 7 35 43 42 62 44 44 5 20 49 22 23 27 40 23 47 53 64 26 37 15 38 40 34 33 13 32 28 19 51 43 49 23 47 38 27 39 46 42 4 33 13 55 31 32 36 45 13 15 34 19 9 49 31 13 18 8 18 33 31 34 54 20 27 49 25 18 42 37 38 40 25 46 50 7 19 54 27 22 17 28 51 34 54 32 32 46 24 38 34 20 42 18 23 31 42 27 34 59 28 17 20 24 9 39 12 51 14 48 43 9 43 4 8 8 49 33 32 27 32 44 19 20 44 18 49 37 59 50 41 26 21 17 18 17 43 43 27 7 12 37 35 42 11 5 39 60 32 53 49 17 22 36 39 41 36 20 37 31 24 23 33 53 26 26 34 29 42 1 57 12 44 53 32 32 11 52 60 9 53 49 39 7 49 48 36 17 41 42 7 27 47 52 57 13 26 52 48 27 32 17 38 42 17 45 56 32 50 33 44 39 38 62 15 25 42 26 40 61 29 12 3 9 30 43 11 32 51 30 41 20 22 42 37 6 35 10 28 37 36 39 51 23 28 24 50 40 7 51 50 54 56 46 34 7 49 35 49 16 47 57 32 35 31 45 22 46 50 39 42 56 10 41 25 18 49 45 34 37 47 41 17 29 9 44 26 9 43 43 59 40 20 14 46 48 45 27 33 12 34 32 56 14 26 9 36 53 19 40 49 40 49 30 23 6 13 35 20 35 22 20 37 22 23 30 54 8 45 41 40 43 54 25 22 49 45 54 54 52 14 52 19 53 18 47 12 35 28 27 11 39 47 54 47 52 39 32 38 49 19 36 25 49 48 35 31 7 11 49 13 37 26 40 41 52 57 17 43 26 44 63 13 30 23 14 37 50 40 17 6 43 44 44 2 44 40 20 4 45 15 15 27 48 53 37 42 46 28 38 43 9 10 54 40 32 18 21 65 16 55 53 48 33 33 56 37 21 10 37 10 23 27 22 14 50 19 53 8 5 35 0 21 42 29 38
31 57 36 54 3 12 22 13 43 29 42 23 30 46 27 30 16 39 23 43 14 47 25 14 32 46 37 29 23 49 26 27 47 17 28 33 5 10 9 43 8 33 49 47 42 15 14 17 18 15 26 25 33 47 9 32 25 25 34 34 40 36 47 20 46 26 35 15 39 32 23 14 12 25 34 17 45 34 45 43 21 45 25 33 24 34 39 22 24 11 28 35 16 14 24 19 21 34 35 47 37 5 27 19 34 18 16 33 30 39 13 26 13 31 48 24 38 46 9 34 43 16 21 28 25 35 44 14 18 27 44 31 22 50 30 37 25 11 39 3 13 24 50 21 27 33 52 29 25 19 29 48 16 42 22 22 19 30 42 50 35 13 44 48 34 42 36 23 24 32 9 47 29 29 16 26 11 12 45 6 15 36 40 26 18 16 26 40 23 22 34 5 40 29 12 24 22 17 46 44 5 28 32 23 19 46 37 5 10 32 34 15 38 22 12 43 16 19 18 12 23 8 7 31 39 24 16 48 13 20 10 29 23 44 11 43 11 28 34 28 32 22 13 17 34 17 38 17 42 26 10 35 24 20 38 47 44 30 22 26 2 32 32 21 23 44 7 22 13 45 17 48 29 24 21 50 27 46 29 19 15 17 31 32 23 8 35 15 10 3 38 35 8 12 37 13 33 20 42 30 26 35 14 17 24 42 50 26 33 30 39 26 31 28 34 26 21 35 23 32 37 32 48 21 32 37 28 31 32 25 23 47 5 25 40 21 40 36 45 19 19 50 13 6 48 35 22 51 14 17 23 22 23 25 11 38 33 28 45 20 13 22 32 25 34 24 22 46 19 18 34 5 8 34 39 33 28 33 30 45 47 27 37 26 29 44 29 20 33 44 41 43 15 30 4 29 34 33 33 40 28 38 4 22 43 46 42 39 39 39 8 15 19 41 38 28 47 23 44 26 33 31 32 30 46 11 15 18 17 18 46 12 39 19 47 44 21 21 39 21 29 10 17 26 24 40 2 15 20 3 17 26 16 15 34 13 29 26 30 38 43 24 30 37 29 36 33 32 11 45 14 33 30 29 29 38 30 27 14 19 45 37 27 44 20 16 21 37 13 26 39 41 33 35 13 17 27 34 25 20 37 20 23 32 42 21 37 15 43 52 23 11 30 27 42 30 37 29 15 23 27 23 20 36 20 23 23 25 26 24 13 33 34 26 31 30 28 22 48 25 23 34 39 19 30 13 54 25 42 43 37 15 41 40 18 17 28 17 22 29 35 33 10 44 10 47 25 21 40 21 0 37 40 19
60 30 58 34 35 30 31 47 14 17 29 28 46 28 53 12 24 28 43 7 28 22 33 35 24 18 17 58 42 28 12 43 27 48 56 5 36 37 29 26 34 52 28 24 19 51 40 43 36 31 54 18 25 26 41 7 47 38 25 10 9 26 17 40 10 39 33 39 27 54 20 35 28 38 23 23 30 17 21 11 32 26 48 49 50 4 30 51 14 47 10 9 22 49 33 49 51 30 12 17 13 40 18 25 6 23 51 5 14 24 29 23 35 40 25 15 17 13 45 29 30 43 40 51 27 21 9 30 31 44 29 14 34 23 20 6 42 27 13 39 25 16 32 20 40 39 25 18 16 52 10 28 50 28 51 17 19 31 12 28 18 49 8 32 24 16 11 33 43 11 41 14 11 10 43 33 32 46 31 32 44 19 28 34 52 35 27 25 15 17 54 33 33 39 26 56 42 46 27 19 40 32 30 38 24 13 26 42 45 19 30 48 29 16 39 7 21 36 27 48 32 31 43 12 6 15 30 20 27 53 46 22 50 20 35 10 44 48 8 50 11 39 41 45 23 26 21 21 29 32 28 35 50 53 14 32 28 43 50 17 35 36 34 26 46 13 38 37 32 26 49 24 40 47 30 21 11 12 48 52 23 31 8 8 18 44 7 26 28 35 20 35 43 48 16 47 10 41 28 40 30 33 29 24 34 15 20 50 42 36 9 48 34 54 7 28 38 4 37 20 11 53 17 30 21 27 42 19 12 28 21 22 36 43 30 18 14 16 13 44 32 27 47 42 26 28 31 22 25 31 42 34 15 31 40 22 34 12 18 22 50 41 6 47 8 51 16 30 26 39 32 41 39 28 14 5 46 33 55 13 16 53 15 41 52 28 38 52 20 25 26 26 50 22 41 28 24 4 8 29 40 6 37 55 7 14 26 14 8 5 43 24 34 5 32 42 20 49 28 19 33 39 21 32 15 28 28 30 50 22 18 45 33 33 32 13 23 37 13 51 50 38 22 44 53 20 36 46 20 34 46 21 22 51 55 38 23 23 10 2 17 18 26 17 27 35 52 42 31 10 25 42 58 30 38 14 16 16 33 44 9 30 37 12 47 51 26 15 48 13 34 10 24 10 46 44 37 24 53 26 30 44 30 44 29 25 1 23 9 24 31 45 24 33 21 53 6 32 39 48 26 41 42 6 43 23 41 37 55 54 25 23 39 13 12 26 15 25 23 50 50 56 7 21 59 25 26 29 21 14 14 47 27 27 47 52 41 42 34 22 25 28 43 8 46 12 49 46 21 42 37 0 30 49
46 59 73 16 39 28 19 52 43 41 57 48 63 10 65 21 25 2 29 32 27 51 52 28 49 19 14 44 57 14 31 25 12 41 43 27 43 47 33 55 42 69 57 53 48 48 32 33 26 25 40 19 51 55 47 25 61 56 7 21 38 5 47 28 35 22 8 31 4 69 40 48 39 22 9 37 6 44 50 41 20 55 32 67 37 31 1 40 29 44 31 22 32 46 52 58 60 7 39 46 42 39 17 21 25 24 47 28 39 52 42 15 30 60 15 35 45 26 43 54 4 54 55 65 48 48 36 26 23 27 7 40 52 53 44 35 25 31 42 42 32 23 12 22 58 61 55 15 37 43 34 12 55 5 41 33 30 11 41 15 46 48 31 10 8 17 40 51 28 20 37 43 23 24 54 53 29 41 6 35 36 47 3 17 46 26 14 7 30 35 70 36 4 59 34 46 56 56 10 17 45 53 53 23 22 41 5 44 42 13 54 55 55 32 49 31 29 51 43 46 51 32 45 20 26 24 44 50 38 45 45 13 37 15 31 40 39 64 36 34 38 25 33 35 49 42 10 31 4 52 32 10 62 46 43 9 57 61 61 19 38 14 11 19 59 23 44 23 27 10 56 15 20 33 47 50 26 40 64 45 29 46 33 35 37 44 24 39 35 39 11 58 47 49 15 52 37 29 56 20 51 58 42 39 19 45 49 36 63 57 23 33 56 66 24 14 53 33 22 12 40 68 46 20 11 53 60 13 19 15 41 16 36 59 57 34 43 15 24 56 48 56 42 45 14 5 49 51 37 24 27 21 28 51 35 9 57 23 18 22 48 56 28 32 23 38 27 8 43 53 56 44 46 6 43 32 29 56 68 42 45 65 16 23 66 7 58 44 46 54 6 9 54 47 43 51 50 30 35 56 21 25 42 46 34 24 6 18 37 26 41 36 23 29 4 23 19 61 57 41 9 17 46 54 23 38 43 22 56 37 47 40 5 23 8 42 20 53 42 60 65 46 27 27 41 12 38 54 23 37 56 16 29 53 70 31 47 44 35 31 46 20 10 45 50 59 69 62 29 38 27 62 45 52 19 16 17 18 27 56 30 55 56 41 58 55 44 43 45 34 5 39 49 21 52 34 19 49 41 44 4 57 49 63 57 20 31 32 26 53 18 50 10 16 13 67 25 13 30 61 48 57 30 35 56 18 26 55 43 43 36 48 61 35 38 49 18 44 17 35 38 71 25 37 45 30 55 15 50 43 43 54 5 55 56 48 22 54 20 12 6 8 39 36 44 39 34 34 11 29 40 30 0 58
42 62 20 72 20 30 40 8 51 37 43 25 18 64 10 45 34 57 39 55 32 53 23 32 35 62 54 40 13 67 38 45 65 29 40 46 15 13 25 45 17 18 53 51 47 22 30 32 36 34 39 41 35 50 11 47 12 19 52 49 50 54 54 37 58 44 54 32 57 15 31 15 23 43 51 27 63 41 51 53 40 48 40 20 38 46 57 35 37 21 40 50 30 22 22 2 3 52 44 55 45 21 44 37 49 35 24 46 38 43 21 43 31 25 65 35 44 60 20 35 61 8 13 13 27 40 56 32 36 44 62 40 20 56 35 48 43 28 47 17 28 39 68 38 19 27 58 46 35 30 40 65 6 60 34 33 32 49 51 67 41 17 56 66 52 58 45 22 41 47 25 56 44 43 6 25 30 24 63 24 30 41 58 45 27 34 44 58 36 33 19 22 58 23 26 34 13 3 63 60 14 27 32 41 37 56 55 16 22 49 34 5 38 34 11 55 32 16 24 20 23 26 15 47 53 39 21 54 24 30 19 46 37 60 29 52 25 15 45 43 42 39 30 32 38 24 55 31 60 24 27 53 8 29 46 65 46 20 4 43 20 50 50 39 9 59 14 40 32 63 3 65 47 39 23 56 41 57 16 28 31 20 42 43 33 18 49 24 24 19 55 32 12 14 53 10 43 37 44 48 26 33 21 26 42 49 57 40 25 26 53 41 27 11 48 44 16 47 41 50 46 17 56 39 49 38 19 48 48 44 30 64 23 15 40 32 48 52 60 9 20 53 25 14 65 54 22 58 25 35 40 40 37 25 27 55 30 43 61 37 19 14 45 41 48 38 36 64 24 13 32 16 13 52 47 45 44 31 13 55 55 9 53 43 13 61 24 29 38 47 59 61 10 34 17 30 37 45 44 40 46 52 16 31 55 61 60 55 50 52 21 26 38 54 56 46 63 7 45 34 51 50 36 28 61 23 22 37 5 28 53 25 58 37 65 53 38 17 48 3 14 13 33 43 37 57 20 4 37 21 5 44 31 11 17 31 33 31 41 50 50 41 48 43 30 33 19 24 29 56 31 25 41 29 47 54 46 44 33 7 58 37 22 54 5 9 26 44 22 37 57 50 36 50 7 32 45 37 38 25 55 9 24 22 43 39 49 29 57 58 42 9 48 45 59 13 51 47 32 8 29 15 36 47 10 41 41 20 38 36 25 37 28 37 41 32 45 27 65 39 37 18 53 29 42 29 59 44 47 52 45 5 59 42 2 24 46 9 40 47 53 51 25 55 20 58 40 36 57 38 19 49 58 0
