8 1500 480
94 79 94 88 83 70 82 69
388 743 78 830
116 665 116 907
459 721 158 804
175 342 175 531
234 632 234 822
238 953 238 1201
97 815 477 851
75 362 75 565
232 933 232 1134
12 855 12 1125
49 391 49 638
332 331 332 574
82 450 346 526
76 846 177 909
210 582 433 637
165 733 165 1031
474 357 474 559
111 1079 111 1329
307 885 68 917
389 524 237 587
152 713 241 763
410 689 399 755
428 1080 428 1371
353 745 353 1027
116 836 116 1075
103 626 140 682
451 382 451 634
283 1088 283 1302
237 898 237 1110
27 440 27 625
132 724 60 753
340 672 434 733
95 936 67 1007
242 649 242 868
396 716 50 794
123 312 123 544
377 1094 377 1348
273 775 440 824
263 668 263 871
259 1190 259 1470
185 429 185 705
453 511 453 726
342 983 74 1039
19 822 283 872
243 477 243 735
293 1050 293 1281
395 525 395 725
194 1166 194 1394
101 914 101 1125
108 505 126 590
433 782 433 1040
344 425 178 477
99 918 15 1012
107 986 293 1063
143 1061 143 1246
24 374 24 644
78 734 384 792
453 832 453 1078
134 963 134 1232
361 839 361 1026
409 1054 216 1091
143 668 158 722
128 647 128 917
94 970 68 1042
129 409 129 612
101 1056 125 1146
118 711 118 997
152 452 152 693
238 884 357 927
227 578 227 849
213 848 213 1127
352 462 444 562
89 1049 89 1316
144 845 144 1116
373 534 373 744
9 1194 9 1494
236 717 236 950
401 1084 401 1366
272 835 124 884
255 903 255 1135
43 943 43 1226
153 527 268 610
265 1096 265 1302
172 887 172 1099
254 397 254 677
329 740 329 960
48 1067 48 1349
55 1128 55 1335
360 790 401 804
443 864 443 1085
316 919 316 1194
417 493 338 537
97 956 136 1000
376 830 10 893
259 475 259 683
315 610 476 640
329 469 266 505
125 770 213 836
341 372 341 570
362 1015 362 1254
97 322 97 570
309 495 309 744
107 1067 427 1140
213 595 213 825
61 1028 300 1095
337 648 220 707
395 926 190 988
292 729 292 950
165 462 135 518
289 388 289 666
28 1040 199 1104
438 360 438 597
417 564 417 829
328 565 141 622
52 678 52 931
333 979 143 1018
476 842 159 886
170 974 170 1214
461 539 322 590
138 517 179 566
376 578 376 872
291 1085 291 1356
295 707 140 746
340 669 340 850
114 1168 114 1415
305 848 305 1043
393 624 253 697
398 567 398 810
88 546 88 776
19 510 50 542
243 478 349 509
35 916 35 1111
286 1141 286 1365
222 967 141 991
342 459 342 723
457 942 457 1237
386 342 386 615
73 951 73 1134
118 373 118 659
129 718 129 933
158 660 112 691
309 956 309 1199
410 724 410 910
234 943 125 979
465 580 104 600
269 757 269 1000
69 792 226 849
387 930 387 1149
22 460 22 735
474 544 474 835
252 471 238 523
334 739 334 929
477 846 477 1036
219 893 219 1144
128 649 128 854
342 513 342 784
154 971 154 1244
286 558 286 774
373 778 373 1013
16 780 16 1045
74 1011 74 1208
219 947 219 1139
58 632 392 677
155 1063 155 1337
44 636 44 860
385 426 385 715
293 1126 293 1401
446 1131 446 1324
248 795 248 1069
127 1075 259 1127
277 312 277 527
52 630 52 898
355 774 355 1026
374 780 272 856
236 855 236 1101
87 802 205 876
456 1126 456 1419
446 508 446 793
289 841 289 1079
68 372 68 669
141 731 384 763
203 987 281 1045
477 387 477 571
14 1048 452 1091
463 1020 463 1314
71 363 71 606
467 1027 467 1282
292 868 292 1094
95 589 95 841
410 830 410 1030
260 943 9 991
169 369 169 653
254 1192 254 1415
52 593 52 876
367 668 76 739
227 358 227 610
316 977 316 1181
443 351 443 554
63 776 63 970
391 1002 85 1076
239 779 239 1052
474 410 474 638
315 1072 315 1315
90 459 90 759
179 1126 179 1358
457 790 457 980
253 1100 253 1364
33 636 33 881
435 584 435 859
214 670 50 699
164 508 162 592
123 316 123 612
273 337 273 548
446 1156 446 1404
161 452 116 504
66 1069 66 1309
452 784 452 1006
363 659 363 911
391 1057 391 1280
25 1069 146 1137
122 872 275 940
383 373 383 621
449 444 421 497
78 554 360 606
285 464 302 526
439 1159 439 1373
250 307 250 574
128 765 128 976
212 950 395 975
271 494 271 771
461 826 267 857
89 739 89 1027
216 463 216 673
97 1028 216 1077
129 1121 129 1370
353 877 353 1128
411 655 411 953
425 678 204 762
433 1095 433 1350
38 1080 38 1296
400 683 400 947
390 1153 390 1360
43 1159 43 1342
123 1024 115 1067
408 442 400 498
345 503 345 755
52 1022 443 1049
118 461 222 509
201 697 315 730
422 401 422 628
91 782 374 871
9 834 9 1021
237 373 237 555
386 983 230 1049
107 398 107 696
366 515 309 552
180 910 180 1114
222 586 223 668
266 547 266 767
45 416 45 693
290 758 290 992
299 706 186 749
15 588 15 881
478 425 478 641
166 745 166 1034
357 707 357 935
15 728 15 932
236 659 448 715
177 440 91 506
241 697 241 963
281 312 281 606
247 500 125 523
157 582 157 872
72 653 72 870
162 1116 162 1346
444 944 209 1002
417 1007 417 1289
384 1009 384 1232
307 655 307 901
398 1035 355 1085
69 912 69 1194
284 533 284 730
476 1196 476 1489
173 1024 173 1306
126 881 126 1179
455 481 243 519
180 784 356 822
205 429 10 490
250 549 250 762
168 862 168 1073
394 751 394 1032
59 705 59 720
449 893 243 922
97 1002 164 1086
296 583 296 827
368 1051 15 1103
251 1098 251 1294
324 875 456 909
288 569 468 627
374 461 374 723
210 563 210 851
91 923 330 1001
13 890 72 986
327 786 327 1012
105 1175 105 1410
455 902 455 1169
408 644 138 708
117 1083 117 1365
269 767 269 1058
340 912 340 1176
59 637 59 824
272 532 272 767
303 665 303 927
69 777 69 1047
388 700 388 956
156 728 156 919
476 446 337 510
107 1011 107 1252
138 353 138 596
43 429 364 471
143 517 143 781
331 589 331 785
383 948 380 997
237 1108 237 1339
332 1078 461 1160
334 349 334 603
390 426 53 506
96 427 156 496
254 1062 355 1117
306 849 306 1134
259 1045 259 1259
150 1175 150 1423
384 493 427 549
325 890 325 1118
464 848 239 913
114 760 114 1006
65 575 315 619
86 793 86 1025
226 537 237 585
411 1007 411 1215
274 477 274 739
331 303 331 558
250 894 307 964
143 695 220 755
92 507 141 563
411 463 411 757
213 760 213 974
365 1169 365 1364
420 868 420 1113
133 455 267 519
478 915 90 957
223 489 154 549
193 449 325 464
308 617 308 870
471 427 471 626
133 962 133 1238
346 1011 346 1258
462 959 462 1185
119 653 119 921
175 423 398 500
35 686 35 941
451 913 51 994
398 879 398 1094
212 1055 212 1243
277 696 277 974
400 872 96 942
14 500 41 572
352 623 258 691
288 965 288 1236
141 867 171 910
378 657 378 849
449 913 290 986
32 957 447 1017
363 556 321 642
198 810 330 880
22 465 22 719
281 712 251 757
61 396 61 582
349 1133 349 1325
261 1060 261 1306
248 702 437 758
288 491 288 713
194 1047 467 1090
238 530 291 578
367 318 367 505
18 857 274 897
368 914 368 1108
339 939 339 1190
164 1182 164 1364
457 819 216 888
27 940 385 985
316 752 173 811
270 727 325 789
188 740 188 945
229 738 206 830
413 987 413 1266
444 858 59 918
154 377 154 642
413 532 413 785
446 756 446 993
477 913 477 1096
432 749 432 1035
292 782 207 843
53 605 53 856
333 1066 193 1145
314 985 281 1010
427 369 427 560
262 1045 207 1087
85 608 85 840
397 557 204 626
156 1034 143 1095
414 723 452 809
17 307 17 517
477 890 477 1188
321 428 53 479
300 442 394 497
376 478 178 539
420 889 382 931
385 440 383 502
278 626 278 861
223 822 43 893
429 836 325 888
23 711 434 783
337 1017 337 1312
404 562 404 777
292 1077 292 1365
269 619 269 853
210 1134 210 1335
159 1051 159 1351
218 444 419 512
34 862 34 1065
66 323 66 540
273 1115 273 1329
460 1047 460 1325
15 518 15 738
273 888 273 1071
245 722 245 972
169 633 194 683
200 525 200 765
320 457 450 508
370 598 370 896
278 1005 71 1057
332 730 132 767
370 587 430 622
76 650 388 727
359 753 249 836
146 369 146 646
107 993 107 1204
121 567 291 629
124 924 176 996
460 897 299 925
381 365 381 548
272 585 272 810
281 822 281 1018
233 779 308 848
273 493 273 768
277 399 277 621
359 407 359 605
306 1144 306 1370
117 1079 292 1126
93 689 93 916
386 1038 371 1048
472 608 270 695
48 890 48 1155
463 600 463 801
474 660 474 875
9 758 94 795
403 934 69 1004
471 832 110 866
385 496 385 702
220 464 220 744
257 490 393 574
200 567 200 771
101 334 101 544
86 1059 86 1346
207 785 207 1009
55 446 55 719
320 497 320 737
402 323 402 541
405 473 125 527
326 833 326 1026
304 895 251 945
33 1004 33 1273
453 760 453 997
352 1026 275 1091
206 1047 206 1289
44 1119 44 1343
245 845 69 934
311 445 311 701
452 938 425 1004
239 848 239 1062
90 539 90 720
53 766 53 1052
210 519 210 810
344 512 223 587
298 694 271 714
217 1121 217 1368
253 762 335 787
143 474 143 659
180 722 180 952
195 411 195 697
280 1122 280 1321
280 796 280 1067
382 762 174 784
95 881 95 1150
88 318 88 556
96 1056 96 1318
66 369 66 636
258 568 258 858
239 608 122 640
212 859 212 1085
320 809 320 1014
408 635 408 865
283 842 283 1042
102 558 102 779
143 1033 102 1079
333 992 380 1064
201 481 201 774
369 426 369 662
249 1077 53 1145
175 912 175 1139
290 782 392 857
253 804 253 1093
173 948 173 1230
442 928 331 998
148 691 148 893
257 892 257 1112
167 790 449 828
361 534 361 744
394 429 394 698
415 822 415 1114
179 732 143 780
347 1019 124 1098
69 498 69 684
82 931 434 971
90 763 90 970
330 450 295 508
180 553 204 599
310 426 255 454
358 720 358 1012
434 914 290 1003
62 473 383 511
199 303 199 510
165 579 209 621
251 667 448 708
197 718 197 1017
115 1011 115 1300
368 313 368 508
390 489 109 545
471 841 471 1092
21 1015 21 1314
55 600 55 837
207 1026 201 1083
102 372 102 599
52 809 434 876
63 472 54 540
132 906 132 1115
109 604 109 854
466 454 41 515
194 922 378 973
149 920 45 971
68 495 373 548
219 609 219 854
329 441 315 496
348 830 62 856
431 942 431 1167
429 470 429 683
64 674 77 728
213 857 213 1134
139 528 303 591
259 1073 259 1342
466 1093 466 1351
288 424 238 505
95 591 95 860
229 1119 229 1300
257 951 388 1019
211 571 462 602
75 906 378 970
386 483 386 768
263 347 263 567
289 1019 289 1222
338 704 278 790
259 1030 338 1088
294 347 294 613
402 1069 402 1342
35 829 290 903
421 898 38 963
374 575 374 761
17 819 17 1029
138 439 138 694
105 629 28 676
328 521 328 785
405 650 405 866
328 467 277 542
420 832 420 1114
87 424 217 465
161 488 291 521
315 456 315 690
242 560 242 828
11 949 378 1046
167 1068 167 1249
359 455 359 669
298 743 451 825
263 722 263 987
310 435 310 679
215 538 215 830
326 1020 326 1228
108 753 110 834
191 325 191 512
268 788 268 1081
28 733 28 1033
324 963 104 1037
229 932 229 1205
245 301 245 577
274 982 157 1040
170 845 170 1064
78 706 98 763
448 670 448 856
298 566 47 626
113 476 16 545
157 895 157 1173
469 734 148 782
270 915 148 990
341 1054 159 1106
197 834 302 865
310 306 310 497
323 1070 312 1090
451 385 451 674
271 939 271 1214
220 747 220 970
392 383 392 652
172 654 172 935
470 819 39 869
461 529 461 822
264 1090 264 1283
184 895 184 1094
53 845 53 1104
300 726 300 971
333 1099 333 1369
248 957 248 1138
383 698 383 930
336 893 121 941
332 765 406 830
220 518 40 566
208 749 90 808
433 419 433 616
278 724 135 810
248 460 248 650
382 848 382 1033
117 739 117 920
270 1124 270 1414
249 562 308 651
370 797 370 1067
64 478 64 731
202 404 202 612
154 322 154 515
289 598 289 879
306 760 264 797
456 766 456 1026
277 689 277 979
371 329 371 571
48 1132 48 1372
204 1024 204 1245
80 1141 80 1423
261 683 34 712
47 1036 360 1076
93 558 455 606
163 794 395 845
303 451 374 510
367 736 367 1017
261 1071 261 1357
397 443 82 498
198 398 198 638
369 503 171 562
170 875 411 909
109 567 32 676
435 652 353 720
426 1034 145 1062
464 776 13 825
350 729 350 964
164 749 164 946
151 566 151 818
476 748 476 935
116 305 116 605
442 504 442 733
457 876 243 898
332 441 76 495
311 598 453 677
95 1039 120 1080
122 561 122 819
252 348 252 541
209 1054 209 1350
340 973 31 1041
348 694 348 895
188 884 274 919
386 695 386 946
352 514 352 719
145 580 145 846
78 762 409 794
432 414 432 703
274 454 454 505
248 647 248 871
396 1153 396 1376
96 804 96 1080
418 760 418 963
97 941 97 1226
77 990 77 1248
190 489 190 685
81 615 321 667
468 781 163 807
427 1033 365 1070
373 865 373 1060
78 701 382 735
9 879 82 946
395 802 383 835
67 558 67 846
110 399 110 672
252 633 308 703
432 834 432 1041
191 501 191 761
187 735 187 929
36 936 36 1236
413 408 413 648
71 946 433 997
218 886 218 1068
46 1034 150 1077
255 877 434 929
57 778 55 816
112 342 112 542
366 321 366 532
197 928 197 1202
163 1071 163 1291
82 713 82 913
127 1056 257 1126
414 906 201 985
223 1075 223 1298
424 849 424 1071
153 409 153 673
469 432 71 475
392 963 392 1172
133 1183 133 1374
136 1086 136 1331
423 1070 120 1116
407 1020 81 1069
379 872 467 949
159 833 159 1127
475 490 475 736
167 1032 167 1326
378 946 299 1004
164 1120 164 1374
38 553 38 737
444 925 339 1022
147 1118 147 1383
64 522 64 746
36 577 36 797
72 729 103 790
60 1028 90 1089
20 365 20 653
373 1080 40 1150
174 1077 343 1136
17 935 81 1035
175 392 175 584
464 490 464 747
176 896 176 1099
248 1163 248 1357
21 1090 21 1294
367 423 367 614
72 396 72 668
131 631 297 684
44 914 44 1164
383 1043 470 1099
451 688 463 741
170 1149 170 1415
29 1066 29 1311
399 706 59 785
234 738 234 1016
102 850 102 1150
287 473 287 708
242 1059 242 1299
207 816 74 866
474 734 394 778
444 422 199 480
228 721 227 783
318 959 318 1208
279 358 279 638
434 553 90 598
471 825 471 1118
229 1080 229 1333
136 397 136 616
389 589 48 658
392 486 192 532
191 638 254 691
312 746 312 1045
48 712 48 947
454 910 135 972
26 852 405 890
108 777 108 1065
183 1012 321 1059
41 702 41 1001
24 367 24 609
368 716 368 922
353 904 353 1104
164 1057 409 1117
187 733 362 793
203 595 203 889
373 1143 373 1388
13 438 372 488
164 523 164 724
16 753 16 975
174 721 353 787
235 677 429 757
185 815 185 1025
186 1004 324 1052
89 625 89 894
411 975 411 1257
184 479 184 767
446 875 202 918
152 405 152 634
332 802 39 868
354 1145 354 1332
149 615 81 666
174 1117 174 1333
350 501 350 693
307 671 307 918
257 1058 110 1099
141 768 141 1042
224 1044 224 1335
296 972 76 1037
32 802 32 1044
376 606 203 651
174 881 464 952
93 341 93 626
37 903 470 954
79 1199 79 1444
131 829 131 1126
180 687 289 724
188 763 188 1058
236 943 236 1181
366 814 394 856
385 992 385 1268
370 677 21 766
386 552 386 743
421 524 421 775
368 784 368 1010
127 1073 127 1362
106 773 106 1053
444 834 346 939
30 1147 30 1381
138 610 178 684
295 320 295 545
271 980 271 1235
298 923 395 955
342 1037 180 1102
379 908 119 971
238 1142 238 1374
33 477 209 530
94 322 94 540
267 457 290 539
277 346 277 609
433 727 433 1027
343 891 101 968
64 909 64 1116
56 867 56 1115
317 1085 317 1275
479 924 479 1200
16 927 340 976
93 708 427 768
48 1144 48 1369
297 834 297 1046
113 1018 421 1104
46 926 46 1198
230 615 148 658
20 752 219 785
305 887 479 959
287 393 287 583
445 462 301 524
158 1059 380 1151
48 900 60 974
271 663 271 855
28 1064 28 1267
109 1012 147 1090
183 768 253 823
213 825 70 864
156 930 85 970
275 973 275 1222
289 744 390 818
57 415 57 641
201 1124 201 1424
369 683 369 883
270 981 270 1176
69 1022 376 1081
257 1126 257 1331
327 922 327 1214
85 331 85 552
247 974 247 1210
107 503 107 794
304 731 304 927
172 863 186 924
467 806 467 1103
330 883 330 1168
413 459 102 490
454 331 454 590
131 821 131 1064
36 827 199 901
377 1146 377 1375
244 984 95 1011
385 1070 219 1102
293 323 293 556
94 928 94 1209
284 1042 115 1123
280 373 280 578
403 671 371 731
276 916 276 1127
70 600 70 877
177 1016 262 1071
124 871 292 930
415 589 415 782
150 1146 150 1418
342 495 139 567
326 718 326 972
102 1174 102 1440
249 883 249 1066
87 674 438 745
118 1080 118 1295
388 346 388 549
338 490 338 765
240 720 240 960
452 928 452 1117
427 643 436 668
315 928 315 1154
441 849 441 1063
75 378 75 589
291 1160 291 1405
474 326 474 610
71 1020 71 1223
222 366 222 641
470 434 305 523
29 972 29 1178
456 616 456 846
327 311 327 511
199 433 199 642
308 636 308 824
281 963 182 1009
244 752 163 791
43 569 43 854
314 555 314 763
147 647 147 892
259 1000 88 1040
474 957 474 1202
55 887 290 939
445 652 445 929
333 492 167 571
320 528 320 784
457 450 457 748
166 477 160 567
104 1162 104 1377
270 595 235 651
235 898 235 1161
479 884 479 1154
433 944 410 976
368 1078 338 1147
91 901 225 958
29 819 29 1097
287 566 287 828
383 915 383 1207
170 1049 170 1341
330 730 330 915
178 302 178 500
396 591 396 888
377 985 398 1058
407 504 258 588
109 688 270 734
366 510 366 785
329 912 398 949
79 601 448 652
366 1141 366 1430
214 1029 114 1115
452 457 452 746
238 897 238 1164
225 664 225 896
117 430 117 716
400 394 400 612
132 468 87 511
63 1035 63 1269
86 523 41 579
353 843 353 1125
12 547 12 782
205 600 205 855
214 1141 214 1334
12 1072 333 1109
246 959 324 1009
356 768 230 798
321 692 321 951
325 363 325 597
158 1095 158 1303
282 511 282 728
443 673 443 905
465 582 465 774
140 880 391 916
98 1174 98 1427
48 972 259 1007
203 1013 203 1271
21 1047 455 1110
186 577 232 649
155 1189 155 1402
82 799 366 819
24 591 291 647
193 457 205 505
181 656 181 947
351 434 468 483
462 1041 462 1239
142 963 142 1249
202 1120 202 1396
249 607 434 673
159 966 332 1036
211 973 313 1030
91 667 91 882
256 815 256 1003
81 723 81 941
48 578 158 658
86 344 86 626
355 828 355 1114
35 1014 35 1292
130 1190 130 1479
155 691 155 886
403 546 403 827
113 1132 113 1430
123 935 123 1223
363 967 363 1204
162 618 162 877
77 720 77 1006
222 1012 222 1306
114 429 38 491
109 966 99 1007
431 1075 431 1322
291 429 445 491
154 620 98 692
470 1049 105 1139
134 797 235 853
326 1026 326 1282
322 460 322 667
103 625 103 829
81 751 81 943
334 320 334 515
431 953 403 1020
65 1020 65 1275
143 897 438 944
51 380 51 645
220 1108 220 1392
196 1021 50 1079
366 1093 366 1362
347 1067 404 1106
387 335 387 599
456 810 456 992
317 944 317 1164
297 475 297 740
82 948 82 1140
413 1073 413 1256
241 966 241 1213
281 576 281 837
171 637 171 932
451 1173 451 1394
331 897 331 1161
412 662 412 879
65 665 65 864
133 792 366 864
23 744 23 977
421 523 401 544
387 670 387 924
43 579 43 854
344 477 400 531
390 985 390 1198
253 468 253 711
328 1161 328 1372
356 599 356 826
174 602 462 639
137 720 137 928
271 922 33 967
391 489 165 541
423 666 423 905
461 506 461 742
29 1035 29 1281
376 504 376 753
334 1017 334 1202
465 1071 465 1288
236 404 236 678
218 757 218 941
438 770 438 1006
362 1034 382 1117
38 1018 305 1062
209 986 195 1039
307 1158 307 1381
221 1019 221 1310
67 1051 67 1232
342 978 342 1219
266 860 295 920
121 688 321 771
37 689 37 936
190 1027 402 1094
158 1049 158 1333
204 813 204 1002
245 573 105 645
434 636 144 687
295 472 295 734
425 361 425 551
433 491 112 539
263 448 297 511
118 430 225 465
445 618 445 840
292 1163 292 1373
67 419 67 642
67 528 67 827
231 843 231 1027
306 730 306 986
212 1073 212 1338
159 995 159 1254
67 303 67 520
461 487 49 535
144 1025 144 1279
455 380 455 666
56 725 350 760
284 737 434 813
78 928 78 1124
208 382 208 563
91 915 91 1191
239 673 239 942
245 854 245 1084
67 1040 111 1111
18 921 287 956
145 704 344 737
78 971 78 1163
107 675 455 713
273 732 332 807
435 463 444 532
251 858 251 1097
55 1052 323 1077
203 812 301 836
276 471 70 531
393 991 393 1183
392 829 49 866
341 1036 341 1332
348 735 27 766
223 752 225 838
239 816 239 1021
421 464 466 511
375 644 375 899
264 596 264 888
70 882 70 1181
331 450 74 521
291 512 51 553
30 377 30 591
36 439 402 485
453 1036 418 1109
251 690 251 989
278 726 278 947
226 1146 226 1340
22 591 22 865
201 349 201 630
39 430 39 647
42 521 42 749
62 1055 62 1321
136 927 406 980
159 871 159 1064
81 422 81 693
107 1013 31 1065
99 1138 99 1380
91 1116 91 1367
359 572 359 863
9 971 9 1255
438 460 438 738
295 1168 295 1367
430 626 430 870
202 984 293 1046
417 537 417 759
268 384 268 655
59 984 59 1190
449 429 360 469
343 543 294 617
238 468 206 510
415 561 109 634
153 572 203 634
188 705 188 947
101 892 101 1106
459 756 299 792
332 706 178 740
433 1084 433 1324
277 833 357 871
68 835 68 1089
64 640 194 692
379 505 379 790
114 836 311 900
443 1034 443 1245
344 1041 344 1247
274 687 274 931
20 440 75 534
260 951 160 1019
77 438 387 522
96 926 96 1109
61 960 61 1172
54 1040 54 1311
249 901 402 985
223 705 162 801
39 1132 39 1367
351 502 351 750
441 669 23 712
178 712 64 738
432 899 396 964
140 1176 140 1423
147 860 147 1158
469 1004 262 1044
64 1076 211 1146
404 310 404 538
456 857 350 917
459 656 459 864
222 769 222 966
134 402 134 600
315 994 315 1189
358 433 161 485
166 945 166 1236
13 857 13 1039
419 1168 419 1411
233 1176 233 1431
201 1064 270 1130
161 522 161 720
145 613 145 840
191 656 153 682
444 317 444 553
471 1074 225 1121
43 624 43 852
439 575 121 642
153 351 153 612
322 446 476 499
162 561 162 796
49 893 471 961
242 1025 430 1097
204 1034 94 1065
121 1140 121 1348
474 964 175 983
311 788 311 970
468 864 418 937
402 808 402 1000
269 773 377 836
157 1065 267 1106
105 523 147 580
402 1047 391 1113
329 505 329 729
382 716 382 911
468 896 468 1092
228 807 105 913
447 478 447 680
241 420 241 688
55 465 55 662
169 515 341 556
87 589 76 638
391 829 391 1102
382 989 382 1273
462 465 223 514
378 540 378 799
57 1065 87 1119
19 1079 19 1325
12 901 12 1148
129 609 31 657
372 349 372 545
248 572 248 870
276 865 276 1072
301 1071 158 1105
95 527 98 546
13 1002 125 1057
171 609 171 803
409 860 409 1134
440 725 72 772
56 1073 56 1301
347 818 347 1089
369 447 374 519
20 406 20 643
225 825 225 1107
105 865 105 1062
468 830 468 1041
320 941 34 1008
305 539 305 765
144 1042 144 1243
120 995 341 1042
145 669 145 936
26 1070 26 1324
218 1081 218 1262
113 1074 113 1274
212 1019 390 1067
307 618 307 813
265 455 59 533
252 674 269 710
274 933 277 991
211 994 211 1269
272 843 358 891
53 475 53 676
134 884 362 929
459 1176 459 1455
453 645 453 888
458 471 189 546
124 708 440 759
113 567 113 830
450 1162 450 1360
342 993 321 1044
328 562 102 626
163 573 163 812
450 961 450 1224
315 1103 315 1386
97 626 67 686
390 490 390 692
420 1052 269 1137
363 467 47 497
155 563 155 744
315 891 315 1179
258 372 258 558
105 595 15 677
373 873 373 1090
98 1101 98 1399
452 493 147 535
285 334 285 555
336 503 336 772
152 1012 152 1195
170 511 170 754
302 569 302 838
290 1069 280 1159
168 1023 183 1056
201 951 57 1027
162 445 172 524
283 471 105 547
69 320 69 563
290 857 450 901
153 686 345 743
393 1068 393 1352
453 543 453 782
16 365 16 626
139 448 200 479
172 676 29 742
381 1030 90 1098
209 738 209 927
305 313 305 561
271 820 271 1023
217 721 217 940
420 951 113 965
134 1011 134 1297
359 328 359 536
126 889 126 1178
453 776 453 997
313 1105 313 1295
65 645 214 711
416 566 416 794
258 899 258 1175
348 788 348 1021
459 806 412 833
190 613 190 800
122 423 122 708
320 458 320 734
175 897 175 1123
324 1046 229 1072
13 982 13 1173
219 924 224 971
388 565 388 774
211 397 211 626
142 482 142 684
416 691 260 744
10 994 14 1025
468 1186 468 1455
216 1021 124 1080
146 929 146 1151
381 966 463 1021
253 642 471 690
368 674 368 892
223 561 223 776
49 953 49 1153
466 689 466 909
70 907 70 1203
151 1074 276 1115
114 1133 114 1360
115 536 263 593
399 963 399 1233
225 1021 212 1070
336 726 336 907
194 759 140 818
332 389 332 578
379 564 379 772
401 722 320 786
280 1087 280 1280
153 702 153 992
441 1125 441 1384
114 456 114 708
157 552 157 756
175 1185 175 1446
419 757 419 968
88 904 88 1146
265 656 409 703
409 1183 409 1382
147 638 147 900
232 1030 325 1074
317 346 317 538
271 621 271 903
21 735 277 823
207 422 137 445
376 579 376 826
101 329 101 564
340 1048 340 1334
423 1182 423 1468
166 955 166 1155
48 873 48 1165
212 619 212 810
303 396 303 654
204 483 204 767
119 1006 450 1032
147 471 92 547
434 869 434 1113
135 504 338 569
84 698 84 907
407 485 343 506
22 514 22 716
51 729 51 934
316 531 271 561
265 527 285 587
347 667 460 690
296 523 296 812
240 1027 325 1069
78 581 78 777
472 673 145 757
414 1050 71 1126
275 463 275 663
183 508 137 577
104 987 104 1193
463 625 463 880
84 845 84 1063
429 447 429 678
53 1074 447 1090
61 547 61 758
31 579 31 850
409 1048 39 1086
209 1099 209 1342
240 1054 240 1247
479 771 479 968
210 327 210 511
236 425 236 703
301 1024 187 1100
167 478 293 522
239 1172 239 1470
388 443 388 470
432 331 432 576
278 424 191 498
126 515 390 589
400 915 400 1096
43 745 43 955
233 350 233 546
413 670 366 724
331 973 361 1036
213 1050 243 1092
432 861 432 1148
434 1044 80 1094
106 463 40 545
398 888 398 1183
478 1081 478 1293
264 862 24 919
122 385 122 580
478 323 478 515
92 395 92 607
127 1183 127 1418
31 550 31 825
380 1004 380 1289
248 672 248 942
219 1149 219 1415
26 921 24 995
210 421 335 455
325 1085 325 1313
79 871 451 948
474 728 474 909
334 847 200 882
122 1065 56 1143
74 1091 74 1376
76 788 76 1020
131 823 131 1090
253 792 248 829
124 1072 124 1257
132 825 246 860
294 1193 294 1441
418 644 14 723
269 650 139 719
464 665 71 690
475 669 475 911
283 432 283 703
260 859 54 884
257 667 257 917
75 423 75 691
203 1155 203 1370
358 869 358 1111
111 754 111 998
365 473 250 541
420 768 420 1009
51 444 326 517
390 535 390 834
107 547 107 800
435 425 66 484
408 642 408 907
428 548 369 602
358 460 69 528
0 85 60 60 38 32 51 44 54 76 23 55 60 58 27 43 26 10 43 28 48 59 69 42 61 25 28 19 49 51 66 57 49 26 35 52 15 17 48 52 71 63 45 49 10 63 52 28 30 63 43 47 25 71 53 29 58 29 31 38 46 54 22 41 57 22 37 46 64 69 46 81 57 32 28 56 13 17 33 66 9 74 44 35 68 30 79 52 38 10 77 25 20 29 57 27 78 39 25 53 60 17 65 70 48 83 42 63 64 55 45 38 65 60 52 56 51 47 60 49 45 26 35 44 37 69 44 37 48 49 25 66 48 67 65 28 56 57 78 52 50 43 68 44 10 78 40 67 24 48 53 49 66 43 36 38 19 69 70 53 58 67 65 30 60 46 70 21 59 34 43 51 14 48 45 49 50 50 44 73 41 66 60 76 32 49 59 14 59 30 12 31 66 51 73 69 27 35 51 39 34 53 48 50 61 56 60 61 29 52 51 29 47 34 62 52 55 36 67 53 76 57 53 5 59 59 21 52 22 17 20 49 61 42 55 47 35 60 55 50 25 32 57 25 47 51 24 64 52 48 38 38 18 45 34 22 40 52 54 23 38 40 59 24 23 63 51 64 61 44 62 56 17 58 48 67 44 17 73 60 51 29 23 28 45 43 41 47 59 51 48 59 32 43 44 58 63 46 57 52 54 58 22 70 38 56 38 70 55 36 15 37 26 55 43 48 69 49 26 16 78 68 55 25 20 51 49 32 59 60 55 47 41 40 47 44 54 50 23 59 42 57 73 64 71 49 83 53 31 48 71 33 65 68 16 68 28 40 52 53 39 17 49 17 59 46 42 62 72 29 10 51 71 34 68 80 44 64 60 42 8 46 48 41 66 51 54 60 61 55 14 67 47 39 41 33 54 42 61 54 43 34 40 28 59 37 19 58 48 29 49 66 31 61 52 48 48 48 60 38 56 33 55 52 11 22 63 44 52 49 36 72 78 50 48 58 41 65 54 59 57 49 69 28 5 57 67 65 23 16 55 45 46 66 59 37 29 25 62 26 52 60 43 7 77 45 23 62 17 62 48 64 41 49 43 63 49 58 51 43
85 0 60 60 64 62 56 44 47 14 64 50 38 40 58 52 61 76 43 59 53 33 17 48 50 68 58 69 38 59 20 50 61 60 51 35 75 71 40 34 23 28 48 61 77 24 34 68 60 26 48 48 63 15 44 57 44 60 58 59 55 37 64 51 38 71 63 57 34 21 54 6 58 54 63 46 73 73 58 20 78 14 44 63 19 63 8 46 64 75 10 69 71 60 33 60 8 49 64 61 46 69 30 16 61 3 51 28 28 60 56 51 24 60 60 53 52 54 29 37 42 64 53 59 62 17 55 55 51 38 69 22 40 31 31 63 39 45 10 59 38 53 21 47 76 10 47 21 63 38 50 37 21 60 64 57 70 18 23 35 61 21 27 63 58 39 17 68 30 52 43 38 74 41 49 39 55 42 56 19 45 30 27 10 58 52 47 76 29 56 77 56 32 35 18 20 58 54 45 56 57 50 50 36 45 58 36 30 58 51 51 61 43 59 27 40 34 50 26 58 13 48 36 82 29 32 65 50 69 74 71 38 42 46 39 50 61 30 48 59 65 56 34 66 40 61 62 23 35 57 52 54 74 58 63 66 46 42 56 63 50 59 27 63 63 39 39 22 27 51 40 30 68 52 50 22 45 71 18 26 42 57 65 59 61 48 60 45 58 54 62 27 54 61 52 59 34 39 33 45 54 30 70 18 52 44 53 23 61 51 73 51 67 32 43 43 17 37 68 75 9 22 52 61 67 35 53 64 39 44 40 42 57 64 40 46 33 56 71 56 44 31 15 29 17 45 4 37 56 61 19 60 26 24 73 20 68 47 54 51 48 69 47 73 43 49 45 26 16 68 79 43 16 55 23 7 61 22 42 62 78 45 57 51 31 39 42 33 47 34 76 19 39 63 52 53 44 55 49 59 47 51 52 63 34 50 68 33 43 56 37 24 55 34 43 39 45 59 49 50 60 57 32 47 76 64 25 63 41 49 58 19 9 37 45 32 58 30 37 57 29 41 21 66 82 59 25 21 65 72 35 54 55 29 30 59 60 65 42 69 43 28 47 79 12 57 63 24 69 26 54 34 53 39 43 32 37 27 37 45
60 60 0 85 22 63 75 34 70 61 43 73 67 23 44 64 54 54 43 42 16 31 55 30 77 62 49 44 52 11 51 74 77 46 42 49 61 57 52 42 39 35 25 13 58 41 47 34 56 39 57 22 40 51 65 47 18 36 56 24 17 30 43 27 25 63 25 71 67 60 69 60 80 42 34 70 49 45 59 50 53 48 51 27 45 32 54 20 24 53 58 63 42 35 32 40 58 34 39 7 16 55 64 51 14 59 61 59 34 7 69 32 57 84 10 76 71 17 35 44 51 58 54 71 25 52 68 28 68 36 37 41 33 31 31 59 26 18 60 78 34 64 42 57 53 52 38 55 41 43 15 43 44 71 68 64 43 56 39 54 84 56 35 62 83 42 47 41 56 42 47 55 48 33 62 54 73 28 19 43 48 65 40 57 32 17 74 46 54 46 50 53 67 41 44 59 47 33 65 26 59 71 66 38 17 80 26 34 51 71 70 58 28 61 57 60 55 45 36 9 49 73 55 61 38 59 51 16 60 63 61 38 20 52 62 20 27 58 15 76 60 36 58 61 38 9 44 52 52 14 31 60 42 71 28 41 49 63 77 50 54 22 41 52 46 71 32 52 38 23 22 45 50 77 67 40 31 58 61 44 61 43 42 51 17 29 69 59 82 73 12 47 47 19 64 4 28 44 33 66 75 55 40 45 31 69 29 63 82 37 47 35 36 37 49 59 53 43 36 44 53 59 11 43 54 42 71 30 23 18 25 54 22 73 40 56 41 13 37 80 39 36 47 33 46 24 58 56 52 76 43 30 60 62 59 43 67 47 74 73 38 50 22 45 19 63 49 40 46 66 50 61 47 34 61 55 73 48 20 72 54 28 73 59 66 30 65 62 15 34 48 49 46 23 61 40 21 66 13 79 30 42 60 60 61 37 53 31 57 46 45 39 47 64 23 37 25 14 13 33 81 33 39 19 51 49 55 75 26 67 28 43 58 39 61 34 68 32 59 81 45 56 41 34 57 5 61 49 54 58 31 68 69 64 37 65 57 58 72 66 64 55 55 56 61 18 49 45 53 53 16 66 62 51 46 64 46 46 35 33
60 60 85 0 72 30 12 51 17 48 52 14 24 66 47 23 39 55 43 50 70 60 46 56 12 37 42 56 35 77 46 13 13 46 46 38 47 46 35 46 63 59 61 77 52 54 40 65 35 56 29 63 54 51 22 44 70 56 35 66 69 59 53 59 64 40 69 17 28 41 18 56 5 46 60 17 57 60 31 48 59 59 34 67 54 62 59 66 70 55 52 37 61 57 58 53 54 52 56 81 74 46 32 51 76 59 26 35 61 80 18 55 39 2 78 10 15 70 57 43 34 37 34 18 68 49 19 60 18 50 63 56 53 67 65 35 63 70 52 10 53 22 57 29 56 60 48 43 54 44 71 43 54 19 26 25 58 45 63 34 2 42 61 32 4 44 54 58 36 46 39 32 58 54 24 33 14 59 69 62 38 32 52 52 58 69 15 62 38 43 61 37 30 47 61 42 44 55 21 63 31 15 20 49 73 6 65 59 39 15 16 35 58 30 37 27 34 42 63 78 60 14 33 55 54 32 45 70 40 43 42 49 71 34 26 66 65 34 71 12 37 53 32 37 48 79 50 43 35 73 57 27 63 17 65 56 37 24 9 45 33 68 51 42 49 23 55 44 55 64 70 45 50 10 19 58 55 45 44 49 26 48 54 40 73 57 21 27 4 13 77 45 42 72 22 82 65 42 57 21 10 36 61 57 56 19 58 39 5 50 58 52 63 52 37 28 47 44 64 63 59 40 75 51 44 46 15 65 67 72 63 32 67 20 47 29 48 73 65 6 46 54 58 62 57 62 60 31 38 14 60 62 36 38 46 56 32 40 12 13 49 51 64 61 70 23 37 53 58 33 61 25 56 55 39 60 18 48 70 20 58 58 14 27 31 57 23 30 75 55 61 49 40 71 26 48 66 22 77 8 56 45 27 34 30 50 47 59 29 44 42 58 43 28 64 50 61 74 76 54 6 57 51 67 58 47 40 16 61 19 62 61 53 48 25 57 21 64 30 5 45 30 60 64 60 81 37 48 42 46 57 19 17 33 54 25 35 38 20 34 23 37 31 57 50 70 46 49 47 40 71 28 25 35 40 30 40 46 52 53
38 64 22 72 0 45 60 25 58 60 23 60 58 26 26 49 35 32 32 23 13 32 53 20 65 43 31 23 42 13 49 62 61 27 26 41 40 36 41 35 44 37 17 11 37 41 40 12 39 39 43 17 20 52 53 29 25 17 39 7 11 28 22 15 27 43 3 56 60 57 54 62 67 26 14 58 27 23 42 48 31 51 39 5 46 11 57 20 2 31 59 44 20 15 32 20 59 21 18 15 25 34 57 51 10 62 46 53 37 17 54 18 52 70 14 63 57 12 36 36 40 39 39 55 4 51 53 13 54 30 15 43 27 37 36 40 26 23 61 63 29 50 44 44 31 56 25 52 21 34 18 35 44 55 51 48 21 54 43 45 70 53 39 44 69 33 49 19 49 26 35 45 26 26 48 43 58 23 9 47 35 59 38 58 14 14 62 24 48 29 28 36 60 34 48 56 29 17 53 11 42 58 53 32 26 66 30 35 34 57 56 40 22 44 52 49 47 30 40 15 52 61 46 39 37 51 32 17 40 42 40 30 27 39 52 15 7 51 20 61 40 19 49 41 30 13 24 49 43 11 16 45 20 55 7 20 35 52 63 30 39 6 39 33 26 62 27 49 38 14 29 40 29 64 53 43 21 37 59 41 50 25 21 33 7 18 53 47 68 59 10 43 30 5 50 20 33 34 32 54 62 48 18 47 17 58 15 58 67 22 25 21 14 34 37 47 52 35 14 22 56 56 19 23 34 35 57 8 28 26 26 43 8 56 31 43 36 13 15 67 28 34 50 37 48 20 61 47 35 60 47 10 55 58 39 45 48 33 60 60 25 29 18 23 26 49 36 40 49 47 28 50 49 17 56 58 57 46 27 55 32 21 58 45 59 26 54 53 26 31 26 48 36 1 46 24 22 51 25 65 19 27 45 42 52 22 32 32 45 28 36 41 30 56 22 29 19 10 24 19 67 15 35 19 29 29 50 59 24 54 10 47 59 31 49 33 52 36 49 68 41 45 44 12 35 19 57 47 35 38 30 53 55 58 36 48 39 39 62 47 52 49 42 34 61 9 29 43 33 48 13 59 47 41 34 56 37 42 30 23
32 62 63 30 45 0 20 31 23 50 24 23 30 49 20 12 10 26 25 22 47 46 45 34 29 8 15 27 24 53 42 25 18 18 22 28 18 16 23 33 54 47 39 52 23 44 30 37 7 45 14 42 26 48 22 17 51 29 7 40 46 42 24 36 47 12 42 14 35 43 15 57 26 21 32 24 27 30 4 44 30 54 19 40 47 34 57 46 44 26 52 9 31 30 44 25 54 30 28 57 55 17 36 47 51 59 12 35 49 57 14 31 39 29 55 25 19 47 45 29 20 8 10 13 42 46 13 35 16 34 35 47 35 54 52 6 45 51 53 21 36 12 49 16 27 57 26 42 25 29 50 29 46 12 6 7 29 44 53 27 28 41 50 2 29 28 49 29 32 22 22 25 28 35 15 23 19 40 45 55 20 37 41 52 32 47 28 33 34 17 31 10 37 33 54 43 17 30 21 38 6 21 17 33 55 25 49 46 12 20 19 5 38 4 36 23 29 19 52 54 55 25 26 27 42 31 16 48 11 16 13 33 53 17 25 43 39 33 51 19 7 28 29 8 31 55 22 39 27 49 33 8 34 14 39 27 19 23 23 16 13 43 40 13 20 33 38 40 44 41 53 34 20 27 17 49 34 16 46 40 22 21 26 13 48 35 10 18 28 20 53 37 16 47 13 59 51 27 43 22 23 32 32 50 32 25 34 42 25 26 29 28 34 39 21 20 45 30 35 33 57 41 53 23 15 32 18 38 49 53 45 21 42 11 30 17 35 50 36 28 27 41 53 50 50 42 60 26 12 17 53 35 38 41 17 49 7 20 21 22 27 21 43 31 52 15 20 43 52 6 32 21 51 29 41 58 13 42 52 11 29 37 17 12 37 39 24 31 56 40 31 45 26 44 10 23 46 11 57 23 35 21 10 5 30 27 17 45 20 18 28 48 17 32 44 33 41 50 56 30 25 31 38 46 29 17 38 15 42 18 36 54 53 32 18 42 9 50 26 28 36 22 51 35 31 58 40 42 12 17 42 14 15 37 42 6 6 9 31 8 22 34 16 28 52 46 17 41 18 37 48 34 10 24 23 34 27 37 36 32
51 56 75 12 60 20 0 41 10 43 41 7 19 57 36 12 28 45 33 39 59 51 41 45 11 27 31 45 26 66 40 8 5 35 35 29 37 36 25 37 56 50 50 66 42 46 32 54 24 47 18 53 43 45 14 33 60 45 24 55 58 49 42 49 55 30 58 6 24 36 7 51 7 35 49 11 46 49 20 42 49 53 24 56 47 51 54 56 59 45 47 27 50 46 49 42 49 42 45 70 64 36 27 45 65 54 15 30 52 70 7 44 34 10 68 6 6 59 49 33 24 27 22 8 57 42 8 49 8 40 52 49 43 58 56 25 53 60 47 4 43 11 49 18 46 55 37 38 43 34 61 34 46 9 16 14 47 40 55 25 10 37 53 22 10 34 48 47 29 35 28 24 47 44 13 23 3 49 58 55 27 28 44 47 47 58 12 51 31 32 50 26 26 37 54 37 33 44 13 52 19 7 9 39 63 6 56 50 28 6 7 24 48 19 31 19 26 31 55 67 54 10 24 46 45 25 34 59 30 34 32 39 61 23 19 55 54 27 61 3 27 42 25 26 38 68 39 37 27 62 46 16 52 6 54 45 27 16 3 34 22 57 42 31 37 20 45 38 47 53 61 36 39 9 9 51 44 34 39 41 17 37 43 29 62 46 11 17 9 2 66 37 31 61 11 71 56 32 48 13 4 29 50 50 45 13 47 34 8 39 47 41 52 43 27 18 42 34 52 52 54 35 64 39 34 36 5 54 57 62 53 22 56 12 37 19 39 63 54 8 36 45 52 54 50 52 55 23 27 5 53 50 31 33 36 49 23 29 3 6 38 40 54 50 61 13 27 45 52 23 51 16 50 44 34 55 8 41 60 10 48 47 3 16 27 47 15 24 65 45 50 43 31 60 15 37 56 10 67 5 46 34 16 24 24 40 36 50 19 33 32 50 31 23 54 40 51 64 66 43 7 46 42 57 48 36 33 8 51 9 51 54 48 39 15 48 11 55 22 9 37 21 52 52 50 71 32 41 31 36 48 8 6 28 45 15 24 28 17 25 15 31 20 46 45 59 35 41 37 34 60 24 14 26 30 25 31 38 42 42
44 44 34 51 25 31 41 0 36 37 21 39 34 18 18 30 25 35 9 17 19 16 30 6 44 33 20 26 18 27 26 40 43 19 11 17 37 32 18 12 27 19 10 26 37 20 16 25 26 20 23 13 20 30 31 18 21 17 25 19 19 12 22 10 17 36 22 37 36 33 35 40 46 13 20 36 31 29 27 26 36 32 17 22 25 20 37 16 24 34 37 34 28 17 14 18 38 5 20 30 24 30 33 29 26 41 27 29 21 30 36 8 29 50 28 42 37 19 17 12 18 28 22 38 21 29 34 13 34 6 26 23 5 24 22 29 15 20 39 44 7 31 25 23 34 36 5 28 20 10 20 11 23 38 36 31 27 31 27 22 50 29 22 31 49 9 28 25 25 12 13 22 31 5 28 20 39 9 19 30 14 35 17 36 15 18 40 33 24 17 34 22 36 11 30 32 19 11 31 15 27 37 32 8 24 46 19 17 21 37 36 28 7 29 28 26 23 13 24 27 33 39 22 41 16 27 25 19 33 37 34 7 22 18 29 15 20 27 21 42 30 13 25 31 5 29 20 25 19 22 10 27 30 37 21 23 15 29 43 23 21 20 17 25 22 38 8 25 18 13 23 16 27 43 33 24 4 33 35 18 27 16 22 22 24 7 36 25 48 39 27 19 16 23 30 31 21 10 14 32 42 24 26 27 9 35 11 35 48 9 30 8 24 13 15 25 29 11 25 32 36 32 24 19 28 11 37 22 19 23 15 20 18 40 7 22 12 23 28 47 5 14 30 21 28 11 41 23 21 42 28 17 31 34 35 25 37 13 40 39 6 28 13 30 21 29 15 19 29 36 36 28 29 11 33 38 39 23 21 39 36 7 39 26 35 9 31 30 26 11 33 26 13 24 27 11 16 32 26 45 6 12 26 30 29 8 28 15 23 17 12 23 17 32 13 6 10 24 26 7 47 14 13 16 34 24 27 42 12 33 16 29 37 8 27 14 34 22 26 47 17 22 26 23 40 30 32 24 27 34 12 34 35 34 15 32 27 30 39 37 30 25 21 37 38 20 23 21 29 25 20 35 29 17 12 32 13 18 8 2
54 47 70 17 58 23 10 36 0 34 41 4 10 50 35 12 30 47 28 37 55 44 31 41 8 31 31 46 19 62 31 5 14 35 32 22 41 38 19 30 48 43 45 62 45 38 24 53 26 39 15 48 42 37 5 32 54 43 25 52 54 43 42 45 48 34 55 11 15 27 9 42 12 33 47 2 48 50 22 33 51 44 19 53 38 49 45 51 56 47 38 31 50 44 42 41 40 38 44 65 58 38 18 36 61 45 13 20 45 65 11 40 24 15 64 7 5 55 41 27 19 29 22 14 54 34 11 46 7 34 51 40 37 51 49 27 47 54 38 13 37 12 41 14 48 46 33 29 42 28 56 27 38 15 21 17 48 31 47 17 16 27 45 25 14 28 39 47 20 32 24 16 49 38 11 17 8 43 54 47 23 19 36 38 45 54 5 52 22 31 52 26 17 30 45 28 33 41 5 48 21 4 7 33 57 12 49 43 29 4 5 26 42 21 22 11 18 28 47 63 45 4 17 50 38 17 36 54 33 38 35 33 55 19 10 50 52 19 56 12 30 40 16 30 32 64 39 28 19 58 43 17 53 13 52 45 23 8 10 34 20 54 35 33 38 11 39 29 39 49 54 29 41 8 7 43 40 38 30 33 10 35 43 30 59 42 16 12 13 8 63 29 29 58 11 66 49 27 41 5 8 20 50 41 42 4 44 25 15 36 48 38 51 36 22 12 33 28 52 53 44 26 59 39 36 30 7 52 50 56 47 16 52 19 31 15 32 58 53 11 31 38 43 46 41 47 46 15 27 14 45 48 22 24 39 41 28 25 8 4 34 42 49 51 55 10 22 37 43 28 53 9 41 41 25 46 15 32 54 17 50 42 11 15 18 41 7 14 59 39 52 34 25 57 15 35 50 13 61 13 41 32 15 26 15 36 38 43 13 32 26 42 30 14 48 34 46 60 60 39 14 44 35 51 50 36 25 17 45 6 48 46 39 32 9 40 15 47 13 12 29 15 44 51 52 66 23 32 33 39 41 10 10 19 38 18 26 30 9 30 7 22 17 49 36 55 36 33 39 25 55 14 14 20 25 16 25 30 36 38
76 14 61 48 60 50 43 37 34 0 55 37 25 39 50 40 51 67 34 50 50 31 8 42 36 57 48 61 27 58 12 37 48 51 42 25 65 61 29 26 25 26 44 59 67 21 24 62 49 23 36 45 55 10 31 48 43 53 47 54 52 33 56 45 37 60 59 44 21 8 41 8 45 45 56 33 65 65 47 13 70 16 33 58 16 56 13 44 59 66 5 58 63 53 31 52 7 42 56 60 46 59 17 11 58 12 39 15 27 59 43 45 12 46 59 40 39 52 27 28 32 53 42 46 58 9 43 49 39 32 62 20 34 32 31 52 37 44 4 46 32 41 19 35 67 15 39 10 55 30 49 29 18 48 51 45 62 7 24 24 48 10 27 51 44 31 14 60 18 44 33 26 65 35 37 28 42 38 53 21 35 17 23 5 51 49 34 68 17 46 69 46 18 27 20 8 49 47 32 51 45 37 37 30 45 45 35 28 48 38 38 50 39 47 15 28 22 41 26 57 16 35 25 72 24 20 55 48 58 64 60 31 42 35 26 47 56 18 47 46 54 48 22 55 32 60 53 13 25 54 46 42 66 45 57 58 36 30 43 53 39 55 22 53 54 25 34 13 24 47 40 22 59 39 38 22 40 61 5 20 30 49 56 49 58 42 48 33 45 41 60 19 45 58 39 58 34 31 30 32 41 19 62 17 45 31 47 10 48 43 65 44 61 27 33 31 9 28 62 67 14 9 51 53 57 27 40 59 38 44 38 30 53 51 32 34 25 54 64 43 36 27 16 29 16 42 13 25 46 48 20 54 13 11 63 19 57 37 41 38 40 60 44 65 42 36 35 22 17 56 70 30 15 48 10 13 48 15 41 49 69 40 44 39 18 35 29 21 47 30 68 12 29 59 40 45 42 43 49 46 41 43 40 52 21 43 58 31 31 47 28 22 45 21 41 32 42 56 49 44 47 50 26 45 68 55 13 50 37 37 52 21 6 30 33 29 46 30 25 44 21 29 22 60 73 58 12 14 54 62 31 41 42 16 25 47 49 54 28 58 31 17 35 70 2 54 53 18 59 15 51 21 41 28 34 19 28 19 31 39
23 64 43 52 23 24 41 21 41 55 0 42 44 36 7 30 14 14 22 5 29 37 48 20 48 20 11 6 30 33 44 44 41 7 14 31 19 14 29 30 48 40 23 32 17 41 31 14 17 40 27 26 4 50 38 9 37 8 18 19 27 32 1 20 35 21 20 36 47 49 35 60 47 11 10 42 10 10 22 45 15 52 25 18 46 12 57 31 22 13 56 21 9 9 35 5 57 17 5 37 40 12 46 48 31 61 28 43 41 37 35 15 45 51 34 45 39 28 38 28 26 17 20 35 20 48 33 16 35 27 12 44 26 44 43 18 33 36 57 43 28 31 45 27 14 56 17 46 3 26 33 27 44 34 29 28 8 49 47 34 50 46 43 22 50 25 48 7 39 12 23 33 10 25 31 30 39 27 25 50 21 48 37 55 12 29 46 13 39 11 14 16 49 30 50 49 9 13 37 19 22 40 35 28 40 46 38 38 13 39 38 19 25 23 43 35 36 15 45 35 54 44 34 21 37 40 9 31 18 20 18 27 39 24 38 27 17 41 35 41 18 10 38 19 25 35 2 43 32 29 16 25 13 35 17 5 21 37 44 8 22 22 37 11 4 48 28 43 39 24 41 34 7 47 35 45 22 15 52 38 35 7 3 12 27 20 32 30 49 40 32 38 13 26 31 40 40 25 35 38 43 38 10 48 16 42 17 50 48 13 10 14 11 33 24 32 48 28 12 13 56 48 36 3 12 29 38 15 37 39 33 29 22 34 25 28 32 31 13 49 20 35 51 42 49 27 61 34 15 40 49 14 45 49 17 46 25 19 41 41 17 8 28 11 38 32 22 39 50 25 15 35 49 12 48 58 36 43 38 34 15 24 38 27 48 29 39 41 41 32 13 45 26 22 27 11 32 31 40 45 21 13 26 20 41 14 10 36 31 10 27 43 12 43 30 26 26 30 39 16 47 11 33 31 13 7 43 38 30 36 16 50 56 27 33 35 31 42 36 49 35 31 47 13 19 39 48 43 13 16 33 34 35 47 36 27 18 17 47 24 36 40 26 17 56 26 7 40 11 41 29 46 28 29 22 45 28 37 28 20
55 50 73 14 60 23 7 39 4 37 42 0 13 53 37 13 31 48 30 39 57 47 35 43 6 31 32 47 22 65 34 2 12 36 34 25 41 39 22 33 51 46 48 64 45 41 27 55 26 43 17 51 44 40 9 33 57 45 26 54 57 45 43 47 51 34 57 10 17 30 9 45 9 35 49 4 49 51 23 36 52 47 22 56 41 51 47 54 59 48 41 31 51 46 45 42 43 40 46 68 61 39 21 39 64 48 15 24 48 68 10 43 28 12 66 4 5 58 44 30 22 30 23 13 56 37 11 48 7 37 53 44 40 54 52 28 50 57 41 10 40 12 44 17 49 49 36 32 44 31 58 30 41 14 21 17 49 33 50 21 13 31 48 25 10 31 42 48 23 35 26 19 50 41 12 20 6 46 57 50 26 21 39 41 47 57 5 54 25 33 52 27 19 34 49 31 34 43 8 51 21 2 8 36 60 9 52 46 30 3 4 27 45 22 25 14 21 30 50 65 48 3 20 50 41 20 37 57 33 38 35 36 58 22 13 53 54 22 58 9 30 42 19 30 35 67 40 31 22 60 45 18 54 11 54 46 25 11 6 36 22 56 38 34 39 13 42 32 42 51 57 32 42 5 8 46 42 38 33 36 13 37 44 31 61 45 15 14 10 5 65 32 31 60 12 69 52 29 44 8 4 23 51 44 44 6 46 28 12 38 50 40 52 39 25 15 36 31 53 54 48 29 62 41 37 33 6 54 54 59 50 19 55 18 34 17 35 61 55 8 34 41 46 49 44 49 49 18 28 12 48 50 25 27 39 44 28 27 5 2 37 43 51 52 58 11 25 40 46 27 54 12 44 43 28 49 14 35 57 15 51 45 9 16 20 44 10 18 62 42 53 37 27 59 16 37 53 13 64 9 44 34 17 27 18 39 39 46 16 34 29 45 32 17 51 37 49 62 63 42 11 46 38 54 51 38 28 15 48 7 50 49 42 35 12 44 14 51 17 9 32 18 47 53 53 69 26 35 34 39 44 10 9 22 41 18 27 31 10 30 10 25 19 50 39 58 37 36 40 28 58 17 15 23 28 19 28 33 39 40
60 38 67 24 58 30 19 34 10 25 44 13 0 46 38 18 34 52 26 40 52 39 23 39 13 37 34 49 16 60 23 12 24 38 33 18 47 44 17 25 40 36 43 60 51 31 20 55 31 33 18 46 45 28 8 35 50 45 30 51 52 38 45 43 44 41 55 20 5 18 18 33 21 35 49 9 52 53 28 25 56 35 20 54 31 50 36 47 56 52 29 38 53 46 37 42 31 37 46 63 54 43 9 27 60 36 19 12 39 63 20 40 16 23 61 15 15 53 35 23 19 35 25 23 54 25 20 45 15 31 54 33 34 44 43 33 42 50 29 22 33 19 34 17 53 37 33 20 45 25 53 24 30 24 29 24 51 22 39 13 24 19 39 32 21 26 31 50 13 34 23 13 52 35 16 15 18 40 52 39 24 9 30 29 45 51 10 56 15 34 56 30 8 26 37 18 36 41 10 48 26 13 14 29 53 20 44 37 33 13 14 32 39 27 13 9 12 30 40 60 36 10 13 56 32 9 40 51 39 45 42 30 50 21 6 48 52 11 52 21 36 41 10 36 30 62 42 20 15 56 42 22 56 22 52 48 24 8 19 39 23 53 28 37 41 5 36 21 33 47 49 23 45 15 15 35 38 43 21 26 10 38 46 33 58 40 25 14 21 17 61 23 32 57 18 63 44 24 36 9 17 13 53 33 41 7 43 16 23 36 52 37 53 31 22 13 24 25 54 56 36 16 56 42 41 26 16 53 46 51 43 16 51 28 28 17 27 56 55 19 30 32 35 40 33 44 37 11 30 24 37 48 13 15 45 33 36 26 17 14 33 46 46 54 50 15 23 31 35 35 57 10 33 41 16 37 25 25 49 26 55 40 20 19 8 37 6 6 55 34 55 26 22 57 20 36 46 20 57 22 39 33 21 33 7 36 43 38 14 35 23 35 33 5 44 31 43 58 56 39 22 44 29 48 54 41 16 26 41 13 48 38 30 29 13 35 23 41 9 20 23 14 37 53 58 63 14 24 38 45 37 18 19 10 32 25 31 36 6 38 9 14 19 55 27 54 39 26 44 17 53 5 20 17 24 6 22 23 32 36
58 40 23 66 26 49 57 18 50 39 36 53 46 0 34 46 42 49 25 32 14 9 33 17 57 51 37 39 32 20 29 55 59 36 28 29 53 48 32 21 19 14 13 21 52 19 27 33 43 17 39 11 33 30 45 34 5 29 42 22 16 8 36 17 3 52 26 53 46 38 51 39 62 29 30 50 45 42 45 27 49 27 33 27 24 29 33 7 26 48 37 52 39 29 9 32 36 21 33 21 8 46 42 29 21 38 43 37 13 21 52 21 35 65 21 57 52 15 13 24 33 46 39 54 25 30 51 21 49 17 35 20 14 11 10 46 4 6 39 60 14 47 20 39 48 31 23 32 34 23 11 24 22 55 53 48 39 34 18 34 65 34 14 48 63 23 26 37 34 29 29 35 44 14 44 34 54 10 18 22 31 44 18 36 26 13 54 45 32 34 47 39 45 20 23 37 36 23 45 20 44 52 48 18 8 61 5 12 39 52 51 45 11 46 35 40 34 30 15 19 28 53 34 56 16 38 42 10 49 54 51 18 5 35 42 12 25 36 8 58 48 26 37 49 19 22 35 30 32 18 20 44 41 54 27 36 32 43 58 40 37 22 19 42 37 50 12 30 16 14 5 23 42 57 49 19 15 49 39 22 41 32 35 39 22 16 53 40 63 55 22 25 34 22 47 20 7 25 11 46 57 33 37 24 20 49 20 40 63 25 43 23 34 15 30 39 31 23 34 43 32 37 13 34 45 21 52 29 2 6 4 35 20 57 21 38 20 16 37 61 22 14 26 12 25 9 37 36 38 59 22 25 38 40 51 21 54 30 55 54 23 43 9 42 5 44 31 18 25 53 48 42 26 24 39 34 56 26 4 55 50 13 55 42 44 10 44 40 10 13 45 27 27 25 44 28 5 49 11 61 16 29 43 47 40 24 44 9 38 33 25 17 34 43 6 17 10 19 11 21 63 25 17 8 47 40 33 58 7 48 23 22 37 19 42 12 51 11 38 62 24 36 20 32 53 20 39 27 44 50 10 50 51 42 15 49 44 47 51 54 44 33 37 51 39 18 39 23 45 31 15 45 45 31 28 42 26 24 15 18
27 58 44 47 26 20 36 18 35 50 7 37 38 34 0 25 10 18 16 3 29 33 43 18 42 19 5 12 24 34 39 39 36 2 8 26 20 15 23 25 44 36 22 33 20 36 26 19 13 36 21 25 8 44 32 4 36 10 13 21 27 29 8 19 33 20 23 31 41 43 30 54 42 5 14 36 16 16 17 39 20 48 19 21 41 15 52 30 25 17 50 19 16 11 32 6 52 14 10 38 39 13 40 43 32 56 22 37 38 39 30 14 39 46 36 39 33 28 34 23 20 14 14 30 22 42 28 17 30 22 17 39 22 41 39 15 31 35 52 38 24 25 41 22 18 52 13 40 8 21 32 22 39 30 25 23 14 43 43 28 45 40 39 18 45 20 43 12 33 7 17 26 16 22 25 24 34 25 26 46 15 42 33 50 13 29 40 19 33 4 20 11 42 25 46 43 3 12 31 19 17 35 29 24 39 41 35 35 8 34 33 15 23 18 37 29 30 9 41 36 49 38 28 24 32 34 9 31 17 21 18 22 38 18 32 26 20 35 34 36 16 9 32 17 20 36 5 37 26 30 15 20 19 31 20 10 15 30 39 6 16 24 33 9 5 42 25 38 35 23 39 29 10 41 30 40 19 16 47 33 29 2 8 8 29 18 28 25 44 35 34 32 6 28 26 41 38 20 31 32 38 32 16 43 15 36 16 44 43 10 16 12 16 29 18 26 43 22 17 19 51 42 36 4 12 24 32 19 35 38 31 23 23 30 20 21 27 32 19 43 15 31 46 38 44 25 56 28 9 35 45 16 39 43 18 41 23 13 36 36 13 11 27 17 36 26 16 35 45 22 21 28 45 11 43 54 31 37 37 30 20 22 33 21 42 25 32 35 40 28 19 40 21 25 22 7 30 26 40 40 19 8 20 16 34 11 11 32 25 3 22 39 5 37 29 22 24 31 39 13 42 12 29 30 19 7 37 33 28 30 17 45 51 23 27 31 27 39 30 44 30 25 43 17 24 40 42 38 11 17 29 29 30 41 32 23 14 14 42 22 31 34 19 21 51 27 6 35 12 35 29 40 23 23 17 39 22 32 24 17
43 52 64 23 49 12 12 30 12 40 30 13 18 46 25 0 18 36 22 27 48 41 35 34 19 20 20 35 17 55 33 15 14 24 23 21 30 27 16 27 48 41 39 54 34 38 23 43 15 39 7 42 32 40 10 22 50 34 13 44 47 39 31 37 44 23 46 8 23 32 5 47 18 24 38 13 36 39 11 35 40 46 13 44 40 39 48 45 48 36 43 20 39 35 39 31 45 30 34 58 53 27 25 38 54 50 3 25 43 58 6 32 29 22 56 15 9 48 39 23 14 18 11 9 45 37 5 38 6 30 41 41 32 49 47 16 43 49 43 15 32 1 41 8 37 49 26 32 32 24 50 24 39 10 12 6 37 35 47 18 21 32 44 14 21 23 41 36 23 24 17 16 38 33 4 14 10 38 47 48 16 26 35 42 35 47 17 42 24 21 41 15 25 27 47 33 22 33 9 40 10 11 6 29 53 17 45 41 18 10 9 15 37 10 26 13 19 20 46 56 47 15 17 38 36 21 24 48 22 27 24 29 51 12 14 44 43 22 50 13 19 31 19 19 27 57 28 30 19 51 35 5 42 8 43 34 15 11 14 24 10 45 34 21 27 21 35 31 38 42 51 28 29 17 5 43 33 26 36 33 11 26 33 19 51 35 9 8 20 11 55 30 19 50 1 60 47 22 38 10 13 22 40 43 34 13 36 32 19 28 38 30 41 33 16 10 36 25 42 42 48 31 53 29 25 26 8 43 47 51 43 13 45 13 26 9 29 51 43 19 25 35 45 44 43 41 50 16 16 13 46 39 27 30 28 42 18 18 12 12 27 30 43 40 50 4 16 37 45 18 42 10 43 32 31 49 11 34 50 10 39 36 10 5 25 36 13 20 55 35 41 36 20 48 4 26 45 3 56 16 35 23 5 15 19 28 27 40 11 22 22 42 20 20 43 29 40 52 55 32 18 35 32 46 39 26 28 13 40 7 39 47 44 28 7 38 7 46 16 19 29 13 45 41 41 59 29 34 22 28 38 5 6 26 36 8 15 19 20 20 10 25 9 38 42 48 25 34 28 27 49 22 2 17 19 23 21 29 32 31
26 61 54 39 35 10 28 25 30 51 14 31 34 42 10 18 0 18 20 13 38 40 44 26 37 10 6 17 24 44 41 33 28 8 14 27 15 10 22 29 50 42 30 43 17 41 28 27 5 41 17 33 16 47 27 8 44 19 5 31 37 36 14 28 40 12 32 23 39 44 23 57 35 13 22 31 18 21 9 42 22 51 18 30 45 25 55 38 34 18 52 11 22 20 38 15 54 22 18 48 47 9 39 46 42 58 17 37 44 48 22 22 39 38 45 33 27 38 40 26 20 5 9 22 32 45 21 26 24 28 25 44 29 48 46 5 38 43 54 30 30 19 45 18 19 55 20 42 15 25 41 25 43 22 16 15 19 44 49 28 37 42 45 9 38 23 47 19 33 14 19 25 20 29 20 23 27 33 35 51 16 40 37 52 22 38 35 24 34 9 23 5 40 29 51 44 7 21 26 29 10 29 24 29 47 34 43 41 4 28 27 5 31 10 37 26 30 13 47 45 53 33 27 22 37 33 6 40 9 14 10 27 46 16 29 35 29 34 43 28 7 18 31 8 25 46 12 39 27 40 24 13 24 23 29 17 15 27 31 6 12 33 37 3 10 38 32 40 40 32 47 32 11 35 23 45 27 10 47 37 25 12 16 3 39 27 19 21 37 28 43 35 9 37 19 50 45 23 37 27 31 32 22 47 24 31 25 44 35 18 20 20 24 34 18 22 45 26 25 24 55 42 45 13 7 28 26 28 43 46 39 21 33 21 25 18 31 41 26 36 21 36 50 44 48 34 59 27 5 27 49 25 39 43 13 46 13 15 29 30 19 12 35 22 45 21 17 39 50 13 24 25 48 20 43 57 23 40 45 21 21 30 25 16 40 33 29 34 48 34 23 43 23 35 16 15 39 19 49 32 27 13 15 7 33 19 9 39 22 9 25 44 8 35 37 27 33 41 48 22 34 22 33 38 21 8 38 25 36 25 27 50 53 28 22 37 19 45 28 36 33 23 48 25 24 49 41 41 4 12 36 22 23 40 37 14 5 5 37 13 26 34 17 21 52 37 7 39 10 37 39 38 16 23 19 37 24 35 30 25
10 76 54 55 32 26 45 35 47 67 14 48 52 49 18 36 18 0 34 19 41 50 60 33 54 19 19 11 40 44 56 50 43 17 26 43 10 10 39 43 62 53 36 42 5 54 43 21 22 54 34 39 16 62 45 20 50 20 23 30 39 45 13 33 49 17 30 40 56 60 40 72 51 23 21 48 6 10 26 57 5 65 35 28 59 22 70 44 31 1 68 19 13 21 48 18 69 30 17 47 52 10 56 61 41 73 34 54 55 48 38 29 56 54 45 50 44 40 51 40 36 19 27 38 30 60 38 29 41 40 18 57 39 58 56 21 47 49 69 46 41 36 58 36 2 69 30 58 15 39 45 39 57 37 30 32 12 60 61 44 53 58 56 24 54 37 61 13 50 25 34 43 7 39 37 40 43 41 37 64 32 58 50 67 24 41 52 10 50 21 7 23 58 42 64 60 18 26 44 31 27 46 41 41 52 50 51 52 20 45 44 22 39 27 53 44 47 27 58 46 67 50 44 8 50 50 13 44 16 14 14 40 52 33 46 39 28 51 47 44 19 23 48 19 38 45 15 55 43 41 29 31 13 39 27 14 32 44 48 14 30 33 50 15 14 56 42 55 52 36 54 46 8 52 41 58 35 11 64 51 43 20 14 19 38 34 35 38 53 44 42 50 23 36 37 51 54 37 48 45 47 49 15 61 29 49 30 61 50 27 8 28 19 46 34 40 60 40 19 11 69 59 48 16 12 42 43 25 50 52 46 39 34 35 37 36 44 42 18 53 33 48 64 55 62 40 73 44 22 42 62 26 56 60 10 59 24 30 45 47 30 8 41 10 51 38 33 53 63 23 7 43 62 25 59 71 38 55 51 36 3 37 42 33 57 42 46 51 53 45 8 58 38 32 33 24 45 36 53 48 34 25 32 21 50 27 10 49 39 20 39 57 22 52 44 39 39 41 52 29 50 24 46 43 5 13 54 39 44 42 28 63 69 40 40 49 35 56 46 53 48 40 60 21 6 50 58 56 15 10 46 39 40 57 49 30 22 17 55 22 44 51 34 3 68 37 14 53 9 53 41 55 34 40 34 54 40 49 42 34
43 43 43 43 32 25 33 9 28 34 22 30 26 25 16 22 20 34 0 17 28 22 27 14 35 28 16 27 11 35 23 32 35 17 9 11 34 29 10 10 31 23 18 35 35 22 10 30 20 22 15 21 21 29 23 15 29 20 19 25 27 18 22 17 24 31 29 29 29 28 26 39 38 11 24 28 31 31 21 24 36 32 9 28 26 25 37 24 30 33 35 29 30 21 20 19 36 11 23 38 32 27 27 27 34 40 19 23 25 38 27 14 24 42 36 34 28 28 21 7 9 23 15 30 28 27 26 19 25 10 29 25 11 29 27 23 22 28 36 35 12 22 26 15 34 36 7 25 22 5 29 6 24 30 29 24 28 27 30 15 42 25 26 25 40 4 28 26 19 10 5 14 32 12 20 12 30 17 27 32 6 29 18 34 19 27 32 34 18 13 35 16 30 9 31 28 16 16 23 22 20 29 24 10 32 37 25 22 17 28 27 22 15 22 22 18 16 8 28 35 34 31 15 40 18 20 23 27 28 33 30 8 30 10 21 23 26 21 29 34 25 16 19 26 7 37 20 22 12 31 16 19 33 29 27 25 7 21 34 20 13 27 17 21 20 31 14 22 20 21 30 13 26 35 25 26 13 29 31 18 19 15 23 17 32 15 28 17 39 31 35 17 12 31 22 39 27 4 18 24 33 18 29 28 15 27 17 30 40 11 31 12 28 15 6 16 27 7 29 34 36 27 32 19 25 9 28 28 26 30 22 12 26 32 5 14 12 31 31 38 4 17 31 26 29 20 40 16 15 34 30 23 25 28 31 26 31 5 32 30 8 27 22 32 29 20 6 20 31 30 37 19 29 15 28 38 31 22 29 31 36 15 31 17 28 15 23 23 34 15 34 25 6 31 19 11 24 24 35 37 14 9 18 24 22 10 25 21 15 14 6 25 13 25 22 9 19 32 34 13 39 18 14 25 34 22 22 34 19 25 22 31 35 9 19 19 26 27 18 39 15 14 28 28 39 39 27 22 23 31 18 26 27 28 18 24 21 25 32 31 22 19 13 37 35 28 20 20 27 20 28 28 21 10 3 26 7 16 12 10
28 59 42 50 23 22 39 17 37 50 5 39 40 32 3 27 13 19 17 0 26 32 43 16 45 21 8 11 25 32 39 41 39 5 9 26 22 17 24 25 44 35 19 31 21 36 26 16 16 35 23 23 5 45 34 6 34 7 16 19 25 27 6 17 31 22 20 34 43 44 32 55 45 6 11 38 15 15 20 40 20 47 21 18 41 13 52 27 22 18 51 22 14 8 30 4 52 12 8 35 37 15 41 43 30 56 25 38 37 36 32 12 40 48 33 42 36 26 33 23 22 17 17 33 20 43 31 14 32 22 15 39 21 40 38 18 29 32 52 41 23 28 40 24 18 51 13 41 6 21 30 22 39 33 28 26 12 44 43 29 48 41 38 21 48 20 43 11 34 7 18 28 15 21 27 26 37 23 23 46 17 43 32 50 10 26 42 18 34 7 19 14 44 25 45 44 6 10 33 17 20 37 32 23 36 44 34 34 11 36 35 18 21 21 38 31 32 11 40 33 49 41 29 25 32 35 11 29 19 23 20 22 36 19 34 24 17 36 32 39 18 7 33 19 20 34 4 38 28 28 13 23 17 33 17 9 17 33 41 9 18 21 32 11 6 43 24 38 34 21 37 29 11 44 32 40 17 17 47 33 31 2 7 10 27 17 30 27 47 38 31 33 9 25 28 38 36 20 30 34 40 33 14 43 12 38 14 45 45 9 15 10 14 28 19 28 43 23 15 18 51 43 33 3 14 24 35 16 33 36 29 25 21 33 20 24 27 29 17 46 15 30 46 37 44 24 56 30 12 38 44 13 41 44 20 41 26 15 39 38 12 12 24 16 35 28 18 35 45 25 20 31 44 9 44 54 34 38 35 33 20 20 36 24 43 24 35 37 38 27 18 40 22 22 24 6 29 29 38 43 17 8 23 19 36 9 13 31 26 6 22 39 8 39 27 21 23 29 37 12 45 9 28 28 18 8 38 36 26 33 14 45 51 22 29 31 29 38 32 46 30 27 42 14 24 37 43 38 13 19 28 31 33 43 31 25 17 17 44 25 33 35 22 21 51 25 8 35 14 36 27 42 26 24 18 40 23 32 24 16
48 53 16 70 13 47 59 19 55 50 29 57 52 14 29 48 38 41 28 26 0 21 44 15 62 47 33 31 37 8 40 59 61 31 26 35 47 42 37 28 32 26 10 9 44 31 33 22 41 29 42 7 26 42 50 31 12 22 40 11 3 17 29 11 15 48 14 55 53 48 53 51 65 26 21 55 36 32 44 39 40 40 36 15 36 19 46 8 13 40 49 48 29 21 21 25 49 18 24 11 13 40 50 41 8 51 45 45 25 11 54 17 44 68 9 61 55 2 25 30 36 42 39 55 13 41 52 13 52 22 25 32 19 25 24 43 15 10 51 62 20 49 33 42 40 44 22 43 27 28 5 29 34 55 52 49 30 45 32 40 68 44 27 46 67 27 38 28 42 26 32 40 35 18 46 39 57 14 5 36 32 52 29 48 18 1 59 35 40 30 37 37 54 27 36 47 32 18 50 11 43 56 51 24 14 64 18 24 36 55 54 43 13 45 44 45 41 29 28 8 41 58 40 48 26 45 36 5 45 48 46 23 15 37 47 5 14 44 8 60 44 20 43 45 23 10 29 40 38 4 15 45 31 55 15 28 33 48 61 35 38 9 30 37 31 56 18 40 28 7 17 32 36 62 51 31 15 43 50 32 46 27 28 35 8 13 54 44 66 58 10 34 31 9 49 13 21 29 22 50 60 41 27 36 15 54 13 50 66 22 34 19 23 25 33 43 43 28 24 33 45 47 7 28 39 27 55 18 15 13 14 39 8 57 25 41 27 4 26 65 24 25 39 25 37 10 50 42 36 60 35 16 47 50 45 34 51 31 58 57 22 36 8 32 13 47 33 30 38 50 39 46 38 19 48 47 57 37 14 56 41 13 57 44 52 17 50 48 13 22 35 38 31 13 45 24 10 50 13 63 14 27 44 44 47 21 38 21 42 30 30 30 31 50 11 22 10 6 12 17 66 18 26 7 38 34 42 59 13 51 13 35 49 24 46 23 52 24 44 66 32 41 33 21 44 12 49 38 39 44 19 52 54 51 25 49 42 43 58 50 49 41 39 43 51 5 33 34 39 41 1 52 47 36 30 50 31 33 21 18
59 33 31 60 32 46 51 16 44 31 37 47 39 9 33 41 40 50 22 32 21 0 24 18 50 49 35 41 26 28 21 48 54 35 26 22 53 48 26 15 13 6 17 29 52 11 20 37 41 9 35 16 35 22 39 33 13 31 40 27 22 5 37 20 7 51 31 48 38 30 45 31 56 29 33 44 46 44 42 19 51 19 28 32 15 32 25 14 32 49 28 50 42 31 2 33 29 21 35 30 16 46 34 21 29 30 39 29 5 29 47 22 27 59 28 51 46 22 5 19 28 44 36 50 31 22 46 24 44 12 39 12 12 9 7 44 7 14 30 54 11 42 13 34 50 24 21 24 35 18 18 18 14 50 50 44 41 25 12 27 59 26 7 45 57 19 18 39 27 27 25 28 46 12 39 28 49 10 24 16 27 36 10 27 28 20 47 48 25 32 49 37 38 14 16 28 35 25 39 24 41 46 42 13 15 55 5 3 37 46 45 43 13 43 28 33 28 28 9 27 21 47 28 57 8 30 41 18 48 53 50 14 12 30 35 18 30 29 17 52 46 27 30 47 15 29 36 22 25 25 23 40 44 49 31 38 28 37 52 39 34 27 11 41 37 42 9 22 8 19 11 16 43 51 43 11 16 48 31 14 35 32 37 37 28 18 49 35 57 49 30 17 32 29 42 28 6 20 4 40 51 26 40 16 22 42 22 32 58 24 45 23 37 9 26 34 23 17 38 46 25 29 21 35 44 15 47 33 8 14 8 30 25 53 17 33 13 24 41 55 20 7 18 5 17 13 30 29 36 54 15 29 30 32 50 14 52 27 50 48 21 43 14 45 13 39 27 10 17 51 51 36 18 26 30 27 51 18 12 51 52 14 50 38 36 9 38 33 17 7 48 19 21 31 40 27 12 44 19 55 17 27 38 45 32 23 44 1 32 33 19 10 32 35 11 13 14 27 19 22 57 28 10 15 49 40 25 54 9 43 27 15 29 14 37 4 47 6 31 56 16 30 13 36 55 28 31 19 42 50 5 45 46 34 7 45 42 45 44 52 38 25 33 53 31 25 38 15 45 24 22 37 41 26 24 35 21 16 10 17
69 17 55 46 53 45 41 30 31 8 48 35 23 33 43 35 44 60 27 43 44 24 0 34 35 51 42 53 21 51 5 35 45 44 35 18 59 54 23 19 20 20 37 52 61 14 18 55 43 16 31 38 48 6 28 41 37 46 41 47 44 27 49 38 30 54 51 40 19 7 37 13 43 38 49 31 58 57 41 6 63 13 27 51 10 49 14 37 52 60 8 52 56 46 24 45 10 35 49 53 40 53 15 5 52 15 34 11 22 52 39 37 7 45 52 38 36 45 20 21 25 47 36 42 50 3 39 42 35 24 55 14 27 27 26 46 30 38 10 44 25 36 14 30 60 15 32 4 48 22 42 22 12 44 47 40 55 2 20 18 46 4 21 46 43 24 10 53 13 37 27 21 58 28 32 22 39 31 46 18 29 16 16 8 44 43 32 61 12 40 62 40 18 20 16 5 42 40 29 43 40 35 33 22 39 43 29 21 42 35 35 44 32 42 11 23 17 34 21 50 14 33 19 66 18 16 49 41 52 58 54 24 36 29 23 39 49 14 40 43 49 41 17 49 25 53 47 6 19 48 39 37 59 41 50 51 29 26 41 47 34 48 14 46 47 25 27 5 17 40 34 15 52 37 34 16 32 54 7 13 25 42 49 42 51 35 43 28 43 39 53 11 38 51 35 52 28 24 23 29 39 13 55 13 38 29 40 10 46 36 58 36 53 20 27 26 2 21 54 60 13 7 44 46 51 20 37 51 32 37 31 25 46 47 25 29 18 47 57 41 29 20 13 23 12 34 15 20 39 45 16 46 11 10 56 13 51 30 39 35 33 53 37 58 36 32 28 15 14 51 63 26 11 40 9 15 44 7 35 45 63 33 41 34 17 28 26 17 41 22 61 6 23 52 35 38 35 38 43 44 34 36 35 46 18 36 51 24 26 40 21 17 39 19 34 25 35 50 43 37 45 43 19 38 61 48 8 46 31 33 45 17 9 23 29 22 41 24 20 42 13 24 17 53 66 52 10 6 48 56 25 37 38 14 19 42 44 48 27 52 27 11 30 63 9 47 47 10 53 9 45 19 36 22 27 17 21 12 24 32
42 48 30 56 20 34 45 6 41 42 20 43 39 17 18 34 26 33 14 16 15 18 34 0 48 35 21 24 23 22 30 45 47 20 12 22 37 32 23 17 30 22 5 22 36 24 21 21 28 23 27 9 17 34 36 19 19 14 27 13 14 13 20 5 16 37 18 41 41 38 39 44 51 14 16 41 29 27 30 30 34 35 22 17 29 16 40 13 18 32 41 36 25 14 16 16 42 5 18 25 22 30 38 33 21 45 31 34 23 25 40 5 34 54 23 47 41 15 20 17 22 30 25 41 17 33 38 8 38 11 22 26 8 25 23 30 14 18 43 48 10 35 28 27 33 39 8 33 18 15 17 16 27 42 39 35 24 35 29 27 54 34 24 33 53 14 31 22 30 13 18 26 29 7 32 25 43 8 14 32 18 40 21 40 11 14 45 30 29 18 32 24 41 16 32 37 20 8 36 9 30 42 37 13 22 50 19 20 23 41 40 30 6 31 33 31 28 15 26 22 36 44 27 40 19 32 26 15 34 38 34 12 20 22 34 10 15 32 18 46 32 10 31 33 11 24 19 30 25 18 5 31 27 41 16 21 19 34 47 24 24 15 21 26 21 43 10 30 21 8 22 21 26 48 37 27 3 33 40 23 32 16 20 23 19 2 40 30 52 44 22 24 18 18 34 27 21 15 16 37 46 29 23 31 5 40 6 40 52 9 28 6 20 16 19 29 34 16 21 29 40 37 20 18 29 15 41 18 18 21 14 25 13 43 12 27 17 18 24 51 10 17 34 23 32 9 44 28 23 46 31 13 36 38 35 29 39 17 44 43 8 27 10 28 20 33 19 22 33 38 34 32 32 9 38 42 43 28 19 42 34 5 43 30 40 10 36 35 23 14 30 30 18 19 31 12 14 36 24 49 1 13 30 32 34 8 28 17 28 18 17 25 18 37 11 11 8 19 23 5 51 10 17 13 32 24 32 45 11 37 11 32 41 13 32 17 38 23 31 52 22 27 29 19 38 26 38 29 28 34 14 38 39 39 19 35 29 31 44 38 35 30 25 36 42 15 23 25 29 30 15 40 33 22 16 37 18 23 11 4
61 50 77 12 65 29 11 44 8 36 48 6 13 57 42 19 37 54 35 45 62 50 35 48 0 36 38 53 26 70 35 4 15 42 39 29 47 45 26 37 53 49 53 69 51 43 31 61 32 45 23 55 50 41 13 39 61 51 32 60 62 49 49 52 55 40 63 15 17 30 15 44 9 41 55 8 55 57 29 37 58 48 27 61 43 56 48 58 64 54 41 37 57 52 49 48 43 45 52 73 65 45 21 40 69 48 21 25 51 73 16 48 28 10 71 5 11 62 47 34 27 36 29 18 62 38 17 53 13 42 59 46 44 57 55 34 54 61 40 13 44 18 46 22 55 49 41 33 50 35 63 34 43 19 26 23 55 34 52 24 12 31 51 31 8 35 44 54 25 40 31 23 56 45 18 24 11 50 62 51 31 21 42 41 52 61 4 60 27 39 58 33 18 37 50 31 40 49 13 56 27 8 14 40 64 9 55 49 36 9 10 33 50 28 26 18 24 36 52 70 49 5 23 56 44 22 43 62 39 44 41 40 61 27 16 58 59 23 63 13 36 48 22 36 40 72 46 32 26 65 50 24 60 17 60 52 30 15 9 42 27 61 40 40 45 11 46 33 45 56 61 35 48 3 14 48 47 44 33 39 17 43 50 37 66 50 21 19 9 10 70 35 37 65 18 74 56 34 48 12 8 26 57 46 49 9 51 28 12 43 56 45 58 43 30 19 36 35 59 60 48 29 66 46 43 37 12 60 57 63 54 24 60 22 38 22 38 66 61 7 39 44 47 52 46 54 49 22 34 16 50 56 25 27 45 46 33 33 9 8 42 49 56 58 61 17 30 43 48 33 60 16 45 48 28 49 19 37 61 21 57 50 14 22 20 48 13 19 66 45 59 38 32 64 22 42 57 19 68 11 49 39 23 33 19 44 45 50 21 40 33 47 38 17 55 41 53 67 67 47 11 51 41 59 57 44 29 19 52 13 56 50 42 39 17 47 20 53 20 8 35 22 49 59 59 73 26 37 40 45 48 16 15 22 44 24 33 37 8 35 14 27 24 56 38 63 43 39 46 30 63 17 21 27 32 19 32 35 43 45
25 68 62 37 43 8 27 33 31 57 20 31 37 51 19 20 10 19 28 21 47 49 51 35 36 0 15 23 30 52 48 33 25 17 24 34 11 10 29 37 58 51 39 51 15 49 35 34 9 49 21 42 24 54 30 17 53 27 10 39 45 45 21 37 50 4 40 22 42 49 22 63 32 22 30 32 22 25 10 49 23 59 25 38 52 32 63 47 42 19 59 1 27 28 47 23 60 31 25 56 56 11 43 53 50 65 19 42 52 56 21 31 45 36 54 32 26 46 48 33 26 5 15 20 40 52 20 35 24 37 31 52 38 57 55 6 48 52 60 28 39 19 53 22 20 63 28 48 23 33 50 33 51 18 12 14 25 51 57 33 35 48 53 6 35 32 54 25 39 23 26 31 23 38 22 29 26 42 44 59 24 45 45 58 30 47 35 27 40 18 25 13 44 37 59 50 16 30 28 37 12 29 25 37 56 31 52 49 12 28 27 7 40 10 42 30 35 22 56 54 61 33 33 20 46 38 12 49 4 8 5 36 55 22 33 44 37 39 52 25 3 27 36 2 34 54 19 45 33 48 33 15 29 21 37 24 23 30 30 13 18 41 45 10 17 40 41 46 48 41 56 39 15 34 24 54 36 9 53 45 29 20 23 13 47 36 17 25 34 27 51 43 17 45 21 59 54 31 46 29 30 38 28 55 33 33 34 49 32 27 23 29 31 42 26 27 51 34 32 28 62 48 54 20 10 36 25 35 52 55 48 27 41 17 33 23 39 50 32 35 30 44 58 53 56 43 65 32 14 24 57 34 44 48 9 54 5 23 28 29 29 16 44 26 54 23 24 48 58 5 25 28 56 29 48 64 20 47 54 18 22 39 24 19 44 42 32 38 57 43 26 50 31 42 18 24 48 19 58 30 36 23 18 5 37 28 12 48 27 18 32 52 18 39 46 36 42 49 57 31 32 30 42 47 23 14 44 21 45 26 35 58 60 36 25 46 17 54 33 35 41 28 56 32 24 58 46 48 9 10 45 21 22 44 46 13 8 5 39 4 29 40 22 21 58 45 14 46 12 43 47 41 18 30 27 41 32 42 39 34
28 58 49 42 31 15 31 20 31 48 11 32 34 37 5 20 6 19 16 8 33 35 42 21 38 15 0 15 22 39 38 34 31 5 10 24 18 14 20 25 45 37 25 38 20 37 25 24 8 37 17 28 13 44 28 3 39 15 8 26 32 31 12 23 36 17 28 26 38 42 25 54 37 8 19 32 18 20 12 39 22 48 16 26 41 20 52 33 29 19 49 16 20 16 33 11 51 17 15 43 42 12 37 42 37 55 18 35 39 43 25 17 37 41 40 35 28 33 35 22 17 10 10 25 27 42 23 21 25 24 22 40 24 43 41 10 34 38 51 33 25 20 41 18 20 52 15 39 12 21 36 21 39 25 20 18 18 42 45 26 40 39 40 14 40 19 43 17 31 8 15 24 19 24 21 22 29 27 31 47 13 39 33 49 18 33 36 23 31 3 22 6 39 25 47 41 3 16 26 24 12 30 25 24 42 36 38 36 3 29 28 10 26 13 35 25 28 9 43 40 49 34 25 25 33 31 8 35 14 18 15 23 41 14 28 30 25 32 38 31 12 14 29 13 21 41 9 36 24 35 19 15 23 26 25 15 13 27 34 5 12 28 33 6 7 38 27 37 35 27 42 28 12 36 25 41 22 14 45 33 25 7 13 3 34 22 23 21 39 30 39 32 4 33 21 45 40 19 33 27 33 30 20 44 19 31 20 42 38 13 19 15 21 30 15 22 42 22 22 23 51 40 40 9 10 24 28 24 37 41 33 20 28 25 20 18 27 36 23 38 16 32 46 40 44 29 55 26 5 30 45 21 37 41 16 42 19 12 31 31 15 13 30 21 40 22 14 35 46 18 24 25 45 15 40 53 26 37 40 25 22 25 28 17 39 28 29 32 43 30 22 40 20 30 17 10 34 21 44 35 22 9 16 12 32 14 10 34 21 4 21 40 4 34 32 23 28 36 43 17 37 17 29 33 21 7 35 28 30 26 22 46 50 23 23 33 22 41 27 39 30 22 43 22 25 44 39 37 8 15 31 24 25 39 33 18 9 11 38 18 27 32 16 22 49 32 6 35 12 34 34 37 18 21 15 36 21 31 25 19
19 69 44 56 23 27 45 26 46 61 6 47 49 39 12 35 17 11 27 11 31 41 53 24 53 23 15 0 35 34 50 49 45 12 19 37 18 14 34 35 53 45 26 32 15 46 37 12 21 45 32 29 7 55 43 15 40 10 22 21 29 36 5 23 39 22 20 40 52 55 39 65 51 16 10 47 6 5 25 50 11 57 30 18 51 13 62 34 21 10 61 23 5 11 39 9 62 21 7 37 42 13 51 53 31 66 33 49 46 38 39 19 50 55 35 49 43 30 43 33 32 20 25 39 20 53 38 19 40 32 9 49 30 48 47 22 37 39 63 47 32 35 50 33 10 61 23 51 6 32 35 32 49 38 32 32 3 54 52 39 54 51 47 25 54 30 53 4 45 17 28 38 5 30 36 36 44 31 26 55 27 53 42 60 14 31 51 8 44 16 9 21 54 35 55 54 14 17 41 21 26 45 40 33 42 50 42 43 18 44 43 22 29 27 48 40 42 21 49 36 58 49 39 18 42 45 12 34 20 20 19 32 42 29 43 29 18 46 37 45 21 14 43 21 30 35 8 48 38 31 19 30 8 39 17 4 26 42 48 12 27 23 42 14 8 53 33 49 44 26 44 39 8 51 40 49 26 15 58 43 40 13 5 17 28 24 36 36 53 45 32 43 18 26 36 41 44 31 39 42 48 44 6 53 20 46 20 56 51 18 5 19 9 38 29 37 53 33 10 8 61 53 38 8 13 34 42 15 40 42 37 34 23 38 30 33 37 33 10 53 25 39 56 46 54 31 66 40 20 44 54 16 51 54 17 51 28 25 46 46 22 7 31 6 41 37 28 44 55 27 10 40 54 16 54 64 39 48 41 38 11 28 42 32 53 33 44 47 43 37 8 50 32 22 32 16 35 35 43 49 25 18 31 23 46 19 11 40 36 15 33 48 17 49 34 31 30 31 42 20 51 14 38 33 9 10 48 41 34 41 18 54 62 32 38 40 35 46 41 53 41 36 52 11 15 40 53 49 15 16 37 38 40 53 41 31 22 19 53 26 42 45 31 13 62 28 11 45 11 47 31 51 33 34 28 50 33 42 33 25
49 38 52 35 42 24 26 18 19 27 30 22 16 32 24 17 24 40 11 25 37 26 21 23 26 30 22 35 0 44 18 23 29 25 18 4 38 34 2 12 32 25 28 44 40 22 7 40 22 23 11 30 30 25 14 22 36 30 20 36 37 24 31 27 30 34 39 23 19 20 20 34 30 20 34 19 39 39 21 20 43 30 6 38 24 35 33 32 41 40 29 31 39 31 24 28 31 21 32 48 40 33 17 23 44 35 15 14 27 47 22 24 16 34 46 25 21 37 24 8 5 26 15 25 38 22 21 29 19 16 39 24 19 33 31 25 28 36 30 29 18 18 26 10 41 33 17 18 30 10 38 9 23 26 27 21 37 21 31 5 34 18 28 25 32 10 25 35 10 19 8 4 39 20 14 3 23 25 37 32 9 19 19 29 30 36 23 43 10 20 43 19 20 12 31 20 23 26 14 32 19 21 17 15 39 30 31 25 21 20 20 24 24 21 14 8 7 15 30 45 32 22 4 45 20 11 29 36 31 37 33 15 36 8 11 32 36 11 37 27 28 25 9 29 14 47 28 16 3 40 26 17 42 24 37 33 9 12 27 27 13 37 18 26 28 20 21 17 22 31 36 12 33 26 18 27 22 34 24 16 10 23 32 22 42 25 24 10 31 24 45 14 18 41 17 48 31 9 23 15 25 9 38 27 25 18 27 21 32 21 39 22 38 18 7 8 22 10 39 42 33 19 41 28 30 11 21 38 32 38 29 4 36 28 13 9 13 40 41 30 14 20 29 29 27 28 36 6 19 28 30 33 16 20 36 26 31 11 24 22 18 34 30 40 36 14 8 21 29 30 44 10 27 26 19 35 27 18 35 27 43 24 25 14 19 22 13 12 41 20 42 21 6 41 16 21 32 20 42 30 24 18 15 25 11 21 31 25 7 21 8 26 19 15 29 15 28 42 42 23 31 29 17 33 42 28 15 29 27 17 32 31 30 14 11 22 22 30 8 30 12 5 28 38 46 48 18 19 27 35 23 20 21 18 20 22 23 28 22 32 13 11 9 43 29 38 27 18 33 13 38 18 17 1 8 16 6 14 18 20
51 59 11 77 13 53 66 27 62 58 33 65 60 20 34 55 44 44 35 32 8 28 51 22 70 52 39 34 44 0 47 66 68 36 32 43 51 46 44 36 38 33 17 3 48 38 41 24 47 35 49 15 30 48 57 37 16 26 47 14 8 25 33 18 22 53 14 62 61 55 60 58 72 33 24 62 39 35 50 46 42 46 43 17 43 22 52 15 14 43 56 53 32 25 28 30 56 25 28 4 16 44 58 48 4 57 52 53 32 5 61 23 52 76 2 68 62 8 31 37 44 48 45 62 15 49 59 19 59 30 26 39 26 30 29 49 21 15 58 69 28 56 40 49 43 50 30 50 31 35 10 36 40 62 59 55 33 52 37 47 76 51 33 52 74 35 45 31 50 33 39 48 38 26 54 46 64 21 9 41 40 60 36 55 22 9 66 37 48 37 40 44 61 35 42 54 37 24 57 16 50 63 58 32 17 71 24 31 42 62 62 49 21 51 52 52 49 36 34 3 47 65 48 51 34 52 41 10 50 53 50 31 19 44 55 13 17 52 12 67 50 26 51 51 31 3 34 47 45 5 21 51 33 62 18 31 40 55 69 40 45 12 37 43 36 64 25 47 35 14 21 39 40 69 59 38 23 48 57 39 53 33 32 41 6 20 60 51 74 65 3 41 38 8 56 7 26 36 29 58 67 49 30 43 22 61 20 58 73 28 37 26 26 32 40 51 50 36 25 35 51 55 9 33 44 35 62 20 21 17 20 47 12 63 32 48 35 5 28 72 31 32 45 31 44 17 56 49 42 67 41 19 55 57 49 41 57 38 66 65 29 40 15 34 18 54 40 37 44 56 41 54 45 24 56 53 64 44 19 62 44 21 64 51 60 24 57 55 15 29 38 46 39 13 52 30 16 57 14 71 21 33 51 50 54 27 43 27 49 36 38 37 37 57 18 30 18 4 13 24 73 23 33 14 41 39 50 66 21 59 18 41 56 32 53 30 59 30 51 73 40 48 39 24 47 6 56 45 44 48 27 59 61 58 33 55 48 48 65 56 56 49 47 46 58 8 39 41 43 48 7 60 54 44 38 58 39 41 29 25
66 20 51 46 49 42 40 26 31 12 44 34 23 29 39 33 41 56 23 39 40 21 5 30 35 48 38 50 18 47 0 34 43 40 31 15 55 51 20 15 19 17 33 48 57 11 14 50 40 13 28 33 44 7 27 37 33 42 38 43 41 23 45 34 27 51 47 39 20 9 36 16 42 34 45 30 54 53 39 3 59 14 24 47 9 45 15 33 48 56 12 49 52 42 20 41 13 31 45 49 36 49 16 6 48 18 32 11 19 49 38 33 8 45 48 37 35 41 17 17 22 44 33 41 46 4 37 38 34 20 51 12 23 24 23 43 26 34 14 43 21 34 12 27 57 16 28 4 44 19 38 18 9 42 44 38 51 5 18 16 46 5 18 43 43 20 9 49 11 33 23 18 54 24 30 20 38 26 42 17 25 17 12 11 40 39 32 57 10 36 58 36 19 16 15 8 39 36 27 39 37 34 32 18 35 42 26 18 38 34 34 41 28 39 10 22 15 30 19 46 14 32 17 62 14 15 45 37 49 54 51 19 32 26 22 36 45 13 37 42 45 37 15 46 21 49 43 3 16 44 35 35 55 40 46 47 26 24 40 43 31 44 11 43 43 25 23 2 13 36 31 11 49 37 33 14 28 51 11 8 24 38 45 39 46 31 41 26 43 38 49 7 34 47 33 48 25 20 19 28 38 12 51 11 34 28 36 12 45 32 54 32 49 15 23 24 4 17 50 56 15 9 41 42 47 16 35 47 28 34 27 22 42 45 21 26 14 43 53 41 25 16 13 20 11 31 18 18 36 44 15 42 11 12 53 11 49 27 38 35 29 49 33 54 33 30 25 11 13 48 59 25 11 36 10 17 43 4 32 43 59 29 40 31 18 23 25 17 38 19 57 4 19 48 33 34 31 36 39 43 30 32 32 43 17 32 48 20 23 37 18 14 35 19 30 20 30 46 39 32 44 39 15 34 57 44 7 45 27 32 41 16 13 19 27 18 39 21 19 42 9 21 15 49 62 48 12 3 45 52 21 36 37 15 15 39 40 45 28 50 25 9 27 59 13 42 43 7 49 6 41 20 34 19 23 17 17 8 20 28
57 50 74 13 62 25 8 40 5 37 44 2 12 55 39 15 33 50 32 41 59 48 35 45 4 33 34 49 23 66 34 0 13 38 36 26 43 41 23 34 51 47 50 66 47 42 29 57 28 43 19 52 46 40 10 35 59 47 28 56 59 47 45 49 53 36 59 12 17 30 11 45 9 37 51 5 51 53 25 36 54 47 24 57 42 53 48 55 60 50 41 33 53 48 47 44 43 42 48 70 62 41 21 39 65 48 17 24 49 70 12 44 28 11 68 3 7 59 45 31 23 32 25 14 58 37 13 50 9 39 55 44 42 55 53 30 51 59 41 10 41 14 45 18 51 49 37 32 46 32 60 32 42 16 22 19 51 34 50 22 12 31 49 27 9 32 42 50 24 36 28 20 52 42 14 21 8 47 58 50 27 21 40 41 48 58 4 56 26 35 54 29 19 35 49 30 36 45 10 52 23 4 10 37 62 8 53 47 32 5 6 29 47 24 25 15 22 32 51 67 48 2 21 52 42 20 39 59 35 40 37 37 59 23 14 55 56 22 60 10 32 44 20 32 37 69 42 31 24 62 47 20 56 13 56 48 27 12 7 38 24 58 39 36 41 12 44 32 43 53 59 33 44 3 10 46 44 40 33 37 14 39 46 33 63 46 17 16 9 7 67 33 33 62 14 71 53 31 45 9 5 24 53 45 46 7 48 28 11 40 52 42 54 40 26 16 36 32 55 56 48 28 63 42 39 34 8 56 55 60 52 20 57 19 35 19 36 63 57 7 35 42 46 50 45 51 49 19 30 13 48 52 25 27 41 44 30 29 6 4 38 45 53 54 59 13 27 41 47 29 56 13 44 45 28 49 15 36 58 17 53 47 10 18 20 45 11 18 64 43 55 37 29 61 18 39 54 15 65 10 45 35 19 29 18 40 41 47 18 36 30 46 34 17 52 38 50 64 64 44 10 48 39 56 53 40 28 16 49 9 52 49 42 37 14 45 16 51 17 8 33 19 48 55 55 70 26 36 36 41 45 12 11 22 42 20 29 33 9 32 11 25 21 52 39 60 39 37 42 28 60 17 17 24 29 18 29 34 40 42
49 61 77 13 61 18 5 43 14 48 41 12 24 59 36 14 28 43 35 39 61 54 45 47 15 25 31 45 29 68 43 13 0 35 36 33 34 34 28 40 59 53 52 67 40 49 35 54 24 51 20 55 43 50 18 33 63 45 23 56 60 51 42 50 57 27 58 6 28 40 9 56 9 36 49 15 45 48 20 46 47 57 26 56 51 51 58 58 60 43 51 25 49 47 52 42 53 43 45 71 66 34 32 49 66 58 16 34 56 71 8 45 38 11 69 10 10 61 52 36 27 25 23 6 58 47 9 50 11 43 52 52 45 61 59 24 56 62 52 4 45 13 53 21 44 59 39 42 43 37 63 36 50 7 14 14 47 44 58 29 11 41 56 20 12 36 52 47 32 36 31 27 46 46 16 26 7 51 59 59 29 32 47 51 48 60 16 50 35 33 49 26 31 40 58 41 33 45 16 53 19 11 13 42 66 8 58 53 28 11 11 23 50 18 35 23 30 32 58 69 57 14 28 44 48 30 33 61 28 32 30 42 64 25 23 57 55 32 63 3 25 43 28 25 40 70 39 40 30 63 47 17 51 6 55 45 29 19 7 33 23 58 46 31 37 24 48 41 50 54 64 40 38 13 12 54 46 33 44 44 21 37 43 29 63 48 9 19 11 7 68 41 31 62 13 73 59 35 51 17 8 33 50 54 46 17 49 39 8 40 46 42 51 46 29 21 46 37 52 51 58 39 66 39 33 39 8 55 60 65 56 25 57 9 39 22 42 64 53 11 38 48 56 57 54 54 59 27 27 1 57 51 35 38 34 53 21 30 7 10 40 39 56 49 63 15 29 49 56 20 49 20 54 44 38 59 6 45 63 8 46 49 5 18 31 49 20 28 68 48 49 47 33 60 16 38 58 11 69 6 48 35 18 22 28 41 35 53 22 34 35 53 32 27 56 42 53 65 68 44 7 47 45 59 46 35 38 5 53 13 52 58 52 41 18 50 10 58 26 11 40 24 56 52 48 72 36 45 30 34 51 9 8 33 49 14 23 26 22 23 18 34 22 45 50 61 35 45 35 37 61 28 15 29 32 29 34 41 45 44
26 60 46 46 27 18 35 19 35 51 7 36 38 36 2 24 8 17 17 5 31 35 44 20 42 17 5 12 25 36 40 38 35 0 10 27 18 13 23 27 46 38 24 35 18 38 27 20 12 38 20 27 9 46 31 4 38 11 12 23 29 31 8 21 35 18 25 30 41 44 29 56 41 7 15 36 15 16 16 41 19 49 19 22 43 17 54 32 26 16 52 18 16 13 33 8 53 16 11 40 41 11 41 44 34 57 22 38 39 40 29 16 40 45 38 39 33 30 36 24 21 12 14 29 24 44 27 19 29 24 18 41 24 43 41 13 33 37 53 37 26 25 42 22 17 53 15 41 8 22 34 23 40 29 24 22 13 44 45 29 44 42 41 17 44 21 45 13 34 9 18 27 15 24 25 25 33 27 28 48 16 43 34 51 14 31 40 19 34 5 19 10 43 26 48 44 2 14 31 21 16 34 29 25 41 40 37 36 7 33 32 13 25 17 38 29 31 10 43 38 50 38 28 23 34 35 7 33 15 19 16 24 40 18 32 28 21 35 36 35 14 11 32 15 22 38 5 38 27 32 17 19 18 30 21 11 16 31 38 4 15 25 34 7 4 42 27 39 36 25 41 30 9 41 29 42 21 14 48 35 29 4 9 6 31 20 27 25 43 34 35 34 7 29 25 43 40 21 33 32 37 33 16 45 17 36 18 45 42 12 15 14 17 31 18 26 44 24 18 19 53 43 38 5 10 25 32 20 37 40 33 23 25 29 21 22 28 34 19 43 17 32 48 40 45 27 57 29 9 34 46 18 40 44 16 43 21 14 35 35 14 10 29 17 38 26 17 37 47 20 20 29 46 13 43 55 30 39 39 29 19 24 32 21 42 27 33 36 42 30 18 42 22 27 21 9 32 25 42 39 21 9 20 15 35 13 9 34 25 4 23 41 6 38 31 23 26 33 41 15 41 14 30 32 17 5 38 32 30 30 19 47 52 24 26 33 26 41 31 43 32 25 44 18 23 42 43 39 9 15 31 28 29 42 34 22 13 13 42 20 31 35 20 20 52 29 4 37 10 37 31 41 22 24 18 39 23 33 26 19
35 51 42 46 26 22 35 11 32 42 14 34 33 28 8 23 14 26 9 9 26 26 35 12 39 24 10 19 18 32 31 36 36 10 0 19 27 22 17 17 37 29 17 32 27 29 18 23 16 28 17 20 13 37 28 8 30 12 15 21 25 22 14 15 26 26 24 30 36 36 28 47 41 3 17 32 23 23 18 32 28 40 14 22 33 18 44 25 25 25 43 25 22 14 24 11 44 8 15 36 33 20 34 35 31 48 20 31 30 36 29 10 32 44 34 37 31 25 26 15 15 19 13 30 23 35 27 15 28 15 22 32 15 34 32 19 24 29 44 37 16 24 33 18 26 44 6 33 13 13 28 14 31 30 27 23 20 35 36 22 44 33 32 21 43 12 35 19 26 2 11 21 24 15 22 18 33 19 24 39 10 36 25 42 13 25 37 26 26 7 27 12 37 17 38 36 9 10 27 18 18 32 27 16 33 40 29 27 12 31 31 18 17 20 30 24 24 4 34 33 41 35 22 32 25 28 16 27 23 27 24 14 32 13 27 22 20 28 29 35 21 9 26 22 12 34 12 30 20 28 12 20 25 30 21 17 10 26 37 13 13 23 25 15 13 37 18 30 27 19 33 21 18 39 27 33 13 23 39 25 24 7 15 11 28 13 28 21 42 34 32 25 7 27 24 38 31 12 24 28 36 25 21 35 11 32 13 37 42 5 23 7 21 21 11 21 35 15 22 26 44 35 32 11 19 16 31 21 29 32 25 18 22 32 12 18 19 29 24 41 8 23 38 31 36 20 48 23 11 35 37 17 33 36 25 34 27 8 34 34 5 19 22 24 31 23 11 27 38 26 29 24 37 9 36 46 32 30 31 30 28 16 32 19 36 19 28 30 35 21 26 32 13 26 20 3 25 25 35 39 13 1 19 20 29 5 18 25 20 7 14 31 6 32 23 14 19 29 34 9 41 12 21 25 26 14 30 34 22 28 17 38 43 15 23 24 27 32 24 42 23 20 35 21 32 37 35 30 17 24 22 28 29 35 24 24 17 19 37 27 26 27 16 29 43 25 13 27 20 28 26 35 22 17 10 33 15 24 17 11
52 35 49 38 41 28 29 17 22 25 31 25 18 29 26 21 27 43 11 26 35 22 18 22 29 34 24 37 4 43 15 26 33 27 19 0 41 37 6 8 28 21 26 43 43 18 3 40 25 19 15 28 31 21 17 24 33 30 24 35 35 21 32 26 27 37 39 27 19 18 24 30 34 21 34 22 41 41 24 16 45 26 9 38 20 35 30 30 40 42 26 34 40 31 21 29 28 21 33 46 37 35 17 20 42 32 19 13 24 45 26 24 14 37 44 29 24 35 20 6 8 29 19 29 38 19 25 29 22 14 39 20 17 29 27 28 25 33 27 32 15 22 22 14 43 30 17 15 32 8 35 7 19 30 31 25 38 18 27 5 37 15 24 29 35 9 21 37 9 20 9 6 41 17 18 7 27 22 35 28 11 19 15 25 30 34 25 44 8 22 45 22 20 9 27 18 25 26 17 31 23 24 20 12 36 33 27 21 24 24 23 27 22 25 12 11 7 17 26 43 28 25 6 48 16 11 31 34 34 40 36 12 33 12 13 30 36 10 35 31 31 26 9 32 12 45 30 13 3 39 26 21 43 28 37 35 12 15 30 29 16 36 14 29 30 22 18 13 18 29 33 8 35 29 21 23 20 37 22 12 13 25 33 25 40 23 28 14 35 27 44 10 20 40 21 46 28 7 19 18 29 8 39 23 25 20 27 19 36 21 41 22 38 14 9 12 18 7 39 44 29 17 39 29 33 8 25 38 29 34 26 8 34 32 11 13 10 39 41 33 13 16 25 25 23 26 32 8 22 32 26 32 15 18 39 22 35 13 28 26 18 36 28 42 33 18 10 17 25 34 46 14 23 26 18 31 31 14 32 31 45 22 28 18 19 20 16 13 38 17 44 17 6 40 20 21 29 24 39 33 22 19 19 29 12 21 34 22 11 23 6 22 21 15 27 13 26 40 39 23 35 29 13 31 44 30 12 33 24 21 32 27 27 11 15 19 26 26 10 34 8 9 24 38 49 45 17 15 30 38 20 24 25 17 17 26 26 31 24 35 16 9 13 45 26 37 29 14 35 10 36 18 21 5 9 16 4 10 15 19
15 75 61 47 40 18 37 37 41 65 19 41 47 53 20 30 15 10 34 22 47 53 59 37 47 11 18 18 38 51 55 43 34 18 27 41 0 6 37 43 63 55 41 49 6 55 42 30 17 55 30 44 22 61 39 20 55 26 18 37 45 48 19 38 52 7 37 32 52 58 33 71 43 25 27 42 15 19 20 56 14 65 32 35 59 30 70 49 39 11 66 11 22 27 51 23 68 33 23 54 58 8 52 60 48 73 29 51 57 55 31 33 54 45 52 42 37 46 53 40 34 13 23 30 37 59 30 35 34 41 26 58 41 61 59 14 50 54 68 38 43 29 59 31 12 69 32 56 21 39 51 39 57 29 22 25 20 59 62 42 45 56 58 16 46 37 61 21 47 26 33 39 16 41 32 37 36 44 43 65 30 54 51 66 30 47 45 20 48 21 17 20 53 43 64 58 19 31 38 37 21 39 35 42 58 42 55 54 18 38 37 16 42 20 51 39 44 26 60 53 67 43 41 10 51 47 12 50 8 4 6 41 57 30 42 45 35 48 53 36 12 28 45 11 39 52 18 53 41 47 34 25 23 31 34 20 30 39 40 14 26 40 51 13 17 50 44 54 53 42 58 46 12 44 34 59 38 5 61 51 38 22 20 17 45 38 27 34 45 37 50 49 22 43 31 58 57 37 50 39 40 46 23 61 34 43 34 58 42 29 17 31 27 48 33 36 59 40 27 21 69 56 54 19 9 42 35 32 54 57 50 35 40 27 38 32 45 49 27 45 34 49 64 57 62 45 73 41 20 33 63 32 53 57 3 60 15 29 38 40 32 12 46 20 56 33 31 53 64 14 17 38 62 30 56 71 30 54 56 28 13 41 34 28 53 45 41 47 58 47 18 57 37 40 27 26 50 29 59 40 38 26 27 15 46 30 10 52 35 21 39 58 22 48 48 40 44 48 58 33 41 30 47 49 15 14 52 31 47 36 34 64 67 41 35 50 27 58 42 45 47 37 61 29 14 57 55 55 11 4 49 32 32 54 51 23 16 11 49 13 39 49 30 11 66 44 15 53 8 51 47 51 28 37 33 50 39 49 43 36
17 71 57 46 36 16 36 32 38 61 14 39 44 48 15 27 10 10 29 17 42 48 54 32 45 10 14 14 34 46 51 41 34 13 22 37 6 0 32 38 58 50 36 45 7 50 37 26 13 50 26 38 17 57 37 15 50 21 15 33 40 43 14 32 47 8 33 30 48 54 31 66 42 19 23 40 12 16 17 52 14 61 28 31 54 25 65 44 35 10 62 10 18 22 46 18 64 28 19 50 52 2 49 55 44 68 26 47 52 50 30 28 49 45 48 41 35 41 48 35 30 10 19 29 33 54 29 30 32 36 23 53 36 56 54 12 45 49 63 37 38 27 54 28 11 65 27 51 16 34 46 34 52 28 21 23 16 54 57 38 44 51 53 14 45 32 56 17 43 21 28 35 14 36 29 33 35 39 38 60 26 50 46 61 25 42 43 17 44 16 15 15 50 38 60 54 13 25 35 32 18 37 32 37 53 41 50 49 13 36 35 13 37 18 47 36 40 22 55 48 62 41 37 12 46 43 7 45 7 7 5 36 52 26 39 40 30 44 48 35 9 22 41 10 34 48 14 49 37 43 28 22 20 30 30 16 25 36 39 9 22 35 46 8 11 47 39 49 48 37 53 41 7 43 32 54 33 2 57 46 35 17 15 13 41 33 26 30 44 36 45 45 17 39 28 53 52 32 45 36 39 42 20 57 29 40 30 54 41 24 14 26 23 43 28 32 54 35 24 19 64 52 49 15 4 37 34 28 49 52 45 31 35 26 33 28 40 44 23 44 29 44 59 52 57 40 68 37 15 33 58 27 49 53 3 55 15 25 37 38 27 8 41 17 51 30 27 48 59 14 16 35 58 24 53 66 29 50 51 27 13 36 33 25 50 40 38 44 54 42 16 53 33 35 25 21 45 27 54 39 33 21 24 13 43 25 4 47 32 16 34 53 17 45 43 35 39 43 53 28 41 25 42 43 13 9 48 30 42 33 29 59 63 36 32 45 25 53 38 44 43 33 56 25 15 52 51 50 7 2 44 30 31 50 46 22 13 9 46 13 36 44 27 12 62 40 10 48 4 46 42 47 25 33 28 47 34 44 38 31
48 40 52 35 41 23 25 18 19 29 29 22 17 32 23 16 22 39 10 24 37 26 23 23 26 29 20 34 2 44 20 23 28 23 17 6 37 32 0 12 33 26 27 44 39 22 7 38 20 24 10 30 29 26 14 20 36 29 19 35 36 24 30 27 30 32 39 22 19 22 19 35 30 19 32 19 38 38 19 21 42 32 5 37 25 34 35 32 40 39 30 30 37 29 25 27 32 20 31 47 40 31 18 25 43 37 13 15 28 47 21 23 18 33 45 25 20 37 24 9 3 25 14 24 38 23 20 29 18 16 38 26 19 34 32 24 29 36 32 28 18 17 27 8 39 35 16 20 29 10 37 9 24 25 26 20 36 23 32 6 34 20 29 24 32 10 26 34 11 18 6 4 38 20 13 3 23 25 36 33 8 20 20 30 29 36 23 42 12 19 42 17 21 13 32 22 22 25 14 31 18 20 16 15 39 29 31 25 20 20 19 22 24 20 15 9 8 14 31 44 33 22 6 44 21 12 27 36 30 35 32 15 37 7 11 32 35 13 37 26 26 25 10 27 14 46 27 17 5 40 25 16 41 23 36 32 8 12 27 25 11 37 19 25 26 21 21 18 23 31 36 12 31 26 17 27 22 32 25 18 10 22 30 20 41 24 24 9 31 23 45 15 17 40 16 48 32 8 23 15 25 10 37 28 25 18 27 22 32 20 38 21 37 19 6 8 23 10 38 41 34 20 41 26 29 12 21 37 32 38 29 4 35 28 13 7 14 40 40 30 13 20 30 29 28 28 37 6 18 28 31 32 17 21 34 27 30 10 24 22 17 32 30 39 36 13 7 22 30 29 43 10 28 25 21 36 26 19 36 26 42 24 24 13 20 23 14 14 41 21 41 22 6 40 15 20 32 19 42 29 23 17 14 24 13 20 30 26 6 20 8 27 18 15 29 15 28 42 42 22 31 28 17 33 40 27 16 28 27 17 31 32 31 14 11 23 22 31 9 30 14 5 30 36 45 48 20 20 26 34 23 19 20 19 21 21 21 26 22 30 13 13 8 42 30 38 26 19 31 15 37 18 15 1 8 17 6 15 18 20
52 34 42 46 35 33 37 12 30 26 30 33 25 21 25 27 29 43 10 25 28 15 19 17 37 37 25 35 12 36 15 34 40 27 17 8 43 38 12 0 22 15 20 36 44 12 6 36 29 13 21 21 29 20 25 24 25 27 27 30 28 13 31 20 19 40 34 34 26 22 31 30 41 20 31 30 40 39 29 15 45 23 15 33 16 31 27 22 35 42 26 38 38 28 13 27 27 16 31 39 29 37 23 18 36 31 25 18 17 38 33 19 17 45 37 37 32 29 13 4 14 32 23 35 33 18 32 24 30 7 36 15 10 22 20 32 17 25 28 40 8 28 17 20 43 27 14 17 30 5 28 5 14 36 36 31 37 19 21 13 45 18 18 33 43 6 18 35 14 19 12 14 40 11 25 14 35 15 29 23 14 25 9 25 26 27 33 43 13 23 44 25 26 1 22 21 25 22 25 26 28 32 28 5 28 41 19 14 26 31 31 31 15 30 17 19 14 17 19 35 24 33 14 49 9 17 32 26 37 43 39 5 25 16 21 24 31 17 27 38 34 23 16 35 7 38 29 14 11 32 21 27 41 35 32 33 15 23 38 30 21 31 8 31 29 29 11 14 12 23 25 5 35 37 29 17 14 39 24 8 21 24 31 26 34 17 35 21 42 35 37 8 22 34 27 39 20 7 12 26 36 13 37 19 20 28 22 23 43 18 40 18 35 7 13 19 18 4 36 42 27 21 31 28 35 2 32 33 21 27 18 15 29 39 6 19 2 32 39 41 10 9 22 18 19 19 31 15 24 39 21 28 20 23 41 17 39 14 35 33 14 36 21 40 25 25 14 11 21 38 45 22 20 22 21 29 37 13 25 37 45 16 36 24 25 12 24 20 30 9 43 15 7 34 26 20 21 30 32 41 16 18 25 33 19 17 35 14 18 23 5 16 22 22 19 6 19 34 31 18 43 25 6 23 43 31 15 40 16 28 27 22 27 4 22 11 33 19 17 42 6 16 19 34 49 38 22 14 32 40 12 31 32 23 10 32 30 34 31 40 24 14 19 46 27 30 30 10 36 13 29 25 27 11 11 22 7 7 7 14
71 23 39 63 44 54 56 27 48 25 48 51 40 19 44 48 50 62 31 44 32 13 20 30 53 58 45 53 32 38 19 51 59 46 37 28 63 58 33 22 0 9 29 39 64 11 26 49 50 10 41 28 46 15 43 44 22 43 49 39 34 17 49 32 17 61 43 54 38 27 51 22 59 39 45 47 58 56 50 16 63 10 36 44 10 44 16 25 44 61 21 59 54 43 14 44 20 32 47 39 24 56 34 15 39 21 46 29 8 38 53 34 26 62 38 54 51 33 11 26 35 53 44 56 42 17 52 36 49 22 51 8 23 8 9 53 18 23 23 59 21 49 7 41 61 13 32 22 47 26 29 26 10 57 58 52 53 22 1 31 63 23 6 54 60 27 11 51 28 38 33 33 58 24 45 34 54 22 35 4 35 35 14 20 40 31 49 59 26 43 61 46 37 22 6 25 45 37 44 36 49 50 47 22 23 59 14 10 47 50 50 52 25 51 28 37 31 37 4 36 11 50 32 68 13 32 52 28 58 63 60 23 20 38 38 29 42 30 26 58 55 39 32 56 25 39 47 21 30 36 34 48 56 55 43 50 36 41 57 50 42 39 14 51 48 43 20 20 11 31 18 21 54 54 48 6 28 59 26 16 39 43 49 47 39 29 56 41 60 54 40 19 42 40 48 37 12 28 14 44 55 28 52 8 34 45 34 29 62 35 57 34 49 16 34 39 19 25 50 58 15 27 30 46 55 23 51 45 17 22 19 36 37 60 26 40 20 34 53 58 30 14 9 8 9 25 19 33 45 59 5 41 29 30 61 8 60 35 54 51 32 55 26 57 21 45 35 11 8 59 63 40 10 38 28 16 58 16 20 58 63 26 55 44 36 20 41 35 24 17 60 15 29 43 46 38 22 51 26 59 29 38 46 54 34 35 55 13 38 43 27 6 42 36 22 23 25 37 27 33 61 39 17 26 61 51 25 60 20 47 39 5 21 23 42 14 54 8 35 59 20 36 4 48 67 37 30 17 53 60 16 51 52 34 13 53 51 55 46 61 42 26 40 64 24 36 49 15 56 24 33 38 48 32 32 35 28 19 21 29
63 28 35 59 37 47 50 19 43 26 40 46 36 14 36 41 42 53 23 35 26 6 20 22 49 51 37 45 25 33 17 47 53 38 29 21 55 50 26 15 9 0 22 34 56 6 19 42 42 4 35 21 38 17 38 36 18 35 41 32 27 10 41 24 11 53 36 48 35 26 45 26 54 31 37 42 50 48 43 15 55 14 29 36 11 37 20 19 37 53 24 51 46 35 6 36 24 24 39 35 20 48 31 16 34 25 39 26 3 34 47 26 23 57 34 49 45 27 3 19 28 46 37 49 35 17 45 28 43 14 43 6 15 9 7 45 12 19 26 53 13 42 8 34 53 19 24 20 39 19 24 18 9 50 51 45 45 21 8 26 58 22 3 47 56 20 12 43 24 30 26 27 50 15 38 27 48 15 29 11 28 32 7 23 32 25 45 51 22 35 53 38 34 14 11 24 37 29 38 29 42 45 41 14 19 54 10 3 39 45 44 44 17 44 25 32 26 30 6 31 16 45 26 60 6 28 44 23 50 55 52 15 16 31 33 23 35 26 22 52 48 31 27 49 17 35 39 18 24 30 27 41 49 49 36 42 29 35 51 42 35 32 9 43 40 40 13 18 4 24 15 14 46 49 42 6 20 51 26 10 34 34 40 39 33 22 49 34 55 48 35 14 34 34 41 33 9 21 6 39 49 24 44 11 26 40 27 28 57 27 49 26 42 9 26 33 19 17 42 50 19 25 26 38 47 15 46 38 13 18 13 29 30 53 18 33 13 29 45 53 22 7 13 4 12 18 25 28 37 53 10 33 27 28 53 9 53 28 49 46 24 47 19 49 17 39 28 6 12 52 55 35 13 30 27 22 51 14 16 51 55 18 49 38 33 13 36 30 22 9 52 14 22 36 40 30 17 44 24 54 21 30 39 46 30 27 47 6 32 35 20 5 34 33 16 15 18 32 23 25 56 32 9 20 53 43 22 53 13 42 31 10 23 15 36 5 47 5 30 54 14 30 8 40 59 33 28 14 45 52 8 45 46 31 5 46 43 47 42 53 36 23 33 56 26 30 41 11 48 20 27 34 41 25 25 32 21 14 13 20
45 48 25 61 17 39 50 10 45 44 23 48 43 13 22 39 30 36 18 19 10 17 37 5 53 39 25 26 28 17 33 50 52 24 17 26 41 36 27 20 29 22 0 17 39 25 25 21 32 23 32 4 20 36 41 23 15 16 32 11 9 12 23 4 14 41 15 46 45 41 44 46 56 18 17 46 32 29 35 32 36 35 27 15 30 16 41 8 16 35 43 40 26 16 16 19 43 9 20 20 18 34 42 34 17 46 36 37 22 20 45 9 37 59 19 52 46 10 20 21 27 34 30 46 14 35 43 8 43 14 23 27 11 23 22 35 12 13 45 53 12 40 28 32 35 40 13 36 21 19 12 20 28 47 44 40 26 38 28 31 59 36 23 38 58 18 32 24 33 18 23 31 31 10 37 30 48 7 10 32 23 44 22 42 13 9 50 32 32 22 34 29 45 19 32 39 24 11 40 8 34 47 42 16 17 55 16 19 28 46 45 34 6 36 36 35 32 20 25 18 37 49 31 43 20 36 30 10 38 42 39 15 17 27 38 5 14 36 13 51 36 14 35 37 14 19 23 32 29 13 8 36 29 46 15 23 24 39 52 28 29 12 23 30 25 48 11 33 22 4 18 24 30 53 42 27 6 36 43 25 37 20 22 27 15 4 45 35 57 49 18 26 23 15 39 22 19 20 16 41 51 33 24 31 7 45 7 43 57 13 30 11 21 18 24 34 36 19 22 30 40 40 15 22 33 19 46 17 15 17 11 30 10 48 16 32 20 13 25 56 15 18 34 22 32 5 45 33 27 51 31 13 39 42 39 29 43 22 49 48 13 30 5 29 16 38 24 24 33 42 35 37 33 12 41 43 48 30 16 47 37 4 48 35 44 10 40 39 19 15 32 32 22 16 36 16 10 41 19 54 5 18 35 36 38 12 32 16 33 22 21 26 23 41 8 14 4 15 18 9 56 12 19 9 34 27 35 50 9 42 10 32 43 16 37 17 43 22 35 56 25 32 29 20 40 21 41 31 32 38 14 43 44 42 19 40 33 35 49 43 39 33 30 38 44 11 27 27 33 33 10 44 38 27 21 41 22 25 13 8
49 61 13 77 11 52 66 26 62 59 32 64 60 21 33 54 43 42 35 31 9 29 52 22 69 51 38 32 44 3 48 66 67 35 32 43 49 45 44 36 39 34 17 0 46 39 41 21 46 37 48 15 28 50 57 36 18 25 45 13 8 26 31 18 23 52 13 61 61 56 59 59 72 32 22 62 37 33 49 47 41 47 43 15 44 20 53 16 11 41 57 52 30 23 29 28 57 25 27 6 18 43 58 49 1 58 51 53 33 6 60 22 52 75 3 68 62 8 33 37 43 47 44 61 13 50 58 18 59 30 25 40 27 32 31 48 23 17 59 68 28 55 41 48 41 52 29 51 29 35 11 36 42 61 58 54 31 53 39 48 75 52 34 51 74 35 46 29 50 32 39 47 36 26 53 46 64 22 8 43 39 60 37 56 21 10 66 35 48 35 37 43 62 35 44 55 36 23 57 15 49 63 58 32 19 71 25 32 41 62 61 47 21 50 52 52 49 35 36 5 49 65 48 49 35 53 40 12 49 51 49 31 21 43 55 13 15 52 13 66 48 25 51 49 31 4 32 48 45 5 20 51 31 61 16 29 40 55 68 39 44 10 38 41 35 64 26 48 36 14 23 40 38 69 58 39 23 46 58 40 53 32 30 40 5 20 59 51 73 64 1 42 37 7 55 10 28 36 29 58 67 49 28 44 21 61 19 58 73 27 35 25 24 33 40 50 51 36 24 33 52 55 10 31 43 35 62 18 22 19 22 46 10 62 32 48 35 6 26 72 31 33 46 32 45 18 58 49 41 66 42 18 55 58 48 42 56 38 65 64 28 38 16 33 19 54 40 37 45 55 39 53 46 23 56 55 63 45 20 61 42 21 63 50 60 25 57 55 18 30 35 47 39 10 51 30 18 56 16 70 21 32 50 49 54 27 41 29 49 35 38 38 36 58 18 30 18 3 15 23 72 22 34 15 39 38 51 65 22 58 17 43 57 32 53 30 58 32 51 73 40 48 40 22 44 9 57 46 43 47 28 59 60 59 34 54 47 47 65 55 56 49 46 44 59 7 37 42 42 49 8 60 53 43 37 58 39 41 29 25
10 77 58 52 37 23 42 37 45 67 17 45 51 52 20 34 17 5 35 21 44 52 61 36 51 15 20 15 40 48 57 47 40 18 27 43 6 7 39 44 64 56 39 46 0 55 44 26 20 55 33 42 20 63 43 20 53 24 22 35 43 48 17 36 51 13 34 37 55 60 37 73 47 25 25 46 10 15 24 58 9 67 35 32 60 27 71 47 35 6 68 16 18 25 51 21 70 32 20 51 56 8 55 61 45 74 32 54 57 52 36 32 56 51 49 47 41 44 53 41 36 16 26 35 34 61 35 33 38 42 23 58 41 60 58 18 50 52 70 43 43 33 60 34 7 70 32 58 19 40 49 40 58 33 27 29 16 61 63 44 50 58 58 21 50 38 62 18 50 26 34 42 12 41 36 40 41 44 41 65 32 57 52 68 28 45 50 15 50 22 12 22 57 44 65 60 19 29 42 35 25 43 39 43 56 46 54 54 20 42 41 19 41 24 53 43 46 28 60 50 68 48 44 5 52 50 13 48 13 9 10 41 55 33 45 43 32 51 51 40 16 26 47 16 39 49 17 55 43 45 32 29 18 36 31 18 32 43 45 15 29 37 52 15 16 54 44 56 54 40 57 47 10 49 39 60 37 8 64 52 42 22 18 19 42 37 32 37 49 42 46 51 23 40 35 55 56 38 50 43 45 49 19 62 32 47 33 61 47 29 13 30 23 48 34 39 61 41 24 16 70 59 51 18 10 43 40 29 53 55 49 38 38 32 39 35 46 47 22 50 35 50 65 57 63 43 74 44 22 39 64 30 56 59 6 60 20 31 43 44 32 10 44 15 54 37 33 54 65 20 12 41 64 28 59 72 35 56 54 33 8 40 39 32 56 45 45 50 57 47 13 59 39 36 31 26 48 33 57 45 37 27 31 19 49 30 10 52 39 21 40 58 23 51 47 41 42 45 56 32 47 28 48 47 10 14 54 36 46 40 31 65 69 42 39 51 32 58 45 50 49 40 62 25 9 54 58 56 14 7 48 36 37 57 51 28 20 15 53 18 43 51 33 6 68 42 15 54 8 53 45 54 32 40 34 53 40 50 43 36
63 24 41 54 41 44 46 20 38 21 41 41 31 19 36 38 41 54 22 36 31 11 14 24 43 49 37 46 22 38 11 42 49 38 29 18 55 50 22 12 11 6 25 39 55 0 15 44 40 3 32 25 39 12 33 35 23 37 39 36 32 14 42 27 17 52 40 44 30 20 41 21 50 31 39 37 51 49 40 9 56 12 26 39 6 39 17 23 40 53 19 50 47 37 10 37 19 25 40 40 26 48 25 10 39 22 35 20 8 39 43 28 18 52 39 45 41 32 7 16 25 44 34 46 39 12 42 31 39 15 45 4 16 14 13 44 17 24 21 49 14 39 5 30 54 16 24 14 40 17 29 16 4 47 48 42 47 15 10 21 53 16 8 45 51 18 8 44 19 30 23 23 51 17 35 24 44 18 33 11 25 27 4 18 34 30 40 53 17 34 54 37 29 13 10 18 37 30 34 32 39 40 37 13 25 49 15 8 38 40 40 42 20 41 19 27 21 29 9 37 13 40 22 60 5 22 44 28 49 54 51 15 22 28 28 27 38 21 27 48 46 32 22 47 17 40 40 13 20 35 29 38 50 45 39 43 26 31 47 41 32 36 5 42 40 34 15 12 3 27 21 10 46 44 38 5 22 50 20 6 29 35 42 38 38 24 46 31 50 44 40 9 33 38 38 38 14 19 10 34 45 18 46 8 28 35 29 22 52 28 50 27 44 8 24 29 13 15 45 52 16 19 31 39 46 13 41 41 18 24 18 26 34 50 17 29 10 33 47 48 21 7 10 10 8 22 21 23 36 49 9 36 21 22 52 5 51 26 44 42 25 47 24 50 23 35 25 2 10 50 56 30 9 31 21 19 48 8 22 48 56 21 45 35 27 15 32 25 27 10 53 9 19 40 37 30 22 41 29 50 23 29 36 44 25 27 46 11 28 35 17 5 34 27 21 15 22 37 29 27 51 34 8 24 54 42 16 50 18 37 34 10 19 14 32 9 44 11 25 49 10 26 8 43 59 38 22 9 44 51 12 41 42 25 6 43 41 45 37 51 32 17 30 57 20 34 41 5 48 15 32 29 37 21 23 26 18 9 13 22
52 34 47 40 40 30 32 16 24 24 31 27 20 27 26 23 28 43 10 26 33 20 18 21 31 35 25 37 7 41 14 29 35 27 18 3 42 37 7 6 26 19 25 41 44 15 0 39 26 17 17 26 31 20 19 24 31 30 25 34 33 19 32 25 25 38 38 29 21 19 26 29 36 21 33 24 41 41 26 15 46 25 11 36 18 34 28 28 39 43 25 36 39 30 19 29 27 20 32 44 34 36 18 19 41 31 20 13 21 43 28 23 14 39 42 31 26 34 18 4 10 31 20 31 37 18 27 28 25 12 39 19 15 27 25 30 23 31 27 35 14 24 20 15 43 28 16 15 31 6 33 5 17 32 33 27 38 18 25 8 39 15 22 30 37 8 20 36 10 20 10 9 41 16 20 9 29 20 34 26 12 20 13 25 29 32 27 44 9 23 45 23 21 7 25 18 25 25 20 30 25 26 23 10 34 35 25 19 25 26 26 28 20 26 13 14 9 17 24 41 26 27 8 49 14 12 32 32 35 41 37 10 31 13 15 29 34 12 33 33 32 25 11 33 11 43 30 12 5 37 24 23 43 30 36 35 13 17 33 29 18 35 12 30 30 24 16 13 16 28 30 5 35 31 24 20 19 38 22 11 15 25 33 25 39 22 31 16 37 30 42 8 21 38 23 44 26 7 17 20 31 9 39 21 23 23 26 20 38 20 41 21 38 12 10 14 17 6 39 43 28 17 37 29 34 6 27 37 27 32 24 11 33 35 10 14 8 37 41 35 13 14 24 23 21 24 31 10 23 34 24 32 16 19 40 20 36 13 30 28 17 36 26 42 31 20 11 15 23 35 46 16 22 25 18 30 33 13 30 33 45 21 31 20 20 18 18 15 36 15 44 16 5 39 22 21 27 26 37 35 21 19 21 30 14 20 34 19 13 23 5 20 22 17 25 11 24 39 37 22 37 28 11 29 44 31 12 35 22 23 30 25 26 9 17 17 29 24 12 36 7 11 23 37 49 44 18 14 31 39 18 26 27 19 14 28 27 32 25 37 18 10 15 46 25 35 30 12 36 10 34 20 22 6 10 17 4 8 13 18
28 68 34 65 12 37 54 25 53 62 14 55 55 33 19 43 27 21 30 16 22 37 55 21 61 34 24 12 40 24 50 57 54 20 23 40 30 26 38 36 49 42 21 21 26 44 39 0 31 43 39 23 12 55 49 22 33 11 31 12 20 33 13 18 34 33 10 49 57 57 48 65 61 21 6 54 16 12 35 50 20 55 36 8 50 6 61 27 10 20 61 34 9 9 36 13 62 20 9 27 35 24 56 53 20 65 41 52 42 27 48 18 53 64 24 58 51 21 40 35 37 30 32 48 10 53 47 14 48 31 4 47 29 44 42 32 32 31 63 56 31 44 48 39 20 60 24 53 12 33 26 34 48 48 43 41 10 55 49 44 64 53 44 35 63 32 52 9 48 22 32 42 15 28 43 41 52 28 18 53 32 58 41 61 11 22 58 14 47 23 16 29 59 35 53 56 22 15 49 14 35 53 48 33 35 60 37 40 26 52 51 32 25 36 51 46 46 26 46 26 57 56 44 28 40 50 22 26 31 32 30 32 35 35 49 22 9 50 29 54 32 15 48 32 30 25 16 50 42 21 16 39 10 49 7 10 32 48 57 22 34 13 42 25 18 59 30 50 42 20 37 40 19 59 48 47 23 27 60 43 46 18 12 26 18 21 46 42 62 53 22 44 25 16 44 31 39 33 36 50 56 47 7 51 17 53 16 59 61 20 14 19 3 37 34 43 54 34 3 12 60 56 29 15 25 35 51 5 35 34 32 40 15 48 31 39 37 23 5 62 27 38 54 42 52 25 65 44 28 53 51 9 54 57 28 49 39 30 54 54 23 19 25 12 34 44 33 43 53 38 18 46 53 15 57 62 49 48 35 48 21 24 51 39 58 30 50 52 35 35 14 51 35 11 40 20 29 44 34 58 22 23 39 33 51 20 23 37 42 22 35 46 24 53 28 31 25 21 33 19 60 12 37 27 18 20 51 51 29 49 11 52 62 32 44 37 45 42 47 62 42 42 49 2 23 30 56 49 26 27 34 47 48 57 39 41 32 30 59 37 48 48 37 23 63 18 20 45 23 49 22 56 41 39 32 55 36 43 32 23
30 60 56 35 39 7 24 26 26 49 17 26 31 43 13 15 5 22 20 16 41 41 43 28 32 9 8 21 22 47 40 28 24 12 16 25 17 13 20 29 50 42 32 46 20 40 26 31 0 41 14 36 20 46 24 10 46 22 2 34 39 37 18 30 42 12 36 19 35 42 19 55 31 15 26 27 23 25 5 41 26 51 16 34 44 28 54 40 37 22 50 10 26 24 39 19 52 24 22 50 49 13 36 44 45 57 13 34 44 51 18 25 37 34 48 29 23 40 40 25 18 5 7 18 35 43 17 29 19 29 29 44 30 49 47 4 40 45 52 26 31 14 45 15 23 54 21 40 19 24 44 25 42 17 13 11 24 43 49 25 33 40 45 6 33 23 46 23 31 15 18 23 24 30 16 21 23 34 38 51 15 37 37 50 25 40 31 28 32 11 26 4 37 28 50 42 10 24 22 32 5 24 20 29 49 30 44 41 5 23 22 2 32 6 34 23 27 14 47 48 52 29 25 25 37 30 11 42 10 15 12 28 47 14 26 37 32 32 45 24 6 21 28 7 26 49 16 37 25 43 26 10 28 19 32 22 14 23 27 10 10 36 36 8 14 34 33 38 40 35 48 31 16 31 20 45 28 13 45 36 22 15 20 6 42 29 15 17 33 24 46 34 10 40 16 53 45 22 38 23 27 30 26 47 26 27 28 42 31 20 24 22 28 34 17 19 43 25 29 28 54 40 47 16 11 27 22 32 44 48 40 19 36 18 25 15 31 44 30 32 21 36 49 45 47 36 57 25 6 23 49 29 37 40 15 45 12 15 25 26 21 17 37 26 46 17 16 39 49 11 28 22 48 23 40 56 19 39 46 17 25 31 21 12 37 34 25 31 50 35 27 42 22 38 12 17 41 15 51 28 29 15 11 4 30 21 13 40 19 11 24 44 10 32 38 28 35 44 50 24 30 25 33 40 25 12 36 21 37 21 30 50 51 28 19 38 14 46 25 32 32 20 47 29 27 52 39 39 8 14 37 18 19 37 37 10 1 6 33 12 23 32 14 24 50 40 11 38 14 35 41 34 13 21 18 34 23 34 31 26
63 26 39 56 39 45 47 20 39 23 40 43 33 17 36 39 41 54 22 35 29 9 16 23 45 49 37 45 23 35 13 43 51 38 28 19 55 50 24 13 10 4 23 37 55 3 17 43 41 0 33 23 39 13 35 35 21 36 40 34 30 12 41 26 15 52 38 45 32 22 42 23 51 31 38 39 50 49 41 11 55 13 27 38 8 38 18 22 39 53 21 50 47 36 9 37 21 25 39 38 24 48 27 13 37 23 37 22 6 37 44 27 20 54 37 46 42 30 4 17 25 44 35 47 37 14 43 30 41 14 44 4 15 12 10 44 14 22 23 50 13 40 5 32 53 17 24 17 39 17 27 17 5 48 49 42 46 18 9 23 55 18 6 45 52 18 10 44 21 30 24 24 50 16 36 25 45 17 31 11 26 29 4 20 33 28 42 52 19 34 54 37 31 13 10 21 37 30 35 30 40 42 39 13 23 51 13 6 38 42 41 43 18 42 21 29 22 29 8 35 14 42 24 60 4 24 43 25 49 54 51 14 20 29 30 25 36 23 25 49 46 32 24 47 17 38 39 15 21 33 28 39 49 46 38 42 27 32 48 41 33 34 6 42 40 36 14 14 2 26 18 12 46 46 40 5 20 50 23 7 31 34 41 38 36 23 47 32 52 45 38 11 33 36 39 36 12 19 8 36 46 20 45 9 27 37 28 25 54 28 49 27 43 8 25 30 15 16 44 51 17 22 29 38 46 14 43 39 16 22 15 27 32 51 17 31 11 32 46 50 21 6 11 8 9 20 22 25 36 51 9 35 23 24 52 6 51 26 46 43 24 47 22 49 20 36 26 3 10 50 55 32 10 30 23 20 49 10 19 49 55 20 47 36 29 14 33 27 25 9 52 11 20 38 38 30 19 42 27 51 22 29 36 45 27 27 46 8 29 34 18 4 34 29 19 15 20 35 27 26 53 33 8 23 53 42 18 51 16 39 33 10 21 14 33 7 45 9 26 51 11 27 7 42 59 36 24 11 44 51 10 42 43 27 5 44 42 46 39 52 33 19 30 56 23 32 41 8 48 17 30 31 39 23 23 28 19 10 13 21
43 48 57 29 43 14 18 23 15 36 27 17 18 39 21 7 17 34 15 23 42 35 31 27 23 21 17 32 11 49 28 19 20 20 17 15 30 26 10 21 41 35 32 48 33 32 17 39 14 33 0 35 28 35 11 18 43 29 12 38 41 32 28 31 38 25 41 14 22 29 12 43 24 19 33 16 34 36 11 30 38 41 7 39 34 34 43 39 42 34 39 22 36 30 33 26 40 24 30 52 47 26 23 33 48 45 5 22 37 52 13 26 25 28 50 20 14 42 33 17 8 18 8 15 40 32 12 32 11 23 37 35 26 42 40 16 36 43 40 21 26 8 36 2 35 44 20 28 28 17 43 17 33 16 17 11 33 31 40 13 27 27 38 15 26 17 35 33 19 18 11 11 35 26 5 9 16 31 40 42 10 24 29 38 30 41 20 39 20 17 38 12 24 21 41 29 18 27 11 34 10 15 10 23 46 23 39 34 15 14 14 15 30 11 22 10 15 14 40 49 42 18 12 38 30 17 22 42 23 28 25 22 44 5 13 37 37 19 44 19 19 26 15 20 21 51 25 26 13 44 29 7 38 15 38 31 9 11 20 21 5 40 27 19 24 22 28 26 32 35 44 22 27 22 10 37 27 26 33 27 9 21 29 16 45 29 15 5 25 17 49 24 15 44 8 54 40 15 32 12 19 18 36 37 28 16 30 29 25 22 35 24 36 27 9 6 31 18 37 39 43 28 47 25 23 20 14 38 40 45 36 7 39 19 19 3 23 45 39 24 18 29 39 38 37 34 46 12 13 20 40 34 24 27 28 36 21 11 18 17 20 28 36 37 43 6 9 30 39 20 39 9 37 26 27 45 17 28 43 17 37 30 16 3 24 30 13 18 48 29 38 31 14 43 5 20 38 10 49 22 28 17 5 16 17 22 25 34 6 18 16 35 16 19 36 22 33 46 48 25 25 29 26 39 36 23 24 19 34 11 34 41 39 22 6 31 13 39 13 25 23 8 39 37 40 53 26 29 20 27 31 11 13 24 30 12 14 19 22 22 11 20 3 37 38 42 22 28 26 23 42 22 7 11 12 21 15 24 25 25
47 48 22 63 17 42 53 13 48 45 26 51 46 11 25 42 33 39 21 23 7 16 38 9 55 42 28 29 30 15 33 52 55 27 20 28 44 38 30 21 28 21 4 15 42 25 26 23 36 23 35 0 23 36 43 26 12 19 35 12 8 12 26 6 12 44 16 49 47 42 47 46 58 21 19 48 34 31 38 33 39 35 29 16 30 18 41 6 16 38 43 43 28 18 15 22 43 13 22 18 14 36 44 35 15 46 39 39 21 18 48 12 38 62 16 54 49 8 19 23 30 38 33 49 15 36 46 10 46 15 24 27 12 22 20 38 10 11 45 56 14 43 28 35 38 39 16 37 24 21 9 22 28 50 47 43 28 38 27 33 62 38 22 41 61 21 33 26 35 21 25 33 33 11 40 32 51 7 9 31 26 45 23 42 15 6 52 34 34 25 36 32 47 20 32 41 27 13 43 9 38 49 44 17 15 58 15 19 31 49 48 37 7 39 38 38 35 23 24 15 36 51 34 46 21 38 33 7 41 45 42 17 14 30 40 3 15 37 10 54 40 16 37 41 17 17 26 34 31 11 10 39 31 49 16 25 27 41 55 31 32 12 24 33 27 50 12 34 22 3 16 25 33 55 45 26 9 40 44 25 39 23 25 31 13 7 48 37 60 51 16 28 26 14 42 19 17 22 16 44 54 34 26 31 11 47 10 44 60 16 32 14 23 18 27 37 37 22 24 32 40 41 12 25 36 21 49 18 13 14 10 33 9 51 18 34 21 11 26 59 17 19 34 21 32 4 45 35 31 54 30 14 41 43 41 29 46 25 52 51 16 33 3 31 13 41 27 24 33 45 38 40 33 14 42 42 51 31 13 50 39 6 51 38 46 10 43 41 16 16 35 33 24 16 39 19 7 44 16 57 8 21 38 39 40 15 34 16 35 25 23 25 26 43 6 16 3 13 15 12 59 15 20 5 37 31 36 53 8 45 12 31 43 18 39 17 46 20 37 59 26 34 28 21 43 18 42 32 35 40 14 46 47 44 20 43 37 38 51 46 42 35 33 41 45 9 30 28 36 34 8 46 40 29 24 43 25 27 15 11
25 63 40 54 20 26 43 20 42 55 4 44 45 33 8 32 16 16 21 5 26 35 48 17 50 24 13 7 30 30 44 46 43 9 13 31 22 17 29 29 46 38 20 28 20 39 31 12 20 39 28 23 0 49 39 11 34 4 20 16 24 30 3 17 33 24 17 38 48 49 37 59 49 11 7 43 12 10 24 44 17 51 26 15 44 9 56 28 19 15 55 24 9 6 33 3 56 15 3 33 37 15 46 47 27 60 30 43 39 34 37 13 45 53 31 47 40 25 36 27 27 20 21 37 17 47 35 14 37 25 10 42 24 42 40 21 31 33 57 45 26 32 44 29 16 55 16 45 1 26 29 26 42 37 32 30 8 48 45 34 52 46 41 25 52 24 47 6 39 12 23 33 12 23 32 31 41 25 22 49 22 48 36 54 8 26 47 14 39 12 15 18 49 29 49 48 10 10 38 16 24 42 37 27 37 48 35 36 15 41 40 21 23 25 43 36 36 16 43 32 52 45 34 23 35 40 12 29 21 23 21 25 36 24 39 24 14 41 32 43 21 8 38 22 23 32 5 42 33 26 13 27 12 38 14 4 22 38 46 11 23 19 36 14 7 48 26 43 37 21 38 33 11 48 37 43 19 18 52 37 36 7 3 14 24 18 35 32 51 42 29 37 14 22 33 37 38 25 33 39 45 38 9 46 13 43 14 50 50 12 11 13 9 32 24 33 47 27 10 13 55 48 33 4 15 28 40 13 34 36 31 30 19 37 24 29 30 28 12 50 19 33 49 40 47 25 60 35 17 42 47 11 45 49 20 44 28 20 43 43 15 10 25 11 35 33 23 38 49 28 17 36 48 9 48 57 38 42 35 37 17 22 40 28 48 27 40 42 38 30 14 44 26 19 29 10 29 33 38 47 18 13 28 22 41 13 13 34 31 11 27 42 13 44 28 25 24 27 37 14 49 9 32 28 15 10 43 40 28 38 13 48 55 26 34 33 34 40 37 51 35 32 45 10 21 36 48 42 15 19 31 36 37 48 34 30 20 20 49 27 38 40 27 19 56 23 10 39 14 41 26 47 30 29 22 45 27 36 27 18
71 15 51 51 52 48 45 30 37 10 50 40 28 30 44 40 47 62 29 45 42 22 6 34 41 54 44 55 25 48 7 40 50 46 37 21 61 57 26 20 15 17 36 50 63 12 20 55 46 13 35 36 49 0 33 43 34 46 44 46 43 25 50 37 28 57 50 45 25 12 42 11 48 39 49 36 59 59 45 5 64 8 30 50 7 49 9 35 51 61 8 55 57 47 22 46 8 35 50 51 36 55 20 2 50 12 38 17 18 50 44 38 13 50 50 43 41 43 17 22 29 50 39 47 50 3 43 41 40 24 55 11 26 22 22 49 27 35 10 49 24 41 10 33 62 10 33 9 49 24 40 23 8 48 51 44 56 7 15 22 51 10 17 49 48 25 5 54 18 38 29 25 60 27 36 26 44 29 44 13 31 21 14 7 44 41 37 62 16 42 63 42 23 20 11 11 44 40 34 43 43 40 38 22 35 48 26 19 44 39 40 48 31 45 16 28 21 36 17 48 9 38 23 68 16 20 51 38 55 60 57 24 32 32 28 38 48 18 38 48 52 42 22 52 26 51 48 10 22 46 39 41 60 46 50 52 32 31 46 49 37 47 13 49 49 30 25 9 15 38 31 16 54 42 39 12 32 57 11 12 30 43 50 45 49 35 48 33 48 43 51 13 40 49 39 49 24 25 21 34 44 18 56 8 38 34 39 15 51 37 59 37 54 19 29 30 5 22 55 61 9 13 42 47 53 21 42 51 29 34 28 28 45 51 25 32 19 45 57 46 30 18 8 19 7 33 12 24 42 50 11 46 16 15 59 9 55 33 44 41 34 55 35 59 33 36 31 13 8 54 65 31 6 41 14 10 49 8 32 49 64 32 46 37 22 26 30 23 38 21 62 5 25 51 39 39 32 42 40 49 34 37 39 49 23 37 54 21 30 42 23 13 41 24 32 25 33 48 39 37 50 43 18 36 62 50 12 51 29 38 45 12 8 23 33 20 46 20 25 47 15 28 12 53 68 49 16 7 50 58 23 42 43 20 17 46 47 51 33 56 32 16 33 65 10 45 49 10 55 13 43 25 40 25 29 22 23 13 23 32
53 44 65 22 53 22 14 31 5 31 38 9 8 45 32 10 27 45 23 34 50 39 28 36 13 30 28 43 14 57 27 10 18 31 28 17 39 37 14 25 43 38 41 57 43 33 19 49 24 35 11 43 39 33 0 29 49 39 22 48 50 38 39 40 43 33 51 13 13 24 10 39 17 29 43 5 45 47 20 29 49 40 15 49 34 45 41 46 52 45 34 30 47 41 37 37 36 33 41 61 53 36 15 31 57 41 11 17 40 60 13 36 21 20 59 12 8 50 36 22 14 27 19 16 50 30 12 41 8 29 48 36 32 46 44 26 42 49 35 17 32 11 36 11 46 42 29 25 39 23 51 22 33 17 22 16 44 27 42 13 21 24 40 24 19 23 35 44 16 28 19 11 46 33 8 12 11 38 49 42 19 16 31 34 40 49 9 50 18 28 49 23 15 25 41 24 29 37 2 44 19 8 6 28 52 17 44 38 26 8 7 24 37 20 18 6 13 24 42 58 41 8 12 48 33 13 33 49 32 37 34 28 50 15 5 45 47 15 51 15 28 36 12 29 27 60 36 24 14 53 38 15 49 14 48 42 19 3 14 32 16 49 30 30 35 11 34 25 34 44 49 24 38 13 7 38 35 36 27 28 5 32 40 27 54 37 17 8 18 12 58 25 26 53 10 62 44 22 36 1 12 16 47 37 37 5 39 22 19 32 46 33 47 31 17 7 29 23 48 50 41 22 54 36 34 25 10 48 45 51 42 11 48 21 26 11 27 54 50 16 27 33 39 41 37 42 42 10 24 18 40 44 18 21 38 36 28 21 12 9 30 39 44 48 50 7 18 32 39 28 50 4 37 37 22 42 18 28 49 18 48 38 14 12 15 36 3 11 54 34 49 30 20 52 13 31 45 13 56 17 37 27 13 25 11 32 35 38 9 29 21 37 27 11 43 29 41 55 55 35 19 39 30 47 47 34 21 19 40 6 44 41 35 27 5 35 15 43 9 17 24 10 40 47 50 61 20 28 31 37 36 11 11 17 33 18 24 29 11 30 2 18 13 47 33 51 33 28 37 21 51 13 12 15 20 13 20 25 31 33
29 57 47 44 29 17 33 18 32 48 9 33 35 34 4 22 8 20 15 6 31 33 41 19 39 17 3 15 22 37 37 35 33 4 8 24 20 15 20 24 44 36 23 36 20 35 24 22 10 35 18 26 11 43 29 0 37 13 10 24 30 29 10 20 34 18 26 28 38 41 26 53 39 5 17 33 18 19 14 38 22 47 16 24 40 19 51 31 27 19 49 18 18 14 32 9 50 15 13 40 40 13 37 42 35 54 19 35 37 41 26 15 37 43 38 36 30 30 34 21 18 12 11 27 25 41 25 19 27 22 20 39 22 41 40 13 32 36 50 35 24 22 40 18 20 50 13 38 11 20 34 20 38 27 23 20 17 41 43 26 42 39 39 16 42 18 42 16 31 7 15 24 19 22 22 22 31 26 28 46 13 39 32 48 15 31 37 22 31 2 22 8 40 24 45 41 2 14 28 22 14 32 26 23 40 38 36 34 5 31 30 12 23 15 34 26 28 8 41 38 48 35 25 25 32 32 9 33 15 20 17 22 39 15 29 28 22 32 35 33 14 11 29 15 19 39 7 35 24 33 17 17 22 27 23 14 13 28 35 6 13 26 32 8 7 39 25 36 34 25 39 27 12 38 26 40 19 15 45 32 26 5 12 5 32 20 25 21 41 32 36 31 4 30 23 43 38 18 31 29 35 30 19 42 16 33 18 42 39 11 18 13 19 28 15 23 41 21 20 22 50 40 37 8 11 23 29 22 36 39 32 20 26 27 19 19 26 34 22 40 15 30 45 38 43 27 54 26 6 32 44 19 37 41 18 40 21 11 33 33 13 13 28 20 38 23 14 34 45 20 23 26 44 13 40 52 28 36 38 27 22 23 30 18 39 26 30 33 41 28 21 39 19 28 19 8 32 23 41 37 20 7 17 14 32 12 11 33 22 1 20 39 3 34 30 21 26 34 41 15 39 15 28 31 21 8 35 30 29 27 20 45 49 22 24 31 24 39 27 40 29 22 42 20 25 42 39 37 10 17 29 26 27 39 31 20 11 13 38 20 27 32 17 23 49 30 6 34 13 34 31 37 20 21 15 36 20 30 24 18
58 44 18 70 25 51 60 21 54 43 37 57 50 5 36 50 44 50 29 34 12 13 37 19 61 53 39 40 36 16 33 59 63 38 30 33 55 50 36 25 22 18 15 18 53 23 31 33 46 21 43 12 34 34 49 37 0 30 45 22 14 13 37 18 7 55 25 57 50 42 54 42 65 32 30 54 45 42 48 32 50 31 37 26 28 29 37 7 25 49 41 54 39 29 14 33 41 23 33 18 4 48 46 33 18 42 47 41 17 17 56 22 39 69 17 61 56 13 17 28 37 48 42 58 24 34 54 21 53 20 35 24 18 14 14 48 8 2 43 63 18 51 25 43 49 35 25 37 35 27 8 28 26 58 56 52 39 38 22 38 69 38 17 51 67 27 30 37 39 31 33 39 44 17 48 38 58 13 16 26 34 48 22 40 26 11 58 45 37 36 47 42 50 25 27 41 38 25 50 20 47 56 52 22 4 65 9 16 41 55 55 48 14 49 40 44 39 33 19 15 32 57 39 57 20 42 43 8 52 55 53 22 3 38 46 11 25 41 5 62 50 28 41 51 23 18 37 35 36 15 22 48 41 57 26 37 35 47 62 42 41 20 24 44 39 54 15 34 20 14 5 28 44 61 52 23 18 51 43 26 45 34 36 41 19 18 56 44 67 59 19 29 36 20 50 16 11 29 15 50 60 38 37 28 22 53 21 45 67 27 44 25 34 20 34 43 36 27 34 43 36 42 9 36 46 25 56 28 6 2 8 39 19 60 24 42 24 13 37 65 26 19 30 15 29 11 41 40 41 62 26 25 43 44 53 26 57 33 59 58 25 44 10 42 2 48 34 23 29 56 49 46 30 26 43 38 60 30 3 59 50 15 59 46 49 14 49 45 5 17 45 32 30 24 47 30 6 52 7 65 18 31 46 50 44 26 46 13 42 36 29 22 36 47 8 21 12 17 6 23 67 26 21 7 48 42 38 62 10 52 23 26 41 23 46 16 55 15 42 66 28 40 24 32 54 16 44 31 46 52 14 54 55 47 19 52 47 49 56 56 48 37 41 52 43 16 40 27 47 36 13 49 49 35 31 47 30 28 19 20
29 60 36 56 17 29 45 17 43 53 8 45 45 29 10 34 19 20 20 7 22 31 46 14 51 27 15 10 30 26 42 47 45 11 12 30 26 21 29 27 43 35 16 25 24 37 30 11 22 36 29 19 4 46 39 13 30 0 23 13 20 26 7 13 29 27 14 40 48 48 39 57 51 11 5 44 16 13 26 42 21 48 26 12 42 6 53 24 15 19 53 28 11 2 30 4 54 12 4 30 33 19 46 45 24 57 31 42 36 30 39 10 43 55 27 48 42 21 33 26 27 23 23 39 13 45 37 10 39 23 10 39 21 39 37 24 27 29 55 47 23 34 41 29 19 52 14 44 5 24 25 25 40 39 34 32 10 46 42 34 54 44 38 27 54 23 44 8 38 12 23 33 15 20 33 30 43 22 18 46 22 48 33 52 4 22 48 17 38 13 19 20 49 26 46 47 13 7 39 12 26 43 38 24 33 50 32 33 18 42 41 24 19 28 41 36 36 16 40 28 49 46 34 27 32 40 16 25 25 27 25 23 33 25 39 20 10 40 28 45 24 5 38 25 21 28 8 40 32 22 9 29 14 40 10 7 22 38 47 14 24 15 34 17 10 49 23 41 34 17 34 31 15 50 38 40 16 22 50 35 36 9 7 17 21 14 37 32 53 44 25 35 15 19 35 33 34 23 30 40 47 37 10 44 10 43 10 49 52 10 14 10 9 29 23 33 45 25 10 15 53 46 29 7 19 26 41 10 31 32 27 30 15 39 22 29 28 24 12 52 18 30 47 36 45 21 57 35 19 44 44 7 44 48 24 42 32 20 45 45 13 14 21 14 31 34 23 35 46 31 20 36 45 6 47 55 40 39 32 39 21 18 42 30 48 23 40 42 34 27 17 42 25 16 30 9 25 35 34 49 15 13 29 25 41 10 17 30 32 12 25 39 14 44 24 22 20 23 33 10 51 5 29 24 18 13 41 43 24 39 9 45 53 24 34 30 36 37 36 52 33 32 42 9 25 32 47 40 19 23 28 38 39 47 32 32 23 23 49 31 38 39 27 23 54 19 13 37 18 39 22 47 32 29 22 45 26 34 24 15
31 58 56 35 39 7 24 25 25 47 18 26 30 42 13 13 5 23 19 16 40 40 41 27 32 10 8 22 20 47 38 28 23 12 15 24 18 15 19 27 49 41 32 45 22 39 25 31 2 40 12 35 20 44 22 10 45 23 0 34 39 36 19 30 41 14 36 19 34 40 18 54 30 14 26 26 23 26 4 39 27 49 15 34 43 28 53 39 37 23 49 11 26 24 38 19 51 23 22 50 48 14 34 43 45 55 12 33 43 50 17 24 36 33 48 28 22 40 39 24 16 6 5 17 35 42 16 29 19 28 29 42 29 48 46 5 39 44 50 26 29 14 44 14 24 53 20 38 20 23 43 23 41 17 13 10 24 41 48 24 33 38 44 7 33 22 44 24 29 15 16 22 25 29 15 20 22 33 38 50 14 36 36 49 25 40 30 29 30 10 28 4 36 27 49 40 10 24 21 31 5 24 19 28 48 29 43 40 5 23 22 4 31 5 33 22 26 13 46 48 51 28 23 26 36 29 11 42 11 17 13 27 46 13 24 37 32 30 44 23 8 21 27 9 25 49 16 36 23 42 26 8 29 18 32 22 13 22 26 11 8 36 35 8 14 33 32 37 38 34 47 30 16 30 18 44 27 14 44 35 21 15 20 6 42 28 15 16 32 23 46 33 9 40 14 52 45 21 37 22 26 29 27 45 26 26 27 40 30 19 25 22 29 33 16 18 42 24 30 29 52 39 47 17 12 26 21 32 43 47 39 17 35 17 24 14 29 44 31 31 21 35 48 44 46 35 56 23 5 22 48 29 35 39 16 44 12 14 24 25 20 17 37 27 46 16 14 38 48 11 29 20 46 23 39 54 19 38 45 17 26 31 21 11 35 33 24 29 50 34 28 40 21 38 11 17 40 14 50 27 28 14 10 6 29 20 14 39 18 11 23 43 10 31 38 27 34 44 49 24 30 25 32 40 26 13 35 20 36 20 30 49 50 27 18 37 14 45 24 32 31 19 46 30 29 52 37 38 9 16 35 17 18 36 36 10 3 8 32 13 22 31 13 25 49 39 12 36 15 33 41 33 11 20 17 32 22 32 30 25
38 59 24 66 7 40 55 19 52 54 19 54 51 22 21 44 31 30 25 19 11 27 47 13 60 39 26 21 36 14 43 56 56 23 21 35 37 33 35 30 39 32 11 13 35 36 34 12 34 34 38 12 16 46 48 24 22 13 34 0 9 23 19 10 23 39 5 50 53 51 49 56 61 20 11 52 26 22 37 42 30 46 33 5 41 8 52 16 5 29 53 40 19 11 26 16 54 15 15 18 23 31 51 45 12 57 41 47 32 18 49 12 47 65 15 57 51 10 30 30 34 35 33 50 4 46 48 7 48 24 14 38 21 33 32 36 22 20 55 58 23 44 39 38 30 51 19 46 17 28 15 29 39 50 46 43 20 48 39 39 64 47 34 39 63 27 43 17 43 20 29 39 25 20 43 37 53 18 7 43 29 53 33 52 9 11 56 24 42 24 27 31 54 29 43 50 24 11 47 4 37 52 47 26 24 60 26 30 29 52 51 35 16 39 46 43 41 24 36 16 47 55 40 38 31 45 28 15 37 39 37 25 24 33 46 11 4 45 18 55 36 13 43 37 24 16 20 43 37 11 10 40 20 50 5 18 30 46 57 26 34 3 33 29 22 56 21 43 33 9 26 34 26 59 48 38 16 34 53 35 44 20 18 28 9 13 48 41 63 54 13 37 25 7 44 21 29 28 27 48 56 42 17 42 11 52 9 53 62 17 24 15 13 28 31 41 46 29 13 22 51 50 18 19 31 28 51 7 24 23 21 37 4 51 25 38 30 12 16 62 22 29 45 32 43 15 56 41 29 55 42 6 49 51 36 40 44 27 55 54 19 26 14 22 23 44 30 34 44 43 28 44 44 12 51 53 51 40 24 50 31 15 53 39 53 21 48 47 24 26 25 43 30 6 40 18 18 45 23 59 14 21 39 37 46 16 29 27 39 23 30 36 25 50 18 24 14 11 22 13 61 10 29 15 28 26 45 54 19 48 5 42 54 26 43 28 47 32 43 62 35 39 39 11 34 20 51 41 31 35 25 48 49 52 30 43 35 35 56 43 46 43 36 33 55 7 25 37 30 43 11 52 42 35 28 50 31 36 24 17
46 55 17 69 11 46 58 19 54 52 27 57 52 16 27 47 37 39 27 25 3 22 44 14 62 45 32 29 37 8 41 59 60 29 25 35 45 40 36 28 34 27 9 8 43 32 33 20 39 30 41 8 24 43 50 30 14 20 39 9 0 19 27 10 17 46 11 54 54 49 52 52 64 25 19 55 34 30 42 40 38 41 35 13 37 17 47 9 11 38 50 46 27 19 22 23 50 17 23 12 15 38 50 42 8 52 44 46 27 12 53 15 45 68 10 60 54 1 26 30 36 41 38 54 11 43 51 11 51 22 22 33 19 27 26 42 16 13 52 61 21 48 34 41 38 46 22 44 25 28 7 29 35 55 51 48 28 46 33 40 68 45 28 45 67 27 39 26 42 25 31 40 33 18 46 39 56 15 3 37 32 52 30 49 16 3 58 33 41 29 35 36 54 27 38 48 30 16 49 9 42 55 50 24 16 64 20 25 34 55 54 41 14 44 45 44 41 28 30 9 43 57 40 46 28 45 35 7 44 46 44 24 17 36 47 5 12 44 10 59 43 19 44 44 23 10 27 41 38 4 14 44 29 54 13 25 32 48 61 33 37 7 30 36 29 56 19 41 29 6 19 32 34 61 51 33 15 41 51 33 45 26 26 34 7 13 53 43 66 57 9 35 30 7 48 14 22 29 23 50 59 41 25 38 14 53 12 51 66 20 32 18 21 26 33 43 44 28 21 31 46 48 10 26 38 28 54 15 17 15 15 39 6 56 25 40 28 5 24 65 24 26 40 26 39 10 51 42 35 59 37 13 48 50 43 35 50 30 58 57 21 34 9 30 15 47 33 31 39 49 36 46 40 17 49 49 56 37 16 55 39 13 56 43 53 18 49 48 16 22 33 40 31 10 44 23 12 49 15 63 14 25 43 43 47 20 36 22 42 29 30 32 30 50 12 23 11 6 14 16 65 16 27 9 36 33 43 58 15 51 12 37 50 25 45 24 51 26 44 65 33 40 34 19 42 13 49 38 37 42 21 51 53 51 27 48 40 41 58 49 48 42 39 41 52 3 32 34 37 41 2 53 46 36 30 50 31 34 22 17
54 37 30 59 28 42 49 12 43 33 32 45 38 8 29 39 36 45 18 27 17 5 27 13 49 45 31 36 24 25 23 47 51 31 22 21 48 43 24 13 17 10 12 26 48 14 19 33 37 12 32 12 30 25 38 29 13 26 36 23 19 0 32 15 6 47 27 46 38 31 43 34 54 24 28 42 41 39 38 22 46 24 26 27 19 27 30 11 27 44 32 46 37 26 4 28 32 16 30 27 16 41 34 24 25 34 36 30 10 26 44 17 28 57 26 49 44 19 8 16 25 40 32 47 26 24 43 19 42 9 34 15 7 13 11 39 5 13 34 52 7 39 17 31 45 28 17 26 31 15 16 16 17 47 46 41 36 28 17 26 57 27 12 42 55 16 21 34 27 23 22 27 41 8 36 26 47 5 20 20 23 36 12 31 23 16 46 43 25 28 44 33 38 13 21 30 30 20 38 19 37 44 40 10 15 53 8 8 33 44 43 39 8 39 28 32 27 23 14 24 25 45 27 52 9 30 37 15 44 48 45 10 13 27 34 14 25 29 15 50 42 22 29 43 12 27 31 23 24 21 18 37 39 46 27 33 24 35 50 34 30 23 13 36 32 42 4 23 11 14 13 16 38 50 41 15 11 44 33 15 33 27 32 33 25 13 46 33 55 47 27 18 28 25 39 26 10 17 5 38 49 26 35 20 17 41 17 34 56 19 40 18 32 8 23 32 26 15 33 41 29 31 19 30 40 13 44 29 9 14 5 27 21 50 13 30 12 21 36 53 16 8 22 10 21 9 34 28 31 51 19 24 31 33 46 18 48 23 48 46 17 39 11 40 13 37 24 13 22 47 46 34 22 21 32 31 49 20 12 48 47 9 47 35 37 4 37 33 17 5 43 21 19 27 37 22 9 41 19 53 12 23 35 41 32 19 39 5 30 28 17 14 28 35 8 10 9 23 18 17 55 23 9 12 44 35 26 51 4 40 22 20 32 11 35 6 44 11 30 54 16 29 17 31 50 26 32 21 38 45 2 43 44 35 8 42 38 41 44 47 36 26 30 48 34 21 34 17 40 24 18 37 38 24 20 35 19 17 7 12
22 64 43 53 22 24 42 22 42 56 1 43 45 36 8 31 14 13 22 6 29 37 49 20 49 21 12 5 31 33 45 45 42 8 14 32 19 14 30 31 49 41 23 31 17 42 32 13 18 41 28 26 3 50 39 10 37 7 19 19 27 32 0 20 36 21 20 37 48 50 36 60 48 12 9 43 10 9 22 45 15 53 26 17 46 12 58 31 21 13 57 22 8 9 35 5 58 17 5 36 40 12 47 49 30 62 29 44 42 37 36 16 46 52 34 46 40 28 39 29 27 18 21 36 19 49 34 17 36 27 11 44 26 45 43 19 34 36 58 44 28 32 46 28 13 57 18 47 2 27 32 28 44 35 30 29 7 49 48 35 51 47 43 23 51 26 49 6 40 13 24 33 10 26 32 31 40 28 25 51 22 49 38 56 11 29 47 13 40 12 13 17 50 30 51 50 10 13 38 19 23 41 36 29 40 47 38 39 14 40 39 19 26 24 44 36 37 16 45 34 54 45 35 20 37 41 10 32 19 20 18 27 39 25 39 27 17 42 35 42 19 10 39 20 25 34 3 44 33 29 16 26 12 36 16 4 22 38 45 9 23 21 38 12 5 49 29 44 40 24 41 35 8 48 36 45 22 15 53 39 36 8 2 13 27 21 33 31 50 41 32 39 14 25 32 40 41 26 35 39 44 39 9 49 16 43 17 51 48 14 9 15 10 34 25 33 49 29 11 12 57 49 36 4 12 30 39 15 37 39 33 30 22 35 25 29 32 31 12 50 21 35 51 42 49 27 61 35 16 41 50 14 46 50 17 47 26 20 42 42 17 7 28 10 38 33 23 40 51 25 15 36 50 12 49 59 37 43 38 35 15 24 39 28 49 29 40 42 41 33 12 46 27 22 28 12 32 32 41 46 21 14 27 20 41 15 10 36 32 11 28 44 13 44 31 27 26 30 40 16 48 12 34 31 13 8 44 39 31 37 16 50 57 28 34 36 32 43 37 50 36 32 48 12 19 39 49 44 13 16 33 35 36 48 37 28 19 17 48 25 37 41 27 16 57 26 8 41 11 42 29 47 29 30 23 46 29 38 29 21
41 51 27 59 15 36 49 10 45 45 20 47 43 17 19 37 28 33 17 17 11 20 38 5 52 37 23 23 27 18 34 49 50 21 15 26 38 32 27 20 32 24 4 18 36 27 25 18 30 26 31 6 17 37 40 20 18 13 30 10 10 15 20 0 17 38 14 44 45 42 42 48 54 16 14 45 28 26 33 33 33 38 26 13 32 13 43 12 15 32 44 38 23 13 18 16 45 8 17 22 20 30 42 36 17 48 34 38 25 22 43 6 37 58 20 50 45 11 22 21 26 32 28 45 13 37 42 5 42 15 20 29 12 26 25 32 15 17 46 51 14 38 31 31 32 42 12 37 18 19 14 20 30 45 42 38 23 39 31 31 58 38 26 35 57 18 35 21 34 15 22 31 28 11 36 29 47 10 10 35 22 44 24 44 9 11 49 29 33 20 31 26 45 19 35 41 21 7 40 6 32 45 40 17 21 54 19 22 25 45 44 32 8 34 37 35 33 18 28 19 39 48 31 40 22 36 27 13 35 39 36 15 20 26 38 8 11 36 16 49 34 10 35 35 15 20 20 34 29 14 4 34 25 44 13 20 23 38 51 25 27 11 25 27 21 47 13 34 24 5 21 25 27 52 41 29 6 34 44 26 36 17 19 25 15 3 43 34 56 47 19 28 21 14 38 24 22 19 19 40 50 33 21 34 5 44 4 43 56 11 27 9 18 19 23 33 37 20 19 27 43 41 18 19 30 20 44 14 18 20 14 29 9 46 16 30 21 15 22 55 14 20 36 25 34 8 47 32 25 49 34 10 40 43 35 31 41 20 48 47 11 27 9 26 19 37 23 26 35 40 32 36 35 8 41 45 46 31 19 45 34 6 46 33 44 12 40 39 22 17 29 34 22 14 34 13 13 39 22 53 4 16 33 34 38 10 28 19 32 19 21 28 20 41 11 14 7 15 21 6 55 9 20 11 31 25 35 48 12 41 8 34 45 16 36 19 41 25 35 55 26 31 31 17 37 23 42 32 29 34 16 42 43 43 22 38 31 33 48 40 39 34 29 35 46 11 24 28 30 33 12 44 36 26 20 41 22 27 15 8
57 38 25 64 27 47 55 17 48 37 35 51 44 3 33 44 40 49 24 31 15 7 30 16 55 50 36 39 30 22 27 53 57 35 26 27 52 47 30 19 17 11 14 23 51 17 25 34 42 15 38 12 33 28 43 34 7 29 41 23 17 6 36 17 0 52 27 51 44 36 49 37 60 29 30 48 44 42 43 25 49 25 31 27 22 29 31 8 27 48 35 51 39 29 7 31 35 20 33 24 10 45 40 27 23 36 42 35 11 23 50 20 33 63 23 55 50 17 11 22 31 45 37 52 26 28 49 21 48 15 35 17 13 10 9 45 2 8 37 58 13 45 19 37 48 29 22 30 34 21 13 22 20 53 52 47 39 32 17 32 63 32 12 47 61 22 23 37 32 28 27 33 44 13 42 32 52 9 19 21 29 41 16 34 26 14 51 45 30 33 47 38 43 18 21 34 35 23 44 20 42 50 46 16 10 59 3 10 38 50 49 44 11 44 33 38 32 29 13 20 26 51 32 56 13 35 41 12 49 53 50 16 7 33 39 13 26 34 11 56 47 26 34 48 18 24 35 28 30 19 20 43 42 52 27 36 30 41 56 39 36 23 17 41 36 47 10 27 14 15 7 21 42 55 47 17 15 48 37 19 39 31 35 37 23 15 51 39 61 53 24 22 33 24 45 22 6 23 9 44 55 31 37 22 20 47 20 38 62 24 43 22 34 13 29 37 29 21 35 43 30 35 15 34 44 19 50 29 3 8 3 33 20 55 19 36 17 18 38 59 21 12 24 10 23 9 35 34 37 57 20 25 36 38 50 20 53 28 53 52 21 42 10 42 7 43 29 16 23 52 48 40 24 24 36 32 54 24 6 54 50 12 53 40 42 9 42 38 12 10 45 25 25 27 42 27 6 47 14 59 15 27 41 46 37 23 43 7 36 33 23 16 32 40 6 16 10 21 13 20 61 25 15 9 47 39 31 57 6 46 23 20 34 17 40 9 50 9 36 60 21 34 18 33 53 22 37 25 43 49 8 48 50 40 13 47 43 45 49 53 42 31 35 51 37 19 38 21 44 29 16 43 44 29 26 40 24 22 13 17
22 71 63 40 43 12 30 36 34 60 21 34 41 52 20 23 12 17 31 22 48 51 54 37 40 4 17 22 34 53 51 36 27 18 26 37 7 8 32 40 61 53 41 52 13 52 38 33 12 52 25 44 24 57 33 18 55 27 14 39 46 47 21 38 52 0 40 25 46 53 26 67 36 23 30 35 20 24 14 52 21 62 28 38 56 32 66 49 42 17 62 4 26 29 49 24 64 33 26 57 58 10 47 56 51 68 23 46 55 57 24 33 49 38 54 35 30 47 51 36 29 8 19 23 40 55 24 36 27 39 30 55 40 59 57 9 50 54 63 31 41 23 56 26 18 66 31 51 23 36 51 36 54 22 15 18 24 54 60 37 38 51 56 10 39 34 57 25 42 25 29 35 21 40 26 33 29 44 45 62 27 48 48 62 31 48 39 25 43 20 23 16 48 40 62 53 18 31 32 38 15 32 28 40 58 35 54 52 15 31 30 10 41 14 46 34 39 24 58 55 64 37 36 17 49 42 12 50 3 5 3 39 57 26 36 45 37 43 53 29 6 28 39 5 36 55 20 49 36 49 34 19 28 24 37 24 26 34 33 14 21 42 48 12 18 44 43 50 51 42 57 43 15 37 28 56 37 7 56 48 33 22 22 15 48 38 20 28 38 30 52 46 20 46 24 60 56 34 48 33 33 42 27 58 34 36 35 53 35 29 22 31 30 45 29 30 55 37 31 26 65 51 55 21 9 39 29 35 54 57 50 30 42 20 36 27 42 51 31 38 32 47 61 56 59 45 69 36 16 26 60 34 48 51 7 57 8 26 31 33 31 15 46 25 56 27 27 50 61 7 23 32 59 30 51 67 23 51 56 21 19 41 27 23 48 44 35 42 59 45 24 53 34 43 21 26 50 22 59 33 38 25 21 9 41 30 11 50 30 19 35 55 20 43 48 38 44 50 58 33 34 31 44 49 21 14 48 24 47 29 36 61 63 39 29 49 20 56 37 38 44 32 59 32 21 59 50 51 10 7 47 25 25 48 48 17 11 7 43 6 33 44 25 18 62 46 15 49 11 46 48 45 22 33 30 45 35 45 41 36
37 63 25 69 3 42 58 22 55 59 20 57 55 26 23 46 32 30 29 20 14 31 51 18 63 40 28 20 39 14 47 59 58 25 24 39 37 33 39 34 43 36 15 13 34 40 38 10 36 38 41 16 17 50 51 26 25 14 36 5 11 27 20 14 27 40 0 53 57 55 51 61 64 23 11 56 25 21 39 47 28 50 37 3 45 9 56 20 2 29 58 41 18 13 30 18 58 19 15 18 26 31 55 49 12 61 44 51 36 19 52 16 51 67 16 60 54 12 35 34 37 36 36 53 1 50 50 11 51 28 12 42 25 37 35 37 26 23 59 60 27 47 43 41 29 55 23 50 18 32 18 33 43 52 48 45 19 52 43 43 67 51 38 41 66 31 47 17 47 23 33 42 24 24 46 41 56 22 9 47 32 57 37 57 11 14 60 23 46 26 26 33 58 33 47 54 26 14 50 9 40 56 50 30 27 63 30 34 31 55 54 37 20 41 50 46 45 27 40 17 51 58 43 37 35 49 29 18 38 39 38 29 28 36 49 15 4 49 21 58 38 16 47 39 27 16 21 47 41 12 14 42 19 53 4 18 33 49 60 28 36 5 38 30 24 59 25 47 37 13 30 38 26 62 51 42 20 35 57 39 47 22 18 30 8 17 50 44 65 57 13 41 28 6 47 21 33 32 31 51 59 46 16 46 15 55 13 57 65 20 23 18 12 33 34 44 51 33 11 21 55 54 20 20 31 33 54 6 27 26 25 40 7 53 29 41 34 14 14 65 26 33 49 36 47 19 60 44 32 58 46 8 53 56 36 44 45 31 57 57 22 26 18 20 26 47 33 38 48 44 27 47 48 15 55 57 54 44 27 52 30 19 55 42 57 25 51 51 26 30 24 47 34 3 43 21 22 48 26 62 18 24 42 39 50 19 30 31 43 25 34 40 27 53 21 28 18 12 25 17 64 12 33 19 27 27 49 56 23 51 8 46 58 30 46 32 49 36 47 65 39 42 43 10 33 20 54 45 32 35 29 50 52 56 34 45 37 36 60 44 50 47 39 32 59 9 26 41 30 47 13 56 45 38 32 54 35 40 28 20
46 57 71 17 56 14 6 37 11 44 36 10 20 53 31 8 23 40 29 34 55 48 40 41 15 22 26 40 23 62 39 12 6 30 30 27 32 30 22 34 54 48 46 61 37 44 29 49 19 45 14 49 38 45 13 28 57 40 19 50 54 46 37 44 51 25 53 0 25 36 3 51 12 30 44 13 41 44 15 41 44 52 21 51 46 46 53 52 54 40 47 22 44 41 46 37 49 37 40 66 61 31 28 44 61 54 10 29 50 66 2 39 33 15 63 11 6 55 46 30 21 22 18 3 52 42 3 44 6 37 47 47 39 56 54 20 50 57 48 8 39 7 48 15 41 54 33 37 38 31 57 31 45 5 11 9 42 39 53 24 15 36 51 16 15 30 47 42 28 30 25 22 42 40 10 21 5 45 54 54 24 29 41 47 42 54 15 46 30 27 45 21 27 34 53 37 28 40 12 47 14 8 8 36 60 11 52 47 23 8 7 19 44 14 30 18 25 27 52 63 53 13 23 41 43 25 29 55 25 29 27 36 58 19 18 51 49 27 57 5 21 38 24 22 34 64 34 36 25 58 42 11 47 2 50 40 23 15 9 29 17 52 40 26 32 22 42 37 44 49 58 34 34 13 7 49 40 30 40 39 16 32 38 24 58 42 6 14 14 6 62 36 26 57 7 67 54 29 45 12 9 28 45 49 41 14 43 35 12 34 42 37 47 40 23 16 41 32 48 47 53 35 60 35 29 33 5 49 54 59 50 19 51 8 33 16 36 59 49 14 32 42 51 51 48 48 55 21 22 6 52 46 31 34 31 48 19 25 7 9 34 35 50 45 57 10 23 43 50 18 46 15 49 39 34 54 5 39 57 6 43 44 3 12 28 43 15 24 62 42 45 42 27 55 10 33 52 5 63 9 42 30 12 19 23 35 31 47 17 28 29 48 27 23 50 36 47 59 62 39 12 41 39 53 43 31 33 7 48 8 46 53 48 35 13 45 5 52 21 14 35 19 51 47 45 66 32 40 26 31 45 4 2 29 43 10 19 23 20 20 14 30 17 42 46 55 30 40 32 33 56 25 9 23 26 26 28 36 39 38
64 34 67 28 60 35 24 36 15 21 47 17 5 46 41 23 39 56 29 43 53 38 19 41 17 42 38 52 19 61 20 17 28 41 36 19 52 48 19 26 38 35 45 61 55 30 21 57 35 32 22 47 48 25 13 38 50 48 34 53 54 38 48 45 44 46 57 25 0 14 23 29 25 38 51 13 56 57 32 22 60 32 23 56 28 53 32 48 58 56 25 43 56 48 37 46 27 39 50 64 54 48 5 24 61 31 24 10 37 64 25 42 13 27 62 20 20 54 34 25 22 39 30 28 56 22 25 47 20 32 57 31 35 43 42 38 42 50 25 26 34 24 32 21 57 33 35 17 48 26 53 25 29 29 34 29 54 18 37 15 27 16 37 36 25 27 28 53 12 37 25 15 56 36 20 18 22 40 54 36 27 4 29 25 48 52 14 60 14 37 60 34 3 27 35 15 40 44 15 50 31 18 19 30 53 25 43 36 37 18 19 36 40 32 11 13 13 33 38 61 33 15 15 60 31 9 44 52 44 50 46 31 50 24 10 49 54 10 52 26 40 44 11 41 31 63 45 18 17 57 44 27 59 27 55 51 27 13 23 43 27 55 27 41 45 6 36 19 32 48 49 23 49 19 20 34 39 48 16 25 14 41 49 37 59 42 30 18 24 22 62 22 35 58 22 64 43 26 35 14 21 13 56 31 43 12 45 11 28 39 56 40 56 31 25 17 21 26 57 60 32 13 56 45 45 26 21 56 45 51 43 19 53 33 30 21 27 57 59 22 32 32 32 39 30 44 33 13 34 29 34 51 9 11 50 31 41 29 22 19 36 50 47 58 50 20 26 29 32 40 61 14 30 44 12 33 30 23 49 31 59 41 25 24 3 38 11 7 55 34 59 23 24 59 25 39 47 25 57 26 41 36 25 37 8 39 47 38 17 38 24 33 36 4 45 32 44 59 56 41 27 47 29 49 58 44 14 31 42 18 50 35 26 30 17 35 28 40 12 23 23 17 35 55 62 64 10 22 42 49 37 23 24 6 32 30 36 41 9 42 13 13 23 59 23 55 43 25 48 15 54 1 25 20 27 4 23 23 33 38
69 21 60 41 57 43 36 33 27 8 49 30 18 38 43 32 44 60 28 44 48 30 7 38 30 49 42 55 20 55 9 30 40 44 36 18 58 54 22 22 27 26 41 56 60 20 19 57 42 22 29 42 49 12 24 41 42 48 40 51 49 31 50 42 36 53 55 36 14 0 33 16 37 39 51 26 59 59 40 11 63 20 26 54 17 52 19 41 56 60 12 50 58 48 29 47 14 37 50 58 45 53 9 12 56 19 32 8 27 57 36 40 5 40 57 33 31 49 26 22 25 46 35 39 54 10 35 45 31 28 57 20 30 33 32 44 35 43 12 39 29 33 20 28 61 20 34 6 49 24 47 23 18 40 44 38 56 5 26 17 41 5 27 44 38 25 16 54 11 38 27 19 59 31 29 21 34 35 50 24 29 10 20 11 47 47 27 62 11 40 63 39 12 23 23 2 43 42 25 47 38 30 29 26 44 38 35 27 41 30 30 43 36 40 8 20 15 34 28 55 20 28 17 65 23 12 49 46 51 56 53 27 41 28 19 44 52 10 45 38 47 43 14 48 28 58 47 9 18 52 42 35 61 37 53 52 29 22 36 47 32 52 19 46 48 19 31 9 22 44 40 18 53 32 30 23 36 54 4 17 22 43 51 42 55 39 40 26 38 34 57 15 38 55 32 57 34 25 28 25 34 12 57 19 41 24 43 3 41 38 59 39 56 24 27 24 8 23 57 61 19 2 50 47 50 23 33 54 37 43 36 23 49 44 27 27 21 51 59 36 31 24 19 29 18 39 20 18 39 41 23 49 6 4 56 20 49 31 34 31 35 53 41 60 42 29 28 20 20 49 64 23 18 43 2 20 41 13 41 41 63 37 37 31 11 32 21 13 47 27 62 12 23 56 33 39 40 35 48 39 38 37 33 44 13 38 51 29 23 41 23 23 39 14 38 28 39 54 48 39 40 46 23 42 61 48 7 42 35 29 48 23 13 26 26 27 38 30 17 37 16 22 23 55 66 57 4 12 47 55 29 34 34 9 24 39 42 47 22 50 23 10 28 63 10 51 47 15 53 9 49 14 33 21 27 12 22 16 28 35
46 54 69 18 54 15 7 35 9 41 35 9 18 51 30 5 23 40 26 32 53 45 37 39 15 22 25 39 20 60 36 11 9 29 28 24 33 31 19 31 51 45 44 59 37 41 26 48 19 42 12 47 37 42 10 26 54 39 18 49 52 43 36 42 49 26 51 3 23 33 0 49 13 29 43 10 41 43 15 38 44 49 18 49 43 44 50 50 53 40 44 23 44 40 44 35 46 35 39 63 58 31 25 41 59 51 8 26 47 63 3 37 30 17 61 11 5 53 43 27 18 22 16 6 50 39 3 43 3 34 46 44 37 53 51 20 47 54 45 10 37 5 45 12 41 51 31 34 37 28 55 28 42 7 13 9 41 36 50 21 16 33 48 17 16 28 44 41 25 29 22 19 42 37 7 18 5 42 51 51 21 26 38 44 40 52 13 46 27 26 45 19 25 32 50 34 27 38 9 45 14 7 5 34 57 12 50 44 22 6 5 18 41 13 27 15 22 25 50 61 50 11 20 41 40 22 29 53 25 30 27 33 55 17 15 49 48 24 55 8 22 36 21 22 32 62 33 33 22 56 40 10 46 5 48 39 20 12 9 28 15 50 37 26 32 20 39 34 41 46 55 31 34 12 4 46 38 30 37 36 13 30 37 23 56 40 8 11 15 6 60 33 24 55 5 65 51 26 42 9 9 25 44 46 39 12 41 32 14 33 42 35 45 37 21 13 38 29 46 46 50 32 58 33 28 31 3 48 51 56 48 16 50 11 31 13 33 56 48 14 30 39 48 48 45 45 52 18 21 9 49 44 28 31 31 45 20 22 7 8 32 35 48 44 55 7 20 40 47 19 46 12 46 37 32 51 8 36 54 9 43 41 5 10 25 41 13 21 59 39 45 39 25 53 9 31 50 4 60 11 39 28 10 19 20 33 31 45 14 27 26 45 25 21 47 34 45 57 60 37 13 40 36 50 43 30 30 10 45 5 44 50 45 33 10 42 6 50 18 14 32 16 48 46 45 64 30 37 26 31 42 1 1 26 40 10 19 23 18 22 11 27 14 42 43 53 29 37 31 30 54 22 7 20 24 23 25 33 36 36
81 6 60 56 62 57 51 40 42 8 60 45 33 39 54 47 57 72 39 55 51 31 13 44 44 63 54 65 34 58 16 45 56 56 47 30 71 66 35 30 22 26 46 59 73 21 29 65 55 23 43 46 59 11 39 53 42 57 54 56 52 34 60 48 37 67 61 51 29 16 49 0 53 50 60 41 70 69 53 15 74 13 39 60 16 60 7 44 61 71 5 64 67 57 31 57 3 45 60 60 45 65 25 12 59 4 46 23 27 59 51 48 19 54 59 48 47 52 27 32 38 59 49 54 60 13 50 52 46 34 65 20 37 30 30 58 37 44 4 54 35 48 19 42 72 9 43 16 59 34 49 33 18 55 59 52 66 13 22 31 56 16 25 58 52 35 14 64 25 48 39 33 70 38 44 35 50 39 54 18 41 25 24 5 55 50 42 72 24 51 73 52 26 31 17 15 54 51 40 53 52 45 44 33 44 53 35 28 54 45 46 57 41 54 22 35 29 46 25 57 12 43 31 78 26 27 61 48 64 70 66 34 41 41 34 48 58 25 47 53 61 52 29 62 36 60 58 18 31 55 49 49 70 53 60 62 42 37 51 58 46 57 24 59 59 33 36 18 24 48 39 26 64 47 45 21 42 66 13 22 37 53 61 54 59 45 55 40 53 49 60 23 50 59 47 58 33 35 30 40 49 26 66 16 48 39 50 18 56 47 69 47 64 29 39 38 13 33 65 71 8 17 51 58 63 31 48 61 38 43 38 37 55 59 36 41 29 54 68 51 40 28 14 27 15 43 5 32 52 56 18 56 21 19 69 18 64 42 49 46 44 65 44 70 42 44 40 23 15 63 75 38 14 51 18 7 56 18 41 56 74 42 52 46 26 36 37 28 46 31 72 15 34 61 47 49 42 50 48 54 44 47 47 58 29 47 63 31 38 52 33 22 51 29 41 35 43 57 48 47 55 54 28 45 72 60 20 58 38 44 55 18 4 33 40 29 53 29 32 52 25 36 20 63 78 58 20 17 60 68 33 49 50 24 27 54 56 60 36 65 38 23 42 75 6 55 58 20 65 21 52 29 48 34 39 27 33 23 34 42
57 58 80 5 67 26 7 46 12 45 47 9 21 62 42 18 35 51 38 45 65 56 43 51 9 32 37 51 30 72 42 9 9 41 41 34 43 42 30 41 59 54 56 72 47 50 36 61 31 51 24 58 49 48 17 39 65 51 30 61 64 54 48 54 60 36 64 12 25 37 13 53 0 41 55 13 52 55 26 44 55 55 29 62 50 57 56 61 65 51 49 33 56 52 54 48 51 47 52 76 69 42 28 47 71 56 21 32 56 76 13 50 36 4 73 6 10 65 53 38 30 33 29 14 63 45 14 55 13 45 58 52 48 62 60 31 58 65 49 6 48 17 53 24 52 57 43 40 49 39 66 39 50 14 22 20 54 42 58 29 4 39 57 28 3 39 51 53 32 41 34 28 53 49 19 28 9 54 64 58 33 29 48 48 53 64 12 58 34 39 56 32 27 42 57 39 39 50 17 58 26 10 15 44 69 1 60 54 35 10 11 30 53 25 33 23 29 37 58 73 56 11 28 52 49 28 41 65 36 40 37 44 66 29 22 61 60 30 66 7 33 49 28 33 43 74 45 39 31 68 52 22 58 13 61 51 32 19 4 40 28 63 46 38 44 20 50 40 51 59 66 40 45 7 14 54 50 41 41 45 21 43 50 36 68 52 17 22 2 8 72 41 37 67 17 77 61 38 52 16 5 32 56 53 51 15 53 36 4 45 54 47 58 48 32 23 44 39 59 58 56 37 70 46 40 41 10 60 62 67 59 27 62 17 42 25 43 68 60 3 42 49 54 58 53 57 57 27 33 10 56 57 33 35 41 52 29 35 7 9 44 46 59 56 66 18 32 49 55 29 57 20 52 50 35 57 14 44 65 16 54 53 10 22 28 52 19 26 70 50 56 45 35 66 21 43 61 17 72 4 51 40 22 30 26 45 42 55 24 39 37 54 38 25 59 45 56 69 71 49 3 52 46 62 54 42 36 13 56 14 57 57 50 44 20 52 17 59 25 3 41 26 56 59 56 76 33 44 37 42 53 14 13 30 50 21 30 34 17 31 18 33 26 53 47 65 41 45 43 36 66 25 20 31 35 27 36 41 47 48
32 54 42 46 26 21 35 13 33 45 11 35 35 29 5 24 13 23 11 6 26 29 38 14 41 22 8 16 20 33 34 37 36 7 3 21 25 19 19 20 39 31 18 32 25 31 21 21 15 31 19 21 11 39 29 5 32 11 14 20 25 24 12 16 29 23 23 30 38 39 29 50 41 0 15 34 20 20 18 35 25 43 15 21 36 16 47 26 24 22 45 23 19 12 27 9 47 10 13 36 35 18 36 38 31 51 21 33 33 37 29 10 35 45 34 38 32 26 29 18 17 17 13 30 22 38 28 15 29 17 19 34 17 37 35 17 27 31 47 38 19 24 36 19 23 47 8 35 11 16 29 17 34 30 27 23 18 38 39 24 45 36 34 20 44 15 38 16 29 2 13 23 21 17 23 21 33 21 24 41 12 38 28 45 12 26 38 24 29 5 24 11 39 20 41 39 7 10 28 18 18 33 28 19 35 40 31 30 10 32 31 17 18 19 32 26 26 5 36 34 44 36 24 29 27 30 13 28 20 25 22 17 34 15 29 23 19 31 31 35 19 8 28 20 15 35 9 32 22 29 12 20 22 30 20 14 11 28 38 11 14 22 28 13 10 39 20 33 30 20 34 24 15 39 28 35 14 20 42 28 26 4 12 10 28 15 28 22 43 34 32 28 5 27 25 39 33 15 26 29 37 28 19 38 12 33 14 40 42 6 20 8 19 24 14 23 38 18 20 23 47 38 33 9 16 19 31 20 31 34 27 19 22 31 15 19 22 30 22 42 10 26 41 33 39 22 51 25 10 35 40 16 35 39 22 36 25 10 35 35 8 16 23 21 33 24 13 30 40 25 26 26 40 9 38 49 32 32 33 30 25 18 33 20 38 21 30 32 36 23 23 35 16 25 21 3 27 25 37 39 15 3 19 19 31 7 16 28 22 4 17 34 5 34 25 17 21 30 36 10 42 11 24 26 23 12 33 34 24 29 16 40 46 18 24 26 27 34 27 43 25 21 38 19 29 38 37 33 15 21 25 28 29 37 27 23 16 18 39 25 28 30 17 26 46 25 10 30 17 31 27 37 22 19 12 35 17 27 19 13
28 63 34 60 14 32 49 20 47 56 10 49 49 30 14 38 22 21 24 11 21 33 49 16 55 30 19 10 34 24 45 51 49 15 17 34 27 23 32 31 45 37 17 22 25 39 33 6 26 38 33 19 7 49 43 17 30 5 26 11 19 28 9 14 30 30 11 44 51 51 43 60 55 15 0 48 16 12 30 45 20 50 30 9 45 3 56 24 12 20 56 31 9 3 32 8 57 15 5 27 33 21 50 48 21 60 35 46 38 28 43 12 47 59 25 52 46 20 35 29 31 26 27 43 10 48 41 10 43 26 6 42 24 40 38 27 29 29 58 51 26 38 43 33 20 55 18 47 8 27 25 28 42 43 38 36 10 50 44 38 58 48 39 31 58 26 47 8 42 16 26 36 15 23 37 35 47 23 16 48 26 52 36 55 5 21 52 15 41 17 18 24 53 30 48 50 16 9 43 11 30 47 42 27 33 54 33 35 21 46 45 27 21 31 45 40 40 20 42 26 52 50 38 28 35 44 19 24 27 29 27 26 33 29 43 19 8 44 27 49 28 9 42 28 24 25 11 44 36 21 11 33 12 44 7 8 26 42 51 18 28 13 36 20 13 53 25 44 37 17 35 35 16 54 42 42 18 24 54 38 40 13 8 20 18 16 41 36 57 48 23 38 19 16 39 31 36 27 32 44 51 41 8 46 12 48 11 53 56 14 14 13 5 32 28 37 48 29 6 14 55 50 28 10 21 29 45 6 31 32 28 34 13 43 25 33 31 23 9 56 21 33 49 38 47 22 60 38 22 48 47 6 48 51 26 44 35 24 49 49 17 16 22 13 32 38 27 38 48 34 19 40 48 9 51 57 44 43 32 43 21 20 46 34 52 25 44 46 33 30 16 45 29 13 35 14 26 39 33 53 17 17 33 29 45 14 19 32 36 16 29 41 18 47 25 25 21 21 32 13 55 6 32 24 18 16 45 46 25 43 8 47 56 27 39 32 40 38 41 56 36 36 44 4 24 30 50 43 22 25 29 42 43 51 34 36 27 26 53 34 42 42 31 23 57 18 16 40 20 43 21 50 36 33 26 49 30 37 27 18
56 46 70 17 58 24 11 36 2 33 42 4 9 50 36 13 31 48 28 38 55 44 31 41 8 32 32 47 19 62 30 5 15 36 32 22 42 40 19 30 47 42 46 62 46 37 24 54 27 39 16 48 43 36 5 33 54 44 26 52 55 42 43 45 48 35 56 13 13 26 10 41 13 34 48 0 49 51 23 32 52 43 20 54 38 50 43 51 57 48 37 32 51 45 42 41 39 38 45 66 58 39 17 35 62 44 15 20 44 65 13 41 24 16 64 8 7 55 41 27 19 30 23 15 55 33 13 46 9 34 52 40 37 50 48 28 47 54 37 14 37 13 40 15 49 45 34 28 43 28 56 27 37 17 23 18 49 29 46 17 16 27 45 26 14 28 38 48 19 33 24 16 50 38 11 17 9 43 54 46 24 17 35 37 45 54 5 54 21 32 53 26 16 30 45 27 34 42 6 49 22 5 8 33 57 13 49 42 29 5 6 27 42 22 21 11 17 29 46 63 44 3 16 51 37 16 37 54 34 39 37 33 55 20 9 50 52 18 56 13 31 41 15 31 32 65 40 27 19 58 43 18 54 14 53 46 23 8 10 36 21 54 34 34 39 10 39 28 39 49 54 28 42 8 8 42 40 39 29 32 10 36 44 30 59 42 18 12 13 9 63 29 30 58 12 67 49 27 41 5 8 19 51 41 42 2 44 24 16 36 50 38 51 36 22 12 32 28 52 54 44 25 59 40 37 30 8 53 50 56 47 16 53 20 31 15 31 59 54 12 32 37 42 46 40 47 45 15 28 16 44 49 21 23 40 40 30 26 9 6 34 43 49 52 54 10 23 37 42 29 54 9 40 41 24 45 17 32 54 18 51 43 12 15 16 41 6 14 59 38 53 33 25 57 16 35 50 14 61 13 42 32 17 28 14 37 39 43 14 33 26 41 31 13 48 34 46 60 60 40 15 44 34 51 51 38 24 18 45 7 48 45 38 32 10 40 16 47 13 13 29 15 44 52 54 66 22 31 34 40 41 11 11 18 38 19 27 32 8 31 7 21 17 51 35 56 36 32 40 24 56 13 15 20 25 15 25 29 36 38
13 73 49 57 27 27 46 31 48 65 10 49 52 45 16 36 18 6 31 15 36 46 58 29 55 22 18 6 39 39 54 51 45 15 23 41 15 12 38 40 58 50 32 37 10 51 41 16 23 50 34 34 12 59 45 18 45 16 23 26 34 41 10 28 44 20 25 41 56 59 41 70 52 20 16 49 0 5 27 55 5 62 34 23 56 18 67 39 26 5 65 22 8 16 45 14 67 26 12 42 48 11 55 58 36 71 35 52 51 43 40 25 54 56 40 51 45 35 48 38 35 20 27 39 25 58 39 25 42 37 13 54 35 54 52 22 43 44 67 48 38 37 55 35 4 66 27 55 11 36 40 37 54 39 32 33 6 58 57 43 55 56 52 25 55 35 58 9 48 22 32 41 2 35 38 39 45 37 32 60 30 57 47 65 19 36 53 6 48 19 5 23 57 39 60 58 17 22 44 26 28 47 42 38 48 51 47 48 20 46 45 23 34 28 52 43 45 25 55 41 63 51 43 12 47 49 12 39 18 17 17 37 48 32 46 34 22 50 42 45 20 19 47 21 34 40 12 52 42 35 25 31 8 40 22 9 30 44 49 14 29 27 47 15 12 55 38 53 49 32 49 44 7 53 41 55 31 14 62 48 42 17 10 19 33 30 36 38 54 46 37 48 21 31 37 46 50 35 44 45 49 47 10 58 25 49 25 60 52 23 3 24 14 43 33 40 58 38 14 7 66 57 43 13 13 39 44 20 46 47 42 37 29 37 34 35 42 38 13 54 30 45 61 51 58 36 71 43 22 44 59 21 55 58 14 56 26 29 47 48 27 6 36 5 46 39 31 49 60 26 6 42 59 21 58 68 40 52 47 38 6 33 43 34 56 38 46 50 48 42 5 55 36 27 34 21 41 37 48 50 30 23 33 23 49 24 11 45 39 18 37 53 20 52 39 36 35 36 47 25 52 20 43 39 3 12 52 41 39 43 23 60 66 37 40 45 36 52 45 54 45 39 57 16 9 45 57 53 16 13 42 40 41 56 46 32 23 19 55 25 44 49 33 8 66 33 13 50 10 51 36 55 34 38 32 53 37 47 38 30
17 73 45 60 23 30 49 29 50 65 10 51 53 42 16 39 21 10 31 15 32 44 57 27 57 25 20 5 39 35 53 53 48 16 23 41 19 16 38 39 56 48 29 33 15 49 41 12 25 49 36 31 10 59 47 19 42 13 26 22 30 39 9 26 42 24 21 44 57 59 43 69 55 20 12 51 5 0 29 54 9 61 34 18 54 14 66 36 22 9 65 26 3 14 43 13 66 25 10 38 44 15 56 57 32 70 37 53 49 39 42 23 54 58 36 53 47 31 46 37 36 23 28 42 20 57 41 22 44 35 9 52 34 51 50 25 40 41 67 50 36 39 54 37 9 65 26 55 10 35 36 36 52 42 35 35 3 58 55 44 58 56 50 28 58 34 57 5 49 22 32 42 4 33 40 40 47 34 28 59 31 58 46 64 17 32 55 4 48 20 6 25 58 39 58 58 18 20 46 23 30 49 44 37 44 54 44 46 22 48 47 25 32 30 52 44 46 25 53 36 62 53 43 17 45 50 15 36 22 22 21 35 45 33 47 31 19 50 39 48 24 17 47 24 33 36 12 52 42 32 22 34 4 43 18 7 31 46 52 16 31 24 46 18 13 57 36 52 47 28 46 43 10 55 44 53 29 18 62 47 44 17 9 21 29 27 39 40 57 48 33 47 22 27 40 42 47 34 42 47 51 48 5 56 23 51 22 60 55 22 3 22 9 42 33 41 57 37 10 3 65 57 39 12 16 38 46 15 43 44 39 38 25 41 34 37 40 34 8 57 29 43 59 49 57 33 70 44 23 47 57 17 55 58 18 54 30 29 49 50 25 9 33 1 43 41 32 48 58 30 7 44 58 19 58 67 43 52 44 41 9 31 46 36 57 36 48 51 45 40 4 54 36 23 36 20 38 39 44 52 28 22 35 26 50 23 14 43 40 19 37 51 21 53 36 35 32 31 43 23 55 17 42 36 6 14 52 45 37 45 19 58 65 36 42 43 39 49 46 57 45 40 55 11 13 41 57 52 19 17 40 42 43 57 44 35 25 22 57 29 46 49 35 12 65 29 15 49 14 51 32 56 37 38 32 54 37 46 37 28
33 58 59 31 42 4 20 27 22 47 22 23 28 45 17 11 9 26 21 20 44 42 41 30 29 10 12 25 21 50 39 25 20 16 18 24 20 17 19 29 50 43 35 49 24 40 26 35 5 41 11 38 24 45 20 14 48 26 4 37 42 38 22 33 43 14 39 15 32 40 15 53 26 18 30 23 27 29 0 40 30 50 15 37 44 32 53 42 41 26 49 11 30 28 40 23 51 26 26 54 51 17 33 43 48 56 9 32 45 54 14 27 35 30 51 25 18 43 41 25 17 8 6 14 39 42 13 32 16 30 33 43 31 50 48 6 41 47 50 22 32 11 45 13 27 53 23 38 23 25 46 25 42 14 9 7 28 41 49 24 29 38 46 5 29 24 45 27 29 18 18 21 28 31 13 19 19 36 41 51 16 35 37 49 29 43 27 32 30 14 31 7 34 29 50 40 14 27 19 35 2 21 16 29 51 25 45 42 9 20 19 5 34 2 33 20 25 15 48 51 51 25 23 28 38 28 15 45 12 18 14 29 49 13 23 40 36 30 47 20 9 25 26 9 27 52 20 36 23 46 29 6 33 14 36 26 15 20 23 14 9 39 36 12 18 31 34 37 40 37 50 31 20 27 16 45 30 16 43 36 19 18 24 10 45 31 11 15 28 20 50 33 13 44 12 56 47 23 39 20 23 29 31 46 29 24 31 39 26 22 28 25 32 35 17 17 42 26 33 32 53 38 50 20 15 28 18 35 45 50 41 17 39 14 26 13 31 47 34 28 23 37 49 46 47 38 56 23 8 19 49 32 34 38 18 45 11 16 21 21 23 21 39 30 48 13 16 39 49 10 31 19 47 26 38 55 15 38 48 13 29 33 17 9 34 35 22 28 52 36 31 41 22 42 8 20 43 11 53 24 31 17 8 5 27 23 16 41 17 15 24 44 13 29 40 29 37 47 52 27 26 28 34 43 28 16 34 17 39 17 33 50 50 28 16 38 10 46 23 28 32 18 47 33 31 55 37 39 11 18 38 14 15 35 38 6 4 9 30 12 20 31 12 28 49 43 15 37 18 33 44 32 9 20 19 31 23 33 32 28
66 20 50 48 48 44 42 26 33 13 45 36 25 27 39 35 42 57 24 40 39 19 6 30 37 49 39 50 20 46 3 36 46 41 32 16 56 52 21 15 16 15 32 47 58 9 15 50 41 11 30 33 44 5 29 38 32 42 39 42 40 22 45 33 25 52 47 41 22 11 38 15 44 35 45 32 55 54 40 0 59 11 25 46 6 45 14 32 47 56 12 50 52 42 19 42 13 30 45 48 35 50 18 4 47 17 33 13 17 47 40 33 10 47 47 39 37 39 15 17 24 45 34 43 46 4 39 37 36 20 51 10 22 22 21 44 25 33 13 45 20 36 10 29 57 14 28 6 44 19 37 18 7 44 46 40 51 7 15 18 48 8 16 44 45 20 7 49 14 33 24 20 55 23 32 21 40 26 41 14 26 19 10 11 40 38 34 57 11 37 58 37 21 16 13 10 39 36 30 39 39 36 34 18 34 44 24 16 39 36 36 43 27 40 12 24 17 31 17 45 13 34 19 63 13 17 46 36 50 55 52 19 31 27 24 35 44 15 35 44 47 37 18 48 21 48 43 6 17 43 35 36 55 42 45 47 27 27 42 44 32 43 10 44 44 27 22 5 12 35 29 11 49 39 35 12 28 52 12 8 26 38 46 40 46 31 43 28 45 40 48 8 35 46 35 47 23 20 18 30 40 13 51 9 34 30 35 14 47 32 54 32 49 15 24 26 4 18 50 56 13 11 39 43 48 16 38 47 27 32 26 24 41 47 21 28 14 42 53 43 25 14 11 18 9 30 17 20 37 45 13 42 14 14 54 9 50 28 40 37 29 50 31 55 31 32 26 10 11 49 60 27 9 36 13 15 45 3 30 45 59 28 41 33 20 23 27 19 36 18 57 1 20 47 35 34 30 38 38 45 30 32 34 44 19 32 49 19 25 37 18 12 36 21 29 20 30 45 37 32 46 39 14 33 57 45 9 47 26 33 40 13 12 18 29 17 41 19 20 44 10 23 13 48 63 47 14 2 45 53 20 38 39 18 14 41 42 46 30 51 28 12 28 60 13 42 44 6 50 9 40 22 35 20 24 19 18 8 19 27
9 78 53 59 31 30 49 36 51 70 15 52 56 49 20 40 22 5 36 20 40 51 63 34 58 23 22 11 43 42 59 54 47 19 28 45 14 14 42 45 63 55 36 41 9 56 46 20 26 55 38 39 17 64 49 22 50 21 27 30 38 46 15 33 49 21 28 44 60 63 44 74 55 25 20 52 5 9 30 59 0 67 38 27 61 22 72 44 30 4 70 23 12 21 50 19 72 31 17 46 52 13 59 63 40 76 38 57 56 47 43 30 59 58 44 53 48 39 53 43 39 22 31 42 29 62 41 29 45 42 16 59 40 59 57 24 47 49 72 50 43 40 60 39 3 71 32 60 16 41 44 42 58 41 34 35 11 63 62 47 57 60 57 28 58 40 63 13 53 27 37 46 6 40 41 43 48 42 36 65 35 61 52 70 24 40 56 7 53 24 4 26 61 44 65 63 21 27 47 31 31 50 45 43 52 54 52 53 24 49 48 26 39 31 56 47 50 29 60 45 68 54 47 9 52 53 16 44 20 17 18 42 52 36 50 39 27 54 47 48 23 24 51 23 39 44 17 57 46 40 30 35 11 43 26 14 34 48 52 18 33 32 52 19 16 59 43 58 54 36 54 49 11 56 45 60 36 15 67 53 46 22 15 23 36 34 39 42 57 49 41 52 26 34 41 49 55 40 49 48 52 52 14 63 30 52 30 64 54 28 7 29 18 48 37 44 63 42 17 9 71 62 47 17 16 44 47 24 51 52 47 42 33 39 39 39 46 42 16 57 35 50 66 56 63 41 76 48 26 46 64 25 59 63 14 61 28 33 50 51 32 10 41 8 51 42 36 54 65 27 3 46 64 26 62 73 42 57 51 40 2 38 46 37 61 43 50 54 53 47 6 60 41 31 37 26 45 40 52 52 35 28 36 26 53 29 14 50 43 23 42 58 25 56 44 41 40 40 51 30 54 25 48 44 3 16 57 43 44 46 27 65 71 42 44 50 39 57 49 57 50 44 62 20 5 48 61 58 19 14 47 43 43 61 51 35 26 22 59 26 48 54 37 4 71 37 17 55 13 55 40 59 38 43 37 58 42 52 43 35
74 14 48 59 51 54 53 32 44 16 52 47 35 27 48 46 51 65 32 47 40 19 13 35 48 59 48 57 30 46 14 47 57 49 40 26 65 61 32 23 10 14 35 47 67 12 25 55 51 13 41 35 51 8 40 47 31 48 49 46 41 24 53 38 25 62 50 52 32 20 49 13 55 43 50 43 62 61 50 11 67 0 35 50 7 50 7 33 51 64 12 60 59 48 20 49 11 37 51 48 33 59 28 9 48 12 44 24 15 47 51 39 20 58 47 50 48 41 16 26 34 55 45 54 49 11 50 42 47 26 56 9 28 18 17 54 25 32 14 56 25 47 8 39 65 5 35 16 51 27 37 27 9 55 57 51 58 15 10 29 59 17 14 55 56 29 6 56 25 41 34 31 62 28 43 32 51 29 43 6 36 29 15 11 45 39 45 64 22 45 66 47 31 24 5 18 48 42 41 43 49 47 45 25 32 55 23 17 48 47 47 52 31 51 23 35 28 40 12 45 2 45 30 71 16 28 55 36 60 65 61 26 28 37 35 37 48 26 35 55 56 44 29 57 28 48 51 17 28 44 40 47 62 53 50 54 37 38 53 52 42 46 15 53 52 37 26 16 14 38 27 20 58 50 46 9 33 61 18 15 37 46 53 49 47 35 54 39 56 51 48 17 44 48 46 45 21 29 20 41 51 24 57 5 39 41 40 22 58 39 61 39 55 20 34 37 12 26 56 63 6 20 39 50 57 24 49 52 26 30 26 34 44 58 28 38 21 42 59 54 33 18 2 16 4 32 11 31 47 56 5 47 24 23 63 7 61 37 51 48 36 58 33 61 30 43 35 13 3 60 67 38 4 42 22 8 56 13 29 56 67 32 52 43 30 26 38 30 34 21 64 10 29 50 45 42 30 49 36 56 34 40 45 54 30 39 57 20 36 46 27 10 45 31 30 27 32 46 36 38 57 45 20 33 65 54 20 58 27 44 45 6 12 25 40 19 52 17 31 55 19 34 8 54 71 46 23 13 55 62 22 49 50 27 17 52 52 56 40 61 39 23 39 68 15 44 52 13 59 20 41 32 46 31 33 30 28 18 25 33
44 44 51 34 39 19 24 17 19 33 25 22 20 33 19 13 18 35 9 21 36 28 27 22 27 25 16 30 6 43 24 24 26 19 14 9 32 28 5 15 36 29 27 43 35 26 11 36 16 27 7 29 26 30 15 16 37 26 15 33 35 26 26 26 31 28 37 21 23 26 18 39 29 15 30 20 34 34 15 25 38 35 0 35 29 31 39 33 38 34 35 26 34 27 26 24 36 19 28 47 40 27 22 29 42 41 11 19 31 47 19 22 22 33 45 25 20 36 27 11 2 20 10 22 36 27 18 27 17 17 34 29 19 36 34 19 30 37 36 27 19 14 30 6 35 39 14 24 26 11 37 11 27 22 23 17 32 27 35 10 33 24 32 20 32 10 30 31 15 15 5 8 34 20 11 6 22 25 35 36 5 24 23 34 26 35 24 38 16 15 38 13 24 15 35 26 18 23 14 30 14 20 15 16 40 29 32 28 15 20 19 18 24 16 19 11 12 10 34 44 37 22 9 40 24 16 23 36 25 31 28 16 38 3 14 32 33 17 38 25 22 22 13 23 14 45 23 21 9 39 24 12 37 21 34 29 4 13 26 21 7 35 22 20 23 24 22 22 25 30 38 16 27 26 16 31 21 28 30 21 11 19 27 16 40 23 21 8 31 23 44 19 13 39 14 48 34 9 25 15 25 15 34 32 23 19 25 27 31 17 34 19 34 21 3 8 27 12 35 37 38 25 41 23 25 14 20 34 34 39 30 4 34 25 13 5 17 40 37 30 13 23 34 32 32 28 41 10 13 26 34 30 22 25 30 30 26 7 23 22 15 28 30 35 37 12 4 25 34 25 39 11 32 22 25 40 24 23 37 23 38 24 22 10 23 23 15 17 42 22 37 26 8 38 12 17 32 16 43 28 23 14 11 20 16 18 26 27 7 16 10 30 14 19 30 16 27 41 42 21 30 25 20 33 36 23 20 26 27 16 29 35 35 15 10 25 19 33 12 30 17 6 33 34 41 47 24 24 22 29 25 17 19 23 24 17 17 22 24 26 13 17 5 38 34 37 22 22 27 19 37 22 13 5 6 20 8 18 19 19
35 63 27 67 5 40 56 22 53 58 18 56 54 27 21 44 30 28 28 18 15 32 51 17 61 38 26 18 38 17 47 57 56 22 22 38 35 31 37 33 44 36 15 15 32 39 36 8 34 38 39 16 15 50 49 24 26 12 34 5 13 27 17 13 27 38 3 51 56 54 49 60 62 21 9 54 23 18 37 46 27 50 35 0 45 6 56 20 4 27 57 39 15 10 31 15 58 18 13 20 27 29 54 49 14 61 42 49 37 21 50 15 50 65 18 59 52 13 34 32 36 34 34 50 2 49 48 10 49 27 11 42 24 37 36 35 26 24 59 58 26 45 43 39 27 55 22 49 16 30 19 31 43 50 46 43 17 51 43 42 65 50 38 39 65 30 47 15 46 22 31 41 22 23 44 39 54 22 10 47 31 56 37 56 9 15 58 21 45 24 24 31 57 32 47 53 24 13 49 8 38 54 48 29 28 61 30 34 29 53 52 35 20 39 49 45 44 26 40 18 51 57 42 35 35 48 27 19 35 37 35 28 29 35 48 15 2 48 22 56 35 14 46 36 27 18 19 46 40 14 12 40 17 51 2 15 31 48 58 25 34 6 37 28 21 58 25 46 37 13 30 37 24 60 49 42 19 32 56 39 45 20 16 28 11 16 48 42 64 55 15 40 26 9 45 24 33 31 31 50 57 45 13 46 13 53 12 56 63 18 21 17 9 32 33 43 50 32 10 19 55 53 21 18 29 32 52 3 28 27 25 39 8 51 28 39 33 16 12 63 25 33 49 36 47 19 60 43 30 55 46 6 52 55 34 44 43 29 56 55 21 24 18 19 27 45 32 38 48 42 25 46 48 13 54 57 52 44 28 50 27 19 53 40 56 25 50 50 28 30 22 46 33 5 41 19 22 46 27 60 17 22 40 37 49 18 27 31 41 23 33 40 25 52 22 27 19 13 26 16 62 10 33 20 24 24 48 54 24 49 6 46 57 29 45 32 47 36 45 63 38 41 44 7 31 23 54 45 30 33 29 49 50 55 34 43 34 34 58 42 48 46 37 30 58 11 24 41 28 46 14 55 43 37 30 53 34 39 27 20
68 19 45 54 46 47 47 25 38 16 46 41 31 24 41 40 45 59 26 41 36 15 10 29 43 52 41 51 24 43 9 42 51 43 33 20 59 54 25 16 10 11 30 44 60 6 18 50 44 8 34 30 44 7 34 40 28 42 43 41 37 19 46 32 22 56 45 46 28 17 43 16 50 36 45 38 56 54 44 6 61 7 29 45 0 44 12 29 46 58 13 53 53 42 16 42 14 30 45 45 30 52 24 6 44 16 38 19 12 44 44 33 16 53 43 45 42 37 12 20 27 48 38 48 44 8 44 36 41 20 50 5 22 17 16 47 22 29 15 50 19 41 4 33 59 11 29 12 45 21 33 20 3 49 50 44 52 12 10 22 53 13 11 48 51 22 3 50 19 35 27 25 56 22 37 26 45 24 38 9 29 25 9 12 40 35 40 58 17 39 59 40 27 17 8 15 41 36 35 37 42 41 39 18 29 50 20 12 42 41 41 46 25 44 18 29 22 33 11 42 9 40 23 65 10 22 48 33 53 58 55 20 26 31 29 32 43 20 32 49 50 38 23 51 22 44 44 11 22 40 34 40 55 46 44 48 30 32 47 46 35 41 9 46 45 33 20 10 9 33 25 13 51 44 40 6 27 54 17 9 31 39 47 42 43 30 48 33 50 45 45 11 37 43 40 43 18 22 15 35 45 19 51 3 33 36 34 20 53 33 55 33 49 14 27 31 9 19 50 57 11 17 36 44 50 18 43 46 23 28 23 28 39 52 22 32 15 39 53 49 26 13 6 13 4 27 16 25 40 51 7 41 19 20 57 3 54 30 45 42 29 52 29 55 27 37 29 7 6 53 61 32 4 36 18 13 50 7 26 50 61 26 47 37 26 21 32 25 32 16 58 5 22 45 39 35 27 43 33 50 29 34 38 48 25 32 51 16 30 39 21 7 38 26 26 20 27 42 33 32 52 39 13 30 58 47 15 51 23 39 39 8 14 19 33 14 46 14 26 50 12 28 7 48 64 43 20 7 48 56 17 42 44 24 11 45 45 49 36 55 33 17 32 61 16 39 45 7 52 14 37 28 40 24 26 25 21 11 19 27
30 63 32 62 11 34 51 20 49 56 12 51 50 29 15 39 25 22 25 13 19 32 49 16 56 32 20 13 35 22 45 53 51 17 18 35 30 25 34 31 44 37 16 20 27 39 34 6 28 38 34 18 9 49 45 19 29 6 28 8 17 27 12 13 29 32 9 46 53 52 44 60 57 16 3 50 18 14 32 45 22 50 31 6 44 0 56 23 10 21 56 33 11 5 31 10 57 15 7 25 31 23 51 48 19 60 37 47 37 26 44 12 47 60 23 54 48 18 35 30 32 28 29 45 8 48 43 9 44 26 7 42 23 39 37 29 28 27 58 53 26 40 43 35 22 55 19 47 10 28 23 29 42 45 40 38 12 50 44 38 60 48 39 33 60 27 47 9 43 17 28 38 17 22 39 36 49 22 15 47 27 53 36 55 6 19 54 17 42 19 19 26 53 30 48 51 18 10 44 9 32 49 44 27 31 56 32 35 23 48 47 29 20 33 46 41 41 21 41 24 52 52 39 30 35 45 21 22 30 32 30 26 31 30 44 18 6 45 25 51 30 10 42 30 25 23 13 44 37 19 11 35 13 45 5 10 27 43 53 20 30 11 36 23 15 54 25 44 37 15 33 35 19 55 44 42 18 26 54 38 41 14 10 23 16 15 43 38 59 50 20 38 21 14 40 29 35 28 31 45 52 42 9 46 12 49 10 53 57 14 16 14 5 31 29 38 49 29 6 15 55 51 26 13 23 30 47 4 30 31 27 35 12 45 25 35 32 20 9 58 22 32 49 37 47 20 60 40 24 50 46 4 49 52 28 44 37 25 51 50 18 18 20 14 30 40 28 38 48 36 20 41 48 10 51 57 46 43 30 45 23 19 48 35 53 25 45 47 32 29 17 45 30 11 36 15 25 41 31 55 16 18 35 31 46 15 22 32 37 18 30 40 20 49 24 25 20 19 30 13 57 7 32 22 20 19 45 48 25 45 6 47 56 27 40 32 42 37 42 58 36 37 44 4 26 28 51 44 24 27 29 43 45 52 34 38 29 28 54 36 44 43 33 25 57 15 18 40 22 43 19 52 38 34 27 49 31 37 26 18
79 8 54 59 57 57 54 37 45 13 57 47 36 33 52 48 55 70 37 52 46 25 14 40 48 63 52 62 33 52 15 48 58 54 44 30 70 65 35 27 16 20 41 53 71 17 28 61 54 18 43 41 56 9 41 51 37 53 53 52 47 30 58 43 31 66 56 53 32 19 50 7 56 47 56 43 67 66 53 14 72 7 39 56 12 56 0 39 57 69 9 64 64 54 26 54 7 42 57 54 38 63 28 10 54 5 47 25 21 53 52 44 21 58 53 51 49 47 22 30 37 58 48 55 55 12 51 48 48 31 62 15 33 24 24 57 32 38 10 57 31 49 13 42 70 3 40 17 56 32 43 31 14 57 59 53 63 14 15 31 59 18 20 58 56 33 10 61 26 46 37 33 67 34 45 35 52 35 49 12 40 28 20 8 51 45 45 69 24 50 71 51 30 28 10 18 52 47 42 48 52 48 46 30 37 56 29 23 52 48 48 56 36 54 24 36 29 44 19 51 5 46 32 76 22 29 59 42 63 69 65 31 35 41 36 43 54 27 41 56 60 49 30 61 33 54 56 18 31 50 45 50 67 54 56 59 40 39 53 57 45 52 20 57 56 37 31 17 20 44 32 24 62 50 47 15 38 65 16 20 38 51 58 53 53 41 56 41 56 52 54 21 48 54 48 52 27 33 26 42 51 26 63 10 45 41 46 21 59 44 66 44 60 25 38 39 13 30 61 68 1 20 45 55 61 29 50 57 32 37 33 37 50 60 33 41 26 48 64 54 37 24 8 22 9 38 5 33 50 58 12 52 24 22 67 13 64 41 52 49 41 63 39 67 36 45 39 19 9 63 72 39 9 48 21 2 57 16 35 58 72 38 54 46 29 32 39 31 40 27 69 13 33 56 48 46 36 51 42 56 40 45 47 58 31 44 62 26 38 50 31 16 49 32 36 32 38 52 41 44 58 50 25 40 70 58 21 59 33 46 51 11 8 30 41 25 54 23 33 55 23 36 14 59 75 52 23 15 59 67 28 50 51 27 22 54 55 60 40 64 40 24 42 73 11 50 57 18 63 21 47 32 49 34 37 30 32 21 30 39
52 46 20 66 20 46 56 16 51 44 31 54 47 7 30 45 38 44 24 27 8 14 37 13 58 47 33 34 32 15 33 55 58 32 25 30 49 44 32 22 25 19 8 16 47 23 28 27 40 22 39 6 28 35 46 31 7 24 39 16 9 11 31 12 8 49 20 52 48 41 50 44 61 26 24 51 39 36 42 32 44 33 33 20 29 23 39 0 20 43 42 48 33 23 13 27 42 17 27 17 10 42 44 33 16 43 42 39 18 16 51 17 38 65 16 57 52 9 18 25 32 42 37 53 19 35 50 15 49 17 29 25 14 18 17 43 8 5 44 59 15 46 26 38 43 37 20 36 29 23 6 24 27 53 51 47 33 38 24 35 65 37 19 45 63 23 31 31 36 25 28 35 38 13 43 34 54 8 11 28 29 46 22 41 20 7 54 39 35 30 41 36 48 22 29 40 32 19 46 14 42 52 47 19 9 61 11 17 35 51 51 42 9 44 38 40 36 27 21 14 34 54 35 51 20 39 38 5 46 50 47 18 9 34 43 5 19 39 5 57 44 22 38 45 19 17 31 33 33 12 16 43 35 53 20 31 30 44 58 36 36 15 23 38 33 51 12 33 20 8 11 26 38 58 48 24 13 44 43 25 42 28 30 35 15 12 51 40 63 55 17 28 31 16 46 17 14 25 15 46 56 35 31 29 15 49 15 44 63 21 37 19 28 18 30 39 36 23 28 37 38 41 9 30 41 22 52 23 8 9 7 35 13 55 20 38 22 10 31 61 21 18 31 18 30 5 43 37 35 58 28 19 41 43 47 27 51 28 55 54 20 38 3 36 8 44 30 23 30 50 43 42 31 20 42 40 55 30 8 54 44 9 54 41 47 11 45 42 11 15 39 32 27 19 43 24 3 48 11 60 12 25 41 44 41 20 40 14 38 30 25 23 30 44 4 18 6 14 10 17 62 20 19 1 42 35 36 57 7 48 17 28 42 19 42 16 50 17 39 62 26 37 25 26 48 16 43 31 40 46 13 49 51 45 19 47 41 43 53 51 44 35 36 46 43 12 35 27 41 34 9 47 44 32 27 44 27 27 16 15
38 64 24 70 2 44 59 24 56 59 22 59 56 26 25 48 34 31 30 22 13 32 52 18 64 42 29 21 41 14 48 60 60 26 25 40 39 35 40 35 44 37 16 11 35 40 39 10 37 39 42 16 19 51 52 27 25 15 37 5 11 27 21 15 27 42 2 54 58 56 53 61 65 24 12 57 26 22 41 47 30 51 38 4 46 10 57 20 0 30 58 42 19 14 31 19 59 20 17 17 26 33 56 50 10 61 45 52 37 17 53 17 52 69 14 62 56 12 35 35 38 38 37 54 3 51 52 12 52 29 14 42 26 37 36 39 26 23 60 62 28 48 44 43 30 55 24 51 19 33 18 34 44 54 49 47 20 53 43 44 68 52 38 42 68 32 48 18 48 25 34 44 25 25 47 42 57 23 9 47 34 58 38 57 13 14 61 24 47 28 26 35 59 34 47 55 27 16 52 9 41 57 51 31 26 64 30 35 32 56 55 39 21 42 51 48 46 29 40 16 52 60 44 38 36 50 30 18 39 41 39 30 27 38 50 15 5 50 20 59 39 17 48 40 29 15 23 48 42 11 15 44 20 54 5 19 34 50 62 29 38 5 38 32 25 60 26 48 37 13 29 39 28 63 52 42 21 36 58 40 48 23 20 32 8 18 52 45 67 58 12 42 29 6 49 21 33 33 32 52 61 47 17 47 16 56 14 58 66 21 24 19 13 33 35 45 51 34 13 22 56 55 19 22 33 33 55 7 28 26 25 42 7 54 30 42 35 13 15 66 27 34 49 36 48 19 61 46 33 59 46 9 54 56 37 45 46 32 59 58 23 27 18 22 26 48 35 39 48 45 28 49 49 16 56 58 55 45 27 54 31 20 57 44 58 25 52 52 26 31 24 48 35 1 45 22 22 49 25 63 19 26 43 40 51 21 31 31 44 27 35 41 28 54 22 29 19 11 24 18 65 14 34 19 28 28 50 57 24 52 9 47 58 31 48 32 50 36 48 66 40 44 44 11 33 20 56 46 34 36 29 52 53 57 35 47 38 38 61 45 51 48 40 33 60 9 28 42 31 48 13 57 46 40 33 55 36 41 29 22
10 75 53 55 31 26 45 34 47 66 13 48 52 48 17 36 18 1 33 18 40 49 60 32 54 19 19 10 40 43 56 50 43 16 25 42 11 10 39 42 61 53 35 41 6 53 43 20 22 53 34 38 15 61 45 19 49 19 23 29 38 44 13 32 48 17 29 40 56 60 40 71 51 22 20 48 5 9 26 56 4 64 34 27 58 21 69 43 30 0 67 19 12 20 48 17 69 29 16 46 51 9 56 60 40 73 34 53 54 47 39 28 55 54 44 49 44 39 50 39 36 18 27 38 29 59 37 28 41 39 17 56 38 57 55 20 46 48 69 46 40 36 58 35 1 69 30 57 14 38 44 39 56 37 30 31 11 60 60 44 53 57 55 24 54 37 60 12 49 24 34 42 6 38 37 40 44 40 36 63 32 57 50 66 23 40 52 9 50 20 6 23 58 42 63 60 18 25 43 30 27 46 41 40 51 50 50 51 20 45 44 22 38 27 53 43 46 26 57 45 66 50 43 9 49 50 12 43 16 14 14 39 51 33 46 38 27 51 46 44 19 22 47 19 37 44 14 54 43 40 28 31 12 39 26 13 31 44 48 14 29 32 49 15 13 55 41 55 51 35 53 46 8 52 41 57 34 11 63 50 43 19 13 19 37 33 35 38 53 45 41 49 22 35 37 50 53 37 47 44 48 49 14 60 28 48 29 61 50 26 7 27 18 45 34 40 59 39 18 10 68 58 47 15 12 41 43 24 49 51 45 38 33 35 37 36 44 41 17 53 32 47 63 54 61 39 73 44 22 42 61 25 56 59 11 58 24 30 46 47 29 7 40 9 50 38 32 52 62 24 7 42 61 24 59 71 38 54 50 36 4 36 42 33 57 41 46 51 52 45 8 57 38 31 33 23 44 36 52 48 33 25 32 22 50 27 10 48 39 20 39 56 21 52 43 38 38 40 51 28 50 23 45 42 4 12 54 39 43 42 27 62 68 40 40 48 35 55 45 53 47 40 59 20 7 49 58 55 15 10 45 39 39 57 49 31 22 18 55 22 44 50 34 4 68 36 14 52 9 52 40 55 34 39 33 54 39 49 41 33
77 10 58 52 59 52 47 37 38 5 56 41 29 37 50 43 52 68 35 51 49 28 8 41 41 59 49 61 29 56 12 41 51 52 43 26 66 62 30 26 21 24 43 57 68 19 25 61 50 21 39 43 55 8 34 49 41 53 49 53 50 32 57 44 35 62 58 47 25 12 44 5 49 45 56 37 65 65 49 12 70 12 35 57 13 56 9 42 58 67 0 60 63 53 29 53 2 42 56 58 43 61 21 9 57 8 42 18 25 57 46 44 14 51 56 44 42 50 25 28 33 55 44 50 57 9 46 48 42 31 62 18 33 29 28 54 35 42 2 50 31 44 17 37 68 10 39 11 55 30 46 29 16 51 54 48 62 9 21 26 52 12 24 53 49 31 12 60 21 44 34 28 66 34 39 30 45 36 51 17 37 21 21 1 51 48 37 68 19 47 69 47 23 27 16 11 50 47 36 50 48 41 40 29 42 49 33 25 49 41 41 52 38 49 18 31 24 42 23 55 12 39 27 73 23 23 56 46 60 65 62 30 39 37 30 45 55 21 45 49 56 48 24 57 32 57 54 14 26 53 46 45 66 48 56 58 37 33 47 54 41 54 20 54 55 30 33 13 22 45 37 22 60 42 41 19 39 62 9 19 32 49 57 50 56 42 50 36 49 45 58 19 46 56 42 56 31 31 28 35 45 21 62 14 45 35 46 14 52 44 65 43 60 25 34 34 8 29 61 67 9 13 49 54 58 27 43 58 36 41 36 32 52 54 32 36 25 52 64 47 36 25 13 26 13 40 8 27 47 51 17 53 17 14 64 16 59 38 45 42 40 61 42 66 40 39 36 20 13 58 71 33 12 47 14 9 51 14 39 52 70 39 48 41 22 33 32 24 44 28 68 11 30 58 43 45 40 45 46 50 41 43 43 54 24 43 59 29 33 48 29 20 47 25 39 31 40 55 46 43 51 50 25 43 68 56 15 53 36 40 51 17 1 30 36 27 49 27 27 48 21 31 18 60 74 56 16 13 56 64 30 44 45 19 24 49 51 56 33 60 34 19 37 71 3 52 54 17 61 16 50 24 43 30 34 23 29 19 30 39
25 69 63 37 44 9 27 34 31 58 21 31 38 52 19 20 11 19 29 22 48 50 52 36 37 1 16 23 31 53 49 33 25 18 25 34 11 10 30 38 59 51 40 52 16 50 36 34 10 50 22 43 24 55 30 18 54 28 11 40 46 46 22 38 51 4 41 22 43 50 23 64 33 23 31 32 22 26 11 50 23 60 26 39 53 33 64 48 42 19 60 0 28 29 48 24 61 32 26 57 57 11 44 54 51 66 20 43 53 57 21 32 46 36 55 32 27 47 49 34 27 6 16 20 40 52 20 36 24 38 32 53 39 58 56 7 49 53 61 27 40 20 54 23 20 64 29 49 24 34 51 34 52 19 11 15 25 52 58 34 35 49 54 7 36 33 55 26 40 24 27 32 23 39 23 30 26 43 45 60 25 45 46 59 31 48 36 27 41 19 25 14 45 38 60 50 17 31 29 38 13 29 25 38 57 32 53 50 13 28 27 8 41 11 43 31 36 23 57 55 61 33 33 20 47 39 13 50 4 8 6 37 56 23 33 45 38 40 53 26 4 28 37 3 35 55 20 46 34 49 34 16 29 21 37 25 24 30 30 14 19 42 46 11 18 41 42 47 49 42 57 40 16 34 25 55 37 9 54 45 30 21 23 14 48 37 17 25 35 27 52 43 18 46 21 60 55 32 47 30 30 39 29 56 33 33 35 50 32 28 24 30 32 43 26 27 52 35 32 28 63 49 55 21 10 37 25 36 53 56 49 28 42 17 34 24 40 51 32 35 31 45 59 54 57 44 66 33 15 24 58 34 45 49 10 55 5 24 28 30 30 17 45 27 55 24 25 49 58 5 26 29 57 30 49 65 19 48 55 17 22 40 24 20 45 43 32 39 58 44 26 51 32 43 18 25 49 19 59 29 37 24 18 6 38 29 13 49 27 19 33 53 19 40 47 37 43 50 58 32 32 31 43 48 23 15 45 21 46 26 36 59 60 37 26 47 17 55 34 35 42 29 57 33 24 59 47 49 9 10 46 22 22 45 47 13 9 6 39 3 30 41 23 21 59 46 15 47 13 44 48 42 19 31 28 42 33 43 40 35
20 71 42 61 20 31 50 28 50 63 9 51 53 39 16 39 22 13 30 14 29 42 56 25 57 27 20 5 39 32 52 53 49 16 22 40 22 18 37 38 54 46 26 30 18 47 39 9 26 47 36 28 9 57 47 18 39 11 26 19 27 37 8 23 39 26 18 44 56 58 44 67 56 19 9 51 8 3 30 52 12 59 34 15 53 11 64 33 19 12 63 28 0 11 40 11 64 23 8 35 41 17 55 55 29 68 37 52 47 36 43 20 53 59 33 54 47 28 44 36 35 24 29 43 17 55 42 19 44 33 6 50 32 49 47 26 37 38 65 51 34 39 51 36 12 63 25 54 9 34 33 35 50 43 37 36 3 56 53 43 59 54 48 30 59 33 55 4 48 20 32 41 7 31 40 39 48 32 25 56 30 57 44 62 14 29 55 6 47 20 9 25 57 37 56 57 18 17 46 20 31 49 44 35 42 55 42 44 22 48 47 26 30 31 51 44 45 24 50 33 60 53 42 20 43 49 16 33 24 24 23 34 42 33 47 28 16 49 36 49 25 15 47 26 32 33 11 51 41 29 20 34 4 44 15 6 30 46 52 16 31 21 44 19 13 57 34 51 45 26 43 42 12 55 44 51 27 20 61 45 44 16 8 21 26 25 40 39 58 49 30 45 22 24 40 39 45 33 40 47 52 47 2 54 20 51 20 59 56 20 6 20 6 40 32 41 56 35 7 5 63 56 36 12 18 36 47 12 40 41 37 38 22 42 32 37 39 31 5 57 28 41 57 47 55 31 68 43 24 48 55 14 54 57 20 52 32 28 50 50 24 11 30 4 40 41 31 46 56 31 10 44 56 17 57 65 44 50 41 42 12 28 47 36 57 34 48 50 42 38 7 53 35 20 36 19 35 40 41 53 25 21 35 27 49 21 15 41 40 19 35 49 21 52 34 33 30 28 41 21 56 15 40 33 9 14 51 46 34 45 17 56 64 34 42 41 40 47 45 58 43 40 53 8 16 38 56 51 20 20 38 43 44 56 42 36 26 24 56 30 45 48 35 15 64 26 15 47 15 49 29 55 37 38 31 53 36 44 35 26
29 60 35 57 15 30 46 17 44 53 9 46 46 29 11 35 20 21 21 8 21 31 46 14 52 28 16 11 31 25 42 48 47 13 14 31 27 22 29 28 43 35 16 23 25 37 30 9 24 36 30 18 6 47 41 14 29 2 24 11 19 26 9 13 29 29 13 41 48 48 40 57 52 12 3 45 16 14 28 42 21 48 27 10 42 5 54 23 14 20 53 29 11 0 30 5 54 12 5 28 32 20 47 45 22 58 32 43 36 29 40 10 44 56 26 49 43 20 33 26 28 24 24 41 12 45 39 9 40 23 9 40 21 38 37 25 27 28 55 49 23 35 41 31 20 53 15 44 7 25 25 25 40 40 36 34 11 47 42 35 56 45 37 29 55 23 44 9 39 13 23 33 16 20 35 32 44 21 17 46 23 49 34 52 4 20 49 17 38 14 19 21 50 27 46 48 14 7 40 10 28 45 39 25 32 51 31 33 19 44 43 25 19 29 42 37 37 17 40 26 50 48 35 28 33 41 17 24 26 28 26 23 32 26 40 19 9 41 27 46 26 6 39 27 22 26 9 41 33 21 9 31 14 41 9 8 23 39 49 16 25 13 34 19 12 50 23 41 35 16 33 32 16 51 39 40 16 23 51 35 37 10 7 18 19 14 38 33 54 45 24 35 16 17 36 32 34 24 29 41 48 38 10 44 10 45 9 50 53 11 15 10 8 29 25 34 46 26 9 15 53 47 28 9 20 26 43 9 30 31 26 31 14 41 22 30 29 23 11 53 18 30 47 36 45 20 57 35 20 46 44 6 45 49 25 42 33 21 46 46 14 16 20 14 31 36 24 35 46 32 20 37 45 6 48 55 42 40 31 40 22 18 44 31 49 23 41 43 33 27 17 43 26 15 32 11 25 36 33 50 15 14 30 27 42 11 18 30 33 14 26 39 15 44 23 22 19 22 32 10 52 4 29 23 19 15 42 44 24 40 8 45 54 24 36 30 37 36 38 54 33 33 42 7 25 31 47 41 20 24 27 39 40 48 32 33 25 24 50 32 39 39 28 23 54 18 14 37 19 40 21 47 33 30 23 46 27 35 24 15
57 33 32 58 32 44 49 14 42 31 35 45 37 9 32 39 38 48 20 30 21 2 24 16 49 47 33 39 24 28 20 47 52 33 24 21 51 46 25 13 14 6 16 29 51 10 19 36 39 9 33 15 33 22 37 32 14 30 38 26 22 4 35 18 7 49 30 46 37 29 44 31 54 27 32 42 45 43 40 19 50 20 26 31 16 31 26 13 31 48 29 48 40 30 0 31 29 19 33 30 17 44 33 20 29 31 37 28 7 29 45 20 26 57 29 49 44 22 5 17 26 42 34 48 30 22 44 23 42 10 37 12 10 11 9 42 7 14 31 52 9 40 13 32 48 25 19 24 34 16 19 16 14 48 48 42 40 25 13 25 57 25 8 43 55 17 18 38 25 25 23 27 44 10 37 26 47 9 23 17 25 35 9 28 27 20 45 46 23 30 48 35 37 13 17 28 33 23 38 23 39 44 40 11 16 53 7 4 35 44 43 41 11 41 27 32 26 26 10 27 22 45 26 55 7 29 39 18 46 51 48 12 13 28 33 17 29 28 17 51 44 26 28 45 13 30 34 21 24 25 21 38 43 47 30 36 26 35 51 37 32 26 10 39 35 41 7 21 7 18 13 15 41 49 41 12 14 46 30 13 33 30 35 35 28 16 47 33 55 47 30 16 30 28 40 29 8 18 2 38 49 25 39 16 20 40 21 32 56 22 44 21 36 7 24 32 23 15 37 44 25 28 21 33 42 13 45 32 9 15 8 28 24 51 15 31 11 23 39 53 18 5 19 7 17 12 30 28 34 52 16 28 29 31 49 14 50 25 48 46 19 42 14 43 14 37 25 10 18 49 49 34 18 24 30 27 50 17 13 49 50 13 48 36 35 7 36 32 19 5 46 19 19 31 38 25 12 42 20 53 15 25 36 43 31 22 42 1 30 31 18 10 30 34 11 11 13 27 20 20 55 26 8 14 47 38 24 52 8 41 25 16 29 12 35 3 45 8 30 54 15 29 14 35 53 28 30 18 41 48 3 43 45 33 6 43 40 43 43 50 36 24 31 51 30 24 37 14 43 22 22 36 39 24 22 33 19 15 8 15
27 60 40 53 20 25 42 18 41 52 5 42 42 32 6 31 15 18 19 4 25 33 45 16 48 23 11 9 28 30 41 44 42 8 11 29 23 18 27 27 44 36 19 28 21 37 29 13 19 37 26 22 3 46 37 9 33 4 19 16 23 28 5 16 31 24 18 37 46 47 35 57 48 9 8 41 14 13 23 42 19 49 24 15 42 10 54 27 19 17 53 24 11 5 31 0 54 13 4 33 36 16 44 45 27 58 28 41 37 34 35 11 42 51 31 45 39 24 34 25 25 19 20 36 17 45 34 13 36 23 12 40 22 40 39 20 29 32 54 44 24 31 42 27 17 53 14 43 3 23 29 24 40 36 31 29 10 46 44 32 51 43 39 24 51 22 44 8 37 10 21 31 14 21 31 29 40 23 21 47 20 46 34 52 8 25 45 16 37 10 17 17 47 26 47 46 9 9 36 15 23 40 35 25 36 47 34 34 14 39 38 20 21 24 40 33 34 14 41 31 50 44 32 25 33 38 12 28 21 24 21 23 35 23 36 22 14 39 30 42 21 6 36 22 21 31 5 40 30 26 12 26 14 36 14 6 20 36 44 11 21 18 34 14 7 47 24 40 35 19 36 31 12 47 35 41 17 19 50 35 34 6 5 13 24 16 34 30 50 41 29 35 12 22 32 36 36 22 31 37 44 36 11 44 12 41 13 48 48 10 13 10 11 29 22 31 45 25 12 15 53 45 32 4 15 26 38 13 33 35 29 28 19 36 21 27 28 27 13 49 17 31 47 38 45 23 57 33 15 41 45 11 43 47 21 42 28 18 42 42 13 12 24 14 34 32 21 36 46 27 19 34 46 8 46 55 37 39 34 35 19 20 39 27 46 25 38 40 37 28 16 42 24 20 27 8 28 32 37 46 17 11 26 22 39 10 14 32 30 9 25 40 11 42 26 22 22 26 36 12 48 8 29 27 17 10 40 39 26 36 12 46 53 24 32 31 32 38 35 49 32 30 43 11 23 35 45 40 15 20 29 35 36 45 32 29 20 19 47 27 36 37 25 21 53 23 9 37 15 39 25 45 29 27 20 43 25 34 25 16
78 8 58 54 59 54 49 38 40 7 57 43 31 36 52 45 54 69 36 52 49 29 10 42 43 60 51 62 31 56 13 43 53 53 44 28 68 64 32 27 20 24 43 57 70 19 27 62 52 21 40 43 56 8 36 50 41 54 51 54 50 32 58 45 35 64 58 49 27 14 46 3 51 47 57 39 67 66 51 13 72 11 36 58 14 57 7 42 59 69 2 61 64 54 29 54 0 43 57 57 43 62 23 9 57 6 43 20 25 57 48 45 16 53 57 46 44 50 25 30 35 56 46 51 57 10 48 49 44 32 63 18 34 28 28 55 35 42 3 52 32 45 16 39 69 9 40 13 57 31 47 30 16 53 56 50 63 10 20 28 54 13 24 55 51 33 12 61 22 45 36 30 67 35 41 32 47 37 51 17 38 23 22 3 52 48 39 70 21 49 70 49 25 28 15 13 51 48 38 50 49 43 42 30 42 51 33 26 51 43 43 54 38 51 19 32 26 43 23 55 11 41 29 75 23 25 58 46 61 67 63 31 39 39 32 45 56 23 44 51 58 49 26 59 33 58 55 15 28 53 47 47 67 50 57 60 39 35 49 56 43 54 21 56 56 32 33 15 22 46 37 23 61 44 43 19 39 64 11 20 34 50 58 51 56 42 52 38 51 47 58 20 47 57 44 56 31 32 28 37 47 23 63 14 46 37 47 16 54 45 66 44 61 26 36 35 10 30 62 68 8 15 49 55 60 29 45 59 36 41 36 34 52 56 33 38 26 52 65 49 37 25 12 26 13 40 6 29 49 53 16 54 19 16 66 15 61 39 47 44 41 62 42 67 40 41 37 20 13 60 72 35 12 48 16 7 53 15 39 54 71 39 50 43 24 34 34 26 44 29 69 12 32 58 45 46 40 47 46 52 41 45 44 55 26 44 61 29 35 49 30 19 48 27 39 32 41 55 46 44 53 51 26 43 70 57 17 55 36 42 52 16 1 31 38 27 50 27 29 50 22 33 18 60 75 56 18 14 57 65 30 46 47 21 24 51 53 58 35 62 36 21 39 72 5 52 56 17 62 18 50 26 45 31 36 25 30 20 31 39
39 49 34 52 21 30 42 5 38 42 17 40 37 21 14 30 22 30 11 12 18 21 35 5 45 31 17 21 21 25 31 42 43 16 8 21 33 28 20 16 32 24 9 25 32 25 20 20 24 25 24 13 15 35 33 15 23 12 23 15 17 16 17 8 20 33 19 37 39 37 35 45 47 10 15 38 26 25 26 30 31 37 19 18 30 15 42 17 20 29 42 32 23 12 19 13 43 0 15 29 26 26 37 34 24 46 27 33 25 29 36 3 33 51 27 44 38 18 22 16 19 26 21 38 18 34 34 9 35 11 21 28 10 28 26 26 18 22 43 44 12 31 29 24 30 41 5 33 15 14 21 15 28 38 35 31 22 35 31 25 51 33 27 29 50 12 33 20 28 9 15 24 26 9 29 23 39 12 17 35 15 39 22 41 10 18 42 28 28 14 30 20 40 15 34 36 15 6 33 11 26 39 33 13 26 47 22 22 19 38 37 25 10 27 32 28 27 11 29 26 38 41 25 37 21 31 22 19 30 34 31 12 25 19 31 14 16 31 22 42 28 8 29 29 10 27 16 30 23 21 6 27 25 37 16 18 15 31 44 20 20 17 22 21 17 41 12 30 23 12 26 20 23 45 34 29 6 29 40 23 29 12 17 19 22 6 36 27 49 40 25 24 14 21 31 30 25 14 19 34 43 27 21 32 5 37 7 39 49 4 25 3 19 18 16 26 34 15 20 27 41 36 24 15 25 15 37 18 22 25 18 22 15 39 11 24 17 22 23 48 8 19 35 26 33 13 46 26 19 42 33 13 35 38 31 30 34 13 41 40 4 23 14 25 24 30 16 24 34 33 31 30 34 6 37 43 39 28 24 38 32 8 39 26 39 13 33 33 27 16 28 31 16 20 27 7 18 32 28 46 6 9 26 27 32 3 24 20 25 14 15 27 14 35 16 11 12 23 27 2 48 9 18 17 29 20 31 41 15 34 12 34 42 13 29 19 34 26 28 48 22 24 31 19 35 30 37 29 23 30 17 34 36 38 20 31 25 27 42 34 32 29 22 33 43 18 19 26 25 29 19 38 29 20 13 36 17 23 13 4
25 64 39 56 18 28 45 20 44 56 5 46 46 33 10 34 18 17 23 8 24 35 49 18 52 25 15 7 32 28 45 48 45 11 15 33 23 19 31 31 47 39 20 27 20 40 32 9 22 39 30 22 3 50 41 13 33 4 22 15 23 30 5 17 33 26 15 40 50 50 39 60 52 13 5 45 12 10 26 45 17 51 28 13 45 7 57 27 17 16 56 26 8 5 33 4 57 15 0 32 36 17 48 48 26 61 32 45 40 33 39 13 46 55 30 49 43 24 37 29 29 22 24 39 15 48 38 13 39 26 8 43 25 42 40 23 31 32 58 47 27 35 44 31 16 56 17 47 3 27 29 28 43 39 34 32 7 49 46 36 55 47 41 27 54 26 48 5 41 14 25 35 12 24 34 33 44 25 21 49 24 50 37 55 8 25 49 13 40 14 15 20 51 30 49 50 13 10 40 15 26 44 39 28 36 51 35 37 17 43 42 23 23 27 44 37 38 18 43 30 53 48 36 24 36 42 14 28 23 25 23 26 36 27 40 23 12 42 31 45 23 8 40 24 24 30 7 43 34 25 13 30 11 40 12 4 24 40 48 13 25 17 37 16 9 51 27 44 38 20 37 34 12 50 39 44 20 20 53 38 38 10 4 17 23 18 37 34 53 45 27 38 16 21 35 35 38 26 33 41 47 40 7 47 14 45 13 52 52 13 11 13 7 32 26 35 48 28 8 12 56 49 31 6 17 29 42 10 34 35 30 32 18 39 25 31 32 27 9 53 21 34 50 40 48 24 60 37 19 44 48 10 47 50 21 45 30 22 45 45 17 12 25 10 35 35 25 39 49 30 16 38 49 10 50 58 40 43 35 39 18 22 43 31 50 27 42 44 37 31 13 45 28 17 31 12 29 35 37 49 19 15 30 25 43 14 15 34 34 13 28 42 15 46 27 25 23 25 36 14 51 8 33 27 15 12 44 42 28 40 11 49 57 27 36 34 36 40 39 53 36 34 46 8 21 34 49 44 18 20 31 38 39 49 35 32 23 22 51 29 40 41 29 19 57 22 12 40 15 42 25 49 32 31 24 47 29 37 27 19
53 61 7 81 15 57 70 30 65 60 37 68 63 21 38 58 48 47 38 35 11 30 53 25 73 56 43 37 48 4 49 70 71 40 36 46 54 50 47 39 39 35 20 6 51 40 44 27 50 38 52 18 33 51 61 40 18 30 50 18 12 27 36 22 24 57 18 66 64 58 63 60 76 36 27 66 42 38 54 48 46 48 47 20 45 25 54 17 17 46 58 57 35 28 30 33 57 29 32 0 16 48 61 50 7 59 56 56 34 2 64 27 55 79 3 72 66 11 34 40 47 51 49 66 18 51 63 22 63 33 30 41 30 31 31 52 24 17 60 73 31 59 41 52 46 52 33 53 34 39 12 39 43 66 62 59 36 54 39 51 79 54 35 56 78 38 47 34 52 36 43 51 41 29 57 50 68 24 13 43 43 63 38 57 26 12 70 39 51 40 43 47 64 38 44 57 41 27 60 19 53 67 61 35 17 75 26 33 45 66 65 52 24 55 55 55 52 39 36 4 49 69 51 54 36 56 45 13 54 56 54 34 20 47 58 16 20 55 13 71 53 30 54 54 34 2 37 50 48 8 25 55 35 66 21 34 44 59 72 43 49 15 39 46 39 67 28 50 37 18 22 42 43 73 62 40 26 51 59 41 57 36 35 45 10 24 64 55 77 68 5 44 41 12 59 5 28 40 31 61 71 52 33 45 25 65 23 60 77 32 40 30 29 35 44 54 52 39 29 37 53 57 10 36 48 38 66 23 23 18 23 50 15 67 35 52 38 8 30 76 35 34 47 33 46 20 58 52 46 71 43 23 57 60 53 42 60 42 69 68 32 43 18 38 19 58 44 39 46 60 43 57 47 28 58 55 67 46 20 66 47 24 68 54 63 27 60 58 16 32 41 48 42 16 56 34 19 61 14 74 25 37 54 54 57 31 46 30 53 40 41 38 41 60 20 33 21 7 13 27 76 26 36 16 44 43 53 69 23 62 22 43 58 35 57 32 62 32 55 76 43 52 41 27 50 4 59 47 48 52 29 63 64 61 35 59 51 52 69 60 59 52 50 49 60 11 42 43 47 51 10 63 57 47 41 61 42 43 32 28
60 46 16 74 25 55 64 24 58 46 40 61 54 8 39 53 47 52 32 37 13 16 40 22 65 56 42 42 40 16 36 62 66 41 33 37 58 52 40 29 24 20 18 18 56 26 34 35 49 24 47 14 37 36 53 40 4 33 48 23 15 16 40 20 10 58 26 61 54 45 58 45 69 35 33 58 48 44 51 35 52 33 40 27 30 31 38 10 26 51 43 57 41 32 17 36 43 26 36 16 0 50 50 36 18 43 51 45 19 15 59 26 43 73 16 65 59 14 20 32 40 51 45 61 26 37 58 24 57 24 37 26 22 16 16 52 12 5 45 67 22 54 27 46 51 37 29 40 38 30 9 31 29 62 60 55 42 41 23 42 73 41 20 54 71 31 32 40 42 34 36 42 47 21 51 42 62 16 17 28 38 51 26 42 29 13 61 47 40 39 50 45 53 28 28 44 41 27 53 22 50 60 55 25 1 69 11 19 44 59 59 51 18 52 43 47 42 36 21 14 33 61 42 59 23 45 47 9 55 59 56 25 5 42 49 14 26 44 6 65 53 30 44 54 27 17 40 38 39 15 24 51 43 61 28 39 39 51 66 45 44 22 27 47 41 57 19 37 23 17 6 31 47 65 56 25 21 54 46 29 49 37 39 44 20 21 60 48 70 62 19 32 40 21 54 14 13 32 19 54 64 41 39 30 25 56 24 48 71 30 46 28 36 23 38 47 38 30 36 45 37 45 8 39 50 29 60 30 9 3 11 43 20 64 28 45 27 13 39 69 29 22 32 18 31 14 43 44 44 66 28 27 46 47 55 28 60 37 63 61 29 47 13 44 4 52 38 26 31 59 51 50 32 28 46 40 63 33 5 62 53 18 62 49 52 18 52 48 2 20 48 34 34 25 51 33 9 56 4 68 21 34 50 53 47 29 48 17 45 39 33 24 39 50 11 25 15 17 3 26 70 29 25 9 50 45 41 65 14 56 25 27 43 26 50 19 58 17 46 70 31 44 26 34 56 14 47 34 49 54 18 57 59 50 22 56 50 52 59 60 52 41 44 55 45 17 44 30 50 39 14 53 52 39 35 50 34 32 23 24
17 69 55 46 34 17 36 30 38 59 12 39 43 46 13 27 9 10 27 15 40 46 53 30 45 11 12 13 33 44 49 41 34 11 20 35 8 2 31 37 56 48 34 43 8 48 36 24 13 48 26 36 15 55 36 13 48 19 14 31 38 41 12 30 45 10 31 31 48 53 31 65 42 18 21 39 11 15 17 50 13 59 27 29 52 23 63 42 33 9 61 11 17 20 44 16 62 26 17 48 50 0 48 54 42 66 25 46 50 49 30 26 48 45 46 40 35 39 46 33 28 9 18 29 31 53 28 28 32 35 21 51 34 54 52 11 43 47 62 37 36 27 52 27 10 63 25 50 14 32 44 33 50 28 21 22 15 53 56 36 44 50 51 15 45 31 54 15 42 19 27 34 13 34 28 32 35 37 36 58 25 49 44 60 23 40 43 17 42 14 15 14 49 36 58 52 12 23 35 30 18 37 32 35 51 41 48 47 12 36 35 13 35 18 45 35 39 20 53 46 60 41 36 13 44 42 5 43 8 9 7 34 50 25 38 38 28 43 46 35 10 20 40 10 32 46 12 47 35 41 26 22 19 30 28 14 24 36 39 7 21 33 44 7 9 47 37 48 47 35 51 40 5 43 32 52 31 4 56 44 34 15 13 11 39 31 26 30 44 36 43 43 15 37 28 51 50 30 43 36 39 41 18 55 27 40 28 53 41 22 13 24 21 41 27 31 53 34 22 17 63 51 47 13 3 35 34 26 47 50 43 30 33 27 31 27 38 42 22 44 27 43 58 50 55 38 67 36 14 33 56 25 48 52 5 53 16 23 37 38 25 6 39 16 49 29 25 47 57 15 16 34 56 22 51 65 29 48 49 27 13 34 33 25 49 38 37 43 52 40 15 51 31 34 24 19 43 27 52 39 31 19 23 13 42 23 2 45 31 14 33 51 15 44 41 34 37 41 51 26 41 23 40 41 13 7 47 31 40 33 27 57 61 34 31 44 26 51 37 44 41 32 55 23 15 50 50 49 6 4 42 30 30 49 44 22 13 9 46 14 35 43 26 12 61 38 8 46 2 45 40 47 25 32 27 46 32 43 36 29
65 30 64 32 57 36 27 33 18 17 46 21 9 42 40 25 39 56 27 41 50 34 15 38 21 43 37 51 17 58 16 21 32 41 34 17 52 49 18 23 34 31 42 58 55 25 18 56 36 27 23 44 46 20 15 37 46 46 34 51 50 34 47 42 40 47 55 28 5 9 25 25 28 36 50 17 55 56 33 18 59 28 22 54 24 51 28 44 56 56 21 44 55 47 33 44 23 37 48 61 50 48 0 20 58 28 25 5 33 60 27 40 9 31 59 24 23 51 30 22 20 40 30 30 54 18 27 45 23 29 55 27 32 39 37 38 39 47 21 30 30 25 27 21 56 29 32 13 47 24 50 23 24 32 36 30 53 14 33 13 32 11 33 37 29 25 24 52 9 35 24 14 56 33 22 16 25 37 51 32 25 2 25 20 46 49 18 59 10 36 59 34 4 24 30 11 39 41 17 47 32 21 21 27 49 29 39 32 36 21 22 37 37 33 7 13 11 31 34 58 29 19 13 60 27 7 44 48 45 50 47 27 46 23 11 46 52 7 49 29 41 42 9 42 28 60 44 13 15 54 42 28 58 29 53 50 25 14 27 42 27 52 23 41 44 10 33 14 27 45 45 19 48 23 22 29 36 48 13 21 15 40 48 37 56 39 32 19 29 25 59 18 34 56 24 60 39 24 32 16 25 10 54 26 41 15 43 8 32 37 55 37 54 27 23 17 16 23 55 58 28 9 53 44 45 23 24 53 42 47 39 18 50 35 27 21 23 54 57 27 30 28 27 34 26 41 29 12 34 32 30 49 5 7 50 27 42 27 25 22 33 49 43 57 46 21 24 25 28 42 60 15 26 42 7 29 32 18 45 33 59 38 28 25 3 34 13 5 51 30 58 19 21 56 26 37 43 27 53 30 38 34 26 38 6 37 47 34 17 37 22 29 35 5 41 28 41 56 52 39 31 45 26 45 58 44 10 34 38 21 48 31 22 26 18 31 30 36 11 28 19 16 30 54 62 60 5 18 42 50 33 26 26 2 28 32 36 41 13 44 15 9 22 59 19 52 43 20 48 11 51 5 26 18 25 3 21 19 29 35
70 16 51 51 51 47 45 29 36 11 48 39 27 29 43 38 46 61 27 43 41 21 5 33 40 53 42 53 23 48 6 39 49 44 35 20 60 55 25 18 15 16 34 49 61 10 19 53 44 13 33 35 47 2 31 42 33 45 43 45 42 24 49 36 27 56 49 44 24 12 41 12 47 38 48 35 58 57 43 4 63 9 29 49 6 48 10 33 50 60 9 54 55 45 20 45 9 34 48 50 36 54 20 0 49 13 37 16 17 49 43 36 12 50 49 42 39 42 17 21 27 49 38 46 48 3 42 40 39 23 54 10 25 22 21 48 27 34 11 48 23 39 9 32 61 11 31 8 48 22 39 22 8 47 50 43 54 7 15 21 50 9 17 48 48 24 5 52 17 37 28 23 58 26 35 25 42 28 43 13 30 21 13 8 43 40 36 61 15 40 62 41 23 19 11 10 43 39 33 41 42 39 37 21 35 47 25 18 43 39 38 46 29 44 15 27 20 34 17 47 10 37 22 66 15 20 49 38 53 59 55 22 32 31 26 37 47 18 37 46 50 40 21 51 24 50 47 9 21 45 38 40 58 45 48 51 31 30 45 47 35 46 12 48 47 29 24 8 13 37 30 15 53 41 38 12 31 55 11 11 29 42 49 43 48 33 46 31 47 43 50 11 39 48 38 48 24 24 20 32 43 17 54 8 37 33 38 15 50 36 58 35 52 17 28 29 4 21 53 60 10 12 41 46 52 20 41 50 28 33 28 27 43 50 24 31 17 43 56 45 28 17 8 19 7 32 13 23 41 49 11 45 15 15 58 9 54 31 43 40 32 54 34 58 32 35 29 12 9 53 63 30 6 39 14 12 48 6 31 48 63 31 45 36 22 25 30 22 37 20 60 3 23 50 38 38 32 41 39 48 32 36 37 48 22 35 52 21 28 41 22 12 39 23 31 23 32 47 39 35 49 42 17 34 61 49 12 50 28 37 43 12 9 22 32 19 44 20 24 46 13 26 12 51 66 48 15 5 49 57 22 41 42 19 16 44 45 50 32 55 31 15 32 63 10 44 47 9 54 12 42 24 39 24 28 21 22 12 22 30
48 61 14 76 10 51 65 26 61 58 31 64 60 21 32 54 42 41 34 30 8 29 52 21 69 50 37 31 44 4 48 65 66 34 31 42 48 44 43 36 39 34 17 1 45 39 41 20 45 37 48 15 27 50 57 35 18 24 45 12 8 25 30 17 23 51 12 61 61 56 59 59 71 31 21 62 36 32 48 47 40 48 42 14 44 19 54 16 10 40 57 51 29 22 29 27 57 24 26 7 18 42 58 49 0 59 51 53 33 7 59 22 52 75 4 67 61 8 33 37 43 46 44 61 12 49 58 17 58 30 24 40 26 32 31 47 23 17 59 68 28 54 41 48 40 52 29 51 28 35 11 36 42 61 57 54 30 53 39 47 74 52 34 50 73 35 46 28 50 31 38 47 35 25 53 46 63 22 8 43 39 60 37 56 20 9 65 34 48 35 36 42 61 35 44 55 35 22 56 14 48 62 57 32 19 70 25 32 40 61 60 47 21 50 52 51 49 34 36 6 49 64 48 48 34 52 39 12 48 50 48 31 21 43 54 13 14 52 14 66 48 24 51 48 31 5 31 48 45 4 20 50 30 61 15 28 39 55 67 38 44 9 38 40 34 64 26 48 36 13 23 39 37 68 58 39 22 45 58 40 52 31 29 39 4 20 59 50 73 64 2 42 36 6 54 11 28 36 30 57 66 49 27 44 20 61 18 58 72 27 34 25 23 33 40 50 51 36 23 32 53 55 11 30 42 35 61 17 23 19 22 46 10 62 32 47 35 6 25 71 31 33 46 33 45 18 58 49 40 66 43 17 55 57 47 42 55 37 65 64 28 37 16 32 20 53 39 38 45 54 38 53 46 23 56 55 62 45 21 61 41 20 63 49 60 25 56 55 18 30 34 46 38 9 51 29 18 56 17 69 21 32 49 48 54 26 40 29 49 34 37 38 35 57 19 30 18 2 16 23 71 21 34 15 38 37 50 64 21 58 16 43 57 32 52 31 57 32 51 72 40 48 41 21 43 10 57 46 42 46 27 58 59 58 33 54 46 46 65 54 55 49 45 43 59 6 36 42 41 48 7 60 52 43 37 57 39 41 29 24
83 3 59 59 62 59 54 41 45 12 61 48 36 38 56 50 58 73 40 56 51 30 15 45 48 65 55 66 35 57 18 48 58 57 48 32 73 68 37 31 21 25 46 58 74 22 31 65 57 23 45 46 60 12 41 54 42 57 55 57 52 34 62 48 36 68 61 54 31 19 51 4 56 51 60 44 71 70 56 17 76 12 41 61 16 60 5 43 61 73 8 66 68 58 31 58 6 46 61 59 43 66 28 13 59 0 48 25 26 58 53 49 21 58 58 51 49 52 27 34 40 61 50 57 60 14 53 52 49 35 66 19 37 29 29 60 36 43 8 57 35 50 18 44 73 8 44 18 60 35 48 34 18 58 61 55 67 15 20 33 58 19 25 60 56 37 14 65 27 49 40 35 71 38 46 37 52 39 54 17 43 27 25 8 55 50 45 73 26 53 74 54 30 32 15 18 56 51 43 53 54 48 47 34 42 56 34 27 55 48 48 58 41 56 25 37 31 47 24 56 10 46 34 79 26 30 62 47 66 72 68 35 40 43 37 47 59 28 46 56 63 53 31 63 37 59 59 20 33 55 50 51 71 55 60 63 43 40 54 60 48 57 24 60 60 37 36 19 24 48 37 27 66 50 48 20 43 68 15 23 39 54 62 56 58 45 57 43 55 52 59 24 51 59 49 57 32 37 30 42 52 28 67 15 49 42 50 20 59 48 70 48 65 29 40 40 14 34 65 72 6 20 50 59 64 32 51 62 37 42 37 39 55 61 37 43 30 53 68 53 41 28 13 27 14 43 2 34 53 59 17 57 24 22 70 17 66 44 52 49 45 66 44 70 41 46 42 23 14 65 76 40 13 52 21 5 58 19 40 59 76 42 55 48 28 36 39 31 45 31 73 16 36 61 50 50 41 52 47 57 44 49 49 60 31 48 65 31 40 54 34 21 52 32 41 36 43 57 46 48 58 54 29 44 73 61 22 60 38 47 55 16 7 34 43 29 56 28 34 54 26 38 19 64 79 57 23 18 62 70 32 51 52 27 27 56 58 62 40 67 41 26 44 76 10 54 60 21 66 23 52 32 50 36 40 30 35 25 34 43
42 51 61 26 46 12 15 27 13 39 28 15 19 43 22 3 17 34 19 25 45 39 34 31 21 19 18 33 15 52 32 17 16 22 20 19 29 26 13 25 46 39 36 51 32 35 20 41 13 37 5 39 30 38 11 19 47 31 12 41 44 36 29 34 42 23 44 10 24 32 8 46 21 21 35 15 35 37 9 33 38 44 11 42 38 37 47 42 45 34 42 20 37 32 37 28 43 27 32 56 51 25 25 37 51 48 0 24 41 56 9 30 28 24 54 18 11 45 37 21 12 17 9 11 43 35 8 35 8 27 39 39 30 46 44 15 40 47 43 17 30 4 40 5 35 47 23 31 29 21 47 21 37 12 13 7 35 34 45 16 24 30 42 13 23 21 39 34 22 21 15 14 36 30 4 13 13 35 44 46 14 26 33 41 33 44 18 39 23 19 39 13 25 25 45 32 20 30 10 38 8 13 8 27 50 20 43 38 16 12 11 13 34 9 25 12 18 17 44 53 45 17 15 37 34 20 23 45 21 27 23 26 48 9 14 41 40 22 47 15 17 28 18 18 25 54 26 29 17 48 32 4 40 11 40 32 13 11 17 21 8 43 32 20 25 22 32 30 36 39 48 25 28 19 8 40 30 25 35 31 10 23 30 17 48 32 11 6 22 14 52 28 17 47 4 57 44 19 36 11 16 21 37 41 31 15 33 31 22 25 35 27 38 31 13 9 35 22 39 40 46 30 50 26 23 24 11 40 44 49 40 11 42 15 23 6 27 49 41 22 22 33 43 42 41 38 49 15 14 16 44 36 26 30 27 40 18 15 14 14 24 29 40 38 47 5 13 35 43 18 40 10 41 29 30 48 13 32 47 13 37 34 13 2 25 34 13 20 52 33 39 34 18 45 2 23 42 6 53 19 32 20 2 14 19 25 25 38 9 19 20 40 18 20 40 26 37 49 52 29 21 32 30 43 37 23 27 15 38 9 37 45 43 26 7 35 9 43 15 22 27 11 43 39 40 56 28 32 20 26 35 8 9 26 34 8 13 18 21 20 11 23 7 37 41 45 23 32 26 26 46 23 2 14 16 22 19 28 29 28
63 28 59 35 53 35 30 29 20 15 43 24 12 37 37 25 37 54 23 38 45 29 11 34 25 42 35 49 14 53 11 24 34 38 31 13 51 47 15 18 29 26 37 53 54 20 13 52 34 22 22 39 43 17 17 35 41 42 33 47 46 30 44 38 35 46 51 29 10 8 26 23 32 33 46 20 52 53 32 13 57 24 19 49 19 47 25 39 52 53 18 43 52 43 28 41 20 33 45 56 45 46 5 16 53 25 24 0 28 55 29 36 4 34 54 27 25 46 25 17 18 39 28 32 50 14 28 41 24 24 51 22 27 34 32 37 34 42 19 33 25 26 22 20 54 26 29 9 44 19 45 18 19 33 37 31 50 11 28 10 35 7 28 37 32 21 19 49 5 32 21 12 53 28 22 14 28 32 46 27 22 7 20 18 42 44 21 56 6 34 56 32 9 19 26 8 36 38 18 43 31 24 22 22 44 32 34 27 34 24 24 36 33 33 2 13 8 28 29 53 25 22 10 59 22 5 42 44 44 49 46 23 41 21 12 41 47 3 44 32 40 38 7 41 24 55 41 9 11 49 37 28 55 31 49 47 23 15 30 40 25 48 18 39 41 14 28 9 22 40 40 14 46 26 23 24 32 47 11 16 15 37 45 35 51 35 33 19 32 28 54 13 32 51 25 56 34 20 27 18 28 6 51 22 36 18 39 8 35 33 52 34 50 22 20 16 13 19 51 56 24 6 48 41 44 19 26 50 37 42 34 16 46 37 23 20 19 49 54 30 26 23 23 29 22 36 26 10 32 34 26 45 3 6 49 22 42 24 28 24 30 47 38 54 41 22 22 20 24 41 58 16 21 38 6 26 34 14 40 34 56 33 30 24 8 29 15 6 46 25 56 14 18 52 26 33 38 28 48 33 34 31 25 37 7 33 45 29 16 35 18 24 33 8 36 24 36 51 47 35 34 41 21 40 55 42 5 35 33 22 43 26 19 22 18 26 31 31 10 31 14 15 26 50 60 55 5 13 40 48 28 27 27 6 23 32 35 40 17 43 16 5 21 57 17 48 40 15 46 6 46 9 26 15 21 6 17 14 25 31
64 28 34 61 37 49 52 21 45 27 41 48 39 13 38 43 44 55 25 37 25 5 22 23 51 52 39 46 27 32 19 49 56 39 30 24 57 52 28 17 8 3 22 33 57 8 21 42 44 6 37 21 39 18 40 37 17 36 43 32 27 10 42 25 11 55 36 50 37 27 47 27 56 33 38 44 51 49 45 17 56 15 31 37 12 37 21 18 37 54 25 53 47 36 7 37 25 25 40 34 19 50 33 17 33 26 41 28 0 32 49 27 25 60 33 51 47 27 4 21 30 47 39 51 35 19 48 29 45 16 44 8 16 6 5 47 11 17 27 56 14 44 9 36 54 19 25 22 40 20 23 21 10 52 53 47 46 23 7 28 60 24 2 49 58 22 14 44 26 32 27 29 51 17 41 30 50 15 29 11 30 34 9 24 33 25 47 52 24 36 54 40 37 17 11 26 39 30 40 29 44 47 44 16 18 56 8 4 41 47 46 46 17 46 27 34 28 31 4 31 16 47 29 61 8 30 45 22 52 57 53 17 15 33 35 22 35 28 21 54 49 32 30 50 19 34 40 20 26 29 27 43 49 51 36 43 31 38 53 43 36 32 11 44 42 42 14 20 6 24 13 17 47 51 44 6 20 52 28 13 36 36 42 41 33 22 51 37 57 50 34 16 36 34 43 32 7 22 7 41 52 26 45 11 27 43 27 30 59 29 50 27 42 10 29 35 20 20 43 51 20 27 24 39 48 18 48 38 11 17 12 31 30 55 20 35 15 28 46 56 23 8 14 2 12 18 25 30 39 55 10 34 29 30 55 10 55 30 51 48 26 48 19 50 16 41 29 8 13 54 55 37 13 30 29 22 53 15 15 53 56 19 51 40 35 13 39 33 20 10 53 16 24 36 42 31 16 46 22 56 22 31 41 48 32 28 48 6 34 37 22 6 36 35 16 17 19 31 22 26 58 32 12 19 54 44 24 56 14 44 32 10 25 17 38 7 49 3 32 56 16 32 8 41 60 32 30 16 46 54 9 47 48 33 8 48 45 49 44 55 39 25 35 57 27 29 43 13 49 22 26 37 43 27 27 34 23 16 14 22
55 60 7 80 17 57 70 30 65 59 37 68 63 21 39 58 48 48 38 36 11 29 52 25 73 56 43 38 47 5 49 70 71 40 36 45 55 50 47 38 38 34 20 6 52 39 43 27 51 37 52 18 34 50 60 41 17 30 50 18 12 26 37 22 23 57 19 66 64 57 63 59 76 37 28 65 43 39 54 47 47 47 47 21 44 26 53 16 17 47 57 57 36 29 29 34 57 29 33 2 15 49 60 49 7 58 56 55 32 0 64 27 54 79 3 71 66 11 33 40 47 52 49 66 19 50 63 22 63 32 31 40 29 30 30 53 23 15 59 73 30 59 41 52 47 51 33 52 35 38 11 39 42 66 63 59 37 53 38 50 79 53 34 56 78 38 46 35 52 36 42 50 42 28 57 49 68 24 13 42 43 62 37 56 26 12 69 41 50 40 43 47 64 37 43 56 41 27 60 20 54 66 61 34 16 75 24 32 46 66 65 52 24 55 54 55 51 40 35 3 48 68 51 55 35 55 45 12 54 57 55 34 19 47 58 15 21 54 13 71 54 30 54 55 34 4 38 49 48 9 25 55 37 66 22 35 44 59 72 44 49 16 39 47 40 67 28 49 36 17 21 41 44 72 62 38 26 52 59 41 56 37 36 45 11 24 64 54 77 68 7 44 42 13 59 4 27 39 30 61 71 51 34 43 25 64 24 60 77 32 41 30 30 34 44 54 51 39 30 39 52 57 8 37 48 38 66 24 21 17 22 50 16 67 35 51 37 8 32 76 35 33 46 32 44 20 57 52 46 71 42 24 57 59 53 42 61 42 69 68 32 44 17 39 18 58 44 38 45 60 45 57 45 28 58 54 67 45 19 66 48 24 68 54 62 26 60 58 14 31 41 47 42 16 56 34 18 61 13 74 25 37 54 54 57 31 47 29 53 40 40 38 41 60 19 33 20 8 12 28 76 27 35 15 45 43 52 70 23 62 22 42 57 34 57 31 62 31 54 76 42 51 40 28 50 3 58 46 48 52 28 63 64 61 34 59 52 52 68 60 59 51 50 50 59 12 43 42 47 50 10 63 57 47 41 60 42 43 31 28
45 56 69 18 54 14 7 36 11 43 35 10 20 52 30 6 22 38 27 32 54 47 39 40 16 21 25 39 22 61 38 12 8 29 29 26 31 30 21 33 53 47 45 60 36 43 28 48 18 44 13 48 37 44 13 26 56 39 17 49 53 44 36 43 50 24 52 2 25 36 3 51 13 29 43 13 40 42 14 40 43 51 19 50 44 44 52 51 53 39 46 21 43 40 45 35 48 36 39 64 59 30 27 43 59 53 9 29 49 64 0 38 33 17 62 12 6 54 45 29 20 21 16 4 51 41 2 43 5 36 46 46 38 54 52 19 48 55 47 9 38 5 47 13 40 53 32 36 36 30 55 29 44 5 11 8 41 39 52 22 16 35 50 16 16 29 46 41 27 29 23 21 41 39 9 20 5 44 52 53 22 28 40 46 41 53 15 45 29 26 44 19 27 33 52 36 27 38 11 46 13 9 7 35 59 12 51 46 22 8 7 18 42 13 29 17 24 25 51 61 52 13 21 40 41 24 28 54 24 28 26 35 56 18 17 50 48 26 56 7 21 36 23 21 33 63 33 35 24 56 40 10 46 2 48 39 21 14 10 27 16 51 39 25 31 22 41 36 43 47 56 33 33 14 6 48 39 29 39 38 15 31 37 23 56 41 5 13 15 6 61 35 24 55 6 66 52 28 44 12 9 27 44 47 39 14 42 35 14 33 41 35 45 39 22 15 40 30 46 45 52 34 59 33 28 32 5 48 52 57 49 18 50 9 32 14 35 57 47 15 31 41 50 50 48 47 54 21 21 7 51 44 30 33 30 47 18 23 7 9 32 34 49 43 56 9 22 42 50 18 45 14 48 38 34 53 6 39 56 6 41 42 4 10 27 42 15 23 61 41 44 41 26 54 9 31 51 4 62 11 40 28 10 17 23 34 30 46 16 27 28 47 25 23 49 35 46 58 61 37 13 40 38 52 42 29 32 7 46 7 45 52 47 34 11 44 5 51 20 15 34 18 50 46 44 65 32 39 25 30 44 2 2 29 42 8 18 21 20 20 13 29 15 41 45 54 29 39 31 32 54 24 8 22 25 25 27 35 38 37
38 51 32 55 18 31 44 8 40 45 15 43 40 21 14 32 22 29 14 12 17 22 37 5 48 31 17 19 24 23 33 44 45 16 10 24 33 28 23 19 34 26 9 22 32 28 23 18 25 27 26 12 13 38 36 15 22 10 24 12 15 17 16 6 20 33 16 39 42 40 37 48 50 10 12 41 25 23 27 33 30 39 22 15 33 12 44 17 17 28 44 32 20 10 20 11 45 3 13 27 26 26 40 36 22 49 30 36 27 27 38 0 36 53 25 46 40 16 24 19 22 26 23 39 15 36 37 6 37 14 18 30 12 30 28 27 19 22 46 47 14 33 32 27 28 43 8 36 14 17 19 18 31 40 36 33 20 38 33 28 53 36 28 30 52 15 35 18 31 10 18 27 24 11 31 25 42 13 15 37 17 42 24 43 7 16 45 26 31 14 28 21 43 18 37 39 16 3 35 9 27 41 36 16 26 49 23 24 20 40 39 26 10 29 35 31 30 13 30 24 40 43 28 36 23 34 21 18 30 33 31 14 25 22 34 13 13 34 21 44 28 6 32 29 13 25 15 33 26 19 3 29 23 39 13 16 18 34 46 20 22 14 25 22 17 44 14 33 25 10 26 23 22 47 36 31 7 29 43 26 32 12 15 19 19 6 38 29 51 43 23 27 15 18 33 29 26 17 20 36 45 30 19 35 2 40 4 42 51 5 24 3 17 20 19 29 37 18 17 25 44 39 23 14 24 18 40 15 22 24 18 25 13 41 14 26 20 20 20 50 11 21 38 27 35 13 48 29 20 44 35 10 38 41 31 33 35 16 43 42 7 22 14 23 24 32 18 26 37 34 29 32 36 4 40 46 41 31 24 40 30 9 42 28 42 14 36 36 27 18 26 34 19 17 29 8 18 34 27 48 6 10 28 28 35 5 24 21 28 14 18 29 15 38 16 13 12 20 26 1 50 6 20 17 27 20 34 43 15 37 9 36 45 15 31 21 36 27 31 51 25 27 33 16 34 28 40 32 24 30 18 37 38 41 23 33 26 27 45 35 35 32 24 31 45 16 18 28 25 32 17 41 31 23 16 39 20 26 15 6
65 24 57 39 52 39 34 29 24 12 45 28 16 35 39 29 39 56 24 40 44 27 7 34 28 45 37 50 16 52 8 28 38 40 32 14 54 49 18 17 26 23 37 52 56 18 14 53 37 20 25 38 45 13 21 37 39 43 36 47 45 28 46 37 33 49 51 33 13 5 30 19 36 35 47 24 54 54 35 10 59 20 22 50 16 47 21 38 52 55 14 46 53 44 26 42 16 33 46 55 43 48 9 12 52 21 28 4 25 54 33 36 0 38 53 31 29 45 23 18 20 42 31 36 50 10 32 41 28 24 52 19 27 31 30 40 32 40 15 37 25 30 19 24 56 22 29 5 45 20 44 19 16 37 40 34 52 7 25 13 39 3 25 40 36 21 16 50 7 33 22 15 55 28 26 17 32 31 46 24 24 10 17 14 42 43 25 58 6 35 58 34 12 18 22 5 38 38 22 43 34 28 26 22 42 36 32 24 37 28 28 39 32 36 4 17 10 30 26 51 21 26 13 61 20 9 44 42 47 52 49 22 39 24 16 40 48 7 42 36 43 39 10 44 24 54 43 5 13 48 38 31 56 34 49 48 25 19 34 42 28 48 16 42 43 18 27 6 20 40 37 14 48 30 27 21 31 49 8 14 19 38 46 38 51 34 37 22 36 32 53 11 34 51 28 54 31 20 25 22 32 8 52 18 37 22 39 6 39 34 54 34 51 20 22 20 9 19 52 57 20 4 46 43 46 19 30 50 34 40 33 19 46 40 23 23 18 48 55 34 26 21 19 27 18 35 22 14 35 38 22 45 4 6 51 19 45 26 32 28 30 49 37 55 39 25 24 18 20 45 60 19 18 38 4 22 38 10 38 38 58 33 34 27 10 28 19 10 44 24 57 11 19 51 29 35 37 32 46 37 33 32 29 40 11 33 47 26 19 36 18 21 35 12 35 23 35 50 45 35 38 41 19 39 57 44 2 39 32 26 44 23 15 21 22 24 35 28 13 35 13 18 22 51 62 54 5 10 43 51 26 31 31 8 21 35 38 43 21 47 20 5 24 59 14 47 42 13 48 4 45 13 30 17 23 10 18 12 24 31
60 60 84 2 70 29 10 50 15 46 51 12 23 65 46 22 38 54 42 48 68 59 45 54 10 36 41 55 34 76 45 11 11 45 44 37 45 45 33 45 62 57 59 75 51 52 39 64 34 54 28 62 53 50 20 43 69 55 33 65 68 57 52 58 63 38 67 15 27 40 17 54 4 45 59 16 56 58 30 47 58 58 33 65 53 60 58 65 69 54 51 36 59 56 57 51 53 51 55 79 73 45 31 50 75 58 24 34 60 79 17 53 38 0 77 9 14 69 56 41 33 36 32 17 67 47 18 59 17 49 62 55 52 65 64 34 61 69 50 9 51 21 56 27 55 59 47 42 52 43 70 42 52 18 25 24 57 44 61 32 2 41 60 31 2 42 53 57 34 45 37 31 57 52 23 31 12 57 67 61 37 31 51 51 57 68 14 61 37 42 59 35 28 45 60 41 43 54 20 61 29 13 18 48 72 5 63 57 38 14 15 33 56 29 35 26 32 41 61 76 59 13 31 55 52 31 44 68 39 43 41 48 69 32 25 64 64 33 70 11 36 52 31 36 47 78 49 42 34 71 55 26 62 16 64 55 36 22 8 44 32 67 49 41 47 21 54 43 54 62 69 43 49 9 18 57 54 44 43 48 24 47 53 39 72 56 20 25 3 11 76 44 40 71 21 80 64 41 56 19 9 35 60 56 55 18 57 38 5 49 57 50 61 51 36 26 46 43 62 61 58 39 73 49 43 44 14 64 65 70 62 30 65 20 45 28 46 72 63 5 45 52 57 61 55 61 59 30 37 12 59 60 35 37 45 55 32 38 10 12 47 50 63 59 69 22 36 52 57 31 60 24 55 53 38 59 17 47 69 19 57 56 13 26 30 55 22 28 74 53 60 48 39 69 25 47 64 20 75 7 55 44 26 33 29 49 45 58 28 43 40 57 41 27 62 48 60 73 74 53 4 56 49 66 57 45 39 16 60 17 60 60 52 47 23 55 20 62 28 4 44 29 59 62 59 80 36 46 41 45 56 17 16 32 53 24 34 37 18 34 22 36 30 56 48 69 45 48 46 39 69 27 23 34 39 29 39 44 50 51
52 60 10 78 14 55 68 28 64 59 34 66 61 21 36 56 45 45 36 33 9 28 52 23 71 54 40 35 46 2 48 68 69 38 34 44 52 48 45 37 38 34 19 3 49 39 42 24 48 37 50 16 31 50 59 38 17 27 48 15 10 26 34 20 23 54 16 63 62 57 61 59 73 34 25 64 40 36 51 47 44 47 45 18 43 23 53 16 14 44 56 55 33 26 29 31 57 27 30 3 16 46 59 49 4 58 54 54 33 3 62 25 53 77 0 70 64 9 33 39 45 49 47 64 16 50 61 20 61 31 28 40 28 31 30 50 23 16 58 71 29 57 41 50 44 51 31 51 32 37 10 38 42 64 60 57 34 53 38 49 77 52 34 53 76 36 46 32 51 34 40 49 39 27 55 48 66 23 10 42 41 61 37 55 24 10 68 38 49 38 40 45 63 36 43 55 39 25 59 17 51 65 59 33 17 73 25 31 43 64 63 50 22 53 53 53 50 37 35 3 48 67 49 52 35 54 43 12 52 54 52 32 19 45 56 14 18 53 13 68 51 27 52 52 32 1 35 49 47 6 23 53 34 63 19 32 42 57 70 41 46 13 38 44 37 65 27 48 36 15 22 40 41 70 60 39 24 49 58 40 55 34 33 43 8 22 62 53 75 66 4 43 39 10 57 7 27 38 30 59 69 50 31 44 23 63 21 59 75 30 38 27 27 33 42 52 51 37 27 36 52 56 9 34 45 36 64 21 22 18 22 48 13 65 34 50 36 6 29 74 33 33 46 32 45 19 57 51 44 68 42 21 56 58 50 42 58 39 67 66 30 41 16 36 18 56 42 38 45 57 42 55 46 26 57 54 65 45 19 64 45 22 66 52 61 25 58 56 16 30 38 47 40 13 54 32 18 58 14 72 23 35 52 52 56 29 44 29 51 37 39 38 39 59 19 31 19 5 14 25 74 24 34 15 42 40 51 67 22 60 19 42 57 33 55 31 60 31 53 74 41 50 40 25 47 6 58 46 46 50 28 61 62 60 34 57 49 50 67 57 57 50 48 47 59 9 40 42 44 49 9 61 55 45 39 59 40 42 30 26
56 53 76 10 63 25 6 42 7 40 45 4 15 57 39 15 33 50 34 42 61 51 38 47 5 32 35 49 25 68 37 3 10 39 37 29 42 41 25 37 54 49 52 68 47 45 31 58 29 46 20 54 47 43 12 36 61 48 28 57 60 49 46 50 55 35 60 11 20 33 11 48 6 38 52 8 51 53 25 39 53 50 25 59 45 54 51 57 62 49 44 32 54 49 49 45 46 44 49 72 65 40 24 42 67 51 18 27 51 71 12 46 31 9 70 0 7 61 48 33 25 31 26 13 60 40 12 51 10 41 56 47 44 57 56 29 53 61 44 8 43 15 48 20 50 52 39 35 46 35 62 34 44 14 21 18 51 37 53 24 9 34 52 27 7 34 45 51 26 38 30 23 52 44 15 23 7 49 60 53 29 24 43 44 50 60 7 56 29 36 55 29 22 37 52 33 37 47 12 54 24 5 11 40 64 5 55 49 32 6 7 29 49 24 28 18 24 34 53 69 51 5 23 51 44 23 39 61 35 39 37 40 61 25 17 56 57 25 62 8 32 45 23 32 39 70 43 34 26 64 48 20 56 12 57 49 29 14 4 38 25 59 41 36 41 15 46 35 46 55 61 35 44 3 10 49 46 40 36 39 16 40 47 33 65 48 16 18 6 6 69 36 34 63 14 73 56 33 48 11 3 27 54 48 47 10 50 31 8 41 52 43 55 43 28 18 39 35 56 56 51 31 66 43 39 36 8 57 57 63 54 22 58 17 37 20 38 64 58 5 37 44 49 53 48 53 52 22 31 11 51 53 28 30 41 47 29 31 5 4 40 45 55 54 61 14 28 44 50 28 56 15 47 46 31 52 14 39 60 16 53 49 9 19 23 47 13 21 66 45 55 40 31 62 18 40 56 15 67 7 47 37 19 29 21 42 41 50 20 37 33 49 35 20 54 40 52 65 66 45 7 49 41 58 53 40 31 14 52 10 53 52 45 39 15 47 16 54 20 5 36 21 51 56 55 72 29 39 36 41 48 12 10 25 45 20 29 33 12 31 14 28 22 52 42 61 39 40 42 31 62 20 17 26 31 21 31 36 43 44
51 52 71 15 57 19 6 37 5 39 39 5 15 52 33 9 27 44 28 36 55 46 36 41 11 26 28 43 21 62 35 7 10 33 31 24 37 35 20 32 51 45 46 62 41 41 26 51 23 42 14 49 40 41 8 30 56 42 22 51 54 44 40 45 50 30 54 6 20 31 5 47 10 32 46 7 45 47 18 37 48 48 20 52 42 48 49 52 56 44 42 27 47 43 44 39 44 38 43 66 59 35 23 39 61 49 11 25 47 66 6 40 29 14 64 7 0 55 44 28 20 26 19 9 53 38 7 45 4 36 50 43 38 53 51 24 48 55 43 9 38 9 44 14 45 50 33 33 40 29 56 29 41 10 17 13 45 35 50 20 14 32 48 21 13 29 43 45 24 31 24 19 46 39 9 18 3 44 54 50 23 23 38 42 43 54 9 50 26 29 49 23 22 32 49 32 31 40 8 48 18 3 5 35 59 10 51 45 26 2 1 23 43 18 26 14 21 27 50 63 49 7 19 46 40 21 33 55 29 34 31 34 56 19 13 51 51 23 57 7 26 39 20 26 33 64 37 32 22 58 42 14 50 8 51 43 23 11 7 32 18 53 37 30 35 16 41 33 42 49 56 31 38 9 4 46 40 34 35 36 12 34 41 27 59 42 11 12 12 4 63 32 27 57 8 67 51 28 43 7 5 24 48 45 41 9 44 30 12 35 46 37 49 38 22 13 37 30 50 50 49 30 60 37 33 31 2 51 52 57 49 17 52 14 32 15 34 59 51 11 32 40 47 49 45 47 50 18 24 10 48 47 26 29 35 44 24 25 4 3 34 39 49 48 56 8 22 40 47 23 49 11 45 40 29 50 10 36 55 12 47 43 6 13 22 42 11 19 61 40 49 38 26 56 12 34 51 9 62 9 42 31 13 23 19 36 34 45 14 30 27 45 28 18 49 35 47 60 61 39 11 43 37 52 46 34 29 12 46 4 47 49 43 34 10 43 10 50 17 11 32 16 47 50 49 66 27 36 29 35 43 6 5 24 40 14 22 27 14 26 10 26 16 46 41 55 33 36 36 29 56 19 11 21 25 20 26 33 37 38
47 54 17 70 12 47 59 19 55 52 28 58 53 15 28 48 38 40 28 26 2 22 45 15 62 46 33 30 37 8 41 59 61 30 25 35 46 41 37 29 33 27 10 8 44 32 34 21 40 30 42 8 25 43 50 30 13 21 40 10 1 19 28 11 17 47 12 55 54 49 53 52 65 26 20 55 35 31 43 39 39 41 36 13 37 18 47 9 12 39 50 47 28 20 22 24 50 18 24 11 14 39 51 42 8 52 45 46 27 11 54 16 45 69 9 61 55 0 26 30 36 42 38 55 12 43 52 12 52 23 23 33 19 26 25 43 16 12 52 62 21 49 34 42 39 45 22 44 26 28 6 29 35 55 52 48 29 46 33 40 68 45 28 46 67 28 39 27 43 26 32 40 34 19 47 39 57 15 4 37 32 53 29 49 17 3 59 33 41 30 36 37 54 28 37 48 31 17 50 10 43 56 51 25 15 64 19 25 35 55 54 42 14 45 45 45 42 29 30 8 42 58 41 47 28 45 36 6 44 47 45 24 16 37 48 6 13 45 9 60 44 20 44 45 24 10 28 41 38 4 14 45 30 55 14 26 33 48 61 34 38 8 31 37 30 57 19 41 29 7 18 32 35 62 51 33 16 42 51 33 46 26 27 35 7 13 53 44 66 58 9 35 31 8 49 13 22 29 23 51 60 42 26 37 15 54 13 51 66 21 33 19 22 26 33 44 43 29 22 32 46 48 9 27 39 28 55 16 17 15 15 39 7 57 25 41 28 4 25 65 24 25 40 26 38 11 51 42 35 60 36 14 48 50 44 35 51 31 59 57 22 35 8 31 15 47 33 31 39 50 37 47 39 18 49 48 57 38 15 55 40 13 57 44 53 18 50 48 15 23 34 40 31 11 45 24 11 50 14 63 14 26 44 44 47 20 37 22 42 30 30 31 31 50 12 23 11 6 13 17 66 17 27 8 37 33 43 59 15 52 13 37 50 25 46 24 52 26 44 66 33 41 34 20 43 12 50 39 38 43 21 52 54 51 27 49 41 42 58 50 49 42 39 42 52 3 33 35 38 41 1 53 47 36 30 50 32 34 22 18
60 29 35 57 36 45 49 17 41 27 38 44 35 13 34 39 40 51 21 33 25 5 20 20 47 48 35 43 24 31 17 45 52 36 26 20 53 48 24 13 11 3 20 33 53 7 18 40 40 4 33 19 36 17 36 34 17 33 39 30 26 8 39 22 11 51 35 46 34 26 43 27 53 29 35 41 48 46 41 15 53 16 27 34 12 35 22 18 35 50 25 49 44 33 5 34 25 22 37 34 20 46 30 17 33 27 37 25 4 33 45 24 23 56 33 48 44 26 0 17 26 43 35 48 34 18 44 26 42 12 41 8 13 10 8 43 10 18 27 52 11 40 9 32 51 21 22 20 37 16 23 17 9 48 49 43 43 21 10 24 56 22 6 45 54 18 14 41 23 28 23 26 48 13 37 26 46 13 27 13 26 32 6 24 30 24 44 49 21 32 51 36 34 13 13 24 35 27 37 27 40 43 40 12 19 52 9 2 37 43 43 42 15 42 24 30 24 27 8 31 17 44 25 58 4 27 42 21 48 53 50 13 16 29 32 21 33 25 21 50 45 29 26 46 15 34 37 18 22 29 25 39 46 47 34 40 27 34 50 39 32 31 8 41 38 39 10 17 4 22 15 13 44 48 41 8 17 49 26 10 32 32 38 37 32 20 47 33 54 47 34 13 32 33 40 32 9 18 4 37 48 23 42 12 24 39 25 28 55 25 47 24 40 6 25 31 19 16 40 48 21 25 25 36 45 14 44 36 12 18 11 27 28 51 16 31 11 28 43 52 19 4 15 6 13 16 26 26 35 51 12 31 26 28 51 10 51 26 47 45 22 44 18 47 17 37 25 6 14 50 52 33 14 27 26 23 50 13 16 49 53 16 48 36 33 10 35 30 22 6 49 15 20 35 38 28 15 42 23 52 19 27 37 44 29 24 44 4 30 33 18 6 32 32 15 13 17 31 23 23 54 29 8 19 50 40 21 52 12 40 29 13 25 13 34 3 45 7 28 53 13 28 10 38 57 32 27 14 43 50 6 43 44 30 4 44 41 45 41 51 35 22 31 54 27 28 39 11 46 20 26 34 39 23 23 31 19 13 10 18
49 37 44 43 36 29 33 12 27 28 28 30 23 24 23 23 26 40 7 23 30 19 21 17 34 33 22 33 8 37 17 31 36 24 15 6 40 35 9 4 26 19 21 37 41 16 4 35 25 17 17 23 27 22 22 21 28 26 24 30 30 16 29 21 22 36 34 30 25 22 27 32 38 18 29 27 38 37 25 17 43 26 11 32 20 30 30 25 35 39 28 34 36 26 17 25 30 16 29 40 32 33 22 21 37 34 21 17 21 40 29 19 18 41 39 33 28 30 17 0 10 29 19 32 33 20 28 24 26 8 35 19 11 26 24 28 20 28 30 36 10 24 20 16 40 30 12 18 28 2 30 1 18 32 32 27 34 21 25 11 42 19 22 29 40 4 22 33 14 16 8 11 38 12 21 10 31 17 30 26 10 24 13 28 25 29 30 41 13 20 42 21 25 5 26 22 22 21 22 26 24 29 24 7 31 37 23 18 22 28 27 27 17 26 17 16 12 14 23 37 28 29 11 46 13 16 29 29 34 39 35 7 29 12 18 25 30 16 30 35 31 21 14 32 7 39 26 15 9 33 20 23 39 31 32 31 11 20 35 27 17 31 12 27 27 27 13 16 16 24 28 7 32 34 25 21 15 35 25 12 18 21 29 23 35 18 31 17 39 31 38 10 18 34 24 41 24 3 15 23 33 13 35 22 19 25 22 24 40 16 37 17 34 11 9 16 20 2 35 40 30 21 33 26 31 4 29 33 24 30 21 12 29 35 6 15 6 33 37 38 9 13 25 22 23 21 34 13 21 36 25 28 20 23 37 21 35 11 32 30 13 33 23 38 28 21 10 15 25 34 43 18 23 21 22 32 33 15 28 33 42 17 32 20 24 15 21 19 33 13 40 18 3 35 22 17 24 26 34 37 17 15 21 29 18 16 32 18 14 20 1 20 19 21 22 8 20 35 34 18 39 24 10 25 40 28 16 36 19 25 26 25 29 6 19 15 29 23 15 38 8 13 23 33 46 40 22 16 29 37 15 27 28 23 14 28 26 30 29 36 20 14 15 43 29 31 27 14 33 14 30 24 23 8 7 21 3 10 10 14
45 42 51 34 40 20 24 18 19 32 26 22 19 33 20 14 20 36 9 22 36 28 25 22 27 26 17 32 5 44 22 23 27 21 15 8 34 30 3 14 35 28 27 43 36 25 10 37 18 25 8 30 27 29 14 18 37 27 16 34 36 25 27 26 31 29 37 21 22 25 18 38 30 17 31 19 35 36 17 24 39 34 2 36 27 32 37 32 38 36 33 27 35 28 26 25 35 19 29 47 40 28 20 27 43 40 12 18 30 47 20 22 20 33 45 25 20 36 26 10 0 22 11 22 36 26 19 27 17 17 36 28 19 35 33 21 29 36 35 27 19 15 29 7 37 37 15 23 27 10 37 10 26 23 24 17 33 25 34 9 33 22 31 21 32 10 29 32 14 15 5 7 36 20 12 5 22 25 35 35 5 22 21 33 27 35 23 39 15 16 39 15 23 14 34 25 19 23 14 30 15 20 15 16 40 29 32 27 17 20 19 19 24 17 18 10 11 12 33 44 35 22 8 41 23 14 24 36 27 33 29 15 37 4 13 32 34 15 37 26 24 23 12 24 14 46 24 20 8 39 24 14 38 22 34 30 6 13 26 22 9 35 21 22 24 23 22 21 25 30 37 15 29 26 16 30 21 29 28 20 10 20 28 18 40 24 22 8 31 23 44 17 14 39 14 48 33 9 25 15 25 13 35 30 23 18 26 25 31 18 35 19 34 20 4 8 26 11 35 39 37 23 41 24 26 13 20 35 33 38 30 4 34 26 13 6 16 40 38 29 13 22 33 31 31 28 40 9 15 26 33 30 20 24 32 29 27 7 23 22 16 30 30 37 37 12 4 24 33 26 40 11 31 23 24 39 24 22 36 24 39 24 23 11 22 23 14 16 42 22 38 25 7 39 13 18 32 17 43 29 23 14 11 21 15 18 27 27 6 17 9 29 15 18 30 16 27 41 42 21 30 26 19 33 38 24 19 26 27 16 30 34 34 15 10 24 20 32 11 30 16 6 32 35 42 47 22 22 23 31 24 18 19 22 23 19 19 23 23 28 13 15 5 39 33 37 23 21 29 18 37 21 14 4 6 19 8 17 18 19
26 64 58 37 39 8 27 28 29 53 17 30 35 46 14 18 5 19 23 17 42 44 47 30 36 5 10 20 26 48 44 32 25 12 19 29 13 10 25 32 53 46 34 47 16 44 31 30 5 44 18 38 20 50 27 12 48 23 6 35 41 40 18 32 45 8 36 22 39 46 22 59 33 17 26 30 20 23 8 45 22 55 20 34 48 28 58 42 38 18 55 6 24 24 42 19 56 26 22 51 51 9 40 49 46 61 17 39 47 52 21 26 42 36 49 31 26 42 43 29 22 0 11 20 35 47 19 30 23 32 28 47 33 52 50 2 43 47 56 28 34 18 49 19 19 58 23 44 19 28 45 28 46 19 13 13 22 47 52 29 35 44 49 6 36 27 50 22 35 18 22 27 21 33 20 25 26 37 39 55 19 42 41 54 26 42 34 25 36 13 24 8 41 32 54 46 11 25 26 33 9 28 23 32 51 32 47 44 7 27 26 4 35 9 39 27 32 17 51 49 56 32 29 21 41 35 9 44 5 11 8 31 50 18 30 39 33 36 47 26 2 22 32 3 29 50 15 41 29 44 28 13 26 21 33 20 18 27 30 9 14 37 40 6 13 38 36 42 43 36 51 35 13 34 23 49 31 9 49 40 26 16 19 8 43 31 17 22 35 27 47 38 12 41 19 54 49 26 41 27 30 34 25 51 28 31 29 46 33 22 21 24 28 38 21 24 47 29 28 26 58 44 49 16 8 31 25 32 47 50 43 23 37 18 28 20 34 45 29 35 25 40 53 48 51 38 61 29 9 25 53 29 41 44 11 49 9 19 28 29 24 14 39 24 49 21 20 43 53 9 25 26 51 24 44 60 20 43 49 19 22 34 24 16 41 37 29 35 52 38 24 46 26 38 15 19 43 18 53 30 31 18 15 4 34 23 10 43 23 13 28 48 13 36 41 31 37 45 52 26 32 26 37 42 22 10 40 22 40 24 31 54 55 31 23 41 17 49 30 35 36 25 51 29 24 53 43 44 5 10 40 21 21 41 41 13 4 2 37 9 27 37 18 21 54 41 10 42 11 39 43 39 16 25 22 38 27 38 34 29
35 53 54 34 39 10 22 22 22 42 20 23 25 39 14 11 9 27 15 17 39 36 36 25 29 15 10 25 15 45 33 25 23 14 13 19 23 19 14 23 44 37 30 44 26 34 20 32 7 35 8 33 21 39 19 11 42 23 5 33 38 32 21 28 37 19 36 18 30 35 16 49 29 13 27 23 27 28 6 34 31 45 10 34 38 29 48 37 37 27 44 16 29 24 34 20 46 21 24 49 45 18 30 38 44 50 9 28 39 49 16 23 31 32 47 26 19 38 35 19 11 11 0 17 35 37 15 27 16 24 31 38 25 44 42 10 35 41 45 25 26 12 39 9 28 48 17 33 21 19 41 19 36 18 15 10 27 36 43 19 32 33 40 11 31 18 39 26 25 13 12 17 28 25 12 15 21 30 37 45 10 31 31 44 25 38 27 32 25 10 31 5 31 23 44 35 12 22 18 30 6 21 16 23 45 28 39 36 8 20 19 9 28 8 28 17 21 10 42 46 46 25 18 31 32 24 15 39 16 22 18 23 43 8 20 35 32 25 42 23 13 20 22 14 21 47 18 31 18 41 25 7 32 18 32 24 9 18 25 14 3 35 30 12 17 29 28 32 34 32 44 25 20 27 16 39 25 19 39 30 16 15 22 9 41 26 15 12 30 22 45 28 9 39 12 51 41 17 33 19 24 24 29 41 24 23 26 35 29 18 28 20 30 29 11 13 37 20 31 31 47 34 44 18 16 22 19 32 40 44 36 13 34 19 20 9 25 42 32 30 17 31 43 40 41 32 51 18 5 22 43 29 30 34 21 39 17 10 22 22 17 21 34 29 43 13 10 33 43 16 32 16 41 22 34 49 19 33 42 18 30 28 20 8 31 29 20 25 47 30 31 35 16 38 8 15 37 13 48 27 26 13 7 10 24 18 18 35 13 11 18 38 9 26 35 23 31 42 47 22 29 24 28 37 29 16 30 21 33 17 29 44 45 22 14 32 14 40 19 30 26 14 41 31 33 50 33 33 13 20 32 15 17 31 32 11 8 13 29 17 18 26 8 30 44 38 15 32 19 28 39 29 9 15 13 28 17 27 26 22
44 59 71 18 55 13 8 38 14 46 35 13 23 54 30 9 22 38 30 33 55 50 42 41 18 20 25 39 25 62 41 14 6 29 30 29 30 29 24 35 56 49 46 61 35 46 31 48 18 47 15 49 37 47 16 27 58 39 17 50 54 47 36 45 52 23 53 3 28 39 6 54 14 30 43 15 39 42 14 43 42 54 22 50 48 45 55 53 54 38 50 20 43 41 48 36 51 38 39 66 61 29 30 46 61 57 11 32 51 66 4 39 36 17 64 13 9 55 48 32 22 20 17 0 52 44 4 44 8 38 46 49 40 57 55 18 51 57 50 9 40 8 50 16 39 56 34 39 37 32 57 32 47 2 9 8 41 42 55 26 16 39 52 15 17 32 49 41 30 30 26 23 41 41 12 23 7 46 54 56 24 31 43 49 42 55 18 45 32 27 43 20 30 36 54 39 27 39 14 47 14 11 10 37 61 13 54 49 22 10 10 17 44 13 33 20 27 27 54 63 55 15 25 39 44 27 28 56 22 27 25 37 59 20 20 51 49 29 58 7 20 37 26 20 35 64 33 38 27 58 42 11 46 2 49 39 23 17 11 27 18 52 42 25 31 25 43 39 46 49 59 36 33 15 9 51 41 28 42 41 18 31 37 23 58 43 3 16 16 8 62 38 25 56 9 68 55 30 46 15 11 30 44 51 41 17 43 38 13 34 41 37 46 42 24 17 43 33 47 45 55 37 61 34 27 35 8 49 55 60 51 21 51 5 34 17 37 59 48 16 33 44 53 53 51 49 57 24 21 5 54 45 33 36 29 50 16 25 9 11 34 33 50 43 58 11 24 45 53 16 44 17 51 39 37 57 2 42 58 3 41 44 5 13 31 44 18 26 63 44 43 44 29 55 11 32 53 6 64 11 42 29 12 17 26 35 29 49 19 28 31 50 26 26 51 37 48 59 63 39 13 41 41 53 41 29 35 5 48 10 46 55 50 37 15 46 4 54 23 15 37 21 53 47 42 67 35 42 24 28 46 6 5 32 44 8 18 21 22 18 16 32 18 40 48 55 29 42 30 35 56 27 9 25 27 28 29 38 40 39
37 62 25 68 4 42 57 21 54 58 20 56 54 25 22 45 32 30 28 20 13 31 50 17 62 40 27 20 38 15 46 58 58 24 23 38 37 33 38 33 42 35 14 13 34 39 37 10 35 37 40 15 17 50 50 25 24 13 35 4 11 26 19 13 26 40 1 52 56 54 50 60 63 22 10 55 25 20 39 46 29 49 36 2 44 8 55 19 3 29 57 40 17 12 30 17 57 18 15 18 26 31 54 48 12 60 43 50 35 19 51 15 50 67 16 60 53 12 34 33 36 35 35 52 0 49 49 10 50 27 13 41 24 36 35 37 25 23 58 59 26 46 42 40 29 54 22 49 17 31 17 32 42 52 47 45 19 51 42 42 66 50 37 40 65 30 46 17 46 22 32 41 24 23 45 40 55 21 9 46 32 56 36 56 10 14 59 23 45 25 26 32 57 32 46 53 25 13 49 8 39 55 49 29 26 62 29 33 30 54 53 37 19 40 49 45 44 26 39 16 51 57 42 37 34 48 28 17 37 39 37 28 27 35 48 14 3 48 20 57 37 15 46 38 26 16 21 46 40 12 13 41 19 52 4 17 32 48 59 27 35 4 37 30 23 58 25 46 36 12 29 37 26 61 50 41 19 34 56 38 46 21 18 29 9 16 49 43 65 56 13 40 27 7 46 22 32 31 30 50 58 45 15 45 14 54 12 56 64 19 23 17 11 32 33 43 50 32 12 21 54 53 19 20 31 32 53 5 27 26 24 39 6 52 28 40 33 14 14 64 25 32 48 35 46 18 59 43 31 57 45 7 52 55 36 43 44 30 57 56 21 26 17 21 25 46 32 37 47 44 27 46 47 14 54 56 53 43 26 51 29 18 54 41 56 24 50 50 26 29 24 46 33 3 42 20 21 47 25 61 17 23 41 38 49 19 29 30 42 25 33 39 26 52 20 27 17 11 24 16 63 11 32 18 26 26 48 55 22 50 7 45 57 29 45 31 48 35 46 64 38 41 43 9 33 21 53 44 32 35 28 50 51 55 33 44 36 36 59 43 49 46 38 32 58 9 26 41 30 46 13 55 44 37 31 53 34 39 27 19
69 17 52 49 51 46 42 29 34 9 48 37 25 30 42 37 45 60 27 43 41 22 3 33 38 52 42 53 22 49 4 37 47 44 35 19 59 54 23 18 17 17 35 50 61 12 18 53 43 14 32 36 47 3 30 41 34 45 42 46 43 24 49 37 28 55 50 42 22 10 39 13 45 38 48 33 58 57 42 4 62 11 27 49 8 48 12 35 51 59 9 52 55 45 22 45 10 34 48 51 37 53 18 3 49 14 35 14 19 50 41 36 10 47 50 40 38 43 18 20 26 47 37 44 49 0 40 40 37 23 54 12 25 24 23 46 28 35 10 46 23 38 11 31 60 13 31 6 47 22 40 21 9 45 48 42 54 5 17 19 48 7 18 47 45 23 7 52 15 36 27 22 58 26 33 23 41 29 44 15 29 18 14 8 43 40 34 60 13 39 61 40 21 19 14 8 42 39 31 42 41 37 35 21 36 45 26 19 42 36 37 45 30 43 13 25 18 34 19 48 12 35 20 66 15 17 49 39 52 58 54 22 33 30 25 38 47 15 38 45 49 40 19 50 24 51 46 7 19 45 38 38 58 43 49 50 30 28 43 46 34 46 13 47 47 27 25 6 15 38 32 14 52 39 36 14 31 55 9 11 27 41 49 42 49 34 45 30 45 40 51 10 38 49 36 50 25 23 21 31 41 15 54 10 37 31 38 13 48 35 57 35 52 18 27 27 2 20 53 59 12 10 42 45 51 19 39 50 29 35 29 26 44 49 24 30 17 45 56 43 28 18 10 20 9 33 14 21 40 47 13 45 13 13 57 10 52 30 41 38 32 53 35 58 34 33 28 13 11 51 63 28 9 39 11 13 46 6 33 46 62 31 43 35 19 26 27 20 38 21 60 3 22 50 37 37 33 40 40 46 33 35 36 47 20 35 51 22 27 40 21 14 39 21 32 23 33 47 40 35 47 42 17 36 60 48 9 48 28 35 44 14 9 22 30 20 43 22 22 44 13 25 14 52 66 49 13 5 48 56 22 39 40 17 16 43 44 49 30 53 29 13 30 63 10 45 46 9 53 10 42 22 37 22 27 19 21 11 22 31
44 55 68 19 53 13 8 34 11 43 33 11 20 51 28 5 21 38 26 31 52 46 39 38 17 20 23 38 21 59 37 13 9 27 27 25 30 29 20 32 52 45 43 58 35 42 27 47 17 43 12 46 35 43 12 25 54 37 16 48 51 43 34 42 49 24 50 3 25 35 3 50 14 28 41 13 39 41 13 39 41 50 18 48 44 43 51 50 52 37 46 20 42 39 44 34 48 34 38 63 58 28 27 42 58 53 8 28 48 63 2 37 32 18 61 12 7 52 44 28 19 19 15 4 49 40 0 42 5 35 45 45 37 53 51 17 47 54 46 10 37 4 46 12 38 52 30 35 35 28 54 28 43 6 10 6 40 38 51 22 17 35 48 15 17 28 45 39 26 28 22 19 40 37 8 19 7 42 51 52 21 28 39 45 39 52 16 44 28 25 43 18 27 32 50 36 26 37 11 44 12 9 6 34 57 13 50 45 21 8 7 17 41 12 29 16 23 24 50 60 51 13 21 39 40 24 27 53 23 28 25 33 55 17 17 48 47 25 55 8 20 35 22 20 32 61 32 34 23 55 39 9 45 4 47 37 20 13 11 26 15 50 38 24 30 22 39 35 42 46 55 32 32 15 5 47 38 28 39 37 14 29 36 22 55 40 5 12 16 8 59 34 23 54 5 64 51 26 43 11 11 26 43 47 38 14 40 34 15 32 40 34 44 38 21 13 39 29 45 44 51 34 58 32 27 31 6 47 51 56 47 17 49 9 30 13 33 56 46 16 29 40 49 49 47 45 53 20 19 9 50 43 30 33 29 46 17 22 9 10 31 33 47 42 55 7 20 41 49 17 44 13 47 36 33 53 6 38 54 7 41 41 5 9 27 41 14 22 59 40 43 40 25 52 8 30 49 3 60 12 39 27 9 17 22 32 29 45 15 26 27 46 24 22 47 34 44 56 59 36 14 39 37 50 41 28 31 9 45 7 43 51 47 33 11 42 4 50 19 16 33 17 49 45 43 64 31 38 24 29 42 2 2 28 41 8 17 21 20 19 13 28 14 40 45 52 27 38 30 31 53 24 6 21 23 25 25 34 36 35
37 55 28 60 13 35 49 13 46 49 16 48 45 21 17 38 26 29 19 14 13 24 42 8 53 35 21 19 29 19 38 50 50 19 15 29 35 30 29 24 36 28 8 18 33 31 28 14 29 30 32 10 14 41 41 19 21 10 29 7 11 19 17 5 21 36 11 44 47 45 43 52 55 15 10 46 25 22 32 37 29 42 27 10 36 9 48 15 12 28 48 36 19 9 23 13 49 9 13 22 24 28 45 40 17 52 35 41 29 22 43 6 41 59 20 51 45 12 26 24 27 30 27 44 10 40 42 0 42 18 15 33 15 30 29 31 19 20 50 52 18 38 35 32 28 46 13 40 15 22 17 23 34 44 41 37 19 42 35 33 58 41 30 34 57 21 39 17 37 15 23 33 24 14 37 31 47 14 10 39 23 47 28 47 6 13 50 25 35 19 27 25 48 23 39 44 19 5 41 3 32 46 41 20 24 54 24 26 24 45 45 31 12 33 39 37 35 18 32 20 43 49 33 36 26 39 24 15 33 36 33 19 24 27 39 11 8 39 19 49 32 8 37 33 18 20 17 37 31 14 4 34 21 44 9 16 23 39 51 22 28 9 28 25 19 49 17 37 28 8 25 28 23 52 42 34 10 31 47 30 37 15 16 23 14 7 42 34 57 48 18 31 20 13 38 25 26 22 23 42 50 36 17 38 5 45 2 47 56 10 23 9 14 23 24 35 41 22 15 23 47 44 20 16 27 23 45 10 22 23 19 31 8 45 18 31 24 16 17 55 16 24 40 29 39 12 51 34 24 49 38 5 42 46 33 35 39 21 49 48 12 24 12 22 22 37 24 30 40 38 28 38 39 6 45 49 46 35 23 44 30 10 47 33 47 16 41 41 25 21 25 37 24 12 35 13 17 39 24 53 8 15 33 32 40 10 26 23 33 18 24 32 19 43 15 18 11 15 23 7 55 5 24 15 27 22 39 48 16 42 4 38 49 20 37 24 41 29 37 56 29 32 35 13 33 24 45 36 27 32 20 42 43 46 26 37 30 31 50 38 40 36 30 32 50 11 21 32 27 37 13 46 36 28 22 44 25 30 19 11
48 51 68 18 54 16 8 34 7 39 35 7 15 49 30 6 24 41 25 32 52 44 35 38 13 24 25 40 19 59 34 9 11 29 28 22 34 32 18 30 49 43 43 59 38 39 25 48 19 41 11 46 37 40 8 27 53 39 19 48 51 42 36 42 48 27 51 6 20 31 3 46 13 29 43 9 42 44 16 36 45 47 17 49 41 44 48 49 52 41 42 24 44 40 42 36 44 35 39 63 57 32 23 39 58 49 8 24 45 63 5 37 28 17 61 10 4 52 42 26 17 23 16 8 50 37 5 42 0 33 46 42 36 51 49 21 46 53 43 11 35 5 43 11 42 49 30 32 37 27 54 26 40 9 15 10 42 34 48 19 17 31 46 18 16 27 41 41 23 28 21 17 43 36 6 16 5 41 51 49 20 24 37 42 40 51 12 47 25 26 45 20 23 30 48 32 27 37 7 45 14 5 2 32 56 13 48 43 23 4 3 20 40 15 25 12 19 24 48 60 48 10 18 43 38 20 30 52 26 32 29 32 54 16 13 48 48 22 54 9 23 36 19 23 31 61 33 31 20 55 39 11 47 7 48 40 20 10 10 29 15 50 35 27 32 18 38 32 40 46 54 29 35 12 1 44 37 31 35 34 10 31 38 24 55 39 10 9 15 6 60 31 24 54 5 64 49 25 41 7 9 23 45 44 38 10 40 30 15 32 43 34 46 36 20 11 36 27 47 47 48 30 57 34 30 29 3 48 50 55 46 15 49 13 29 12 32 56 48 14 29 38 45 47 44 45 50 17 21 11 47 44 26 29 33 43 22 22 7 7 31 36 47 45 53 5 20 38 46 21 47 9 43 37 29 49 10 35 53 11 44 40 7 9 23 40 10 19 58 38 46 37 23 53 9 31 49 6 59 12 39 27 10 20 18 33 32 43 12 27 25 43 25 18 46 32 44 57 59 36 14 39 35 50 44 31 28 12 44 3 44 48 43 31 8 40 8 48 16 14 30 14 46 46 46 63 27 34 27 32 41 3 4 24 38 11 20 24 16 23 9 25 13 43 41 52 30 35 33 28 53 20 8 19 23 21 24 31 35 35
49 38 36 50 30 34 40 6 34 32 27 37 31 17 22 30 28 40 10 22 22 12 24 11 42 37 24 32 16 30 20 39 43 24 15 14 41 36 16 7 22 14 14 30 42 15 12 31 29 14 23 15 25 24 29 22 20 23 28 24 22 9 27 15 15 39 28 37 32 28 34 34 45 17 26 34 37 35 30 20 42 26 17 27 20 26 31 17 29 39 31 38 33 23 10 23 32 11 26 33 24 35 29 23 30 35 27 24 16 32 36 14 24 49 31 41 36 23 12 8 17 32 24 38 27 23 35 18 33 0 31 18 4 21 19 32 13 20 33 44 3 31 19 23 40 30 10 23 26 7 22 8 18 39 38 33 32 25 22 19 49 24 17 33 47 7 22 30 20 16 13 19 37 5 28 18 38 9 23 24 15 31 11 30 21 21 38 39 19 21 40 25 32 6 24 27 23 17 30 20 29 36 32 2 24 45 16 13 25 35 35 31 9 31 23 24 20 16 19 30 27 37 19 46 10 23 30 21 36 41 38 2 21 19 26 18 25 23 22 42 34 18 22 35 3 32 25 20 16 26 15 28 36 38 26 29 16 27 42 28 22 24 11 29 27 35 5 20 13 17 21 10 32 42 32 19 9 37 30 13 25 21 27 25 28 12 37 24 47 39 31 14 20 28 30 33 18 9 10 30 40 19 32 22 14 33 16 30 47 14 36 13 30 7 14 23 24 7 31 38 30 26 25 25 33 6 36 28 17 22 14 19 23 41 5 22 7 26 34 45 8 9 25 17 22 13 35 20 24 43 23 23 26 29 39 20 40 15 39 38 10 33 15 36 21 28 15 13 24 39 42 26 23 17 28 33 40 18 20 39 42 10 39 26 31 7 29 26 25 7 39 20 10 29 28 16 16 33 27 45 11 16 27 33 25 13 33 11 22 21 9 17 20 28 14 1 13 28 26 13 47 20 7 18 39 29 22 42 11 32 21 24 31 3 26 10 35 18 23 46 12 20 21 29 45 32 28 19 31 38 9 34 35 29 10 33 30 33 37 40 28 20 21 43 32 24 27 15 34 20 23 31 29 15 12 28 10 13 2 8
25 69 37 63 15 35 52 26 51 62 12 53 54 35 17 41 25 18 29 15 25 39 55 22 59 31 22 9 39 26 51 55 52 18 22 39 26 23 38 36 51 43 23 25 23 45 39 4 29 44 37 24 10 55 48 20 35 10 29 14 22 34 11 20 35 30 12 47 57 57 46 65 58 19 6 52 13 9 33 51 16 56 34 11 50 7 62 29 14 17 62 32 6 9 37 12 63 21 8 30 37 21 55 54 24 66 39 51 44 31 46 18 52 62 28 56 50 23 41 35 36 28 31 46 13 54 45 15 46 31 0 48 29 45 44 29 34 34 64 54 32 42 49 38 17 61 24 53 10 33 29 34 48 46 40 39 7 55 50 43 61 53 45 33 61 32 53 6 47 21 32 42 12 29 41 40 50 29 20 54 31 57 42 61 11 25 56 11 47 21 14 27 58 35 54 56 19 15 47 16 33 51 46 33 37 58 38 41 24 50 49 30 27 34 51 45 45 24 47 29 58 55 43 25 41 49 20 28 28 29 28 32 38 34 48 24 11 49 32 52 29 14 47 30 30 28 13 50 41 24 17 37 7 47 10 8 30 47 55 19 32 16 42 22 15 58 31 50 43 22 39 40 16 58 46 48 24 24 60 43 45 17 9 23 20 22 43 41 60 51 25 44 23 18 42 33 41 33 37 48 54 46 4 52 18 52 17 58 59 19 11 19 2 37 33 42 54 34 1 9 61 56 31 13 22 35 49 8 37 37 33 38 17 45 31 38 37 26 3 60 27 39 55 44 53 27 66 44 26 51 52 10 54 57 25 50 36 29 52 52 23 15 27 8 36 42 32 44 54 35 15 45 54 15 56 63 47 48 37 45 18 25 49 38 57 31 49 51 37 35 12 51 34 15 38 19 31 42 37 56 23 22 37 31 50 19 20 38 41 20 35 47 22 53 30 31 26 24 36 19 58 12 38 29 15 18 50 49 31 47 13 53 62 33 43 38 43 44 46 60 42 40 50 4 21 32 56 49 23 24 35 45 46 56 40 39 29 28 58 34 47 48 36 20 63 21 18 46 20 49 24 56 39 38 31 54 35 43 32 24
66 22 41 56 43 47 49 23 40 20 44 44 33 20 39 41 44 57 25 39 32 12 14 26 46 52 40 49 24 39 12 44 52 41 32 20 58 53 26 15 8 6 27 40 58 4 19 47 44 4 35 27 42 11 36 39 24 39 42 38 33 15 44 29 17 55 42 47 31 20 44 20 52 34 42 40 54 52 43 10 59 9 29 42 5 42 15 25 42 56 18 53 50 40 12 40 18 28 43 41 26 51 27 10 40 19 39 22 8 40 46 30 19 55 40 47 43 33 8 19 28 47 38 49 41 12 45 33 42 18 48 0 19 13 12 47 18 25 20 52 17 42 2 34 57 14 27 15 43 20 30 19 3 50 51 45 49 16 7 24 56 17 7 48 53 21 6 47 21 33 26 26 54 20 38 27 46 20 35 8 29 28 7 17 37 31 42 56 19 37 57 40 30 16 7 19 40 33 36 34 42 43 40 16 25 52 16 9 41 43 42 45 22 44 21 30 23 32 8 37 10 42 25 63 8 25 47 29 52 57 54 18 22 31 31 28 40 23 28 50 49 35 25 50 20 41 43 14 23 36 31 41 53 48 41 46 30 33 49 44 35 38 8 45 44 36 17 13 5 29 20 14 49 47 41 3 24 53 21 8 32 38 44 41 39 27 48 34 53 47 41 12 36 40 41 39 14 22 11 37 47 21 49 5 30 38 32 23 55 31 53 30 46 11 27 32 13 19 47 54 14 20 32 42 49 17 44 43 19 24 19 28 36 52 20 33 13 35 50 51 24 10 8 9 6 24 19 26 39 52 6 38 23 23 56 3 54 29 47 44 28 50 25 53 23 38 28 5 7 53 58 33 7 34 22 16 51 9 22 51 59 23 48 38 29 17 34 27 27 13 56 9 22 42 40 33 23 44 29 52 26 32 39 47 27 30 49 12 31 38 20 3 37 29 22 18 24 38 29 30 54 36 11 26 56 45 18 53 19 40 36 7 17 17 35 10 46 10 27 52 12 29 4 45 62 39 23 10 47 55 13 44 45 27 8 46 44 49 39 54 34 19 33 60 20 35 44 8 51 17 33 31 41 25 26 28 21 12 16 25
48 40 33 53 27 35 43 5 37 34 26 40 34 14 22 32 29 39 11 21 19 12 27 8 44 38 24 30 19 26 23 42 45 24 15 17 41 36 19 10 23 15 11 27 41 16 15 29 30 15 26 12 24 26 32 22 18 21 29 21 19 7 26 12 13 40 25 39 35 30 37 37 48 17 24 37 35 34 31 22 40 28 19 24 22 23 33 14 26 38 33 39 32 21 10 22 34 10 25 30 22 34 32 25 26 37 30 27 16 29 38 12 27 52 28 44 38 19 13 11 19 33 25 40 24 25 37 15 36 4 29 19 0 20 18 32 11 18 35 46 3 33 20 25 39 32 10 26 25 10 19 10 19 41 40 34 31 28 22 22 52 27 17 35 50 10 24 29 24 16 15 22 35 1 30 21 41 6 20 25 17 34 13 32 19 18 41 37 22 21 39 26 35 9 25 30 23 15 32 17 30 39 34 6 21 48 15 13 26 38 38 32 6 32 26 27 23 16 20 26 29 40 22 46 12 26 30 18 37 41 38 5 19 21 29 14 22 26 19 44 35 17 25 36 5 29 25 23 19 23 13 30 35 40 24 27 18 30 45 28 24 22 13 29 26 38 3 23 14 14 19 14 32 44 35 20 6 37 33 15 28 20 26 26 25 9 39 27 49 41 28 17 21 25 33 30 17 11 9 33 43 23 30 23 12 36 13 33 50 13 35 12 28 9 17 26 26 10 29 36 32 30 23 24 33 9 39 25 15 20 11 22 19 43 7 24 9 22 32 48 9 10 26 17 24 10 37 24 24 45 24 20 29 32 39 21 41 16 42 40 10 32 12 34 18 31 17 15 25 40 40 29 25 15 31 34 42 20 18 41 41 7 41 28 34 5 32 29 23 7 37 23 13 26 30 16 13 35 24 47 8 16 29 34 28 12 32 11 25 21 12 18 21 31 11 4 9 25 23 11 49 18 9 15 38 28 25 44 9 35 19 25 34 6 29 10 37 17 26 49 14 23 22 27 44 29 31 21 31 38 8 36 38 33 11 35 31 34 40 40 31 23 23 42 35 21 27 17 34 23 20 34 31 18 14 32 13 16 4 6
67 31 31 67 37 54 58 24 51 32 44 54 44 11 41 49 48 58 29 40 25 9 27 25 57 57 43 48 33 30 24 55 61 43 34 29 61 56 34 22 8 9 23 32 60 14 27 44 49 12 42 22 42 22 46 41 14 39 48 33 27 13 45 26 10 59 37 56 43 33 53 30 62 37 40 50 54 51 50 22 59 18 36 37 17 39 24 18 37 57 29 58 49 38 11 40 28 28 42 31 16 54 39 22 32 29 46 34 6 30 54 30 31 65 31 57 53 26 10 26 35 52 44 57 36 24 53 30 51 21 45 13 20 0 2 52 12 15 31 61 19 50 13 41 57 21 29 28 43 26 21 26 15 58 58 52 49 28 9 34 66 29 6 54 64 27 18 46 32 35 33 35 53 20 46 35 56 17 29 12 35 40 15 28 35 24 53 55 30 40 57 45 42 22 14 31 43 32 46 30 49 53 49 21 15 62 8 9 45 52 52 51 20 51 32 40 34 36 6 28 19 53 35 65 13 36 49 21 56 61 58 21 12 38 41 23 36 34 19 60 54 35 35 55 24 32 44 26 32 28 30 48 51 56 37 45 36 43 59 47 42 33 17 49 45 48 17 25 12 25 10 22 51 57 50 11 23 56 33 19 42 39 44 45 32 25 56 42 63 56 32 22 40 33 49 29 5 28 11 47 57 32 47 15 29 48 29 35 65 32 52 31 44 16 34 41 25 25 45 53 23 33 22 43 52 23 54 39 10 14 13 37 30 60 24 41 20 26 47 61 28 14 17 5 16 19 27 36 44 61 13 35 34 35 58 14 60 34 57 54 29 51 20 52 13 46 35 14 16 59 58 43 17 33 34 24 59 21 12 59 59 21 57 45 41 16 44 39 16 14 55 21 29 36 47 35 15 52 18 62 24 35 46 53 38 31 52 10 39 41 27 10 40 40 16 22 20 30 19 29 64 35 17 19 56 48 29 61 15 50 33 13 28 22 44 12 54 4 38 62 22 37 11 42 63 29 35 22 51 58 13 52 54 39 13 53 50 53 50 60 44 30 40 60 31 29 46 19 53 28 26 42 48 33 32 40 28 22 19 25
65 31 31 65 36 52 56 22 49 31 43 52 43 10 39 47 46 56 27 38 24 7 26 23 55 55 41 47 31 29 23 53 59 41 32 27 59 54 32 20 9 7 22 31 58 13 25 42 47 10 40 20 40 22 44 40 14 37 46 32 26 11 43 25 9 57 35 54 42 32 51 30 60 35 38 48 52 50 48 21 57 17 34 36 16 37 24 17 36 55 28 56 47 37 9 39 28 26 40 31 16 52 37 21 31 29 44 32 5 30 52 28 30 64 30 56 51 25 8 24 33 50 42 55 35 23 51 29 49 19 44 12 18 2 0 50 10 15 30 59 17 48 12 40 56 22 27 26 41 24 20 24 14 56 56 50 47 27 9 32 64 28 5 52 62 25 17 45 30 33 31 33 52 18 44 33 54 16 27 13 33 39 14 27 34 23 51 53 28 38 55 43 41 20 14 30 41 31 44 29 47 51 47 19 15 60 6 7 43 51 50 49 18 49 31 38 32 34 5 28 19 51 33 63 12 34 47 20 54 59 56 19 11 36 39 21 34 33 18 58 52 33 34 53 22 31 42 25 30 27 28 46 50 54 36 44 34 42 57 45 40 31 15 47 43 46 15 24 10 23 10 21 49 56 48 10 22 54 32 17 40 37 43 43 31 23 54 40 61 54 32 20 38 32 47 28 4 26 9 45 56 30 45 15 27 47 28 34 63 30 51 29 42 14 32 39 24 23 43 51 23 31 22 41 50 21 52 38 9 13 11 35 29 58 22 39 18 26 46 60 26 12 17 3 16 17 28 34 42 59 12 34 33 34 57 13 58 32 55 52 27 49 18 50 13 44 33 13 16 57 56 41 17 31 33 25 57 20 12 57 57 19 55 43 39 14 43 37 17 12 53 20 27 35 45 33 14 50 19 60 22 33 44 51 36 29 50 8 37 39 25 9 38 39 15 20 18 29 19 27 62 33 15 17 55 46 28 59 13 48 32 13 28 20 42 10 52 2 36 60 20 36 11 41 61 29 34 20 49 56 11 50 52 37 11 51 48 51 48 58 43 29 38 59 31 28 44 17 51 27 25 41 46 31 30 38 26 20 17 23
28 63 59 35 40 6 25 29 27 52 18 28 33 46 15 16 5 21 23 18 43 44 46 30 34 6 10 22 25 49 43 30 24 13 19 28 14 12 24 32 53 45 35 48 18 44 30 32 4 44 16 38 21 49 26 13 48 24 5 36 42 39 19 32 45 9 37 20 38 44 20 58 31 17 27 28 22 25 6 44 24 54 19 35 47 29 57 43 39 20 54 7 26 25 42 20 55 26 23 52 52 11 38 48 47 60 15 37 47 53 19 27 40 34 50 29 24 43 43 28 21 2 10 18 37 46 17 31 21 32 29 47 32 52 50 0 43 48 55 26 34 16 48 18 21 57 24 43 20 27 46 28 45 17 11 11 24 45 52 28 33 43 48 4 34 26 49 24 34 18 21 26 23 33 18 24 24 37 40 54 19 40 40 53 27 43 32 27 35 13 26 8 40 32 53 44 12 26 24 34 7 26 21 32 51 30 47 44 8 25 24 2 35 7 37 25 30 16 50 50 55 30 27 23 41 33 10 45 7 13 9 31 50 17 28 40 34 34 47 24 3 23 31 4 29 51 17 40 28 45 29 11 28 19 34 22 18 26 28 10 13 38 39 8 15 36 35 41 43 37 51 34 15 32 21 48 31 11 48 39 24 17 20 8 44 32 15 20 33 25 48 37 13 42 17 55 49 25 41 25 28 33 27 50 28 29 30 44 31 22 23 25 29 37 20 22 46 29 30 28 57 43 50 17 10 31 23 33 47 50 43 22 38 17 28 18 34 46 31 33 25 39 52 48 50 38 60 27 8 23 52 30 39 43 13 48 9 18 26 27 24 16 40 26 49 19 19 42 52 8 27 24 51 25 43 59 19 42 49 17 24 34 22 14 39 37 27 33 53 38 26 45 25 40 13 19 43 16 53 28 31 18 13 2 33 23 12 43 22 13 27 47 13 34 41 31 37 46 52 27 30 27 36 43 24 12 39 20 40 22 32 53 54 31 21 41 15 49 28 33 35 23 50 30 26 54 42 43 7 12 40 19 19 40 40 11 3 4 35 8 25 35 17 23 53 42 12 41 13 38 43 37 14 24 21 36 26 37 34 29
56 39 26 63 26 45 53 15 47 37 33 50 42 4 31 43 38 47 22 29 15 7 30 14 54 48 34 37 28 21 26 51 56 33 24 25 50 45 29 17 18 12 12 23 50 17 23 32 40 14 36 10 31 27 42 32 8 27 39 22 16 5 34 15 2 50 26 50 42 35 47 37 58 27 29 47 43 40 41 25 47 25 30 26 22 28 32 8 26 46 35 49 37 27 7 29 35 18 31 24 12 43 39 27 23 36 40 34 11 23 48 19 32 61 23 53 48 16 10 20 29 43 35 51 25 28 47 19 46 13 34 18 11 12 10 43 0 9 37 56 11 43 19 35 46 30 20 30 32 19 13 20 19 51 50 45 37 31 17 30 62 31 13 45 60 20 24 35 31 26 26 31 42 11 40 30 51 7 18 22 27 40 15 34 24 14 50 43 29 31 45 36 42 17 22 34 33 21 42 19 41 49 44 14 11 57 5 10 36 48 47 42 9 42 32 36 31 27 14 21 27 49 31 54 13 34 39 11 47 51 48 14 9 31 38 12 25 33 11 54 45 24 33 46 16 24 33 27 28 19 18 41 40 50 26 34 28 40 55 37 34 22 16 39 34 46 8 27 14 13 9 20 40 54 45 17 13 46 36 19 38 29 33 35 22 13 50 37 59 51 24 22 31 23 43 23 8 21 8 43 53 30 36 22 18 45 18 37 60 22 41 20 33 12 27 36 29 19 33 42 31 34 15 32 42 18 49 28 5 10 1 32 19 53 17 34 16 18 36 58 19 11 24 11 23 8 36 32 35 55 21 24 35 37 48 20 51 26 52 50 19 40 9 40 8 41 27 16 23 50 47 38 24 22 36 33 52 23 8 52 48 10 51 39 41 7 41 37 13 9 44 25 23 26 40 25 5 45 15 57 13 25 39 44 36 21 41 6 34 31 21 16 30 39 5 14 8 21 14 18 59 23 14 9 45 37 30 55 4 45 22 21 35 15 39 9 48 10 34 58 20 33 19 31 51 22 36 24 41 47 6 47 48 39 12 45 41 43 48 51 40 30 34 49 37 19 36 20 42 28 16 42 42 28 24 39 23 21 11 15
57 45 18 70 23 51 60 20 54 44 36 57 50 6 35 49 43 49 28 32 10 14 38 18 61 52 38 39 36 15 34 59 62 37 29 33 54 49 36 25 23 19 13 17 52 24 31 31 45 22 43 11 33 35 49 36 2 29 44 20 13 13 36 17 8 54 23 57 50 43 54 44 65 31 29 54 44 41 47 33 49 32 37 24 29 27 38 5 23 48 42 53 38 28 14 32 42 22 32 17 5 47 47 34 17 43 47 42 17 15 55 22 40 69 16 61 55 12 18 28 36 47 41 57 23 35 54 20 53 20 34 25 18 15 15 48 9 0 44 63 18 50 26 42 48 36 25 37 34 27 6 27 27 58 56 51 38 39 23 38 69 39 19 50 67 27 31 36 39 30 32 39 43 17 47 38 58 12 15 27 34 48 23 41 25 10 58 44 37 35 46 41 50 25 28 42 37 24 49 19 46 56 51 22 4 65 9 17 40 55 55 47 13 48 40 44 39 32 20 14 33 57 39 56 21 42 43 6 51 55 52 22 5 38 46 10 23 41 4 61 49 27 41 50 23 17 36 35 36 14 21 47 40 57 25 35 34 47 62 41 40 19 24 43 38 54 15 35 21 13 7 28 43 61 52 23 17 49 44 26 45 33 35 40 18 17 56 44 67 59 18 30 35 19 50 15 12 28 16 50 60 38 36 28 20 53 20 45 67 26 42 24 32 20 34 43 36 27 33 42 37 42 7 35 46 25 56 27 6 4 8 39 17 60 24 42 24 12 35 65 25 19 31 17 29 10 42 40 40 62 27 24 43 45 52 27 56 33 59 57 25 43 8 41 3 48 34 23 30 55 47 46 30 25 44 39 59 31 4 58 49 14 58 45 49 14 49 45 6 17 44 32 30 22 47 29 5 52 7 64 17 30 46 49 44 25 45 14 42 35 29 23 35 47 7 21 11 15 6 22 66 25 22 6 46 40 38 61 10 52 22 27 42 22 46 17 54 16 42 66 28 40 25 30 53 15 44 32 45 51 14 53 55 47 20 52 46 48 56 55 48 38 40 51 44 15 40 28 46 36 11 50 48 35 31 47 30 29 19 19
78 10 60 52 61 53 47 39 38 4 57 41 29 39 52 43 54 69 36 52 51 30 10 43 40 60 51 63 30 58 14 41 52 53 44 27 68 63 32 28 23 26 45 59 70 21 27 63 52 23 40 45 57 10 35 50 43 55 50 55 52 34 58 46 37 63 59 48 25 12 45 4 49 47 58 37 67 67 50 13 72 14 36 59 15 58 10 44 60 69 2 61 65 55 31 54 3 43 58 60 45 62 21 11 59 8 43 19 27 59 47 46 15 50 58 44 43 52 27 30 35 56 45 50 58 10 46 50 43 33 64 20 35 31 30 55 37 44 0 50 33 44 19 38 70 12 41 13 57 32 48 31 18 51 55 49 64 10 23 27 52 13 26 55 48 33 14 62 22 46 36 29 67 36 40 31 46 38 53 19 38 21 23 3 53 50 38 70 20 49 71 49 22 29 18 11 52 49 36 51 49 41 41 31 44 49 35 27 51 41 42 53 40 50 18 31 25 43 25 57 14 39 28 75 25 23 58 48 61 67 63 32 41 38 30 47 57 22 47 50 58 50 25 58 34 59 56 15 28 55 48 46 68 49 58 60 39 33 47 56 43 56 22 56 56 29 34 15 24 47 39 24 62 43 42 21 41 63 9 21 33 51 58 51 58 44 51 37 49 45 60 20 47 58 43 58 33 33 30 36 45 22 64 16 47 35 48 14 52 45 67 45 62 27 36 34 10 30 63 69 10 13 51 55 60 29 44 60 38 43 38 34 54 55 34 37 27 54 66 47 38 27 14 28 15 42 9 28 49 52 19 55 17 15 66 18 60 39 45 42 42 62 44 67 42 40 37 22 15 59 72 34 14 49 14 10 52 16 41 53 72 41 48 42 22 35 33 25 46 30 70 13 32 60 44 47 42 46 48 50 43 45 44 55 25 45 61 31 34 50 30 22 48 25 41 33 42 57 48 45 51 52 27 45 70 57 16 54 38 40 53 19 3 31 37 29 49 29 28 48 22 32 20 61 75 58 16 15 57 65 32 45 46 20 26 50 53 57 32 61 34 20 39 72 2 54 56 19 62 18 52 25 44 31 36 23 30 21 32 40
52 59 78 10 63 21 4 44 13 46 43 10 22 60 38 15 30 46 35 41 62 54 44 48 13 28 33 47 29 69 43 10 4 37 37 32 38 37 28 40 59 53 53 68 43 49 35 56 26 50 21 56 45 49 17 35 63 47 26 58 61 52 44 51 58 31 60 8 26 39 10 54 6 38 51 14 48 50 22 45 50 56 27 58 50 53 57 59 62 46 50 27 51 49 52 44 52 44 47 73 67 37 30 48 68 57 17 33 56 73 9 47 37 9 71 8 9 62 52 36 27 28 25 9 59 46 10 52 11 44 54 52 46 61 59 26 56 63 50 0 46 14 52 21 47 57 40 40 45 37 64 37 49 10 16 16 49 43 58 28 8 40 56 23 9 37 51 49 32 38 31 27 49 47 16 26 6 52 61 58 30 30 47 50 49 61 14 53 34 35 51 28 29 40 57 40 35 47 16 54 22 9 13 43 67 5 59 53 30 10 10 25 50 21 33 22 29 34 58 70 57 12 27 47 48 29 36 62 31 35 33 42 64 26 22 58 57 31 64 3 28 45 28 28 41 71 41 40 30 65 49 19 54 8 57 47 30 19 4 36 25 60 45 33 39 22 49 41 50 56 64 39 41 10 12 54 47 36 42 44 20 39 45 31 65 49 12 20 8 6 69 41 33 64 14 74 60 35 51 16 6 32 52 53 48 16 50 37 5 42 49 44 54 46 30 21 44 38 55 53 57 38 67 42 35 39 8 57 60 65 57 25 59 12 40 22 42 66 56 8 39 48 55 57 53 55 58 26 29 5 56 53 34 36 37 52 24 32 5 9 41 42 57 51 64 16 30 48 55 24 52 19 53 46 37 58 8 44 63 10 49 50 5 19 29 50 19 27 68 48 52 46 34 62 18 40 59 13 70 2 49 37 19 25 26 42 37 53 22 35 35 53 34 26 57 43 54 66 69 46 5 49 45 60 49 37 37 8 54 12 53 57 51 42 18 51 12 58 25 8 40 24 56 55 51 73 35 44 33 37 51 10 9 31 49 16 26 29 19 26 18 34 23 48 48 62 37 44 38 37 63 26 16 29 33 28 34 41 45 45
50 38 34 53 29 36 43 7 37 32 28 40 33 14 24 32 30 41 12 23 20 11 25 10 44 39 25 32 18 28 21 41 45 26 16 15 43 38 18 8 21 13 12 28 43 14 14 31 31 13 26 14 26 24 32 24 18 23 29 23 21 7 28 14 13 41 27 39 34 29 37 35 48 19 26 37 38 36 32 20 43 25 19 26 19 26 31 15 28 40 31 40 34 23 9 24 32 12 27 31 22 36 30 23 28 35 30 25 14 30 38 14 25 51 29 43 38 21 11 10 19 34 26 40 26 23 37 18 35 3 32 17 3 19 17 34 11 18 33 46 0 33 18 25 41 30 11 24 27 9 20 10 17 41 40 35 33 26 20 20 51 24 16 36 50 9 22 31 22 18 15 21 37 4 30 20 40 7 22 23 17 32 11 30 21 19 40 39 20 22 41 27 34 7 23 27 25 17 32 19 31 38 34 4 21 47 14 11 27 38 37 33 8 33 24 26 22 18 18 28 27 39 21 48 10 25 32 19 38 43 40 4 19 21 28 16 25 24 20 44 36 19 24 37 6 30 27 20 18 24 15 31 37 40 26 29 18 29 44 29 24 24 11 31 28 37 3 21 12 16 19 12 34 44 35 18 8 38 31 13 27 22 28 27 27 11 39 27 49 41 29 14 22 27 33 31 16 11 8 32 43 21 33 21 14 35 16 31 50 15 37 14 30 6 17 25 24 9 31 38 30 28 24 26 34 8 38 27 15 20 11 21 22 43 7 24 8 24 34 47 10 8 24 15 22 11 35 23 26 45 22 22 27 30 41 19 41 17 42 40 12 34 13 37 19 31 17 13 23 40 42 28 23 18 29 32 42 18 18 42 43 8 41 28 32 5 31 28 23 5 39 20 13 28 30 17 14 35 25 47 10 17 29 35 27 14 34 10 24 23 11 16 22 30 12 4 11 26 24 13 49 20 7 16 40 30 23 45 9 34 21 23 32 5 29 8 37 16 25 48 13 23 20 29 46 31 29 19 33 40 6 36 38 31 9 35 32 35 39 42 30 21 23 44 33 23 29 15 35 21 21 33 32 18 14 30 13 13 1 8
43 53 64 22 50 12 11 31 12 41 31 12 19 47 25 1 19 36 22 28 49 42 36 35 18 19 20 35 18 56 34 14 13 25 24 22 29 27 17 28 49 42 40 55 33 39 24 44 14 40 8 43 32 41 11 22 51 34 14 44 48 39 32 38 45 23 47 7 24 33 5 48 17 24 38 13 37 39 11 36 40 47 14 45 41 40 49 46 48 36 44 20 39 35 40 31 45 31 35 59 54 27 25 39 54 50 4 26 44 59 5 33 30 21 57 15 9 49 40 24 15 18 12 8 46 38 4 38 5 31 42 42 33 50 48 16 43 50 44 14 33 0 42 9 37 50 27 33 32 25 50 25 40 9 11 5 37 36 48 19 21 32 45 13 20 24 42 37 24 24 18 17 38 34 5 15 9 39 47 49 17 27 36 43 36 48 17 42 25 22 40 15 26 28 48 34 23 33 10 41 9 10 6 30 54 17 46 41 18 9 8 15 37 10 26 13 20 20 47 56 48 15 18 38 37 22 25 49 22 27 24 30 51 13 15 45 43 23 51 12 18 32 20 19 28 58 29 31 20 51 35 6 42 7 44 35 16 12 14 24 11 46 35 22 27 22 36 32 39 42 52 29 30 17 6 44 34 26 37 34 12 26 33 19 52 36 8 9 19 10 56 31 20 50 2 61 48 23 39 10 13 23 40 44 34 14 37 32 18 28 38 30 41 34 17 11 37 25 42 42 49 32 54 29 25 27 8 43 48 52 44 14 45 12 27 10 30 52 43 19 26 36 46 45 44 42 51 17 16 12 47 40 28 31 28 43 18 18 11 12 27 31 44 40 51 5 17 38 46 17 42 11 44 33 31 50 10 35 51 9 39 37 9 5 26 37 13 21 56 36 41 37 21 49 4 26 46 2 57 15 35 23 5 15 20 29 27 41 12 22 23 43 21 21 44 30 41 53 56 32 18 35 33 47 39 26 29 12 41 7 40 48 45 29 8 39 6 47 17 19 30 14 46 42 41 60 30 35 22 27 39 4 5 27 37 7 15 19 20 19 11 25 10 38 43 49 25 35 28 28 49 23 3 18 20 23 22 30 33 32
68 21 42 57 44 49 49 25 41 19 45 44 34 20 41 41 45 58 26 40 33 13 14 28 46 53 41 50 26 40 12 45 53 42 33 22 59 54 27 17 7 8 28 41 60 5 20 48 45 5 36 28 44 10 36 40 25 41 44 39 34 17 46 31 19 56 43 48 32 20 45 19 53 36 43 40 55 54 45 10 60 8 30 43 4 43 13 26 44 58 17 54 51 41 13 42 16 29 44 41 27 52 27 9 41 18 40 22 9 41 47 32 19 56 41 48 44 34 9 20 29 49 39 50 42 11 46 35 43 19 49 2 20 13 12 48 19 26 19 52 18 42 0 35 58 12 28 15 44 21 31 21 4 51 52 46 51 15 6 25 56 17 8 49 54 22 6 49 22 34 28 27 55 21 39 27 47 22 36 7 30 28 9 16 38 32 43 57 19 39 58 41 30 17 6 19 41 35 37 35 43 44 41 18 26 52 17 10 42 43 43 47 23 45 21 31 24 33 8 39 9 43 26 65 9 25 48 30 53 59 55 19 23 32 32 30 41 23 28 51 50 37 25 51 21 42 44 14 24 37 33 42 54 49 43 47 31 34 50 46 36 39 9 47 45 36 19 14 7 31 21 15 51 47 42 3 25 55 20 10 33 39 46 43 41 28 50 35 53 47 42 13 38 41 42 40 15 23 13 37 48 21 50 4 32 38 33 23 55 32 54 32 48 13 28 33 13 20 49 56 13 20 33 43 51 18 45 44 20 25 20 30 37 54 22 34 15 36 51 51 26 11 6 10 5 25 18 27 40 53 5 40 23 23 57 1 55 31 48 45 29 51 26 54 24 39 30 6 5 54 60 34 6 35 22 15 52 9 23 51 60 25 49 39 29 19 35 28 28 14 57 9 23 43 41 35 24 44 30 53 27 34 40 49 27 32 51 13 32 39 21 3 38 30 23 20 25 39 30 31 54 38 13 27 58 47 18 54 20 41 38 6 17 19 36 12 48 11 28 52 14 30 4 47 64 40 23 10 48 56 15 45 46 27 10 47 46 50 39 56 35 20 34 61 19 37 45 9 52 17 34 31 42 26 27 28 22 12 17 26
44 47 57 29 44 16 18 23 14 35 27 17 17 39 22 8 18 36 15 24 42 34 30 27 22 22 18 33 10 49 27 18 21 22 18 14 31 28 8 20 41 34 32 48 34 30 15 39 15 32 2 35 29 33 11 18 43 29 14 38 41 31 28 31 37 26 41 15 21 28 12 42 24 19 33 15 35 37 13 29 39 39 6 39 33 35 42 38 43 35 37 23 36 31 32 27 39 24 31 52 46 27 21 32 48 44 5 20 36 52 13 27 24 27 50 20 14 42 32 16 7 19 9 16 40 31 12 32 11 23 38 34 25 41 40 18 35 42 38 21 25 9 35 0 36 42 20 26 29 17 43 16 32 17 18 12 35 29 40 12 27 26 37 17 26 16 34 34 17 19 10 9 36 26 5 8 16 31 40 41 10 23 28 37 31 41 19 40 18 18 39 13 23 20 40 28 20 27 10 35 11 15 10 22 46 23 38 33 16 14 13 16 30 13 20 9 14 14 39 49 41 18 11 39 29 16 24 42 24 30 26 22 43 5 11 37 38 18 43 19 20 26 14 21 20 51 25 24 12 45 29 8 40 15 38 32 9 10 20 22 7 40 27 21 25 21 28 25 31 35 43 20 28 21 10 35 27 27 31 26 8 22 30 17 45 29 16 3 25 17 49 23 16 44 8 54 39 15 31 11 19 17 37 36 28 15 30 27 25 22 36 24 37 26 9 5 30 17 38 40 42 26 47 26 25 19 14 38 39 44 36 6 39 20 19 1 22 45 40 24 18 28 38 37 36 34 44 10 14 20 39 34 22 26 29 35 22 11 17 16 20 29 36 38 43 6 9 30 38 22 41 8 36 27 26 43 18 27 43 18 38 30 17 5 22 29 12 16 48 28 39 30 13 43 7 21 38 11 49 23 28 18 6 17 15 22 26 33 5 19 15 35 17 17 36 22 33 46 48 26 25 30 25 39 38 24 22 20 33 10 34 40 38 21 6 31 14 38 11 25 22 6 38 37 41 53 25 27 22 29 31 12 13 23 29 13 15 20 20 24 9 19 3 38 37 42 23 27 27 22 42 20 7 9 12 19 14 23 25 25
10 76 53 56 31 27 46 34 48 67 14 49 53 48 18 37 19 2 34 18 40 50 60 33 55 20 20 10 41 43 57 51 44 17 26 43 12 11 39 43 61 53 35 41 7 54 43 20 23 53 35 38 16 62 46 20 49 19 24 30 38 45 13 32 48 18 29 41 57 61 41 72 52 23 20 49 4 9 27 57 3 65 35 27 59 22 70 43 30 1 68 20 12 20 48 17 69 30 16 46 51 10 56 61 40 73 35 54 54 47 40 28 56 55 44 50 45 39 51 40 37 19 28 39 29 60 38 28 42 40 17 57 39 57 56 21 46 48 70 47 41 37 58 36 0 69 30 58 15 39 44 39 56 38 31 32 10 60 60 45 54 58 56 25 55 37 61 13 50 25 34 43 6 38 38 41 45 40 36 64 32 58 50 67 23 40 53 8 50 21 5 24 58 42 63 60 19 26 44 30 28 47 42 41 52 51 51 51 21 46 45 23 38 28 54 44 47 27 58 45 66 51 44 8 50 51 13 43 17 15 15 40 51 34 47 38 26 51 46 45 20 23 48 20 37 44 15 55 44 39 28 32 12 40 26 13 32 45 49 15 30 31 50 16 14 56 41 55 52 35 53 47 9 53 42 58 34 12 64 51 44 20 13 20 37 33 36 39 54 46 41 50 23 35 38 50 53 37 48 45 49 49 14 61 29 49 29 61 51 26 7 27 18 46 35 41 60 40 18 10 69 59 47 15 13 42 44 24 50 51 46 39 33 36 37 37 44 42 16 54 33 48 64 55 61 40 73 45 23 43 62 25 56 60 12 59 25 31 47 48 30 8 40 9 50 39 33 52 63 25 6 43 62 25 60 71 39 55 50 37 3 37 43 34 58 42 47 52 52 45 7 58 38 31 34 24 44 37 52 49 34 25 33 23 51 27 11 49 40 20 40 56 22 53 43 39 39 40 51 29 51 24 46 43 3 13 55 40 43 43 27 63 69 40 41 48 36 55 46 54 48 41 60 20 6 49 59 56 16 11 46 40 40 58 49 32 23 19 56 23 45 51 35 4 68 37 14 53 10 53 40 56 35 40 34 55 40 49 41 33
78 10 52 60 56 57 55 36 46 15 56 49 37 31 52 49 55 69 36 51 44 24 15 39 49 63 52 61 33 50 16 49 59 53 44 30 69 65 35 27 13 19 40 52 70 16 28 60 54 17 44 39 55 10 42 50 35 52 53 51 46 28 57 42 29 66 55 54 33 20 51 9 57 47 55 45 66 65 53 14 71 5 39 55 11 55 3 37 55 69 10 64 63 53 25 53 9 41 56 52 37 63 29 11 52 8 47 26 19 51 53 43 22 59 51 52 50 45 21 30 37 58 48 56 54 13 52 46 49 30 61 14 32 21 22 57 30 36 12 57 30 50 12 42 69 0 39 17 56 31 41 31 13 57 60 53 62 16 14 31 60 19 18 58 57 33 9 60 27 45 37 33 66 33 45 35 53 33 47 9 39 29 20 10 50 43 46 69 25 49 70 51 32 28 9 19 52 46 43 47 52 48 47 29 36 57 27 21 52 49 49 56 35 54 24 37 30 44 17 49 4 47 32 75 20 30 59 41 63 69 65 30 33 41 37 41 53 28 39 57 60 48 31 61 32 52 55 19 31 48 44 50 66 55 54 59 40 40 55 56 45 51 20 57 56 38 30 18 19 42 31 24 62 51 48 13 37 65 18 19 39 50 57 53 52 40 57 41 57 53 53 21 48 52 48 50 25 33 24 43 53 27 62 9 44 43 45 23 60 44 66 43 59 24 38 39 13 30 60 67 2 21 43 54 61 28 51 56 30 35 31 37 48 61 32 41 25 47 63 55 37 23 6 20 8 36 6 33 50 59 10 51 25 23 67 11 64 40 52 50 40 62 38 66 34 45 39 18 7 63 71 40 8 47 22 3 58 16 33 58 71 36 55 46 30 31 40 32 37 26 68 13 33 55 48 46 35 51 39 58 39 45 48 58 31 43 61 24 39 50 31 15 49 33 34 31 37 50 40 43 59 49 24 38 69 58 22 60 32 47 49 10 10 29 42 23 55 21 34 56 22 37 12 58 75 50 24 15 58 66 26 51 52 28 21 55 55 60 41 65 41 25 42 72 13 48 56 17 63 22 45 33 49 34 37 31 31 21 29 38
40 47 38 48 25 26 37 5 33 39 17 36 33 23 13 26 20 30 7 13 22 21 32 8 41 28 15 23 17 30 28 37 39 15 6 17 32 27 16 14 32 24 13 29 32 24 16 24 21 24 20 16 16 33 29 13 25 14 20 19 22 17 18 12 22 31 23 33 35 34 31 43 43 8 18 34 27 26 23 28 32 35 14 22 29 19 40 20 24 30 39 29 25 15 19 14 40 5 17 33 29 25 32 31 29 44 23 29 25 33 32 8 29 47 31 39 33 22 22 12 15 23 17 34 22 31 30 13 30 10 24 27 10 29 27 24 20 25 41 40 11 27 28 20 30 39 0 30 17 10 24 11 27 34 32 27 24 32 31 21 47 30 26 26 45 9 31 22 25 7 10 20 27 10 25 18 35 14 21 34 10 34 20 38 14 22 38 30 24 12 31 17 36 13 34 33 14 9 28 16 22 34 29 11 29 42 24 22 16 33 33 23 12 24 28 24 23 8 29 30 37 36 21 37 20 27 21 23 28 32 29 10 27 15 27 18 20 27 25 38 25 10 25 26 8 32 16 26 19 25 10 23 28 33 21 20 11 27 39 19 16 21 20 20 17 37 13 27 22 16 28 17 23 40 30 28 8 28 37 21 25 11 18 17 26 10 32 22 45 36 30 21 11 25 27 35 26 10 19 29 38 24 24 31 9 33 11 35 44 5 27 5 22 16 12 22 31 11 23 29 39 33 28 15 24 12 33 21 24 27 20 18 20 35 8 19 15 26 26 43 4 18 34 26 32 16 44 22 16 38 32 17 31 34 30 29 32 9 37 35 1 24 17 27 26 25 11 23 33 31 32 25 32 10 33 42 35 26 26 34 32 11 35 22 35 14 29 29 30 16 30 29 11 25 23 7 20 28 31 42 9 7 22 25 28 5 23 20 21 12 12 27 12 31 18 9 15 27 30 7 44 13 16 21 30 19 27 37 17 30 16 33 40 10 24 19 30 26 24 44 19 20 30 22 36 34 33 27 22 29 17 30 32 34 19 27 22 25 37 32 27 25 18 33 40 23 18 23 25 25 23 34 25 16 9 32 13 20 12 6
67 21 55 43 52 42 38 28 29 10 46 32 20 32 40 32 42 58 25 41 43 24 4 33 33 48 39 51 18 50 4 32 42 41 33 15 56 51 20 17 22 20 36 51 58 14 15 53 40 17 28 37 45 9 25 38 37 44 38 46 44 26 47 37 30 51 50 37 17 6 34 16 40 35 47 28 55 55 38 6 60 16 24 49 12 47 17 36 51 57 11 49 54 44 24 43 13 33 47 53 40 50 13 8 51 18 31 9 22 52 36 36 5 42 51 35 33 44 20 18 23 44 33 39 49 6 35 40 32 23 53 15 26 28 26 43 30 37 13 40 24 33 15 26 58 17 30 0 46 20 41 19 13 41 44 37 52 3 21 15 43 2 22 43 40 22 12 51 10 34 24 17 56 27 29 19 36 30 45 20 26 14 15 11 42 42 29 59 9 37 59 37 16 18 18 5 40 38 26 42 37 31 30 21 39 40 29 22 39 32 32 41 30 39 7 20 13 31 22 50 17 30 16 63 17 13 46 40 49 55 51 22 36 26 20 39 47 11 40 40 45 39 14 46 23 52 44 4 15 47 37 34 57 38 48 49 27 23 38 44 30 47 14 44 44 22 26 3 17 38 34 13 50 34 31 17 31 51 8 12 22 39 47 39 50 34 40 25 40 36 52 10 35 49 32 52 28 21 22 26 36 10 53 14 36 26 38 9 43 34 55 34 51 19 24 23 4 19 52 58 17 5 44 44 48 18 34 50 32 38 31 22 45 44 23 26 17 46 55 38 26 19 15 24 14 34 19 17 37 42 18 45 8 8 54 15 48 28 35 33 31 50 36 56 36 29 25 15 16 48 61 23 13 38 7 18 41 7 35 42 60 32 38 30 14 27 23 15 41 22 58 7 20 51 32 35 34 35 43 41 33 33 32 43 14 34 49 24 22 38 19 18 36 16 33 23 34 49 43 35 42 41 18 37 58 45 5 43 30 30 43 19 12 21 25 21 38 25 17 39 12 21 18 51 63 51 8 6 45 53 24 34 35 12 18 39 40 45 25 49 24 8 27 60 11 46 44 10 50 5 44 17 33 19 24 14 19 11 23 30
24 63 41 54 21 25 43 20 42 55 3 44 45 34 8 32 15 15 22 6 27 35 48 18 50 23 12 6 30 31 44 46 43 8 13 32 21 16 29 30 47 39 21 29 19 40 31 12 19 39 28 24 1 49 39 11 35 5 20 17 25 31 2 18 34 23 18 38 48 49 37 59 49 11 8 43 11 10 23 44 16 51 26 16 45 10 56 29 19 14 55 24 9 7 34 3 57 15 3 34 38 14 47 48 28 60 29 44 40 35 36 14 45 52 32 46 40 26 37 28 27 19 21 37 17 47 35 15 37 26 10 43 25 43 41 20 32 34 57 45 27 32 44 29 15 56 17 46 0 26 30 27 43 36 31 30 7 48 46 34 52 46 42 24 52 25 47 6 39 12 23 33 11 24 32 31 41 26 23 50 22 49 37 55 9 27 47 14 39 12 15 18 49 29 49 49 10 11 38 17 24 42 36 27 38 48 36 37 15 41 40 20 24 25 43 36 37 16 44 33 53 45 34 22 36 41 11 30 20 22 20 26 37 25 39 25 15 41 33 43 20 9 38 21 24 32 4 43 33 27 14 27 12 37 14 4 22 38 45 10 23 19 37 13 6 49 27 43 38 22 39 34 10 48 37 44 20 17 52 38 35 8 2 14 25 19 34 32 51 42 30 37 14 23 33 38 39 25 34 39 45 38 8 47 14 43 15 50 49 13 10 13 9 32 24 32 48 27 10 13 56 48 34 4 14 29 39 13 35 37 32 30 20 36 24 29 31 29 12 50 20 34 50 40 48 25 60 35 16 42 48 12 46 49 19 45 28 20 43 43 16 9 26 11 36 33 23 39 49 27 16 36 49 10 49 58 38 42 36 36 17 22 40 28 48 27 40 42 39 31 13 45 26 20 29 11 30 33 39 47 19 13 27 22 41 13 12 35 32 11 27 42 13 44 29 25 25 28 38 14 49 10 32 29 14 9 43 40 29 37 14 49 56 27 34 34 33 41 37 50 35 32 46 10 20 37 48 43 15 18 32 36 37 48 35 29 20 19 49 26 38 40 27 18 56 24 9 40 13 41 27 47 30 29 23 45 28 37 27 19
48 38 43 44 34 29 34 10 28 30 26 31 25 23 21 24 25 39 5 21 28 18 22 15 35 33 21 32 10 35 19 32 37 22 13 8 39 34 10 5 26 19 19 35 40 17 6 33 24 17 17 21 26 24 23 20 27 24 23 28 28 15 27 19 21 36 32 31 26 24 28 34 39 16 27 28 36 35 25 19 41 27 11 30 21 28 32 23 33 38 30 34 34 25 16 23 31 14 27 39 30 32 24 22 35 35 21 19 20 38 30 17 20 43 37 35 29 28 16 2 10 28 19 32 31 22 28 22 27 7 33 20 10 26 24 27 19 27 32 37 9 25 21 17 39 31 10 20 26 0 28 1 19 33 33 27 33 23 25 13 43 21 22 29 41 2 23 31 16 15 7 13 36 10 22 12 32 15 28 27 10 26 13 29 23 27 32 39 15 18 40 20 27 5 26 24 21 19 23 24 24 30 25 6 30 39 22 18 22 29 29 26 15 26 19 18 14 13 24 35 29 31 13 45 14 18 28 27 33 38 35 5 27 13 20 23 28 18 28 35 30 19 16 31 5 38 25 17 10 31 18 23 37 32 30 29 11 21 36 25 16 29 13 26 25 29 12 17 16 22 27 8 31 35 26 21 13 34 27 13 19 20 27 22 33 16 31 18 40 32 36 12 17 33 24 39 23 2 15 24 34 15 33 23 17 27 20 26 41 14 36 15 32 10 9 17 22 2 33 38 31 23 32 24 30 4 30 31 23 29 20 13 27 35 4 16 7 31 35 39 7 12 26 22 24 19 35 14 20 36 25 26 22 25 36 22 35 10 33 31 11 32 21 36 27 22 9 15 26 34 41 20 24 19 24 33 34 17 27 33 41 15 33 20 26 13 23 20 32 12 39 20 4 33 22 16 22 27 33 38 15 14 21 28 19 14 30 17 15 19 3 20 18 23 20 6 19 33 32 16 40 22 10 24 39 27 18 36 18 26 24 26 30 5 20 15 29 23 17 40 10 14 24 31 44 39 24 18 28 35 14 28 29 25 14 28 25 29 31 35 22 16 15 42 31 29 25 15 32 16 29 25 23 9 7 23 4 11 9 12
53 50 15 71 18 50 61 20 56 49 33 58 53 11 32 50 41 45 29 30 5 18 42 17 63 50 36 35 38 10 38 60 63 34 28 35 51 46 37 28 29 24 12 11 49 29 33 26 44 27 43 9 29 40 51 34 8 25 43 15 7 16 32 14 13 51 18 57 53 47 55 49 66 29 25 56 40 36 46 37 44 37 37 19 33 23 43 6 18 44 46 51 33 25 19 29 47 21 29 12 9 44 50 39 11 48 47 45 23 11 55 19 44 70 10 62 56 6 23 30 37 45 41 57 17 40 54 17 54 22 29 30 19 21 20 46 13 6 48 64 20 50 31 43 44 41 24 41 30 28 0 29 32 58 55 51 34 43 28 40 70 43 24 49 68 28 36 32 42 29 33 40 39 18 48 40 59 14 9 33 34 52 27 45 21 5 60 39 40 33 42 40 53 27 33 46 35 21 51 15 46 57 52 24 9 66 15 21 39 56 56 45 14 47 44 45 41 31 25 9 38 59 41 52 25 45 40 2 49 52 49 24 10 38 48 7 19 44 3 62 47 24 44 48 24 11 33 39 38 8 18 47 35 57 20 32 35 49 63 38 40 14 28 41 35 57 17 39 26 10 13 31 40 63 53 29 17 47 48 30 47 30 32 38 12 15 56 45 68 59 12 33 34 13 50 11 17 30 20 51 61 41 32 34 18 55 17 49 68 24 38 22 28 24 34 44 41 29 28 37 42 46 4 32 43 27 56 22 12 9 12 40 12 59 25 42 27 6 31 66 25 23 36 22 35 10 47 42 39 62 32 20 46 49 49 32 54 33 60 58 24 39 8 37 9 49 35 28 35 53 43 47 36 22 47 44 59 35 10 58 45 14 59 45 52 16 50 48 9 20 40 37 32 17 47 27 8 52 9 65 16 29 46 47 47 23 42 19 43 33 30 28 34 50 9 23 10 9 8 20 67 22 25 5 42 38 42 61 12 53 18 32 47 24 47 21 54 21 44 67 32 42 30 26 49 11 48 36 42 48 18 54 55 50 24 51 45 46 58 54 49 41 41 47 49 9 37 32 43 40 5 52 49 37 32 50 32 32 21 19
49 37 43 43 35 29 34 11 27 29 27 30 24 24 22 24 25 39 6 22 29 18 22 16 34 33 21 32 9 36 18 32 36 23 14 7 39 34 9 5 26 18 20 36 40 16 5 34 25 17 17 22 26 23 22 20 28 25 23 29 29 16 28 20 22 36 33 31 25 23 28 33 39 17 28 27 37 36 25 18 42 27 11 31 20 29 31 24 34 39 29 34 35 25 16 24 30 15 28 39 31 33 23 22 36 34 21 18 21 39 29 18 19 42 38 34 29 29 17 1 10 28 19 32 32 21 28 23 26 8 34 19 10 26 24 28 20 27 31 37 10 25 21 16 39 31 11 19 27 1 29 0 18 33 33 27 34 22 25 12 42 20 21 29 40 3 22 32 15 15 8 12 37 11 21 11 31 16 29 27 10 25 13 28 24 28 31 40 14 19 41 21 26 4 26 23 22 20 23 25 24 29 25 6 30 38 22 18 22 29 28 26 16 26 18 17 13 13 24 36 28 30 12 45 14 17 28 28 33 39 35 6 28 13 19 24 29 17 29 35 30 20 15 31 6 39 25 16 9 32 19 23 38 31 31 30 11 20 35 26 17 30 12 27 26 28 13 17 16 23 28 8 32 34 26 21 14 35 26 12 18 20 28 22 34 17 31 17 40 32 37 11 18 33 24 40 24 3 15 23 34 14 34 23 18 26 21 25 40 15 37 16 33 11 8 16 21 1 34 39 30 22 33 25 31 3 29 32 24 29 20 12 28 35 5 15 7 32 36 38 8 13 26 22 23 20 34 14 20 36 25 27 21 24 37 21 35 10 32 30 12 32 22 37 28 22 10 15 25 34 42 19 24 20 23 33 34 16 27 33 42 16 32 20 25 14 22 19 33 12 40 19 4 34 22 17 23 26 34 38 16 15 21 28 19 15 31 17 15 20 2 20 18 22 21 7 19 34 33 17 40 23 9 25 40 27 17 36 18 25 25 26 30 5 19 15 29 23 16 39 9 13 23 32 45 39 23 17 28 36 15 27 29 24 13 28 25 30 30 35 21 15 15 42 30 30 26 14 33 15 30 25 23 8 7 22 3 10 9 13
66 21 44 54 44 46 46 23 38 18 44 41 30 22 39 39 43 57 24 39 34 14 12 27 43 51 39 49 23 40 9 42 50 40 31 19 57 52 24 14 10 9 28 42 58 4 17 48 42 5 33 28 42 8 33 38 26 40 41 39 35 17 44 30 20 54 43 45 29 18 42 18 50 34 42 37 54 52 42 7 58 9 27 43 3 42 14 27 44 56 16 52 50 40 14 40 16 28 43 43 29 50 24 8 42 18 37 19 10 42 44 31 16 52 42 44 41 35 9 18 26 46 36 47 42 9 43 34 40 18 48 3 19 15 14 45 19 27 18 49 17 40 4 32 56 13 27 13 43 19 32 18 0 47 49 43 49 13 9 22 53 14 10 46 50 20 5 47 19 33 25 24 54 20 35 25 44 21 36 9 27 25 7 15 37 33 39 56 16 37 57 39 28 15 9 16 39 34 34 35 41 41 38 16 28 49 18 11 40 40 40 44 23 43 18 28 21 31 10 40 10 40 23 63 8 22 46 30 51 56 53 17 25 29 28 30 41 20 30 48 48 35 22 49 20 43 42 11 20 38 32 39 53 46 42 46 28 31 47 44 34 39 7 44 43 33 18 10 7 31 23 12 49 44 39 5 25 52 18 7 30 37 44 40 41 27 47 31 50 44 43 9 35 41 38 41 17 21 13 34 45 18 49 5 31 35 32 20 52 31 53 30 47 11 26 30 10 17 48 55 13 18 34 42 49 16 42 44 21 26 20 27 37 51 20 31 13 37 50 48 24 10 8 12 5 25 18 24 38 50 7 39 20 20 55 3 52 28 44 42 27 50 27 53 25 36 27 5 7 51 58 31 6 34 19 15 49 6 24 49 59 24 46 36 26 19 32 25 30 13 56 6 21 43 38 33 24 42 32 50 26 32 37 46 24 30 49 13 28 37 19 5 36 26 24 18 25 40 32 30 51 37 11 28 56 45 15 51 21 38 37 8 16 17 33 12 45 13 25 49 11 26 7 46 62 41 20 7 46 54 15 42 43 24 9 44 43 48 36 53 32 17 31 59 18 37 44 5 50 14 35 28 39 23 25 25 19 10 16 25
43 60 71 19 55 12 9 38 15 48 34 14 24 55 30 10 22 37 30 33 55 50 44 42 19 18 25 38 26 62 42 16 7 29 30 30 29 28 25 36 57 50 47 61 33 47 32 48 17 48 16 50 37 48 17 27 58 39 17 50 55 47 35 45 53 22 52 5 29 40 7 55 14 30 43 17 39 42 14 44 41 55 22 50 49 45 57 53 54 37 51 19 43 40 48 36 53 38 39 66 62 28 32 47 61 58 12 33 52 66 5 40 37 18 64 14 10 55 48 32 23 19 18 2 52 45 6 44 9 39 46 50 41 58 56 17 51 58 51 10 41 9 51 17 38 57 34 41 36 33 58 33 47 0 8 8 40 43 56 27 17 40 53 14 17 32 50 40 31 30 26 25 40 41 12 24 9 46 54 56 25 33 44 50 42 55 19 44 33 27 42 20 32 36 56 41 27 39 16 47 13 13 11 38 61 13 54 50 22 12 11 17 45 12 34 21 28 27 55 63 56 17 26 38 45 29 27 56 22 26 23 37 59 21 22 52 49 31 58 7 19 37 27 19 36 64 33 39 27 58 42 11 45 3 49 39 24 19 12 27 18 52 43 24 31 26 44 40 47 49 59 37 32 17 10 52 41 27 44 42 19 31 37 23 58 43 3 16 16 9 62 38 25 56 9 68 56 31 47 16 12 31 43 52 41 18 43 39 14 35 40 37 45 42 25 19 44 33 46 44 56 39 61 33 26 35 9 49 55 60 52 22 51 4 35 18 38 59 47 17 33 44 54 53 52 49 58 25 21 6 54 45 35 38 27 50 15 26 10 13 34 33 51 43 59 13 24 46 54 15 43 18 52 39 38 58 2 43 58 2 40 44 6 13 32 45 19 27 63 44 43 45 29 54 11 32 53 7 64 12 42 30 13 16 27 35 28 49 19 28 31 51 26 27 51 38 48 59 63 39 14 41 41 54 40 29 36 4 49 12 46 55 52 37 16 47 4 55 24 17 38 21 54 46 42 67 36 43 24 28 47 7 6 33 45 8 17 20 24 17 18 33 18 39 50 55 28 42 29 36 56 29 10 26 27 30 30 39 41 39
36 64 68 26 51 6 16 36 21 51 29 21 29 53 25 12 16 30 29 28 52 50 47 39 26 12 20 32 27 59 44 22 14 24 27 31 22 21 26 36 58 51 44 58 27 48 33 43 13 49 17 47 32 51 22 23 56 34 13 46 51 46 30 42 52 15 48 11 34 44 13 59 22 27 38 23 32 35 9 46 34 57 23 46 50 40 59 51 49 30 54 11 37 36 48 31 56 35 34 62 60 21 36 50 57 61 13 37 53 63 11 36 40 25 60 21 17 52 49 32 24 13 15 9 47 48 10 41 15 38 40 51 40 58 56 11 50 56 55 16 40 11 52 18 31 60 32 44 31 33 55 33 49 8 0 7 34 46 57 29 24 43 54 8 25 32 52 35 34 27 26 27 33 40 15 25 15 44 50 58 24 38 45 54 37 52 26 37 36 23 36 16 37 37 57 44 22 36 20 44 10 19 16 38 60 21 53 50 18 18 17 11 43 8 37 24 31 24 55 60 58 23 28 31 45 32 21 54 15 19 17 37 58 20 26 49 44 34 56 15 12 33 30 12 35 61 28 42 29 55 38 11 39 10 44 33 23 23 19 21 17 48 44 19 25 32 42 43 48 46 58 38 26 24 15 53 39 20 48 43 22 27 31 18 54 40 6 19 24 16 58 40 22 52 13 65 55 31 47 21 19 34 38 53 38 24 40 43 21 31 34 34 40 43 25 21 47 34 41 38 59 43 59 28 20 36 15 44 54 58 50 23 48 6 34 19 38 56 41 24 32 45 56 54 53 47 62 27 17 13 56 41 39 42 21 52 8 24 17 19 32 26 48 36 57 16 24 47 55 8 36 22 54 35 42 61 8 45 57 6 33 42 13 14 37 44 24 32 61 44 36 47 29 50 12 29 51 10 62 18 40 26 13 10 31 32 22 49 22 23 31 52 22 32 49 37 46 56 61 36 21 37 42 52 33 23 39 10 47 17 42 57 55 37 19 47 7 55 27 24 39 24 55 41 35 64 40 45 17 21 46 12 12 38 46 6 12 13 30 10 22 36 19 32 53 52 23 44 23 39 53 34 11 27 27 34 31 40 40 37
38 57 64 25 48 7 14 31 17 45 28 17 24 48 23 6 15 32 24 26 49 44 40 35 23 14 18 32 21 55 38 19 14 22 23 25 25 23 20 31 52 45 40 54 29 42 27 41 11 42 11 43 30 44 16 20 52 32 10 43 48 41 29 38 47 18 45 9 29 38 9 52 20 23 36 18 33 35 7 40 35 51 17 43 44 38 53 47 47 31 48 15 36 34 42 29 50 31 32 59 55 22 30 43 54 55 7 31 47 59 8 33 34 24 57 18 13 48 43 27 17 13 10 8 45 42 6 37 10 33 39 45 34 52 50 11 45 51 49 16 35 5 46 12 32 53 27 37 30 27 51 27 43 8 7 0 34 40 51 23 23 37 48 9 23 26 45 34 28 23 20 20 34 35 9 19 13 39 47 52 18 32 38 48 35 48 21 38 29 20 37 13 31 31 51 38 20 32 15 40 6 15 11 32 55 19 48 44 15 14 13 11 38 6 31 18 24 20 50 56 52 19 22 33 40 26 21 49 17 22 19 31 53 15 20 45 42 28 51 13 14 30 24 14 30 57 26 35 23 51 35 5 39 8 42 32 17 17 17 20 11 45 38 18 24 27 37 36 42 42 53 32 26 21 10 47 34 22 41 37 16 24 30 16 51 36 5 13 22 14 55 34 18 49 7 61 50 25 41 15 17 27 37 47 34 19 36 37 20 28 34 30 39 37 19 15 41 28 39 38 53 36 54 26 21 30 12 42 49 53 45 17 44 9 28 13 33 52 40 22 26 39 49 48 47 42 55 21 14 13 50 38 32 36 23 46 13 19 15 16 27 27 44 36 52 10 18 41 49 12 38 15 47 32 36 54 9 38 52 8 35 38 11 8 31 38 18 25 56 38 37 41 24 47 6 25 47 5 57 18 35 23 6 11 25 28 23 43 15 20 26 46 19 26 44 32 41 52 56 32 20 34 36 47 35 22 33 11 42 12 39 51 49 31 13 41 4 49 21 22 33 17 49 39 37 60 34 39 18 23 41 8 8 32 40 2 11 15 25 14 16 30 12 34 47 48 22 38 24 32 49 28 5 21 21 28 25 34 34 32
19 70 43 58 21 29 47 27 48 62 8 49 51 39 14 37 19 12 28 12 30 41 55 24 55 25 18 3 37 33 51 51 47 13 20 38 20 16 36 37 53 45 26 31 16 47 38 10 24 46 33 28 8 56 44 17 39 10 24 20 28 36 7 23 39 24 19 42 54 56 41 66 54 18 10 49 6 3 28 51 11 58 32 17 52 12 63 33 20 11 62 25 3 11 40 10 63 22 7 36 42 15 53 54 30 67 35 50 46 37 41 20 52 57 34 51 45 29 43 34 33 22 27 41 19 54 40 19 42 32 7 49 31 49 47 24 37 38 64 49 33 37 51 35 10 62 24 52 7 33 34 34 49 40 34 34 0 55 52 41 56 53 48 27 57 31 54 3 46 19 30 40 6 30 38 37 46 32 26 56 28 55 43 61 14 30 53 7 46 18 9 23 56 36 56 56 15 17 44 20 28 47 42 34 42 53 42 43 20 46 45 24 29 29 50 42 43 22 50 35 59 51 41 18 42 47 14 33 22 22 21 33 42 31 45 29 16 48 36 47 23 15 45 24 30 34 10 49 39 29 19 32 5 42 16 4 28 44 50 14 28 21 43 17 11 55 33 50 44 26 44 40 10 53 42 50 26 18 59 44 42 14 6 19 27 24 38 38 56 47 31 44 20 25 38 40 44 32 40 45 50 45 4 54 20 49 20 57 54 19 5 20 8 39 31 39 54 34 8 6 62 55 37 10 15 35 44 14 40 41 37 36 23 40 31 35 38 32 8 55 27 40 56 46 54 30 67 41 22 46 54 15 52 56 19 51 30 26 48 48 23 9 31 4 41 39 29 45 56 29 10 42 55 16 55 64 42 49 41 40 12 28 44 34 55 33 46 49 42 37 7 52 33 21 34 17 35 38 42 51 25 20 33 25 48 20 13 40 38 17 34 49 19 50 34 32 30 30 41 20 53 14 39 33 9 12 50 43 34 43 17 55 63 33 39 40 37 47 43 55 42 38 52 10 15 39 55 50 17 18 38 41 42 54 42 33 24 22 55 28 44 47 33 14 63 27 13 46 13 48 30 53 35 36 29 52 35 43 34 25
69 18 56 45 54 44 40 31 31 7 49 33 22 34 43 35 44 60 27 44 45 25 2 35 34 51 42 54 21 52 5 34 44 44 35 18 59 54 23 19 22 21 38 53 61 15 18 55 43 18 31 38 48 7 27 41 38 46 41 48 46 28 49 39 32 54 52 39 18 5 36 13 42 38 50 29 58 58 41 7 63 15 27 51 12 50 14 38 53 60 9 52 56 47 25 46 10 35 49 54 41 53 14 7 53 15 34 11 23 53 39 38 7 44 53 37 35 46 21 21 25 47 36 42 51 5 38 42 34 25 55 16 28 28 27 45 31 39 10 43 26 36 15 29 60 16 32 3 48 23 43 22 13 43 46 40 55 0 21 18 45 4 22 45 42 24 11 53 13 37 27 20 58 29 32 22 38 31 47 19 29 14 17 8 45 44 31 61 11 40 62 39 17 20 18 4 43 41 28 44 40 34 32 23 40 42 30 23 42 34 34 44 33 41 10 23 16 34 23 51 15 32 19 66 19 15 49 42 52 57 54 24 37 29 22 41 50 13 41 42 48 42 16 49 26 54 47 6 18 49 40 37 60 41 51 51 29 25 39 47 33 49 16 46 47 23 28 6 18 41 35 15 53 36 33 18 33 54 6 13 25 42 50 42 51 36 43 28 42 38 54 12 38 52 34 53 29 24 24 28 37 13 56 14 39 27 41 8 45 37 58 37 54 20 27 26 3 22 55 60 15 6 46 46 51 21 36 52 33 39 32 24 47 46 25 28 19 48 58 40 29 21 14 24 13 36 16 19 39 44 18 47 10 9 56 15 51 30 38 35 33 53 38 59 37 31 28 16 15 50 63 25 13 41 7 16 44 9 37 44 63 34 40 33 15 28 25 17 42 24 61 7 23 53 35 38 36 37 44 42 35 36 34 46 17 36 51 25 25 40 22 18 39 18 35 25 35 51 44 37 44 44 20 39 61 48 7 45 32 32 46 18 9 23 28 23 41 26 19 41 14 23 18 53 66 53 9 8 48 56 26 37 37 13 20 41 43 48 26 52 26 11 29 63 8 47 47 12 53 8 46 18 35 22 27 16 21 13 25 33
70 23 39 63 43 53 55 27 47 24 47 50 39 18 43 47 49 61 30 43 32 12 20 29 52 57 45 52 31 37 18 50 58 45 36 27 62 57 32 21 1 8 28 39 63 10 25 49 49 9 40 27 45 15 42 43 22 42 48 39 33 17 48 31 17 60 43 53 37 26 50 22 58 39 44 46 57 55 49 15 62 10 35 43 10 44 15 24 43 60 21 58 53 42 13 44 20 31 46 39 23 56 33 15 39 20 45 28 7 38 52 33 25 61 38 53 50 33 10 25 34 52 43 55 42 17 51 35 48 22 50 7 22 9 9 52 17 23 23 58 20 48 6 40 60 14 31 21 46 25 28 25 9 56 57 51 52 21 0 30 62 23 5 53 59 26 10 50 27 37 32 32 57 23 44 33 53 22 35 5 34 34 13 20 39 31 48 59 25 42 60 45 36 21 5 25 44 36 43 35 48 49 46 21 22 58 14 10 46 49 49 51 24 50 27 36 30 37 4 36 10 49 31 67 12 31 51 28 57 62 59 22 20 37 37 29 41 29 26 57 54 38 31 55 24 39 46 20 29 35 34 47 56 54 43 49 35 40 56 49 41 39 13 50 48 42 20 19 10 30 17 20 53 53 47 5 27 58 25 15 38 42 48 46 39 29 55 40 59 53 40 18 41 40 47 37 12 27 13 43 54 27 51 8 33 44 34 29 61 35 56 34 49 15 33 38 18 24 49 57 14 26 30 45 54 22 51 45 17 22 18 35 36 59 25 39 19 34 52 57 29 13 9 7 9 24 20 32 44 58 5 40 29 29 60 7 59 34 53 50 31 54 26 56 21 44 34 10 8 58 62 39 9 37 27 17 57 15 20 57 62 25 54 43 35 20 40 34 25 16 59 15 28 43 45 37 22 50 27 58 28 37 45 53 33 34 54 13 37 42 26 5 41 35 22 22 25 37 26 33 60 39 16 25 60 50 24 59 20 46 38 4 20 22 41 13 53 8 34 58 19 35 3 47 66 37 29 16 52 59 15 50 51 33 12 52 50 54 45 60 41 26 39 63 23 35 48 14 55 23 32 37 47 31 31 34 27 18 20 28
53 35 54 34 45 27 25 22 17 24 34 21 13 34 28 18 28 44 15 29 40 27 18 27 24 33 26 39 5 47 16 22 29 29 22 5 42 38 6 13 31 26 31 48 44 21 8 44 25 23 13 33 34 22 13 26 38 34 24 39 40 26 35 31 32 37 43 24 15 17 21 31 29 24 38 17 43 44 24 18 47 29 10 42 22 38 31 35 44 44 26 34 43 35 25 32 28 25 36 51 42 36 13 21 47 33 16 10 28 50 22 28 13 32 49 24 20 40 24 11 9 29 19 26 42 19 22 33 19 19 43 24 22 34 32 28 30 38 27 28 20 19 25 12 45 31 21 15 34 13 40 12 22 27 29 23 41 18 30 0 33 15 28 28 31 13 24 40 6 23 12 3 44 22 15 5 23 27 40 31 13 15 19 26 34 39 20 47 7 24 47 23 15 14 30 17 27 30 13 35 22 20 17 17 41 29 32 26 25 19 19 27 27 24 10 7 3 19 30 48 30 20 1 49 21 7 32 39 34 40 37 17 38 12 8 35 40 7 40 27 31 30 4 32 17 50 32 13 3 43 30 19 46 24 41 38 13 10 26 31 16 41 18 30 32 17 23 14 22 34 38 12 37 24 18 26 25 37 20 16 9 27 36 26 45 28 26 11 30 23 48 13 22 44 18 51 32 12 24 13 24 5 42 25 29 15 31 17 32 24 43 26 42 19 11 9 19 12 43 46 31 15 44 32 34 13 21 42 34 39 31 7 39 30 16 11 15 43 45 28 18 21 28 29 26 31 33 3 23 29 29 37 12 16 39 25 34 15 24 21 22 38 33 44 38 15 12 20 28 33 48 10 26 30 15 32 28 17 37 28 47 27 25 16 15 25 11 9 43 22 46 19 10 44 18 25 34 21 44 29 27 22 17 28 8 25 35 26 8 25 10 25 23 11 32 18 31 45 44 27 31 33 18 36 46 32 11 29 29 17 36 30 27 16 11 24 24 30 5 29 12 6 28 42 50 50 14 17 31 39 25 20 22 14 21 24 26 31 19 35 11 8 12 47 25 41 31 17 37 10 41 14 18 6 13 11 9 13 20 24
58 61 84 2 70 28 10 50 16 48 50 13 24 65 45 21 37 53 42 48 68 59 46 54 12 35 40 54 34 76 46 12 11 44 44 37 45 44 34 45 63 58 59 75 50 53 39 64 33 55 27 62 52 51 21 42 69 54 33 64 68 57 51 58 63 38 67 15 27 41 16 56 4 45 58 16 55 58 29 48 57 59 33 65 53 60 59 65 68 53 52 35 59 56 57 51 54 51 55 79 73 44 32 50 74 58 24 35 60 79 16 53 39 2 77 9 14 68 56 42 33 35 32 16 66 48 17 58 17 49 61 56 52 66 64 33 62 69 52 8 51 21 56 27 54 60 47 43 52 43 70 42 53 17 24 23 56 45 62 33 0 42 61 30 4 43 54 56 35 44 37 31 56 52 22 32 12 57 67 62 37 31 51 52 56 68 15 60 37 42 59 35 30 45 60 42 43 54 20 61 29 14 18 48 72 5 64 58 38 14 15 33 56 28 36 26 33 40 62 76 59 14 32 53 53 32 43 68 38 41 40 48 70 32 25 64 63 33 70 10 35 52 31 35 47 78 48 43 34 71 55 26 61 15 64 54 36 23 8 43 31 66 50 40 47 23 54 44 54 62 69 44 48 10 17 58 54 43 43 48 25 46 52 39 72 56 19 25 3 11 76 45 40 70 20 80 65 41 56 20 9 35 59 56 55 18 57 38 3 48 56 50 61 51 36 26 47 43 62 61 59 40 73 49 42 45 14 64 65 71 62 30 65 18 45 28 47 72 63 5 45 53 58 61 56 61 60 30 36 12 60 60 36 38 44 56 30 38 10 12 47 49 63 59 69 22 36 52 58 31 59 24 56 53 39 60 16 47 69 18 56 56 13 25 30 55 22 29 74 53 59 49 39 69 24 47 65 20 75 6 55 44 26 32 29 49 45 58 28 43 41 57 41 28 62 48 60 73 75 52 4 55 50 66 56 45 39 14 60 18 60 61 53 47 23 56 19 63 29 4 44 29 59 62 58 80 37 47 40 44 56 17 16 33 53 24 33 36 20 32 22 37 29 55 50 69 44 48 45 40 69 28 23 34 39 30 39 45 51 51
67 21 56 42 53 41 37 29 27 10 46 31 19 34 40 32 42 58 25 41 44 26 4 34 31 48 39 51 18 51 5 31 41 42 33 15 56 51 20 18 23 22 36 52 58 16 15 53 40 18 27 38 46 10 24 39 38 44 38 47 45 27 47 38 32 51 51 36 16 5 33 16 39 36 48 27 56 56 38 8 60 17 24 50 13 48 18 37 52 57 12 49 54 45 25 43 13 33 47 54 41 50 11 9 52 19 30 7 24 53 35 36 3 41 52 34 32 45 22 19 22 44 33 39 50 7 35 41 31 24 53 17 27 29 28 43 31 39 13 40 24 32 17 26 58 19 30 2 46 21 43 20 14 40 43 37 53 4 23 15 42 0 23 42 39 22 13 51 9 34 24 17 56 28 28 19 35 31 46 21 26 12 16 11 43 43 28 59 8 37 60 37 14 19 20 3 40 39 25 43 37 31 29 22 40 39 30 23 39 31 31 41 32 38 7 19 13 32 24 51 18 29 16 63 19 12 46 41 49 54 51 23 37 26 19 40 48 10 41 39 45 40 13 46 24 53 44 4 15 48 38 34 57 37 49 49 27 22 37 44 30 48 15 44 45 21 27 5 18 40 36 14 50 33 30 19 32 51 7 13 21 39 47 39 51 35 39 25 39 35 53 10 35 51 31 53 30 22 24 25 35 10 53 16 37 25 39 7 42 35 56 35 52 20 24 22 6 19 53 58 17 4 45 44 48 19 33 51 33 39 32 21 46 43 23 25 18 47 56 37 27 20 17 25 15 35 19 16 37 41 19 45 7 7 54 16 48 28 35 31 31 51 37 56 38 28 25 16 17 47 61 22 15 39 5 19 41 9 37 41 60 32 37 30 13 28 22 13 43 23 59 8 20 52 32 36 36 34 44 40 34 34 31 43 14 34 49 25 22 38 19 19 36 15 34 24 35 50 44 35 41 42 19 38 58 45 4 42 31 29 44 20 13 22 25 23 37 26 16 38 13 20 20 51 64 53 7 8 45 53 25 33 34 11 19 38 40 45 24 49 23 8 26 60 11 47 44 11 50 5 45 15 32 19 24 13 19 11 23 31
65 27 35 61 39 50 53 22 45 27 43 48 39 14 39 44 45 56 26 38 27 7 21 24 51 53 40 47 28 33 18 49 56 41 32 24 58 53 29 18 6 3 23 34 58 8 22 44 45 6 38 22 41 17 40 39 17 38 44 34 28 12 43 26 12 56 38 51 37 27 48 25 57 34 39 45 52 50 46 16 57 14 32 38 11 39 20 19 38 55 24 54 48 37 8 39 24 27 41 35 20 51 33 17 34 25 42 28 2 34 50 28 25 60 34 52 48 28 6 22 31 49 40 52 37 18 48 30 46 17 45 7 17 6 5 48 13 19 26 56 16 45 8 37 56 18 26 22 42 22 24 21 10 53 54 48 48 22 5 28 61 23 0 50 58 23 13 45 27 33 29 30 52 18 41 30 51 17 30 9 31 34 10 23 34 26 48 54 24 37 55 41 37 17 10 26 40 31 41 30 45 48 44 17 19 57 10 5 42 47 47 47 19 47 27 35 28 33 3 32 15 47 29 63 9 30 47 23 53 58 55 18 16 34 36 24 36 29 22 55 51 34 30 51 20 35 42 20 27 31 29 44 51 51 38 44 32 38 54 45 38 34 11 46 43 42 15 20 7 25 14 17 49 52 45 6 22 54 27 13 37 37 43 42 34 24 52 37 58 51 35 17 37 35 44 33 8 24 9 41 52 26 47 11 28 43 29 30 59 30 51 29 44 12 29 36 20 20 44 52 19 27 26 41 50 18 49 40 13 18 13 32 31 56 21 36 16 29 47 56 25 10 13 2 12 19 24 31 40 56 9 35 29 30 56 9 56 31 51 49 27 49 21 51 17 41 31 9 12 55 57 37 13 32 28 21 54 15 16 54 58 20 52 41 35 15 39 33 21 11 54 16 25 38 43 33 17 47 23 57 23 32 42 49 32 29 49 8 34 38 23 5 37 35 17 18 20 33 23 28 58 34 12 20 55 45 24 56 15 44 33 9 24 18 39 8 50 4 32 57 17 33 7 42 61 33 30 16 48 55 10 48 49 33 8 49 46 50 44 56 39 25 36 59 26 31 44 13 51 23 28 37 44 28 28 34 24 16 15 23
30 63 62 32 44 2 22 31 25 51 22 25 32 48 18 14 9 24 25 21 46 45 46 33 31 6 14 25 25 52 43 27 20 17 21 29 16 14 24 33 54 47 38 51 21 45 30 35 6 45 15 41 25 49 24 16 51 27 7 39 45 42 23 35 47 10 41 16 36 44 17 58 28 20 31 26 25 28 5 44 28 55 20 39 48 33 58 45 42 24 53 7 30 29 43 24 55 29 27 56 54 15 37 48 50 60 13 37 49 56 16 30 40 31 53 27 21 46 45 29 21 6 11 15 40 47 15 34 18 33 33 48 35 54 52 4 45 50 55 23 36 13 49 17 25 58 26 43 24 29 49 29 46 14 8 9 27 45 53 28 30 42 50 0 31 28 50 27 34 21 22 26 26 35 16 24 21 39 44 55 20 39 41 53 30 46 30 31 35 16 29 10 38 33 54 44 15 29 22 37 6 23 19 34 54 27 49 46 11 22 21 4 37 5 37 25 30 19 52 53 56 27 27 25 42 32 14 48 9 14 11 33 52 18 27 43 37 34 50 21 5 27 30 6 30 54 20 40 28 48 32 10 32 16 37 26 19 24 25 14 13 41 41 11 18 34 38 41 44 40 53 35 19 29 19 50 33 14 48 40 23 20 24 11 47 34 12 19 30 22 52 38 15 45 15 58 51 27 43 23 25 33 31 51 31 27 33 44 27 25 27 27 33 39 21 21 46 30 34 31 57 43 52 21 13 32 20 37 49 53 45 22 41 13 30 18 35 49 34 30 27 41 53 50 51 41 60 27 11 19 53 34 39 42 15 49 7 20 23 24 26 19 43 29 52 17 20 43 53 6 30 23 51 28 42 59 15 43 51 13 27 37 19 13 38 39 26 32 56 40 29 45 26 43 12 22 46 13 56 25 34 20 12 3 32 26 15 44 21 17 28 48 16 33 44 32 40 49 55 30 27 30 38 46 27 16 39 17 42 20 35 54 54 33 20 43 11 51 27 30 36 23 52 34 29 57 41 43 10 15 42 16 17 39 42 8 5 7 33 7 24 35 17 26 53 45 15 42 16 38 47 35 12 25 23 35 27 37 35 31
60 58 83 4 69 29 10 49 14 44 50 10 21 63 45 21 38 54 40 48 67 57 43 53 8 35 40 54 32 74 43 9 12 44 43 35 46 45 32 43 60 56 58 74 50 51 37 63 33 52 26 61 52 48 19 42 67 54 33 63 67 55 51 57 61 39 66 15 25 38 16 52 3 44 58 14 55 58 29 45 58 56 32 65 51 60 56 63 68 54 49 36 59 55 55 51 51 50 54 78 71 45 29 48 73 56 23 32 58 78 16 52 36 2 76 7 13 67 54 40 32 36 31 17 65 45 17 57 16 47 61 53 50 64 62 34 60 67 48 9 50 20 54 26 55 57 45 40 52 41 68 40 50 17 25 23 57 42 59 31 4 39 58 31 0 41 51 56 32 44 36 29 56 51 21 30 11 56 66 59 35 29 49 49 56 66 12 61 35 41 59 35 26 44 58 39 42 53 18 60 29 12 17 46 70 4 62 56 37 13 13 33 55 28 33 24 30 40 60 75 57 11 30 55 51 29 43 67 39 43 40 46 68 31 23 63 63 31 68 10 36 51 29 36 45 77 48 40 32 70 54 25 61 16 63 54 35 21 7 43 31 65 47 41 47 19 52 41 52 61 67 42 48 7 16 55 52 44 41 46 23 46 52 38 71 54 20 24 1 10 75 42 39 70 20 79 62 39 54 18 8 33 59 54 54 16 56 36 5 47 57 49 61 49 34 25 44 41 62 61 56 37 72 49 43 43 13 63 64 69 60 29 64 20 44 27 45 71 63 3 44 51 55 59 53 59 57 28 36 13 57 59 33 35 44 53 32 37 9 10 46 49 61 59 68 20 35 50 55 32 60 22 53 52 36 57 17 45 67 19 57 55 13 25 28 54 20 26 72 52 59 46 37 68 24 46 63 19 74 7 54 43 25 33 27 48 45 56 26 42 39 55 40 25 61 47 58 72 73 51 5 55 48 64 57 45 37 16 58 16 59 58 50 45 22 53 20 60 26 2 42 28 57 61 59 78 34 44 40 45 54 17 15 30 51 24 33 37 16 34 20 34 28 56 46 68 44 46 46 37 68 25 22 33 37 27 38 43 49 50
46 39 42 44 33 28 34 9 28 31 25 31 26 23 20 23 23 37 4 20 27 19 24 14 35 32 19 30 10 35 20 32 36 21 12 9 37 32 10 6 27 20 18 35 38 18 8 32 23 18 17 21 24 25 23 18 27 23 22 27 27 16 26 18 22 34 31 30 27 25 28 35 39 15 26 28 35 34 24 20 40 29 10 30 22 27 33 23 32 37 31 33 33 23 17 22 33 12 26 38 31 31 25 24 35 37 21 21 22 38 29 15 21 42 36 34 29 28 18 4 10 27 18 32 30 23 28 21 27 7 32 21 10 27 25 26 20 27 33 37 9 24 22 16 37 33 9 22 25 2 28 3 20 32 32 26 31 24 26 13 43 22 23 28 41 0 24 30 16 13 7 13 35 10 21 12 32 15 27 28 8 27 14 30 22 27 32 38 16 17 39 19 28 6 28 25 20 18 23 23 22 30 25 7 30 38 23 18 20 29 28 25 15 24 20 18 15 11 25 35 30 31 13 43 15 19 26 27 32 37 33 6 28 12 20 23 28 19 28 35 29 18 17 30 5 37 23 18 11 31 18 22 36 31 28 28 9 21 35 24 16 28 14 25 24 30 12 19 17 22 28 10 29 35 26 23 13 33 28 14 19 18 26 21 32 15 31 18 40 32 36 13 16 32 24 39 24 2 16 24 34 15 32 25 17 27 19 27 41 13 34 14 31 12 8 17 24 3 32 37 33 24 32 23 29 5 29 30 24 29 20 13 26 34 3 15 8 31 34 39 6 14 27 22 25 19 37 15 19 36 26 25 23 26 35 23 34 9 33 31 10 30 21 35 27 22 9 17 27 33 40 20 26 18 25 35 33 18 27 33 39 15 32 19 27 14 23 21 32 13 37 21 4 32 21 14 23 26 33 38 14 13 20 27 20 13 29 18 15 18 3 21 16 23 20 6 18 33 33 14 40 21 11 24 38 25 19 36 18 25 24 27 32 6 20 16 29 24 17 39 11 14 25 30 43 38 25 19 26 34 15 27 29 26 15 27 24 28 31 34 22 17 14 40 32 29 24 16 30 17 28 26 23 9 5 24 5 13 9 11
70 17 47 54 49 49 48 28 39 14 48 42 31 26 43 41 47 61 28 43 38 18 10 31 44 54 43 53 25 45 9 42 52 45 35 21 61 56 26 18 11 12 32 46 62 8 20 52 46 10 35 33 47 5 35 42 30 44 44 43 39 21 49 35 23 57 47 47 28 16 44 14 51 38 47 38 58 57 45 7 63 6 30 47 3 47 10 31 48 60 12 55 55 44 18 44 12 33 48 47 32 54 24 5 46 14 39 19 14 46 46 35 16 53 46 45 43 39 14 22 29 50 39 49 46 7 45 39 41 22 53 6 24 18 17 49 24 31 14 51 22 42 6 34 61 9 31 12 47 23 36 22 5 50 52 45 54 11 10 24 54 13 13 50 51 24 0 52 20 37 29 26 58 25 38 27 46 26 41 9 31 25 11 11 42 37 40 60 18 40 61 42 27 19 7 15 43 38 36 39 44 42 39 20 31 50 22 15 44 42 42 48 27 46 18 29 22 35 13 43 7 41 25 67 13 23 50 35 55 60 56 22 28 32 30 34 45 21 34 50 51 40 24 52 24 47 46 12 23 42 36 42 58 48 47 50 32 33 48 48 37 44 11 48 47 33 22 11 11 35 26 15 53 45 40 8 29 56 15 10 31 42 49 44 45 32 49 34 51 46 47 12 39 46 41 45 20 24 17 36 46 20 54 3 35 36 37 19 53 35 57 35 51 16 29 32 8 21 52 59 9 16 38 46 52 20 44 48 25 30 25 29 41 53 24 33 17 41 55 49 28 15 4 15 3 29 14 26 42 52 7 43 19 19 58 5 56 32 46 43 32 54 31 57 29 38 30 9 5 55 63 32 2 39 18 11 51 8 28 51 63 29 48 38 26 23 33 25 33 18 60 6 24 48 40 37 29 44 35 51 31 36 40 49 25 35 53 18 31 41 22 9 40 27 28 23 30 44 35 34 52 41 15 32 61 49 15 53 25 40 42 8 11 21 35 16 47 16 27 50 14 29 8 50 66 45 19 7 50 58 19 44 45 23 13 47 47 51 36 56 34 18 34 64 14 41 48 9 54 15 39 28 41 25 28 25 23 13 21 29
21 68 41 58 19 29 47 25 47 60 7 48 50 37 12 36 19 13 26 11 28 39 53 22 54 25 17 4 35 31 49 50 47 13 19 37 21 17 34 35 51 43 24 29 18 44 36 9 23 44 33 26 6 54 44 16 37 8 24 17 26 34 6 21 37 25 17 42 53 54 41 64 53 16 8 48 9 5 27 49 13 56 31 15 50 9 61 31 18 12 60 26 4 9 38 8 61 20 5 34 40 15 52 52 28 65 34 49 44 35 41 18 50 57 32 51 45 27 41 33 32 22 26 41 17 52 39 17 41 30 6 47 29 46 45 24 35 36 62 49 31 37 49 34 13 60 22 51 6 31 32 32 47 40 35 34 3 53 50 40 56 51 45 27 56 30 52 0 44 17 28 38 8 28 37 36 45 29 24 54 27 54 41 59 12 28 52 9 44 16 11 22 54 34 54 54 15 15 43 18 28 46 41 32 40 52 39 41 19 45 44 24 27 29 48 41 42 21 48 33 57 50 39 21 40 46 14 31 22 23 22 30 40 30 44 26 15 46 34 47 23 13 43 24 29 32 9 47 38 28 17 32 7 41 14 2 27 42 50 14 28 20 41 17 10 54 31 48 42 24 41 39 10 53 41 48 24 19 57 42 41 13 4 18 25 22 38 37 55 46 29 42 18 23 37 38 42 30 37 44 49 44 4 51 18 48 17 56 53 17 7 18 6 37 29 38 52 32 7 8 60 53 35 8 16 33 44 12 38 39 34 35 21 40 29 33 36 29 7 55 25 38 54 44 52 28 65 40 21 46 52 13 51 54 20 49 30 25 47 48 21 10 28 6 38 38 28 43 54 30 12 40 53 14 54 62 42 47 39 40 14 26 44 33 53 31 44 47 40 35 9 50 32 19 33 16 33 37 40 51 23 18 32 25 46 18 14 38 37 15 32 46 17 49 31 30 27 28 39 18 53 12 37 31 11 12 48 43 32 42 15 53 61 31 39 38 37 44 42 55 40 37 50 8 17 37 53 48 18 19 35 40 41 53 39 33 24 22 54 29 43 45 31 16 61 24 13 44 14 46 28 52 34 34 28 50 33 41 32 23
59 30 56 36 49 32 29 25 20 18 39 23 13 34 33 23 33 50 19 34 42 27 13 30 25 39 31 45 10 50 11 24 32 34 26 9 47 43 11 14 28 24 33 50 50 19 10 48 31 21 19 35 39 18 16 31 39 38 29 43 42 27 40 34 32 42 47 28 12 11 25 25 32 29 42 19 48 49 29 14 53 25 15 46 19 43 26 36 48 49 21 40 48 39 25 37 22 28 41 52 42 42 9 17 50 27 22 5 26 52 27 31 7 34 51 26 24 43 23 14 14 35 25 30 46 15 26 37 23 20 47 21 24 32 30 34 31 39 22 32 22 24 22 17 50 27 25 10 39 16 42 15 19 31 34 28 46 13 27 6 35 9 27 34 32 16 20 44 0 28 17 8 49 25 19 10 27 29 43 27 18 11 18 20 38 41 22 52 3 30 52 28 12 15 26 11 32 34 16 39 28 23 21 19 41 31 32 25 30 23 23 32 29 29 4 11 4 24 28 49 25 22 7 55 20 4 38 40 40 46 42 19 38 18 11 37 44 3 41 31 37 34 4 37 20 52 37 8 7 46 34 25 51 29 44 43 19 13 29 36 22 44 16 35 37 16 25 9 20 37 37 11 42 26 22 23 28 43 15 14 13 32 41 31 48 31 31 16 32 27 51 10 28 47 22 52 32 16 24 17 27 1 47 22 33 17 35 12 34 29 48 30 46 19 16 13 14 15 47 51 26 10 45 37 40 15 24 46 34 40 32 13 42 34 19 16 15 45 50 30 22 20 24 28 22 33 28 7 28 33 25 41 7 10 45 21 39 20 27 24 26 43 35 50 38 19 17 19 24 38 54 14 22 34 10 27 32 13 38 32 52 30 29 21 11 26 14 7 43 22 52 15 14 48 23 29 35 25 45 32 30 27 22 34 6 29 41 26 13 30 13 23 29 9 33 20 32 48 44 30 33 37 18 37 51 38 6 34 30 21 40 26 22 18 16 23 29 29 8 31 11 11 25 46 56 52 9 13 37 44 25 25 26 10 20 29 32 37 18 40 14 2 18 53 20 44 36 14 42 5 43 11 23 11 17 9 13 11 21 27
34 52 42 46 26 22 35 12 32 44 12 35 34 29 7 24 14 25 10 7 26 27 37 13 40 23 8 17 19 33 33 36 36 9 2 20 26 21 18 19 38 30 18 32 26 30 20 22 15 30 18 21 12 38 28 7 31 12 15 20 25 23 13 15 28 25 23 30 37 38 29 48 41 2 16 33 22 22 18 33 27 41 15 22 35 17 46 25 25 24 44 24 20 13 25 10 45 9 14 36 34 19 35 37 31 49 21 32 32 36 29 10 33 45 34 38 31 26 28 16 15 18 13 30 22 36 28 15 28 16 21 33 16 35 33 18 26 30 46 38 18 24 34 19 25 45 7 34 12 15 29 15 33 30 27 23 19 37 37 23 44 34 33 21 44 13 37 17 28 0 12 22 22 16 23 20 33 19 24 40 10 37 26 43 13 26 37 25 27 5 26 12 38 18 40 37 8 10 28 17 18 33 27 17 34 40 30 28 11 32 31 17 18 19 31 25 25 5 35 34 43 36 23 31 26 29 14 27 22 26 23 16 33 14 28 22 20 29 30 35 20 8 27 21 14 35 10 31 21 28 12 20 24 30 20 15 11 27 37 12 14 23 26 14 11 38 19 32 28 20 34 23 17 39 28 34 14 21 41 27 25 5 13 11 28 14 28 21 43 34 32 26 6 27 24 38 32 14 25 29 36 27 20 37 11 33 13 39 42 5 22 7 19 22 13 22 36 16 20 24 45 36 32 10 17 17 31 20 29 33 25 19 22 31 13 18 20 29 23 42 9 24 40 32 38 21 49 24 10 35 38 16 34 37 24 35 26 8 35 34 7 18 22 22 32 24 11 29 39 25 27 25 38 9 37 47 32 31 32 30 27 17 33 19 37 20 29 31 35 22 25 34 15 25 20 3 26 25 36 39 14 1 19 19 30 6 17 26 21 6 16 33 6 33 24 15 20 30 35 9 41 12 22 25 25 13 31 34 22 28 16 39 45 16 24 25 27 33 26 42 24 21 36 20 30 37 36 32 16 23 23 28 29 36 26 23 16 19 38 26 27 28 16 27 45 25 12 29 18 30 27 36 22 18 11 34 16 25 18 11
43 43 47 39 35 22 28 13 24 33 23 26 23 29 17 17 19 34 5 18 32 25 27 18 31 26 15 28 8 39 23 28 31 18 11 9 33 28 6 12 33 26 23 39 34 23 10 32 18 24 11 25 23 29 19 15 33 23 16 29 31 22 24 22 27 29 33 25 25 27 22 39 34 13 26 24 32 32 18 24 37 34 5 31 27 28 37 28 34 34 34 27 32 23 23 21 36 15 25 43 36 27 24 28 38 40 15 21 27 42 23 18 22 37 40 30 24 32 23 8 5 22 12 26 32 27 22 23 21 13 32 26 15 33 31 21 26 32 36 31 15 18 28 10 34 37 10 24 23 7 33 8 25 26 26 20 30 27 32 12 37 24 29 22 36 7 29 28 17 12 0 10 33 16 15 9 26 21 31 34 3 26 20 34 23 31 28 36 17 14 36 14 27 12 33 27 16 19 19 26 17 25 20 13 36 33 29 25 15 24 23 19 20 19 20 14 14 8 31 40 35 27 12 39 21 18 22 32 26 32 28 12 34 6 17 27 29 18 33 29 23 19 16 24 10 41 21 21 10 35 20 16 35 25 30 26 4 17 30 20 9 31 19 20 21 27 18 22 23 25 34 14 26 30 20 28 17 28 30 19 15 16 25 16 36 19 25 13 35 27 40 17 12 35 18 44 30 5 22 19 29 16 31 30 19 23 21 28 35 14 32 15 31 17 2 12 27 9 32 35 37 26 37 21 25 11 24 31 30 34 26 8 30 28 9 10 14 35 34 34 8 19 32 29 30 24 40 12 14 30 32 26 23 26 30 28 28 4 27 26 11 27 26 33 33 16 2 22 32 27 38 15 30 19 26 39 27 22 33 27 37 20 27 13 26 19 19 20 38 19 35 25 5 34 15 14 28 20 39 33 18 11 14 21 19 14 25 24 11 14 7 27 13 21 26 12 23 37 38 17 35 22 17 29 35 22 21 30 23 20 25 33 35 12 15 22 23 30 15 34 15 10 30 30 40 43 25 23 22 30 21 22 23 25 21 21 19 23 28 28 17 17 9 37 35 32 20 21 27 19 33 24 17 7 2 23 6 17 15 15
51 38 55 32 45 25 24 22 16 26 33 19 13 35 26 16 25 43 14 28 40 28 21 26 23 31 24 38 4 48 18 20 27 27 21 6 39 35 4 14 33 27 31 47 42 23 9 42 23 24 11 33 33 25 11 24 39 33 22 39 40 27 33 31 33 35 42 22 15 19 19 33 28 23 36 16 41 42 21 20 46 31 8 41 25 38 33 35 44 42 28 32 41 33 27 31 30 24 35 51 42 34 14 23 47 35 14 12 29 50 21 27 15 31 49 23 19 40 26 11 7 27 17 23 41 22 19 33 17 19 42 26 22 35 33 26 31 39 29 27 21 17 27 9 43 33 20 17 33 13 40 12 24 25 27 20 40 20 32 3 31 17 30 26 29 13 26 38 8 22 10 0 42 23 13 3 21 28 40 33 12 16 20 28 33 39 20 45 9 23 45 20 17 15 31 19 25 29 12 35 20 18 15 17 42 27 33 27 23 18 18 25 27 22 12 5 5 18 32 48 32 19 2 47 22 8 31 39 32 38 34 18 39 10 8 35 39 9 40 25 29 29 6 30 17 50 31 15 4 43 29 17 44 23 40 36 12 9 25 29 14 40 19 28 30 17 24 16 24 34 39 13 35 23 16 28 25 35 22 18 7 26 34 24 45 28 24 9 29 22 48 15 21 44 16 51 34 12 25 12 23 8 41 28 28 15 31 19 30 24 42 25 41 20 10 6 21 13 42 45 33 17 44 30 32 14 19 41 35 40 32 5 39 28 16 9 16 44 44 27 17 22 30 31 28 31 35 2 21 27 31 36 14 18 37 27 31 14 22 20 21 36 34 43 39 12 11 22 30 31 47 8 28 29 18 34 25 19 38 26 45 27 23 13 16 25 10 10 44 23 45 21 9 44 15 24 34 19 45 27 27 21 15 26 9 24 33 27 6 24 10 27 22 11 32 18 31 45 44 26 29 32 19 36 44 30 14 28 29 15 35 32 29 17 10 25 22 32 5 28 14 4 30 40 48 51 16 19 29 37 25 19 20 15 22 22 24 29 18 32 10 10 10 45 28 41 29 19 35 13 41 14 16 5 12 13 9 15 20 23
14 74 48 58 26 28 47 31 49 65 10 50 52 44 16 38 20 7 32 15 35 46 58 29 56 23 19 5 39 38 54 52 46 15 24 41 16 14 38 40 58 50 31 36 12 51 41 15 24 50 35 33 12 60 46 19 44 15 25 25 33 41 10 28 44 21 24 42 56 59 42 70 53 21 15 50 2 4 28 55 6 62 34 22 56 17 67 38 25 6 66 23 7 16 44 14 67 26 12 41 47 13 56 58 35 71 36 53 51 42 41 24 55 57 39 52 46 34 48 38 36 21 28 41 24 58 40 24 43 37 12 54 35 53 52 23 42 43 67 49 37 38 55 36 6 66 27 56 11 36 39 37 54 40 33 34 6 58 57 44 56 56 52 26 56 35 58 8 49 22 33 42 0 35 39 40 46 36 31 60 31 57 47 65 19 35 54 5 49 20 4 24 58 40 60 59 17 22 45 25 29 48 42 38 47 52 47 48 21 47 46 24 34 29 52 44 46 25 54 40 63 51 43 14 47 50 14 38 20 19 19 37 47 33 47 34 22 50 41 47 22 19 47 22 34 39 12 53 42 35 24 33 7 41 20 9 31 45 50 15 30 27 47 17 12 56 38 53 49 31 49 44 9 54 43 54 31 15 62 48 43 17 10 20 32 29 38 39 55 47 36 48 22 30 39 45 49 35 44 46 50 48 9 58 25 50 25 60 53 23 1 24 13 43 33 40 58 38 13 5 66 58 42 13 14 39 45 19 45 46 42 38 28 39 35 36 42 37 11 55 30 44 61 51 58 35 71 44 23 45 59 20 55 59 15 56 28 29 48 49 27 8 36 4 46 40 32 49 60 27 5 43 59 21 58 68 41 53 46 39 7 33 44 35 57 38 47 51 48 42 3 55 36 26 34 21 40 38 47 51 30 23 34 24 50 24 12 45 40 19 37 53 21 52 39 36 35 35 46 25 53 19 43 38 4 13 53 43 39 43 22 59 66 37 41 45 37 51 45 55 45 40 57 15 10 44 57 53 17 15 42 41 42 57 46 33 24 20 56 26 45 50 34 8 66 32 14 50 11 51 35 55 36 39 32 54 38 47 38 30
48 41 33 54 26 35 44 5 38 35 25 41 35 14 22 33 29 39 12 21 18 12 28 7 45 38 24 30 20 26 24 42 46 24 15 17 41 36 20 11 24 15 10 26 41 17 16 28 30 16 26 11 23 27 33 22 17 20 29 20 18 8 26 11 13 40 24 40 36 31 37 38 49 17 23 38 35 33 31 23 40 28 20 23 22 22 34 13 25 38 34 39 31 20 10 21 35 9 24 29 21 34 33 26 25 38 30 28 17 28 39 11 28 52 27 44 39 19 13 12 20 33 25 41 23 26 37 14 36 5 29 20 1 20 18 33 11 17 36 47 4 34 21 26 38 33 10 27 24 10 18 11 20 41 40 35 30 29 23 22 52 28 18 35 51 10 25 28 25 16 16 23 35 0 31 22 41 5 19 26 17 35 14 33 18 17 42 37 23 21 38 26 36 10 26 31 23 14 33 16 30 39 35 7 21 48 14 14 26 39 38 32 5 32 27 28 24 17 20 26 30 41 23 45 13 27 30 17 37 41 38 6 19 21 30 13 21 27 18 45 35 16 26 36 6 28 24 24 20 22 12 31 34 40 23 27 18 31 45 27 24 21 14 29 26 39 4 24 15 13 19 15 31 45 35 20 5 37 34 16 29 20 25 26 24 8 39 28 50 42 27 18 21 24 33 29 17 12 10 34 44 24 30 24 11 37 13 34 50 13 34 11 27 9 17 27 27 11 28 35 33 31 22 23 33 10 39 24 15 19 11 22 18 43 8 25 10 22 31 49 9 10 27 17 25 9 38 24 25 45 25 19 30 33 39 22 41 16 43 41 10 32 11 34 18 31 17 16 26 40 40 29 26 15 32 35 43 21 18 42 40 6 42 29 35 4 33 30 22 8 37 24 14 25 30 15 13 35 24 48 7 16 29 34 29 12 32 11 25 21 13 19 21 32 10 5 9 24 23 10 50 17 10 14 38 28 26 45 8 35 18 25 35 7 30 10 38 18 27 49 15 24 22 26 44 29 32 22 31 38 8 37 38 33 12 35 31 34 40 41 32 24 24 41 36 20 27 18 33 24 19 35 32 19 14 32 14 17 5 5
45 49 62 24 48 15 13 28 11 37 31 12 16 44 25 4 20 37 20 27 46 39 32 32 18 22 21 36 14 54 30 14 16 25 22 18 32 29 13 25 45 38 37 53 36 35 20 43 16 36 5 40 32 36 8 22 48 33 15 43 46 36 32 36 42 26 46 10 20 29 7 44 19 23 37 11 38 40 13 32 41 43 11 44 37 39 45 43 47 37 39 23 40 35 37 31 41 29 34 57 51 28 22 35 53 46 4 22 41 57 9 31 26 23 55 15 9 47 37 21 12 20 12 12 45 33 8 37 6 28 41 38 30 46 44 18 40 47 40 16 30 5 39 5 38 45 25 29 32 22 48 21 35 12 15 9 38 32 44 15 22 28 41 16 21 21 38 37 19 23 15 13 39 31 0 12 11 36 45 44 15 23 32 39 35 46 16 43 21 21 42 15 23 25 44 30 23 32 7 39 11 10 5 27 51 18 43 38 18 9 9 17 35 12 22 9 16 19 43 54 44 14 14 40 33 17 26 47 24 30 26 26 48 10 11 42 42 19 48 14 21 30 16 21 25 56 29 27 15 49 34 7 43 11 43 35 14 8 15 25 10 45 31 23 28 19 33 28 35 40 48 25 31 17 5 40 32 28 33 30 8 25 33 19 50 34 12 4 20 12 54 26 19 49 3 58 44 20 36 8 14 19 40 40 33 12 35 29 20 27 39 29 41 31 14 7 33 22 42 43 45 28 52 29 26 24 9 43 44 49 41 10 44 16 24 6 26 50 43 19 23 33 42 42 40 39 47 13 17 15 42 39 24 27 30 38 21 16 13 12 25 32 41 41 48 1 14 34 42 20 43 7 40 31 27 46 14 31 48 14 40 35 12 4 22 34 10 17 53 33 42 33 18 48 5 25 43 7 54 18 33 22 6 17 16 27 28 38 7 22 20 39 20 17 41 27 38 51 53 30 20 34 30 44 40 27 25 16 38 6 39 43 40 26 4 35 10 43 13 20 26 9 42 41 43 58 26 31 23 30 35 7 8 23 33 10 16 21 18 22 8 21 8 40 39 47 25 30 29 24 47 20 5 14 17 20 19 27 30 29
49 39 54 33 43 23 23 20 17 28 30 20 15 34 24 14 23 40 12 26 39 28 22 25 24 29 22 36 3 46 20 21 26 25 18 7 37 33 3 14 34 27 30 46 40 24 9 41 21 25 9 32 31 26 12 22 38 30 20 37 39 26 31 29 32 33 41 21 18 21 18 35 28 21 35 17 39 40 19 21 43 32 6 39 26 36 35 34 42 40 30 30 39 32 26 29 32 23 33 50 42 32 16 25 46 37 13 14 30 49 20 25 17 31 48 23 18 39 26 10 5 25 15 23 40 23 19 31 16 18 40 27 21 35 33 24 30 38 31 26 20 15 27 8 41 35 18 19 31 12 40 11 25 24 25 19 37 22 33 5 32 19 30 24 30 12 27 36 10 20 9 3 40 22 12 0 21 27 39 34 10 18 21 30 31 38 20 43 11 20 43 18 19 14 33 21 23 27 12 33 18 19 14 17 41 27 33 27 21 18 17 23 26 20 14 6 7 16 32 47 33 20 4 45 22 10 28 38 30 36 32 17 39 8 9 34 37 11 39 25 27 27 8 28 16 49 28 17 5 42 28 15 42 22 38 34 10 10 25 26 12 39 20 26 28 19 23 18 24 33 38 14 33 24 15 29 24 33 25 19 8 24 32 22 43 26 23 8 29 22 47 16 19 43 15 50 34 10 25 13 23 10 39 29 27 15 29 21 30 22 39 23 39 20 7 6 23 12 40 43 34 20 43 28 30 14 19 39 34 40 31 3 37 27 15 7 16 42 42 28 16 22 31 31 29 30 37 5 19 26 32 34 16 20 35 28 30 12 22 20 19 34 33 41 38 12 9 23 31 29 45 8 29 27 20 36 25 20 38 24 43 26 22 12 18 25 11 12 43 22 43 22 8 42 14 21 34 17 44 27 26 19 13 24 11 22 31 27 5 21 10 28 19 14 32 17 30 44 44 25 29 30 19 35 42 28 15 27 29 15 33 33 31 16 9 25 21 32 6 28 15 3 31 39 46 50 19 20 27 35 25 18 19 18 23 20 22 27 20 31 10 12 8 43 30 40 27 20 32 14 40 17 15 3 10 15 8 15 20 22
50 55 73 14 58 19 3 39 8 42 39 6 18 54 34 10 27 43 30 37 57 49 39 43 11 26 29 44 23 64 38 8 7 33 33 27 36 35 23 35 54 48 48 64 41 44 29 52 23 45 16 51 41 44 11 31 58 43 22 53 56 47 40 47 52 29 56 5 22 34 5 50 9 33 47 9 45 47 19 40 48 51 22 54 45 49 52 54 57 44 45 26 48 44 47 40 47 39 44 68 62 35 25 42 63 52 13 28 50 68 5 42 32 12 66 7 3 57 46 31 22 26 21 7 55 41 7 47 5 38 50 46 41 56 54 24 51 58 46 6 40 9 47 16 45 53 35 36 41 32 59 31 44 9 15 13 46 38 53 23 12 35 51 21 11 32 46 45 27 33 26 21 46 41 11 21 0 46 56 53 25 26 41 45 45 56 11 50 29 30 49 24 25 35 52 35 32 42 11 50 18 5 7 37 61 8 53 48 27 5 4 23 45 18 29 17 24 29 52 65 52 9 22 45 43 24 33 57 29 33 31 37 59 21 16 53 52 26 59 4 26 40 23 26 36 66 37 35 25 60 44 14 51 6 52 44 25 14 5 32 20 55 40 30 36 19 43 36 44 51 59 34 38 9 6 49 42 34 38 39 15 35 42 28 60 44 10 14 10 1 64 35 29 59 9 69 54 30 46 10 4 27 49 48 43 11 45 33 10 37 46 39 50 41 25 16 40 32 51 50 52 33 62 38 33 34 3 52 55 60 51 20 54 12 34 17 36 61 52 10 34 43 50 51 48 50 53 21 25 7 51 49 29 32 35 47 23 27 2 5 36 39 52 48 58 10 25 43 50 22 50 14 48 42 32 53 8 39 58 10 46 45 3 14 25 45 14 22 63 43 49 41 28 58 13 35 54 9 64 7 44 32 14 22 22 38 35 48 17 31 30 48 30 21 51 37 49 61 64 41 9 44 39 55 47 34 32 9 49 7 49 52 46 36 13 45 10 53 20 10 35 19 50 51 49 68 30 39 30 35 46 6 5 27 43 13 23 26 16 25 13 29 18 46 44 57 33 39 36 32 58 22 12 24 28 23 29 35 40 40
50 42 28 59 23 40 49 9 43 38 27 46 40 10 25 38 33 41 17 23 14 10 31 8 50 42 27 31 25 21 26 47 51 27 19 22 44 39 25 15 22 15 7 22 44 18 20 28 34 17 31 7 25 29 38 26 13 22 33 18 15 5 28 10 9 44 22 45 40 35 42 39 54 21 23 43 37 34 36 26 42 29 25 22 24 22 35 8 23 40 36 43 32 21 9 23 37 12 25 24 16 37 37 28 22 39 35 32 15 24 44 13 31 57 23 49 44 15 13 17 25 37 30 46 21 29 42 14 41 9 29 20 6 17 16 37 7 12 38 52 7 39 22 31 40 33 14 30 26 15 14 16 21 46 44 39 32 31 22 27 57 31 17 39 56 15 26 29 29 19 21 28 36 5 36 27 46 0 16 25 22 39 16 35 18 13 47 38 27 24 40 30 40 14 26 34 27 15 38 14 35 44 40 11 16 53 11 13 30 44 43 36 3 37 31 32 28 21 19 21 30 46 28 48 14 32 33 12 41 45 42 10 14 26 35 10 20 31 13 50 39 18 31 40 11 24 27 27 25 18 13 35 35 45 22 28 23 36 50 31 29 18 17 33 28 44 5 27 15 10 15 18 34 50 40 20 7 40 37 18 34 23 27 30 20 8 44 33 55 47 23 21 25 21 38 24 13 17 9 39 49 28 30 25 12 42 13 37 55 16 35 14 27 11 22 32 30 15 28 36 34 34 17 26 36 14 44 24 10 14 6 27 16 48 13 30 14 17 31 54 13 12 27 15 26 5 39 29 29 50 24 19 34 36 42 22 45 21 48 46 14 34 7 35 13 36 22 17 26 44 41 34 26 16 35 36 47 24 13 47 42 4 47 34 39 3 37 34 17 9 38 26 19 22 35 19 8 40 19 53 7 20 34 38 34 15 35 10 30 25 18 19 25 37 5 10 4 20 18 12 55 18 13 9 39 31 29 50 3 40 17 25 36 11 35 10 43 15 31 54 19 29 22 26 46 24 35 25 35 41 7 42 43 37 13 40 35 38 45 45 37 28 29 43 38 16 30 21 36 27 15 39 37 24 19 37 19 20 8 8
44 56 19 69 9 45 58 19 54 53 25 57 52 18 26 47 35 37 27 23 5 24 46 14 62 44 31 26 37 9 42 58 59 28 24 35 43 38 36 29 35 29 10 8 41 33 34 18 38 31 40 9 22 44 49 28 16 18 38 7 3 20 25 10 19 45 9 54 54 50 51 54 64 24 16 54 32 28 41 41 36 43 35 10 38 15 49 11 9 36 51 45 25 17 23 21 51 17 21 13 17 36 51 43 8 54 44 46 29 13 52 15 46 67 10 60 54 4 27 30 35 39 37 54 9 44 51 10 51 23 20 35 20 29 27 40 18 15 53 61 22 47 36 40 36 47 21 45 23 28 9 29 36 54 50 47 26 47 35 40 67 46 30 44 66 27 41 24 43 24 31 40 31 19 45 39 56 16 0 39 31 53 31 50 14 5 58 30 41 28 33 35 54 28 39 49 29 15 49 7 41 55 50 25 18 63 22 27 33 54 53 40 15 43 45 44 42 27 32 10 44 57 40 44 29 45 33 9 42 45 42 24 19 35 47 7 10 45 12 58 41 17 44 42 24 11 25 42 38 5 13 43 26 54 11 24 32 48 60 32 37 5 32 34 28 57 19 42 30 7 21 33 32 61 50 34 15 40 51 34 45 24 24 33 6 13 52 43 65 57 9 36 29 6 47 15 24 29 24 50 59 42 23 39 13 53 11 52 65 20 30 17 19 27 32 43 45 29 19 28 48 49 12 25 36 28 54 13 19 18 17 39 3 55 25 40 29 7 22 64 23 27 42 28 40 12 53 42 34 58 38 12 48 51 41 37 48 30 57 56 20 32 10 28 18 46 32 32 41 47 34 46 41 16 50 50 55 39 18 54 37 14 56 42 53 19 49 48 18 24 31 41 31 8 44 22 14 49 17 62 13 25 42 42 47 19 34 24 41 27 30 33 29 50 13 23 12 6 16 15 64 14 27 10 34 31 44 57 16 50 10 39 51 25 45 25 50 28 44 65 34 40 36 17 40 14 50 40 36 40 22 51 52 52 28 47 39 40 58 48 48 42 38 39 53 2 30 36 35 42 5 53 45 36 30 50 32 35 23 17
73 19 43 62 47 55 55 30 47 21 50 50 39 22 46 48 51 64 32 46 36 16 18 32 51 59 47 55 32 41 17 50 59 48 39 28 65 60 33 23 4 11 32 43 65 11 26 53 51 11 42 31 49 13 42 46 26 46 50 43 37 20 51 35 21 62 47 54 36 24 51 18 58 41 48 46 60 59 51 14 65 6 36 47 9 47 12 28 47 63 17 60 56 46 17 47 17 35 49 43 28 58 32 13 43 17 46 27 11 42 53 37 24 61 42 53 50 37 13 26 35 55 45 56 46 15 52 39 49 24 54 8 25 12 13 54 22 27 19 58 23 49 7 41 64 9 34 20 50 27 33 27 9 56 58 52 56 19 5 31 62 21 9 55 59 28 9 54 27 40 34 33 60 26 44 34 53 25 39 0 36 33 14 17 43 35 48 62 25 44 64 47 35 23 2 23 47 39 43 39 50 49 47 23 27 58 18 13 48 49 49 53 28 51 26 37 30 39 8 40 7 48 32 70 14 31 54 32 59 65 61 25 24 38 37 33 45 29 30 57 56 42 31 57 27 43 49 19 29 39 37 48 59 55 47 52 37 40 56 51 42 43 15 52 50 41 23 19 12 34 22 21 56 53 48 6 30 60 23 16 39 45 51 48 43 32 56 40 59 53 44 18 43 44 47 41 16 29 17 43 54 27 55 6 37 44 37 27 61 38 59 37 52 18 34 39 16 26 53 61 11 24 34 49 56 24 51 49 21 26 22 36 40 60 27 40 21 38 56 57 31 16 5 11 6 28 15 33 46 59 2 44 27 27 63 6 61 37 53 51 34 57 30 59 25 45 36 12 5 60 65 40 7 40 26 12 58 15 24 58 65 29 55 45 34 23 40 33 28 19 62 13 29 47 47 40 26 51 30 59 32 39 46 55 33 37 56 16 37 45 27 8 44 35 26 25 29 41 31 36 60 42 18 29 63 52 23 60 24 47 42 1 17 24 42 16 54 12 34 58 20 35 4 51 69 41 27 15 54 62 19 51 52 31 15 53 52 56 44 62 41 25 40 67 20 39 51 14 58 22 37 36 48 32 33 33 28 19 23 31
41 45 48 38 35 20 27 14 23 35 21 26 24 31 15 16 16 32 6 17 32 27 29 18 31 24 13 27 9 40 25 27 29 16 10 11 30 26 8 14 35 28 23 39 32 25 12 32 15 26 10 26 22 31 19 13 34 22 14 29 32 23 22 22 29 27 32 24 27 29 21 41 33 12 26 24 30 31 16 26 35 36 5 31 29 27 40 29 34 32 37 25 30 23 25 20 38 15 24 43 38 25 25 30 39 43 14 22 30 43 22 17 24 37 41 29 23 32 26 10 5 19 10 24 32 29 21 23 20 15 31 29 17 35 33 19 27 34 38 30 17 17 30 10 32 39 10 26 22 10 34 10 27 25 24 18 28 29 34 13 37 26 31 20 35 8 31 27 18 10 3 12 31 17 15 10 25 22 31 36 0 27 22 36 22 32 28 34 19 12 35 12 28 14 35 29 14 19 18 26 14 24 19 15 37 32 30 26 13 23 23 17 21 16 22 15 15 7 33 40 37 26 13 37 23 19 20 33 24 30 26 14 35 5 18 28 29 20 34 28 21 18 17 22 12 42 19 23 12 35 20 14 33 24 30 25 1 17 29 18 8 31 21 18 19 28 19 24 25 26 35 16 24 30 20 30 18 26 32 21 15 15 23 14 36 20 23 12 35 26 40 19 10 35 17 44 32 8 24 19 28 17 30 32 19 23 21 30 34 13 31 15 29 20 3 12 29 11 30 34 39 27 38 19 22 13 23 30 31 36 27 9 30 27 11 9 16 36 33 33 9 22 35 30 32 25 43 14 11 29 34 25 25 28 28 30 26 2 27 25 11 25 27 32 35 15 1 24 34 25 36 15 33 18 28 41 26 24 34 25 35 20 25 12 27 21 19 21 39 21 34 27 7 34 14 13 29 19 40 32 19 9 13 19 20 13 23 26 11 13 9 29 11 23 27 14 24 37 39 17 34 21 19 30 33 20 23 28 25 20 25 35 37 14 14 24 21 32 16 34 17 11 33 30 38 44 27 25 20 28 23 20 22 26 23 19 16 21 28 26 18 19 8 35 37 33 19 23 25 21 33 26 15 8 3 24 9 19 17 15
66 30 65 32 59 37 28 35 19 17 48 21 9 44 42 26 40 58 29 43 52 36 16 40 21 45 39 53 19 60 17 21 32 43 36 19 54 50 20 25 35 32 44 60 57 27 20 58 37 29 24 45 48 21 16 39 48 48 36 53 52 36 49 44 41 48 57 29 4 10 26 25 29 38 52 17 57 58 35 19 61 29 24 56 25 53 28 46 58 57 21 45 57 49 35 46 23 39 50 63 51 49 2 21 60 27 26 7 34 62 28 42 10 31 61 24 23 53 32 24 22 42 31 31 56 18 28 47 24 31 57 28 34 40 39 40 40 48 21 30 32 27 28 23 58 29 34 14 49 26 52 25 25 33 38 32 55 14 34 15 31 12 34 39 29 27 25 54 11 37 26 16 57 35 23 18 26 39 53 33 27 0 26 21 48 51 18 61 12 38 61 35 3 25 31 11 41 43 18 49 33 22 22 29 50 29 41 33 38 22 22 39 39 35 9 15 13 33 35 59 29 19 15 62 29 9 46 50 46 52 49 29 47 25 13 48 54 9 51 30 43 44 11 43 30 62 46 15 17 56 44 30 60 30 55 52 27 15 27 44 29 54 25 43 46 10 35 15 29 47 46 21 50 23 23 30 38 50 12 23 16 41 50 39 58 41 33 20 28 26 61 19 36 58 25 62 40 26 33 17 25 12 56 27 43 15 45 7 32 39 57 39 56 29 25 19 17 25 57 60 28 9 55 46 47 25 25 55 43 49 41 20 52 36 29 22 25 56 59 26 32 30 28 36 27 43 29 14 36 32 31 51 6 7 52 28 44 29 25 22 35 51 45 58 48 22 26 27 29 43 62 17 26 44 8 29 33 20 47 34 61 40 29 26 1 36 14 7 53 32 60 20 23 58 27 39 45 28 54 30 40 36 28 40 8 39 48 35 19 39 24 30 37 6 43 30 43 58 54 41 31 47 27 47 59 46 11 35 40 22 50 32 22 28 20 32 31 37 13 27 21 18 31 56 64 62 6 19 44 51 34 27 27 2 29 33 38 43 13 45 16 11 24 60 19 54 45 22 50 13 53 5 27 20 27 4 23 20 31 37
60 27 40 52 38 41 44 17 36 23 37 39 30 18 33 35 37 50 18 32 29 10 16 21 42 45 33 42 19 36 12 40 47 34 25 15 51 46 20 9 14 7 22 37 52 4 13 41 37 4 29 23 36 14 31 32 22 33 36 33 30 12 38 24 16 48 37 41 29 20 38 24 48 28 36 35 47 46 37 10 52 15 23 37 9 36 20 22 38 50 21 46 44 34 9 34 22 22 37 38 26 44 25 13 37 25 33 20 9 37 40 24 17 51 37 43 38 29 6 13 21 41 31 43 36 14 39 28 37 11 42 7 13 15 14 40 15 23 23 47 11 36 9 28 50 20 20 15 37 13 27 13 7 44 45 38 43 17 13 19 51 16 10 41 49 14 11 41 18 26 20 20 47 14 32 21 41 16 31 14 22 26 0 20 31 28 38 49 15 31 51 33 28 9 14 19 33 27 32 29 36 38 35 10 25 47 15 8 34 38 37 39 17 38 18 25 19 25 12 35 17 38 20 57 3 21 40 26 45 51 47 11 22 25 26 25 35 20 25 45 43 29 21 44 13 38 36 13 17 33 26 35 47 42 36 39 23 29 45 38 29 33 2 39 37 33 12 12 4 25 20 8 43 43 36 9 18 47 22 4 27 31 38 35 36 21 43 28 48 42 38 8 30 36 35 37 15 15 8 32 43 17 43 11 25 34 26 23 50 25 46 24 40 5 21 26 14 12 41 48 20 20 30 35 43 10 39 38 17 23 16 23 31 47 14 27 7 32 44 47 18 4 14 11 12 20 24 21 32 47 13 33 21 22 49 9 47 23 42 39 21 43 21 47 22 32 22 3 13 46 52 28 13 28 21 22 45 9 21 45 52 18 43 32 27 13 30 24 27 8 49 11 16 37 34 27 20 38 29 47 20 26 32 41 23 24 43 9 25 31 14 8 30 26 19 12 20 35 28 24 49 30 5 23 50 39 16 47 16 35 31 13 21 10 29 7 41 12 23 47 7 23 11 39 56 37 22 10 40 48 10 38 39 25 4 40 38 42 35 48 30 16 26 53 23 32 37 6 44 14 30 28 35 19 19 25 15 7 10 19
76 10 57 52 58 52 47 36 38 5 55 41 29 36 50 42 52 67 34 50 48 27 8 40 41 58 49 60 29 55 11 41 51 51 42 25 66 61 30 25 20 23 42 56 68 18 25 61 50 20 38 42 54 7 34 48 40 52 49 52 49 31 56 44 34 62 57 47 25 11 44 5 48 45 55 37 65 64 49 11 70 11 34 56 12 55 8 41 57 66 1 59 62 52 28 52 3 41 55 57 42 60 20 8 56 8 41 18 24 56 46 43 14 51 55 44 42 49 24 28 33 54 44 49 56 8 45 47 42 30 61 17 32 28 27 53 34 41 3 50 30 43 16 37 67 10 38 11 55 29 45 28 15 50 54 48 61 8 20 26 52 11 23 53 49 30 11 59 20 43 34 28 65 33 39 30 45 35 50 17 36 21 20 0 50 47 38 68 19 47 69 47 23 26 15 11 49 46 35 49 47 41 40 28 41 49 32 24 49 41 41 52 37 49 17 30 24 41 22 54 11 39 26 73 22 22 56 45 59 65 61 30 38 36 29 44 54 20 44 49 56 48 24 57 31 56 53 13 26 52 45 44 65 48 56 58 37 33 47 54 41 53 19 54 54 30 32 13 21 44 36 21 59 43 41 18 38 61 9 18 32 48 56 49 55 41 50 35 49 45 57 18 45 55 42 55 30 30 27 35 45 21 61 13 44 35 45 14 52 43 64 43 60 25 34 33 8 28 60 67 9 13 48 53 58 27 43 57 35 40 35 32 51 54 31 36 24 51 63 47 35 24 12 25 12 39 9 27 47 51 16 52 17 15 64 15 59 37 45 42 39 60 41 65 39 39 35 19 13 58 70 33 11 47 13 9 51 13 38 52 69 38 47 41 22 32 32 24 43 27 67 10 29 57 43 44 39 45 45 50 40 43 42 53 24 42 58 28 33 47 28 19 46 25 38 30 39 54 45 43 51 49 24 42 68 55 15 53 35 40 50 16 2 29 36 26 48 26 27 48 20 31 17 59 73 55 15 12 55 63 29 44 45 20 23 49 51 55 33 60 33 18 37 70 4 51 54 16 60 16 49 25 43 29 34 23 28 19 29 38
32 58 32 58 14 32 47 15 45 51 12 47 45 26 13 35 22 24 19 10 18 28 44 11 52 30 18 14 30 22 40 48 48 14 13 30 30 25 29 26 40 32 13 21 28 34 29 11 25 33 30 15 8 44 40 15 26 4 25 9 16 23 11 9 26 31 11 42 48 47 40 55 53 12 5 45 19 17 29 40 24 45 26 9 40 6 51 20 13 23 51 31 14 4 27 8 52 10 8 26 29 23 46 43 20 55 33 42 33 26 41 7 42 57 24 50 43 17 30 25 27 26 25 42 10 43 39 6 40 21 11 37 19 35 34 27 24 25 53 49 21 36 38 31 23 50 14 42 9 23 21 24 37 42 37 35 14 45 39 34 56 43 34 30 56 22 42 12 38 13 23 33 19 18 35 31 45 18 14 43 22 48 31 50 0 18 49 20 37 15 22 22 49 25 43 46 15 5 40 8 29 45 39 22 29 52 28 30 20 44 43 27 16 30 41 36 35 17 37 24 47 48 34 31 30 39 19 21 28 31 29 21 29 26 39 16 8 40 24 47 28 5 38 29 19 24 12 39 31 19 6 31 17 42 8 11 22 39 49 18 26 11 31 21 14 49 20 39 32 13 30 30 19 51 40 37 13 26 49 33 37 11 11 20 17 11 39 33 55 46 22 33 17 15 36 29 31 23 27 41 48 37 13 41 7 44 6 48 54 10 18 9 10 27 24 34 44 24 11 18 50 45 25 11 22 25 43 9 27 28 23 30 11 42 20 30 26 20 14 54 17 28 44 33 42 17 55 35 21 47 42 4 44 47 28 39 35 20 47 46 13 18 17 17 27 36 23 33 43 34 23 37 43 4 46 52 43 38 28 42 25 15 44 31 47 20 41 42 30 25 20 40 25 13 32 10 22 37 30 51 12 13 31 29 41 9 21 27 33 15 25 36 16 44 20 20 16 19 29 8 53 1 27 20 22 17 40 45 21 40 5 42 51 22 36 27 38 33 37 54 31 32 39 9 28 28 46 39 22 27 25 40 41 47 29 34 26 26 50 34 39 38 28 26 52 15 17 35 22 38 18 47 34 29 22 45 26 32 22 13
49 52 17 69 14 47 58 18 54 49 29 57 51 13 29 47 38 41 27 26 1 20 43 14 61 47 33 31 36 9 39 58 60 31 25 34 47 42 36 27 31 25 9 10 45 30 32 22 40 28 41 6 26 41 49 31 11 22 40 11 3 16 29 11 14 48 14 54 52 47 52 50 64 26 21 54 36 32 43 38 40 39 35 15 35 19 45 7 14 40 48 48 29 20 20 25 48 18 25 12 13 40 49 40 9 50 44 44 25 12 53 16 43 68 10 60 54 3 24 29 35 42 38 55 14 40 52 13 51 21 25 31 18 24 23 43 14 10 50 61 19 48 32 41 40 43 22 42 27 27 5 28 33 55 52 48 30 44 31 39 68 43 26 46 66 27 37 28 41 26 31 39 35 17 46 38 56 13 5 35 32 51 28 47 18 0 58 35 39 30 38 37 53 26 35 46 31 17 49 10 43 55 50 23 13 63 17 23 35 54 54 42 13 44 43 44 40 29 27 9 40 57 39 48 25 44 36 4 45 48 45 22 14 36 46 4 14 43 7 59 44 20 43 45 22 11 29 39 37 5 14 44 31 55 16 28 32 47 61 34 38 10 29 37 31 56 17 39 27 6 16 31 36 61 51 30 15 43 49 31 45 27 27 35 9 13 53 43 66 57 11 33 31 10 48 13 20 28 21 50 59 40 27 35 15 53 13 49 66 21 34 19 24 24 32 43 42 27 24 33 44 46 8 28 39 26 54 18 14 13 13 38 8 56 24 40 26 5 26 64 23 24 38 24 36 9 49 41 35 60 34 16 46 49 45 33 51 30 58 56 21 36 7 33 13 46 32 29 37 50 39 45 37 18 47 46 56 36 13 55 41 12 56 43 51 16 49 47 13 21 36 37 30 13 45 24 9 50 13 63 13 26 43 44 46 20 38 20 41 30 29 29 30 49 10 22 9 7 12 17 65 18 25 6 38 34 41 59 12 51 14 34 48 23 45 22 51 23 43 65 31 40 32 22 44 13 48 37 39 44 18 51 53 50 24 48 41 43 57 50 48 40 39 43 50 5 33 33 39 40 2 52 46 35 30 49 31 32 20 17
59 47 74 15 62 28 12 40 5 34 46 5 10 54 40 17 35 52 32 42 59 47 32 45 4 35 36 51 23 66 32 4 16 40 37 25 45 43 23 33 49 45 50 66 50 40 27 58 31 42 20 52 47 37 9 37 58 48 30 56 58 46 47 49 51 39 60 15 14 27 13 42 12 38 52 5 53 55 27 34 56 45 24 58 40 54 45 54 61 52 37 36 55 49 45 45 39 42 49 70 61 43 18 36 65 45 18 21 47 69 15 45 25 14 68 7 9 59 44 30 23 34 27 18 59 34 16 50 12 38 56 42 41 53 51 32 50 58 38 14 40 17 43 19 53 46 38 29 47 32 60 31 39 19 26 21 53 31 48 20 15 28 48 30 12 32 40 52 22 37 28 20 54 42 16 20 11 47 58 48 28 18 38 38 49 58 0 57 24 36 57 31 16 34 47 28 38 46 10 53 26 7 12 37 61 12 52 45 34 8 9 31 46 26 22 15 20 33 49 67 45 3 20 54 40 18 41 58 38 43 40 37 58 24 13 54 56 20 59 14 34 45 18 35 36 68 44 29 22 62 47 22 58 16 57 50 27 11 10 39 25 58 37 38 43 9 43 30 41 53 57 31 46 5 12 44 44 42 30 35 14 40 48 35 63 46 20 16 12 10 67 31 34 62 16 70 52 30 44 9 9 22 55 43 46 5 48 25 15 40 53 42 56 39 26 16 33 32 57 58 45 26 63 44 41 33 11 57 54 59 51 20 57 23 35 19 35 62 58 10 35 40 44 49 42 50 45 18 32 17 46 53 22 23 44 42 33 30 10 7 39 47 53 56 58 15 27 39 44 32 58 13 42 45 25 46 19 34 57 20 55 46 14 20 17 44 10 15 63 42 57 35 28 61 20 39 54 17 64 13 45 36 20 31 16 41 43 46 17 37 30 44 35 14 51 37 50 64 63 44 14 48 38 55 55 41 25 20 49 11 52 47 38 36 14 43 19 50 16 11 32 19 46 56 57 70 23 33 38 44 44 14 14 18 41 23 31 35 6 35 11 23 21 54 36 60 41 35 44 26 60 13 19 23 29 16 28 32 39 42
14 76 46 62 24 33 51 33 52 68 13 54 56 45 19 42 24 10 34 18 35 48 61 30 60 27 23 8 43 37 57 56 50 19 26 44 20 17 42 43 59 51 32 35 15 53 44 14 28 52 39 34 14 62 50 22 45 17 29 24 33 43 13 29 45 25 23 46 60 62 46 72 58 24 15 54 6 4 32 57 7 64 38 21 58 17 69 39 24 9 68 27 6 17 46 16 70 28 13 39 47 17 59 61 34 73 39 56 52 41 45 26 58 61 38 56 50 33 49 41 39 25 32 45 23 60 44 25 47 39 11 56 37 55 53 27 43 44 70 53 39 42 57 40 8 69 30 59 14 39 39 40 56 44 37 38 7 61 59 47 60 59 54 31 61 38 60 9 52 25 36 45 5 37 43 43 50 38 30 62 34 61 49 68 20 35 57 0 52 23 4 28 61 42 62 62 21 23 49 26 33 52 47 40 47 57 48 49 25 51 50 28 35 33 56 47 49 28 56 39 66 56 47 15 49 53 18 38 24 23 22 39 48 36 50 34 21 54 42 51 26 21 51 26 37 37 15 56 45 34 25 37 4 45 20 10 34 49 54 18 34 26 50 21 16 60 39 56 51 31 49 47 13 58 47 56 32 19 65 50 47 20 12 24 31 30 42 43 60 51 34 50 25 29 43 44 50 38 46 50 54 51 8 60 26 54 26 63 57 25 4 26 12 45 37 44 61 40 12 2 69 61 41 16 18 42 49 18 46 47 43 42 27 43 37 40 44 36 9 59 33 46 63 53 61 36 73 47 27 49 61 20 58 62 19 58 32 32 52 53 29 12 36 3 46 44 35 51 62 31 4 47 61 22 61 71 45 55 47 43 8 34 48 39 61 40 51 54 48 44 2 58 39 25 39 24 41 42 47 55 31 26 37 28 53 26 16 47 43 22 40 55 24 56 39 38 35 34 46 27 57 20 45 39 5 16 56 47 40 48 22 61 69 40 45 47 41 53 49 59 48 44 58 14 11 43 61 56 21 19 44 45 46 60 48 37 28 25 60 30 49 53 38 10 69 31 18 53 15 54 34 59 40 42 35 58 41 50 40 32
59 29 54 38 48 34 31 24 22 17 39 25 15 32 33 24 34 50 18 34 40 25 12 29 27 40 31 44 10 48 10 26 35 34 26 8 48 44 12 13 26 22 32 48 50 17 9 47 32 19 20 34 39 16 18 31 37 38 30 42 41 25 40 33 30 43 46 30 14 11 27 24 34 29 41 21 48 48 30 11 53 22 16 45 17 42 24 35 47 50 19 41 47 38 23 37 21 28 40 51 40 42 10 15 48 26 23 6 24 50 29 31 6 37 49 29 26 41 21 13 15 36 25 32 45 13 28 35 25 19 47 19 22 30 28 35 29 37 20 34 20 25 19 18 50 25 24 9 39 15 40 14 16 33 36 29 46 11 25 7 37 8 24 35 35 16 18 44 3 27 17 9 49 23 21 11 29 27 41 25 19 12 15 19 37 39 24 52 0 30 52 29 14 14 24 10 32 33 19 38 29 25 23 17 39 33 30 22 31 25 25 33 27 31 4 13 6 24 26 48 24 24 8 55 17 6 38 39 41 47 43 18 36 18 13 36 43 5 39 33 38 33 7 38 19 50 37 7 8 44 33 26 50 31 44 42 19 16 31 36 23 43 14 36 37 18 23 8 18 35 35 9 42 28 24 21 27 44 14 12 15 32 40 32 46 30 32 17 34 29 49 8 28 46 24 51 29 15 22 19 29 2 47 20 32 19 33 12 36 28 48 29 46 17 16 15 12 13 47 51 24 9 43 37 40 14 27 45 32 38 30 14 41 36 17 17 13 44 49 32 21 18 22 25 20 31 26 9 29 34 23 40 7 11 46 19 40 20 29 26 25 43 33 49 36 21 18 16 22 39 54 16 20 33 10 25 34 11 35 34 53 28 30 22 13 24 16 9 41 20 51 12 13 47 24 29 33 27 43 34 29 26 24 35 9 28 41 24 14 31 13 21 29 11 31 19 31 46 42 30 35 36 16 35 51 38 5 36 28 22 39 24 20 17 18 21 30 27 9 33 9 13 23 45 56 50 10 11 37 45 23 27 28 11 18 31 33 37 20 41 17 1 19 53 19 42 37 12 43 4 41 13 25 11 17 10 12 9 19 26
30 56 46 43 29 17 32 17 31 46 11 33 34 34 4 21 9 21 13 7 30 32 40 18 39 18 3 16 20 37 36 35 33 5 7 22 21 16 19 23 43 35 22 35 22 34 23 23 11 34 17 25 12 42 28 2 36 13 10 24 29 28 12 20 33 20 26 27 37 40 26 51 39 5 17 32 19 20 14 37 24 45 15 24 39 19 50 30 28 20 47 19 20 14 30 10 49 14 14 40 39 14 36 40 35 53 19 34 36 40 26 14 35 42 38 36 29 30 32 20 16 13 10 27 25 39 25 19 26 21 21 37 21 40 38 13 31 35 49 35 22 22 39 18 21 49 12 37 12 18 33 19 37 27 23 20 18 40 42 24 42 37 37 16 41 17 40 16 30 5 14 23 20 21 21 20 30 24 28 44 12 38 31 47 15 30 36 23 30 0 23 8 39 22 44 40 3 14 27 21 14 31 25 22 39 38 35 33 6 30 29 13 23 15 33 25 26 6 40 38 47 34 24 27 30 30 10 32 17 21 18 20 38 14 28 27 23 31 35 32 15 11 28 16 18 39 9 34 23 32 16 17 23 27 23 14 11 26 35 8 12 26 30 9 8 38 24 35 33 24 39 26 13 37 26 39 19 17 43 30 25 5 12 6 32 19 25 21 40 31 36 29 2 30 22 43 37 17 30 28 34 29 20 41 16 32 17 41 39 10 19 12 20 27 14 22 39 20 21 23 49 39 37 8 13 21 29 22 34 38 30 19 25 27 17 17 24 34 23 39 13 29 44 37 42 26 53 25 6 32 43 19 36 39 19 39 21 10 32 32 12 14 27 21 37 22 13 33 43 20 25 24 42 13 39 51 28 34 37 27 24 22 30 17 38 25 28 32 40 27 23 37 18 28 18 7 31 22 41 36 19 6 17 14 31 11 13 31 21 1 19 37 1 33 29 20 25 34 40 14 39 15 26 30 22 9 34 30 27 26 20 43 48 21 23 30 23 38 26 40 27 21 41 21 27 42 38 35 11 18 28 25 26 37 30 20 12 14 38 21 27 31 15 24 48 29 8 33 14 32 31 36 19 19 13 35 19 29 23 16
12 77 50 61 28 31 50 34 52 69 14 52 56 47 20 41 23 7 35 19 37 49 62 32 58 25 22 9 43 40 58 54 49 19 27 45 17 15 42 44 61 53 34 37 12 54 45 16 26 54 38 36 15 63 49 22 47 19 28 27 35 44 13 31 47 23 26 45 60 63 45 73 56 24 18 53 5 6 31 58 4 66 38 24 59 19 71 41 26 6 69 25 9 19 48 17 70 30 15 43 50 15 59 62 36 74 39 56 54 43 44 28 58 59 40 55 49 36 51 42 39 24 31 43 26 61 43 27 45 40 14 57 39 57 55 26 45 46 71 51 41 40 58 39 5 70 31 59 15 40 42 41 57 42 36 37 9 62 60 47 59 60 55 29 59 39 61 11 52 26 36 45 4 38 42 43 49 40 33 64 35 61 51 69 22 38 57 4 52 23 0 27 61 43 64 62 21 25 48 28 31 50 46 42 50 55 50 51 24 49 48 27 37 32 56 47 49 29 58 42 67 55 47 12 50 53 17 41 22 20 20 40 50 36 50 37 24 54 44 49 24 23 51 24 38 41 16 56 46 37 27 36 8 44 23 12 34 48 53 18 33 29 51 20 16 60 41 57 52 34 52 48 12 57 46 58 34 17 66 52 47 21 13 23 34 32 40 42 58 50 38 51 25 32 42 47 52 39 48 49 53 51 11 61 28 53 28 64 56 27 5 27 15 46 37 44 62 41 15 6 70 61 44 16 17 43 48 21 48 49 45 42 30 41 38 40 45 39 13 58 34 48 64 54 62 39 74 47 26 48 62 23 59 62 17 59 30 33 51 52 30 11 39 6 49 43 35 53 63 29 2 46 63 24 62 72 43 56 49 41 5 36 47 38 61 41 50 54 50 45 2 59 40 27 38 25 43 41 50 53 33 27 37 27 53 27 15 49 43 22 41 56 24 56 42 39 38 37 49 28 55 22 46 41 3 16 56 45 42 47 25 63 70 41 44 48 40 55 49 58 49 44 60 17 7 46 61 57 20 16 45 44 45 60 49 36 27 23 59 28 48 53 38 7 70 34 17 54 14 55 37 59 39 42 36 57 41 50 42 33
31 56 53 37 36 10 26 22 26 46 16 27 30 39 11 15 5 23 16 14 37 37 40 24 33 13 6 21 19 44 36 29 26 10 12 22 20 15 17 25 46 38 29 43 22 37 23 29 4 37 12 32 18 42 23 8 42 20 4 31 36 33 17 26 38 16 33 21 34 39 19 52 32 11 24 26 23 25 7 37 26 47 13 31 40 26 51 36 35 23 47 14 25 21 35 17 49 20 20 47 45 14 34 41 42 54 13 32 40 47 19 21 34 35 45 29 23 37 36 21 15 8 5 20 32 40 18 25 20 25 27 40 26 45 43 8 36 41 49 28 27 15 41 13 24 51 17 37 18 20 40 21 39 20 16 13 23 39 45 23 35 37 41 10 35 19 42 22 28 12 14 20 24 26 15 18 24 30 35 47 12 35 33 47 22 37 31 28 29 8 27 0 35 25 46 39 8 20 22 28 7 25 20 25 45 31 40 37 3 24 23 6 28 8 32 21 25 10 43 45 48 29 22 27 33 28 11 39 13 19 15 24 43 11 24 34 30 29 41 26 10 18 26 11 22 45 14 34 22 39 23 10 28 20 30 20 11 22 28 10 7 33 32 8 13 33 29 35 36 31 44 27 16 31 20 41 24 15 42 32 20 12 18 4 39 25 18 16 34 25 43 31 6 37 16 49 41 19 34 23 28 27 25 43 22 27 24 39 32 16 24 18 26 30 14 18 40 22 27 28 50 37 43 14 12 24 22 29 40 44 36 16 33 20 21 13 27 40 29 33 17 32 46 41 43 32 54 22 2 25 45 26 34 38 17 41 16 11 26 26 17 17 33 26 42 16 12 35 45 15 28 20 44 20 38 52 21 35 42 20 26 27 23 11 35 30 24 29 46 31 27 38 18 35 12 14 37 16 47 30 25 11 11 8 28 17 13 36 17 8 20 40 7 30 34 24 31 40 46 21 32 22 29 37 25 12 33 23 33 21 27 46 48 24 18 34 16 42 23 33 29 18 44 27 29 49 36 36 9 17 33 19 20 35 33 13 5 9 33 16 22 29 12 26 47 36 10 34 15 32 38 33 13 18 14 32 20 30 27 22
66 32 67 30 60 37 26 36 17 18 49 19 8 45 42 25 40 58 30 44 54 38 18 41 18 44 39 54 20 61 19 19 31 43 37 20 53 50 21 26 37 34 45 62 57 29 21 59 37 31 24 47 49 23 15 40 50 49 36 54 54 38 50 45 43 48 58 27 3 12 25 26 27 39 53 16 57 58 34 21 61 31 24 57 27 53 30 48 59 58 23 45 57 50 37 47 25 40 51 64 53 49 4 23 61 30 25 9 37 64 27 43 12 28 63 22 22 54 34 25 23 41 31 30 57 21 27 48 23 32 58 30 35 42 41 40 42 50 22 29 34 26 30 23 58 32 36 16 49 27 53 26 28 32 37 31 56 17 36 15 30 14 37 38 26 28 27 54 12 38 27 17 58 36 23 19 25 40 54 35 28 3 28 23 49 53 16 61 14 39 61 35 0 27 34 13 41 45 17 50 33 20 21 30 52 27 43 35 38 21 21 38 41 34 10 15 14 34 37 61 32 17 16 62 30 10 46 52 46 52 48 31 49 25 12 49 55 10 52 28 42 45 11 43 31 63 47 17 18 57 45 29 61 29 56 52 28 15 25 44 29 55 27 43 46 7 36 18 31 48 48 23 50 21 22 33 40 50 15 25 16 42 50 39 59 42 32 20 27 24 62 21 37 59 25 64 42 27 35 16 23 13 57 30 44 14 46 10 30 39 58 41 57 31 26 18 19 26 58 61 30 11 56 46 47 27 23 57 45 51 43 20 54 35 30 22 27 57 60 25 33 32 30 38 29 45 31 15 36 31 33 52 8 9 52 30 43 30 24 21 37 51 47 59 50 22 27 29 31 42 62 16 29 45 10 31 32 22 49 33 61 41 27 26 2 38 13 8 55 34 61 22 25 59 27 40 47 27 56 28 41 37 27 39 9 40 48 37 19 40 25 32 38 6 45 32 44 59 56 42 29 48 29 49 60 46 13 33 42 20 51 34 24 30 19 34 30 39 13 26 22 18 34 57 64 64 8 21 44 51 36 25 26 4 31 32 38 43 10 44 15 13 24 61 20 56 45 24 50 15 55 3 27 21 28 4 24 22 33 38
51 35 41 47 34 33 37 11 30 27 30 34 26 20 25 27 29 42 9 25 27 14 20 16 37 37 25 35 12 35 16 35 40 26 17 9 43 38 13 1 22 14 19 35 44 13 7 35 28 13 21 20 29 20 25 24 25 26 27 29 27 13 30 19 18 40 33 34 27 23 32 31 42 20 30 30 39 39 29 16 44 24 15 32 17 30 28 22 34 42 27 38 37 27 13 26 28 15 30 38 28 36 24 19 35 32 25 19 17 37 33 18 18 45 36 37 32 28 13 5 14 32 23 36 32 19 32 23 30 6 35 16 9 22 20 32 17 25 29 40 7 28 17 20 42 28 13 18 29 5 27 4 15 36 37 31 36 20 21 14 45 19 17 33 44 6 19 34 15 18 12 15 40 10 25 14 35 14 28 23 14 25 9 26 25 26 34 42 14 22 43 25 27 0 22 22 25 21 26 25 28 32 28 4 27 41 19 14 26 32 31 30 14 30 18 20 15 17 20 35 25 33 15 48 10 18 32 26 37 42 39 4 25 17 22 23 30 18 26 39 34 22 17 35 6 37 28 15 12 31 20 27 40 35 31 32 15 23 39 29 21 30 9 30 29 30 10 15 12 22 24 6 35 38 29 17 13 38 25 9 21 23 30 26 33 16 35 21 43 35 36 9 21 33 28 38 20 7 11 26 37 14 36 19 19 29 21 24 44 17 39 17 34 7 12 20 19 3 35 41 27 22 30 27 34 1 33 32 20 26 17 16 28 39 5 19 3 31 38 41 10 9 22 18 20 18 32 16 24 40 21 27 21 24 40 17 39 14 36 34 14 35 20 39 25 25 14 11 22 38 45 22 20 21 22 29 38 14 24 37 44 15 36 24 26 11 25 21 29 9 42 16 8 33 26 19 20 30 31 41 15 18 25 32 20 17 34 13 18 23 6 16 22 23 19 5 18 33 30 17 43 24 5 22 42 30 16 40 15 29 26 22 27 3 23 11 33 19 18 42 7 17 19 33 48 37 23 14 32 39 11 31 32 24 9 32 29 33 32 39 24 15 19 45 28 29 29 11 36 14 28 26 27 12 11 23 7 8 6 13
73 18 44 61 48 54 54 30 45 20 50 49 37 23 46 47 51 64 31 45 36 16 16 32 50 59 47 55 31 42 15 49 58 48 38 27 64 60 32 22 6 11 32 44 65 10 25 53 50 10 41 32 49 11 41 45 27 46 49 43 38 21 51 35 21 62 47 53 35 23 50 17 57 41 48 45 60 58 50 13 65 5 35 47 8 48 10 29 47 63 16 60 56 46 17 47 15 34 49 44 28 58 30 11 44 15 45 26 11 43 52 37 22 60 43 52 49 37 13 26 34 54 44 54 46 14 50 39 48 24 54 7 25 14 14 53 22 28 18 57 23 48 6 40 63 9 34 18 49 26 33 26 9 56 57 51 56 18 5 30 60 20 10 54 58 28 7 54 26 40 33 31 60 26 44 33 52 26 39 2 35 31 14 15 43 35 47 62 24 44 64 46 34 22 0 21 47 39 42 40 49 48 46 23 27 57 19 14 48 48 48 52 28 51 25 36 29 39 9 41 5 47 31 70 14 29 53 33 59 64 61 24 25 37 36 33 45 27 31 56 56 42 30 57 27 44 49 18 29 40 37 47 59 54 47 52 36 39 54 51 42 43 14 52 50 40 23 17 12 34 22 20 56 51 47 6 30 60 22 15 38 44 51 48 44 33 55 40 58 52 45 18 43 45 47 42 17 28 17 42 52 26 55 5 37 43 38 25 60 38 59 37 52 18 34 37 15 25 53 61 9 23 35 48 56 23 50 49 22 27 23 35 41 59 27 39 20 39 56 56 31 16 4 12 5 29 15 32 46 58 2 44 26 26 62 6 60 36 52 49 34 57 30 59 26 43 35 12 3 59 65 39 5 40 24 12 56 14 25 57 65 29 54 44 32 23 39 32 30 19 62 12 29 47 46 40 27 50 32 57 32 39 45 54 32 37 56 17 37 44 27 8 43 33 26 25 29 42 31 36 59 42 18 30 63 52 22 59 24 46 42 1 16 24 41 16 53 13 33 57 19 35 4 51 69 42 26 14 54 61 19 50 51 30 15 52 51 55 43 61 40 24 39 66 19 40 51 14 57 21 37 35 47 31 32 32 27 18 23 31
69 20 59 42 56 43 37 32 28 8 49 31 18 37 43 33 44 60 28 44 47 28 5 37 31 50 41 54 20 54 8 30 41 44 36 18 58 54 22 21 25 24 39 55 60 18 18 56 42 21 29 41 48 11 24 41 41 47 40 50 48 30 50 41 34 53 54 37 15 2 34 15 39 39 50 27 58 58 40 10 63 18 26 53 15 51 18 40 55 60 11 50 57 48 28 46 13 36 50 57 44 52 11 10 55 18 32 8 26 56 36 39 5 41 55 33 32 48 24 22 25 46 35 39 53 8 36 44 32 27 56 19 30 31 30 44 34 42 11 40 27 34 19 28 60 19 33 5 49 24 46 23 16 41 44 38 56 4 25 17 42 3 26 44 39 25 15 54 11 37 27 19 59 31 30 21 35 34 49 23 29 11 19 11 46 46 28 62 10 40 62 39 13 22 21 0 42 42 25 46 38 31 30 25 43 38 33 26 41 31 31 43 35 40 8 21 15 34 26 54 19 28 18 65 21 13 48 44 51 56 53 26 40 28 19 43 51 11 44 39 47 43 14 48 27 56 47 7 18 51 41 35 60 38 52 52 29 23 37 46 32 51 18 46 47 20 30 8 21 43 39 17 52 33 31 21 35 54 4 16 22 42 50 42 54 38 40 26 39 35 56 13 38 54 32 56 32 24 26 25 35 12 56 18 40 25 42 5 41 37 58 38 55 23 26 24 7 22 56 61 18 2 48 47 50 22 33 53 36 42 35 23 49 44 26 27 21 50 58 37 30 23 18 27 17 38 19 18 39 41 21 48 7 5 56 18 50 30 35 32 34 53 40 59 40 29 28 19 19 49 64 23 16 42 4 19 41 11 39 42 63 35 37 32 12 31 22 14 45 26 61 10 23 55 33 39 39 35 47 40 37 36 33 45 14 37 51 28 24 40 22 21 39 15 37 27 38 53 47 38 40 45 22 41 61 48 6 43 34 30 47 22 12 25 26 25 39 29 17 38 16 22 22 54 66 56 6 10 47 55 28 34 35 10 22 39 42 47 23 51 24 10 28 63 9 50 47 14 53 8 48 15 34 21 27 12 22 14 26 34
27 58 47 44 29 17 33 19 33 49 9 34 36 36 3 22 7 18 16 6 32 35 42 20 40 16 3 14 23 37 39 36 33 2 9 25 19 13 22 25 45 37 24 36 19 37 25 22 10 37 18 27 10 44 29 2 38 13 10 24 30 30 10 21 35 18 26 28 40 43 27 54 39 7 16 34 17 18 14 39 21 48 18 24 41 18 52 32 27 18 50 17 18 14 33 9 51 15 13 41 41 12 39 43 35 56 20 36 39 41 27 16 38 43 39 37 31 31 35 22 19 11 12 27 25 42 26 19 27 23 19 40 23 43 41 12 33 37 52 35 25 23 41 20 19 52 14 40 10 21 35 22 39 27 22 20 15 43 44 27 43 40 40 15 42 20 43 15 32 8 16 25 17 23 23 23 32 27 29 47 14 41 33 49 15 31 38 21 32 3 21 8 41 25 47 42 0 14 29 22 14 32 27 24 41 39 37 36 5 31 30 12 25 15 36 27 29 9 42 39 49 36 26 24 33 33 7 33 15 19 16 23 40 16 30 28 22 34 36 33 13 12 31 14 21 39 7 37 26 33 17 18 20 28 22 13 14 29 36 5 13 26 33 6 6 40 26 37 35 25 41 29 10 39 27 41 21 14 46 33 27 5 11 5 32 21 25 23 41 32 37 32 5 30 23 43 39 20 32 30 35 31 18 44 17 34 19 43 40 11 17 14 19 30 17 24 42 23 20 21 52 41 38 7 10 24 30 22 37 40 33 21 26 27 20 20 27 35 21 41 16 31 47 39 44 28 56 27 7 32 45 19 39 42 16 42 20 13 33 33 14 11 29 19 39 24 15 35 46 19 22 27 45 13 42 54 29 37 39 27 21 23 30 19 40 27 31 34 42 29 20 40 20 28 19 8 33 23 42 37 21 8 18 14 33 12 10 34 23 3 22 40 4 36 31 22 27 34 41 16 39 15 29 32 19 6 37 30 30 28 20 46 51 23 24 32 24 40 29 41 30 23 43 20 24 43 41 38 8 15 31 26 27 40 33 20 11 12 40 19 29 33 18 21 50 30 5 35 11 35 32 39 20 22 16 37 22 32 25 19
35 54 33 55 17 30 44 11 41 47 13 43 41 23 12 33 21 26 16 10 18 25 40 8 49 30 16 17 26 24 36 45 45 14 10 26 31 25 25 22 37 29 11 23 29 30 25 15 24 30 27 13 10 40 37 14 25 7 24 11 16 20 13 7 23 31 14 40 44 42 38 51 50 10 9 42 22 20 27 36 27 42 23 13 36 10 47 19 16 25 47 31 17 7 23 9 48 6 10 27 27 23 41 39 22 51 30 38 30 27 38 3 38 54 25 47 40 17 27 21 23 25 22 39 13 39 37 5 37 17 15 33 15 32 31 26 21 24 49 47 17 33 35 27 26 46 9 38 11 19 21 20 34 39 36 32 17 41 36 30 54 39 31 29 53 18 38 15 34 10 19 29 22 14 32 27 42 15 15 39 19 43 27 46 5 17 46 23 33 14 25 20 45 21 39 42 14 0 36 8 27 42 36 18 28 49 26 27 19 41 40 26 13 28 37 33 32 14 33 25 43 44 30 33 26 36 20 20 28 32 29 17 27 22 35 15 11 36 23 45 27 3 34 28 15 25 13 35 28 19 3 29 20 39 12 14 19 35 47 18 23 13 27 20 14 45 17 35 28 12 28 26 20 48 37 34 10 27 45 29 33 10 13 18 19 8 37 30 52 43 23 29 15 18 34 30 28 19 23 37 45 33 16 38 4 41 5 44 51 6 21 4 14 23 20 30 39 20 15 22 46 41 24 12 23 20 40 12 25 27 21 26 13 40 16 27 22 21 17 51 13 24 40 30 38 15 51 31 19 44 38 8 40 43 28 35 34 17 44 43 8 20 16 20 26 33 19 29 40 33 26 33 39 1 42 49 41 34 26 39 27 12 42 29 44 17 37 38 29 21 23 36 20 16 30 8 20 35 29 48 9 10 28 27 37 6 21 24 29 13 21 32 14 40 18 16 14 20 28 4 50 4 23 18 25 18 36 43 18 37 7 39 47 18 32 24 36 30 33 51 27 28 36 13 31 29 42 35 22 27 21 37 38 43 25 32 25 26 46 33 36 34 25 29 48 16 17 31 23 34 18 43 31 25 18 41 22 28 18 9
51 45 65 21 53 21 13 31 5 32 37 8 10 45 31 9 26 44 23 33 50 39 29 36 13 28 26 41 14 57 27 10 16 31 27 17 38 35 14 25 44 38 40 57 42 34 20 49 22 35 11 43 38 34 2 28 50 39 21 47 49 38 38 40 44 32 50 12 15 25 9 40 17 28 43 6 44 46 19 30 47 41 14 49 35 44 42 46 52 43 36 29 46 40 38 36 38 33 40 60 53 35 17 33 56 43 10 18 40 60 11 35 22 20 59 12 8 50 37 22 14 26 18 14 49 31 11 41 7 30 47 36 32 46 44 24 42 49 36 16 32 10 37 10 44 43 28 26 38 23 51 23 34 16 20 15 44 28 43 13 20 25 41 22 18 23 36 43 16 28 19 12 45 33 7 12 11 38 49 43 18 18 32 35 40 49 10 49 19 27 48 22 17 26 42 25 29 36 0 43 18 7 5 28 53 16 44 38 25 7 7 23 37 18 19 7 14 24 43 58 41 9 12 47 33 14 32 49 30 36 33 28 50 14 7 45 47 16 51 15 27 35 12 27 27 59 35 24 15 53 38 13 49 13 47 41 18 3 13 31 16 49 30 29 33 13 35 25 35 44 50 24 37 13 6 39 35 35 28 29 5 31 39 26 54 37 16 7 18 11 58 25 25 53 8 61 45 22 36 1 12 17 46 38 37 5 39 24 19 31 45 33 46 31 17 7 30 23 47 49 42 24 54 35 33 25 8 48 46 51 43 11 48 19 26 10 27 53 49 16 26 33 40 42 38 42 43 11 23 17 41 43 19 22 36 37 27 20 11 9 29 38 44 47 50 6 17 33 40 26 49 4 38 36 23 43 16 29 49 17 47 37 13 11 17 36 4 12 55 34 48 31 20 52 11 30 45 11 56 16 36 27 12 24 12 31 34 39 8 28 21 38 26 12 43 29 41 55 55 34 18 39 30 46 46 33 22 18 40 5 43 42 37 28 5 36 14 43 10 17 25 10 40 47 49 61 21 29 29 36 37 9 10 18 34 16 23 27 12 28 2 18 12 46 34 50 32 29 35 21 50 14 11 15 20 14 20 25 31 33
39 56 26 63 11 38 52 15 48 51 19 51 48 20 19 40 29 31 22 17 11 24 43 9 56 37 24 21 32 16 39 52 53 21 18 31 37 32 31 26 36 29 8 15 35 32 30 14 32 30 34 9 16 43 44 22 20 12 31 4 9 19 19 6 20 38 9 47 50 47 45 53 58 18 11 49 26 23 35 39 31 43 30 8 37 9 48 14 9 30 50 38 20 10 23 15 50 11 15 19 22 30 47 41 14 53 38 43 29 20 46 9 43 61 17 54 48 10 27 26 30 33 30 47 8 42 44 3 45 20 16 34 17 30 29 34 19 19 51 54 19 41 35 35 30 47 16 42 17 24 15 25 35 47 44 40 20 44 35 35 61 43 30 37 60 23 39 18 39 17 26 35 25 16 39 33 50 14 7 39 26 49 29 49 8 10 53 26 38 21 28 28 50 25 40 46 22 8 43 0 35 49 44 22 22 57 23 27 27 48 47 33 13 36 42 39 37 21 33 17 44 51 36 38 27 41 26 14 35 38 36 21 22 30 42 9 6 41 17 52 35 11 39 35 20 18 19 39 33 12 6 37 22 47 8 18 26 42 54 25 30 6 30 27 21 52 18 39 29 6 24 30 26 55 44 34 12 33 49 31 40 17 17 26 11 9 45 37 59 50 15 33 23 10 41 22 26 24 23 44 53 38 18 39 7 48 5 49 59 13 24 11 14 25 27 37 42 25 15 24 47 46 18 18 29 24 48 10 21 22 18 33 5 48 21 34 26 13 18 58 18 25 41 29 39 12 52 37 27 52 38 6 45 47 35 36 42 24 51 50 15 26 11 23 21 40 26 31 40 41 29 40 40 9 47 50 49 36 22 47 31 11 49 36 49 17 44 43 23 22 26 39 26 10 37 15 16 42 23 56 10 18 36 35 42 13 28 24 36 21 26 33 22 46 15 20 11 13 22 9 58 8 25 13 28 24 41 51 16 45 4 39 50 22 39 24 44 29 39 59 31 35 36 13 35 21 47 37 29 34 21 45 46 48 26 40 32 33 53 41 43 39 32 33 51 9 24 33 29 39 11 49 39 31 24 46 27 32 20 13
34 57 59 31 42 6 19 27 21 45 22 21 26 44 17 10 10 27 20 20 43 41 40 30 27 12 12 26 19 50 37 23 19 16 18 23 21 18 18 28 49 42 34 49 25 39 25 35 5 40 10 38 24 43 19 14 47 26 5 37 42 37 23 32 42 15 40 14 31 38 14 52 26 18 30 22 28 30 2 39 31 49 14 38 42 32 52 42 41 27 48 13 31 28 39 23 49 26 26 53 50 18 32 42 48 54 8 31 44 54 13 27 34 29 51 24 18 43 40 24 15 9 6 14 39 41 12 32 14 29 33 42 30 49 47 7 41 46 49 22 31 9 43 11 28 52 22 37 24 24 46 24 41 13 10 6 28 40 48 22 29 37 45 6 29 22 44 28 28 18 17 20 29 30 11 18 18 35 41 50 14 33 36 47 29 43 26 33 29 14 31 7 33 28 49 38 14 27 18 35 0 19 15 29 50 25 44 40 9 18 17 6 33 2 31 19 24 15 47 51 50 24 21 30 37 27 16 44 14 19 16 28 48 12 21 39 36 28 47 19 10 25 25 10 26 52 20 34 22 45 29 5 33 14 36 26 13 19 22 15 8 39 35 13 19 30 33 35 39 37 49 29 21 26 15 44 30 18 42 34 18 18 24 10 45 31 11 13 28 19 49 32 13 44 11 55 46 22 38 19 22 27 31 45 29 22 30 38 26 22 29 24 33 34 16 15 40 25 34 33 52 37 49 21 16 27 17 36 45 49 41 16 39 14 25 12 30 47 35 27 22 36 48 44 45 37 55 21 8 19 48 32 33 37 19 44 12 15 20 21 22 22 39 31 48 12 15 38 47 11 33 17 46 26 37 53 15 37 47 13 30 33 17 8 33 34 21 27 52 35 32 39 21 42 7 20 42 10 52 23 30 17 6 7 26 23 18 40 15 15 23 43 13 28 40 28 36 47 52 27 26 28 33 42 30 17 33 17 38 16 33 49 49 28 14 38 10 46 22 27 31 17 46 34 32 55 35 37 13 19 37 13 14 33 37 6 6 10 29 13 18 29 11 29 47 43 16 36 19 32 44 30 8 19 17 30 22 32 31 27
53 50 71 15 58 21 7 37 4 37 40 2 13 52 35 11 29 46 29 37 56 46 35 42 8 29 30 45 21 63 34 4 11 34 32 24 39 37 20 32 50 45 47 63 43 40 26 53 24 42 15 49 42 40 8 32 56 43 24 52 55 44 41 45 50 32 56 8 18 30 7 45 10 33 47 5 47 49 21 36 50 47 20 54 41 49 48 52 57 46 41 29 49 45 44 40 43 39 44 67 60 37 21 39 62 48 13 24 47 66 9 41 28 13 65 5 3 56 43 29 20 28 21 11 55 37 9 46 5 36 51 43 39 53 51 26 49 56 41 9 38 10 44 15 47 48 34 31 42 30 57 29 41 13 19 15 47 34 49 20 14 31 48 23 12 30 42 46 23 33 25 18 48 39 10 19 5 44 55 49 24 22 38 41 45 55 7 52 25 31 50 25 20 32 48 31 32 42 7 49 19 0 6 35 59 9 51 45 28 1 2 25 44 20 24 13 20 29 49 64 48 5 19 48 40 20 35 56 31 36 33 35 57 20 13 51 52 22 57 9 28 40 19 28 34 65 38 31 22 59 43 16 52 10 52 44 24 10 7 34 20 54 37 32 37 14 41 32 41 50 56 31 40 7 6 45 41 36 33 35 12 35 42 29 60 43 14 13 11 5 64 32 29 58 10 68 51 28 43 7 5 23 50 44 42 7 45 28 12 36 48 38 50 38 23 13 35 30 51 52 48 29 61 39 35 32 4 52 52 58 49 18 53 16 32 15 34 59 53 10 32 40 46 48 44 48 49 18 26 11 47 48 25 27 37 43 26 26 4 2 35 41 50 50 56 9 23 40 46 26 52 11 44 41 28 49 13 35 56 14 49 44 8 14 21 43 10 18 61 40 51 37 26 57 14 35 52 11 62 10 42 32 15 25 17 37 37 45 15 32 28 44 30 17 49 35 47 60 62 40 11 44 37 53 49 36 28 14 47 5 48 48 42 34 10 43 13 50 16 10 32 16 47 51 51 67 26 35 32 37 43 8 7 22 40 16 25 29 12 28 9 25 17 48 39 56 35 36 38 28 57 18 13 21 26 19 26 32 38 39
48 50 66 20 53 17 9 32 7 37 35 8 14 48 29 6 24 41 24 32 51 42 33 37 14 25 25 40 17 58 32 10 13 29 27 20 35 32 16 28 47 41 42 58 39 37 23 48 20 39 10 44 37 38 6 26 52 38 19 47 50 40 36 40 46 28 50 8 19 29 5 44 15 28 42 8 42 44 16 34 45 45 15 48 39 44 46 47 51 41 40 25 44 39 40 35 42 33 39 61 55 32 21 37 57 47 8 22 44 61 7 36 26 18 59 11 5 51 40 24 15 23 16 10 49 35 6 41 2 32 46 40 34 49 47 21 44 51 41 13 34 6 41 10 42 47 29 30 36 25 52 25 38 11 16 11 42 32 46 17 18 29 44 19 17 25 39 41 21 27 20 15 42 35 5 14 7 40 50 47 19 22 35 40 39 50 12 47 23 25 46 20 21 28 46 30 27 36 5 44 15 6 0 31 55 14 47 41 23 5 4 20 39 15 23 10 17 23 46 59 46 9 16 44 36 18 30 51 27 32 29 30 52 15 11 46 47 20 52 11 24 35 17 24 29 60 33 29 18 54 38 11 47 9 47 39 18 8 11 29 14 49 33 27 32 16 37 30 38 44 52 27 35 12 1 42 36 32 33 32 8 30 37 24 54 38 11 8 16 8 58 29 24 53 5 63 48 24 39 5 10 21 44 42 37 9 39 28 16 31 43 33 45 34 18 9 34 26 46 47 46 28 56 33 30 27 5 47 48 53 45 13 48 15 28 10 30 54 48 15 27 36 43 45 42 43 48 15 21 13 45 43 24 27 33 41 23 20 8 7 30 36 45 45 52 4 18 36 44 22 47 7 41 36 27 47 12 33 51 13 44 39 9 9 21 38 9 17 57 36 45 35 22 52 8 30 47 7 58 14 37 26 10 20 16 32 32 41 10 26 23 41 25 17 45 31 42 55 57 35 15 39 33 48 44 31 26 14 42 1 43 46 41 30 6 39 10 46 14 15 28 12 44 46 46 62 26 32 27 33 39 5 6 22 37 12 20 24 15 24 7 23 12 43 39 51 30 33 33 26 51 18 8 17 21 19 22 29 33 34
50 36 38 49 32 33 39 8 33 30 28 36 29 18 24 29 29 41 10 23 24 13 22 13 40 37 24 33 15 32 18 37 42 25 16 12 42 37 15 5 22 14 16 32 43 13 10 33 29 13 23 17 27 22 28 23 22 24 28 26 24 10 29 17 16 40 30 36 30 26 34 33 44 19 27 33 38 37 29 18 43 25 16 29 18 27 30 19 31 40 29 38 35 25 11 25 30 13 28 35 25 35 27 21 32 34 27 22 16 34 35 16 22 48 33 40 35 25 12 7 16 32 23 37 29 21 34 20 32 2 33 16 6 21 19 32 14 22 31 43 4 30 18 22 41 29 11 21 27 6 24 6 16 38 38 32 34 23 21 17 48 22 17 34 46 7 20 32 19 17 13 17 38 7 27 17 37 11 25 23 15 29 10 28 22 23 37 40 17 22 42 25 30 4 23 25 24 18 28 22 29 35 31 0 25 44 17 13 25 34 34 31 11 31 21 22 18 16 19 31 26 36 18 47 9 22 31 22 37 42 38 2 22 18 25 19 27 21 23 41 34 20 20 35 4 34 27 18 15 28 17 28 38 37 28 30 16 26 41 29 22 26 10 30 28 33 7 18 12 19 22 8 34 40 31 17 11 38 28 11 24 22 29 26 30 14 37 23 45 38 33 12 21 30 30 35 18 8 10 29 39 18 34 20 16 32 18 28 46 15 37 15 32 6 14 22 22 5 33 39 29 24 27 26 34 4 35 30 18 23 15 18 25 41 5 21 5 27 35 44 9 8 23 17 21 15 33 19 24 42 22 25 24 27 40 18 40 15 38 36 12 34 17 38 22 27 15 12 23 39 43 25 22 19 26 31 39 16 21 39 43 12 38 25 29 8 27 24 27 7 40 18 9 31 27 18 18 32 28 44 13 17 26 33 23 15 34 12 21 22 8 16 21 26 15 3 14 30 27 15 45 22 5 19 41 30 20 42 13 31 23 22 30 1 25 9 35 17 21 45 10 19 20 31 47 34 26 17 32 39 9 33 35 27 9 33 30 33 35 40 27 18 20 44 30 26 28 13 35 18 25 29 29 14 12 26 9 11 3 10
61 45 17 73 26 55 63 24 57 45 40 60 53 8 39 53 47 52 32 36 14 15 39 22 64 56 42 42 39 17 35 62 66 41 33 36 58 53 39 28 23 19 17 19 56 25 34 35 49 23 46 15 37 35 52 40 4 33 48 24 16 15 40 21 10 58 27 60 53 44 57 44 69 35 33 57 48 44 51 34 52 32 40 28 29 31 37 9 26 51 42 57 42 32 16 36 42 26 36 17 1 51 49 35 19 42 50 44 18 16 59 26 42 72 17 64 59 15 19 31 40 51 45 61 26 36 57 24 56 24 37 25 21 15 15 51 11 4 44 67 21 54 26 46 52 36 29 39 38 30 9 30 28 61 60 55 42 40 22 41 72 40 19 54 70 30 31 40 41 34 36 42 47 21 51 41 61 16 18 27 37 50 25 41 29 13 61 47 39 39 50 45 52 27 27 43 41 28 53 22 50 59 55 25 0 68 10 18 44 59 58 51 17 52 42 47 42 36 20 15 32 60 42 60 22 45 47 9 55 59 56 25 4 41 49 14 27 43 6 65 53 31 44 54 26 18 40 37 39 16 25 51 44 60 28 39 38 50 65 45 44 22 26 47 42 57 19 36 22 17 5 30 47 64 55 24 21 53 45 28 48 37 39 44 20 21 60 47 70 62 19 32 39 22 53 15 12 32 18 53 64 40 40 29 24 56 24 47 70 30 46 28 36 23 37 46 37 30 36 45 36 44 9 39 50 28 59 30 8 2 10 42 21 63 27 45 27 14 39 68 29 21 31 17 30 14 42 43 44 65 27 28 45 47 56 27 60 36 62 60 28 47 12 45 3 51 38 25 30 59 51 49 31 29 45 39 63 32 4 62 53 18 62 49 51 17 51 47 3 20 48 33 34 25 51 33 9 56 5 68 21 34 49 53 47 29 49 16 45 39 32 23 39 50 11 24 15 18 4 26 70 29 24 10 50 44 40 65 13 55 25 26 42 25 49 19 58 16 45 69 30 43 25 34 57 15 46 33 49 55 17 57 58 49 22 55 50 52 59 59 51 40 44 55 44 18 44 30 50 38 14 52 52 38 34 49 33 31 22 23
56 58 80 6 66 25 6 46 12 45 46 9 20 61 41 17 34 50 37 44 64 55 43 50 9 31 36 50 30 71 42 8 8 40 40 33 42 41 29 41 59 54 55 71 46 49 35 60 30 51 23 58 48 48 17 38 65 50 29 60 64 53 47 54 59 35 63 11 25 38 12 53 1 40 54 13 51 54 25 44 54 55 29 61 50 56 56 61 64 50 49 32 55 51 53 47 51 47 51 75 69 41 29 47 70 56 20 32 56 75 12 49 36 5 73 5 10 64 52 37 29 32 28 13 62 45 13 54 13 45 58 52 48 62 60 30 57 65 49 5 47 17 52 23 51 57 42 40 48 39 66 38 49 13 21 19 53 42 58 29 5 39 57 27 4 38 50 52 31 40 33 27 52 48 18 27 8 53 63 58 32 29 47 49 52 63 12 57 33 38 55 31 27 41 57 38 39 49 16 57 25 9 14 44 68 0 60 54 34 10 10 29 52 24 33 22 29 36 58 72 56 10 28 51 49 28 40 64 35 39 36 44 65 28 21 60 59 30 66 6 32 48 27 32 43 73 45 39 30 67 51 22 58 12 60 50 32 19 3 39 27 62 46 37 43 20 50 40 50 58 65 40 44 7 13 54 49 40 41 44 21 42 49 35 68 51 16 21 3 7 72 41 36 66 16 76 60 37 52 16 5 32 56 53 50 15 53 36 3 44 53 46 57 47 32 22 44 39 58 57 56 36 69 45 39 40 10 60 61 67 58 26 61 16 41 24 43 68 59 4 41 49 54 57 52 56 57 26 32 9 56 56 33 35 40 52 28 34 6 8 43 45 59 55 65 17 32 49 54 28 56 20 52 49 36 57 13 44 65 15 53 52 9 21 28 51 18 26 70 49 55 45 35 65 20 42 60 16 71 3 51 39 22 29 26 45 41 54 24 39 37 53 37 25 58 44 56 69 70 48 2 51 46 61 53 41 36 12 55 13 56 57 50 43 19 51 16 59 25 4 40 25 56 58 55 75 34 43 36 41 52 13 12 30 49 20 29 33 17 30 18 33 25 52 47 64 40 44 42 36 65 25 19 30 34 26 35 41 47 47
60 36 26 65 30 49 56 19 49 35 38 52 44 5 35 45 43 51 25 34 18 5 29 19 55 52 38 42 31 24 26 53 58 37 29 27 55 50 31 19 14 10 16 25 54 15 25 37 44 13 39 15 35 26 44 36 9 32 43 26 20 8 38 19 3 54 30 52 43 35 50 35 60 31 33 49 47 44 45 24 52 23 32 30 20 32 29 11 30 50 33 53 42 31 7 34 33 22 35 26 11 48 39 25 25 34 43 34 8 24 51 23 32 63 25 55 51 19 9 23 32 47 39 54 29 26 50 24 48 16 38 16 15 8 6 47 5 9 35 59 14 46 17 38 51 27 24 29 36 22 15 22 18 54 53 48 42 30 14 32 64 30 10 49 62 23 22 39 32 30 29 33 47 14 43 33 53 11 22 18 30 41 15 32 28 17 52 48 30 35 50 40 43 19 19 33 37 26 44 23 44 51 47 17 10 60 0 8 40 50 50 46 13 46 33 38 32 31 11 23 24 51 33 58 13 35 43 14 51 55 52 17 7 34 40 15 29 34 13 57 49 28 34 50 19 26 37 27 30 22 23 44 44 53 30 39 31 42 57 41 37 25 16 43 39 47 12 26 13 17 6 21 44 56 47 14 17 50 35 19 40 33 38 40 26 18 53 39 61 54 26 22 35 26 46 24 3 24 8 45 55 31 40 19 22 47 22 37 62 26 46 24 37 13 30 38 28 22 38 46 28 34 16 36 46 20 51 32 3 9 5 34 23 57 20 37 18 20 40 60 23 12 22 8 20 12 33 34 39 58 18 28 35 37 52 18 55 30 54 52 24 45 13 45 8 43 31 15 21 54 51 40 21 26 35 30 56 22 7 55 52 14 54 42 41 10 43 38 13 11 48 24 26 29 44 29 9 48 14 60 18 30 42 48 37 25 46 6 37 35 24 14 35 40 9 17 13 24 14 23 61 28 15 12 50 41 30 58 8 47 26 18 33 18 41 9 51 7 36 60 21 35 16 35 56 24 36 23 45 51 8 49 51 39 12 49 45 48 49 55 42 30 37 54 35 22 40 20 47 29 19 42 45 30 27 40 25 21 14 19
61 30 34 59 35 46 50 17 43 28 38 46 37 12 35 41 41 52 22 34 24 3 21 20 49 49 36 43 25 31 18 47 53 36 27 21 54 49 25 14 10 3 19 32 54 8 19 40 41 6 34 19 36 19 38 34 16 33 40 30 25 8 39 22 10 52 34 47 36 27 44 28 54 30 35 42 48 46 42 16 53 17 28 34 12 35 23 17 35 51 25 50 44 33 4 34 26 22 37 33 19 47 32 18 32 27 38 27 4 32 46 24 24 57 31 49 45 25 2 18 27 44 36 49 33 19 45 26 43 13 41 9 13 9 7 44 10 17 27 53 11 41 10 33 51 21 22 22 37 18 21 18 11 50 50 44 43 23 10 26 58 23 5 46 56 18 15 41 25 28 25 27 48 14 38 27 48 13 27 13 26 33 8 24 30 23 45 49 22 33 51 37 35 14 14 26 36 27 38 27 40 45 41 13 18 54 8 0 37 44 44 43 15 42 25 32 26 28 7 30 18 45 26 58 5 28 42 21 49 54 50 14 15 30 33 20 32 27 20 51 46 29 28 47 16 32 37 19 24 28 25 40 46 48 34 40 27 35 51 40 34 30 9 41 39 40 10 19 5 22 14 14 44 49 42 8 18 49 28 11 34 33 39 38 31 20 48 34 55 48 33 15 33 32 41 31 8 20 4 39 49 24 42 13 24 40 25 30 56 26 47 24 39 8 26 32 20 17 40 48 22 26 24 36 45 15 45 36 11 17 11 29 28 52 17 32 12 27 43 53 20 6 15 4 14 16 27 28 36 53 12 31 28 29 51 11 52 27 48 46 22 45 17 47 15 38 27 7 14 51 53 35 15 28 28 24 51 15 14 50 53 16 49 37 34 10 36 31 20 7 50 16 21 34 39 28 15 43 22 54 19 28 38 45 30 25 45 4 31 33 19 7 33 33 14 14 16 30 22 23 56 29 9 18 51 41 23 53 11 41 29 13 26 14 36 4 46 6 30 54 14 29 10 38 57 31 29 16 43 50 6 44 45 32 5 45 42 45 42 52 36 23 32 54 28 27 39 12 46 21 25 35 40 25 23 32 20 14 11 19
29 58 51 39 34 12 28 21 29 48 13 30 33 39 8 18 4 20 17 11 36 37 42 23 36 12 3 18 21 42 38 32 28 7 12 24 18 13 20 26 47 39 28 41 20 38 25 26 5 38 15 31 15 44 26 5 41 18 5 29 34 33 14 25 38 15 31 23 37 41 22 54 35 10 21 29 20 22 9 39 24 48 15 29 42 23 52 35 32 20 49 13 22 19 35 14 51 19 17 45 44 12 36 43 40 55 16 34 41 46 22 20 37 38 43 32 26 35 37 22 17 7 8 22 30 42 21 24 23 25 24 41 26 45 43 8 36 40 51 30 27 18 42 16 21 52 16 39 15 22 39 22 40 22 18 15 20 42 46 25 38 39 42 11 37 20 44 19 30 11 15 23 21 26 18 21 27 30 33 48 13 38 34 49 20 35 34 25 31 6 24 3 38 26 48 41 5 19 25 27 9 28 23 25 44 34 40 37 0 27 26 7 28 10 34 24 27 10 44 43 50 32 24 25 34 31 8 37 12 17 13 24 43 14 27 32 27 32 40 28 9 16 28 10 22 44 11 36 24 38 22 13 25 23 27 17 13 25 31 7 10 31 34 5 10 36 29 37 37 30 44 29 13 34 23 42 24 13 45 34 23 10 15 1 37 24 20 19 37 28 41 32 5 35 19 48 42 20 34 26 31 30 22 44 21 30 23 42 35 15 21 17 24 31 15 20 42 23 25 25 52 40 42 12 10 25 25 27 40 43 36 19 31 22 21 16 28 39 26 36 18 33 47 41 45 31 55 25 3 27 46 24 37 40 15 43 16 12 29 29 17 14 33 23 42 19 14 36 47 15 25 23 45 18 40 54 24 37 42 22 23 27 26 14 38 30 27 31 46 31 24 40 20 33 15 12 36 19 46 32 24 11 14 9 30 16 11 36 20 6 22 41 6 33 34 24 30 39 45 19 35 20 30 36 22 9 35 25 33 24 25 47 50 25 21 34 19 42 26 36 30 21 45 25 26 47 39 38 7 15 33 21 23 38 34 15 6 9 36 16 25 32 14 23 49 35 7 35 12 34 36 36 16 20 16 35 21 32 27 22
52 51 71 15 57 20 6 37 4 38 39 3 13 52 34 10 28 45 28 36 55 46 35 41 9 28 29 44 20 62 34 5 11 33 31 24 38 36 20 31 50 45 46 62 42 40 26 52 23 42 14 49 41 39 8 31 55 42 23 52 55 44 40 45 50 31 55 8 18 30 6 45 10 32 46 5 46 48 20 36 49 47 20 53 41 48 48 51 56 45 41 28 48 44 44 39 43 38 43 66 59 36 21 39 61 48 12 24 47 66 8 40 28 14 64 6 2 55 43 28 20 27 20 10 54 36 8 45 4 35 50 43 38 52 51 25 48 55 41 10 38 9 43 14 46 49 33 32 41 29 56 29 40 12 18 14 46 34 49 19 14 31 47 22 13 29 42 45 23 32 24 18 47 39 9 18 5 44 54 49 23 22 38 41 44 54 8 51 25 30 49 24 21 32 48 31 31 41 7 48 18 1 5 34 59 10 50 44 27 0 1 24 43 19 25 13 20 28 49 63 48 6 19 47 39 19 34 55 30 35 33 34 56 19 13 51 51 21 56 9 27 39 19 27 33 65 37 31 21 58 42 15 51 9 51 43 23 10 7 33 19 53 37 31 36 15 40 32 41 49 56 31 39 8 5 45 40 35 33 35 11 34 41 28 59 42 13 12 12 4 63 32 28 58 9 67 51 28 43 7 5 23 49 44 42 7 44 29 13 35 47 37 50 38 22 13 36 29 50 51 48 29 60 38 34 31 3 52 52 57 49 17 52 15 32 15 33 59 52 10 32 39 46 48 44 47 49 17 25 11 47 47 25 27 36 43 25 25 5 3 34 40 49 49 56 9 23 39 46 25 51 10 44 40 28 49 12 35 55 13 48 43 7 13 21 42 9 18 60 40 50 37 25 56 13 34 51 10 62 10 42 31 14 24 18 36 36 45 14 31 27 44 29 17 49 35 46 60 61 39 12 43 36 52 48 35 27 13 46 4 48 48 42 34 10 42 12 49 16 11 31 16 47 50 50 66 26 35 31 36 43 7 6 23 40 15 24 28 13 27 9 25 16 47 40 55 34 35 37 28 56 18 12 21 25 19 26 32 37 38
51 51 70 16 56 19 7 36 5 38 38 4 14 51 33 9 27 44 27 35 54 45 35 40 10 27 28 43 20 62 34 6 11 32 31 23 37 35 19 31 50 44 45 61 41 40 26 51 22 41 14 48 40 40 7 30 55 41 22 51 54 43 39 44 49 30 54 7 19 30 5 46 11 31 45 6 45 47 19 36 48 47 19 52 41 47 48 51 55 44 41 27 47 43 43 38 43 37 42 65 59 35 22 38 60 48 11 24 46 65 7 39 28 15 63 7 1 54 43 27 19 26 19 10 53 37 7 45 3 35 49 42 38 52 50 24 47 55 42 10 37 8 43 13 45 49 33 32 40 29 56 28 40 11 17 13 45 34 49 19 15 31 47 21 13 28 42 44 23 31 23 18 46 38 9 17 4 43 53 49 23 22 37 41 43 54 9 50 25 29 48 23 21 31 48 31 30 40 7 47 17 2 4 34 58 10 50 44 26 1 0 23 42 18 25 13 20 27 49 62 48 7 18 46 39 20 33 54 29 34 32 34 55 18 12 50 50 22 56 8 26 39 19 26 33 64 36 31 21 57 42 14 50 8 51 42 22 10 8 32 18 53 36 30 35 15 40 32 41 48 55 30 38 9 4 45 39 34 34 35 11 33 41 27 58 42 12 11 13 5 62 31 27 57 8 66 51 27 42 6 6 23 48 44 41 8 43 29 13 35 46 37 49 37 22 12 36 29 50 50 48 29 59 37 33 31 3 51 51 57 48 16 52 15 31 14 33 58 51 11 31 39 46 48 44 47 49 17 24 11 47 47 25 28 35 43 24 24 5 4 33 39 49 48 55 8 22 39 46 24 50 10 44 39 28 49 11 35 55 13 47 42 7 12 22 41 10 18 60 39 49 37 25 56 12 33 50 9 61 10 41 30 13 23 18 35 35 44 14 30 27 44 28 17 48 34 46 59 60 39 12 42 36 51 47 34 28 13 45 3 47 48 42 33 9 42 11 49 16 12 31 15 46 49 49 66 26 35 30 35 42 6 5 23 39 14 23 27 13 26 9 25 15 46 40 55 33 35 36 28 55 18 11 20 25 19 25 32 37 37
29 61 58 35 40 5 24 28 26 50 19 27 32 45 15 15 5 22 22 18 43 43 44 30 33 7 10 22 24 49 41 29 23 13 18 27 16 13 22 31 52 44 34 47 19 42 28 32 2 43 15 37 21 48 24 12 48 24 4 35 41 39 19 32 44 10 37 19 36 43 18 57 30 17 27 27 23 25 5 43 26 52 18 35 46 29 56 42 39 22 52 8 26 25 41 20 54 25 23 52 51 13 37 46 47 58 13 36 46 52 18 26 39 33 50 29 23 42 42 27 19 4 9 17 37 45 17 31 20 31 30 45 32 51 49 2 42 47 53 25 33 15 47 16 23 56 23 41 20 26 45 26 44 17 11 11 24 44 51 27 33 41 47 4 33 25 48 24 32 17 19 25 24 32 17 23 23 36 40 53 17 39 39 52 27 42 31 28 33 13 27 6 38 30 52 43 12 26 23 33 6 25 20 31 51 29 46 43 7 24 23 0 34 5 36 24 29 16 49 50 54 29 26 24 39 32 11 44 8 14 10 30 49 16 27 39 34 33 47 23 5 23 29 5 28 50 17 39 26 44 28 10 29 18 34 22 16 24 27 11 11 38 38 8 15 35 35 40 41 36 50 33 16 30 20 47 30 12 47 38 23 16 21 8 44 31 14 19 32 24 48 36 12 42 16 55 47 24 40 24 27 32 27 49 28 28 30 43 30 22 24 24 29 36 19 20 45 27 30 28 56 42 49 18 10 29 21 33 46 50 42 20 37 16 27 17 33 46 31 32 23 38 51 47 49 38 59 26 8 22 51 30 38 42 14 47 10 17 25 26 23 17 39 26 48 18 18 41 51 9 28 22 49 25 42 57 18 41 48 16 25 33 21 13 38 36 26 32 52 37 27 43 24 39 12 19 42 14 53 27 31 17 12 2 31 23 13 42 20 13 26 46 12 33 40 30 37 45 52 26 30 26 35 42 25 13 38 20 39 21 31 52 53 30 20 40 14 48 27 32 34 22 49 30 27 54 40 41 8 13 39 17 19 38 39 10 1 5 34 10 24 34 15 24 52 41 12 39 13 36 43 35 13 23 20 35 25 35 33 28
47 43 28 58 22 38 48 7 42 39 25 45 39 11 23 37 31 39 15 21 13 13 32 6 50 40 26 29 24 21 28 47 50 25 17 22 42 37 24 15 25 17 6 21 41 20 20 25 32 18 30 7 23 31 37 23 14 19 31 16 14 8 26 8 11 41 20 44 40 36 41 41 53 18 21 42 34 32 34 27 39 31 24 20 25 20 36 9 21 38 38 41 30 19 11 21 38 10 23 24 18 35 37 29 21 41 34 33 17 24 42 10 32 56 22 49 43 14 15 17 24 35 28 44 19 30 41 12 40 9 27 22 6 20 18 35 9 13 40 50 8 37 23 30 38 35 12 30 24 15 14 16 23 45 43 38 29 33 24 27 56 32 19 37 55 15 27 27 29 18 20 27 34 5 35 26 45 3 15 28 21 39 17 37 16 13 46 35 27 23 37 28 41 14 28 35 25 13 37 13 33 44 39 11 17 52 13 15 28 43 42 34 0 35 31 32 28 19 21 21 32 45 27 45 15 32 31 13 38 43 40 10 16 25 34 9 18 31 14 49 37 16 30 38 10 23 25 28 25 17 10 34 32 44 20 26 22 35 49 29 27 17 18 31 26 43 6 27 17 8 16 19 32 49 40 22 4 38 38 20 33 21 25 28 20 5 43 32 54 46 22 22 23 19 37 25 16 16 11 38 48 28 28 26 10 41 10 38 55 14 33 12 25 13 21 31 31 15 26 34 35 35 17 24 34 14 43 22 13 16 9 27 15 47 12 29 15 17 29 53 12 13 29 18 27 5 40 29 27 49 26 17 34 37 40 24 43 20 47 45 12 32 7 33 15 35 21 19 28 42 39 34 28 14 36 38 46 25 15 45 40 2 46 32 39 5 37 35 19 10 36 27 18 21 34 17 9 39 20 52 5 18 33 36 34 13 33 12 29 22 17 21 23 37 7 9 4 19 19 10 54 15 14 10 37 29 30 48 6 39 15 27 38 11 34 12 41 18 31 54 20 28 24 24 43 24 36 26 33 39 9 41 42 38 14 39 33 36 45 43 36 28 28 41 39 16 28 22 34 28 14 39 35 23 18 37 19 21 9 7
34 59 61 30 44 4 19 29 21 47 23 22 27 46 18 10 10 27 22 21 45 43 42 31 28 10 13 27 21 51 39 24 18 17 20 25 20 18 20 30 51 44 36 50 24 41 26 36 6 42 11 39 25 45 20 15 49 28 5 39 44 39 24 34 44 14 41 14 32 40 13 54 25 19 31 22 28 30 2 40 31 51 16 39 44 33 54 44 42 27 49 11 31 29 41 24 51 27 27 55 52 18 33 44 50 56 9 33 46 55 13 29 36 29 53 24 18 45 42 26 17 9 8 13 40 43 12 33 15 31 34 44 32 51 49 7 42 48 50 21 33 10 45 13 28 54 24 39 25 26 47 26 43 12 8 6 29 41 50 24 28 38 47 5 28 24 46 29 29 19 19 22 29 32 12 20 18 37 43 51 16 35 38 49 30 44 26 33 31 15 32 8 34 30 51 40 15 28 18 36 2 20 15 31 52 24 46 42 10 19 18 5 35 0 33 20 26 17 49 52 52 24 23 29 39 28 16 46 13 18 15 30 50 14 23 41 37 30 48 19 9 26 26 9 28 53 21 36 24 47 31 5 34 13 37 27 15 20 22 15 10 41 37 13 19 30 35 37 41 39 51 31 21 25 15 46 32 17 43 36 19 20 25 11 47 33 10 15 27 19 51 34 14 45 11 57 48 24 40 19 22 29 32 47 30 23 32 39 25 24 29 26 34 36 18 17 42 27 34 33 53 38 51 22 15 29 16 37 47 51 43 17 40 13 27 14 32 48 35 27 24 38 50 46 47 39 56 23 10 17 50 34 35 38 19 46 10 17 20 21 24 22 41 31 50 13 17 40 49 9 33 18 48 28 38 55 14 39 49 12 30 35 16 9 34 36 22 28 54 37 32 41 23 43 8 21 44 9 54 23 32 19 8 6 27 25 18 42 17 16 25 45 15 29 42 30 38 48 53 28 25 29 35 44 30 17 35 15 40 16 34 51 50 30 15 40 9 48 23 27 33 19 48 35 32 56 37 39 13 18 39 12 14 34 39 5 6 10 29 11 19 31 13 29 49 44 17 38 18 34 45 31 8 21 19 31 24 34 33 29
62 27 57 37 52 36 31 28 22 15 43 25 13 35 37 26 37 53 22 38 44 28 11 33 26 42 35 48 14 52 10 25 35 38 30 12 51 47 15 17 28 25 36 52 53 19 13 51 34 21 22 38 43 16 18 34 40 41 33 46 45 28 44 37 33 46 50 30 11 8 27 22 33 32 45 21 52 52 33 12 56 23 19 49 18 46 24 38 51 53 18 43 51 42 27 40 19 32 44 55 43 45 7 15 52 25 25 2 27 54 29 35 4 35 53 28 26 45 24 17 18 39 28 33 49 13 29 39 25 23 51 21 26 32 31 37 32 40 18 33 24 26 21 20 54 24 28 7 43 19 44 18 18 34 37 31 50 10 27 10 36 7 27 37 33 20 18 48 4 31 20 12 52 27 22 14 29 31 45 26 22 9 18 17 41 43 22 56 4 33 56 32 10 18 25 8 36 37 19 42 31 24 23 21 42 33 33 25 34 25 25 36 31 33 0 13 8 28 28 51 24 23 10 58 20 6 42 42 44 49 46 22 39 21 13 40 47 4 43 33 40 37 7 41 23 54 41 7 11 48 37 28 54 31 48 46 22 16 31 40 25 47 17 39 41 16 27 8 21 39 38 13 46 27 24 23 31 47 11 15 15 36 44 35 50 34 33 19 33 29 53 11 31 50 25 54 32 19 25 19 29 5 50 21 36 19 37 8 36 32 52 33 50 21 20 17 11 17 51 55 24 6 47 40 43 18 27 49 35 41 33 16 45 37 21 20 17 48 53 31 25 22 22 28 20 35 25 10 32 35 24 44 3 7 49 21 42 24 28 26 29 47 37 53 40 22 21 19 22 42 57 16 20 37 6 25 34 12 39 35 56 32 31 24 9 28 16 8 45 24 55 13 17 51 26 33 37 28 46 34 33 30 26 37 7 32 44 27 16 34 17 23 32 9 35 23 35 50 46 34 35 40 19 39 55 41 4 36 32 23 43 25 19 21 19 24 32 29 10 32 13 15 24 49 59 54 6 12 40 48 26 27 28 7 21 32 35 40 18 44 17 3 21 56 17 46 40 14 46 5 45 10 26 14 21 8 16 12 23 30
52 40 60 27 49 23 19 26 11 28 35 14 9 40 29 13 26 44 18 31 45 33 23 31 18 30 25 40 8 52 22 15 23 29 24 11 39 36 9 19 37 32 35 52 43 27 14 46 23 29 10 38 36 28 6 26 44 36 22 43 44 32 36 35 38 34 46 18 13 20 15 35 23 26 40 11 43 44 20 24 47 35 11 45 29 41 36 40 48 43 31 31 44 37 32 33 32 28 37 55 47 35 13 27 51 37 12 13 34 55 17 31 17 26 53 18 14 45 30 16 10 27 17 20 45 25 16 37 12 24 45 30 27 40 38 25 36 44 31 22 26 13 31 9 44 37 24 20 36 18 45 17 28 21 24 18 42 23 36 7 26 19 35 25 24 18 29 41 11 25 14 5 44 28 9 6 17 32 44 37 15 15 25 30 36 44 15 47 13 25 47 21 15 20 36 21 27 33 7 39 19 13 10 22 47 22 38 32 24 13 13 24 32 20 13 0 7 21 36 52 36 14 6 48 27 9 32 44 32 38 34 22 44 12 3 40 43 10 45 21 28 32 7 29 22 54 33 19 9 48 33 15 47 19 44 39 15 4 20 30 14 45 24 29 32 14 29 20 28 39 44 18 36 18 11 32 30 35 24 22 2 29 37 25 49 32 20 6 24 17 53 19 23 48 12 56 39 16 30 7 18 11 44 32 32 10 35 20 25 27 43 29 44 25 13 4 24 17 45 47 36 19 49 33 33 19 15 44 40 45 37 7 43 24 20 8 21 48 46 22 22 27 33 35 32 36 38 5 22 23 35 40 15 18 37 31 30 17 17 15 25 37 38 45 44 9 14 27 34 29 48 3 31 32 19 37 22 23 43 22 46 32 19 12 14 30 5 8 49 28 47 25 14 48 13 27 39 15 50 23 31 24 13 25 8 27 34 32 5 26 15 32 24 9 37 23 35 50 49 30 24 35 24 41 45 32 16 24 34 11 39 36 32 22 6 30 19 37 4 23 19 5 34 44 49 55 17 22 30 37 30 15 16 15 27 19 24 29 14 31 5 13 10 46 30 46 31 23 35 16 45 12 14 9 15 11 14 19 25 28
55 34 55 34 47 29 26 23 18 22 36 21 12 34 30 19 30 47 16 32 41 28 17 28 24 35 28 42 7 49 15 22 30 31 24 7 44 40 8 14 31 26 32 49 46 21 9 46 27 22 15 35 36 21 13 28 39 36 26 41 41 27 37 33 32 39 45 25 13 15 22 29 29 26 40 17 45 46 25 17 50 28 12 44 22 41 29 36 46 46 24 36 45 37 26 34 26 27 38 52 42 39 11 20 49 31 18 8 28 51 24 30 10 32 50 24 21 42 24 12 11 32 21 27 44 18 23 35 19 20 45 23 23 34 32 30 31 39 25 29 22 20 24 14 47 30 23 13 37 14 41 13 21 28 31 24 43 16 30 3 33 13 28 30 30 15 22 42 4 25 14 5 46 24 16 7 24 28 42 30 15 13 19 24 35 40 20 49 6 26 49 25 14 15 29 15 29 32 14 37 24 20 17 18 42 29 32 26 27 20 20 29 28 26 8 7 0 21 30 49 29 20 3 51 21 4 35 40 37 42 39 18 39 14 8 37 42 5 41 28 33 32 3 34 19 51 34 12 4 45 32 21 48 26 43 40 16 11 26 33 18 42 17 32 34 16 24 13 22 36 38 12 39 24 18 25 27 40 18 16 9 30 38 28 47 30 27 12 30 24 50 12 25 46 19 52 33 14 25 14 25 4 44 25 31 15 33 15 32 27 45 28 44 20 13 10 17 13 45 49 29 13 45 34 36 14 22 44 34 40 32 9 41 31 17 13 15 45 47 28 20 21 26 29 25 32 32 4 25 30 28 39 10 14 42 24 35 17 24 21 24 40 34 47 39 16 14 20 27 35 51 10 24 31 13 31 29 16 38 29 49 29 26 17 12 26 11 7 44 22 49 18 12 46 19 27 35 22 45 29 29 24 19 30 6 26 37 27 9 27 12 25 26 9 33 19 32 47 45 29 31 34 18 37 48 34 9 31 30 18 38 29 25 17 13 24 25 31 5 29 12 8 27 44 52 52 12 15 33 41 25 22 23 12 21 26 28 33 18 37 12 6 14 49 24 43 33 16 39 9 42 12 20 8 15 10 11 13 21 25
36 50 45 42 30 19 31 13 28 41 15 30 30 30 9 20 13 27 8 11 29 28 34 15 36 22 9 21 15 36 30 32 32 10 4 17 26 22 14 17 37 30 20 35 28 29 17 26 14 29 14 23 16 36 24 8 33 16 13 24 28 23 16 18 29 24 27 27 33 34 25 46 37 5 20 29 25 25 15 31 29 40 10 26 33 21 44 27 29 26 42 23 24 17 26 14 43 11 18 39 36 20 31 34 34 47 17 28 31 40 25 13 30 41 37 34 27 29 27 14 12 17 10 27 26 34 24 18 24 16 24 32 16 36 34 16 27 32 43 34 18 20 33 14 27 44 8 31 16 13 31 13 31 27 24 20 22 34 37 19 40 32 33 19 40 11 35 21 24 5 8 18 25 17 19 16 29 21 27 39 7 33 25 41 17 29 33 28 24 6 29 10 34 17 39 34 9 14 24 21 15 29 23 16 36 36 31 28 10 28 27 16 19 17 28 21 21 0 35 37 41 32 19 32 25 25 15 30 21 26 23 15 34 10 24 25 24 26 32 32 19 12 23 20 13 38 13 28 18 32 15 16 27 27 24 19 6 23 34 13 10 26 25 14 14 34 19 29 27 23 35 20 19 35 24 33 15 22 38 25 21 9 17 10 32 17 25 17 39 30 36 24 5 30 20 41 33 11 25 25 32 23 24 35 15 28 17 35 38 8 25 10 24 22 9 18 34 14 25 28 43 33 35 13 18 16 27 25 31 35 27 14 25 28 12 14 19 33 27 38 9 24 38 32 36 23 47 20 8 32 37 20 31 34 24 34 25 5 31 30 8 20 25 26 33 20 8 27 38 24 30 21 37 13 34 45 28 29 33 27 29 19 29 15 33 21 25 27 37 22 28 32 12 29 17 7 28 22 38 35 16 4 15 18 26 9 18 27 17 7 13 32 5 29 25 15 22 33 37 13 38 16 21 28 27 15 28 30 24 24 20 38 42 15 19 25 23 33 22 38 22 16 35 24 33 40 33 29 16 23 24 24 25 33 25 20 15 18 34 24 23 25 12 30 42 29 13 27 20 27 30 32 18 14 8 30 13 23 18 13
67 26 36 63 40 52 55 24 47 26 45 50 40 15 41 46 47 58 28 40 28 9 21 26 52 56 43 49 30 34 19 51 58 43 34 26 60 55 31 19 4 6 25 36 60 9 24 46 47 8 40 24 43 17 42 41 19 40 46 36 30 14 45 28 13 58 40 52 38 28 50 25 58 36 42 46 55 53 48 17 60 12 34 40 11 41 19 21 40 57 23 57 50 40 10 41 23 29 43 36 21 53 34 17 36 24 44 29 4 35 51 30 26 61 35 53 50 30 8 23 33 51 42 54 39 19 50 32 48 19 47 8 20 6 5 50 14 20 25 58 18 47 8 39 58 17 29 22 44 24 25 24 10 55 55 50 50 23 4 30 62 24 3 52 60 25 13 48 28 35 31 32 54 20 43 32 52 19 32 8 33 35 12 22 37 27 49 56 26 40 58 43 37 20 9 26 42 33 43 33 47 49 46 19 20 58 11 7 44 49 49 49 21 49 28 36 30 35 0 33 14 49 31 65 10 31 49 25 55 60 57 20 16 35 37 26 38 30 23 56 53 36 31 54 22 36 44 21 28 32 31 46 53 53 40 46 34 40 56 47 40 35 13 48 45 43 17 20 9 27 15 19 51 53 47 5 24 56 27 14 38 39 45 44 36 26 54 39 59 53 37 18 39 37 46 33 9 26 11 43 54 27 49 10 30 44 31 30 61 32 54 31 46 14 32 37 20 23 46 54 18 27 27 43 52 21 50 42 14 18 15 34 33 58 23 38 17 31 49 57 27 12 12 4 11 21 23 32 42 58 7 37 30 30 58 9 58 33 53 50 29 51 22 53 18 43 33 10 11 57 59 39 12 34 29 20 56 16 17 56 60 22 54 43 36 17 40 34 22 13 56 16 26 39 45 35 19 49 24 58 25 35 44 51 34 31 52 10 36 40 24 5 39 36 19 20 22 34 24 30 60 36 15 22 57 48 25 58 17 46 35 8 23 20 41 10 52 5 34 58 18 34 6 44 63 34 30 17 50 57 13 49 51 34 11 51 48 52 45 58 41 26 38 61 26 32 46 14 53 24 29 38 46 30 30 35 26 18 18 25
53 58 9 78 15 54 67 27 63 57 35 65 60 19 36 56 45 46 35 33 8 27 50 22 70 54 40 36 45 3 46 67 69 38 33 43 53 48 44 35 36 31 18 5 50 37 41 26 48 35 49 15 32 48 58 38 15 28 48 16 9 24 34 19 20 55 17 63 61 55 61 57 73 34 26 63 41 36 51 45 45 45 44 18 42 24 51 14 16 45 55 55 33 26 27 31 55 26 30 4 14 46 58 47 6 56 53 53 31 3 61 24 51 76 3 69 63 8 31 37 44 49 46 63 16 48 60 20 60 30 29 37 26 28 28 50 21 14 57 70 28 56 39 49 45 49 30 50 33 35 9 36 40 63 60 56 35 51 36 48 76 51 32 53 75 35 43 33 49 34 40 48 40 26 54 47 65 21 10 40 40 59 35 54 24 9 67 39 48 38 42 45 61 35 41 54 39 25 58 17 51 64 59 31 15 72 23 30 43 63 62 50 21 52 51 52 49 37 33 0 46 65 48 53 33 52 43 10 52 54 52 31 17 44 55 13 19 52 11 68 51 27 51 52 31 4 35 47 45 6 22 52 35 63 20 33 41 56 69 41 46 14 36 44 37 64 25 47 34 15 19 39 41 70 59 37 23 49 56 38 54 34 33 43 9 21 61 52 74 66 5 41 39 11 56 6 25 37 28 58 68 48 31 42 23 62 21 57 74 29 39 27 27 32 41 51 49 36 28 37 50 54 7 34 46 35 63 21 20 15 20 47 13 64 32 49 35 5 30 73 32 31 44 30 43 17 55 49 43 68 40 21 54 57 51 40 58 39 66 65 29 41 15 37 16 55 41 36 43 57 43 54 44 26 55 52 65 43 17 63 45 21 65 51 60 24 57 55 14 28 40 45 39 15 53 32 16 58 12 71 22 34 51 51 54 28 44 27 50 37 38 36 38 57 17 30 17 5 11 25 73 24 33 13 42 41 50 67 20 59 19 40 54 32 54 29 60 29 52 73 39 49 38 25 49 5 56 44 46 50 26 60 61 58 32 56 49 50 65 57 56 49 47 48 57 9 40 40 45 48 8 60 54 44 38 57 39 40 29 25
76 13 49 60 52 55 54 33 45 16 54 48 36 28 49 47 53 67 34 49 41 21 14 36 49 61 49 58 32 47 14 48 57 50 41 28 67 62 33 24 11 16 37 49 68 13 26 57 52 14 42 36 52 9 41 48 32 49 51 47 43 25 54 39 26 64 51 53 33 20 50 12 56 44 52 44 63 62 51 13 68 2 37 51 9 52 5 34 52 66 12 61 60 50 22 50 11 38 53 49 33 60 29 10 49 10 45 25 16 48 52 40 21 59 48 51 49 42 17 28 35 56 46 55 51 12 51 43 48 27 58 10 29 19 19 55 27 33 14 57 27 48 9 41 66 4 37 17 53 29 38 28 10 56 58 52 59 15 10 30 59 18 15 56 57 30 7 57 25 43 35 32 63 30 44 33 52 30 44 7 37 29 17 11 47 40 45 66 24 47 67 48 32 25 5 19 49 43 41 44 50 48 46 26 32 56 24 18 50 48 48 54 32 52 24 36 29 41 14 46 0 46 31 73 18 29 56 37 61 66 63 27 30 39 36 38 50 27 36 56 58 45 29 59 30 49 52 17 29 45 41 48 63 54 51 56 38 38 54 54 43 48 17 54 53 38 27 16 15 39 27 22 59 50 47 10 34 62 19 17 38 47 54 50 49 37 55 40 56 52 50 19 45 49 47 47 22 31 21 42 52 26 59 6 40 42 42 23 59 41 63 40 56 21 35 38 13 27 57 64 4 21 40 51 58 26 49 53 27 32 28 35 45 59 30 40 23 43 60 54 34 20 3 17 5 33 10 32 48 58 7 48 24 23 65 8 62 38 52 49 37 60 35 63 31 44 37 15 4 61 68 39 5 44 22 7 57 14 30 57 69 33 54 45 30 27 39 31 35 23 66 12 30 52 47 43 32 50 37 57 36 42 46 56 31 40 59 21 37 47 29 12 46 32 31 28 34 47 36 40 58 46 21 35 66 55 21 59 29 46 46 6 11 27 41 20 53 18 33 55 20 35 9 55 72 47 24 14 56 64 23 50 51 28 18 53 53 57 41 63 39 23 40 69 15 45 54 15 60 20 42 33 47 32 34 30 29 19 26 35
57 48 73 14 61 25 10 39 4 35 44 3 10 53 38 15 33 50 31 41 58 47 33 44 5 33 34 49 22 65 32 2 14 38 35 25 43 41 22 33 50 45 49 65 48 40 27 56 29 42 18 51 45 38 8 35 57 46 28 55 57 45 45 48 51 37 58 13 15 28 11 43 11 36 50 3 51 53 25 34 54 45 22 57 40 52 46 54 60 50 39 33 53 48 45 44 41 41 48 69 61 41 19 37 64 46 17 22 47 68 13 43 26 13 67 5 7 58 44 29 22 32 25 15 57 35 13 49 10 37 55 42 40 53 51 30 49 57 39 12 39 15 43 18 51 47 36 30 45 31 59 30 40 17 23 19 51 32 49 20 14 29 47 27 11 31 41 50 22 36 27 19 51 41 14 20 9 46 57 48 26 19 38 39 48 57 3 56 24 34 55 29 17 33 47 28 36 44 9 51 24 5 9 36 60 10 51 45 32 6 7 29 45 24 23 14 20 32 49 65 46 0 19 52 40 18 39 57 36 41 38 36 57 22 12 53 55 20 58 12 32 43 18 33 35 67 42 29 22 61 46 20 56 14 55 48 26 10 9 38 23 57 37 36 41 10 42 30 41 52 57 31 44 5 10 45 43 40 31 35 13 39 46 33 62 45 18 15 11 8 66 31 32 61 14 69 52 30 44 8 7 22 53 43 45 5 47 26 13 39 52 41 54 39 25 15 34 31 55 56 46 26 62 42 39 32 9 56 53 59 50 19 56 20 34 18 34 61 56 9 34 40 44 48 43 49 47 18 30 15 46 51 23 25 42 43 30 28 8 5 37 45 52 54 57 13 26 39 45 30 56 12 42 44 26 47 17 34 57 18 53 45 12 18 18 44 9 16 62 41 54 35 27 60 17 38 53 15 63 12 44 35 19 29 16 39 41 46 16 35 29 44 33 15 51 37 49 63 63 43 12 47 37 54 53 40 26 18 48 8 51 47 40 35 13 43 17 50 16 10 31 18 46 54 55 69 24 34 36 41 44 12 12 20 40 20 29 33 8 32 10 24 20 52 37 58 39 35 42 26 59 15 17 22 28 16 27 32 39 41
53 36 55 33 46 26 24 22 17 25 34 20 13 34 28 17 27 44 15 29 40 28 19 27 23 33 25 39 4 48 17 21 28 28 22 6 41 37 6 14 32 26 31 48 44 22 8 44 25 24 12 34 34 23 12 25 39 34 23 40 40 27 35 31 32 36 43 23 15 17 20 31 28 24 38 16 43 43 23 19 47 30 9 42 23 39 32 35 44 43 27 33 42 35 26 32 29 25 36 51 42 36 13 22 48 34 15 10 29 51 21 28 13 31 49 23 19 41 25 11 8 29 18 25 42 20 21 33 18 19 43 25 22 35 33 27 31 39 28 27 21 18 26 11 44 32 21 16 34 13 41 12 23 26 28 22 41 19 31 1 32 16 29 27 30 13 25 39 7 23 12 2 43 23 14 4 22 28 40 32 13 15 20 26 34 39 20 47 8 24 47 22 16 15 31 18 26 30 12 36 21 19 16 18 42 28 33 26 24 19 18 26 27 23 10 6 3 19 31 48 31 19 0 49 22 7 32 39 34 39 36 18 39 11 8 36 40 8 40 26 30 29 5 31 17 50 32 14 3 44 30 18 46 23 41 37 13 9 25 30 15 41 19 29 32 17 24 15 23 35 38 13 36 24 17 27 26 37 21 17 8 27 35 25 45 28 25 10 29 22 49 14 22 45 17 52 33 12 25 13 23 6 42 26 29 15 31 18 31 25 43 26 42 20 11 8 20 13 43 46 32 16 44 32 34 14 20 42 35 40 32 6 39 29 16 10 15 44 45 27 18 22 29 30 27 32 34 2 22 28 30 37 13 16 39 26 33 15 23 20 22 37 34 44 39 14 12 21 29 32 48 9 27 30 16 33 27 18 38 27 47 28 24 15 15 25 10 8 44 23 46 20 10 45 17 25 35 20 45 28 27 22 16 28 7 25 35 27 7 25 11 26 23 11 33 19 31 46 44 27 30 33 19 36 45 32 12 28 30 16 36 31 28 17 10 24 23 31 4 28 13 5 29 42 50 51 15 18 30 38 25 19 21 14 22 23 25 30 18 34 10 9 11 47 26 42 30 18 36 11 41 14 17 5 12 12 9 14 20 24
5 82 61 55 39 27 46 41 50 72 21 50 56 56 24 38 22 8 40 25 48 57 66 40 56 20 25 18 45 51 62 52 44 23 32 48 10 12 44 49 68 60 43 49 5 60 49 28 25 60 38 46 23 68 48 25 57 27 26 38 46 52 20 40 56 17 37 41 60 65 41 78 52 29 28 51 12 17 28 63 9 71 40 35 65 30 76 51 38 9 73 20 20 28 55 25 75 37 24 54 59 13 60 66 48 79 37 59 61 55 40 36 61 55 52 51 46 47 58 46 41 21 31 39 37 66 39 36 43 46 25 63 46 65 63 23 54 56 75 47 48 38 65 39 8 75 37 63 22 45 52 45 63 38 31 33 18 66 67 49 53 63 63 25 55 43 67 21 55 31 39 47 14 45 40 45 45 48 44 70 37 62 57 73 31 48 54 15 55 27 12 27 62 48 70 65 24 33 47 38 30 48 44 47 60 51 58 58 25 47 46 24 45 29 58 48 51 32 65 53 73 52 49 0 56 55 17 51 17 12 15 46 59 38 50 46 34 56 54 45 20 30 52 20 44 52 22 60 48 47 36 34 19 40 34 21 37 48 49 20 34 39 56 20 20 59 48 61 58 43 61 52 14 53 43 64 42 13 69 57 47 26 21 24 45 41 36 42 54 46 49 56 28 43 39 58 61 43 55 48 49 54 22 67 36 51 37 66 50 33 15 35 26 53 39 44 66 46 26 17 75 64 55 22 15 48 44 32 57 59 53 43 41 35 44 40 50 50 24 54 39 54 70 62 68 47 79 49 27 43 68 33 61 64 11 65 23 36 47 49 36 14 48 17 58 41 38 59 69 24 12 46 68 32 64 77 39 61 58 37 8 44 43 37 61 49 50 55 60 52 14 64 44 39 36 31 52 38 60 49 41 31 35 24 54 34 15 56 44 26 45 63 27 56 50 45 46 48 59 36 51 31 52 51 11 18 59 39 50 44 35 69 74 47 43 55 36 62 50 54 54 45 67 28 6 57 63 61 19 11 53 41 41 62 56 32 25 20 58 21 48 56 38 6 73 45 20 59 13 58 48 59 37 45 39 58 45 55 48 40
59 29 38 54 37 42 45 16 38 24 37 41 32 16 32 36 37 50 18 32 26 8 18 19 44 46 33 42 20 34 14 42 48 34 25 16 51 46 21 9 13 6 20 35 52 5 14 40 37 4 30 21 35 16 33 32 20 32 36 31 28 9 37 22 13 49 35 43 31 23 40 26 49 27 35 37 47 45 38 13 52 16 24 35 10 35 22 20 36 49 23 47 43 33 7 33 23 21 36 36 23 44 27 15 34 26 34 22 8 35 41 23 20 52 35 44 40 28 4 13 23 41 32 44 34 15 40 26 38 10 41 8 12 13 12 41 13 21 25 48 10 37 9 29 50 20 20 17 36 14 25 14 8 45 45 40 42 19 12 21 53 19 9 42 51 15 13 40 20 26 21 22 47 13 33 22 43 14 29 14 23 29 3 22 30 25 40 49 17 30 50 33 30 10 14 21 33 26 33 27 37 40 36 9 22 49 13 5 34 39 39 39 15 39 20 27 21 25 10 33 18 40 22 56 0 23 40 24 46 51 47 11 19 25 28 23 33 22 23 47 43 28 23 44 13 36 35 15 19 30 24 36 46 43 35 39 24 30 46 38 30 32 4 39 37 35 10 14 3 23 18 9 42 44 37 9 17 47 24 6 29 31 37 35 34 20 44 29 50 43 36 10 30 34 36 35 13 16 6 34 44 19 42 12 24 35 25 25 52 24 46 23 39 4 22 28 17 13 40 47 21 22 27 35 43 11 41 36 15 21 14 24 29 48 13 28 7 30 43 48 17 3 15 9 13 18 26 23 33 48 13 31 23 25 49 10 48 23 44 41 20 43 20 46 20 33 23 4 14 47 51 30 14 27 23 23 46 11 19 46 52 17 44 33 29 11 31 26 25 6 49 12 16 36 35 26 18 39 26 49 19 26 34 41 25 23 43 7 26 31 14 7 30 28 17 11 18 32 26 23 51 29 5 21 49 39 18 48 13 37 30 14 23 10 31 5 42 10 25 49 9 25 11 38 55 35 24 12 40 48 7 40 41 27 1 41 38 42 37 48 31 18 28 53 25 30 37 8 44 16 27 30 36 20 20 27 16 9 9 18
59 32 59 32 51 31 25 27 17 20 40 20 9 38 34 21 33 50 20 35 45 30 16 32 22 38 31 45 11 52 15 20 30 35 28 11 47 43 12 17 32 28 36 53 50 22 12 50 30 24 17 38 40 20 13 32 42 40 29 45 45 30 41 36 35 42 49 25 9 12 22 27 28 30 44 16 49 50 28 17 53 28 16 48 22 45 29 39 50 50 23 39 49 41 29 38 25 31 42 56 45 42 7 20 52 30 20 5 30 55 24 34 9 31 54 23 21 45 27 16 14 35 24 27 48 17 24 39 20 23 49 25 26 36 34 33 34 42 23 29 25 22 25 16 51 30 27 13 41 18 45 17 22 29 32 26 47 15 31 7 32 12 30 32 29 19 23 46 4 29 18 8 50 27 17 10 24 32 45 31 19 9 21 22 39 44 18 53 6 30 53 28 10 18 29 13 33 36 14 41 27 20 18 22 45 28 35 28 31 19 20 32 32 28 6 9 4 25 31 52 29 18 7 55 23 0 38 43 39 45 42 22 42 17 8 40 46 2 44 28 36 36 3 37 22 55 38 12 8 49 36 23 52 26 47 44 19 11 26 36 21 46 20 35 38 13 28 13 24 39 41 15 43 23 19 27 31 43 16 18 10 33 42 31 50 33 28 14 29 23 54 14 28 50 20 56 35 18 27 14 24 5 48 25 35 14 37 12 31 31 49 32 48 23 17 12 17 17 49 52 29 11 48 38 40 18 22 48 37 43 35 12 45 32 21 15 19 48 51 27 24 24 27 31 25 36 30 6 28 30 29 43 7 10 45 25 38 21 24 21 28 43 38 50 42 17 18 22 27 37 54 11 25 35 10 30 29 16 41 30 53 32 26 20 8 29 10 3 47 25 52 18 16 50 21 31 38 23 48 29 33 28 21 33 3 30 41 29 12 31 16 26 29 5 36 23 35 50 48 33 30 38 21 40 52 38 8 31 33 18 42 30 24 21 14 27 26 33 5 28 15 10 28 48 56 55 9 16 37 44 28 22 23 8 24 27 31 36 15 39 12 6 17 53 22 47 37 17 42 9 46 8 22 12 19 6 15 15 24 29
21 65 51 45 32 16 34 25 36 55 9 37 40 42 9 24 6 13 23 11 36 41 49 26 43 12 8 12 29 41 45 39 33 7 16 31 12 7 27 32 52 44 30 40 13 44 32 22 11 43 22 33 12 51 33 9 43 16 11 28 35 37 10 27 41 12 29 29 44 49 29 61 41 13 19 37 12 15 15 46 16 55 23 27 48 21 59 38 30 12 56 13 16 17 39 12 58 22 14 45 47 5 44 49 39 62 23 42 45 45 28 21 44 44 43 39 33 36 42 29 24 9 15 28 28 49 27 24 30 30 20 47 30 49 47 10 39 43 58 36 32 25 48 24 13 59 21 46 11 28 40 28 46 27 21 21 14 49 51 32 43 46 47 14 43 26 50 14 38 14 22 31 14 30 26 28 33 33 33 54 20 46 40 56 19 36 41 18 38 10 17 11 46 32 53 48 7 20 32 26 16 35 30 31 47 40 43 42 8 34 33 11 31 16 42 32 35 15 49 43 56 39 32 17 40 38 0 39 9 12 10 30 46 21 34 34 26 39 42 34 10 17 36 10 27 43 8 43 31 37 23 19 19 28 25 13 20 33 37 3 18 30 40 3 6 44 33 44 42 31 47 35 5 41 29 48 27 8 52 40 31 11 11 7 36 27 25 26 42 34 40 39 11 34 25 48 46 26 39 33 37 37 17 50 23 37 24 49 40 18 14 20 20 36 23 28 49 29 20 18 58 47 43 9 3 31 32 24 43 45 39 26 30 26 27 24 34 39 21 42 23 38 53 46 51 34 62 32 10 32 52 22 44 48 10 49 17 19 35 36 20 6 35 16 45 27 21 42 53 16 18 31 52 19 47 60 28 44 45 26 15 30 31 22 45 33 34 39 48 36 17 47 27 31 22 15 39 25 48 38 27 15 21 12 38 19 3 40 27 9 28 47 10 40 37 29 33 38 47 22 40 19 36 38 15 3 43 30 36 31 24 53 57 30 28 39 24 47 34 42 37 28 50 21 18 47 46 44 4 9 37 28 29 45 39 20 11 8 43 15 32 39 22 15 56 34 3 42 5 41 37 43 22 28 22 42 28 38 32 25
52 50 16 70 17 48 59 19 54 48 31 57 51 10 31 48 40 44 27 29 5 18 41 15 62 49 35 34 36 10 37 59 61 33 27 34 50 45 36 26 28 23 10 12 48 28 32 26 42 25 42 7 29 38 49 33 8 25 42 15 7 15 32 13 12 50 18 55 52 46 53 48 65 28 24 54 39 36 45 36 44 36 36 19 33 22 42 5 18 43 46 50 33 24 18 28 46 19 28 13 9 43 48 38 12 47 45 44 22 12 54 18 42 68 12 61 55 6 21 29 36 44 39 56 17 39 53 15 52 21 28 29 18 21 20 45 11 6 48 62 19 49 30 42 43 41 23 40 30 27 2 28 30 56 54 49 33 42 28 39 68 41 23 48 67 27 35 31 40 27 32 39 38 17 47 38 57 12 9 32 33 50 26 45 21 4 58 38 39 32 41 39 52 26 33 44 33 20 49 14 44 56 51 22 9 64 14 21 37 55 54 44 13 46 42 44 40 30 25 10 37 57 39 51 24 43 39 0 47 51 48 22 10 37 46 6 18 43 4 60 46 23 42 47 23 13 32 38 37 8 17 45 35 56 19 31 33 47 61 37 39 14 27 39 34 55 16 37 25 9 13 30 38 61 51 28 15 46 47 29 45 29 31 37 12 14 54 44 66 58 13 32 33 13 49 13 17 28 19 50 60 39 31 33 17 53 16 48 66 23 37 21 27 22 33 43 40 27 27 37 41 45 5 31 42 26 55 22 11 9 10 39 12 58 24 41 26 7 30 65 24 22 35 21 34 8 46 41 37 61 31 19 45 47 48 31 53 31 59 57 22 39 6 36 9 47 33 27 34 52 42 46 35 21 46 43 58 34 10 57 44 13 58 44 51 15 49 46 10 19 39 36 30 17 46 26 6 51 9 64 14 28 44 46 45 22 41 17 42 32 29 27 32 48 8 21 9 10 8 19 66 20 24 4 41 37 40 60 11 51 17 32 46 23 46 20 53 20 43 66 30 40 29 25 48 12 47 35 41 47 17 53 54 49 23 50 43 45 57 52 48 39 40 46 48 9 36 31 42 38 5 51 47 35 30 48 30 31 20 18
22 69 60 40 40 11 30 33 33 58 18 33 39 49 17 22 9 16 28 19 45 48 52 34 39 4 14 20 31 50 49 35 28 15 23 34 8 7 30 37 58 50 38 49 13 49 35 31 10 49 23 41 21 55 32 15 52 25 11 37 44 44 19 35 49 3 38 25 44 51 25 64 36 20 27 34 18 22 12 50 20 60 25 35 53 30 63 46 39 16 60 4 24 26 46 21 61 30 23 54 55 8 45 53 48 66 21 44 52 54 24 30 47 39 52 35 29 44 48 34 27 5 16 22 37 52 23 33 26 36 28 52 37 56 54 7 47 51 61 31 38 22 53 24 17 63 28 49 20 33 49 33 51 22 15 17 22 52 57 34 38 49 53 9 39 32 55 22 40 22 26 32 20 37 24 30 29 41 42 59 24 46 45 59 28 45 38 24 41 17 22 13 46 37 59 51 15 28 30 35 14 31 27 37 55 35 51 49 12 30 29 8 38 13 44 32 37 21 55 52 61 36 34 17 46 39 9 47 0 6 3 36 54 23 34 42 34 41 50 29 4 25 37 4 33 52 17 46 34 46 31 17 26 24 34 21 23 32 33 11 19 39 45 9 15 43 40 47 48 39 54 40 13 37 27 54 34 6 54 45 31 19 20 12 45 35 19 26 38 30 49 43 17 43 23 57 53 31 45 31 33 39 25 56 31 35 32 51 35 26 20 28 28 42 26 28 52 34 29 25 63 49 52 18 7 36 28 33 51 54 47 28 39 20 33 25 39 48 29 38 29 44 58 53 56 42 66 34 13 27 58 31 46 49 7 54 9 23 31 32 28 13 43 23 53 25 25 48 58 8 22 30 56 27 49 65 23 48 53 21 19 38 27 21 46 41 34 40 56 42 22 51 31 40 20 23 47 21 56 33 35 22 19 7 39 27 9 47 28 16 33 52 17 41 45 35 41 47 55 30 35 28 42 46 19 12 45 24 44 28 33 58 60 36 27 46 20 53 35 37 41 29 56 30 20 56 48 49 7 6 44 24 25 46 45 16 9 4 41 7 31 42 23 18 59 43 12 47 9 44 45 43 20 30 27 43 32 43 38 33
17 74 63 43 42 16 34 37 38 64 20 38 45 54 21 27 14 14 33 23 48 53 58 38 44 8 18 20 37 53 54 40 32 19 27 40 4 7 35 43 63 55 42 51 9 54 41 32 15 54 28 45 23 60 37 20 55 27 17 39 46 48 20 39 53 5 39 29 50 56 30 70 40 25 29 39 17 22 18 55 17 65 31 37 58 32 69 50 41 14 65 8 24 28 51 24 67 34 25 56 59 9 50 59 50 72 27 49 57 57 28 33 52 43 54 39 34 47 53 39 33 11 22 27 39 58 28 36 32 41 29 57 41 61 59 13 51 55 67 35 43 27 59 30 15 69 32 55 22 38 52 39 56 26 19 22 22 57 62 40 41 54 58 14 43 37 60 23 46 26 32 38 19 41 30 36 33 45 45 65 30 52 51 65 31 48 43 23 47 21 20 19 52 42 64 56 19 32 36 38 19 36 32 42 59 39 55 54 17 35 34 14 43 18 49 38 42 26 60 54 66 41 39 12 51 45 12 51 6 0 4 41 58 29 40 46 37 46 54 33 10 29 43 9 38 54 20 52 40 49 35 23 25 28 36 22 29 37 37 15 25 41 50 13 18 48 44 53 53 43 59 45 13 41 32 59 39 6 60 50 36 23 22 17 47 39 24 32 42 34 51 49 22 45 28 59 57 36 50 37 37 45 26 61 35 40 36 56 38 30 20 32 29 47 32 34 58 39 30 24 68 55 55 21 9 41 33 35 55 57 51 34 42 23 38 30 44 51 29 42 34 49 64 58 61 46 72 39 19 31 63 34 51 55 4 59 11 29 35 37 32 14 47 22 57 31 30 53 63 12 20 36 62 31 55 70 27 53 57 25 16 42 31 26 51 45 39 45 60 47 21 56 36 42 25 27 51 26 60 37 39 26 25 13 45 31 11 52 34 21 38 58 21 46 49 40 45 50 59 34 39 31 47 50 18 15 51 27 48 33 35 64 66 41 33 50 24 58 40 42 47 35 61 31 17 58 54 54 11 5 49 29 30 52 50 21 15 10 47 9 37 47 29 14 65 46 15 52 10 50 48 49 26 36 32 48 38 48 43 37
20 71 61 42 40 13 32 34 35 60 18 35 42 51 18 24 10 14 30 20 46 50 54 34 41 5 15 19 33 50 51 37 30 16 24 36 6 5 32 39 60 52 39 49 10 51 37 30 12 51 25 42 21 57 34 17 53 25 13 37 44 45 18 36 50 3 38 27 46 53 27 66 37 22 27 37 17 21 14 52 18 61 28 35 55 30 65 47 39 14 62 6 23 26 48 21 63 31 23 54 56 7 47 55 48 68 23 46 53 55 26 31 49 41 52 37 31 45 50 35 29 8 18 25 37 54 25 33 29 38 28 54 38 58 56 9 48 52 63 33 40 24 55 26 15 65 29 51 20 35 49 35 53 23 17 19 21 54 59 37 40 51 55 11 40 33 56 22 42 23 28 34 19 38 26 32 31 42 42 61 26 49 47 61 29 45 40 22 43 18 20 15 48 39 61 53 16 29 33 36 16 33 29 38 56 36 52 50 13 33 32 10 40 15 46 34 39 23 57 52 63 38 36 15 47 42 10 48 3 4 0 37 54 25 37 43 35 43 51 30 6 26 39 6 35 52 17 48 36 47 32 20 25 26 34 21 25 34 35 12 21 39 47 10 15 45 41 49 50 40 56 42 12 39 29 55 36 4 56 47 33 20 20 13 45 36 22 29 39 32 49 45 18 43 25 57 54 33 47 34 35 42 25 57 32 37 33 53 37 27 19 28 28 44 28 30 54 36 28 24 65 51 52 18 7 38 30 33 52 55 48 30 39 22 34 27 41 48 28 40 31 46 60 54 58 43 68 36 15 29 59 32 48 51 4 56 10 25 33 34 29 13 44 22 54 27 27 49 60 10 21 32 58 28 51 67 25 50 53 23 17 39 29 23 48 42 36 42 57 44 21 53 33 40 22 24 48 23 57 35 35 23 22 9 41 28 9 49 30 18 34 54 18 43 45 37 42 47 56 31 37 28 43 47 18 12 47 26 45 30 33 60 63 37 30 47 22 55 37 40 43 32 58 29 19 56 50 50 8 5 45 26 27 48 47 18 11 6 44 8 34 44 25 16 61 44 13 48 8 46 46 45 22 33 29 45 34 44 40 34
49 38 38 49 30 33 39 7 33 31 27 36 30 18 22 29 27 40 8 22 23 14 24 12 40 36 23 32 15 31 19 37 42 24 14 12 41 36 15 5 23 15 15 31 41 15 10 32 28 14 22 17 25 24 28 22 22 23 27 25 24 10 27 15 16 39 29 36 31 27 33 34 44 17 26 33 37 35 29 19 42 26 16 28 20 26 31 18 30 39 30 37 34 23 12 23 31 12 26 34 25 34 27 22 31 35 26 23 17 34 35 14 22 48 32 40 34 24 13 7 15 31 23 37 28 22 33 19 32 2 32 18 5 21 19 31 14 22 32 42 4 30 19 22 40 30 10 22 26 5 24 6 17 37 37 31 33 24 22 17 48 23 18 33 46 6 22 30 19 16 12 18 37 6 26 17 37 10 24 25 14 29 11 30 21 22 37 39 18 20 40 24 31 4 24 26 23 17 28 21 28 35 30 2 25 44 17 14 24 34 34 30 10 30 22 22 18 15 20 31 27 36 18 46 11 22 30 22 36 41 37 0 22 17 25 19 26 21 23 40 33 19 21 34 3 33 25 19 15 27 16 27 37 36 27 29 15 26 41 27 21 26 11 28 26 34 7 19 13 18 22 10 32 40 31 19 9 36 29 12 24 20 27 25 29 12 36 23 45 37 32 13 19 29 29 34 19 7 10 29 39 18 32 22 15 32 17 28 46 14 36 14 30 7 13 22 23 5 31 38 30 26 27 25 32 5 35 28 18 24 15 18 24 40 3 21 6 27 34 44 7 9 25 18 22 14 35 19 23 41 23 23 25 28 39 20 39 13 38 36 10 33 17 36 22 27 14 13 24 38 42 25 23 17 26 32 39 17 22 38 42 11 38 25 30 8 27 25 27 7 39 20 9 29 27 16 17 32 28 43 11 15 25 32 24 13 32 13 20 21 8 17 20 27 15 1 14 29 27 13 45 20 7 19 39 28 20 41 13 31 22 24 31 1 25 11 34 19 21 45 11 19 21 30 45 34 27 18 30 38 10 33 34 28 10 32 29 32 35 39 27 19 20 43 32 25 27 14 34 18 24 30 28 14 11 27 9 12 4 9
61 42 20 71 27 53 61 22 55 42 39 58 50 5 38 51 46 52 30 36 15 12 36 20 61 55 41 42 36 19 32 59 64 40 32 33 57 52 37 25 20 16 17 21 55 22 31 35 47 20 44 14 36 32 50 39 3 33 46 24 17 13 39 20 7 57 28 58 50 41 55 41 66 34 33 55 48 45 49 31 52 28 38 29 26 31 35 9 27 51 39 56 42 32 13 35 39 25 36 20 5 50 46 32 21 40 48 41 15 19 56 25 39 69 19 61 56 16 16 29 37 50 43 59 27 33 55 24 54 21 38 22 19 12 11 50 9 5 41 64 19 51 23 43 51 33 27 36 37 27 10 28 25 59 58 53 42 37 20 38 70 37 16 52 68 28 28 40 38 33 34 39 47 19 48 39 59 14 19 24 35 47 22 38 29 14 58 48 36 38 50 43 49 25 25 40 40 27 50 22 48 57 52 22 4 65 7 15 43 56 55 49 16 50 39 44 39 34 16 17 30 57 39 59 19 42 46 10 54 58 54 22 0 39 46 14 27 40 8 62 52 30 41 53 24 20 39 34 36 18 24 49 44 58 29 39 36 48 63 44 42 23 23 46 41 54 16 33 19 17 3 27 46 62 53 21 20 53 42 25 45 36 39 43 22 20 58 45 67 59 22 29 38 23 51 17 9 29 15 50 61 37 40 26 24 53 23 44 68 29 46 26 36 20 35 44 34 27 37 46 34 41 11 38 49 25 57 31 5 2 8 40 21 61 25 43 24 16 39 65 27 18 28 14 27 13 39 40 42 63 23 28 42 43 55 24 58 34 60 58 27 46 12 45 2 49 35 22 27 57 51 46 28 28 42 36 61 29 1 60 53 17 60 47 48 15 49 44 6 17 48 30 31 27 48 32 8 53 8 65 19 33 47 51 44 28 48 13 42 38 29 20 38 47 9 22 14 19 8 25 67 28 21 9 50 44 37 63 11 53 26 24 39 23 47 15 56 13 42 66 28 41 22 34 56 18 43 30 48 54 14 55 56 46 19 53 48 51 56 58 48 37 42 55 41 19 43 26 49 35 15 49 50 36 32 46 31 28 19 22
42 46 52 34 39 17 23 18 19 35 24 22 21 35 18 12 16 33 10 19 37 30 29 22 27 22 14 29 8 44 26 23 25 18 13 12 30 26 7 16 38 31 27 43 33 28 13 35 14 29 5 30 24 32 15 15 38 25 13 33 36 27 25 26 33 26 36 19 24 28 17 41 29 15 29 20 32 33 13 27 36 37 3 35 31 30 41 34 38 33 37 23 33 26 28 23 39 19 27 47 42 25 23 31 43 43 9 21 33 47 18 22 24 32 45 25 19 37 29 12 4 18 8 20 35 30 17 27 16 19 34 31 21 38 36 17 31 38 38 26 21 13 32 5 34 41 15 26 25 13 38 13 29 21 20 15 31 29 37 12 32 26 34 18 31 12 32 30 18 14 6 10 33 21 10 8 21 26 35 38 5 25 25 36 26 36 24 36 18 14 36 11 25 17 37 28 16 22 14 30 12 20 15 18 41 28 34 30 14 19 18 16 25 14 21 12 14 10 35 44 39 22 11 38 25 17 21 37 23 29 25 17 39 0 15 32 33 19 39 24 20 21 15 21 16 46 22 24 11 40 24 11 36 20 33 28 4 14 25 19 5 35 24 19 21 24 23 24 28 30 39 18 26 26 15 33 22 26 32 23 12 17 26 14 40 24 19 8 30 22 44 21 12 39 13 49 35 11 27 15 24 17 33 34 23 19 25 29 30 17 33 19 33 23 5 9 29 14 34 36 40 27 42 22 23 16 19 34 35 40 31 6 34 23 14 5 18 40 36 29 13 25 36 34 34 29 44 12 11 25 36 29 24 27 28 32 24 6 22 21 15 26 31 34 39 11 4 27 36 23 37 12 34 22 27 42 22 26 38 21 36 25 21 8 25 25 16 19 43 24 36 28 9 38 10 16 33 15 44 27 23 13 9 17 18 17 24 29 7 15 11 32 13 20 31 18 28 41 43 21 29 25 22 34 35 21 22 24 29 15 29 37 38 17 10 27 17 35 13 30 19 8 35 33 39 48 26 26 20 27 26 16 18 25 26 16 15 20 25 24 14 19 3 36 37 37 20 25 25 21 37 23 11 8 7 22 11 20 20 20
55 39 62 26 52 25 19 29 10 26 38 13 6 42 32 14 29 46 21 34 47 35 23 34 16 33 28 43 11 55 22 14 23 32 27 13 42 39 11 21 38 33 38 55 45 28 15 49 26 30 13 40 39 28 5 29 46 39 24 46 47 34 39 38 39 36 49 18 10 19 15 34 22 29 43 9 46 47 23 24 50 35 14 48 29 44 36 43 50 46 30 33 47 40 33 36 32 31 40 58 49 38 11 26 54 37 14 12 35 58 17 34 16 25 56 17 13 48 32 18 13 30 20 20 48 25 17 39 13 26 48 31 29 41 39 28 38 46 30 22 28 15 32 11 47 37 27 20 39 20 48 19 28 22 26 20 45 22 37 8 25 19 36 27 23 20 30 44 11 28 17 8 47 30 11 9 16 35 47 37 18 13 26 29 39 46 13 50 13 28 50 24 12 22 36 19 30 35 7 42 21 13 11 25 49 21 40 33 27 13 12 27 34 23 13 3 8 24 37 55 36 12 8 50 28 8 34 46 34 40 37 25 46 15 0 43 46 10 47 20 31 35 7 31 24 57 36 19 10 51 36 18 50 19 47 42 18 4 19 33 17 47 25 32 35 11 31 20 30 41 45 19 39 17 12 33 32 38 22 23 4 32 40 28 52 35 22 9 22 17 56 20 26 51 14 59 40 19 32 6 17 11 47 32 35 8 37 18 24 30 46 32 47 27 16 7 24 20 48 50 36 18 51 36 35 21 15 47 42 47 39 10 46 25 23 11 23 51 49 21 24 29 34 37 32 39 37 6 25 23 35 42 13 17 40 31 32 20 17 14 28 40 41 48 46 10 17 28 34 31 51 5 32 35 17 37 22 23 45 23 49 35 19 14 12 32 4 6 51 30 50 25 17 51 15 30 42 17 52 22 34 27 15 28 6 30 37 34 8 29 18 32 27 7 40 25 38 52 51 33 23 38 25 43 48 35 16 24 37 11 42 36 31 24 8 31 20 38 4 22 20 8 35 47 52 58 15 23 32 39 32 15 16 13 29 21 26 31 11 33 5 13 13 49 28 48 33 24 38 16 48 9 15 12 18 9 16 20 27 30
47 50 20 66 15 43 55 15 50 47 27 53 48 12 26 44 35 39 23 24 5 18 39 10 58 44 30 29 32 13 36 55 57 28 22 30 45 40 32 24 29 23 5 13 43 27 29 22 37 25 37 3 24 38 45 28 11 20 37 11 5 14 27 8 13 45 15 51 49 44 49 48 61 23 19 50 34 31 40 35 39 37 32 15 32 18 43 5 15 38 45 45 28 19 17 22 45 14 23 16 14 38 46 37 13 47 41 41 22 15 50 13 40 64 14 56 51 6 21 25 32 39 35 51 14 38 48 11 48 18 24 28 14 23 21 40 12 10 47 58 16 45 30 37 38 41 18 39 25 23 7 24 30 52 49 45 29 41 29 35 64 40 24 43 63 23 34 26 37 22 27 35 34 13 42 34 53 10 7 33 28 48 25 44 16 4 54 34 36 27 37 34 49 23 33 43 28 15 45 9 39 51 46 19 14 60 15 20 32 51 50 39 9 41 40 40 37 25 26 13 38 53 36 46 23 40 34 6 42 46 43 19 14 32 43 0 14 40 8 56 41 18 39 42 19 15 27 36 33 9 12 41 30 51 15 26 29 44 57 32 34 10 25 34 29 52 14 36 24 3 16 27 34 57 47 28 11 41 46 28 41 24 26 32 12 9 50 39 62 54 14 30 28 12 44 17 18 24 18 46 56 37 26 33 12 49 11 46 62 18 33 16 23 21 29 39 39 24 23 32 42 43 10 26 37 23 51 18 13 13 11 35 8 53 20 37 23 9 26 61 20 21 35 22 34 5 47 37 32 56 32 14 43 45 43 31 48 27 54 53 18 34 4 32 13 43 29 26 34 47 38 42 35 16 44 44 53 32 13 52 40 9 53 40 48 13 45 43 15 17 35 35 27 14 41 21 8 46 15 59 10 23 40 41 42 17 36 17 38 27 26 27 27 45 7 18 6 11 14 13 61 16 22 5 37 32 38 55 10 47 12 32 45 20 42 19 48 22 39 61 28 36 30 21 43 16 44 33 36 42 16 48 49 46 22 45 38 40 53 47 44 37 35 41 47 8 31 29 37 36 6 48 43 32 26 45 27 29 17 13
35 61 27 65 7 39 54 20 52 56 17 54 52 25 20 43 29 28 26 17 14 30 49 15 59 37 25 18 36 17 45 56 55 21 20 36 35 30 35 31 42 35 14 15 32 38 34 9 32 36 37 15 14 48 47 22 25 10 32 4 12 25 17 11 26 37 4 49 54 52 48 58 60 19 8 52 22 19 36 44 27 48 33 2 43 6 54 19 5 27 55 38 16 9 29 14 56 16 12 20 26 28 52 47 14 59 40 47 35 21 48 13 48 64 18 57 51 13 33 30 34 33 32 49 3 47 47 8 48 25 11 40 22 36 34 34 25 23 57 57 25 43 41 38 26 53 20 47 15 28 19 29 41 49 44 42 16 50 41 40 63 48 36 37 63 28 45 15 44 20 29 39 22 21 42 37 52 20 10 45 29 54 35 54 8 14 56 21 43 23 24 30 55 30 45 51 22 11 47 6 36 52 47 27 27 59 29 32 27 51 50 34 18 37 47 43 42 24 38 19 50 55 40 34 33 46 26 18 34 37 35 26 27 33 46 14 0 46 21 54 34 12 44 35 25 18 18 44 38 13 10 39 17 49 2 15 29 46 57 24 33 5 35 27 20 56 23 44 35 12 29 35 24 58 47 40 17 32 54 37 44 18 15 27 11 14 47 40 62 53 15 38 24 9 44 24 32 29 29 48 56 43 14 44 11 51 10 54 61 16 21 15 10 30 31 41 48 30 10 19 53 51 21 17 28 30 50 4 27 26 24 37 7 49 26 37 31 16 13 61 23 31 47 35 45 18 58 41 28 54 44 4 50 53 33 42 42 27 54 53 19 23 17 19 26 43 30 36 46 41 25 44 46 11 52 56 50 42 27 49 28 17 52 39 54 23 48 48 27 28 22 44 31 6 40 17 21 44 26 58 15 21 38 35 47 16 26 29 39 22 31 39 23 50 20 25 17 14 25 14 60 9 31 19 25 23 46 52 22 47 4 45 56 27 43 30 45 35 43 61 36 39 42 8 31 23 52 43 29 32 27 47 48 53 32 42 33 33 57 40 46 44 35 30 57 11 23 39 27 44 14 53 41 35 28 51 32 37 25 18
60 30 58 34 51 33 27 27 19 18 41 22 11 36 35 22 34 51 21 36 44 29 14 32 23 39 32 46 11 52 13 22 32 35 28 10 48 44 13 17 30 26 36 52 51 21 12 50 32 23 19 37 41 18 15 32 41 40 30 45 44 29 42 36 34 43 49 27 10 10 24 25 30 31 44 18 50 50 30 15 54 26 17 48 20 45 27 39 50 51 21 40 49 41 28 39 23 31 42 55 44 43 7 18 52 28 22 3 28 54 26 34 7 33 53 25 23 45 25 16 15 36 25 29 48 15 25 39 22 23 49 23 26 34 33 34 33 41 22 31 24 23 23 18 51 28 27 11 41 18 44 17 20 31 34 28 48 13 29 7 33 10 29 34 31 19 21 46 3 29 18 9 50 27 19 11 26 31 45 29 20 9 20 20 40 43 20 54 5 31 54 29 10 18 27 11 34 36 16 41 28 22 20 21 43 30 34 27 32 21 22 33 31 30 4 10 5 26 30 52 27 20 8 56 22 2 39 43 41 46 43 21 40 19 10 40 46 0 43 30 37 36 4 38 22 54 39 10 9 48 36 25 52 28 47 44 20 13 28 37 23 46 18 37 39 14 27 11 23 39 39 14 43 25 21 25 30 44 14 16 12 34 42 32 50 33 30 16 31 25 53 13 29 50 22 55 34 17 26 16 26 4 49 23 35 16 37 10 33 31 50 32 48 21 18 14 15 17 49 53 27 9 47 38 41 17 24 48 36 42 34 13 44 34 21 17 17 48 51 29 23 23 25 30 23 35 28 8 29 32 27 42 5 9 46 23 39 22 26 23 28 44 37 51 40 19 19 20 25 39 55 13 23 36 9 28 31 14 40 32 54 32 28 21 9 28 12 5 45 24 53 16 16 50 23 31 37 25 47 31 32 28 23 34 5 31 42 28 13 32 16 25 30 7 35 22 35 50 47 33 32 39 20 39 52 39 6 33 32 20 42 28 22 20 16 25 28 31 7 30 13 12 26 48 57 54 8 14 38 45 27 24 25 7 22 29 32 37 16 40 14 4 18 54 20 46 38 16 43 7 45 9 23 12 19 6 14 13 23 29
55 48 15 71 20 51 61 21 56 47 35 58 52 8 34 50 43 47 29 32 8 17 40 18 63 52 38 37 37 12 37 60 63 36 29 35 53 48 37 27 26 22 13 13 51 27 33 29 45 25 44 10 32 38 51 35 5 28 44 18 10 15 35 16 11 53 21 57 52 45 55 47 66 31 27 56 42 39 47 35 47 35 38 22 32 25 41 5 20 46 45 53 36 27 17 30 44 22 31 13 6 46 49 37 14 46 47 44 21 13 56 21 42 70 13 62 57 9 21 30 37 47 42 58 20 38 55 19 54 22 32 28 19 19 18 47 11 4 47 64 20 51 28 43 46 39 25 40 33 28 3 29 30 58 56 51 36 41 26 40 70 41 22 50 68 28 34 34 41 30 33 40 41 18 48 39 59 13 12 30 34 51 25 44 24 7 59 42 39 35 44 41 52 26 31 44 36 23 51 17 47 57 52 23 6 66 13 20 40 56 56 47 14 48 43 45 41 32 23 11 36 58 40 54 23 44 42 4 50 54 51 23 8 39 47 8 21 43 0 62 49 26 43 50 24 14 35 37 38 10 20 48 38 58 22 34 35 49 63 40 41 17 27 42 37 56 17 37 24 11 10 30 42 63 53 27 17 49 47 29 46 32 34 40 15 16 56 45 68 60 14 32 35 16 51 12 15 29 18 51 61 40 34 32 20 54 19 48 68 25 41 23 30 22 35 44 39 28 31 40 40 45 5 34 45 27 57 25 10 6 10 40 15 60 25 43 26 9 33 66 26 22 34 20 33 10 45 42 40 63 30 22 45 47 51 29 56 33 60 59 25 42 8 39 6 49 35 26 33 55 45 47 34 24 46 42 60 33 7 59 48 14 59 46 51 15 50 47 7 19 42 35 32 20 48 28 6 53 7 65 17 30 46 49 46 25 44 17 43 34 30 25 35 49 8 22 11 12 6 21 67 24 24 5 45 40 40 62 11 53 20 30 45 24 47 19 55 19 44 67 30 42 28 28 51 12 47 34 44 50 17 54 56 49 22 52 46 48 58 55 49 40 41 49 47 12 39 31 45 39 8 52 49 37 32 49 32 31 20 20
50 59 76 12 61 19 3 42 12 46 41 9 21 58 36 13 28 44 34 39 60 52 43 46 13 25 31 45 27 67 42 10 3 35 35 31 36 35 26 38 58 52 51 66 40 48 33 54 24 49 19 54 43 48 15 33 62 45 23 55 59 50 42 49 56 29 58 5 26 38 8 53 7 35 49 13 45 48 20 44 48 55 25 56 49 51 56 57 59 44 49 26 49 46 51 42 51 42 45 71 65 35 29 46 66 56 15 32 54 71 7 44 36 11 68 8 7 60 50 35 26 26 23 7 57 45 8 49 9 42 52 50 44 60 58 24 54 61 50 3 44 12 51 19 45 57 38 40 43 35 62 35 48 7 15 13 47 42 57 27 10 39 55 21 10 35 50 47 31 35 29 25 47 45 14 25 4 50 58 57 28 30 45 49 47 59 14 51 33 32 49 26 28 39 56 39 33 45 15 52 19 9 11 41 65 6 57 51 28 9 8 23 49 19 33 21 28 32 56 68 56 12 26 45 47 28 34 60 29 33 30 40 62 24 20 56 54 30 62 0 26 43 27 26 39 69 39 39 28 63 47 16 52 6 55 45 28 18 5 33 22 57 44 31 37 22 47 40 48 54 62 38 39 10 10 52 45 34 41 42 19 37 43 29 63 47 10 18 9 5 67 39 31 62 12 72 58 34 49 14 6 31 50 52 46 15 48 37 7 39 47 42 51 45 28 19 44 36 52 51 56 37 65 39 33 38 7 54 58 63 55 23 56 10 38 20 40 63 53 10 37 46 54 55 52 53 57 25 27 3 55 51 33 35 34 51 22 30 5 8 39 40 55 49 62 14 28 47 54 22 50 18 52 44 36 57 7 43 61 9 47 48 3 17 29 48 18 26 67 47 50 45 32 60 15 38 57 10 68 5 47 35 17 23 26 40 35 52 21 33 34 52 32 25 55 41 52 64 67 44 7 46 43 58 47 35 36 6 52 11 51 56 50 40 16 49 10 56 24 10 39 23 54 52 49 71 34 43 30 35 49 8 7 31 47 14 24 27 19 24 17 33 21 46 48 60 35 43 36 36 61 26 14 27 31 27 32 39 43 43
25 65 60 37 40 7 27 30 30 54 18 30 36 48 16 19 7 19 25 18 44 46 49 32 36 3 12 21 28 50 45 32 25 14 21 31 12 9 26 34 55 48 36 48 16 46 32 32 6 46 19 40 21 52 28 14 50 24 8 36 43 42 19 34 47 6 38 21 40 47 22 61 33 19 28 31 20 24 9 47 23 56 22 35 50 30 60 44 39 19 56 4 25 26 44 21 58 28 23 53 53 10 41 50 48 63 17 40 49 54 21 28 43 36 51 32 26 44 45 31 24 2 13 20 37 49 20 32 23 34 29 49 35 54 52 3 45 49 58 28 36 18 50 20 20 60 25 45 20 30 47 30 48 19 12 14 23 48 54 31 35 45 51 5 36 29 51 23 37 20 23 29 22 35 21 27 26 39 41 56 21 43 43 56 28 44 34 26 38 15 24 10 42 34 56 47 13 27 27 35 10 28 24 34 53 32 49 46 9 27 26 5 37 9 40 28 33 19 53 51 58 32 30 20 43 36 10 46 4 10 6 33 52 20 31 41 34 37 49 26 0 24 34 1 31 51 17 43 30 46 30 14 27 21 34 22 20 28 30 10 15 39 42 8 15 39 38 44 45 38 53 37 14 34 23 51 33 9 51 42 27 18 20 10 44 33 17 23 35 27 49 40 14 43 19 56 51 28 43 28 30 36 26 52 30 32 31 47 32 24 22 26 29 40 23 25 49 31 30 26 60 46 51 18 8 33 25 33 49 52 45 25 39 18 30 21 36 47 30 35 27 41 55 50 53 40 63 30 11 24 55 31 42 46 10 51 8 20 28 29 26 15 41 25 51 22 22 45 55 7 25 27 53 26 46 61 20 45 51 18 22 36 24 17 42 39 30 36 54 40 25 48 28 40 16 21 45 18 55 30 33 20 16 4 35 25 10 45 25 15 30 50 15 37 43 33 39 47 54 28 32 27 39 44 22 12 42 21 42 25 32 56 57 33 24 43 16 51 31 35 38 26 53 30 24 55 44 45 6 10 42 21 22 43 43 13 5 2 38 7 28 38 20 21 56 43 12 43 11 40 45 40 17 27 24 39 29 39 36 31
32 56 36 53 19 28 42 13 40 48 10 42 41 26 9 31 18 23 16 7 20 27 41 10 48 27 14 14 25 26 37 44 43 11 9 26 28 22 25 23 39 31 14 25 26 32 25 15 21 32 26 16 8 42 36 11 28 5 21 13 19 22 10 10 26 28 16 38 44 43 36 52 49 8 9 41 19 17 25 37 24 44 22 14 38 10 49 22 17 22 48 28 15 6 26 6 49 8 8 30 30 20 42 40 24 53 28 38 32 30 36 6 39 52 27 45 39 20 29 21 23 22 20 37 15 40 35 8 36 18 14 35 17 35 33 23 24 27 50 45 19 32 37 26 23 48 10 39 9 19 24 20 35 37 33 30 15 42 38 30 52 40 34 27 51 18 40 13 34 8 19 29 19 16 30 27 40 18 17 42 18 44 29 48 5 20 45 21 33 11 23 18 45 22 42 43 12 3 35 11 25 40 35 20 31 48 28 29 16 39 39 23 16 26 37 32 32 12 36 27 45 43 29 30 28 36 17 23 25 29 26 19 30 21 35 18 12 36 26 43 24 0 34 25 17 28 10 36 28 22 6 27 19 38 13 11 18 34 45 15 21 15 29 17 11 45 19 36 30 15 31 27 17 47 35 36 12 24 46 30 32 7 10 16 21 11 35 29 50 41 25 30 13 20 32 32 31 19 25 36 44 33 14 39 7 40 8 45 49 6 18 5 13 25 20 29 41 21 14 20 48 42 27 9 20 22 39 13 27 30 24 26 15 38 17 26 24 23 16 49 13 26 42 32 40 18 53 31 17 42 40 9 40 43 25 37 31 16 42 42 9 17 19 18 29 31 19 31 42 30 24 33 41 2 43 50 39 35 29 37 25 14 40 27 44 19 36 37 32 23 21 38 21 18 28 6 23 33 32 47 11 9 27 25 36 6 18 27 28 10 21 34 12 40 21 18 17 23 31 6 49 4 25 21 22 15 37 41 21 36 9 41 49 19 31 26 34 33 33 50 28 28 38 13 28 31 42 36 19 24 24 35 37 43 27 30 22 23 45 31 35 34 24 26 49 19 14 32 20 35 21 43 29 24 17 41 22 30 20 11
57 34 58 32 49 29 25 25 16 22 38 19 10 37 32 19 31 48 19 33 43 30 17 31 22 36 29 43 9 51 15 20 28 32 26 9 45 41 10 16 32 27 35 51 47 22 11 48 28 24 15 37 38 22 12 29 41 38 27 43 44 29 39 35 34 39 47 24 11 14 21 29 28 28 42 15 47 47 26 18 51 29 13 46 23 42 30 38 48 47 24 37 47 39 28 36 26 29 40 54 44 40 9 21 51 31 18 7 30 54 23 32 10 31 52 23 20 44 26 14 12 32 22 26 46 19 22 37 19 22 47 25 25 35 34 31 33 41 25 28 24 20 25 14 48 31 25 14 38 16 44 15 22 27 30 24 45 16 31 4 31 13 30 30 29 17 24 43 4 27 16 6 47 26 16 8 23 31 44 31 17 11 21 24 38 43 18 51 7 28 51 26 11 17 30 14 31 34 12 39 25 19 17 20 44 27 34 28 28 19 19 29 30 26 7 7 3 23 31 51 29 18 5 52 23 3 36 42 37 43 39 21 41 15 7 39 44 4 43 27 34 34 0 34 21 53 36 12 7 47 34 21 50 25 45 41 17 9 25 34 19 45 19 33 36 14 27 13 24 38 40 14 40 22 18 27 29 40 18 17 9 31 40 29 49 32 27 12 28 23 52 14 26 48 19 54 35 16 27 13 23 5 46 26 33 13 35 14 30 28 47 30 46 22 15 10 18 16 47 50 30 13 47 36 37 17 20 46 37 42 34 10 43 31 19 13 18 47 49 26 22 23 28 31 26 34 32 4 26 29 29 41 9 13 43 25 36 19 23 20 26 41 37 48 41 15 16 22 28 35 52 10 26 34 13 31 28 17 40 28 51 31 25 18 11 28 10 5 46 25 50 19 14 48 19 29 37 22 47 28 31 26 19 31 4 29 39 29 10 29 14 26 27 7 35 22 34 49 47 31 29 37 20 39 49 36 10 30 32 17 40 30 25 20 12 26 25 32 4 27 14 8 29 46 54 54 11 17 34 42 27 21 22 10 23 26 29 34 15 37 10 6 15 51 23 45 35 18 40 9 44 10 20 10 17 7 13 14 23 27
25 66 61 37 41 8 26 31 30 55 19 30 36 49 17 19 8 19 26 19 45 47 49 33 36 2 13 21 29 51 46 32 25 15 22 32 11 10 27 35 56 49 37 49 16 47 33 32 7 47 20 41 22 52 29 15 51 25 9 37 44 43 20 35 48 5 39 22 41 48 22 62 33 20 28 31 21 24 9 48 23 57 23 36 51 30 61 45 40 19 57 3 26 27 45 22 59 29 24 54 54 10 42 51 48 63 18 41 50 55 21 29 44 36 52 32 26 45 46 32 24 3 14 20 38 50 20 33 23 35 30 50 36 55 53 4 46 50 58 28 37 19 51 21 20 61 26 46 21 31 48 31 49 19 12 14 24 49 55 32 35 46 51 6 36 30 52 24 37 21 24 30 22 36 21 28 26 40 42 57 22 43 44 57 29 45 35 26 38 16 24 11 43 35 57 48 14 28 27 35 10 28 24 35 54 32 50 47 10 27 26 5 38 9 41 29 34 20 54 52 59 33 31 20 44 37 10 47 4 9 6 34 53 21 31 42 35 38 50 26 1 25 34 0 32 52 18 44 31 47 31 14 28 20 35 22 21 29 29 11 16 39 43 9 15 39 39 45 46 39 54 38 14 34 24 52 34 8 51 43 28 19 21 11 45 34 17 23 35 27 50 41 15 44 20 57 52 29 44 28 30 37 27 53 31 32 32 48 32 25 22 27 29 41 24 25 50 32 30 27 60 47 52 19 9 34 25 34 50 53 46 25 39 17 31 22 37 48 30 34 28 42 56 51 54 41 64 31 12 24 56 32 43 46 10 52 7 21 28 29 27 15 42 25 52 22 22 46 56 6 25 27 54 27 46 62 20 46 52 18 22 37 23 18 43 40 31 37 55 41 25 48 29 41 17 22 46 18 56 30 34 21 16 4 36 26 11 46 25 16 31 50 16 38 44 34 40 47 55 29 32 28 40 45 22 13 43 21 43 25 33 56 58 34 24 44 17 52 32 35 39 27 54 31 24 56 45 46 7 10 43 21 22 43 44 13 6 3 38 6 28 39 20 20 57 43 13 44 11 41 45 40 17 28 25 40 30 40 37 32
47 40 38 48 30 31 38 5 32 32 25 35 30 19 20 27 25 38 7 20 23 15 25 11 40 34 21 30 14 31 21 37 40 22 12 12 39 34 14 7 25 17 14 31 39 17 11 30 26 17 21 17 23 26 27 19 23 21 25 24 23 12 25 15 18 36 27 34 31 28 32 36 43 15 24 32 34 33 27 21 39 28 14 27 22 25 33 19 29 37 32 35 32 22 13 21 33 10 24 34 27 32 28 24 31 37 25 24 19 34 33 13 24 47 32 39 33 24 15 7 14 29 21 35 26 24 32 18 31 3 30 20 5 24 22 29 16 23 34 41 6 28 21 20 37 32 8 23 24 5 24 6 20 36 35 30 30 26 24 17 47 24 20 30 45 5 24 29 20 14 10 17 34 6 25 16 36 11 24 27 12 30 13 31 19 22 36 37 19 18 38 22 31 6 27 27 21 15 27 20 26 34 29 4 26 43 19 16 22 33 33 28 10 28 23 22 19 13 22 31 30 35 17 44 13 22 27 23 33 38 35 3 24 16 24 19 25 22 24 39 31 17 21 32 0 33 23 20 15 27 15 25 35 35 26 27 13 25 40 25 19 25 13 26 24 34 8 20 15 18 24 11 30 39 30 21 9 34 30 14 23 18 25 22 29 12 34 22 44 36 32 14 17 28 28 35 21 6 13 28 38 19 31 24 14 31 16 30 45 12 34 12 29 9 12 21 25 6 30 36 32 27 27 22 30 6 34 27 20 25 16 17 23 38 2 19 8 27 32 43 5 11 27 20 25 15 37 19 21 40 25 22 26 29 36 22 37 12 37 35 8 30 17 34 23 26 12 15 26 36 39 24 25 16 28 34 37 19 23 37 39 11 36 23 30 9 27 25 28 10 37 22 8 29 25 14 18 30 29 42 11 13 24 30 24 11 30 14 20 18 7 20 18 27 16 2 14 29 28 12 44 19 9 20 37 26 22 39 14 30 21 26 33 3 24 13 32 21 21 44 12 18 23 28 43 34 27 20 28 35 12 31 33 29 13 30 27 30 35 37 26 20 18 40 33 25 25 16 31 20 24 30 26 13 9 27 9 13 5 7
51 61 9 79 13 55 68 29 64 60 35 67 62 22 36 57 46 45 37 34 10 29 53 24 72 54 41 35 47 3 49 69 70 38 34 45 52 48 46 38 39 35 19 4 49 40 43 25 49 38 51 17 32 51 60 39 18 28 49 16 10 27 34 20 24 55 16 64 63 58 62 60 74 35 25 65 40 36 52 48 44 48 45 18 44 23 54 17 15 44 57 55 33 26 30 31 58 27 30 2 17 46 60 50 5 59 54 55 34 4 63 25 54 78 1 70 64 10 34 39 46 50 47 64 16 51 61 20 61 32 28 41 29 32 31 51 24 17 59 71 30 58 42 51 44 52 32 52 32 38 11 39 43 64 61 57 34 54 39 50 78 53 35 54 77 37 47 32 52 35 41 50 39 28 56 49 66 24 11 43 42 62 38 56 24 11 68 37 50 39 41 45 63 37 44 56 39 25 59 18 52 65 60 34 18 73 26 32 44 65 64 50 23 53 54 54 51 38 36 4 49 67 50 52 36 55 43 13 52 54 52 33 20 46 57 15 18 54 14 69 51 28 53 52 33 0 35 50 47 7 23 54 33 64 19 33 42 58 71 42 47 13 39 44 38 66 28 49 37 16 23 41 41 71 61 40 25 49 59 41 55 35 33 43 8 23 62 53 76 67 3 44 40 10 58 7 28 39 31 60 69 51 31 45 24 63 22 60 76 30 38 28 27 34 43 53 52 38 27 35 53 57 10 35 46 37 64 21 23 19 23 49 14 65 34 50 37 7 28 75 34 34 47 33 46 19 58 51 44 69 43 21 57 59 51 43 59 40 68 67 31 41 17 36 19 57 43 39 46 58 41 56 47 26 58 55 66 46 20 64 45 23 66 53 62 26 59 57 17 31 39 48 41 14 54 33 19 59 15 73 24 35 53 52 56 29 44 30 52 38 40 39 39 60 20 32 20 5 14 26 75 25 35 16 42 41 52 68 23 61 20 43 58 34 55 32 61 32 54 75 42 50 41 25 48 6 58 47 46 50 29 61 63 61 35 57 50 50 68 58 58 51 49 47 60 10 40 43 45 50 9 62 56 46 40 60 41 43 31 27
24 62 44 50 24 22 39 20 39 53 2 40 42 35 5 28 12 15 20 4 29 36 47 19 46 19 9 8 28 34 43 42 39 5 12 30 18 14 27 29 47 39 23 32 17 40 30 16 16 39 25 26 5 48 36 7 37 8 16 20 27 31 3 20 35 20 21 34 45 47 33 58 45 9 11 40 12 12 20 43 17 51 23 19 44 13 56 31 23 14 54 20 11 9 34 5 55 16 7 37 40 12 44 47 31 59 26 41 40 38 33 15 43 49 35 43 37 28 37 26 24 15 18 33 21 46 32 17 33 25 13 43 25 44 42 17 33 36 56 41 27 29 44 25 15 55 16 44 4 25 33 25 42 33 28 26 10 47 46 32 48 44 42 20 48 23 46 9 37 10 21 31 12 24 29 28 37 27 25 49 19 46 36 53 12 29 44 15 37 9 16 14 47 28 49 47 7 13 35 19 20 38 33 27 40 45 37 37 11 37 36 17 25 21 41 33 34 13 44 35 52 42 32 22 35 38 8 32 17 20 17 25 39 22 36 27 18 39 35 39 17 10 36 18 23 35 0 41 31 30 16 24 15 34 18 7 19 35 42 7 20 22 36 10 3 46 27 42 38 24 40 33 8 45 33 44 21 15 51 37 33 5 5 10 28 20 31 28 47 38 33 36 11 26 29 40 40 24 34 36 41 36 12 47 16 40 16 48 46 12 12 13 13 32 22 30 46 26 14 15 55 46 36 1 11 27 36 17 36 39 33 27 23 33 23 26 30 32 15 47 19 34 49 41 47 27 59 33 13 38 48 15 44 47 17 45 24 18 39 40 15 8 28 13 38 30 20 38 49 23 17 33 48 12 47 57 34 41 38 32 17 23 36 25 46 28 37 40 40 31 15 44 25 24 25 10 32 29 41 43 20 11 24 18 39 13 10 35 29 8 26 42 10 41 30 25 26 31 40 15 45 12 32 31 15 6 41 36 30 34 16 49 55 26 31 34 30 41 34 47 34 29 46 14 20 39 46 42 11 16 32 32 33 45 35 26 16 15 45 23 34 38 24 18 55 27 5 39 10 39 29 44 26 27 21 43 26 35 27 19
64 23 52 43 49 39 37 25 28 13 43 31 20 30 37 30 39 55 22 38 40 22 6 30 32 45 36 48 16 47 3 31 40 38 30 13 53 49 17 14 21 18 32 48 55 13 12 50 37 15 26 34 42 10 24 35 35 40 36 43 41 23 44 34 28 49 47 36 18 9 33 18 39 32 44 27 52 52 36 6 57 17 21 46 11 44 18 33 48 54 14 46 51 41 21 40 15 30 43 50 38 47 13 9 48 20 29 9 20 49 35 33 5 42 49 34 32 41 18 15 20 41 31 38 46 7 34 37 31 20 50 14 23 26 25 40 27 35 15 40 20 31 14 24 55 19 26 4 43 17 39 16 11 39 42 35 49 6 20 13 43 4 20 40 40 18 12 47 8 31 21 15 53 24 27 17 35 27 42 19 23 15 13 13 39 39 29 56 7 34 56 34 17 15 18 7 37 35 24 39 34 31 29 18 37 39 27 19 36 31 31 39 28 36 7 19 12 28 21 47 17 29 14 60 15 12 43 38 46 52 48 19 34 24 19 36 44 10 37 39 43 36 12 44 20 50 41 0 13 44 34 32 54 37 45 46 24 21 37 41 28 44 11 41 41 22 23 1 15 36 32 10 47 34 30 16 28 49 11 9 21 36 44 37 47 31 38 23 40 35 49 6 32 47 30 49 26 18 20 25 35 9 50 14 33 25 35 11 42 31 52 31 48 16 21 21 6 16 49 55 18 8 42 40 45 15 32 47 30 35 28 19 42 42 19 23 14 43 52 38 23 16 16 22 14 31 21 15 34 41 18 41 9 10 51 14 46 25 35 32 27 48 33 53 34 27 22 13 16 45 58 22 14 35 9 19 40 5 33 40 57 28 37 28 15 24 22 14 39 19 55 7 17 48 30 32 32 33 41 40 30 30 30 40 14 31 46 22 20 35 16 16 33 16 30 20 31 46 40 32 41 38 15 34 55 42 4 42 27 29 40 19 15 18 24 19 36 23 16 39 9 19 17 48 60 49 10 5 42 50 21 33 34 13 16 37 38 43 25 47 22 6 24 57 14 43 41 8 47 3 41 17 31 16 21 14 15 7 19 27
52 35 52 35 43 27 27 19 19 25 32 22 15 32 26 19 27 43 12 28 38 25 19 25 26 33 24 38 3 45 16 24 30 27 20 3 41 37 5 11 30 24 29 45 43 20 5 42 25 21 13 31 33 22 14 24 36 32 23 37 38 24 33 29 30 36 41 25 17 18 22 31 31 22 36 19 42 42 23 17 46 28 9 40 22 37 31 33 42 43 26 34 41 33 24 30 28 23 34 48 39 35 15 21 45 33 17 11 26 48 24 26 13 34 47 26 22 38 22 9 8 29 18 27 40 19 23 31 20 16 41 23 19 32 30 28 28 36 28 30 18 20 24 12 44 31 19 15 33 10 38 9 20 27 29 23 39 18 29 3 34 15 27 28 32 11 23 38 7 21 10 4 42 20 15 5 25 25 38 29 12 17 17 26 31 37 22 45 8 23 46 22 18 12 29 18 26 28 15 33 22 22 18 15 39 30 30 24 24 21 21 26 25 24 11 9 4 18 28 45 29 22 3 48 19 8 31 37 34 40 36 15 36 11 10 33 38 9 38 28 30 28 7 31 15 47 31 13 0 41 28 19 44 26 39 36 12 12 28 29 15 39 16 29 30 19 21 14 20 32 35 10 35 26 19 25 23 37 21 15 10 26 34 25 43 26 27 11 32 25 46 11 21 42 18 49 31 10 22 15 26 6 41 25 27 18 29 18 33 23 42 24 40 17 9 10 19 10 41 45 30 16 41 30 33 11 22 40 32 37 29 7 37 31 13 11 13 41 43 30 16 19 27 27 25 29 33 5 22 30 27 35 13 17 39 23 34 13 25 23 20 36 31 43 36 16 11 19 27 33 47 11 25 27 17 32 29 16 35 29 46 25 26 16 16 23 13 11 41 20 45 18 8 42 18 23 32 22 42 31 25 20 17 28 10 22 34 24 8 24 8 24 22 13 30 16 28 43 42 25 32 30 16 34 44 31 12 31 27 18 34 28 27 14 13 22 25 29 7 31 11 6 27 40 49 48 16 16 30 38 23 22 23 16 19 24 25 30 21 34 13 8 12 46 26 39 30 15 35 10 39 16 19 4 11 14 7 12 18 21
48 57 14 73 11 49 62 22 58 54 29 60 56 18 30 51 40 41 31 28 4 25 48 18 65 48 35 31 40 5 44 62 63 32 28 39 47 43 40 32 36 30 13 5 45 35 37 21 43 33 44 11 26 46 53 33 15 22 42 11 4 21 29 14 19 49 12 58 57 52 56 55 68 29 21 58 35 32 46 43 40 44 39 14 40 19 50 12 11 40 53 49 29 21 25 26 53 21 25 8 15 41 54 45 4 55 48 49 29 9 56 19 48 71 6 64 58 4 29 33 39 44 41 58 12 45 55 14 55 26 24 36 23 28 27 45 19 14 55 65 24 51 37 45 39 48 25 47 27 31 8 32 38 58 55 51 29 49 35 43 71 48 31 48 70 31 42 28 46 28 35 43 35 22 49 42 60 18 5 39 35 56 33 52 19 5 62 34 44 32 37 39 57 31 40 51 33 19 53 12 45 59 54 28 16 67 22 28 38 58 57 44 17 47 48 48 45 32 32 6 45 61 44 47 30 49 37 8 46 49 47 27 18 40 51 9 13 48 10 63 46 22 47 47 27 7 30 44 41 0 17 47 30 58 15 28 36 51 64 36 41 8 34 39 32 60 22 44 32 10 20 35 36 65 54 35 19 44 54 36 49 29 28 37 5 16 56 47 69 61 6 38 34 6 51 11 24 32 26 54 63 45 27 40 18 57 15 54 69 24 34 22 23 29 36 47 47 32 23 32 49 51 9 29 40 31 58 17 19 16 18 42 8 59 28 44 31 3 25 68 27 29 42 29 41 14 54 45 38 63 39 16 51 53 46 38 53 34 61 60 25 36 12 32 16 50 36 34 41 52 38 50 42 20 52 51 59 41 17 58 41 17 60 46 56 21 53 51 15 26 35 42 34 10 48 26 14 53 14 66 17 29 46 46 50 23 39 25 45 32 34 34 33 53 15 26 14 2 14 20 68 19 30 11 38 35 46 62 17 55 14 39 53 28 49 27 54 28 47 69 36 44 37 21 44 10 53 42 40 45 23 55 56 55 29 51 44 44 61 52 52 45 42 43 55 4 35 38 40 44 3 56 49 39 34 54 35 37 25 21
38 52 31 57 16 33 46 10 43 46 16 45 42 20 15 35 24 29 16 13 15 23 39 5 50 33 19 19 26 21 35 47 47 17 12 26 34 28 25 21 34 27 8 20 32 29 24 16 26 28 29 10 13 39 38 17 22 9 26 10 14 18 16 4 20 34 14 42 44 42 40 49 52 12 11 43 25 22 29 35 30 40 24 12 34 11 45 16 15 28 46 34 20 9 21 12 47 6 13 25 24 26 42 38 20 50 32 37 27 25 40 3 38 55 23 48 42 14 25 20 24 28 25 42 13 38 39 4 39 15 17 31 13 30 28 29 18 21 48 49 15 35 33 29 28 44 10 37 14 18 18 19 32 42 38 35 19 40 34 30 55 38 29 32 54 18 36 17 34 12 20 29 24 12 34 28 44 13 13 37 20 44 26 45 6 14 47 25 33 16 27 23 45 20 37 41 17 3 38 6 29 43 38 17 25 51 23 25 22 42 42 28 10 31 37 33 32 15 31 22 41 46 30 36 24 36 23 17 31 35 32 16 24 24 36 12 10 36 20 47 30 6 34 31 15 23 16 34 28 17 0 31 22 42 12 16 20 36 48 21 25 12 26 23 17 46 15 34 26 9 25 25 23 49 39 32 8 30 44 27 34 13 15 21 17 5 40 31 54 45 21 28 17 16 35 27 26 19 21 39 47 33 18 36 1 42 2 44 53 8 23 5 15 21 21 31 38 20 16 24 45 41 21 15 26 20 42 13 22 24 18 27 10 43 16 28 21 18 19 52 13 22 39 28 37 12 49 31 22 46 36 8 40 43 31 34 37 18 45 45 9 23 13 23 23 34 21 27 38 36 29 35 37 4 42 47 43 32 23 42 30 9 44 30 44 15 38 38 26 19 26 35 21 15 32 10 17 37 26 50 6 13 30 30 37 7 24 22 30 16 21 30 17 40 15 15 11 18 25 4 52 5 22 15 27 21 36 45 15 39 6 37 46 17 34 22 38 28 33 53 26 29 34 14 34 26 42 33 25 30 19 39 40 43 24 35 27 29 47 36 37 34 27 32 47 14 20 30 26 34 15 43 33 25 19 41 22 27 16 8
38 54 60 27 45 8 16 27 17 42 25 18 22 44 20 5 13 31 19 23 45 40 37 31 24 15 15 30 17 51 35 20 17 19 20 21 25 22 16 27 48 41 36 51 29 38 23 39 10 39 7 39 27 41 15 17 48 29 8 40 44 37 26 34 43 19 42 11 27 35 10 49 22 20 33 18 31 34 6 36 35 47 12 40 40 35 50 43 44 31 45 16 34 31 38 26 47 27 30 55 51 22 28 40 50 51 4 28 43 55 10 29 31 26 53 20 14 45 39 23 14 13 7 11 41 38 9 34 11 28 37 41 30 48 46 11 41 47 46 19 31 6 42 8 32 50 23 34 27 23 47 23 39 11 11 5 32 37 47 19 26 34 44 10 25 22 42 32 25 20 16 17 33 31 7 15 14 35 43 48 14 30 35 44 31 44 22 37 26 17 36 10 29 27 47 35 18 29 13 37 5 16 11 28 51 22 44 40 13 15 14 10 34 5 28 15 21 16 46 52 48 20 18 34 36 23 19 45 17 23 20 27 49 11 18 41 39 25 48 16 14 27 21 14 25 54 24 32 19 47 31 0 37 11 39 30 13 15 19 19 7 42 34 16 22 26 33 33 37 38 49 28 24 22 10 43 31 22 39 33 14 21 28 14 47 32 9 10 24 15 51 30 15 46 6 57 45 21 37 14 18 24 35 43 30 18 32 35 23 24 33 26 36 33 15 12 38 24 37 37 49 34 50 24 20 26 13 39 45 49 41 13 41 13 24 9 29 48 38 24 22 35 46 44 43 38 52 18 11 16 46 35 30 33 23 42 15 15 16 17 24 25 40 35 48 8 14 37 45 14 37 13 44 28 33 51 13 35 48 12 34 34 14 4 29 34 17 23 52 34 36 37 20 44 3 22 43 6 53 20 32 19 3 11 22 25 22 39 12 17 22 42 16 24 40 27 37 49 52 28 22 30 32 43 34 21 30 15 38 12 35 47 46 27 10 37 8 45 18 24 29 14 45 37 36 56 32 35 17 23 36 9 10 29 36 5 10 14 25 16 14 26 9 33 44 44 20 34 23 29 45 26 3 17 17 26 20 30 30 28
18 74 42 63 20 34 52 30 53 66 13 54 56 41 19 42 24 13 33 17 31 44 59 27 60 29 23 8 42 33 55 56 51 18 25 43 23 20 41 41 56 49 29 31 18 50 43 10 28 49 38 31 12 60 49 22 41 14 29 20 29 39 12 25 42 28 19 47 59 61 46 70 58 22 12 54 8 4 33 55 11 62 37 17 55 13 67 35 20 12 66 29 4 14 43 14 67 25 11 35 43 19 58 58 30 71 40 55 49 37 46 23 56 62 34 56 50 30 46 39 38 26 32 46 19 58 45 21 47 36 7 53 35 51 50 28 40 40 68 54 37 42 54 40 12 66 28 57 12 37 35 38 53 45 39 39 5 60 56 46 61 57 51 32 61 36 58 7 51 24 35 44 7 34 43 42 51 35 26 59 33 60 47 65 17 31 58 4 50 23 8 28 61 40 59 60 20 20 49 22 33 52 47 38 44 58 44 46 25 51 50 29 32 34 54 47 48 27 53 35 63 56 46 19 46 52 19 35 26 25 25 37 44 36 50 30 17 52 38 52 27 19 50 28 35 33 15 54 44 30 22 37 0 46 16 9 33 49 55 19 33 22 47 21 16 60 37 54 48 28 46 45 14 58 47 54 29 21 64 48 47 19 11 24 27 27 43 43 60 52 30 48 25 25 43 40 47 36 43 50 55 50 5 57 23 54 23 62 58 23 6 24 8 43 35 44 59 39 8 2 66 59 38 15 20 39 49 14 43 43 39 41 24 44 35 40 42 32 5 60 31 44 60 49 58 33 71 46 27 50 58 17 57 61 22 55 34 31 53 53 27 13 33 3 43 44 34 49 59 33 8 47 59 20 60 68 46 53 43 45 12 31 49 39 60 37 51 53 44 41 6 56 38 21 39 22 37 42 43 56 28 25 38 30 52 24 17 44 43 22 39 52 24 55 36 36 32 30 42 24 58 17 43 35 9 17 54 48 37 48 19 58 67 37 44 44 42 50 48 60 46 43 56 10 15 39 59 54 22 21 41 45 47 59 45 38 29 26 60 32 49 51 38 14 67 27 18 50 17 52 31 58 40 41 34 57 39 48 38 29
45 58 71 17 55 14 6 37 13 45 35 11 22 54 31 8 23 39 29 33 55 49 41 41 17 21 26 39 24 62 40 13 6 30 30 28 31 30 23 35 55 49 46 61 36 45 30 49 19 46 15 49 38 46 14 27 57 40 18 50 54 46 36 44 52 24 53 2 27 37 5 53 13 30 44 14 40 43 14 42 43 53 21 51 46 45 54 53 54 39 48 21 44 41 47 36 50 37 40 66 61 30 29 45 61 55 11 31 51 66 2 39 34 16 63 12 8 55 47 31 22 21 18 2 52 43 4 44 7 38 47 48 40 56 54 19 50 57 49 8 40 7 49 15 40 55 33 38 37 32 57 31 46 3 10 8 42 41 54 24 15 37 51 16 16 31 48 41 29 30 25 23 41 40 11 22 6 45 54 55 24 30 42 48 42 55 16 45 31 27 44 20 29 35 54 38 28 39 13 47 14 10 9 37 60 12 53 48 23 9 8 18 44 13 31 19 26 27 53 63 54 14 23 40 43 26 28 56 24 28 26 36 58 20 19 51 49 28 58 6 21 38 25 20 35 64 34 37 26 58 42 11 46 0 49 39 23 16 9 28 18 52 41 25 32 23 43 38 45 49 58 35 33 14 8 50 41 28 41 40 17 32 38 24 58 43 5 15 15 7 62 37 25 56 8 67 54 30 46 13 10 29 45 49 41 15 43 36 13 34 41 37 46 41 24 17 42 32 47 46 54 36 61 34 28 34 6 49 54 59 51 20 51 7 34 16 37 59 48 14 32 43 52 52 50 48 56 23 22 5 53 45 32 35 30 49 17 25 8 10 34 34 50 44 58 11 23 44 52 17 45 16 50 39 36 55 4 41 57 5 42 44 3 12 29 44 17 25 62 43 44 43 28 55 10 32 52 5 63 10 42 29 12 18 25 35 30 48 18 28 30 49 26 25 50 37 47 59 62 39 12 41 40 53 42 30 34 5 48 9 46 54 49 36 13 45 5 53 22 15 36 20 52 47 44 67 34 41 25 30 45 4 4 30 44 9 18 22 21 19 15 31 17 40 47 55 29 41 31 34 56 26 9 24 26 27 29 37 39 39
34 63 28 65 7 39 54 21 52 57 17 54 52 27 20 43 29 27 27 17 15 31 50 16 60 37 25 17 37 18 46 56 55 21 21 37 34 30 36 32 43 36 15 16 31 39 36 7 32 38 38 16 14 50 48 23 26 10 32 5 13 27 16 13 27 37 4 50 55 53 48 60 61 20 7 53 22 18 36 45 26 50 34 2 44 5 56 20 5 26 56 37 15 9 30 14 57 16 12 21 28 28 53 48 15 60 40 49 36 22 48 13 49 64 19 57 51 14 34 32 34 33 32 49 4 49 47 9 48 26 10 41 24 37 36 34 26 25 58 57 26 44 43 38 26 54 21 48 14 30 20 31 42 49 44 42 16 51 43 41 64 49 38 37 63 28 47 14 44 20 30 40 20 23 43 38 52 22 11 47 30 55 36 56 8 16 57 20 44 23 23 30 56 31 47 52 22 12 47 8 36 52 47 28 28 60 30 34 27 51 51 34 20 37 48 44 43 24 40 20 51 55 41 34 35 47 25 19 34 36 34 27 29 33 47 15 2 47 22 55 34 13 45 35 26 19 18 45 39 15 12 39 16 49 0 14 30 46 57 24 33 7 37 27 20 57 25 45 36 13 31 36 23 59 47 41 18 31 55 38 44 18 15 27 12 15 47 41 62 53 16 39 24 10 44 25 33 30 31 48 56 43 13 46 13 52 11 55 61 17 19 16 9 32 31 41 49 31 9 18 55 52 22 17 28 31 51 3 28 28 25 38 8 49 27 38 32 17 11 61 24 32 48 36 47 19 60 42 28 54 45 5 51 54 32 43 41 28 54 54 20 23 18 18 27 43 31 38 48 40 24 44 47 12 53 57 50 43 28 49 27 18 52 39 55 24 48 49 28 29 21 46 32 6 40 18 23 45 28 58 16 21 39 35 48 17 26 31 40 22 31 40 24 51 22 26 18 15 27 14 61 9 32 20 24 23 47 52 23 48 6 46 57 28 43 31 45 36 44 62 37 40 43 7 30 24 53 44 29 32 28 47 49 54 34 42 33 33 57 40 47 45 36 28 58 12 23 40 26 45 15 54 41 36 29 52 33 38 27 19
22 66 41 56 20 27 45 23 45 58 5 46 48 36 10 34 17 14 25 9 28 38 51 21 52 24 15 4 33 31 47 48 45 11 17 35 20 16 32 33 50 42 23 29 18 43 35 10 22 42 31 25 4 52 42 14 37 7 22 18 25 33 4 20 36 24 18 40 51 52 39 62 51 14 8 46 9 7 26 47 14 54 29 15 48 10 59 31 19 13 58 25 6 8 36 6 60 18 4 34 39 14 50 51 28 63 32 47 43 35 39 16 48 55 32 49 43 26 40 31 30 20 24 39 17 50 37 16 40 29 8 46 27 45 44 22 34 35 60 47 29 35 47 32 13 59 20 49 4 29 32 30 46 39 33 32 4 51 49 38 54 49 44 26 54 28 50 2 43 15 26 36 9 27 35 34 44 28 24 52 25 52 39 58 11 28 50 10 42 14 12 20 52 32 52 52 13 14 41 18 26 44 39 30 39 50 39 40 17 43 42 22 26 27 46 39 40 19 46 33 56 48 37 21 39 44 13 31 21 22 21 29 39 28 42 26 15 44 34 45 22 11 41 22 27 33 7 46 36 28 16 30 9 39 14 0 25 40 48 12 26 20 40 15 8 52 30 46 41 23 41 37 9 51 39 47 23 17 56 40 39 11 2 16 25 21 36 35 53 44 30 40 16 23 35 38 41 28 36 42 47 42 6 50 17 46 17 54 52 15 8 16 8 35 27 36 51 31 8 9 59 51 35 6 15 32 42 13 37 39 34 33 21 38 27 31 34 30 9 53 23 37 53 43 51 27 63 38 19 44 51 12 49 52 19 48 29 23 45 46 19 9 28 8 38 36 26 42 52 28 13 38 51 13 52 61 40 45 38 38 14 25 42 31 51 30 42 45 40 34 10 48 30 20 31 14 32 35 40 49 22 16 30 24 44 16 13 37 35 13 30 45 15 47 31 28 26 28 39 17 51 11 35 30 12 10 46 42 31 40 15 51 59 30 37 37 35 43 40 53 38 35 49 9 18 37 51 46 16 18 34 38 39 51 38 31 22 20 52 27 41 43 29 16 59 25 11 43 13 44 27 50 33 33 26 48 31 40 30 22
40 46 49 37 35 19 27 15 23 36 21 25 24 32 15 15 15 32 7 17 33 28 29 19 30 23 13 26 9 40 26 27 29 16 10 12 30 25 8 15 36 29 24 40 32 26 13 32 14 27 9 27 22 32 19 13 35 22 13 30 32 24 22 23 30 26 33 23 27 29 20 42 32 11 26 23 30 31 15 27 34 37 4 31 30 27 40 30 34 31 37 24 30 23 26 20 39 15 24 44 39 24 25 31 39 43 13 23 31 44 21 18 25 36 42 29 23 33 27 11 6 18 9 23 32 30 20 23 20 16 30 30 18 36 34 18 28 34 39 30 18 16 31 9 32 40 11 27 22 11 35 11 28 24 23 17 28 29 35 13 36 27 32 19 35 9 32 27 19 11 4 12 31 18 14 10 25 23 32 37 1 27 23 37 22 32 27 34 19 11 34 11 28 15 36 29 14 19 18 26 13 24 18 16 38 32 31 27 13 23 22 16 22 15 22 15 16 6 34 41 38 26 13 37 24 19 20 33 23 29 25 15 36 4 18 29 29 20 35 28 20 18 17 21 13 42 19 24 12 36 20 13 33 23 30 25 0 17 29 18 7 31 22 17 19 28 20 25 26 27 36 17 24 30 19 31 18 25 33 22 15 15 23 13 37 20 22 12 34 25 40 20 9 35 16 45 33 9 25 19 28 18 30 33 19 23 22 30 34 13 30 15 30 21 3 12 30 12 31 33 40 28 38 19 22 14 22 30 32 37 28 8 30 26 12 9 17 37 33 33 10 23 35 31 33 26 44 14 10 28 35 26 25 29 28 31 25 3 26 25 12 25 28 32 35 15 2 25 35 24 35 15 34 19 28 42 25 25 35 24 34 21 25 11 27 22 19 21 40 22 33 28 8 35 13 13 30 18 41 31 20 10 12 18 20 14 23 27 11 12 10 30 10 23 28 15 25 38 40 17 33 21 20 31 33 19 23 27 26 19 26 36 38 15 14 25 20 33 16 33 18 10 33 30 37 44 27 26 19 27 24 20 21 27 24 18 15 20 28 25 17 20 7 34 37 33 18 24 24 22 34 26 14 9 4 24 9 20 18 16
52 42 63 24 52 23 16 29 8 30 37 11 8 43 30 11 27 44 21 33 48 37 26 34 15 30 27 42 12 55 24 12 19 31 26 15 39 36 12 23 41 35 39 55 43 31 17 48 23 32 11 41 38 31 3 28 47 38 22 46 48 35 38 38 41 34 49 15 13 22 12 37 19 28 42 8 44 46 20 27 48 38 13 48 32 43 39 44 50 44 33 30 46 39 35 36 35 31 40 59 51 36 14 30 55 40 11 15 38 59 14 34 19 22 57 14 11 48 34 20 13 27 18 17 48 28 13 39 10 27 47 33 30 43 42 26 40 47 33 19 29 12 34 10 45 40 27 23 38 21 49 20 31 19 23 17 44 25 40 10 23 22 38 24 21 21 33 42 13 27 17 9 45 31 8 10 14 36 48 40 17 15 29 33 39 47 11 49 16 26 48 22 15 23 39 23 29 35 3 42 19 10 8 26 50 19 42 35 25 10 10 24 35 20 16 4 11 23 40 56 38 10 9 48 30 11 33 47 32 37 34 26 48 14 4 44 46 13 49 18 28 34 9 29 25 58 35 21 12 51 36 15 49 16 46 40 17 0 16 31 16 48 27 30 34 12 32 22 32 42 47 22 37 15 9 36 33 36 26 26 3 31 38 26 52 35 18 7 20 14 56 22 24 51 10 60 42 20 34 4 14 14 46 35 35 6 38 21 22 30 45 32 46 29 16 6 27 21 47 49 39 21 52 34 33 23 11 47 43 49 40 9 46 22 24 9 24 52 49 19 25 31 37 39 35 40 41 8 23 20 38 42 17 20 38 34 29 19 14 11 28 38 42 47 47 8 16 30 37 28 50 2 35 35 20 40 19 26 47 20 47 35 16 12 15 34 2 9 52 31 48 28 18 51 13 29 43 14 54 19 35 26 13 25 9 30 35 36 7 27 19 35 25 10 41 27 39 53 53 33 21 38 27 44 47 33 19 21 38 8 42 39 34 25 5 33 17 40 7 19 22 8 37 46 50 59 18 26 30 37 34 12 13 15 31 18 24 29 12 30 1 15 11 47 32 49 32 26 36 18 49 12 13 13 18 12 17 23 29 31
54 56 77 9 63 23 3 43 10 43 44 6 19 58 39 14 31 48 34 41 61 52 41 47 9 30 34 48 27 69 40 7 7 38 37 30 40 39 27 38 57 51 52 68 45 47 33 57 27 48 20 55 46 46 14 35 62 47 26 57 61 50 45 51 56 33 60 9 23 36 9 51 4 38 51 10 49 52 23 42 52 53 26 58 47 53 53 58 62 48 47 30 52 49 51 44 49 44 48 72 66 39 27 45 67 54 17 30 53 72 10 46 34 8 70 4 7 61 50 35 26 30 25 11 59 43 11 51 10 42 55 49 45 59 57 28 55 62 47 4 44 14 50 20 49 55 39 38 45 36 63 35 47 12 19 17 50 39 56 26 8 37 54 25 7 35 48 50 29 37 30 25 50 45 15 25 5 50 60 56 29 27 45 47 49 61 10 54 31 35 53 28 25 39 54 37 36 47 13 54 22 7 11 41 65 3 57 51 31 7 8 27 49 22 31 20 26 34 56 69 54 9 25 49 46 26 37 61 33 37 35 41 63 25 19 57 57 28 63 5 30 45 25 29 40 71 42 37 28 64 48 19 55 9 57 48 29 16 0 37 24 59 43 34 40 19 47 38 48 55 62 37 42 6 10 51 46 37 39 42 18 39 46 32 65 49 14 18 6 4 69 38 33 64 14 73 58 34 49 13 2 29 53 50 48 12 50 34 6 41 50 43 54 44 29 19 42 36 55 55 54 35 66 42 37 38 7 57 58 64 55 24 58 14 38 21 40 65 56 5 38 46 52 55 50 54 55 24 30 8 54 53 31 33 39 50 26 31 3 6 40 43 56 53 62 15 29 46 52 26 54 17 50 46 34 55 11 41 62 13 51 49 6 19 26 49 16 24 67 47 53 43 32 62 17 40 58 13 68 3 48 37 19 27 24 42 39 51 21 36 34 51 34 23 55 41 53 66 68 45 5 49 43 59 51 39 34 11 53 10 53 55 48 40 16 49 14 56 22 6 38 22 53 55 53 73 32 41 34 39 49 10 9 28 47 18 27 31 16 28 15 31 22 49 45 62 38 42 40 34 62 23 16 27 32 25 32 38 44 44
23 63 50 45 30 16 34 23 34 53 8 36 39 40 6 24 6 14 20 9 35 39 47 24 42 13 5 12 27 40 43 38 33 4 13 29 14 9 25 30 50 42 28 39 15 41 29 22 10 41 21 31 11 49 32 6 42 14 11 26 33 34 9 25 39 14 28 29 43 47 28 58 40 11 18 36 14 16 14 44 18 52 21 25 46 20 57 36 29 14 54 14 16 16 37 11 56 20 13 43 45 7 42 47 38 60 21 40 43 44 27 20 42 44 41 38 32 34 39 27 22 9 14 27 27 46 26 22 29 28 19 44 28 47 45 10 37 41 56 36 29 24 46 22 15 56 19 44 10 25 38 26 44 27 21 20 14 47 49 31 43 44 45 14 43 24 48 14 36 12 20 29 15 27 25 26 32 31 32 51 18 44 38 54 18 34 39 18 36 8 18 10 44 29 51 46 5 18 31 25 15 34 29 29 45 39 41 40 7 33 32 11 29 15 40 30 33 13 47 41 54 38 30 20 38 36 3 37 11 15 12 27 44 19 33 32 24 37 40 33 10 15 34 11 25 42 7 41 29 36 21 19 19 28 24 12 18 31 37 0 16 29 37 3 5 42 31 42 40 29 45 33 7 40 29 46 25 10 50 38 29 8 10 6 34 24 25 25 42 33 39 37 9 33 25 46 43 24 37 32 36 35 17 48 21 36 22 47 40 16 14 18 19 34 20 26 46 27 20 19 56 45 41 8 6 29 31 23 41 44 37 25 29 27 25 22 32 37 21 41 21 36 51 44 49 31 60 30 9 32 50 21 42 46 12 46 18 17 34 35 18 8 33 17 42 26 19 40 50 17 19 29 49 17 45 58 28 42 43 26 17 28 31 21 44 31 33 37 46 34 18 44 25 30 21 13 36 24 46 37 25 13 19 12 36 17 5 38 26 7 26 44 8 39 35 27 30 37 45 19 40 18 34 36 16 2 40 30 34 30 22 51 55 28 27 37 24 44 32 42 35 26 48 20 20 45 44 42 5 11 35 27 28 43 37 20 10 9 42 17 31 37 20 17 54 33 2 40 7 39 35 42 22 26 20 40 26 36 30 23
38 50 54 33 39 13 22 21 20 39 22 22 23 37 16 10 12 30 13 18 38 34 34 24 27 18 12 27 13 45 31 24 23 15 13 16 26 22 11 21 42 35 29 44 29 32 18 34 10 33 5 32 23 37 16 13 41 24 8 34 37 30 23 27 36 21 36 17 27 32 15 46 28 14 28 21 29 31 9 32 33 42 7 34 35 30 45 36 38 29 41 19 31 25 32 21 43 20 25 49 44 21 27 35 44 48 8 25 36 49 16 22 28 32 46 25 18 38 32 17 9 14 3 18 35 34 15 28 15 22 32 35 24 42 40 13 34 40 43 25 24 11 36 7 30 45 16 30 23 16 40 17 34 18 17 11 28 33 41 16 31 30 38 13 31 16 37 28 22 14 9 14 30 24 10 12 20 29 37 42 8 29 29 41 26 38 25 34 23 12 33 7 29 21 42 32 13 23 16 30 8 20 14 22 44 27 37 34 10 19 18 11 27 10 25 14 18 10 40 46 43 23 15 34 30 21 18 39 19 25 21 21 42 5 17 34 33 23 41 22 15 21 19 16 19 47 20 28 15 41 25 7 33 18 33 26 7 16 24 16 0 35 28 15 19 27 26 29 32 32 42 22 22 26 15 37 24 22 36 27 14 16 24 11 41 25 16 10 30 21 45 25 10 40 11 50 39 14 31 17 23 21 31 38 24 21 26 33 29 18 30 20 31 26 9 11 34 18 32 34 45 31 44 20 19 20 18 33 38 43 34 10 35 20 18 7 23 42 34 29 16 28 41 38 38 31 48 15 8 23 41 29 28 31 24 37 19 8 22 21 17 23 33 32 41 11 7 31 40 18 34 14 39 22 31 47 19 30 41 18 32 27 20 6 28 28 18 22 46 28 33 33 14 38 8 16 36 13 47 26 25 13 6 13 21 18 20 33 10 13 16 36 11 23 34 21 31 42 46 22 28 25 26 36 32 18 27 22 32 15 29 41 42 21 11 31 14 39 17 29 24 11 39 32 35 50 30 30 16 23 30 15 16 28 30 12 10 15 27 20 16 23 5 32 41 38 17 29 22 25 39 26 9 12 11 25 15 25 24 22
40 59 22 68 6 43 57 20 54 55 22 56 53 22 24 45 33 33 27 21 9 27 48 15 61 41 28 23 37 12 44 58 58 25 23 36 40 35 37 31 39 32 12 10 37 36 35 13 36 34 40 12 19 47 49 26 20 15 36 3 7 23 21 11 23 42 5 52 55 52 50 57 63 22 13 54 27 24 39 43 32 46 35 6 41 11 52 15 5 32 54 42 21 13 26 18 54 17 17 15 22 33 52 46 9 57 43 48 32 16 51 14 48 67 13 59 53 8 31 31 35 37 35 52 4 46 50 9 50 24 16 38 22 33 31 38 22 19 56 60 24 46 39 40 31 51 21 47 19 29 14 30 39 52 48 45 21 49 39 41 66 48 34 41 65 28 44 20 44 23 31 40 27 21 45 39 55 18 5 43 31 54 33 53 11 10 58 26 43 26 29 33 55 30 43 51 26 13 49 6 39 54 49 26 22 62 25 30 31 53 53 38 17 41 47 45 42 26 35 14 48 57 41 39 32 46 30 14 39 41 39 26 23 35 47 10 5 46 17 57 39 15 45 39 25 13 22 44 39 8 12 42 22 52 7 20 31 48 59 29 35 0 34 31 25 57 22 44 33 9 25 34 28 61 50 38 17 36 54 36 45 22 20 30 6 14 50 43 65 56 11 38 27 5 46 19 28 29 27 50 58 43 19 42 13 53 10 54 64 19 26 17 15 29 32 43 47 30 15 24 51 50 16 22 33 30 53 9 23 22 21 39 3 53 26 39 31 11 17 63 24 29 45 32 43 15 56 42 32 57 42 8 50 53 38 40 46 29 57 56 20 28 14 24 22 45 32 35 44 45 30 46 44 14 52 53 54 41 23 52 33 16 55 41 54 21 49 49 22 26 27 43 32 5 43 20 18 47 22 61 15 23 41 39 48 18 31 27 41 25 31 36 27 51 17 25 14 9 21 15 63 12 30 15 30 28 46 56 19 50 7 42 54 27 45 28 49 32 44 64 36 40 39 13 36 18 52 42 33 37 25 50 51 53 31 45 37 37 58 45 48 44 38 35 55 6 27 38 32 44 9 54 44 36 30 51 32 37 25 18
59 27 41 51 39 40 42 17 35 22 37 38 28 19 33 34 37 50 17 32 30 11 14 21 40 45 33 42 18 37 11 39 46 34 25 14 51 46 19 8 14 9 23 38 52 5 12 42 36 6 27 24 36 13 30 32 24 34 35 33 30 13 38 25 17 48 38 40 27 19 37 24 46 28 36 34 47 46 36 10 52 15 22 37 9 36 20 23 38 49 20 46 44 34 10 34 21 22 37 39 27 44 23 12 38 24 32 18 11 39 39 25 16 49 38 41 37 31 8 12 21 40 30 42 37 13 38 28 35 11 42 8 13 17 15 39 16 24 22 45 11 35 9 27 50 20 20 14 37 13 28 12 7 43 44 38 43 16 13 18 50 15 11 41 47 14 11 41 16 26 19 19 47 14 31 20 40 17 32 15 21 25 2 19 31 29 37 50 14 30 51 32 27 9 14 18 33 27 30 30 35 37 33 10 26 46 16 9 34 37 36 38 18 37 17 24 17 25 13 36 17 37 19 56 4 20 40 27 45 50 47 11 23 24 25 25 35 18 27 44 42 29 19 43 13 39 36 11 16 34 26 34 47 41 37 40 22 27 43 37 28 34 0 38 37 32 13 11 5 26 22 7 43 41 34 10 19 46 21 3 26 31 38 34 37 22 42 27 47 40 39 6 29 37 34 38 16 14 9 31 41 15 43 11 25 32 26 22 49 25 47 24 41 6 20 25 14 11 42 48 20 19 31 35 42 9 38 38 19 25 17 22 32 46 13 26 6 33 44 45 18 6 14 12 12 20 24 20 32 45 13 33 19 21 48 9 47 22 41 38 21 43 23 47 23 31 21 3 14 46 52 27 13 28 20 22 44 7 22 44 52 19 41 30 25 14 28 23 28 8 49 10 15 38 32 27 21 37 30 46 21 25 32 40 22 24 42 11 24 31 13 8 30 25 20 12 21 36 30 24 48 31 5 24 50 39 14 46 17 34 32 14 21 10 28 8 40 14 22 46 6 22 12 40 56 38 21 8 40 48 11 37 38 24 5 39 37 41 34 47 28 15 26 53 22 33 37 4 44 13 31 27 34 18 19 24 14 5 10 19
24 63 52 42 33 13 31 25 33 53 11 34 37 42 9 21 3 15 21 11 37 41 46 26 40 10 6 14 26 43 43 36 31 7 15 29 13 8 25 31 51 43 30 41 15 42 30 25 8 42 19 33 14 49 30 8 44 17 8 29 36 36 12 27 41 12 30 26 41 46 26 59 38 13 20 34 15 18 12 44 19 53 20 28 46 23 57 38 32 15 54 11 19 19 39 14 56 21 16 46 47 7 41 48 40 60 20 39 44 47 25 22 42 41 44 36 30 37 41 27 22 6 12 25 30 47 24 25 27 29 22 45 29 49 47 8 39 43 56 33 31 22 47 21 16 57 20 44 13 26 41 27 44 24 19 18 17 46 50 30 40 44 46 11 41 25 48 17 35 14 20 28 17 29 23 26 30 33 34 52 18 43 39 54 21 37 38 21 36 9 20 8 43 30 52 46 6 20 29 27 13 32 27 30 47 37 43 41 5 31 30 8 31 13 39 29 32 14 48 44 54 36 29 20 39 35 3 39 9 13 10 28 46 19 32 34 27 37 42 31 8 17 33 9 26 44 10 41 29 39 23 16 21 25 27 15 17 30 34 3 15 31 38 0 8 41 32 42 41 31 47 34 8 38 26 47 27 9 50 38 28 11 13 5 37 27 22 24 40 31 42 37 9 35 22 49 45 24 38 30 34 35 20 49 23 34 24 47 37 17 17 20 22 35 20 25 47 27 23 21 57 45 44 10 5 29 29 26 43 46 39 24 31 24 26 21 32 40 23 39 22 37 52 45 49 34 60 30 8 30 51 24 42 45 11 47 15 17 32 33 20 9 35 19 45 24 19 41 51 14 21 28 50 19 45 59 26 42 45 24 18 29 28 19 43 33 32 36 48 35 20 45 25 33 19 14 39 22 48 35 27 14 18 9 35 18 6 40 25 9 26 45 9 38 37 28 33 39 47 22 37 20 35 38 18 5 40 27 36 28 25 51 55 29 25 38 21 46 31 39 35 26 49 23 21 48 44 43 2 10 36 25 26 43 38 17 8 6 40 14 29 37 19 18 54 35 5 40 7 39 37 40 19 25 20 39 26 36 31 25
23 63 46 49 26 20 37 22 38 54 4 39 41 37 5 27 10 14 20 6 31 37 47 21 45 17 7 8 28 36 43 41 37 4 13 30 17 11 26 29 48 40 25 35 16 40 30 18 14 40 24 27 7 49 35 7 39 10 14 22 29 32 5 21 36 18 24 32 45 48 32 59 44 10 13 39 12 13 18 44 16 52 23 21 45 15 56 33 25 13 55 18 13 12 35 7 56 17 9 39 41 9 44 47 34 60 25 41 42 40 31 17 43 47 37 41 35 30 38 27 24 13 17 31 23 47 30 19 32 27 15 44 26 45 43 15 34 38 56 39 28 27 45 25 14 56 17 44 6 25 35 26 43 31 25 24 11 47 48 32 47 45 43 18 47 24 47 10 37 11 21 30 12 26 28 28 36 28 28 50 19 46 37 54 14 31 43 16 37 8 16 13 46 29 50 47 6 14 33 21 19 37 32 28 42 43 39 39 10 36 35 15 26 19 41 32 34 14 45 37 53 41 32 20 37 38 6 34 15 18 15 26 41 21 35 29 20 39 37 37 15 11 36 15 24 38 3 41 30 32 17 22 16 32 20 8 19 34 40 5 19 25 37 8 0 45 29 42 39 26 42 33 6 43 32 45 22 13 51 37 32 6 6 9 30 22 29 28 46 37 35 37 10 29 28 43 41 24 35 34 40 36 13 48 18 38 19 48 44 13 12 15 15 33 22 29 47 27 16 16 56 46 38 4 9 28 34 19 38 41 34 26 25 31 24 25 31 34 17 45 20 35 50 42 48 29 60 32 12 36 49 17 43 47 14 45 22 17 38 38 17 7 30 14 40 29 20 39 50 21 17 32 49 13 47 58 32 42 40 31 16 25 35 24 45 29 36 39 43 32 15 44 25 26 24 11 34 28 43 41 22 12 23 16 38 14 7 36 28 7 26 43 9 41 32 26 28 33 42 17 44 14 33 32 14 4 41 34 31 33 19 50 55 27 30 35 28 43 34 45 34 28 47 16 20 42 46 42 9 13 33 31 32 45 36 24 14 13 45 21 34 38 23 17 55 29 3 39 9 40 31 44 25 27 21 42 26 36 28 21
63 39 71 23 62 33 20 38 11 25 48 13 5 50 42 21 38 56 31 43 56 42 25 43 11 40 38 53 20 64 25 12 24 42 37 22 50 47 21 29 43 40 48 64 54 34 24 59 34 36 22 50 48 30 11 39 54 49 33 56 56 42 49 47 47 44 59 22 6 19 20 33 20 39 53 10 55 57 31 27 59 37 24 58 33 54 37 51 60 55 30 41 57 50 41 47 32 41 51 67 57 47 10 29 64 37 22 14 42 67 22 44 18 21 65 15 16 57 39 27 23 38 29 25 58 27 22 49 18 35 58 36 38 48 46 36 46 54 29 22 37 22 36 21 56 38 37 22 49 29 57 28 33 26 32 27 55 23 42 17 23 21 42 34 19 30 33 54 16 38 27 17 56 39 19 19 19 44 57 41 28 10 33 30 49 56 9 60 18 38 60 33 7 30 40 20 40 45 13 52 30 14 16 33 57 20 47 40 36 15 15 35 43 30 16 14 16 34 43 64 38 10 17 59 35 13 44 55 43 48 45 34 54 24 11 52 56 14 56 22 39 45 14 39 34 66 46 22 19 60 46 26 60 23 57 52 28 12 19 42 27 57 32 41 45 0 40 23 36 51 53 27 49 14 17 38 42 47 22 30 14 41 50 37 62 45 27 18 20 18 65 26 36 61 20 67 47 28 39 12 17 17 57 36 45 8 47 17 23 40 56 41 57 35 26 17 26 29 58 60 37 18 60 46 44 30 18 57 49 55 47 20 56 30 32 21 30 60 60 18 34 36 37 43 35 48 38 15 34 25 39 52 14 16 48 36 39 30 17 14 38 50 50 58 54 18 27 34 37 38 61 14 35 45 17 38 26 27 53 27 58 44 21 23 9 41 10 10 59 38 59 28 26 61 23 40 50 23 60 21 44 37 24 36 10 40 46 42 17 39 27 38 37 8 48 34 47 62 60 43 22 48 33 52 58 44 19 27 45 15 52 40 31 33 16 39 25 45 13 19 27 18 39 57 61 67 15 27 41 48 40 20 20 11 36 28 35 39 3 40 12 18 23 58 27 58 43 29 47 20 57 6 23 21 28 9 26 27 36 40
51 39 32 55 27 38 45 8 39 34 28 42 36 12 25 35 32 42 14 24 18 9 27 10 46 41 27 33 21 25 23 44 48 27 18 18 44 39 21 11 20 13 11 26 44 15 16 30 33 14 28 12 26 25 34 25 15 23 32 21 19 4 29 13 10 43 25 42 36 31 39 36 50 20 25 39 38 36 34 22 43 26 22 25 20 25 31 12 26 41 33 42 34 23 7 24 33 12 27 28 19 37 33 24 26 36 32 28 14 28 41 14 27 54 27 46 41 19 10 13 22 36 28 43 25 25 39 17 38 5 31 17 3 17 15 35 8 15 34 49 3 36 19 28 41 30 13 26 27 12 17 13 18 44 42 37 33 28 20 23 54 27 15 38 52 12 22 31 25 19 18 24 38 4 33 23 43 5 19 23 19 35 12 32 20 17 43 39 23 24 41 29 36 10 23 30 26 17 35 18 33 41 37 7 19 50 12 10 29 40 40 35 6 35 27 29 24 19 17 25 27 42 24 48 10 28 33 16 40 44 41 7 16 23 31 14 23 27 17 47 38 19 27 39 8 28 27 23 21 22 15 33 37 43 25 30 20 32 47 31 26 22 13 32 29 40 0 23 12 14 16 14 35 47 37 18 8 40 32 15 30 23 29 29 25 10 42 29 52 44 27 17 24 25 35 28 14 14 7 35 45 24 32 22 14 38 15 33 52 16 37 14 30 8 19 28 26 12 30 38 31 30 21 26 36 10 41 26 12 17 9 24 20 46 9 27 10 21 33 50 12 8 24 14 22 9 35 25 27 47 22 22 30 32 42 19 44 19 44 43 13 35 11 37 16 33 20 13 24 43 43 31 23 18 31 33 45 20 15 44 43 7 44 31 35 2 34 31 20 5 40 22 15 26 33 19 11 38 22 50 9 19 32 37 30 15 35 8 27 24 14 16 24 33 9 6 9 24 21 13 52 20 8 13 41 31 25 47 6 37 20 22 33 8 31 8 40 14 28 51 15 25 20 29 47 28 31 21 34 41 5 39 40 33 9 38 34 37 41 43 33 24 26 44 34 21 30 17 37 23 19 35 34 20 17 33 15 16 4 9
64 22 52 44 49 40 38 25 29 13 43 32 21 30 38 31 40 55 22 38 40 22 5 30 33 46 37 49 17 47 2 32 41 39 30 13 54 49 18 14 20 18 33 48 56 12 13 50 38 14 26 34 43 9 25 36 34 41 37 43 41 23 44 34 27 50 47 37 19 9 34 18 40 33 44 28 53 52 37 5 58 16 22 46 10 44 17 33 48 55 13 47 51 41 21 40 15 30 44 50 37 48 14 8 48 19 30 9 20 49 36 33 6 43 48 35 33 41 17 16 21 42 32 39 46 6 35 37 32 20 50 13 23 25 24 41 27 35 15 41 21 32 14 25 55 18 27 3 43 17 39 17 10 40 43 36 50 6 19 14 44 5 20 41 41 19 11 48 9 32 22 16 53 24 28 18 36 27 42 19 24 15 12 13 39 39 30 56 8 35 57 35 18 15 17 8 37 35 25 39 35 32 30 18 36 40 26 19 37 32 32 40 27 37 8 20 13 29 20 47 16 30 15 61 14 13 44 37 47 53 49 19 33 24 20 36 44 11 37 40 44 36 13 45 20 49 42 1 14 44 34 33 54 38 45 46 25 22 38 42 29 44 11 42 42 23 23 0 14 35 32 10 47 35 31 15 28 49 11 9 22 37 44 37 47 31 39 24 41 36 49 7 33 46 31 49 26 19 19 26 36 10 50 13 33 26 35 11 43 31 53 32 49 16 22 22 5 16 50 55 17 8 41 41 46 15 33 47 29 35 28 20 42 43 20 24 14 43 52 39 24 16 15 21 13 31 20 16 35 42 17 42 10 11 52 13 47 25 36 33 28 48 33 53 34 28 23 12 15 46 58 23 13 36 9 19 41 5 33 41 58 29 38 29 16 24 23 15 39 19 56 6 18 48 31 33 32 34 40 41 30 31 31 41 15 31 46 21 21 35 16 15 34 17 30 20 31 46 40 32 42 38 15 34 56 43 5 43 27 30 40 18 14 18 25 19 37 23 17 40 9 19 17 48 61 49 10 4 43 51 21 34 35 14 15 37 39 44 26 48 23 7 25 58 14 43 42 7 48 4 41 18 32 17 22 15 16 8 20 27
61 27 38 55 38 44 47 18 39 24 39 42 33 16 35 38 40 52 20 34 28 8 17 21 45 48 35 44 22 35 13 43 50 36 27 18 53 48 23 12 11 4 22 36 54 3 16 42 40 2 32 22 37 15 34 34 20 34 38 33 29 11 40 24 14 51 37 44 32 22 41 24 51 30 37 39 49 47 40 12 54 14 25 37 9 37 20 20 37 51 22 49 45 35 7 35 22 23 38 37 23 47 27 13 36 24 36 22 6 36 43 25 20 54 36 46 42 29 4 16 25 43 34 46 36 15 42 28 40 13 43 5 14 12 10 43 14 21 24 50 12 39 7 31 52 19 22 17 38 16 26 16 7 47 48 42 44 18 10 22 54 18 7 44 52 17 11 42 20 28 23 24 49 15 35 24 44 15 30 12 25 29 4 21 32 27 41 51 18 33 52 36 31 12 12 21 35 28 35 29 39 41 38 12 22 50 13 5 37 41 41 41 17 41 21 28 22 27 9 34 15 41 23 58 3 24 42 25 48 53 50 13 19 28 30 24 35 23 24 48 45 30 24 46 15 37 38 15 20 32 26 37 48 45 36 41 26 32 48 40 32 33 5 41 39 36 12 14 0 25 18 11 45 46 39 6 19 49 23 7 30 33 39 37 35 22 46 31 51 45 37 10 32 35 38 35 12 18 7 35 46 20 44 10 25 37 27 25 53 26 48 25 41 6 24 29 16 15 42 49 19 22 28 37 45 13 42 38 15 21 15 26 31 50 16 30 10 30 45 50 20 5 13 8 11 19 24 24 35 50 10 33 23 25 51 8 50 25 45 43 23 45 21 48 20 35 25 3 12 49 54 31 12 29 23 21 48 10 19 48 54 18 46 35 30 13 33 27 25 8 51 12 19 37 37 29 19 41 26 50 21 28 36 43 26 25 45 8 28 33 17 5 32 29 18 14 19 34 26 25 52 31 7 21 52 41 18 50 15 38 31 11 22 13 33 6 44 9 26 51 10 26 9 40 58 35 24 11 43 50 9 41 42 28 3 42 41 44 38 51 33 19 30 55 23 31 39 8 46 17 29 31 38 22 22 28 17 10 11 20
44 51 23 64 14 41 53 13 49 47 24 51 47 14 23 42 32 36 21 21 7 19 40 8 56 41 27 26 31 14 36 53 54 25 19 29 42 37 31 23 31 24 4 14 40 27 28 20 35 26 35 3 21 38 44 25 14 17 34 9 6 14 24 5 15 42 13 49 48 44 46 48 59 20 17 49 32 28 37 35 36 38 30 13 33 15 44 8 13 35 45 42 26 16 18 19 46 12 20 18 17 35 45 37 13 48 39 40 24 17 47 10 40 62 15 55 49 7 22 24 30 36 32 49 12 38 46 8 46 17 22 29 14 25 23 37 13 13 47 56 16 42 31 35 35 42 16 38 22 22 10 23 31 49 46 42 26 41 30 34 62 40 25 40 61 22 35 24 37 20 25 34 31 13 40 33 51 10 7 34 26 47 25 44 13 6 53 31 35 24 34 31 48 22 34 43 25 12 44 6 37 50 44 19 17 58 17 22 30 49 48 36 8 39 39 39 36 23 27 15 39 52 35 43 23 39 31 9 39 43 40 18 17 30 41 3 12 39 11 54 38 15 38 39 18 16 24 36 32 10 9 38 28 49 13 23 27 42 55 29 32 9 26 31 26 51 14 35 25 0 18 27 31 55 45 29 9 38 46 28 40 21 23 29 12 7 47 38 60 51 15 30 25 11 42 19 20 23 19 44 54 36 24 34 9 48 8 46 60 15 30 13 20 21 27 37 39 23 21 30 43 43 13 23 34 22 49 15 15 16 13 33 7 50 19 35 23 10 24 59 18 21 36 24 35 6 48 36 30 54 33 12 42 45 40 32 45 25 52 51 15 31 5 29 15 41 27 26 35 44 35 40 36 13 44 45 50 33 16 49 37 8 51 37 47 13 44 42 18 18 32 35 25 13 39 18 10 44 18 57 8 20 37 38 41 14 33 18 36 24 24 28 25 44 9 17 6 12 17 11 59 13 22 8 34 29 38 53 11 45 9 34 46 19 40 19 45 23 38 59 28 35 31 19 40 18 44 34 33 39 16 46 47 46 22 42 35 37 52 44 42 36 33 39 47 8 28 30 34 36 8 47 40 30 24 44 26 29 17 11
62 40 22 70 29 53 61 23 54 40 41 57 49 5 39 51 47 54 30 37 17 11 34 22 61 56 42 44 36 21 31 59 64 41 33 33 58 53 36 25 18 15 18 23 57 21 30 37 48 18 44 16 38 31 49 39 5 34 47 26 19 13 41 21 7 57 30 58 49 40 55 39 66 34 35 54 49 46 50 29 54 27 38 30 25 33 32 11 29 53 37 57 43 33 13 36 37 26 37 22 6 51 45 30 23 37 48 40 13 21 56 26 37 69 22 61 56 18 15 28 37 51 44 59 29 32 55 25 54 21 39 20 19 10 10 51 9 7 39 64 19 52 21 43 53 31 28 34 39 27 13 28 23 59 58 53 44 35 17 38 69 36 14 53 67 28 26 41 37 34 34 39 49 19 48 38 59 15 21 22 35 46 20 36 30 16 57 49 35 39 52 44 48 24 22 39 41 28 50 24 49 56 52 22 5 65 6 14 44 56 55 50 16 51 38 44 38 35 15 19 27 57 38 61 18 41 47 13 54 59 56 22 3 39 45 16 29 39 10 62 53 31 40 54 24 23 40 32 35 20 25 49 46 58 31 41 36 47 62 45 42 25 22 47 42 53 16 32 18 18 0 27 47 61 53 19 20 54 40 24 45 37 40 44 24 21 58 45 67 59 24 28 39 25 51 20 7 29 14 50 61 37 42 24 25 53 25 43 68 30 48 28 38 19 35 44 33 27 39 47 31 39 13 39 50 25 56 33 5 5 9 39 23 62 25 43 23 18 41 65 27 17 26 12 25 14 37 40 43 63 22 30 41 42 56 22 59 35 60 58 28 48 13 47 4 49 36 20 25 58 53 46 26 29 41 34 61 28 3 60 55 18 60 47 47 15 48 44 8 16 50 29 31 29 49 33 9 53 10 65 21 34 47 52 43 29 49 12 42 38 29 18 39 46 11 22 15 22 9 26 67 30 20 11 52 45 36 63 12 52 27 21 37 23 47 15 56 11 42 66 27 40 20 36 58 20 42 29 49 55 14 55 56 45 18 54 49 52 55 59 48 36 42 56 40 21 44 25 50 34 18 48 50 35 32 45 31 27 19 23
56 30 45 45 40 34 36 16 29 22 34 32 23 23 29 28 32 46 13 29 32 16 15 21 35 39 28 39 12 39 11 33 40 30 21 8 46 41 12 5 21 14 24 40 47 10 5 40 31 12 22 25 33 16 24 27 28 31 30 34 32 16 35 25 21 43 38 34 23 18 31 26 40 24 35 28 44 43 31 11 49 20 16 37 13 35 24 26 39 46 22 40 42 32 15 31 23 20 34 42 31 40 19 15 39 27 25 14 17 41 33 23 14 43 40 35 31 32 13 7 15 35 25 36 37 14 32 28 29 10 40 14 14 22 21 34 20 28 24 39 12 29 15 20 47 24 17 13 34 8 31 8 12 37 38 32 40 15 20 12 44 14 17 35 42 10 15 39 11 23 14 13 44 15 25 14 34 18 33 21 16 21 8 21 30 31 31 47 9 26 48 27 23 6 20 17 29 26 24 30 29 31 27 8 30 40 21 14 29 31 30 33 19 31 13 18 12 20 19 39 22 31 13 52 9 15 35 30 40 45 42 10 27 18 19 27 35 14 30 38 37 27 14 38 11 41 33 10 10 35 25 28 45 35 36 37 17 22 37 33 22 34 7 34 33 27 14 10 11 27 27 0 39 35 28 15 19 42 20 6 20 28 35 29 38 22 36 21 41 34 41 4 25 38 28 42 21 10 13 25 35 10 41 16 24 27 26 20 43 22 44 22 39 8 14 19 14 7 40 46 24 16 34 32 38 6 32 37 23 29 21 16 33 40 10 19 5 35 43 39 14 10 19 18 17 22 27 14 27 39 19 32 16 19 44 15 41 17 35 32 18 39 25 44 28 25 16 10 19 40 49 21 17 26 18 25 38 9 27 38 49 20 35 25 22 15 22 18 33 11 47 12 9 39 27 24 24 31 34 40 21 22 26 35 17 22 38 15 18 27 8 15 25 20 22 11 22 37 34 22 42 29 7 26 47 34 12 40 19 28 31 20 23 9 22 13 34 19 16 40 2 16 18 38 52 41 18 10 35 43 14 31 32 20 10 33 32 36 29 42 22 10 20 49 23 34 33 7 40 10 33 22 27 11 14 19 8 3 11 18
17 68 50 50 29 20 39 27 41 59 7 42 45 42 10 29 11 8 26 11 36 43 52 26 48 15 12 8 33 40 49 44 38 9 18 35 12 7 31 35 54 46 30 38 10 46 35 19 16 46 27 33 11 54 38 12 44 15 16 26 34 38 8 27 42 15 26 34 49 53 34 64 45 15 16 42 7 10 20 49 11 58 27 24 51 19 62 38 28 8 60 16 12 16 41 12 61 23 12 43 47 5 48 53 37 66 28 46 47 44 33 22 48 49 41 44 38 35 44 32 29 13 20 33 26 52 32 23 35 32 16 49 32 51 49 15 40 43 62 41 34 30 51 28 9 62 23 50 10 31 40 32 49 32 26 26 10 53 53 37 48 50 49 19 48 29 53 10 42 17 26 35 9 31 31 33 38 34 32 56 24 50 43 59 19 36 46 13 42 13 12 16 50 35 56 52 10 20 37 26 21 40 35 34 47 44 44 44 13 39 38 16 32 21 46 36 39 19 51 41 59 44 36 14 42 43 5 38 13 13 12 32 46 26 39 34 24 43 42 39 14 17 40 14 30 41 8 47 35 36 23 24 14 33 23 9 24 37 42 7 22 28 43 8 6 49 35 47 45 31 47 39 0 46 34 50 28 9 56 43 36 12 9 12 34 27 30 31 47 39 38 42 15 32 30 47 47 29 41 38 42 41 13 53 23 42 24 53 45 19 9 21 16 39 27 33 52 32 17 13 61 51 43 9 6 34 37 22 44 46 40 31 29 31 30 29 37 38 17 47 25 40 56 48 54 34 66 37 15 37 55 21 48 52 10 51 20 23 40 41 22 1 35 11 45 32 25 45 55 20 13 35 55 19 52 64 33 47 45 31 11 31 36 27 50 35 39 44 48 38 12 50 30 29 27 17 39 30 47 43 27 18 26 16 43 20 4 42 32 13 32 49 14 45 37 32 33 37 46 22 45 18 39 38 10 5 47 35 37 36 23 55 61 33 33 41 29 48 38 47 40 33 53 18 14 46 51 48 9 9 39 33 34 50 42 25 16 13 48 19 37 43 27 11 60 33 6 45 4 45 36 48 27 32 26 47 32 42 34 26
58 52 77 10 64 27 9 43 8 39 47 5 15 57 41 17 35 52 35 44 62 51 37 48 3 34 36 51 26 69 37 3 13 41 39 29 44 43 26 37 54 49 53 69 49 44 31 59 31 46 22 55 48 42 13 38 61 50 30 59 61 50 48 52 55 37 62 13 19 32 12 47 7 39 54 8 53 55 27 39 56 50 26 60 44 55 50 58 63 52 42 34 55 51 49 47 44 45 50 73 65 43 23 41 68 50 19 26 51 72 14 47 30 9 70 3 9 62 48 34 26 34 27 15 61 39 15 52 12 42 58 47 44 57 56 32 54 61 43 10 44 17 47 21 53 51 40 34 48 35 63 34 44 17 24 21 53 36 53 24 10 33 52 29 7 35 45 53 26 39 30 23 54 45 17 24 9 50 61 53 30 23 43 43 51 61 5 58 28 37 57 31 21 38 51 33 39 48 13 55 26 7 12 40 64 7 56 49 34 8 9 30 49 25 27 18 24 35 53 70 50 5 24 53 44 23 41 61 37 41 39 40 62 26 17 57 58 25 63 10 34 47 22 34 39 71 45 34 26 65 49 22 58 14 59 51 30 15 6 40 26 61 41 38 43 14 47 35 46 55 61 35 46 0 12 49 47 42 35 39 17 42 49 35 66 49 18 19 7 8 70 36 35 65 16 73 56 34 48 12 5 26 56 47 49 9 51 30 10 43 54 44 57 43 29 19 38 35 58 58 50 31 66 45 40 37 9 59 58 63 54 23 59 20 38 22 39 65 59 5 38 45 49 53 47 54 50 22 32 13 51 55 27 28 43 47 31 32 7 6 41 47 56 56 62 16 29 44 49 31 58 16 47 47 30 51 16 38 61 18 55 49 11 20 22 48 14 20 66 45 57 40 32 64 20 41 57 16 68 9 48 38 21 31 20 43 43 50 20 38 33 48 36 19 55 41 53 67 67 46 9 50 42 58 55 42 30 16 52 11 55 52 43 39 16 47 18 54 20 6 36 22 50 57 57 73 28 38 38 43 48 13 13 23 45 22 31 35 11 33 14 28 23 54 41 62 41 39 43 31 63 18 19 27 32 21 32 36 43 45
48 50 67 19 53 17 9 33 7 38 35 8 15 49 30 5 23 41 25 32 51 43 34 37 14 24 25 40 18 59 33 10 12 29 27 21 34 32 17 29 48 42 42 58 39 38 24 48 20 40 10 45 37 39 7 26 52 38 18 48 51 41 36 41 47 28 51 7 20 30 4 45 14 28 42 8 41 44 16 35 45 46 16 49 40 44 47 48 52 41 41 25 44 39 41 35 43 34 39 62 56 32 22 38 58 48 8 23 44 62 6 36 27 18 60 10 4 51 41 25 16 23 16 9 50 36 5 42 1 32 46 41 35 50 48 21 45 52 42 12 35 6 42 10 42 48 30 31 37 26 53 26 39 10 15 10 42 33 47 18 17 30 45 19 16 26 40 41 22 28 20 16 43 35 5 15 6 40 50 48 20 23 36 41 40 51 12 47 24 26 46 20 22 29 47 31 27 37 6 44 15 6 1 31 55 13 47 42 23 5 4 20 40 15 24 11 18 24 47 59 47 10 17 43 37 19 29 51 27 32 29 31 53 15 12 47 47 21 53 10 23 35 18 24 30 61 33 30 19 54 39 10 47 8 47 39 19 9 10 29 15 50 34 26 32 17 37 31 39 45 53 28 34 12 0 43 37 31 34 33 9 30 37 24 55 39 10 9 15 7 59 30 24 54 4 63 48 24 40 6 9 22 44 43 38 9 40 29 15 32 43 34 45 35 19 10 35 26 46 47 47 29 56 33 30 28 4 48 49 54 45 14 49 14 29 11 31 55 48 14 28 37 44 46 43 44 49 16 21 12 46 43 25 28 33 42 22 21 8 7 30 35 46 45 53 5 19 37 45 22 47 8 42 36 28 48 11 34 52 12 44 39 8 9 22 39 9 18 57 37 46 36 22 52 9 30 48 6 59 13 38 27 10 20 17 32 32 42 11 27 24 42 25 17 45 32 43 56 58 35 15 39 34 49 44 31 27 13 43 2 44 47 42 31 7 39 9 47 15 15 29 13 45 46 46 63 26 33 27 33 40 4 5 23 37 12 20 24 15 24 8 24 13 43 40 52 30 34 33 27 52 19 7 18 22 20 23 30 34 34
67 22 40 58 43 49 51 24 43 22 45 46 35 19 40 43 45 58 26 40 31 11 16 27 48 54 41 49 27 38 14 46 54 42 33 23 59 54 27 17 6 6 27 39 60 5 20 47 45 5 37 26 43 12 38 40 23 40 44 38 33 15 45 29 17 56 42 49 34 23 46 21 54 35 42 42 55 53 45 12 60 9 31 42 6 42 15 24 42 57 19 55 51 40 12 41 19 29 44 40 25 52 29 12 39 20 40 24 6 38 48 31 21 57 39 49 46 33 8 21 30 49 39 51 41 14 47 34 44 19 48 3 20 11 10 48 17 23 21 54 18 44 3 35 58 13 28 17 44 21 29 21 5 52 53 47 50 18 5 26 58 19 6 50 55 23 8 48 23 34 28 28 54 20 40 29 49 20 34 6 30 30 9 18 37 30 44 56 21 39 58 41 33 17 6 21 41 34 39 34 44 45 42 17 24 54 14 8 42 45 45 47 22 46 23 32 25 33 5 37 10 45 27 64 9 27 48 28 54 59 55 19 21 33 33 28 40 25 27 52 51 36 27 52 21 40 44 16 25 35 32 43 54 50 41 47 31 36 51 46 37 38 10 47 45 38 18 15 6 29 19 15 50 49 43 0 25 55 22 11 34 39 45 43 39 27 51 36 55 49 40 14 38 39 43 38 13 23 11 39 50 23 49 5 31 40 32 25 57 32 54 31 47 12 29 34 15 20 48 55 14 22 30 43 51 18 46 43 17 23 18 31 35 55 22 34 15 34 50 53 26 10 8 8 6 23 19 28 41 54 5 39 25 25 57 4 56 31 49 46 29 51 25 54 22 40 30 7 7 55 59 35 7 34 24 16 53 11 21 53 60 24 50 40 31 18 36 30 26 13 56 11 24 42 42 34 22 46 28 54 26 34 41 49 29 31 51 11 33 39 22 2 38 31 21 19 24 37 28 30 56 37 13 25 57 47 20 55 19 42 37 5 19 18 37 10 49 9 30 54 15 31 3 45 63 38 25 12 48 56 14 46 47 29 9 48 46 50 41 56 37 22 35 61 21 35 45 10 52 19 32 33 42 26 27 30 23 14 17 25
44 45 31 55 21 34 44 4 40 40 22 42 38 15 19 33 27 35 13 17 15 16 32 3 47 36 22 26 22 23 28 44 46 21 13 20 38 33 22 14 28 20 6 23 37 22 19 23 28 20 27 9 19 32 35 19 18 16 27 16 15 11 22 6 15 37 20 40 39 36 38 42 50 14 18 40 31 29 30 28 36 33 21 19 27 18 38 13 21 34 39 37 27 16 14 17 39 6 20 26 21 31 36 31 22 43 30 32 20 26 39 7 31 54 24 46 40 16 17 15 21 31 25 41 19 31 38 10 37 9 24 24 6 23 22 31 13 17 41 47 8 34 25 27 34 37 8 31 20 13 17 14 25 41 39 34 26 33 27 25 54 32 22 33 52 13 29 24 28 14 17 25 31 5 32 24 42 7 15 30 18 38 18 38 13 15 44 32 27 19 34 24 40 13 30 35 21 10 35 12 30 41 36 11 21 49 17 18 24 40 39 30 4 32 31 30 27 15 24 23 34 43 26 42 17 31 27 15 34 39 36 9 20 22 32 11 17 30 17 45 33 12 29 34 9 25 21 28 23 19 8 31 29 41 18 23 18 33 46 25 24 17 19 27 22 42 8 28 19 9 20 19 28 47 37 25 0 34 38 20 31 17 22 24 20 3 39 29 51 43 24 22 19 20 34 27 19 14 14 35 45 27 25 29 7 39 8 37 51 10 30 8 23 14 18 28 32 14 24 31 37 35 20 20 30 14 40 20 17 20 13 24 15 43 10 26 15 19 26 50 9 15 31 21 29 8 42 27 23 46 29 15 34 37 36 26 39 16 44 42 8 28 10 30 19 32 18 20 30 38 35 31 30 10 35 40 43 25 19 42 36 4 43 29 38 8 35 33 23 12 33 28 16 20 31 13 13 36 23 49 2 14 29 32 32 9 29 15 27 18 15 23 19 35 11 8 7 21 22 6 51 13 14 13 34 25 29 45 10 37 13 29 39 10 31 15 38 21 29 51 20 26 27 22 40 27 36 26 29 35 12 38 39 37 16 35 29 32 43 39 34 28 25 38 40 17 24 23 30 27 16 38 32 21 15 36 17 21 9 3
17 71 58 45 37 16 34 33 38 61 15 38 43 49 16 26 10 11 29 17 43 48 54 33 44 9 14 15 34 48 51 40 33 14 23 37 5 2 32 39 59 51 36 46 8 50 38 27 13 50 26 40 18 57 36 15 51 22 14 34 41 44 15 34 48 7 35 30 48 54 30 66 41 20 24 39 14 18 16 52 15 61 28 32 54 26 65 44 36 11 62 9 20 23 46 19 64 29 20 51 54 4 48 55 45 68 25 47 52 52 29 29 49 44 49 40 34 42 49 35 29 9 19 28 34 55 28 31 31 37 24 53 37 56 54 11 46 49 63 36 38 26 55 27 12 65 28 51 17 34 47 35 52 27 20 22 18 54 58 37 43 51 54 14 44 33 56 19 43 21 28 35 15 37 28 33 34 40 40 60 26 50 47 61 26 43 42 19 44 17 17 15 50 38 60 54 14 27 35 33 18 36 32 38 53 40 50 49 13 35 34 12 38 17 47 35 40 22 56 49 62 40 37 13 47 43 8 46 6 6 4 36 53 26 38 41 32 44 49 34 9 24 40 8 34 49 15 49 37 44 30 22 21 28 31 17 25 36 37 10 22 36 46 9 13 47 40 49 49 38 54 42 9 42 31 55 34 0 57 46 34 18 17 13 42 34 25 30 43 35 46 45 17 40 27 54 53 32 46 36 38 42 21 57 29 39 31 54 40 25 15 27 24 43 28 32 54 35 25 20 65 52 50 16 5 37 33 30 50 53 46 31 37 25 34 28 40 46 25 42 30 45 60 53 57 41 68 37 15 32 59 29 49 53 3 55 13 25 36 37 27 9 41 18 52 29 27 49 59 13 17 34 58 26 52 67 28 50 52 26 14 37 31 25 49 41 38 43 55 43 17 53 33 37 24 22 46 26 55 38 34 22 23 12 42 26 6 47 32 16 34 53 17 44 44 36 40 44 54 29 40 26 43 45 14 9 48 29 43 33 30 60 63 37 31 46 25 54 38 43 43 33 57 26 16 53 51 50 7 2 44 29 30 50 46 21 13 8 46 12 35 44 26 12 62 41 11 48 5 46 43 47 25 33 29 46 34 44 39 32
73 18 61 44 59 46 39 35 30 5 52 33 21 39 47 36 47 64 31 47 50 31 7 40 33 53 45 58 24 57 11 33 44 48 39 22 61 57 25 24 26 26 43 58 64 20 22 60 45 23 33 44 52 11 27 45 43 50 44 53 51 33 53 44 37 56 57 40 16 4 37 13 41 42 54 29 62 62 43 12 67 18 30 56 17 54 16 43 58 63 9 54 61 51 30 50 11 40 53 59 46 56 13 11 58 15 35 11 28 59 39 43 8 43 58 36 35 51 26 25 28 49 39 42 56 9 39 47 35 30 60 21 33 33 32 48 36 44 9 42 31 37 20 31 64 18 37 8 52 27 48 26 18 44 48 41 59 6 25 20 43 7 27 48 41 28 15 57 15 41 30 22 62 34 33 25 38 37 51 23 32 12 22 9 49 49 30 65 14 43 66 42 15 25 22 4 46 45 28 49 42 33 33 28 45 41 35 28 45 33 34 47 38 43 11 24 18 38 27 56 19 31 21 69 24 16 52 47 54 60 56 29 42 32 22 46 54 14 47 41 51 46 18 51 30 59 51 11 21 54 44 39 64 41 55 56 33 26 39 50 36 54 21 50 51 22 32 11 23 46 40 20 56 35 34 22 38 57 0 19 26 46 54 45 57 41 43 29 40 37 59 17 42 57 35 58 34 28 29 28 37 15 60 18 43 27 45 5 44 41 62 41 58 26 30 27 8 26 59 64 17 5 51 50 54 25 36 57 38 44 37 27 52 47 30 30 24 53 62 38 33 26 18 29 18 41 17 21 42 44 22 52 9 7 59 19 53 34 37 34 37 57 43 63 43 32 31 21 19 52 67 26 17 45 6 17 44 14 42 45 66 39 40 35 13 34 25 17 47 29 65 12 26 58 37 42 41 39 49 42 40 40 36 48 17 41 55 30 27 44 26 23 42 17 40 30 41 56 49 42 43 48 24 44 65 52 10 46 37 32 50 22 10 28 29 28 42 30 21 39 19 25 23 58 70 58 8 13 51 59 31 37 38 12 25 43 46 51 25 54 26 13 32 67 7 53 50 17 56 12 51 17 37 25 31 15 25 18 30 37
60 26 44 49 41 40 41 18 33 20 38 36 26 22 33 33 37 51 18 33 32 14 13 23 39 45 33 43 16 39 8 37 44 35 25 12 51 46 18 8 16 10 25 40 52 6 11 43 36 7 27 25 37 12 28 32 26 35 35 35 33 15 39 26 19 48 39 39 25 17 36 22 45 28 38 32 48 47 36 8 53 15 21 39 9 38 20 25 40 50 19 45 45 35 13 35 20 23 38 41 29 44 21 11 40 23 31 16 13 41 38 26 14 48 40 39 36 33 10 12 20 40 30 41 38 11 37 30 34 13 43 8 15 19 17 39 19 26 21 44 13 34 10 26 51 19 21 12 38 13 30 12 7 42 43 37 44 13 15 16 48 13 13 40 46 14 10 42 14 27 19 18 48 16 30 19 39 18 34 16 21 23 4 18 33 31 35 50 12 30 52 32 25 9 15 16 33 29 29 31 34 35 32 11 28 44 19 11 34 35 35 38 20 36 15 22 16 25 14 38 17 35 17 57 6 18 40 29 45 50 47 12 25 23 23 28 37 16 29 42 42 30 17 43 14 41 37 9 15 36 27 33 48 40 38 40 22 26 42 38 27 36 3 38 37 30 15 9 7 28 24 6 43 39 33 11 20 46 19 0 24 32 39 34 38 23 40 26 45 39 41 4 29 39 33 41 18 14 11 29 40 14 44 11 26 30 28 19 47 25 47 25 42 7 19 24 12 11 43 49 19 16 33 36 42 10 36 40 21 27 19 20 34 44 14 25 7 35 46 43 18 8 14 14 12 23 23 18 32 44 14 35 17 19 49 10 46 22 39 37 22 44 25 48 26 30 21 5 13 45 53 25 12 29 18 21 43 6 25 43 53 21 40 30 23 15 26 20 31 11 50 8 14 40 32 27 23 36 32 44 22 26 31 40 20 25 43 13 23 31 13 10 30 23 22 13 22 38 32 25 46 32 7 26 51 39 12 45 19 32 33 15 19 11 27 10 38 15 20 44 4 21 12 41 56 40 18 7 40 48 13 36 37 21 7 38 37 41 32 47 27 13 25 54 20 34 38 3 44 10 33 25 33 17 18 22 13 4 12 20
51 42 61 26 50 22 17 27 10 30 35 13 10 41 29 11 25 43 19 31 46 35 25 32 17 29 25 40 10 53 24 14 21 29 24 13 38 35 10 21 39 34 37 53 42 29 15 46 22 31 9 39 36 30 5 26 45 36 21 44 45 33 36 36 39 33 47 16 14 22 13 37 21 26 40 10 42 44 19 26 46 37 11 45 31 41 38 42 48 43 32 30 44 37 33 34 34 29 38 57 49 34 15 29 52 39 10 15 36 56 15 32 19 24 55 16 12 46 32 18 10 26 16 18 46 27 14 37 10 25 45 32 28 42 40 24 38 45 33 20 27 12 33 8 44 39 25 22 35 19 47 18 30 19 22 16 42 25 38 9 25 21 37 23 23 19 31 41 13 25 15 7 43 29 8 8 15 34 45 39 15 16 27 32 37 45 14 47 15 25 47 20 16 21 38 22 27 33 5 40 18 12 8 24 48 21 40 34 23 11 11 23 33 19 15 2 9 21 38 54 38 13 8 47 29 10 31 45 31 36 33 24 45 12 4 41 44 12 46 19 27 32 9 28 23 55 33 21 10 49 34 14 47 17 44 39 15 3 18 29 14 45 26 28 32 14 30 22 30 40 45 20 36 17 9 34 31 34 26 24 0 29 37 24 50 33 19 5 22 15 54 21 23 49 10 57 40 18 32 5 16 13 43 34 33 9 35 21 23 28 43 29 44 27 13 3 26 19 45 47 38 21 50 33 32 20 13 45 41 47 38 7 44 22 22 8 22 49 47 20 22 29 35 37 34 37 40 7 21 21 37 40 17 20 36 33 28 17 15 13 26 37 40 45 45 7 14 29 36 27 48 1 33 33 20 39 20 25 45 20 46 33 17 10 15 32 5 10 50 29 46 27 15 49 12 27 41 13 51 21 32 24 12 24 9 28 33 34 5 26 17 33 24 10 39 25 37 51 51 31 22 36 26 42 45 31 18 22 36 9 40 38 33 23 4 31 17 39 6 21 20 5 36 44 49 57 19 24 29 36 32 13 14 16 29 18 22 27 14 29 3 15 10 45 31 47 30 25 35 18 47 13 12 10 16 13 15 21 27 29
29 57 43 48 25 21 37 16 35 49 7 37 38 32 2 26 12 20 15 2 27 32 42 16 43 20 7 13 23 33 38 39 37 4 7 25 22 17 22 24 43 34 20 32 22 35 25 18 15 34 21 23 7 43 32 5 34 9 15 20 26 27 8 17 31 22 22 32 41 43 30 53 43 4 13 36 17 17 18 38 22 46 19 20 39 14 51 28 23 19 49 21 16 10 30 6 50 12 10 36 37 15 40 42 31 54 23 37 36 37 31 12 38 47 34 40 34 26 32 21 20 16 15 31 21 41 29 15 31 21 17 38 20 39 37 17 29 33 51 39 22 26 39 22 20 50 11 39 8 20 30 20 37 31 27 24 14 42 42 27 46 39 37 20 46 18 42 13 32 5 16 26 17 20 25 24 35 23 24 45 15 41 31 48 11 27 40 20 32 5 21 12 42 23 44 42 5 10 31 17 18 35 30 22 37 42 33 33 10 34 33 16 21 20 36 29 30 9 39 34 47 39 27 26 31 33 11 29 19 23 20 20 36 17 32 24 18 34 32 37 18 7 31 19 18 35 5 36 26 29 13 21 19 32 18 11 15 31 39 8 16 22 31 11 6 41 23 37 33 21 37 28 12 42 30 39 17 18 46 32 29 0 9 9 28 16 29 25 45 36 32 31 7 26 26 39 36 19 29 32 39 32 16 42 13 36 14 44 44 8 17 10 16 27 17 26 41 21 17 19 50 41 34 5 14 22 33 18 33 36 29 23 22 32 18 22 25 30 19 44 14 29 45 36 42 23 54 28 10 36 43 15 39 42 20 40 25 13 37 37 11 13 25 18 34 26 16 33 44 24 22 29 43 9 42 52 33 36 35 31 22 20 34 22 41 24 33 35 38 26 20 39 20 24 22 5 28 27 38 41 17 6 21 18 34 9 13 31 24 4 21 37 6 37 27 20 22 30 37 11 43 10 27 28 20 9 36 35 26 31 15 44 50 21 27 30 28 37 30 44 29 25 41 16 25 38 41 37 13 19 27 30 31 41 30 24 15 16 42 24 31 33 20 23 50 26 8 34 14 34 27 40 24 22 16 38 21 30 22 15
23 65 42 54 21 26 43 22 43 56 3 44 46 35 8 33 16 14 23 7 28 37 49 20 50 23 13 5 32 32 45 46 43 9 15 33 20 15 30 31 49 40 22 30 18 42 33 12 20 41 29 25 3 50 40 12 36 7 20 18 26 32 2 19 35 22 18 38 49 51 37 61 50 12 8 44 10 9 24 46 15 53 27 16 47 10 58 30 20 13 57 23 8 7 35 5 58 17 4 35 39 13 48 49 29 62 30 45 42 36 37 15 46 53 33 47 41 27 38 29 28 19 22 37 18 49 36 16 38 27 9 44 26 44 43 20 33 35 58 45 28 33 46 30 13 57 18 47 2 27 32 28 44 37 31 30 6 50 48 36 52 47 43 24 52 26 49 4 41 13 25 34 10 25 33 32 42 27 24 51 23 50 38 56 11 27 48 12 40 12 13 18 50 30 51 50 11 13 39 17 24 42 37 29 39 49 38 39 15 41 41 21 25 25 44 37 38 17 45 33 54 46 35 21 37 42 11 31 20 22 20 27 39 26 40 26 15 42 34 43 20 10 40 21 25 33 5 44 34 28 15 28 11 38 15 2 23 38 46 10 24 20 38 13 6 50 29 44 39 23 40 35 9 49 37 45 22 17 54 39 37 9 0 14 26 20 34 33 51 43 30 39 14 24 33 38 40 26 35 40 45 40 8 49 16 44 16 52 50 14 9 15 9 34 25 34 49 29 10 11 57 49 35 4 14 30 40 14 37 38 33 31 21 37 25 29 33 30 11 51 21 35 51 42 49 27 62 36 17 42 49 13 47 50 18 46 27 21 44 44 18 9 27 9 37 34 24 40 51 27 15 36 50 12 50 59 38 44 38 36 15 24 40 29 50 29 40 43 40 33 12 46 28 21 29 12 32 33 40 47 21 14 28 22 42 15 12 36 33 11 29 44 13 45 30 27 26 28 39 16 49 11 34 30 13 9 44 40 30 38 15 50 57 28 35 35 34 42 38 51 37 33 47 10 19 37 49 44 15 17 33 36 37 49 37 30 20 19 50 26 39 41 27 17 57 25 9 41 12 43 28 48 31 31 24 46 29 38 29 20
28 59 51 40 33 13 29 22 30 49 12 31 33 39 8 19 3 19 17 10 35 37 42 23 37 13 3 17 22 41 39 33 29 6 11 25 17 13 20 26 47 39 27 40 19 38 25 26 6 38 16 31 14 45 27 5 41 17 6 28 34 33 13 25 37 15 30 24 37 42 23 54 36 10 20 30 19 21 10 40 23 49 16 28 42 23 53 35 32 19 50 14 21 18 35 13 51 19 17 45 44 11 37 43 39 56 17 35 41 45 23 19 38 39 43 33 27 35 37 23 18 8 9 23 29 42 22 23 24 25 23 41 26 45 43 8 35 40 51 31 27 19 43 17 20 53 17 39 14 22 38 22 40 23 18 16 19 42 46 26 39 39 42 11 38 21 44 18 31 11 16 24 20 26 19 22 28 30 33 48 14 39 35 49 20 35 35 24 32 6 23 4 39 26 48 42 5 18 26 26 10 29 24 26 44 35 40 38 1 28 27 8 28 11 35 25 28 10 44 43 50 33 25 24 35 31 7 37 12 17 13 25 43 14 28 32 27 32 40 29 10 16 29 11 22 43 10 37 25 37 21 14 24 24 27 16 13 26 32 6 11 30 34 5 9 37 29 37 37 29 44 29 12 35 24 43 24 13 45 34 24 9 14 0 36 24 21 20 37 29 41 33 6 35 20 47 42 20 34 27 32 30 21 45 21 31 22 42 36 15 20 17 23 31 16 21 42 23 24 24 52 40 42 11 9 25 26 26 40 43 36 20 30 23 22 17 28 39 25 37 18 33 48 41 45 31 56 26 4 28 47 23 37 41 15 43 16 13 30 30 16 13 32 22 42 20 15 37 47 15 24 24 46 17 41 54 24 38 42 23 22 27 26 15 39 30 28 32 45 31 23 40 20 32 16 12 36 19 46 33 24 10 15 9 31 16 10 36 21 6 22 41 5 34 34 24 30 38 45 19 35 19 31 35 21 8 36 26 33 25 24 48 51 25 22 34 20 42 27 37 31 22 45 24 25 47 40 38 6 14 33 22 24 39 34 16 7 8 37 16 26 33 15 22 50 34 6 36 11 34 36 37 17 21 16 35 22 32 27 22
45 61 17 73 7 48 62 24 59 58 27 61 58 22 29 51 39 38 32 27 8 28 51 19 66 47 34 28 42 6 46 63 63 31 28 40 45 41 41 34 39 33 15 5 42 38 39 18 42 36 45 13 24 49 54 32 19 21 42 9 7 25 27 15 23 48 8 58 59 55 56 59 68 28 18 59 33 29 45 46 36 47 40 11 43 16 53 15 8 37 56 48 26 19 28 24 56 22 23 10 20 39 56 48 4 58 48 51 33 11 56 19 51 72 8 65 59 7 32 35 40 43 41 58 9 49 55 14 55 28 20 39 25 32 31 44 22 18 58 65 27 52 41 45 37 52 26 50 25 33 12 34 41 58 54 51 27 51 39 45 72 51 34 47 71 32 45 25 48 28 36 45 32 24 50 43 60 20 6 43 36 58 36 55 17 9 63 31 46 32 34 39 59 33 44 54 32 19 54 11 45 60 54 30 20 68 26 31 37 59 58 44 20 47 50 49 47 32 36 9 49 62 45 45 34 50 36 12 45 47 45 29 22 40 52 12 11 50 15 63 44 21 49 45 29 8 28 47 43 5 17 47 27 58 12 25 37 52 65 34 41 6 37 37 30 62 25 47 35 12 24 38 34 66 55 39 20 42 57 38 50 28 26 36 0 18 56 48 70 61 5 41 33 2 52 13 28 34 29 55 64 47 24 44 18 58 15 57 69 24 31 22 20 31 37 48 50 34 19 29 52 54 13 27 39 33 58 14 23 20 21 43 7 59 30 45 34 7 22 69 28 32 46 32 45 17 58 47 37 63 43 14 53 56 44 41 52 34 62 61 25 34 15 28 20 51 37 37 45 51 35 51 46 20 55 55 59 44 21 58 38 19 60 47 58 23 54 53 20 29 32 46 36 7 48 26 18 53 19 67 19 29 47 45 52 23 37 28 46 31 35 38 32 55 18 28 16 4 18 20 69 18 33 14 35 34 49 61 21 55 13 43 56 30 50 30 54 32 49 69 39 45 40 18 41 12 55 45 39 43 27 55 57 57 33 51 43 43 63 51 53 47 43 40 58 4 33 41 37 47 7 58 49 41 34 56 37 40 28 22
43 48 29 57 18 35 46 7 42 42 20 45 40 16 18 35 27 34 15 17 13 18 35 2 50 36 22 24 25 20 31 46 48 20 13 23 38 33 24 17 29 22 4 20 37 24 22 21 29 23 29 7 18 35 37 20 18 14 28 13 13 13 21 3 15 38 17 42 42 39 40 45 52 15 16 42 30 27 31 31 34 35 23 16 30 15 41 12 18 33 42 37 25 14 16 16 42 6 18 24 21 31 39 33 20 45 32 35 22 24 41 6 34 56 22 48 42 13 20 18 24 31 26 43 16 34 40 7 39 12 22 27 9 25 23 32 13 17 44 49 11 36 28 29 33 40 10 34 19 16 15 17 27 43 40 36 24 36 29 28 56 35 24 34 54 15 32 22 31 14 19 28 29 8 34 26 44 8 13 32 20 41 21 41 11 13 46 30 30 19 32 25 42 16 33 38 21 8 37 9 31 43 38 14 21 51 18 20 24 42 42 31 5 33 34 32 30 17 26 21 37 45 28 41 20 33 27 14 35 39 36 12 20 24 35 9 14 33 16 47 33 11 32 34 12 23 20 31 26 16 5 32 27 43 15 21 20 35 49 24 25 14 22 27 22 45 10 31 22 7 21 22 27 49 39 27 3 34 41 23 33 16 20 24 18 0 41 31 54 45 21 25 19 17 36 25 21 17 16 38 47 30 23 31 5 41 5 40 54 10 28 8 20 17 20 31 34 17 21 29 40 38 19 19 30 17 42 17 17 20 13 27 12 44 13 28 18 17 24 52 11 17 34 23 32 7 45 30 24 48 31 12 37 40 36 29 40 18 46 45 9 27 9 28 18 34 20 23 33 39 34 34 33 9 38 42 44 28 19 43 35 4 44 31 41 10 37 36 22 14 31 31 19 17 33 13 12 38 22 51 1 14 31 33 35 9 29 17 29 19 18 25 19 38 11 11 6 18 21 5 53 10 17 12 32 25 32 47 10 39 10 32 42 13 33 17 39 23 32 53 23 28 29 19 39 25 39 29 29 35 14 39 41 40 19 36 30 32 46 39 36 31 27 36 43 14 24 25 30 30 14 41 34 24 18 39 19 24 12 5
41 60 69 21 53 10 11 36 16 48 32 15 25 53 28 9 19 35 28 30 54 49 43 40 21 17 23 36 24 60 41 17 9 27 28 28 27 26 24 35 56 49 45 59 32 46 31 46 15 47 15 48 35 48 17 25 56 37 15 48 53 46 33 43 51 20 50 6 30 40 8 55 17 28 41 18 36 39 11 43 39 54 21 48 48 43 56 51 52 35 50 17 40 38 47 34 52 36 37 64 60 26 32 46 59 57 11 33 51 64 5 38 37 20 62 16 11 53 47 31 22 17 15 3 49 45 5 42 10 37 43 48 39 56 54 15 50 56 51 12 39 8 50 16 36 57 32 40 34 31 56 31 47 3 6 5 38 43 55 26 19 39 52 12 20 31 49 38 31 28 25 24 38 39 12 23 10 44 52 56 23 33 43 50 39 53 20 42 32 25 40 18 32 35 55 40 25 37 16 45 11 14 11 37 60 16 53 48 20 13 12 14 43 10 33 20 27 25 54 61 55 18 25 36 44 28 25 54 19 24 22 36 58 19 22 50 47 30 56 10 17 35 27 17 34 62 31 38 27 56 40 9 43 5 47 36 22 18 14 25 16 50 42 22 29 27 42 39 46 47 58 36 30 18 10 51 39 25 43 40 19 29 34 21 56 41 0 16 19 11 60 38 23 54 9 66 54 29 46 16 14 30 41 51 39 19 41 39 16 33 38 35 43 41 23 18 44 32 44 42 56 39 59 31 24 34 10 46 54 58 50 20 49 4 33 17 37 57 45 19 31 43 53 52 51 47 58 24 19 8 54 43 35 38 26 50 13 24 12 14 32 31 49 40 57 12 23 45 53 13 41 18 51 37 38 57 4 42 57 3 38 43 8 12 32 43 19 27 61 43 41 44 28 52 10 30 51 6 62 14 40 28 11 14 27 33 26 48 19 25 30 50 24 27 49 36 46 57 61 37 16 39 40 52 38 26 36 6 47 12 44 55 51 36 15 45 2 53 24 18 36 21 52 44 39 65 36 42 21 25 45 7 7 33 44 5 15 18 25 15 17 33 17 37 49 53 26 42 27 35 54 29 9 25 26 30 29 38 39 37
47 45 59 27 47 18 17 25 12 33 30 14 14 40 25 8 21 38 17 27 44 35 28 30 19 25 21 36 10 51 26 16 19 25 21 14 34 30 9 21 41 34 35 51 37 31 16 42 17 32 5 37 32 33 8 21 44 32 16 41 43 33 31 34 39 28 44 14 18 26 11 40 22 22 36 12 38 40 15 28 42 39 8 42 33 38 41 40 45 38 36 25 39 33 33 30 38 27 34 55 48 30 19 31 50 43 6 19 37 54 13 29 22 25 53 18 12 44 33 17 8 22 12 16 43 30 12 34 9 24 41 34 27 42 40 20 37 44 37 20 27 9 35 3 39 41 22 25 32 18 45 17 31 16 19 13 38 28 40 11 25 25 37 19 24 18 34 37 16 21 13 9 39 28 4 8 14 33 43 40 12 20 28 35 33 43 16 43 17 21 42 16 20 21 40 26 23 30 7 37 13 13 8 23 47 21 39 34 19 12 11 19 32 15 19 6 12 17 39 52 40 15 10 42 29 14 26 44 26 32 29 23 45 8 9 39 40 16 45 18 23 29 12 23 22 53 28 23 11 47 31 10 43 15 41 35 12 7 18 25 10 43 27 24 28 18 29 24 31 38 45 21 31 19 9 36 29 30 29 26 5 25 33 20 48 31 16 0 23 15 52 22 19 47 7 56 40 16 32 8 17 15 40 36 31 12 33 25 24 25 39 26 40 27 11 3 29 18 41 43 41 24 49 29 27 20 12 41 41 46 37 6 41 20 20 4 23 47 43 22 20 29 38 38 36 36 43 9 17 19 38 37 20 24 32 34 24 14 15 14 23 32 38 41 45 5 11 30 38 23 43 5 36 30 24 42 18 27 44 18 41 32 15 6 20 31 9 14 49 29 42 29 14 46 8 24 40 11 50 21 30 20 8 20 13 25 29 34 3 22 16 35 20 15 38 24 35 49 50 28 23 32 26 41 41 27 21 20 35 8 37 39 37 22 3 32 14 39 9 22 22 5 38 40 44 55 23 27 24 31 32 11 12 20 30 14 18 23 17 25 6 18 6 41 35 44 26 26 30 20 45 17 8 10 14 17 15 23 26 27
59 58 82 4 68 28 9 48 13 45 49 10 21 63 44 20 37 53 39 47 66 57 43 52 9 34 39 53 31 74 43 9 11 43 42 35 45 44 31 42 60 55 57 73 49 50 37 62 33 52 25 60 51 48 18 41 67 53 32 63 66 55 50 56 61 38 65 14 24 38 15 53 2 43 57 13 54 57 28 45 57 56 31 64 50 59 56 63 67 53 49 35 58 54 55 50 51 49 53 77 70 44 29 47 73 55 22 32 57 77 15 51 36 3 75 6 12 66 54 39 31 35 30 16 65 45 16 57 15 47 60 53 49 63 61 33 59 67 49 8 49 19 53 25 54 57 45 40 51 40 68 40 50 16 24 22 56 42 59 30 3 39 58 30 1 40 51 55 32 43 35 29 55 50 20 29 10 55 65 59 35 28 48 49 55 66 12 60 34 40 58 34 27 43 58 39 41 52 18 59 28 11 16 45 70 3 61 55 37 12 13 32 54 27 33 24 30 39 59 74 56 11 29 54 50 29 42 66 38 42 39 45 67 30 22 62 62 31 68 9 35 50 28 35 44 76 47 40 32 69 54 24 60 15 62 53 34 20 6 42 30 65 47 40 46 20 52 41 51 60 67 41 47 7 15 55 51 43 40 45 22 45 51 37 70 54 19 23 0 9 74 42 39 69 19 78 62 39 53 17 7 32 58 53 53 15 55 35 5 47 56 49 60 49 34 24 44 40 61 60 56 37 71 48 42 42 12 62 63 68 60 28 64 19 43 26 44 70 62 2 43 50 55 59 53 58 57 28 35 12 57 58 33 35 43 53 31 36 9 10 45 48 61 58 67 20 34 50 55 31 59 21 53 51 36 57 16 44 66 18 56 54 12 24 27 53 19 26 72 51 58 46 37 67 23 45 62 19 73 6 53 42 24 32 26 47 44 56 25 41 38 54 39 25 60 46 58 71 72 50 4 54 47 63 56 44 36 15 57 15 58 58 50 45 21 53 19 60 26 1 42 27 56 61 58 78 34 44 39 44 54 16 14 30 51 23 32 36 17 33 19 34 28 55 47 67 43 45 45 37 67 25 22 32 37 27 37 42 48 49
51 54 73 13 59 20 2 39 8 41 40 5 17 55 35 11 28 44 31 38 58 49 39 44 10 27 30 45 24 65 38 7 7 34 34 27 37 36 23 35 54 48 49 64 42 44 30 53 24 45 17 51 42 43 12 32 59 44 23 54 57 47 41 47 53 30 57 6 22 34 6 49 8 34 48 9 46 48 20 40 49 51 23 55 45 50 52 55 58 45 45 27 49 45 47 41 47 40 45 68 62 36 25 43 64 52 14 28 50 68 6 43 32 11 66 6 4 58 47 31 23 27 22 8 56 40 8 48 6 39 51 47 41 56 54 25 51 59 45 6 41 10 47 17 46 53 36 36 42 32 59 32 44 9 16 14 47 38 53 23 11 35 51 22 10 32 46 46 27 34 27 22 47 42 12 22 1 47 57 53 26 26 42 45 46 57 10 51 29 31 50 25 24 35 52 35 32 43 11 50 19 5 8 38 62 7 54 48 28 4 5 24 46 19 29 17 24 30 53 66 52 8 22 46 43 23 34 58 30 34 32 37 59 22 17 54 53 25 60 5 27 41 23 27 36 67 38 35 25 61 45 15 52 7 53 44 25 14 4 33 21 56 40 31 37 18 44 36 45 51 59 34 39 8 7 49 43 35 37 39 15 36 43 29 61 45 11 15 9 0 65 35 30 60 10 70 55 31 46 11 3 27 50 48 44 11 46 33 9 38 47 40 51 41 25 16 40 33 52 51 52 33 63 39 34 34 3 53 55 60 52 20 55 13 35 18 37 61 53 9 34 43 50 52 48 50 53 21 26 7 51 49 29 31 36 47 24 27 1 4 37 40 52 49 59 11 25 43 50 23 51 14 48 42 32 53 9 39 58 11 47 46 4 15 25 45 13 22 64 43 50 41 29 58 14 36 54 10 65 6 44 33 15 23 22 38 36 48 17 32 31 48 30 21 52 38 49 62 64 42 8 45 40 55 48 35 31 10 49 7 50 52 46 37 13 46 11 53 20 9 35 19 51 52 50 69 30 39 31 36 46 7 6 26 44 14 24 27 15 25 13 29 19 47 43 58 34 39 37 32 58 22 13 24 28 23 29 36 40 41
48 62 12 77 10 53 66 27 63 60 32 65 61 22 34 55 43 42 35 31 10 30 53 22 70 51 39 32 45 3 49 67 68 35 32 44 50 45 45 37 40 35 18 1 46 40 42 22 46 38 49 16 29 51 58 36 19 25 46 13 9 27 32 19 24 52 13 62 62 57 60 60 72 32 23 63 37 33 50 48 41 48 44 15 45 20 54 17 12 41 58 52 30 24 30 29 58 25 27 5 19 43 59 50 2 59 52 54 34 7 61 23 53 76 4 69 63 9 34 38 44 47 45 62 13 51 59 18 60 31 25 41 28 32 32 48 24 18 60 69 29 56 42 49 41 53 30 52 30 36 12 37 43 62 58 55 31 54 40 48 76 53 35 52 75 36 47 29 51 32 40 48 36 27 54 47 64 23 9 44 40 61 38 57 22 11 67 34 49 36 38 43 62 36 45 56 37 23 58 15 49 64 58 33 19 72 26 33 41 63 62 48 22 51 53 53 50 36 37 5 50 66 49 49 36 54 40 13 49 51 49 32 22 44 56 14 15 53 14 67 49 25 52 50 32 3 33 49 46 6 21 51 30 62 16 30 40 56 69 39 45 11 39 42 35 65 27 49 37 15 24 41 38 70 59 40 24 46 59 41 54 32 30 41 5 21 60 52 74 65 0 43 37 7 56 10 29 37 30 58 68 50 28 45 22 62 20 59 73 28 35 26 24 34 41 51 52 37 24 32 53 56 11 32 43 36 62 18 23 20 23 47 11 63 33 49 36 7 25 73 32 34 47 33 46 19 59 50 42 67 43 18 56 59 48 43 56 38 66 65 29 38 17 33 20 55 41 38 46 55 38 54 47 24 57 56 63 46 21 62 42 22 64 51 61 26 58 56 18 31 36 48 39 11 52 30 19 57 17 71 22 33 51 50 55 27 41 30 50 35 39 39 37 58 19 31 19 4 16 24 73 22 35 16 39 38 51 66 23 59 17 44 58 33 54 31 58 33 52 73 41 49 41 22 45 9 58 47 43 47 29 59 61 60 35 55 47 48 66 55 57 50 47 44 60 8 38 43 42 50 9 61 54 44 38 59 40 42 30 26
59 27 47 45 43 37 37 19 29 19 38 32 23 25 32 30 35 50 17 33 34 17 11 24 35 43 32 43 14 41 7 33 41 34 25 10 49 45 15 8 19 14 26 42 51 9 8 44 34 11 24 28 37 13 25 31 29 35 33 37 35 18 39 28 22 46 41 36 22 15 33 23 41 28 38 29 48 47 33 8 52 17 19 40 11 38 21 28 42 49 19 43 45 35 16 35 20 24 38 44 32 43 18 11 42 24 28 13 16 44 35 27 11 44 43 36 32 35 13 10 17 38 28 38 40 10 34 31 31 14 44 12 17 22 20 37 22 30 20 41 14 31 13 23 50 21 21 10 37 12 33 11 9 38 40 34 44 12 18 13 45 10 17 38 42 13 12 42 10 26 17 15 48 18 26 16 35 21 36 18 19 19 8 18 33 33 31 50 8 29 51 31 21 9 18 13 32 29 25 33 32 32 29 12 32 41 22 15 32 32 31 36 22 34 11 19 12 24 18 41 19 31 14 56 10 14 39 32 43 49 45 13 29 21 20 30 38 13 32 39 40 30 14 41 14 44 36 6 11 38 28 30 48 37 39 40 20 22 38 37 25 38 6 37 37 26 17 7 10 30 28 4 42 36 30 14 22 45 17 4 21 31 39 33 41 25 38 22 42 35 43 0 28 41 29 44 22 13 14 25 36 10 44 14 27 27 29 17 44 26 47 26 43 10 17 21 11 10 44 49 20 14 36 35 41 9 33 41 24 30 22 18 36 42 14 22 8 37 46 40 18 11 16 18 14 25 24 15 30 41 16 36 14 16 47 12 44 20 36 33 22 43 27 48 29 27 19 9 16 43 53 22 14 30 15 22 40 5 28 40 52 22 37 27 20 18 23 17 34 13 50 8 13 42 29 27 26 33 35 41 24 25 28 38 16 25 42 16 19 30 11 13 29 19 25 14 25 40 35 26 43 32 9 29 50 38 9 42 21 29 34 17 19 12 24 14 36 19 16 41 3 17 16 42 56 43 15 6 39 46 16 33 34 18 10 35 35 39 28 45 23 9 22 53 19 37 37 4 43 7 35 21 30 14 17 18 11 1 13 21
32 54 47 42 30 16 31 16 29 45 13 31 32 34 6 19 9 23 12 9 31 32 38 18 37 17 4 18 18 38 34 33 31 7 7 20 22 17 17 22 42 34 23 37 23 33 21 25 10 33 15 26 14 40 26 4 36 15 9 25 30 28 14 21 33 20 28 26 35 38 24 50 37 5 19 30 21 22 13 35 26 44 13 26 37 21 48 31 29 22 46 18 22 16 30 12 47 14 16 41 40 15 34 39 36 51 17 32 36 42 24 15 34 40 39 34 27 31 32 18 14 12 9 25 27 38 23 20 24 20 23 36 21 40 38 13 31 35 47 33 22 20 38 16 23 48 11 35 14 17 34 18 35 25 22 18 20 38 41 22 40 35 37 15 39 16 39 18 28 6 12 21 22 21 19 19 29 25 29 43 10 36 30 45 17 31 34 25 28 2 25 6 37 21 43 38 5 15 25 23 13 29 24 21 39 36 35 33 5 28 27 12 23 14 31 23 25 5 39 39 45 32 22 28 30 28 11 33 17 22 18 19 38 12 26 28 24 29 35 31 14 13 26 15 17 40 11 32 21 34 17 15 25 25 24 16 9 24 33 9 10 27 29 9 10 36 24 33 32 25 39 25 15 35 24 38 19 17 42 29 23 7 14 6 33 19 23 19 39 30 37 28 0 32 20 44 37 15 29 26 32 27 22 40 17 30 19 39 37 10 21 13 22 26 12 20 38 19 23 25 48 37 38 10 14 20 27 24 35 38 31 17 27 26 17 15 23 35 25 38 13 28 43 36 40 26 52 23 5 30 42 20 34 38 20 38 21 8 30 30 12 16 28 23 37 20 11 32 42 20 26 22 41 14 37 50 27 33 37 25 25 22 28 15 36 25 26 30 41 26 25 36 16 30 16 8 31 21 41 35 19 6 15 14 29 11 14 31 19 3 18 36 1 31 29 19 25 35 40 15 37 16 26 31 24 10 32 29 28 25 21 43 46 20 21 29 22 37 24 38 26 19 40 23 29 43 36 34 11 19 28 23 25 36 29 18 11 14 36 21 25 29 13 25 46 30 9 31 15 30 32 34 17 17 12 33 17 28 22 17
43 61 19 72 5 47 61 23 58 58 26 60 57 22 28 50 37 36 31 25 9 29 51 18 65 45 33 26 41 8 47 62 62 29 27 40 43 39 40 34 40 34 15 7 40 38 38 16 40 36 44 14 22 49 53 30 20 19 40 7 7 25 25 14 24 46 6 57 58 55 55 59 67 27 16 58 31 27 44 46 34 48 39 9 43 14 54 16 6 35 56 46 24 17 28 22 57 21 21 12 21 37 56 48 6 59 47 51 34 13 55 18 51 71 10 63 57 8 33 34 39 41 39 56 7 49 54 13 54 28 18 40 25 33 32 42 23 19 58 64 27 50 41 44 35 52 25 49 23 33 13 33 41 56 52 49 25 52 40 44 70 51 35 45 70 32 46 23 47 27 35 44 30 24 49 43 59 21 6 44 35 58 36 55 15 10 62 29 46 30 32 37 59 33 45 54 30 18 53 10 44 58 53 30 22 66 26 32 35 58 57 42 19 45 50 48 46 30 37 11 49 61 45 43 34 50 34 13 43 45 43 29 23 39 51 12 9 50 16 62 43 20 48 44 28 10 26 47 42 6 16 46 25 56 10 23 35 51 64 33 40 5 37 35 29 61 25 46 35 11 25 38 32 65 54 39 20 40 57 39 49 26 24 35 2 17 54 47 69 60 7 41 32 0 50 15 29 33 29 54 62 46 22 44 17 57 14 57 68 23 29 21 18 32 36 47 50 33 17 27 53 54 14 26 37 33 57 12 24 22 22 43 6 57 29 44 34 9 20 68 27 32 47 33 45 17 58 46 36 61 43 12 53 56 42 42 50 33 61 60 24 32 15 26 22 50 36 37 46 49 33 50 46 18 55 55 58 44 23 56 36 19 59 45 58 24 53 52 21 29 30 46 35 5 47 25 18 52 20 65 18 28 45 44 51 22 35 29 45 30 35 38 31 55 19 28 17 6 19 19 68 16 33 15 33 32 49 60 21 54 11 44 56 30 49 30 53 33 48 68 39 44 41 16 39 14 55 45 37 41 27 54 55 56 33 49 41 41 62 49 52 47 42 38 58 5 31 41 36 47 8 58 48 40 34 55 36 40 28 21
44 52 64 22 50 13 11 30 11 39 31 12 18 47 26 1 19 37 22 28 49 42 35 34 18 21 21 36 17 56 33 14 13 25 24 21 31 28 16 27 48 41 39 55 35 38 23 44 16 39 8 42 33 39 10 23 50 35 14 44 48 39 32 38 45 24 47 7 22 32 5 47 17 25 39 12 37 40 12 35 41 46 14 45 40 40 48 46 49 37 42 21 40 36 40 32 44 31 35 59 54 28 24 38 54 49 4 25 43 59 6 33 28 21 57 14 8 49 40 24 14 19 12 9 46 36 5 38 5 30 42 41 33 49 47 17 43 50 43 14 33 2 42 8 38 48 27 32 33 24 50 24 38 9 13 7 38 34 47 18 20 31 44 15 20 24 41 37 22 24 18 16 39 33 3 15 9 38 47 47 17 25 35 42 36 48 16 43 24 22 42 16 25 28 47 32 23 34 8 41 11 10 5 30 53 16 46 41 19 9 8 16 37 11 25 12 19 20 46 56 47 14 17 39 36 20 25 49 23 28 25 29 51 13 14 44 44 22 51 12 19 32 19 20 28 58 29 30 18 51 35 6 43 8 44 35 16 10 14 25 11 46 34 22 28 20 35 31 38 42 51 28 30 16 4 43 34 27 35 33 10 26 33 20 52 36 9 7 19 10 56 29 20 50 0 61 47 22 38 9 13 22 41 43 35 13 37 31 18 28 39 30 42 34 17 10 36 25 43 43 48 30 54 30 26 27 7 44 47 52 43 13 45 13 26 9 29 52 44 18 25 36 45 45 43 41 50 16 17 13 45 40 26 30 29 41 19 18 11 11 27 31 43 41 51 4 16 37 45 18 43 9 43 33 30 49 11 34 50 11 40 37 9 5 25 37 12 19 55 36 42 36 21 49 5 27 45 4 56 15 35 24 6 16 19 29 28 41 10 23 23 42 21 20 43 30 40 53 55 32 18 35 33 46 40 27 28 13 41 6 40 46 43 29 7 38 7 46 15 18 29 12 45 42 42 60 28 34 23 29 38 4 5 25 36 8 16 20 19 20 10 24 10 39 41 49 26 33 29 27 49 22 3 17 19 22 21 30 32 32
58 59 4 82 20 59 71 31 66 58 40 69 63 20 41 60 50 51 39 38 13 28 52 27 74 59 45 41 48 7 48 71 73 43 38 46 58 53 48 39 37 33 22 10 55 38 44 31 53 36 54 19 37 49 62 43 16 33 52 21 14 26 40 24 22 60 21 67 64 57 65 58 77 39 31 67 46 42 56 47 49 45 48 24 43 29 52 17 21 50 56 60 39 32 29 36 56 30 35 5 14 51 60 48 11 57 57 56 32 4 66 29 54 80 7 73 67 13 32 41 48 54 51 68 22 50 64 25 64 33 33 39 30 29 28 55 23 15 58 74 31 61 40 54 50 50 35 52 38 39 11 40 41 68 65 61 40 53 37 51 80 53 33 58 79 39 45 38 52 38 44 51 45 29 58 50 69 24 15 41 44 62 37 55 29 13 70 44 51 43 47 49 64 38 42 56 43 30 61 22 55 68 63 35 15 76 24 31 48 67 66 55 25 57 54 56 52 41 33 6 47 69 52 58 35 56 48 13 57 59 57 34 17 49 59 17 24 55 12 72 56 32 54 57 35 7 40 49 49 11 27 57 40 67 25 38 45 60 73 46 50 19 38 49 43 67 28 49 35 19 20 42 47 73 63 38 27 54 58 41 57 39 38 47 13 25 66 56 78 70 10 44 44 15 61 0 26 40 30 62 72 51 37 43 27 65 26 60 78 34 44 32 33 34 45 55 51 39 32 42 51 56 8 39 51 38 67 27 21 15 22 51 18 69 36 53 38 9 35 77 36 33 45 31 44 20 56 53 48 72 40 26 57 59 56 41 63 43 71 69 34 46 18 41 17 59 45 38 44 62 48 58 45 30 58 53 69 45 18 68 51 25 69 56 63 27 61 58 13 31 45 47 43 20 57 36 18 62 11 76 26 39 56 56 57 33 49 28 54 42 41 37 43 61 20 34 21 11 11 29 78 29 35 16 48 46 52 71 23 63 25 41 56 35 58 31 64 30 55 78 42 52 39 31 54 1 58 46 51 55 28 64 66 61 34 61 54 55 69 62 60 51 51 53 58 14 45 42 50 50 12 63 59 48 42 60 43 43 32 29
63 34 28 65 33 51 56 21 49 34 40 52 44 7 38 47 45 54 27 36 21 6 28 21 56 54 40 44 31 26 25 53 59 40 31 28 57 52 32 20 12 9 19 28 56 14 26 39 45 12 40 17 38 24 44 38 11 34 45 29 22 10 41 22 6 56 33 54 43 34 51 33 61 33 36 49 50 47 47 23 55 21 34 33 18 35 27 14 33 53 31 55 45 34 8 36 31 25 38 28 13 50 39 24 28 32 44 34 7 27 52 26 31 64 27 56 51 22 9 24 33 49 41 55 32 25 51 26 49 18 41 14 17 5 4 49 8 12 33 60 16 48 15 39 53 25 26 28 39 23 17 24 17 56 55 50 44 29 12 32 65 30 8 51 62 24 20 42 32 32 30 34 49 17 44 34 54 13 24 16 32 40 15 30 31 20 52 50 29 37 52 41 42 20 17 32 39 28 45 26 46 51 48 18 12 60 3 8 42 51 51 47 16 48 32 39 33 33 9 25 22 52 33 61 13 35 46 17 53 57 54 19 9 35 40 18 32 34 15 58 51 31 35 52 21 28 40 26 31 24 26 45 47 54 33 41 33 42 58 43 39 28 16 45 41 47 14 26 12 20 7 21 47 56 48 13 19 53 34 18 40 36 40 42 28 21 54 40 62 55 29 22 37 29 47 26 0 25 9 45 56 31 43 18 25 47 25 36 63 28 48 27 40 14 31 39 26 23 40 49 26 33 19 39 49 21 52 35 6 11 8 35 26 58 22 38 18 23 43 60 24 12 19 6 19 15 31 35 41 59 16 31 35 36 55 16 57 32 55 53 26 47 15 48 9 45 32 14 18 56 54 41 20 29 35 28 57 22 8 56 55 17 55 43 41 13 43 38 14 12 51 22 27 32 45 31 11 50 16 60 20 32 44 49 37 27 48 7 38 37 25 12 37 40 12 19 15 26 16 25 62 31 15 14 52 44 30 59 11 48 29 16 31 19 42 9 52 4 37 61 21 36 13 38 59 25 36 22 47 54 10 50 52 39 12 50 46 50 49 57 43 30 38 56 33 25 43 19 49 28 22 42 46 31 29 39 26 21 16 21
46 39 44 42 34 27 32 10 27 31 25 29 24 25 20 22 23 37 4 20 29 20 24 15 34 31 19 31 9 36 20 31 35 21 12 7 37 32 8 7 28 21 20 36 38 19 7 33 22 19 15 22 25 25 22 18 29 23 21 28 29 17 26 19 23 34 32 29 26 25 26 35 38 15 27 27 35 34 23 20 40 29 9 31 22 28 33 25 33 37 31 32 33 24 18 22 32 14 26 40 32 30 24 24 36 37 19 20 22 39 28 17 20 41 38 33 28 29 18 3 9 26 17 30 31 23 26 22 25 9 33 22 11 28 26 25 21 28 33 35 11 23 23 15 37 33 10 21 25 2 30 3 21 31 31 25 32 24 27 12 41 22 24 27 39 2 24 30 16 14 5 12 35 12 20 10 30 17 29 29 8 26 15 30 23 28 30 38 15 17 39 19 27 7 28 24 20 19 22 24 22 28 24 8 32 37 24 20 20 28 27 24 16 24 19 16 14 11 26 37 31 30 12 43 16 18 26 28 31 36 33 7 29 11 19 24 29 17 29 34 28 19 16 29 6 39 24 18 10 32 19 21 36 30 30 28 9 20 34 24 14 29 14 24 24 28 14 19 18 23 29 10 29 34 24 23 14 32 28 14 18 19 26 20 34 17 29 16 39 31 37 13 15 33 22 40 25 0 17 22 33 15 32 25 18 25 20 26 39 14 35 15 31 12 7 15 23 4 32 37 33 24 33 23 29 6 28 31 25 30 22 11 28 33 5 14 9 32 35 37 6 14 28 24 26 20 37 13 18 35 27 25 22 25 35 23 33 8 31 30 11 30 23 35 29 20 7 17 27 32 40 18 26 19 24 35 32 18 28 32 40 16 31 18 26 15 21 20 34 14 38 21 3 33 20 15 24 25 35 37 16 13 19 26 19 14 29 19 14 17 3 22 16 22 22 8 20 34 34 16 39 22 12 25 38 25 19 34 19 24 25 28 32 7 18 17 27 25 16 38 11 13 25 31 43 40 24 19 26 34 16 26 27 24 16 26 23 27 30 33 20 16 13 40 32 30 24 16 30 17 30 25 21 8 5 23 3 13 10 12
57 33 33 57 32 43 48 14 41 30 35 44 36 11 31 38 37 48 18 30 22 4 23 16 48 46 33 39 23 29 19 45 51 33 24 19 50 45 23 12 14 6 16 29 50 10 17 36 38 8 32 16 33 21 36 31 15 30 37 27 23 5 35 19 9 48 31 45 35 28 42 30 52 26 32 41 44 42 39 18 49 20 25 31 15 31 26 15 32 47 28 47 40 29 2 31 28 19 33 31 19 43 32 20 30 30 36 27 7 30 44 20 25 56 30 48 43 23 4 15 25 41 33 46 30 21 43 23 41 10 37 11 9 11 9 41 8 16 30 51 8 39 13 31 48 24 19 22 34 15 20 15 13 47 47 41 40 24 13 24 56 24 9 43 54 16 17 37 24 25 22 25 44 10 36 25 46 9 24 17 24 33 8 27 27 21 44 46 22 30 48 34 35 11 17 26 32 23 36 23 38 43 39 10 18 52 8 4 34 43 42 40 11 40 25 30 25 25 11 28 21 44 25 55 6 27 39 19 45 50 47 10 15 27 32 18 29 26 18 49 43 25 27 44 13 31 34 20 22 26 21 37 43 46 31 36 25 34 49 37 31 27 9 38 35 39 7 19 7 19 14 13 41 48 40 11 14 46 29 11 32 29 35 34 29 16 46 32 53 46 30 14 29 29 38 30 9 17 0 37 48 23 39 16 20 39 21 30 55 22 43 21 36 5 23 30 22 14 37 44 25 27 22 33 42 12 43 32 10 16 9 26 25 50 13 30 10 25 40 52 17 4 18 8 17 13 30 26 33 50 15 28 28 30 48 13 49 23 47 44 19 41 15 43 15 36 24 8 17 48 49 33 18 24 28 27 48 16 14 48 50 13 47 34 34 7 35 30 20 3 46 18 18 31 36 25 13 41 22 52 15 25 35 42 29 21 41 3 29 30 16 10 29 32 11 11 13 28 21 20 54 26 7 16 47 37 23 50 9 39 26 16 28 11 34 1 44 9 28 53 13 27 13 35 53 30 29 17 40 47 3 42 43 32 5 42 39 42 42 49 35 23 29 51 30 25 36 13 43 21 23 35 38 22 21 32 18 14 8 15
52 45 66 21 54 22 13 32 5 32 38 8 9 46 32 10 27 45 24 34 50 40 29 37 12 29 27 42 15 58 28 9 17 32 28 18 39 36 15 26 44 39 41 58 43 34 20 50 23 36 12 44 39 34 1 29 50 40 22 48 50 38 39 40 44 33 51 12 14 25 9 40 16 29 44 5 45 47 20 30 48 41 15 50 35 45 42 46 52 44 35 30 47 41 38 37 37 34 41 61 54 36 16 32 57 42 11 18 41 61 12 36 22 19 59 11 7 51 37 23 15 27 19 15 50 31 11 42 7 30 48 37 33 47 45 25 43 50 36 16 32 10 37 11 45 43 29 26 39 24 51 23 34 16 21 15 45 28 43 13 20 25 41 23 18 24 36 44 17 29 19 12 46 34 8 13 10 39 50 43 19 17 32 35 41 50 9 50 19 28 49 23 16 26 42 25 30 37 1 44 19 7 5 29 53 16 45 39 26 7 6 24 38 19 19 7 14 25 43 58 42 8 13 48 34 14 33 50 31 37 34 29 50 15 6 46 48 16 51 14 28 36 13 28 28 60 36 25 15 54 39 14 50 13 48 42 19 4 13 32 17 50 31 30 34 12 35 26 35 44 50 25 38 12 6 39 35 36 28 29 5 32 40 27 55 38 16 8 17 11 58 25 26 54 9 62 45 22 37 0 11 17 47 38 38 4 40 23 19 32 46 34 47 32 18 8 30 24 48 50 42 23 55 36 33 25 9 49 46 52 43 12 48 20 27 11 27 54 50 15 27 34 40 42 38 42 43 11 24 17 41 44 19 22 37 37 28 21 11 8 30 39 44 48 50 7 18 33 40 27 50 5 38 37 23 43 17 29 50 17 48 38 13 12 16 37 4 12 55 34 49 31 20 53 12 31 46 12 56 16 37 28 13 25 12 32 35 39 9 29 22 38 27 12 44 29 42 55 56 35 18 40 31 47 47 34 22 18 41 5 44 42 36 28 6 36 15 43 10 16 25 10 41 48 50 62 21 29 30 37 37 10 10 17 34 17 24 28 11 29 3 19 13 47 34 51 33 29 36 22 51 13 12 15 21 14 20 26 32 34
54 54 75 10 62 23 4 42 8 41 43 4 17 57 38 13 31 47 33 40 60 51 39 46 8 30 33 48 25 67 38 5 8 37 36 29 40 39 25 36 55 49 51 67 45 45 31 56 27 46 19 54 45 44 12 35 60 47 26 56 59 49 44 50 55 33 59 9 21 34 9 49 5 37 51 8 49 51 23 40 52 51 25 57 45 52 51 56 61 48 45 30 52 48 49 44 47 43 47 71 64 39 25 43 66 52 16 28 52 71 9 45 32 9 69 3 5 60 48 33 25 30 24 11 58 41 11 50 9 40 54 47 43 57 56 28 53 60 45 6 43 13 48 19 49 53 38 36 45 34 61 34 45 12 19 17 50 37 54 24 9 35 52 25 8 34 46 49 27 36 29 23 50 44 14 23 4 49 59 54 28 25 43 45 48 59 9 54 29 34 53 28 23 37 52 35 35 45 12 53 22 5 10 39 64 5 55 49 31 5 6 27 48 22 29 18 25 32 54 68 52 7 23 49 44 24 37 60 33 37 35 39 61 24 17 56 56 26 61 6 30 44 23 30 38 69 41 35 26 63 47 18 55 10 56 47 28 14 2 36 23 58 41 34 40 17 45 36 46 54 61 35 42 5 9 50 45 38 37 40 16 39 45 32 64 47 14 17 7 3 68 36 32 62 13 72 56 33 48 11 0 27 52 48 46 10 49 32 8 40 50 42 54 43 27 18 40 34 55 54 52 33 65 42 37 36 6 56 57 62 54 22 57 15 37 20 38 64 56 6 37 44 50 53 48 52 53 22 29 9 52 52 29 31 39 48 26 30 2 4 39 43 54 52 61 13 27 44 50 26 54 15 48 45 32 53 12 39 60 13 50 48 7 17 24 47 14 22 65 45 53 41 30 61 17 39 56 13 67 5 47 35 18 26 22 41 39 50 19 35 32 49 33 21 54 40 51 65 66 44 7 48 41 57 51 38 32 12 51 9 52 53 46 39 15 47 14 54 20 6 36 21 51 54 53 71 30 39 34 39 48 10 9 26 45 17 27 30 14 28 13 29 21 50 43 60 37 40 40 32 61 21 15 26 30 23 31 37 42 43
58 30 55 36 48 32 29 24 20 19 38 23 13 33 32 22 32 49 18 33 41 26 13 29 26 38 30 44 9 49 12 24 33 33 25 8 46 42 10 13 28 24 33 49 49 18 9 47 30 20 18 34 38 18 16 30 38 37 29 42 41 26 39 33 31 42 46 28 13 12 25 26 32 28 41 19 47 48 29 13 52 24 15 45 19 42 26 35 47 49 21 39 47 38 25 36 23 27 40 52 41 41 10 17 49 28 21 6 26 51 27 30 8 35 50 27 24 42 23 13 13 34 24 30 45 15 26 36 23 19 46 21 23 32 30 33 30 38 22 32 21 23 21 17 49 27 24 10 38 15 41 14 18 31 34 27 45 13 27 5 35 10 26 33 33 15 20 44 1 27 16 8 48 24 19 10 27 28 42 27 17 12 17 21 37 40 22 51 2 29 51 27 13 14 26 12 31 33 17 38 27 23 21 18 40 32 31 24 30 23 23 32 28 29 5 11 4 23 27 48 26 22 6 54 19 5 37 39 39 45 42 18 37 17 11 37 43 4 40 31 36 33 5 37 19 51 36 9 6 45 33 24 50 29 43 42 18 14 29 35 21 43 15 35 36 17 24 10 20 36 37 10 41 26 22 23 27 42 15 14 13 32 40 30 47 30 30 15 32 27 50 10 27 46 22 51 31 15 23 17 27 0 46 22 32 18 34 13 34 28 48 29 45 18 15 13 14 14 46 50 26 10 44 36 39 14 25 45 33 39 31 12 41 34 18 16 14 45 49 31 21 20 24 27 22 32 28 7 28 32 25 40 8 11 44 21 39 19 27 24 25 42 34 49 38 19 17 18 24 38 53 14 22 33 11 27 32 13 37 32 52 29 28 21 12 25 14 8 43 21 51 14 13 47 22 28 34 25 44 32 29 26 22 33 7 28 40 25 13 30 12 22 28 10 32 19 32 47 44 29 33 36 17 36 50 37 6 34 29 20 39 26 22 17 16 22 28 29 7 32 10 11 25 45 55 51 10 13 36 44 24 25 26 11 20 29 31 36 19 40 15 3 17 52 20 43 35 13 41 6 42 12 23 10 16 9 12 10 20 26
22 70 40 61 18 32 50 26 50 62 10 51 53 37 16 40 22 15 29 14 27 40 55 23 57 28 20 6 38 30 51 53 50 16 21 39 23 20 37 37 52 44 24 28 19 46 39 7 26 45 36 26 9 56 47 19 37 10 27 17 25 35 9 21 37 27 16 45 56 57 44 66 56 19 8 51 10 5 31 51 14 57 34 13 51 9 63 31 17 14 62 29 2 10 39 11 63 21 7 33 39 18 54 54 27 67 37 51 45 34 44 19 52 60 31 54 48 26 42 35 35 25 29 44 15 54 43 17 45 32 4 49 30 47 45 27 36 36 64 52 33 40 50 37 14 62 24 53 8 33 32 34 49 43 38 37 4 56 51 42 59 53 47 31 59 32 54 4 47 20 31 41 9 30 40 39 49 30 23 55 30 56 43 61 13 27 55 8 47 20 11 25 57 36 55 56 18 16 46 18 31 50 44 34 40 56 40 42 22 49 48 27 28 32 50 44 44 24 49 31 59 53 42 22 42 48 17 31 25 26 25 32 40 33 47 26 14 49 34 50 26 14 46 27 31 31 12 50 41 27 18 35 5 45 13 6 30 46 53 17 31 19 43 20 13 57 32 50 44 24 42 41 13 56 44 49 25 21 60 44 43 16 8 21 24 23 41 40 58 50 28 44 22 22 41 37 43 32 39 47 52 46 0 53 19 51 18 58 57 19 8 19 4 38 32 40 55 35 5 6 62 56 34 12 19 35 47 10 39 39 35 38 20 43 31 37 38 29 4 58 27 40 56 45 54 29 67 43 24 49 54 13 53 57 22 51 33 28 50 51 23 13 29 6 39 41 31 45 55 33 12 44 55 15 56 64 45 49 39 43 14 27 47 36 56 32 48 50 40 37 9 52 34 18 36 18 33 40 40 54 24 21 35 28 49 20 17 39 40 19 35 48 21 52 32 32 28 26 39 20 56 13 39 31 11 15 50 47 33 45 15 54 63 33 42 39 40 45 45 58 42 40 51 6 18 36 56 50 21 21 37 43 44 56 41 36 27 25 57 32 46 48 35 17 63 24 16 46 17 49 27 55 38 37 30 53 35 43 33 25
70 18 45 57 47 50 50 27 41 17 48 44 33 24 43 43 47 61 28 43 36 16 13 31 46 55 44 53 27 43 11 45 54 45 35 23 61 57 28 19 8 11 31 44 62 8 21 51 47 9 37 31 46 8 37 42 28 44 45 42 38 20 49 34 22 58 46 49 31 19 46 16 53 38 46 41 58 56 46 9 63 5 32 46 3 46 10 29 47 60 14 56 54 44 16 44 14 32 47 45 30 55 26 8 44 15 41 22 11 43 47 35 18 56 44 48 45 37 12 22 30 51 41 51 45 10 47 38 44 22 52 5 23 15 15 50 22 28 16 53 21 44 4 36 61 9 31 14 47 23 34 23 5 52 53 47 54 14 8 25 56 16 11 51 54 25 3 51 22 37 30 28 58 24 40 29 48 25 39 6 32 27 11 13 41 35 43 60 20 41 61 43 30 19 5 18 44 38 38 39 45 44 42 20 29 53 19 13 44 44 44 49 26 47 21 32 25 35 10 42 6 43 26 67 12 25 50 33 56 61 57 22 26 34 32 33 44 23 32 52 52 39 26 53 24 45 47 14 25 40 36 43 57 49 46 50 33 35 50 48 38 42 11 49 48 36 22 13 10 34 24 16 53 47 43 5 29 57 18 11 34 42 49 45 44 31 51 36 53 48 45 14 40 44 43 43 18 25 16 38 48 22 53 0 35 39 36 22 56 35 57 34 51 15 30 34 11 22 52 59 9 19 35 46 53 20 46 48 22 28 23 31 40 55 24 35 17 39 54 51 28 14 3 13 1 28 14 28 43 54 4 43 22 22 59 3 57 33 48 45 32 54 30 57 27 40 32 9 3 56 63 35 2 38 20 12 53 10 26 53 63 28 50 40 28 22 35 28 31 17 60 8 25 46 42 37 27 46 33 53 30 36 41 50 27 34 53 16 33 42 23 7 40 29 26 22 28 42 33 34 55 40 15 30 61 49 18 54 24 42 41 5 14 21 36 15 49 14 29 52 15 31 5 50 66 43 22 10 51 58 18 45 47 26 13 48 48 52 39 57 36 20 35 64 16 40 48 10 55 17 37 30 43 27 29 28 24 14 20 29
38 52 31 56 17 32 45 9 42 45 16 44 41 20 15 34 24 29 15 12 15 22 38 5 49 33 19 20 25 22 34 46 46 17 11 25 34 29 25 20 34 26 7 21 32 28 23 17 26 27 28 11 13 38 37 16 22 10 26 11 14 17 16 5 20 34 15 41 43 41 39 48 51 12 12 42 25 23 29 34 30 39 23 13 33 12 45 15 16 28 45 33 20 10 20 12 46 5 14 25 25 27 41 37 20 49 31 36 27 25 39 2 37 55 23 47 41 15 24 19 23 28 24 41 14 37 38 5 38 14 18 30 12 29 27 28 18 20 47 48 14 34 32 28 29 44 9 36 14 17 18 18 31 41 38 34 20 39 33 29 55 37 28 31 54 17 35 18 33 11 19 28 25 11 33 27 43 12 13 37 19 43 25 44 7 15 46 26 32 16 28 22 44 19 37 40 17 4 37 7 29 42 37 16 24 50 22 24 21 42 41 28 10 30 36 32 31 15 30 23 40 45 29 36 24 35 23 17 31 35 32 15 24 23 35 12 11 35 20 46 30 7 33 31 14 24 16 33 27 18 1 30 23 41 13 17 19 35 48 21 24 13 25 23 18 45 14 33 25 9 25 24 23 49 38 31 7 29 43 26 33 13 16 21 18 5 39 31 53 44 22 27 17 17 35 27 25 18 20 38 46 32 19 35 0 41 3 43 52 7 24 5 16 20 20 30 37 19 17 25 44 40 22 15 26 19 41 14 21 24 18 26 11 42 15 27 20 19 20 52 12 21 38 27 36 12 49 30 21 46 35 9 39 42 32 33 37 17 45 44 8 23 12 23 23 34 20 27 37 36 29 34 37 5 41 46 42 32 23 41 30 9 43 30 43 14 37 37 26 18 26 34 20 16 31 9 17 36 26 49 5 12 29 30 36 6 25 21 29 15 20 30 16 39 15 14 11 19 25 3 52 6 21 16 28 20 35 45 15 38 7 36 45 16 33 21 37 27 33 52 25 28 33 15 34 27 41 32 25 31 18 38 39 42 23 34 27 28 46 36 36 33 26 32 46 15 20 29 26 33 16 42 32 24 18 40 21 26 15 7
56 44 69 19 58 25 13 35 4 31 42 6 7 49 36 13 31 49 27 38 54 42 29 40 9 33 31 46 18 61 28 7 17 36 32 20 43 40 18 28 45 40 45 61 47 35 23 53 27 37 16 47 43 34 5 33 53 43 26 52 53 41 43 44 47 36 55 14 12 24 12 39 15 33 48 2 49 51 24 30 52 41 19 53 36 49 41 49 56 48 35 33 51 45 40 41 37 37 45 65 56 40 15 33 61 42 15 18 43 64 14 40 22 18 63 10 9 54 39 25 18 31 23 17 54 31 14 45 10 33 52 38 36 48 47 29 45 53 35 16 35 14 38 15 49 43 33 26 43 27 55 26 35 18 24 19 49 27 44 15 18 25 43 27 16 27 36 48 17 33 23 15 50 37 12 15 11 42 53 44 23 15 34 35 44 53 5 54 19 32 53 27 14 29 43 25 34 41 5 48 22 7 9 32 56 15 47 40 30 7 8 28 41 23 19 10 15 28 44 62 42 5 15 51 35 14 37 53 35 40 37 32 53 19 8 49 51 16 54 15 32 40 13 32 31 63 40 25 18 57 42 18 54 15 52 46 23 6 12 36 21 53 32 34 38 8 38 26 37 48 53 27 42 9 9 40 39 39 27 30 9 36 44 31 58 41 19 12 15 11 62 27 30 57 13 65 47 25 39 4 10 18 51 39 41 0 43 22 18 36 50 37 51 34 22 11 30 27 52 54 42 23 58 40 37 28 10 52 49 54 46 15 52 22 30 15 30 57 54 13 31 36 40 44 38 45 43 13 28 18 42 48 19 21 41 38 31 25 11 8 34 43 48 52 53 11 22 35 40 30 54 8 38 41 22 43 19 30 52 20 51 41 14 16 14 39 5 12 58 37 53 31 23 57 16 35 49 15 59 15 40 32 17 28 12 36 39 41 13 33 25 39 31 11 47 32 45 59 58 39 17 44 33 50 51 38 22 20 44 8 48 43 36 31 10 39 18 45 11 14 27 14 42 51 54 65 20 29 34 41 40 13 13 16 36 20 27 32 7 32 6 19 17 51 33 55 37 31 40 22 55 11 15 18 24 13 23 27 34 37
38 53 29 58 15 34 47 11 44 47 17 46 43 20 16 36 25 30 17 14 13 22 40 6 51 34 20 20 27 20 36 48 49 18 13 27 34 30 27 22 34 27 7 19 33 29 26 16 28 28 30 10 14 39 39 18 21 10 27 9 12 17 17 4 20 35 13 43 45 43 41 50 53 14 11 44 25 22 31 35 30 40 25 12 34 10 46 15 14 29 46 35 20 9 21 13 47 7 13 23 24 28 43 38 18 50 33 39 27 24 42 4 39 57 21 50 44 13 25 22 26 29 26 43 12 38 40 2 40 16 17 32 13 29 28 30 18 20 48 50 16 37 33 30 29 45 11 38 15 20 17 21 32 43 40 36 20 41 34 31 57 39 29 33 56 19 37 17 35 13 21 31 25 13 35 29 45 13 11 37 21 45 26 45 6 13 48 26 33 17 28 24 46 21 38 42 19 5 39 5 30 45 39 18 24 53 22 25 23 44 43 30 10 32 37 35 33 17 31 21 42 47 31 37 25 37 24 16 32 36 33 17 23 25 37 11 10 37 19 48 31 8 35 32 16 22 16 35 29 15 2 32 23 43 11 17 22 38 50 22 26 10 26 24 19 47 15 35 27 8 25 26 24 51 40 32 8 31 45 28 35 14 16 22 15 5 41 33 55 46 20 29 19 14 37 26 25 20 21 40 49 34 18 36 3 43 0 45 54 9 24 7 15 22 22 33 39 20 16 24 45 42 20 15 27 21 43 12 21 23 17 29 9 44 16 30 22 17 19 54 14 22 39 27 37 11 50 33 23 48 36 7 40 44 33 34 38 19 47 46 10 24 12 23 22 36 22 28 38 37 29 36 38 6 43 47 44 33 22 43 31 9 45 32 45 15 39 39 24 19 26 36 22 14 33 11 16 38 25 52 6 14 32 31 38 8 26 22 31 17 22 30 18 41 14 16 10 17 24 5 54 6 22 15 28 22 37 47 15 40 6 37 47 18 35 22 39 28 35 54 27 31 34 14 34 25 43 34 26 32 19 40 42 44 24 36 29 30 48 37 38 34 28 32 48 13 21 30 26 35 14 44 34 26 20 42 23 28 17 9
70 23 63 39 58 42 34 35 25 10 50 28 16 40 44 32 44 61 30 45 50 32 10 40 28 49 42 56 21 58 12 28 39 45 37 19 58 54 22 23 29 28 43 58 61 22 20 59 42 25 29 44 50 15 22 42 45 49 40 53 51 34 51 43 38 53 57 35 11 3 32 18 36 40 53 24 60 60 39 14 64 22 27 56 20 53 21 44 58 61 14 50 59 50 32 48 16 39 52 60 48 53 8 15 58 20 31 8 30 60 35 42 6 38 59 31 30 51 28 24 25 46 35 38 56 13 34 47 30 30 58 23 33 35 34 44 37 45 14 37 31 32 23 27 61 23 35 9 50 26 49 25 20 39 43 37 57 8 29 17 38 7 30 44 36 27 19 56 12 39 28 19 60 34 29 21 33 37 52 27 30 7 23 14 48 49 25 63 12 41 64 39 10 24 25 5 43 44 24 49 38 28 28 28 47 36 37 30 42 29 29 43 38 39 8 20 15 35 30 57 23 26 18 66 25 12 49 48 51 56 53 28 44 29 18 46 54 10 48 37 47 45 14 48 30 60 48 11 18 54 44 35 62 36 55 54 30 21 34 47 33 54 22 47 48 17 33 11 25 46 43 20 53 30 29 25 37 54 5 19 21 44 52 42 57 40 39 25 35 33 59 17 39 57 31 60 36 26 30 23 32 13 58 22 43 22 45 0 39 40 60 40 57 26 27 23 11 25 58 63 21 4 52 48 51 25 31 56 40 46 38 23 52 43 29 27 24 54 60 33 32 27 22 32 21 41 22 18 39 39 25 51 5 2 56 22 49 31 32 29 36 54 43 61 44 28 29 23 23 48 65 22 20 44 2 22 39 15 43 40 64 39 35 31 8 34 20 12 49 29 63 15 25 57 33 40 42 34 51 37 39 38 32 44 13 39 52 32 23 42 24 25 40 12 41 29 41 56 51 41 38 47 25 45 62 49 8 41 38 28 50 26 15 27 25 29 37 33 17 34 19 22 26 57 67 59 3 14 48 55 32 33 33 7 26 39 42 47 20 50 22 11 28 64 12 53 48 18 53 10 51 12 33 22 28 10 23 18 30 37
55 61 82 5 67 25 8 48 15 48 48 12 23 63 43 19 35 50 40 45 66 58 46 52 12 32 38 51 32 73 45 11 8 42 42 36 42 41 32 43 62 57 57 73 47 52 38 61 31 54 25 60 50 51 19 39 67 52 30 62 66 56 48 56 62 35 65 12 28 41 14 56 4 42 56 16 52 55 26 47 54 58 31 63 53 57 59 63 66 50 52 32 56 53 56 48 54 49 52 77 71 41 32 50 72 59 22 35 59 77 14 51 39 5 75 8 12 66 55 40 31 33 29 13 64 48 15 56 15 47 59 55 50 65 63 31 60 67 52 5 50 18 55 25 51 60 44 43 49 41 68 40 52 14 21 20 54 45 61 32 3 42 59 27 5 41 53 53 34 42 35 30 53 50 20 30 10 55 65 61 34 32 50 52 54 66 15 57 36 39 56 32 30 44 60 41 40 51 19 59 26 12 16 46 70 3 62 56 35 13 13 30 55 25 36 25 32 38 61 74 59 13 31 50 52 31 40 66 35 38 37 46 68 30 24 62 61 33 68 7 32 49 30 32 45 76 46 42 33 69 53 23 58 13 61 52 34 22 6 40 29 64 49 37 44 23 52 43 53 60 68 43 45 10 15 57 51 40 44 47 23 44 50 36 69 54 16 24 5 9 73 44 37 68 18 78 63 39 55 19 8 34 57 56 52 18 54 39 0 46 53 48 58 50 34 25 47 41 59 58 59 39 71 46 40 43 12 61 64 69 60 29 63 15 44 26 45 70 60 6 43 51 57 60 55 59 60 29 34 9 59 57 36 38 41 55 27 36 9 11 45 46 61 56 68 20 34 51 57 28 56 22 55 50 39 60 13 47 67 15 53 54 10 23 31 54 21 29 72 52 56 48 37 67 22 44 63 17 74 3 53 41 23 29 29 47 42 57 26 40 39 56 38 28 60 47 58 71 73 50 1 53 48 64 53 42 39 11 58 16 58 60 53 45 22 54 17 61 28 5 43 28 58 59 55 78 37 46 37 41 55 15 13 33 52 21 30 33 20 29 21 36 27 52 50 66 41 47 42 39 67 28 20 33 37 29 38 44 49 49
36 51 37 50 22 26 39 9 36 43 13 38 36 25 10 28 18 27 11 9 22 24 36 9 43 27 13 18 21 28 32 40 40 12 5 21 29 24 20 18 35 27 13 27 29 28 20 20 20 28 22 16 12 37 32 11 27 10 19 17 20 19 14 11 24 29 20 34 39 38 33 47 45 6 14 36 23 22 22 32 28 39 17 18 33 14 44 21 21 26 44 28 20 11 22 10 45 4 13 32 30 22 37 36 27 48 25 33 29 32 33 5 34 49 30 41 35 21 25 16 18 22 18 34 19 35 32 10 32 14 19 31 13 32 30 22 22 26 45 42 15 28 32 22 26 44 5 34 13 14 24 15 31 35 31 28 19 37 35 24 48 35 30 25 47 13 35 17 29 5 14 24 23 13 27 22 37 16 20 38 13 39 25 43 10 21 40 25 28 10 27 16 39 17 38 37 11 6 31 13 22 36 31 15 30 44 26 26 15 35 35 22 14 24 32 27 27 8 32 29 41 39 25 33 24 31 18 23 26 30 27 14 29 17 30 18 16 31 25 39 24 6 28 25 12 30 12 31 23 24 8 24 23 34 17 15 13 30 41 16 18 19 25 17 13 40 16 31 26 15 30 22 19 43 32 32 10 25 41 25 28 8 14 15 24 10 33 25 47 38 28 26 10 23 28 34 28 14 22 32 40 28 19 35 7 36 9 40 46 0 22 3 18 20 15 25 36 16 19 24 44 37 28 11 21 17 35 18 26 29 22 21 18 36 12 22 19 25 21 45 8 22 38 29 36 17 48 26 15 39 36 13 35 38 27 33 31 11 39 38 4 20 18 23 28 27 14 27 37 30 28 28 37 6 38 46 36 30 28 35 28 12 37 23 39 16 32 33 31 19 25 33 16 22 25 3 22 29 32 43 10 5 23 24 32 1 20 23 24 10 16 30 10 35 20 13 16 25 31 5 45 9 20 21 26 16 32 38 19 32 13 37 44 15 27 22 31 30 28 46 23 23 34 18 32 33 37 31 19 26 20 32 33 38 23 28 21 23 41 30 30 29 20 29 44 21 15 28 21 30 22 38 26 20 13 35 17 25 15 8
15 73 47 58 25 29 47 30 48 65 10 50 52 43 16 38 20 8 31 15 34 45 58 28 56 23 19 5 39 37 54 52 46 15 23 41 17 14 38 40 57 49 30 35 13 50 41 14 24 49 35 32 11 59 46 18 44 14 25 24 32 40 9 27 43 22 23 42 56 59 42 69 54 20 14 50 3 3 28 54 7 61 34 21 55 16 66 37 24 7 65 24 6 15 44 13 66 25 11 40 46 13 55 58 34 70 35 52 50 41 41 24 54 57 38 52 46 33 47 37 35 21 28 41 23 57 40 23 43 36 11 53 35 52 51 23 41 42 67 49 37 38 54 36 7 66 27 55 10 36 38 37 53 40 34 34 5 58 56 43 56 56 51 27 57 34 57 7 48 22 32 42 1 34 39 39 46 35 30 59 31 57 46 64 18 34 53 4 48 19 5 24 58 39 59 58 17 21 45 24 29 48 43 37 46 53 46 47 21 47 46 24 33 29 52 43 45 25 54 39 63 52 43 15 46 49 14 37 20 20 19 36 46 33 46 33 21 50 41 47 22 18 47 22 34 38 12 52 42 34 23 33 6 41 19 8 30 45 50 14 30 26 47 17 12 56 37 53 48 30 48 44 9 54 43 54 30 15 62 47 43 17 9 20 31 28 38 39 56 47 35 47 21 29 39 44 48 35 43 46 50 48 8 57 24 50 24 60 53 22 0 23 12 42 33 40 57 37 12 5 66 57 41 12 14 38 45 18 44 45 41 38 27 39 34 36 41 36 10 55 30 44 60 50 58 35 70 44 23 45 58 19 55 58 16 55 28 29 48 49 26 8 35 3 45 40 32 49 59 28 6 43 58 20 58 68 41 52 45 39 8 32 44 35 57 37 47 50 47 41 4 55 36 25 35 20 39 38 46 51 29 22 33 25 50 23 12 44 39 19 37 52 20 52 38 35 34 34 45 24 53 18 42 37 5 12 52 43 38 44 21 59 66 37 41 44 37 50 45 55 45 40 56 14 11 43 57 53 17 15 41 41 42 56 45 33 24 21 56 27 45 49 34 9 66 31 14 50 12 51 34 55 36 38 32 54 37 46 37 29
37 51 35 52 21 28 41 8 38 44 14 40 37 23 12 30 20 28 12 10 19 23 36 6 45 29 15 19 22 26 32 42 42 14 7 22 31 26 21 18 34 26 11 25 30 27 21 19 22 27 24 14 13 37 33 13 25 10 22 15 18 18 15 9 22 31 18 37 40 39 35 47 47 8 13 38 24 22 25 32 29 39 19 17 33 14 44 19 19 27 43 30 20 10 21 10 44 3 13 30 28 24 37 35 25 48 27 34 27 30 35 3 34 50 27 43 37 19 24 17 19 24 20 37 17 35 34 9 34 13 19 30 12 31 29 25 20 24 45 44 14 30 32 24 27 43 5 34 13 15 22 16 30 37 34 30 20 37 34 26 50 35 29 27 49 14 35 18 30 7 15 25 24 11 29 23 39 14 17 37 15 39 24 43 9 19 42 26 29 12 27 18 41 17 37 38 14 4 33 11 24 38 33 15 28 46 24 24 17 37 37 24 12 26 33 29 28 10 31 27 40 41 26 35 23 32 20 21 28 32 28 14 26 19 32 16 15 32 23 42 26 5 30 27 12 28 13 31 24 22 5 26 24 37 16 16 15 32 43 18 20 17 24 20 15 41 14 32 25 13 28 22 21 44 34 31 8 27 41 25 29 10 15 17 22 8 35 26 49 40 26 26 13 21 30 32 27 15 21 34 42 29 19 34 5 37 7 40 48 3 23 0 18 20 16 26 36 16 19 25 43 37 26 13 23 17 37 16 24 27 20 23 15 38 12 23 19 23 21 47 9 21 37 28 35 15 48 27 17 42 35 12 36 39 29 32 33 13 40 40 4 21 16 23 26 29 16 26 37 32 29 30 36 5 38 45 38 30 25 37 29 11 39 25 40 15 33 34 29 18 26 33 16 20 27 6 20 32 29 45 7 8 25 26 33 2 22 22 25 12 17 30 12 36 17 13 14 23 28 3 47 8 20 19 27 18 32 40 17 34 11 36 44 14 29 21 33 28 29 48 23 25 33 17 33 31 38 31 22 28 19 34 35 39 22 30 23 25 42 32 32 30 22 31 44 19 17 27 23 30 20 39 28 21 14 37 18 25 15 6
26 67 36 63 14 34 52 24 51 61 11 52 53 34 16 41 24 19 28 14 23 37 53 20 58 31 21 9 38 26 49 54 51 17 21 38 27 23 37 35 49 42 21 24 23 44 38 3 28 43 36 23 9 54 47 19 34 9 29 13 21 32 10 18 34 30 12 47 56 56 45 64 58 19 5 51 14 9 32 49 18 55 34 9 49 5 60 28 13 18 60 32 6 8 36 11 61 19 7 29 36 21 54 52 23 65 38 50 42 30 45 17 51 61 27 55 49 22 40 34 34 28 30 46 11 52 44 14 46 30 2 46 28 44 42 29 33 32 62 54 30 41 48 37 18 59 22 51 9 32 28 33 47 45 40 39 8 54 49 42 61 52 44 33 61 31 51 6 46 19 31 41 13 27 41 39 50 27 19 52 29 56 40 60 10 24 56 12 46 20 15 26 57 34 52 55 19 14 46 14 33 50 45 32 36 57 37 39 24 50 49 29 25 34 50 44 44 24 46 27 56 54 42 26 39 48 20 27 28 29 28 30 36 33 47 23 10 48 30 51 29 13 46 29 29 27 13 48 40 23 15 36 8 46 9 8 30 46 54 19 31 15 41 22 15 57 30 49 41 20 38 39 16 57 45 47 23 24 58 42 44 16 9 23 20 20 43 40 60 51 24 43 22 18 42 33 40 31 36 47 54 45 4 51 16 51 15 57 58 18 12 18 0 36 32 41 53 33 1 10 60 54 30 13 22 34 48 6 35 35 32 38 16 45 29 37 36 25 4 59 25 37 54 42 52 25 64 43 25 51 51 9 52 56 26 49 36 27 52 52 21 16 25 10 35 42 30 42 53 35 16 44 52 13 55 62 47 47 35 45 18 24 49 37 56 30 48 50 36 34 13 50 33 14 37 18 30 42 36 56 21 20 36 30 49 18 20 37 40 19 33 45 21 52 29 30 25 22 35 17 58 11 36 27 15 18 49 49 30 46 11 52 61 31 42 37 42 42 45 59 40 40 49 2 22 32 55 48 23 25 34 45 46 55 39 38 29 27 57 34 46 47 35 21 61 20 18 44 20 47 23 55 39 37 30 53 34 42 31 22
55 32 37 52 34 39 43 13 36 27 33 39 31 15 29 33 34 46 15 28 25 9 20 16 43 42 30 38 18 32 15 40 46 31 21 14 48 43 19 7 16 9 18 33 48 8 12 37 34 8 27 18 32 19 31 28 20 29 33 28 26 8 34 19 13 45 33 40 31 24 37 29 48 24 32 36 43 42 35 15 48 20 21 32 14 31 25 18 33 45 25 43 40 29 7 29 26 18 32 35 23 41 27 17 33 29 31 22 10 34 39 20 20 51 33 43 38 26 6 11 20 38 29 42 32 18 38 23 36 7 37 11 9 16 14 37 12 20 27 46 6 34 13 26 46 24 16 19 32 10 24 11 11 42 43 37 39 20 15 19 51 20 12 39 49 12 16 37 19 22 17 20 43 9 31 20 41 11 27 18 20 29 5 25 27 24 39 45 17 27 46 30 31 7 18 23 30 23 31 25 34 38 34 6 23 47 13 8 31 38 37 36 13 36 21 25 20 22 14 32 21 39 20 53 4 23 36 22 42 47 44 7 20 23 27 21 30 21 22 45 40 25 22 41 9 34 32 16 17 29 21 33 43 41 32 35 21 29 44 34 26 29 6 35 33 35 8 16 6 21 19 8 39 43 35 12 14 43 26 7 27 27 34 31 31 17 41 27 49 41 34 10 26 32 34 34 14 12 5 32 43 18 38 15 20 34 22 26 50 20 42 20 36 0 19 26 19 10 37 44 24 23 26 31 39 8 39 33 15 21 13 22 27 45 10 25 5 28 40 47 14 2 18 12 16 16 29 21 29 46 16 28 23 25 45 13 45 20 42 39 17 39 18 42 20 31 19 7 17 44 48 28 17 23 24 26 44 13 19 43 48 14 42 30 29 8 30 25 25 4 45 15 14 33 32 23 17 36 26 47 16 22 31 38 25 20 39 8 24 27 12 11 26 28 15 8 15 31 26 19 49 26 2 19 46 35 19 46 12 35 26 17 26 7 29 5 39 13 23 48 9 22 14 35 52 34 25 14 37 44 6 37 38 27 4 38 35 39 37 45 30 18 25 49 27 27 34 10 40 17 26 30 33 18 17 27 13 9 5 14
43 43 49 37 37 21 27 15 22 33 24 25 22 30 18 16 18 34 6 19 33 26 27 19 30 26 15 29 7 40 23 26 29 18 11 9 33 28 6 13 34 26 24 40 34 24 10 34 17 25 9 27 24 29 17 15 34 23 16 31 33 23 25 23 29 29 34 23 25 27 21 39 32 14 28 22 33 33 17 24 37 34 3 33 27 29 38 30 35 34 34 26 32 25 24 22 36 16 26 44 38 27 23 28 40 40 13 20 29 44 22 19 22 36 42 28 22 33 25 9 4 21 11 24 33 27 21 24 20 14 33 27 17 34 32 20 27 34 36 30 17 17 28 9 35 38 12 24 24 9 34 8 26 25 25 19 31 27 33 11 36 24 29 21 34 8 29 29 16 13 2 10 33 17 14 7 25 22 32 34 3 25 21 34 24 32 26 37 16 14 37 14 26 12 34 26 17 20 17 27 16 23 18 14 37 32 30 26 15 22 22 19 21 18 20 13 13 9 32 41 35 25 11 39 22 17 23 33 26 32 28 13 35 5 16 29 31 18 35 28 23 20 15 24 12 43 22 21 9 36 21 15 35 24 31 27 3 16 29 20 9 32 20 20 22 26 19 22 24 27 35 14 27 29 19 29 18 28 30 19 13 17 25 16 37 20 23 11 34 25 41 17 12 36 17 45 31 7 23 18 27 15 32 30 20 22 22 27 34 15 33 16 32 19 0 11 27 9 33 36 37 25 38 21 25 11 23 32 31 36 27 7 31 27 10 8 15 37 35 32 10 21 33 30 31 25 41 12 13 29 33 27 22 26 30 29 27 5 26 25 13 27 27 34 34 15 2 23 32 26 38 14 31 20 26 39 26 22 34 25 37 21 25 12 25 21 18 19 39 20 36 25 6 36 14 14 29 19 40 31 20 12 13 21 18 15 25 25 9 15 8 28 13 21 27 13 25 38 39 18 33 23 17 30 35 22 20 28 25 19 27 33 35 13 13 23 21 31 13 33 16 9 31 32 40 44 25 23 22 30 22 20 22 24 21 20 18 22 26 28 16 17 7 37 34 34 21 21 27 19 34 24 15 6 3 22 7 17 16 16
48 43 59 28 47 20 18 25 12 31 32 15 13 39 26 10 22 40 16 28 43 34 26 29 19 27 22 37 8 51 24 16 21 26 21 12 36 32 8 19 39 33 34 50 39 29 14 43 19 30 6 37 33 30 7 23 43 33 18 41 43 32 33 33 37 30 44 16 17 24 13 38 23 23 37 12 40 41 17 26 44 37 8 43 31 38 39 39 45 40 34 27 41 34 32 31 35 26 35 54 47 31 17 29 50 40 9 16 35 54 15 29 20 26 52 18 13 44 31 16 8 24 13 17 43 27 13 35 11 23 42 32 26 41 39 22 36 43 34 21 25 11 33 5 41 39 22 23 32 17 44 16 30 19 21 15 39 26 38 9 26 22 36 21 25 17 32 38 13 22 12 6 40 27 7 6 16 32 43 39 12 19 26 33 34 43 16 44 15 22 44 18 18 20 37 24 24 30 7 37 15 13 9 22 46 22 38 32 20 13 12 20 31 17 17 4 10 18 37 51 38 15 8 44 28 12 28 43 28 34 30 22 44 9 7 39 41 14 44 19 25 29 10 25 21 53 30 21 10 47 31 12 44 17 41 36 12 6 19 26 11 43 25 25 29 17 28 22 29 37 44 19 33 19 10 34 28 32 27 24 3 26 34 21 48 31 18 3 24 16 51 21 20 47 10 55 39 15 30 8 18 13 40 34 30 11 33 23 25 25 40 26 41 26 11 0 27 17 42 44 39 22 48 30 29 19 13 42 40 45 36 5 41 22 20 5 21 47 44 22 20 27 36 36 34 35 41 7 18 21 37 37 18 22 34 33 26 14 17 15 23 34 37 42 44 6 11 28 36 25 45 4 34 30 22 40 19 25 43 20 43 31 17 8 18 30 8 12 48 28 43 27 13 46 10 24 39 13 50 22 30 21 10 22 11 25 31 33 2 23 15 33 21 13 37 23 34 48 49 28 24 33 24 40 42 28 19 22 34 9 37 38 35 21 4 30 16 37 7 23 20 4 36 41 46 54 20 25 26 33 31 13 14 18 28 16 20 25 17 28 6 15 7 43 33 44 27 25 32 18 44 16 10 9 14 15 14 21 25 26
69 17 53 47 52 45 42 29 33 9 48 36 24 31 43 36 45 60 27 43 43 23 2 34 36 51 42 53 22 50 4 36 46 44 35 18 59 54 23 18 19 19 36 51 61 13 17 54 43 15 31 37 47 5 29 41 36 45 42 46 44 26 49 37 29 55 51 41 21 8 38 13 44 38 48 32 58 57 42 4 63 12 27 50 9 49 13 36 51 59 8 52 56 46 23 45 10 34 48 52 38 53 16 4 51 14 35 13 20 51 40 37 9 46 51 39 37 43 19 20 26 47 37 43 50 2 39 41 36 24 54 13 26 25 24 46 29 36 10 44 24 37 13 30 60 13 31 4 48 22 41 21 10 44 47 41 54 3 18 19 47 6 20 46 44 24 8 52 14 36 27 21 58 27 33 23 40 30 45 16 29 17 14 8 44 42 33 61 12 39 62 40 19 19 15 7 42 39 30 42 40 35 34 22 37 44 28 20 42 36 36 45 31 42 11 24 17 34 20 49 13 34 20 66 17 17 49 40 52 58 54 23 34 29 24 39 48 15 39 44 49 41 18 50 25 52 46 6 19 47 38 38 59 42 49 51 30 27 42 46 34 47 14 47 47 26 26 5 16 39 33 14 52 38 35 15 32 54 8 12 26 41 49 42 50 34 44 29 44 40 52 11 38 50 36 51 26 23 22 30 40 14 55 11 37 30 39 11 47 36 57 36 53 19 27 27 0 21 54 60 13 9 43 46 51 20 38 51 31 36 30 25 45 48 24 29 18 46 56 42 28 18 12 22 10 34 15 20 40 46 15 46 12 11 57 12 52 30 39 37 32 53 35 58 35 33 28 14 12 51 63 27 10 40 10 14 45 7 34 46 62 32 42 34 18 27 27 19 40 22 60 5 22 51 36 37 34 39 42 45 33 35 35 46 18 35 51 23 26 40 21 15 39 20 33 24 34 49 41 36 46 43 18 37 60 48 9 47 30 34 44 15 9 22 29 21 42 23 21 43 13 24 15 52 66 51 12 6 48 56 24 38 39 16 18 42 44 49 29 53 28 12 30 63 9 46 47 10 53 9 44 20 37 22 27 18 21 12 23 31
49 37 43 44 35 30 34 11 28 28 28 31 25 23 22 25 26 40 7 23 28 17 21 16 35 34 22 33 10 36 17 32 37 24 15 7 40 35 10 4 25 17 19 36 41 15 6 34 25 16 18 22 27 22 23 21 27 25 24 29 28 15 29 20 21 37 33 32 26 23 29 33 39 18 29 28 38 37 26 18 42 26 12 32 19 29 30 23 34 39 29 35 35 26 15 25 30 15 28 39 30 34 23 21 36 34 22 19 20 39 30 18 19 43 37 35 30 29 16 2 11 29 20 33 32 20 29 22 27 7 34 19 10 25 23 29 19 27 30 38 9 25 20 17 40 30 11 19 27 2 29 1 17 33 34 28 34 22 24 12 43 19 20 30 41 3 21 32 15 16 9 13 38 11 22 12 32 15 29 26 11 25 12 28 24 27 32 40 13 20 41 22 26 3 25 22 23 20 23 25 25 30 26 5 30 39 22 17 23 29 29 27 15 27 17 17 13 14 23 36 27 31 13 46 13 17 29 27 34 39 36 5 27 14 20 24 30 17 28 36 31 21 16 32 6 38 26 16 10 32 20 24 39 32 31 31 12 21 36 27 18 30 11 27 27 29 12 16 15 23 27 7 32 35 26 20 14 35 26 11 19 21 29 23 34 17 32 18 40 33 37 10 19 33 25 39 23 4 14 24 34 14 35 22 19 27 20 25 41 16 37 16 33 10 9 17 21 0 34 39 30 22 32 25 32 2 30 32 23 28 20 13 28 36 4 16 6 32 37 39 8 12 25 21 22 19 34 14 21 37 24 27 20 24 38 20 36 11 33 31 12 33 22 38 27 22 11 14 24 35 43 20 23 20 23 32 35 15 26 34 42 16 33 21 25 13 22 20 32 11 40 18 5 34 23 17 22 27 33 39 16 15 22 29 19 15 32 16 16 20 3 19 19 22 20 6 19 34 32 17 40 23 8 24 40 28 17 37 17 26 26 25 29 5 20 14 30 22 16 40 8 14 22 33 46 39 23 16 29 37 14 28 30 24 12 29 26 31 30 36 22 14 16 43 29 30 27 13 33 15 29 25 24 9 8 22 4 10 8 13
26 68 36 64 14 35 52 25 52 62 12 53 54 34 17 42 25 19 29 15 24 38 54 21 59 32 22 10 39 25 50 55 52 18 22 39 27 24 38 36 50 42 22 24 24 45 39 3 29 44 37 24 10 55 48 20 34 10 30 13 21 33 11 19 35 31 11 48 57 57 46 65 59 20 6 52 14 10 33 50 17 56 35 10 50 6 61 28 13 18 61 32 7 9 37 12 62 20 8 29 36 22 55 53 23 65 39 51 43 30 46 17 52 62 27 56 50 22 40 35 35 28 31 47 12 53 45 15 47 31 1 47 29 45 43 30 33 33 63 55 31 42 49 38 18 60 23 52 10 33 28 34 48 46 41 39 8 55 49 43 62 53 44 34 62 32 52 7 47 20 32 42 13 28 42 40 51 28 19 53 30 57 41 60 11 24 57 12 47 21 15 27 58 35 53 56 20 15 47 15 34 51 46 33 36 58 38 40 25 50 50 30 26 34 51 45 45 25 46 28 57 55 43 26 40 49 20 27 29 30 28 31 37 34 48 23 10 49 31 52 30 14 47 30 30 27 14 49 41 23 16 37 8 47 9 8 31 47 55 20 32 15 42 23 16 58 30 50 42 21 39 40 17 58 46 48 24 25 59 43 45 17 10 24 19 21 44 41 61 52 24 44 23 17 43 32 40 32 37 48 55 46 5 52 17 52 16 58 59 19 12 19 1 37 33 42 54 34 0 10 60 55 30 13 22 35 49 7 36 36 33 39 16 46 30 38 37 25 3 60 26 38 54 43 52 26 65 44 26 51 52 10 53 57 26 49 37 28 53 53 22 16 26 9 35 43 31 43 54 36 16 45 53 14 56 63 48 48 36 46 19 25 50 38 57 30 49 51 37 35 13 51 34 14 38 19 30 43 36 56 22 21 37 31 50 19 20 37 41 20 34 46 22 53 29 30 25 23 35 18 59 12 37 28 16 18 50 49 30 47 12 52 62 32 43 38 43 43 46 60 41 41 50 3 22 31 56 49 24 25 35 45 47 56 39 39 30 28 58 35 47 48 36 21 62 20 19 45 20 48 23 56 40 38 31 54 35 43 32 23
16 75 44 63 22 33 52 32 53 67 13 54 56 43 19 42 24 11 34 18 33 46 60 29 60 28 23 8 42 35 56 56 51 19 26 44 21 19 41 42 58 50 30 33 16 52 43 12 28 51 39 32 13 61 50 22 43 15 29 22 31 41 12 27 43 26 21 47 60 61 46 71 58 23 14 54 7 3 32 56 9 63 37 19 57 15 68 37 22 10 67 28 5 15 44 15 68 27 12 37 45 17 58 60 32 72 40 56 51 39 45 25 57 61 36 56 50 32 48 40 39 26 31 45 21 59 44 23 47 38 9 54 36 53 51 28 42 42 69 53 38 42 56 40 10 67 29 58 13 38 37 39 55 44 38 38 6 60 57 46 61 58 52 31 61 37 59 8 51 24 35 45 5 35 43 43 50 36 28 61 34 60 48 67 18 33 58 2 51 23 6 28 61 41 61 61 21 22 49 24 33 52 47 39 45 57 46 48 25 51 50 28 34 33 55 47 49 28 54 37 64 56 46 17 47 52 18 37 25 24 24 38 46 36 50 32 19 53 40 51 26 20 50 27 36 35 15 55 45 32 24 37 2 46 18 9 33 49 55 19 34 24 48 21 16 60 38 55 49 30 47 46 13 58 47 55 31 20 64 49 47 19 11 24 29 29 42 43 60 51 32 49 25 27 43 42 49 37 44 50 54 50 6 59 25 54 24 63 58 24 5 25 10 44 36 44 60 39 10 0 67 60 40 15 19 40 49 16 44 45 41 41 25 44 36 40 43 34 7 60 32 45 61 51 59 35 72 47 26 50 59 18 58 61 20 56 33 32 52 53 28 12 34 2 44 44 35 50 61 32 6 47 60 21 61 70 46 54 45 44 10 33 49 39 60 38 51 54 46 42 4 57 39 23 39 23 39 42 45 55 30 25 38 29 53 25 17 45 43 22 39 54 24 56 38 37 34 32 44 25 58 19 44 37 7 17 55 47 39 48 21 60 68 39 45 45 42 51 49 60 47 43 57 12 13 41 60 55 21 20 42 45 46 60 47 38 28 25 60 31 49 52 38 12 68 29 18 52 16 53 33 59 40 41 35 57 40 49 39 30
78 9 53 59 56 57 54 36 44 14 56 48 36 32 51 48 55 69 36 51 45 25 13 40 48 62 51 61 33 51 15 48 58 53 44 29 69 64 34 27 15 19 40 52 70 16 28 60 54 17 43 40 55 9 41 50 36 53 52 51 46 29 57 43 30 65 55 53 32 19 50 8 56 47 55 44 66 65 53 13 71 6 38 55 11 55 1 38 56 68 9 63 63 53 25 53 8 41 56 53 37 63 28 10 53 6 46 24 20 52 52 44 20 58 52 51 49 46 21 30 37 58 47 55 54 12 51 47 48 30 61 14 32 23 23 57 31 37 10 57 30 49 13 42 69 2 39 17 56 31 42 30 13 56 59 53 62 15 14 31 59 17 19 57 56 33 9 60 26 45 37 33 66 33 45 34 52 34 48 11 39 28 20 9 50 44 45 69 24 49 70 50 30 27 9 18 52 46 42 47 52 48 46 29 36 56 28 22 52 48 48 56 35 53 24 36 29 43 18 50 4 46 32 75 21 29 58 41 63 68 65 30 34 40 36 42 53 27 40 56 60 48 30 60 32 53 55 18 30 49 45 49 66 54 55 59 40 39 54 56 45 51 20 57 56 37 31 17 19 43 31 24 61 50 47 14 37 65 17 19 38 50 57 52 52 40 56 41 56 52 53 20 48 53 48 51 26 33 25 42 52 26 62 9 44 42 45 21 59 44 66 43 60 24 37 39 13 30 60 67 0 20 44 54 61 28 50 56 31 36 32 37 49 60 32 41 25 47 63 54 37 23 7 21 9 37 6 32 50 58 11 52 24 22 67 12 63 40 52 48 40 62 38 66 35 44 39 18 8 62 71 39 8 47 21 3 57 15 34 58 71 37 54 46 29 31 39 30 39 26 69 13 32 55 48 46 35 51 41 57 39 44 47 57 31 43 61 25 38 50 31 15 48 32 35 31 37 51 40 43 58 49 24 39 69 57 21 59 32 46 50 10 8 29 41 24 54 22 33 55 22 36 13 58 75 51 23 15 58 66 27 50 51 27 22 54 55 59 40 64 40 24 41 72 12 49 56 17 63 21 46 32 48 33 37 30 31 21 29 38
68 22 59 40 56 41 35 32 26 9 48 29 16 37 42 31 42 59 27 43 47 29 7 37 29 48 40 53 19 55 9 28 39 43 35 17 56 52 20 21 27 25 40 55 59 19 17 56 40 22 28 41 48 13 22 40 42 46 39 50 48 31 49 41 35 51 54 35 13 2 32 17 37 38 50 25 57 57 38 11 62 20 25 53 17 51 20 41 55 58 13 49 56 47 28 45 15 36 49 57 45 51 9 12 55 20 30 6 27 57 34 39 4 39 56 31 30 48 25 21 23 44 34 37 53 10 34 44 30 26 56 20 30 33 31 43 34 42 13 38 28 32 20 26 59 21 33 5 48 23 46 22 18 39 43 36 55 6 26 15 40 4 27 43 37 24 16 53 10 36 26 17 58 31 28 20 33 34 49 24 27 9 20 13 45 46 26 61 9 39 61 37 11 22 23 2 41 41 24 46 37 29 28 24 44 36 34 26 40 29 29 42 35 38 6 19 13 33 27 54 21 26 16 64 22 11 47 45 49 55 51 26 41 27 18 43 51 9 45 37 46 42 13 47 27 57 46 8 16 51 41 34 59 36 52 51 28 21 35 45 31 50 19 45 46 18 30 8 22 43 39 16 51 31 29 22 35 52 5 16 21 41 49 40 54 38 39 24 37 33 56 14 37 54 30 56 33 24 27 23 33 10 56 19 40 23 42 4 39 37 57 37 54 23 25 22 9 22 55 60 20 0 49 46 49 22 31 53 37 43 35 22 49 42 26 25 21 51 58 35 29 24 20 29 19 38 21 16 38 39 23 48 5 3 54 20 48 29 33 30 33 52 40 58 41 27 27 20 20 47 63 22 18 41 2 21 39 12 40 40 62 36 35 30 10 31 20 12 46 26 60 12 22 55 32 38 39 34 48 38 37 35 31 43 12 37 50 29 22 39 21 23 38 13 38 27 38 53 48 38 38 44 22 42 60 47 6 41 34 28 47 24 14 25 24 26 37 30 16 36 16 20 23 54 65 56 4 11 46 54 29 32 33 8 23 38 41 46 21 49 22 9 27 62 11 50 45 15 51 8 48 13 32 20 26 10 21 15 27 34
55 52 11 75 19 53 64 24 59 51 36 62 56 13 36 53 45 48 32 33 7 21 44 20 66 54 40 38 41 9 41 63 66 38 32 39 54 49 41 31 30 26 15 10 51 31 37 29 47 29 47 12 33 42 54 37 9 29 47 18 10 19 36 18 15 55 20 60 56 50 58 51 70 33 28 59 43 39 50 39 47 39 41 21 36 26 45 9 19 47 49 55 36 28 21 32 49 24 31 10 8 47 53 41 11 50 50 48 24 8 59 23 46 73 9 66 60 9 25 33 41 49 44 61 19 42 58 20 57 25 31 32 23 22 22 50 15 7 51 67 24 54 33 47 47 43 28 44 34 32 4 33 34 61 59 54 37 46 30 44 73 45 26 52 72 32 38 35 45 32 37 44 42 22 52 43 62 17 12 34 38 55 30 48 25 8 63 41 43 37 44 43 56 30 35 48 38 24 54 18 49 61 56 27 9 69 16 24 42 60 59 49 17 51 47 49 45 35 27 7 40 62 44 55 27 48 43 5 52 55 52 27 11 42 51 10 21 47 5 65 51 27 47 52 27 10 36 42 41 9 21 50 38 61 22 35 38 52 66 41 44 16 31 44 38 60 21 41 28 13 13 34 43 66 56 30 20 50 51 33 50 34 35 42 13 19 59 49 71 63 11 36 38 14 54 8 19 33 22 55 65 44 34 35 22 58 20 52 71 28 41 26 30 26 38 48 43 32 30 40 44 49 0 35 46 31 60 24 13 9 14 44 15 63 29 46 30 6 33 70 29 26 38 24 36 13 49 45 42 66 34 23 49 51 52 34 58 36 64 62 27 43 11 39 10 52 38 30 37 57 45 51 37 25 50 46 63 38 11 62 48 18 63 49 55 19 54 51 8 23 42 39 35 18 51 31 10 56 6 69 19 33 49 51 50 27 45 21 46 37 34 30 37 53 12 26 14 10 5 23 71 25 28 8 45 41 45 65 15 56 20 34 49 28 51 23 58 23 48 71 35 45 32 28 51 8 51 39 46 51 21 58 59 53 26 55 48 50 62 57 53 44 45 50 51 11 40 35 46 43 8 56 52 40 35 53 35 35 24 23
25 61 43 51 23 23 39 19 39 53 3 41 42 34 4 29 13 16 19 3 28 35 46 18 46 20 9 8 28 33 42 42 39 5 11 29 19 15 26 28 46 38 22 31 18 39 29 15 16 38 25 25 4 47 36 8 36 7 17 19 26 30 4 19 34 21 20 35 45 47 33 58 46 9 10 40 13 12 20 43 17 50 23 18 44 13 55 30 22 15 54 21 12 9 33 4 55 15 6 36 39 13 44 46 30 59 26 41 39 37 33 14 43 49 34 43 37 27 36 26 24 16 18 34 20 45 32 16 34 25 13 42 24 43 41 17 32 35 55 42 26 29 43 26 15 54 15 44 4 24 32 25 42 33 28 26 10 46 45 32 49 44 41 21 49 23 46 8 37 10 21 30 13 23 29 28 38 26 25 49 19 46 35 53 11 28 44 16 37 8 16 14 46 27 48 47 7 12 35 18 21 39 33 26 39 45 36 36 12 38 37 18 24 22 40 33 34 13 43 34 51 42 32 22 35 38 9 31 18 21 18 25 38 22 36 26 17 38 34 39 18 9 36 19 22 35 1 40 30 29 15 24 15 34 17 6 19 34 42 8 20 22 35 10 4 46 26 41 37 23 39 32 9 45 33 43 20 16 50 36 33 5 4 11 27 19 31 29 48 39 32 35 10 26 30 39 39 23 33 36 42 36 12 46 15 40 15 48 46 11 12 13 13 31 21 30 46 25 13 15 54 46 35 0 12 27 36 16 35 38 32 27 22 33 22 25 29 31 15 47 18 33 49 40 47 26 59 32 13 39 47 14 43 47 18 44 25 17 40 40 15 9 27 13 37 30 20 37 48 24 18 32 47 11 46 56 35 40 37 33 18 22 37 25 46 27 36 39 39 30 15 43 24 23 25 9 31 30 40 43 19 11 24 19 38 12 11 34 29 7 25 41 9 41 29 24 25 30 39 14 46 11 31 30 15 7 41 37 29 34 15 48 54 25 31 33 30 40 34 47 33 29 45 14 21 38 45 41 12 17 31 32 34 45 34 26 17 16 46 24 35 38 23 19 54 26 6 38 11 39 28 44 27 27 20 42 26 35 26 18
20 67 54 44 34 15 34 28 36 57 12 37 41 45 12 25 7 12 25 14 39 44 51 29 43 10 10 13 30 44 47 39 33 10 19 33 9 4 29 35 55 47 33 43 10 46 34 25 11 46 23 36 15 53 34 11 46 19 12 31 38 40 12 30 44 9 31 29 45 50 28 63 40 16 21 37 13 16 15 48 16 57 25 29 50 23 61 41 33 12 58 10 18 20 42 15 60 25 17 48 50 3 45 52 42 64 23 44 48 48 28 24 46 43 45 39 33 39 45 31 26 8 16 27 31 51 27 27 30 33 22 49 33 52 50 10 42 46 60 35 34 25 51 25 13 61 24 48 14 30 43 31 49 26 20 21 15 51 54 34 42 48 50 13 43 29 52 16 40 17 25 32 14 33 26 30 33 36 36 56 22 47 43 58 22 39 41 18 40 13 17 12 47 34 56 50 10 23 33 29 16 35 30 34 50 39 46 45 10 34 33 10 34 15 43 33 36 18 52 46 58 39 34 15 43 40 3 42 7 9 7 32 49 23 35 37 28 41 45 33 8 20 37 9 30 46 11 45 33 40 26 20 20 28 28 15 22 33 37 6 19 33 42 5 9 44 36 46 45 34 50 38 6 40 30 51 30 5 54 42 32 14 14 9 39 30 24 27 42 34 43 41 14 37 26 51 49 29 42 33 37 39 19 53 26 37 27 51 40 21 14 23 22 39 25 29 51 32 22 19 61 49 46 12 0 33 31 27 46 48 42 28 33 25 30 25 36 42 23 42 26 41 56 49 53 37 65 34 12 32 55 25 46 49 7 51 15 21 35 36 23 7 38 17 48 27 23 45 55 14 18 32 54 22 49 63 27 46 48 25 15 33 31 22 47 36 35 40 51 39 17 49 29 34 22 18 42 24 51 37 30 18 21 11 39 22 3 43 29 12 30 49 13 42 40 32 36 41 50 25 39 22 39 41 15 6 44 29 39 31 27 56 59 33 29 42 24 50 35 42 39 30 53 23 17 50 48 47 4 6 40 27 29 47 42 20 11 7 44 13 33 41 23 14 58 37 6 44 3 43 40 44 23 30 25 43 30 40 35 28
51 35 42 46 35 32 36 11 30 27 29 33 26 21 24 26 28 42 9 24 27 15 20 15 37 36 24 34 11 35 16 34 39 25 16 8 42 37 12 2 23 15 19 35 43 13 6 35 27 14 20 21 28 21 25 23 25 26 26 28 28 13 30 20 19 39 33 33 26 23 31 31 41 19 29 30 39 38 28 16 44 24 14 32 18 30 29 22 33 41 27 37 36 26 13 26 29 15 29 38 29 35 23 20 35 32 24 19 18 38 32 18 19 44 36 36 31 28 14 4 13 31 22 35 32 19 31 23 29 6 35 17 9 23 21 31 18 25 29 39 8 27 18 19 42 28 12 18 29 4 27 3 16 35 36 30 35 21 22 13 45 19 18 32 43 5 20 33 15 17 11 14 39 10 24 14 34 14 28 24 13 25 10 27 25 26 33 42 14 21 43 24 27 1 23 22 24 20 25 24 27 32 27 4 28 40 20 15 25 31 31 29 14 29 18 19 14 16 21 35 26 32 14 48 11 18 31 26 36 41 38 5 25 16 21 23 30 17 27 38 33 22 17 34 6 37 27 15 11 31 20 26 39 34 31 32 14 23 38 29 20 30 9 29 28 30 10 15 13 22 25 6 34 37 28 18 14 37 25 10 20 22 30 25 33 17 34 20 42 34 36 9 20 33 27 38 21 6 12 25 36 14 35 20 19 28 21 25 43 17 38 17 34 8 11 19 20 2 35 40 28 22 31 27 33 0 32 32 21 27 18 15 28 38 5 18 4 31 37 40 9 10 23 19 21 18 32 15 23 39 22 27 21 23 39 18 38 13 35 33 13 34 21 39 25 24 13 12 22 37 44 21 21 21 23 30 37 14 25 36 44 15 35 23 25 12 24 21 30 9 41 17 7 34 25 18 21 29 32 40 16 17 24 31 20 16 34 14 17 22 5 17 21 23 19 6 18 33 31 17 42 24 6 23 42 30 17 39 16 28 26 23 28 4 22 12 32 20 18 41 7 16 20 33 47 38 23 15 31 39 12 30 32 24 10 31 28 32 31 38 23 15 18 44 28 29 28 12 35 15 28 26 26 11 10 23 6 9 7 13
49 53 71 15 57 18 5 37 7 40 38 6 16 52 32 8 26 43 28 35 55 47 37 41 12 25 28 42 21 62 35 8 8 32 31 25 35 34 21 32 51 46 46 62 40 41 27 51 22 43 14 49 40 42 10 29 56 41 21 51 54 44 39 44 50 29 54 5 21 33 3 48 10 31 45 8 44 46 18 38 47 49 20 52 43 47 50 52 55 43 43 25 47 43 45 38 45 37 42 66 60 34 24 41 61 51 11 26 48 66 5 40 30 14 64 8 2 55 44 29 20 25 19 8 53 39 6 45 3 36 49 44 39 54 52 23 49 56 44 8 38 8 45 14 44 51 33 34 39 30 56 29 42 9 15 12 44 36 51 21 14 33 49 20 13 29 44 44 24 31 24 19 45 39 9 19 3 44 54 51 23 25 39 43 43 54 11 49 27 29 48 22 23 33 50 33 30 40 8 48 17 4 5 35 59 10 51 45 25 3 3 21 43 16 27 15 22 27 50 63 49 9 20 44 41 22 32 55 28 33 30 35 57 19 15 51 50 24 57 7 25 39 20 25 34 64 36 32 22 58 42 13 49 6 51 42 22 11 7 31 18 53 38 29 34 18 41 33 42 49 56 32 37 9 4 46 40 33 36 36 13 33 40 26 58 42 10 12 12 3 62 33 27 57 7 67 52 28 43 9 6 25 47 46 41 10 43 31 12 35 45 37 48 39 23 13 38 30 49 49 50 31 60 36 31 32 0 51 52 58 49 17 52 13 32 15 34 58 50 11 32 40 48 49 46 47 51 19 24 9 49 47 27 30 34 45 22 25 4 5 34 38 49 47 56 8 22 41 48 22 49 12 46 40 31 51 9 37 56 10 46 43 5 12 24 42 12 20 61 41 48 39 26 56 11 33 51 7 62 9 42 30 13 22 20 35 34 46 15 30 28 46 28 19 49 35 47 59 61 39 11 42 37 52 46 33 30 10 47 5 47 50 44 34 10 43 9 50 18 12 33 17 48 49 48 66 29 37 29 34 43 4 4 25 41 13 22 26 15 24 10 26 16 45 42 55 32 37 34 29 56 21 10 22 25 22 26 33 38 38
32 64 30 65 8 38 54 22 52 59 15 54 53 29 19 43 28 25 28 16 18 33 51 18 60 35 24 15 38 20 47 56 55 20 21 38 32 28 37 33 45 38 17 18 29 41 37 5 32 39 38 18 13 51 48 22 28 10 32 7 15 29 15 14 29 35 6 49 56 54 48 61 60 20 6 53 20 15 35 47 24 52 34 3 46 4 57 23 7 24 58 36 12 9 32 13 59 18 10 23 30 26 53 50 17 62 40 50 38 24 48 15 50 64 21 57 51 16 36 33 35 32 32 49 5 50 47 10 48 28 8 43 25 39 38 33 28 27 60 57 27 43 44 38 24 56 21 50 13 31 22 32 44 49 44 42 14 52 45 42 64 51 40 37 63 30 48 12 46 20 31 41 19 24 43 39 52 24 13 49 30 55 38 57 9 18 57 18 45 22 21 29 57 32 49 53 22 12 48 10 36 52 47 30 30 60 32 36 27 52 51 33 22 37 49 44 44 25 42 21 53 56 42 32 36 48 24 22 33 35 33 28 31 34 47 18 4 48 25 54 33 13 46 34 27 21 17 47 40 17 13 39 14 49 3 13 30 47 57 23 33 9 38 26 19 57 26 47 38 15 33 37 22 59 48 43 20 30 57 40 45 18 14 26 14 17 46 41 62 53 18 41 24 12 44 27 35 31 32 49 56 45 10 48 14 52 12 56 61 18 18 16 6 33 32 42 51 32 7 16 56 53 24 16 27 32 51 0 30 30 27 38 10 49 28 38 34 19 9 61 25 34 50 38 48 21 61 43 28 54 47 6 52 55 31 45 40 28 54 54 20 21 20 16 30 44 31 39 49 40 22 45 49 13 54 59 50 45 30 48 24 20 52 39 56 26 49 50 31 31 19 47 32 8 40 18 25 44 30 58 18 21 39 34 49 18 25 33 41 22 33 42 23 52 24 27 20 16 29 16 61 10 34 22 21 22 48 52 25 48 7 48 58 29 44 33 45 38 45 62 39 40 45 4 28 26 54 46 28 30 30 47 48 55 35 41 32 32 58 39 47 46 36 27 59 14 22 42 25 46 17 55 41 37 30 53 34 40 28 20
59 39 23 67 28 49 57 19 50 38 37 54 46 2 35 47 43 50 26 33 15 8 32 18 57 52 37 40 32 21 28 55 60 37 29 29 54 49 32 21 17 13 15 22 53 18 27 35 44 16 40 13 34 29 45 36 6 31 43 24 17 9 37 18 3 54 27 54 45 37 51 38 62 31 31 50 46 43 45 27 51 26 34 28 23 30 32 8 28 49 36 53 40 30 9 33 36 22 34 23 9 47 42 28 23 37 44 37 11 21 52 22 34 65 22 57 52 17 12 24 33 47 40 55 27 29 51 22 50 17 37 19 15 10 9 47 5 6 38 60 15 48 20 39 50 30 24 32 35 23 12 24 21 55 54 49 40 33 17 34 65 33 13 49 64 24 25 38 34 29 30 35 45 15 44 34 55 10 19 21 31 43 17 35 27 14 54 46 32 34 48 40 45 20 22 36 37 25 46 21 45 52 48 18 8 61 3 11 40 52 51 46 13 47 35 40 34 31 14 20 27 53 35 57 15 37 43 11 51 55 52 18 5 35 42 13 27 36 10 58 49 27 37 50 20 23 36 30 32 19 22 45 43 54 28 37 32 43 58 41 38 23 19 43 38 49 12 29 15 15 5 23 44 58 49 17 17 50 38 21 41 33 37 40 23 17 54 41 63 55 23 24 35 24 47 21 6 25 10 46 57 33 39 22 21 49 21 40 64 26 44 24 35 15 31 40 31 23 36 44 31 37 13 35 46 21 52 30 0 6 4 35 21 57 21 39 20 17 39 61 23 14 25 11 23 10 36 36 39 59 21 27 38 39 52 21 55 31 56 54 24 44 10 43 5 45 32 18 24 54 50 42 24 25 38 33 57 25 4 56 51 14 56 43 44 11 45 40 10 13 47 26 27 27 45 29 6 49 12 61 17 30 43 48 39 25 45 9 38 35 25 17 35 42 7 18 11 21 11 22 63 26 17 9 48 41 33 59 7 49 24 21 36 19 43 11 52 10 38 62 23 37 19 34 55 21 39 26 45 51 10 51 52 42 14 50 45 48 51 55 44 33 38 53 38 19 40 22 46 31 16 45 46 32 28 42 27 24 15 18
60 44 18 72 26 53 62 23 56 44 39 59 51 6 38 51 46 52 30 36 13 14 37 21 63 55 41 42 38 17 34 60 65 40 32 34 57 52 38 27 22 18 17 19 55 24 32 34 48 22 45 14 36 34 51 39 2 32 47 23 15 14 39 20 8 57 26 59 51 43 56 43 67 34 32 56 47 44 50 32 52 30 39 27 28 31 37 9 26 51 41 56 41 31 15 35 41 25 35 18 3 50 47 33 19 42 49 42 17 17 57 24 40 70 18 63 57 15 18 30 38 50 44 60 26 35 56 23 55 22 37 24 20 14 13 50 10 4 43 65 20 52 25 44 51 35 27 38 37 29 9 29 26 60 58 53 41 39 22 39 71 39 18 53 69 29 30 39 40 33 34 40 46 19 49 40 60 14 18 26 36 49 23 40 28 13 59 47 38 38 49 44 51 26 27 42 40 27 51 22 49 58 53 23 2 67 9 17 43 57 57 50 16 51 41 45 40 35 18 15 32 59 40 59 21 43 45 9 54 57 55 24 2 40 47 13 26 42 6 63 52 30 42 53 25 19 39 35 37 16 24 49 43 59 28 39 37 49 64 44 43 22 25 46 41 55 17 35 21 16 5 29 46 63 54 23 20 53 44 27 47 36 38 43 20 20 58 46 68 60 20 30 38 22 52 15 11 30 16 52 62 39 39 28 24 54 23 46 69 29 45 27 35 21 36 45 36 28 36 45 36 43 9 38 48 27 58 30 6 0 9 41 20 62 26 44 25 14 39 67 27 20 30 16 29 13 41 42 42 64 25 27 44 45 55 26 59 35 61 59 27 46 12 44 2 50 36 23 29 58 50 48 30 28 44 38 61 31 3 61 52 17 61 47 50 16 50 46 4 18 47 32 32 25 49 32 8 54 6 66 20 33 48 51 45 28 48 14 44 38 30 22 38 48 10 23 14 18 6 25 68 28 23 9 50 44 39 64 12 54 25 26 41 24 48 17 56 15 44 68 29 42 24 34 56 16 45 32 48 54 15 56 57 48 20 54 49 51 57 58 50 39 43 54 43 18 42 28 49 37 14 50 51 37 33 48 32 29 20 22
55 40 25 63 26 45 53 15 47 38 33 50 43 4 31 43 39 46 22 29 14 8 31 14 54 48 33 37 29 20 27 52 56 33 25 26 50 45 29 18 19 13 11 22 49 18 24 32 40 15 36 10 31 28 42 32 8 27 39 21 15 5 33 14 3 50 25 50 43 36 48 38 59 27 28 47 42 39 41 26 47 26 30 25 23 27 33 7 25 45 36 49 37 26 8 29 36 18 30 23 11 43 39 28 22 37 40 34 12 22 49 18 33 62 22 54 49 15 11 21 30 43 36 51 24 29 47 19 46 14 33 19 11 13 11 43 1 8 38 57 11 44 20 36 46 31 20 31 32 20 12 20 20 52 50 45 37 32 18 31 62 32 13 45 60 20 25 34 32 25 26 32 42 11 41 31 51 6 17 22 27 41 16 35 23 13 51 43 30 30 45 36 43 17 23 35 33 21 43 18 41 49 45 15 10 58 5 11 36 49 48 42 9 43 33 37 32 27 15 20 28 50 32 53 14 35 39 10 47 51 48 15 8 31 39 11 24 34 10 55 45 24 34 46 16 23 33 28 29 18 18 41 39 51 25 34 28 40 55 37 34 21 17 39 34 47 9 28 15 13 9 21 40 54 45 18 13 46 37 19 38 29 33 36 21 13 50 37 60 52 23 22 31 22 43 22 8 22 9 43 54 31 35 23 18 46 17 38 60 22 41 20 32 13 27 36 30 20 33 41 32 35 14 32 42 18 49 27 4 9 0 32 19 54 17 35 17 17 35 58 19 12 25 12 24 7 37 33 35 56 22 23 36 38 48 21 51 27 52 50 20 40 8 40 8 41 28 17 24 50 46 39 25 22 37 34 53 24 7 52 48 10 52 39 42 7 42 38 13 10 43 26 24 25 41 25 4 46 14 58 13 26 39 44 37 21 41 7 35 31 22 17 31 40 4 14 8 20 13 18 60 23 14 8 45 37 31 55 3 45 21 22 36 15 39 10 48 11 35 59 21 33 19 30 51 21 37 25 41 47 7 47 48 40 13 46 41 44 49 51 41 31 34 49 38 18 36 21 42 29 15 42 42 28 25 40 23 22 12 14
47 42 54 32 43 21 22 20 16 30 29 19 16 35 23 13 21 39 12 25 39 30 25 25 24 27 20 34 4 47 22 20 25 23 18 8 35 31 4 15 36 29 30 46 38 26 11 40 19 27 7 33 30 28 11 20 39 30 17 37 39 27 30 29 33 30 40 19 19 23 16 37 27 19 34 16 37 38 17 24 42 34 4 39 28 35 37 35 42 38 32 28 38 31 28 28 34 22 32 50 43 30 18 27 46 39 11 16 31 50 18 25 19 30 48 22 17 39 27 12 4 23 13 21 39 26 17 31 15 19 38 28 22 37 35 22 32 39 34 25 21 14 30 6 39 37 18 22 30 13 40 12 27 22 23 17 36 24 35 7 30 21 32 22 29 13 29 35 13 19 8 5 38 22 10 3 20 27 39 36 9 20 23 32 30 38 20 42 14 19 42 16 20 16 35 23 21 26 11 33 16 18 13 18 42 26 34 29 19 17 16 20 27 17 16 7 9 14 34 47 35 19 6 43 24 12 26 39 28 34 30 18 40 6 10 35 37 13 40 23 25 26 10 25 17 49 27 19 7 42 27 13 41 20 38 33 8 9 24 25 10 39 22 24 26 20 24 20 26 33 39 16 31 23 14 31 24 31 27 20 7 23 31 20 43 27 20 6 28 20 47 18 17 43 13 51 35 11 26 12 22 12 38 31 26 15 29 23 29 21 38 23 38 22 7 5 25 13 39 41 37 22 44 27 28 15 17 38 35 41 32 0 37 24 15 5 17 43 41 27 16 24 33 33 31 31 39 6 17 25 34 33 18 22 33 30 27 11 21 19 19 32 33 39 39 10 8 25 33 26 43 8 31 26 22 38 23 22 39 23 41 27 21 10 19 25 11 13 44 24 41 25 9 42 12 21 35 16 45 26 26 18 11 22 12 21 29 29 3 20 11 30 18 15 32 18 30 44 45 24 28 29 20 36 40 26 18 25 30 14 33 35 33 17 8 26 18 34 8 27 16 2 32 38 44 50 20 22 25 33 26 16 17 19 24 18 20 25 20 28 10 14 5 41 32 40 25 22 31 17 40 18 13 5 9 16 9 18 21 22
41 57 22 67 8 42 56 18 52 53 22 55 51 20 23 45 33 34 26 21 8 25 46 13 60 41 28 23 36 12 42 57 57 25 22 34 40 35 35 29 37 30 10 10 38 34 33 15 36 32 39 9 19 45 48 26 19 15 35 4 6 21 22 9 20 42 7 51 53 49 50 55 62 22 13 53 29 25 39 41 33 44 34 8 39 12 50 13 7 33 52 42 22 14 24 19 52 15 18 15 20 33 50 43 10 55 42 46 30 16 50 13 46 65 13 58 52 7 28 29 34 37 34 51 6 44 49 8 49 23 17 36 19 30 29 38 19 17 54 59 22 45 37 39 33 48 20 45 20 27 12 28 37 51 48 44 23 47 36 39 65 46 31 41 64 26 41 21 42 22 30 39 28 18 44 37 54 16 3 40 30 52 31 51 11 8 57 27 41 25 30 33 54 28 41 49 26 13 48 5 39 53 48 25 21 61 23 28 31 52 52 37 15 40 45 43 41 25 33 13 45 56 39 41 29 45 30 12 39 42 39 24 21 34 46 8 7 44 15 56 39 15 43 39 23 14 23 42 37 8 10 41 24 51 8 21 30 46 58 29 35 3 32 31 25 56 20 42 31 7 23 33 29 59 49 35 15 37 52 34 44 22 21 30 7 12 49 41 64 55 11 36 27 6 45 18 26 28 25 48 57 41 20 40 11 52 9 52 63 18 27 15 16 27 31 41 45 28 16 25 49 49 15 22 33 28 52 10 21 20 19 37 0 52 24 38 28 10 19 62 22 27 43 30 41 13 54 41 31 56 39 9 48 51 38 38 46 28 55 55 19 29 11 25 20 44 31 33 42 45 31 44 42 13 50 51 53 39 20 51 34 14 54 40 52 19 48 47 21 24 28 41 30 7 42 20 15 47 20 60 13 22 40 39 46 17 32 25 40 25 29 34 26 49 15 23 12 9 19 14 62 12 28 13 31 28 44 55 17 49 7 40 52 25 44 26 48 29 43 63 33 39 37 14 37 17 50 40 33 37 23 49 50 51 28 44 37 37 57 45 47 42 37 36 53 5 27 36 32 42 8 52 43 35 28 50 31 35 23 16
40 64 73 20 56 11 12 40 19 51 34 18 28 57 30 13 21 35 32 33 57 53 47 43 22 17 25 38 28 63 45 19 9 29 32 32 27 26 28 39 60 53 48 62 32 50 35 48 18 51 19 51 37 51 21 27 60 39 17 51 56 50 35 46 55 20 53 8 33 44 11 59 17 31 43 20 37 41 14 47 39 58 25 51 52 45 60 55 54 35 54 17 42 41 51 36 56 39 39 67 64 27 35 50 62 61 15 37 55 67 9 41 40 20 65 17 14 57 51 35 26 18 19 5 52 49 9 45 13 41 45 52 43 60 58 17 53 60 55 12 43 12 54 20 36 61 35 44 36 35 59 35 51 4 6 9 40 46 59 30 18 43 56 13 20 34 53 40 34 31 28 28 39 43 16 27 12 48 55 60 27 36 47 54 42 56 23 43 36 27 41 20 35 39 59 44 27 40 19 48 14 16 15 41 63 16 57 52 22 15 15 16 47 13 37 24 31 28 58 64 59 20 29 35 48 32 26 58 20 23 22 40 61 23 25 53 49 34 60 10 18 38 31 17 38 65 33 42 31 59 43 13 44 7 49 38 26 22 14 27 20 53 46 24 31 30 46 43 50 50 62 40 31 20 14 55 43 25 47 44 22 32 37 23 59 44 4 20 19 13 63 42 26 57 13 69 58 33 50 20 15 34 43 55 42 22 44 43 15 36 39 38 45 45 27 22 48 36 46 44 60 42 63 33 25 38 13 49 57 62 54 24 52 0 37 21 41 60 47 19 35 47 57 56 55 51 62 28 22 8 58 46 38 41 26 54 12 27 14 16 36 32 52 42 61 16 26 49 57 13 42 21 55 40 42 61 4 46 60 3 38 46 9 16 35 47 23 31 65 47 42 48 32 55 14 33 55 10 66 14 44 31 15 15 31 37 27 52 23 28 34 54 27 31 53 40 50 60 65 40 16 42 44 56 39 28 40 4 51 15 47 59 55 40 19 49 6 57 27 19 40 25 56 46 40 68 40 46 23 26 49 10 10 37 48 9 17 19 27 14 21 36 21 37 53 56 28 46 28 39 57 32 13 29 30 33 33 42 43 41
47 40 40 47 31 30 37 7 31 32 25 34 28 21 20 26 25 37 5 20 25 17 25 12 38 33 20 30 13 32 21 35 39 21 12 11 38 33 13 6 26 18 16 32 39 17 10 31 25 17 19 18 24 25 26 19 24 22 24 25 25 13 25 16 19 36 29 33 30 27 31 36 42 15 25 31 34 34 26 21 39 28 13 28 22 25 33 20 30 37 32 34 32 22 15 21 33 11 25 35 28 31 27 24 32 37 23 23 20 35 32 14 23 45 34 37 32 25 16 6 13 28 20 34 28 24 30 18 29 5 31 20 7 24 22 28 17 24 34 40 7 27 22 19 37 32 8 23 24 4 25 5 20 35 34 28 31 25 25 16 45 23 21 30 44 3 24 29 19 13 9 16 35 8 24 15 34 13 25 27 11 29 14 31 20 24 35 37 17 17 38 21 30 5 27 26 20 16 26 21 25 32 28 5 27 41 20 17 21 32 31 27 12 27 21 20 17 12 23 32 30 34 16 44 13 21 27 24 33 38 34 3 25 14 23 20 26 21 25 38 30 17 19 31 2 34 23 19 13 28 16 24 35 34 27 27 12 24 38 25 18 26 13 26 24 32 9 20 16 19 25 10 30 38 29 22 10 34 30 14 22 18 25 22 30 13 33 20 43 35 33 14 17 29 26 36 22 5 13 27 37 18 31 24 15 30 16 29 44 12 34 12 29 10 10 20 24 4 30 36 32 26 29 22 30 5 32 28 21 26 17 15 24 37 0 18 8 28 33 42 5 12 27 21 25 16 37 17 20 39 26 23 24 28 36 22 36 10 35 34 9 30 18 34 25 24 11 16 26 35 40 22 25 16 27 34 36 19 24 35 39 12 35 22 29 11 25 24 29 10 37 21 7 30 24 14 20 29 30 41 12 13 23 29 23 12 30 16 18 18 6 20 17 26 18 4 15 30 30 13 43 19 9 21 37 26 21 38 15 28 22 26 32 4 23 14 31 22 20 42 12 17 24 29 43 35 27 19 27 35 13 30 31 28 13 29 26 29 34 36 25 18 17 40 33 26 24 16 31 19 26 29 25 12 8 26 7 13 7 9
44 46 56 29 43 17 19 22 15 34 28 17 17 38 21 9 18 36 14 24 41 33 29 27 22 23 18 33 9 48 26 19 22 22 18 13 32 28 7 19 40 33 32 48 35 29 14 39 15 31 3 34 29 32 11 19 42 29 14 38 40 30 29 30 36 27 41 16 21 27 13 41 25 19 33 15 35 37 13 28 39 38 5 39 32 35 41 38 42 36 36 24 37 30 31 27 38 24 31 52 45 27 21 31 47 43 6 20 35 51 14 26 23 28 50 20 15 41 31 15 6 20 9 17 40 30 13 31 12 22 38 33 24 41 39 18 34 42 37 22 24 10 34 1 37 41 19 26 29 16 42 15 31 18 19 13 35 28 39 11 28 25 36 18 27 15 33 33 16 18 10 9 36 25 6 7 17 30 40 40 9 22 27 36 30 40 19 40 17 17 40 13 22 19 39 27 20 27 10 34 12 15 10 21 45 24 37 32 16 15 14 17 29 14 20 8 13 14 38 49 40 18 10 40 28 15 24 41 25 30 27 21 43 5 11 37 37 17 43 20 21 26 13 22 19 50 26 23 11 44 28 9 40 16 38 31 9 9 21 22 7 39 26 21 25 21 27 24 30 35 43 19 29 22 11 34 26 28 30 25 8 22 29 17 45 28 17 4 26 18 49 22 15 44 9 53 38 14 30 11 20 16 37 35 27 15 30 27 26 22 36 23 37 25 8 5 29 16 38 40 41 25 46 25 25 18 15 38 39 44 35 5 38 21 18 0 21 44 40 25 17 27 37 36 35 33 43 10 14 21 38 34 22 25 30 34 23 11 18 17 20 30 35 38 42 7 8 29 37 22 41 7 35 26 25 42 19 26 42 19 39 29 17 6 22 28 11 16 47 27 39 29 12 43 8 20 37 12 48 23 27 17 7 18 15 22 26 32 4 18 14 34 16 17 35 21 32 45 47 25 25 29 24 38 38 24 22 21 32 11 34 39 37 20 6 30 15 37 10 25 21 5 37 37 42 52 24 26 22 29 30 13 14 22 28 14 16 21 21 24 10 18 2 39 36 41 23 26 28 21 42 20 8 8 11 19 13 22 24 24
54 33 41 48 36 35 39 12 32 25 32 35 27 20 27 29 31 44 12 27 27 13 18 17 38 39 27 37 13 35 14 36 42 28 19 10 45 40 14 2 20 13 20 35 46 10 8 37 31 11 23 21 30 19 27 26 24 28 29 30 28 12 32 21 17 42 34 36 27 21 33 29 43 22 31 31 42 40 31 14 46 21 17 33 15 32 26 22 35 44 25 40 39 29 11 28 26 17 32 38 27 38 23 17 35 30 27 19 15 37 35 20 18 46 36 38 34 28 11 6 16 34 25 37 33 17 33 24 32 7 37 13 9 20 18 34 16 24 27 42 8 30 15 22 44 25 15 17 31 7 27 7 13 38 38 33 38 19 19 15 47 18 16 35 45 8 17 36 15 20 14 16 42 10 26 16 36 14 29 21 16 25 7 24 26 26 35 44 13 24 45 27 27 3 20 21 27 22 27 26 30 34 30 5 27 43 18 12 28 33 33 33 15 32 17 21 15 19 17 35 23 34 15 50 7 19 34 26 39 44 41 6 24 18 23 23 31 17 26 40 36 24 18 37 8 37 30 14 13 31 21 29 42 37 32 34 17 24 40 32 23 31 6 32 31 30 10 14 10 23 23 5 37 39 31 15 15 40 24 7 22 25 33 28 34 18 37 23 44 37 36 8 23 34 29 38 18 9 10 27 38 14 38 17 20 30 22 24 45 19 41 19 36 5 15 21 18 6 37 43 25 21 30 29 36 4 34 34 20 25 17 17 28 41 8 21 0 31 39 42 12 7 20 16 18 18 30 17 26 41 19 29 20 23 43 15 41 16 37 35 15 37 20 41 24 27 16 9 19 40 47 23 18 23 22 27 39 12 23 39 46 16 37 26 26 11 25 21 29 8 44 14 9 35 28 21 20 32 30 43 17 20 27 34 20 19 37 12 20 25 7 14 24 24 18 7 18 33 30 19 44 26 4 22 44 33 16 41 15 30 27 20 26 5 24 9 35 17 19 43 5 18 17 35 50 37 22 13 34 42 10 33 34 24 8 34 32 36 32 41 25 14 21 47 26 30 31 9 38 14 28 26 29 13 13 23 9 7 7 14
50 56 13 73 13 50 63 23 58 54 31 61 56 16 32 51 41 42 31 29 4 24 47 18 66 50 36 33 40 5 43 63 64 34 29 39 49 44 40 32 34 29 13 6 47 33 37 23 44 32 45 11 28 45 54 34 13 24 44 12 5 21 31 15 18 51 14 59 57 51 56 54 68 30 23 59 38 34 47 42 42 42 40 16 39 20 48 10 13 41 52 51 31 23 23 27 52 22 27 8 13 42 54 43 6 53 49 49 28 8 57 20 48 72 6 64 59 4 28 33 40 45 42 59 14 45 56 16 56 26 26 35 22 26 26 46 18 12 54 66 24 52 36 45 42 47 26 46 29 31 6 32 37 59 56 52 32 48 34 43 72 47 29 49 71 31 41 29 45 29 35 44 37 22 50 42 61 17 7 38 36 56 32 51 20 5 62 36 44 34 39 40 57 31 39 50 35 21 53 13 47 59 54 27 14 68 20 27 39 59 58 46 17 48 48 48 45 33 31 5 43 61 44 50 30 48 39 7 48 51 48 27 16 40 51 9 16 48 9 63 47 23 47 48 27 7 32 43 41 3 18 48 32 59 17 30 37 52 65 37 42 11 33 40 34 60 21 43 30 10 18 35 38 65 55 34 19 46 53 35 49 30 30 39 7 17 57 47 70 61 7 37 35 9 52 9 23 32 25 54 64 45 29 39 19 57 17 54 70 25 36 23 25 28 37 47 46 32 25 34 47 51 6 31 42 31 58 19 17 14 17 43 10 60 28 44 31 0 27 69 28 28 41 27 40 13 52 45 39 64 37 18 50 53 47 37 54 34 62 61 25 38 11 34 14 51 37 33 40 53 40 50 41 22 52 50 60 40 15 59 43 17 61 47 56 20 53 51 13 25 37 42 35 13 49 27 13 54 12 67 18 30 47 47 50 24 41 24 45 33 34 33 34 53 14 26 13 4 11 20 69 20 29 9 40 37 46 63 17 55 16 38 52 28 50 26 55 26 48 69 36 44 35 23 46 9 52 41 42 46 23 56 57 54 29 52 45 46 61 53 52 45 43 45 53 5 36 37 41 44 3 56 50 40 34 53 35 36 25 21
23 71 37 65 15 36 54 28 53 64 13 55 55 37 19 43 26 18 31 17 26 41 57 24 61 32 23 10 41 28 53 57 53 19 24 41 27 23 40 39 53 45 25 26 22 47 41 5 30 46 39 26 12 57 50 22 37 12 31 16 24 36 12 22 38 31 14 49 59 59 48 68 60 22 9 54 13 8 34 53 16 59 37 12 53 9 64 31 15 17 64 32 5 11 39 13 65 23 9 30 39 22 57 56 25 68 41 54 46 32 47 20 55 63 29 58 51 25 43 37 38 29 32 48 14 56 46 17 48 34 3 50 32 47 46 31 36 35 66 56 34 43 51 40 16 63 26 55 12 35 31 36 50 47 41 40 8 58 52 45 63 56 47 34 63 34 55 7 50 23 34 44 11 31 43 42 52 31 22 56 33 59 44 63 14 26 58 9 49 23 13 29 60 38 56 58 21 17 49 18 35 53 48 35 39 59 40 43 26 52 51 31 29 35 53 46 47 27 49 30 60 56 45 24 43 51 21 30 29 29 28 34 39 36 49 26 13 51 33 53 30 16 49 30 32 28 15 52 43 25 19 38 5 48 11 9 33 49 56 21 34 17 44 23 17 60 33 52 45 24 41 43 17 59 48 50 26 25 62 46 47 19 11 25 22 24 45 43 62 53 25 46 25 20 44 35 43 35 40 50 56 49 4 54 20 54 19 60 60 21 10 21 4 40 35 44 56 37 3 7 63 58 33 15 23 37 50 9 39 39 35 41 19 47 33 40 39 27 0 61 29 41 57 46 55 29 68 46 27 52 55 13 56 59 25 52 37 31 54 54 25 16 29 8 38 44 34 46 56 36 13 47 56 17 58 65 48 51 39 47 17 27 51 39 59 33 51 53 39 38 11 53 36 16 40 21 33 44 38 58 25 24 39 32 52 22 20 40 43 22 37 49 24 55 32 33 28 25 37 21 60 14 40 31 14 19 53 50 33 49 15 55 64 35 45 40 44 46 48 62 44 43 52 5 20 34 58 51 24 25 37 47 48 58 42 40 30 29 60 35 49 50 38 19 65 22 19 48 20 51 26 58 41 40 33 56 38 45 35 26
59 56 80 6 67 28 8 47 11 43 49 8 19 61 43 19 36 53 38 46 65 55 41 51 7 35 38 53 30 72 41 7 11 43 41 33 45 44 30 41 58 53 56 72 50 48 35 62 32 50 24 59 50 46 16 40 65 52 31 62 65 53 50 55 59 38 65 14 22 36 14 51 3 42 56 12 54 57 28 43 57 54 30 63 49 58 54 61 66 53 47 35 57 53 53 49 49 48 53 76 69 44 27 45 71 53 22 30 56 76 15 50 34 5 74 5 11 65 52 38 29 35 30 16 64 43 16 55 14 45 60 51 48 61 60 33 58 65 47 8 47 19 51 24 54 55 43 38 50 39 66 38 48 17 24 22 55 40 57 28 5 37 56 30 3 39 49 55 30 42 34 27 55 49 19 28 10 54 64 57 33 26 47 47 54 64 10 59 32 39 58 33 25 41 56 37 41 51 16 58 27 10 15 44 68 4 60 53 36 10 11 32 53 27 31 22 28 38 57 73 54 9 27 54 48 27 42 65 38 42 40 44 65 29 21 61 61 29 66 10 35 49 26 34 43 75 47 38 30 68 52 24 60 14 61 53 33 19 5 41 29 63 45 39 45 18 50 39 50 59 65 39 47 5 14 53 50 42 38 43 20 44 51 37 69 52 19 22 2 9 73 40 38 68 18 77 60 37 52 15 6 31 58 51 52 13 54 33 6 45 55 47 59 47 32 22 42 39 60 60 54 35 70 47 42 40 11 61 61 67 58 27 62 19 42 25 42 69 61 0 42 49 53 57 51 57 55 26 34 12 55 57 31 33 44 51 31 35 8 8 44 48 59 58 65 19 33 48 53 31 59 20 51 50 34 55 16 43 65 18 56 53 11 23 25 52 17 24 70 49 58 44 35 66 22 44 61 18 71 6 52 41 23 32 25 46 44 54 24 40 37 52 39 23 59 44 56 70 71 49 5 53 45 62 56 43 34 15 56 14 57 56 48 43 20 51 19 58 24 1 40 25 55 60 58 76 32 42 39 44 52 15 14 28 49 23 32 36 15 33 18 32 26 54 45 65 43 44 45 35 66 23 21 30 35 25 35 40 47 48
42 44 39 46 28 27 36 5 31 36 20 34 30 22 15 25 21 33 4 15 24 20 29 10 39 30 16 25 14 31 25 35 38 17 8 13 34 29 13 10 30 22 15 31 35 21 13 27 21 21 18 17 19 30 27 15 26 18 21 22 24 16 21 14 21 32 26 32 32 31 30 40 42 10 21 32 30 29 23 25 35 33 13 25 26 22 37 21 27 32 36 31 28 18 18 17 37 8 21 35 29 27 30 28 31 41 22 26 23 35 31 11 26 45 33 37 32 24 19 9 13 25 17 33 25 28 29 16 29 8 27 24 9 28 26 25 19 25 38 39 10 26 26 18 33 37 4 26 20 7 25 8 24 33 32 26 27 29 29 18 45 27 25 27 44 6 28 25 22 9 8 17 30 9 23 16 34 13 23 31 9 32 18 35 17 23 35 33 21 13 34 17 33 10 31 30 16 13 26 18 22 32 27 9 29 41 23 20 18 32 31 23 12 24 25 22 20 9 27 32 34 34 18 39 17 24 23 24 29 34 31 7 27 13 24 20 23 23 26 37 27 13 22 28 5 34 19 23 16 27 13 22 31 32 24 23 10 25 38 21 16 24 18 22 20 34 12 24 20 18 27 14 25 38 28 26 9 30 33 18 22 14 21 18 28 11 31 20 43 34 32 18 13 27 25 36 24 6 17 27 37 21 27 28 12 31 14 32 43 8 30 9 25 14 10 20 28 8 26 32 37 29 29 18 26 9 32 25 23 27 19 16 22 35 5 17 12 28 29 42 0 16 31 24 29 16 41 19 17 37 30 19 28 31 32 26 33 8 35 34 5 26 18 30 26 24 10 20 30 32 35 23 30 13 30 39 34 23 26 34 35 12 34 21 32 13 26 26 30 14 33 25 9 27 22 10 21 27 31 40 10 9 21 25 25 8 26 19 19 14 9 24 13 28 18 7 15 29 31 10 42 16 14 21 33 22 24 37 16 28 19 31 37 8 23 17 30 25 21 42 16 17 28 25 39 35 30 24 24 31 16 29 30 30 17 27 22 26 35 33 25 22 16 36 37 25 20 20 27 22 25 31 24 13 7 29 9 17 10 7
57 31 36 54 34 41 45 14 38 27 35 41 32 14 31 35 36 48 17 30 25 7 20 17 44 44 32 39 20 32 16 42 48 32 23 16 49 44 20 9 14 7 18 33 50 7 14 38 36 6 29 19 33 18 33 30 19 30 35 29 26 8 35 20 12 47 33 42 32 24 39 28 49 26 33 37 45 43 37 14 50 18 23 33 13 32 24 18 34 47 25 45 41 30 5 31 25 19 34 34 22 43 28 17 33 28 33 23 8 33 41 21 21 52 33 44 40 25 4 13 22 40 31 44 32 18 40 24 38 9 39 10 10 14 12 39 11 19 27 48 8 36 11 28 48 23 18 19 34 12 23 13 10 44 45 39 40 21 13 21 53 20 10 41 51 14 15 38 20 24 19 22 44 10 33 22 43 12 27 16 22 30 4 24 28 24 40 46 18 29 48 32 32 9 16 23 31 24 33 25 36 40 36 8 21 49 12 6 33 39 39 38 13 38 22 27 21 24 12 31 20 40 22 54 3 24 38 22 44 49 46 9 18 25 29 21 31 23 22 46 41 26 23 42 11 34 34 16 19 29 22 35 44 43 32 37 23 31 46 36 28 29 6 37 35 36 8 16 5 21 17 10 40 45 37 10 15 45 26 8 29 29 35 33 32 17 43 29 50 43 34 11 28 32 36 33 12 14 4 34 44 20 40 14 21 36 22 27 51 22 44 21 37 2 21 27 18 12 38 45 23 24 26 33 41 10 40 34 14 20 12 24 27 47 12 27 7 28 41 49 16 0 17 10 15 16 28 23 31 48 15 29 24 26 47 12 47 22 43 41 19 41 17 44 19 33 21 6 16 46 49 30 16 25 25 25 46 13 18 45 50 14 44 32 30 9 32 27 24 4 46 15 16 33 34 24 16 38 25 49 17 24 33 40 26 21 41 6 26 29 14 9 28 29 15 9 16 31 25 20 51 27 4 19 47 37 19 48 12 36 27 15 25 9 31 3 41 11 25 49 10 24 13 36 53 33 26 14 39 46 6 39 40 28 2 40 37 41 38 47 31 19 27 51 27 28 35 10 42 17 26 31 35 19 19 28 15 10 7 15
73 15 47 58 50 53 52 30 43 16 51 46 35 26 46 45 50 64 31 46 39 18 13 34 47 58 46 56 29 45 13 46 56 48 38 25 64 59 30 22 9 13 34 46 65 10 24 54 49 11 39 34 49 8 39 45 30 47 48 45 40 22 51 36 24 61 49 51 32 19 48 14 54 41 49 42 61 59 49 11 66 2 34 49 6 49 8 31 49 63 13 59 57 47 19 47 12 35 50 47 32 58 27 8 46 13 43 23 14 46 50 38 19 57 46 49 47 40 15 25 33 53 43 53 48 10 49 40 45 25 55 8 26 17 17 52 24 31 14 55 24 46 6 38 64 6 34 15 50 26 36 26 8 54 56 49 56 14 9 28 58 17 13 53 55 27 4 54 24 40 32 30 61 27 42 31 50 27 42 5 35 28 14 12 44 38 44 63 22 44 64 46 30 22 4 18 47 40 40 41 48 46 43 23 31 54 22 15 47 46 46 51 29 50 22 33 26 38 12 44 3 44 29 70 15 27 53 35 58 64 60 25 28 36 34 35 47 25 34 54 55 42 28 56 27 47 49 16 27 42 39 46 60 52 48 53 35 37 52 51 41 45 14 52 50 37 24 15 13 36 26 19 56 49 44 8 31 60 18 14 35 45 51 48 46 34 53 38 55 50 47 16 43 47 45 45 19 28 18 40 50 24 56 3 38 40 39 22 57 38 60 37 54 18 33 36 12 25 54 61 7 20 38 49 56 23 48 50 25 30 25 33 43 57 27 37 20 41 57 53 31 17 0 15 3 31 12 30 45 56 5 45 23 22 62 5 59 35 50 47 34 57 32 60 28 42 34 12 1 58 66 36 2 41 21 9 55 12 27 55 66 31 52 42 29 25 37 29 33 20 63 10 28 49 44 40 29 48 35 55 33 39 43 53 29 37 56 19 35 44 26 9 43 31 29 25 31 44 35 37 56 43 18 32 63 52 19 57 26 44 44 5 12 24 39 17 51 15 31 54 18 33 6 52 69 44 23 11 53 61 21 48 49 27 15 51 50 55 40 60 38 22 38 67 15 42 51 12 57 19 40 32 45 29 32 29 26 16 23 32
64 29 33 62 37 50 54 21 46 29 42 49 40 12 38 44 44 55 26 37 25 5 23 23 52 53 40 46 29 31 20 50 57 40 31 25 57 52 29 18 8 4 22 32 57 10 23 42 45 8 38 21 40 19 41 38 15 36 44 32 26 10 42 25 10 56 36 51 39 29 48 27 58 33 38 46 51 49 46 18 56 16 32 36 13 37 22 18 36 54 26 54 47 36 7 38 26 26 40 33 18 50 34 19 33 27 42 29 2 32 50 27 27 61 32 53 49 26 6 22 31 48 40 53 35 20 49 29 47 17 44 9 17 5 3 48 11 17 28 57 15 45 10 37 55 20 26 24 40 22 22 22 12 53 54 48 46 24 7 29 61 25 2 50 59 22 15 44 28 32 29 31 51 17 42 31 51 15 28 11 30 36 11 25 33 24 49 53 25 37 54 41 38 18 12 27 39 30 42 29 44 48 45 17 17 57 8 4 41 48 48 47 18 46 28 35 29 32 4 30 17 48 30 62 9 31 46 21 53 58 54 18 14 34 37 22 35 30 20 55 50 32 31 51 20 33 41 22 27 29 28 44 49 52 36 43 31 39 55 44 38 32 12 45 42 43 14 21 8 24 12 18 48 53 46 8 21 53 29 14 37 36 42 41 32 23 52 38 59 52 33 18 36 33 45 31 6 24 8 42 53 27 45 13 27 44 27 32 60 29 50 28 42 12 30 36 22 21 43 51 21 29 24 40 49 19 49 38 11 16 12 33 30 56 21 36 16 27 46 57 24 10 15 0 14 18 26 31 40 57 11 34 30 31 55 11 56 31 52 50 26 48 19 50 15 42 31 10 14 55 56 38 15 31 30 23 55 17 14 54 57 19 53 41 37 14 40 34 19 11 53 17 25 36 43 32 15 47 21 58 22 32 42 49 34 28 49 6 35 37 23 7 37 36 15 18 18 31 21 27 59 33 13 19 54 45 25 57 13 45 32 11 26 18 39 8 50 2 33 58 17 33 9 41 60 31 31 18 47 54 9 48 49 34 9 49 46 49 45 56 40 26 36 58 28 29 43 15 50 24 26 38 44 28 27 35 24 17 15 22
71 17 46 57 48 50 50 28 41 16 49 44 33 25 44 43 48 62 29 44 37 17 12 32 46 56 44 54 27 44 11 45 54 45 36 23 62 57 28 19 9 12 32 45 63 8 21 52 47 9 37 32 47 7 37 43 29 45 46 43 39 21 49 34 23 59 47 48 30 18 45 15 53 39 47 40 58 57 47 9 63 4 32 47 4 47 9 30 48 61 13 57 55 45 17 45 13 33 48 46 31 55 26 7 45 14 41 22 12 44 48 35 18 55 45 48 45 38 13 23 31 51 41 51 46 9 47 39 44 22 53 6 24 16 16 50 23 29 15 53 22 44 5 36 61 8 32 14 48 24 35 23 5 52 53 47 54 13 9 26 56 15 12 51 53 25 3 52 22 38 30 28 58 25 40 29 48 26 40 6 32 27 12 12 42 36 42 61 20 42 62 43 29 20 5 17 44 38 38 39 45 44 42 21 30 52 20 14 45 44 44 49 27 47 20 32 25 36 11 43 5 43 27 68 13 25 51 34 56 61 58 22 27 34 32 34 45 23 33 52 53 40 26 54 25 46 47 14 25 41 37 43 58 50 47 51 33 35 50 49 38 43 12 49 48 35 22 13 11 35 25 17 54 47 43 6 29 57 18 12 34 42 49 45 45 32 51 36 53 48 46 14 40 45 43 44 19 26 17 38 48 22 54 1 36 38 37 21 55 36 58 35 52 16 31 34 10 22 52 59 9 19 36 47 53 21 46 48 23 29 24 31 41 55 25 35 18 40 55 51 29 15 3 14 0 29 13 27 43 54 5 44 22 21 60 4 57 33 48 45 32 55 31 58 28 40 32 10 2 56 63 35 1 39 20 11 53 9 27 53 64 29 50 40 28 23 35 27 32 18 61 8 26 47 42 38 28 46 34 53 31 37 41 51 27 35 54 17 33 42 24 8 41 29 27 23 29 43 34 35 54 41 16 31 61 50 17 55 25 42 42 5 13 22 37 16 49 15 29 52 15 31 6 50 67 44 22 10 51 59 19 46 46 26 14 48 48 52 38 58 36 20 35 64 15 41 49 10 55 17 38 30 43 27 30 27 24 14 21 30
49 45 24 62 20 42 52 11 47 42 27 49 44 9 25 41 34 40 20 24 10 13 34 9 54 43 29 31 28 17 31 51 54 27 20 26 45 40 28 19 25 18 5 18 43 22 24 25 36 20 34 4 25 33 42 27 11 21 35 15 10 9 27 8 9 45 19 48 44 39 45 43 57 22 22 47 36 33 38 30 41 32 28 19 27 20 38 5 19 39 40 44 31 20 12 23 40 13 24 20 14 38 41 32 18 43 38 36 18 20 47 13 35 61 19 53 47 11 16 21 28 38 32 49 18 33 45 12 45 13 27 24 10 19 17 38 8 10 42 55 11 42 25 34 40 36 16 34 25 19 10 20 25 49 47 42 30 36 24 31 61 35 19 41 59 19 29 28 33 21 24 31 35 9 39 30 50 5 12 28 25 43 20 39 17 9 50 36 31 26 39 32 45 18 29 38 28 15 42 12 37 48 43 15 14 56 12 16 31 47 47 38 5 39 35 36 32 23 21 17 33 49 32 47 18 36 34 8 42 46 43 14 13 29 39 5 18 35 10 53 40 18 34 41 15 19 27 31 29 14 12 38 33 48 19 27 26 40 54 31 31 15 20 34 29 48 9 31 19 6 14 22 34 54 44 23 8 41 41 23 37 23 27 31 17 7 47 36 58 50 19 25 26 17 41 20 15 20 13 42 52 32 29 28 12 45 11 41 59 17 35 15 25 16 25 35 34 19 26 35 37 38 13 26 37 18 47 21 10 13 7 31 13 51 16 33 18 13 29 57 16 16 31 18 29 0 42 33 31 53 27 17 38 40 43 26 47 24 51 49 15 34 3 34 11 40 25 21 30 46 40 38 30 16 39 39 50 27 12 49 41 5 50 37 43 8 41 39 15 12 37 30 23 19 38 20 5 43 16 56 8 21 37 40 38 16 36 13 34 26 21 22 26 41 4 14 1 16 15 12 58 17 17 5 39 32 33 52 5 44 15 28 40 15 38 14 45 18 35 58 23 32 25 24 45 20 40 28 36 42 11 45 46 42 17 43 37 39 49 46 40 32 32 43 42 13 31 24 37 31 11 43 40 28 23 41 23 24 12 10
83 4 58 60 61 60 55 41 46 13 61 49 37 37 56 50 59 73 40 56 50 30 15 44 49 65 55 66 36 56 18 49 59 57 48 32 73 68 37 31 19 25 45 58 74 21 31 65 57 22 46 45 60 12 42 54 41 57 56 56 51 34 61 47 35 69 60 55 33 20 52 5 57 51 60 45 71 70 56 17 76 11 41 60 16 60 5 43 61 73 8 66 68 57 30 57 6 46 60 58 43 67 29 13 58 2 49 26 25 57 54 48 22 59 57 52 50 51 26 34 40 61 51 57 59 14 53 51 50 35 66 19 37 27 28 60 36 42 9 58 35 51 18 44 73 6 44 19 60 35 47 34 18 58 62 55 67 16 20 33 60 19 24 60 57 37 14 65 28 49 40 35 71 38 47 37 53 39 53 15 43 29 24 9 55 49 45 73 26 53 74 54 31 32 15 19 56 51 43 52 55 49 48 33 42 57 33 27 55 49 49 59 40 56 25 38 32 47 23 55 10 47 34 79 26 30 62 46 66 72 68 35 39 44 37 47 58 28 45 57 63 53 32 64 37 58 59 21 33 54 49 52 71 56 60 63 44 41 55 60 48 56 24 60 60 38 35 20 24 48 37 27 66 50 49 19 42 68 17 23 40 54 62 56 58 45 58 43 57 53 59 24 52 58 50 56 31 37 30 43 53 28 67 14 49 43 50 22 60 48 70 48 64 29 41 41 15 34 65 72 6 21 49 59 65 32 51 61 36 41 37 39 54 62 37 43 30 52 68 55 41 28 12 26 13 42 0 35 54 59 16 56 25 22 70 17 66 44 53 50 45 66 44 70 40 47 42 22 13 65 76 41 13 52 22 3 59 19 39 60 75 42 55 48 30 36 40 32 43 31 73 16 36 60 50 50 41 53 45 58 44 49 50 61 32 48 65 30 40 54 35 20 52 33 40 35 42 56 46 47 59 54 29 44 73 61 23 61 37 48 55 16 7 34 44 29 56 27 35 56 26 39 18 63 79 56 24 18 62 70 32 52 53 27 26 57 58 63 41 67 41 26 44 76 11 54 60 21 66 23 51 32 51 36 40 31 35 25 34 42
53 37 56 31 47 26 23 23 15 25 34 18 11 36 28 16 27 44 16 30 42 29 20 28 22 32 26 40 6 49 18 19 27 29 23 8 41 37 6 15 33 28 33 49 44 23 10 44 25 25 12 35 35 24 10 26 40 35 23 41 42 28 35 32 34 36 44 21 13 18 18 32 27 25 38 15 43 44 23 20 48 31 10 43 25 40 33 37 46 44 27 33 43 35 28 33 29 26 37 52 44 36 12 23 49 34 15 10 30 52 21 29 14 30 51 22 18 42 26 13 9 29 18 24 43 21 20 34 17 20 44 26 24 36 34 27 32 40 28 26 23 17 27 10 45 33 22 17 35 14 42 14 24 25 27 21 41 19 32 3 30 16 31 27 28 15 26 40 7 24 12 2 44 24 13 5 21 29 42 33 14 14 21 27 35 41 18 47 9 25 47 22 15 16 32 18 27 31 11 37 21 18 15 19 43 26 34 28 25 17 17 26 29 23 10 5 4 20 32 49 32 18 2 49 23 6 32 41 34 39 36 19 40 12 6 37 41 8 42 25 30 31 4 31 19 51 33 15 5 45 31 18 46 23 42 38 14 8 24 30 15 42 20 30 32 15 25 16 24 36 40 14 37 22 16 28 27 37 21 18 7 28 36 26 47 30 24 9 28 21 50 15 23 46 16 53 35 13 26 11 22 7 43 28 30 13 33 18 29 26 44 27 43 21 12 7 20 14 44 47 32 16 45 32 34 15 19 43 36 42 33 6 41 28 17 10 17 45 46 26 19 23 30 31 27 33 35 0 22 27 31 38 13 16 39 27 32 16 21 19 23 38 35 45 40 13 13 23 29 32 49 8 28 31 16 34 26 18 39 26 47 29 23 14 14 27 9 8 45 24 47 21 11 46 16 26 36 19 46 27 29 23 16 27 7 26 35 29 6 25 12 27 24 9 34 20 32 47 46 28 28 34 20 38 46 32 13 28 31 15 37 32 28 18 10 26 22 33 3 27 14 5 30 42 50 52 15 19 31 38 27 19 19 13 23 22 25 30 17 34 9 9 11 47 27 43 31 19 36 12 43 12 17 7 14 11 11 15 22 25
31 56 52 38 35 12 27 21 27 46 15 28 30 38 9 16 5 22 15 12 36 36 39 23 34 14 5 20 19 42 36 30 27 9 11 22 20 15 18 24 45 37 27 41 22 36 23 28 6 36 13 31 17 42 24 6 41 19 5 29 35 31 16 25 37 16 32 22 34 39 21 52 33 10 22 28 22 23 8 37 26 47 13 30 40 24 50 35 33 22 47 15 24 20 34 15 49 19 19 46 44 14 34 41 40 53 14 32 39 46 21 20 35 37 44 31 24 35 35 21 15 9 5 21 31 40 19 24 21 24 26 39 24 44 42 8 35 40 49 29 26 16 40 14 23 50 16 37 16 20 39 20 38 21 17 14 22 39 44 23 36 37 40 11 36 19 42 21 28 10 14 21 23 25 17 19 25 29 34 46 11 36 32 47 21 35 32 27 29 6 26 2 36 24 46 39 7 19 23 27 8 26 21 24 44 32 39 36 3 25 24 8 27 10 32 22 25 8 42 43 48 30 22 27 33 28 10 37 13 19 15 23 42 11 25 32 28 29 40 27 11 17 26 12 21 44 13 34 22 38 22 11 27 22 28 19 10 23 30 9 8 32 32 8 12 34 27 35 35 30 43 27 15 32 21 41 23 15 42 32 21 10 17 4 37 24 19 17 35 26 42 30 5 36 17 48 41 18 33 24 29 28 24 43 21 28 23 39 34 15 23 17 25 29 13 18 40 21 26 26 50 38 42 13 12 23 24 28 39 42 35 17 31 22 20 14 26 39 27 34 17 31 45 40 43 31 54 22 0 26 45 25 34 38 18 41 17 10 27 27 16 16 32 24 41 18 12 35 45 16 27 21 43 18 38 52 23 35 41 21 25 26 24 13 35 29 25 29 45 30 26 38 18 34 13 12 35 17 46 31 24 10 12 10 28 16 13 35 18 7 20 39 5 31 33 23 30 39 45 19 33 20 29 35 24 11 33 25 32 22 25 45 48 23 19 33 18 41 24 35 28 18 43 26 28 47 37 36 9 17 32 20 21 35 33 14 7 10 34 16 23 30 12 25 47 35 10 34 14 32 36 33 14 18 14 32 19 30 26 21
48 61 76 14 60 17 5 42 14 48 40 12 24 59 35 13 27 42 34 38 60 54 45 46 16 24 30 44 28 67 44 13 1 34 35 32 33 33 28 39 59 53 51 66 39 49 34 53 23 51 20 54 42 50 18 32 62 44 22 55 59 51 41 49 57 26 58 6 29 41 9 56 10 35 48 16 44 47 19 45 46 56 26 55 51 50 58 58 59 42 51 24 48 46 52 41 53 42 44 71 66 33 32 49 66 59 16 34 55 71 7 44 38 12 68 11 10 60 51 36 26 25 22 5 57 47 9 49 11 43 51 52 45 61 59 23 55 62 52 5 45 12 53 20 43 59 38 42 42 36 62 36 50 6 13 13 46 44 58 29 12 41 56 19 13 36 52 46 33 35 30 27 45 45 15 26 7 50 58 59 29 32 47 51 47 60 17 49 34 32 48 25 31 40 58 41 32 44 17 52 19 11 13 42 65 9 58 53 27 11 11 22 49 17 35 23 30 32 58 68 58 15 28 43 48 30 32 61 27 31 29 41 63 25 23 56 54 32 63 3 24 42 29 24 40 69 38 41 30 63 46 16 50 5 54 44 28 20 8 32 23 57 45 30 36 25 47 42 50 54 63 39 37 13 12 54 46 32 44 44 21 36 42 28 63 48 8 19 12 7 67 41 30 61 13 72 59 35 50 17 9 32 49 54 46 18 48 39 9 39 45 42 51 46 29 21 46 37 51 50 58 39 66 39 32 39 9 54 59 64 56 25 56 8 39 21 41 64 52 12 37 48 56 57 54 53 59 27 26 0 57 50 35 38 33 53 20 30 8 11 39 38 55 48 63 15 28 48 56 19 48 20 54 44 39 59 5 45 62 7 45 49 4 17 32 49 20 28 67 48 48 46 33 60 15 37 57 10 68 7 47 34 17 21 28 40 34 53 22 33 35 53 31 27 55 42 52 64 67 44 8 46 44 58 45 34 38 4 53 12 51 58 52 41 18 50 9 58 25 12 40 24 56 52 47 72 37 45 29 33 50 9 8 33 48 13 22 25 22 22 19 35 22 44 50 60 34 45 34 38 61 28 14 29 31 30 33 41 44 44
71 19 43 60 47 53 53 28 45 20 49 48 37 22 45 46 49 62 30 44 35 15 16 31 50 57 45 54 30 41 15 48 57 46 37 26 63 58 31 21 5 10 31 42 64 9 24 51 49 9 40 30 47 11 40 44 26 44 48 42 37 19 50 34 20 60 46 52 34 23 49 18 56 40 47 44 59 57 49 13 64 5 34 46 7 46 12 28 46 61 17 58 55 44 16 45 16 33 48 43 28 56 30 11 43 17 44 26 10 42 51 35 22 59 42 51 48 36 12 25 33 53 43 54 45 13 50 38 47 23 52 6 24 13 12 52 21 27 19 56 22 47 5 39 62 10 32 18 48 25 32 25 7 54 56 50 54 18 5 29 60 19 9 53 57 26 7 52 25 38 32 31 59 25 42 32 51 24 38 2 34 31 13 16 42 34 46 61 23 43 62 45 33 21 2 21 45 38 41 38 48 47 45 22 27 56 18 12 46 47 47 51 26 50 24 35 28 37 7 40 7 46 30 68 13 29 52 31 58 63 59 23 23 36 35 32 44 27 30 55 55 40 29 56 25 43 48 18 27 39 36 46 58 53 45 51 35 38 54 50 41 42 13 51 49 39 22 17 10 33 22 19 55 51 46 5 29 59 22 14 37 43 49 47 43 31 54 38 57 51 43 16 42 43 45 40 16 27 15 41 52 25 54 4 35 42 36 25 59 36 58 35 51 16 33 37 15 24 52 59 11 23 34 47 55 22 49 47 21 25 22 34 39 58 26 38 19 37 55 55 30 15 5 11 5 27 16 31 45 57 0 43 26 25 61 4 59 35 51 49 33 55 29 58 25 43 34 10 4 58 64 38 5 39 24 13 56 13 24 56 64 28 53 43 32 22 38 31 29 17 61 12 27 46 45 39 25 49 31 57 30 38 44 53 31 35 55 15 35 43 25 6 42 33 25 24 28 41 31 34 58 41 17 29 62 51 21 58 23 45 41 1 16 22 40 15 52 12 32 56 18 33 3 50 68 41 26 13 52 60 18 49 50 30 13 51 50 54 42 60 39 23 38 65 19 39 49 12 56 20 36 34 46 30 31 31 26 17 21 29
33 60 30 62 10 35 50 17 48 54 14 50 48 25 16 39 25 26 23 13 16 29 46 13 56 34 21 16 33 19 42 52 51 18 17 32 32 27 32 28 41 33 13 18 30 36 32 9 29 35 34 14 11 46 44 19 25 7 29 6 13 24 14 10 25 34 8 46 51 49 44 56 57 16 6 49 21 17 32 42 25 47 30 6 41 4 52 19 9 25 53 34 14 6 28 11 54 13 10 23 27 25 49 45 17 57 36 45 34 24 44 10 45 60 21 53 47 14 31 28 30 29 29 45 7 45 43 5 44 23 10 38 20 35 34 30 24 24 55 53 22 40 40 34 25 51 17 45 12 26 20 27 39 45 41 38 15 47 40 37 60 45 35 34 59 25 43 13 41 16 26 36 20 19 39 34 49 19 12 44 25 51 33 52 4 16 53 20 40 19 23 26 52 27 44 48 19 8 43 6 32 48 43 25 28 56 28 31 24 47 47 30 17 34 44 40 39 20 37 21 48 51 37 33 31 43 22 19 31 34 32 23 28 29 42 14 4 42 22 51 31 9 41 32 22 21 15 41 35 16 8 35 17 45 5 12 26 42 53 21 29 8 33 24 17 52 22 42 33 12 30 32 21 55 43 39 15 29 52 35 40 15 13 23 14 12 43 37 58 49 18 36 20 12 40 26 31 25 28 44 52 40 13 43 9 48 7 51 57 13 19 12 9 28 27 37 46 27 10 18 52 48 23 14 25 27 47 6 27 27 23 33 9 46 23 34 29 18 13 57 19 29 45 34 44 17 56 38 25 50 43 0 47 50 30 40 38 24 50 50 16 21 17 18 26 39 26 34 45 37 24 40 44 8 49 54 47 40 27 45 26 15 48 35 51 21 44 45 28 26 21 42 28 10 36 14 21 41 28 55 13 17 35 32 44 13 24 28 36 18 28 37 20 47 20 22 16 16 27 11 57 5 29 19 23 20 43 49 21 44 3 43 53 24 39 29 42 34 40 58 33 35 40 8 29 25 49 41 26 29 25 43 45 49 31 38 30 30 53 37 43 41 32 28 54 13 20 37 24 41 15 50 37 32 25 48 28 35 23 15
65 26 60 36 55 38 31 31 22 13 45 25 13 38 39 27 39 56 25 41 47 30 11 36 25 44 37 51 16 55 11 25 35 40 33 15 53 49 17 20 29 27 39 55 56 21 16 54 37 23 24 41 45 16 18 37 43 44 35 49 48 31 46 40 36 48 53 31 9 6 28 21 33 35 48 21 55 55 34 14 59 24 22 52 19 49 24 41 54 56 17 45 54 45 29 43 19 35 47 57 46 48 5 15 55 24 26 3 29 57 30 38 4 35 56 28 26 48 26 20 20 41 30 33 52 13 30 42 26 26 54 23 29 34 33 39 35 43 17 34 27 28 23 22 56 25 31 8 46 22 46 21 20 35 39 32 52 10 29 12 36 7 29 39 33 23 19 51 7 34 23 14 55 30 24 16 29 34 48 27 25 6 21 17 44 46 22 58 7 36 59 34 8 21 26 7 39 40 19 45 33 25 24 24 45 33 35 28 37 25 25 38 34 35 3 15 10 31 30 54 24 23 13 61 23 7 44 45 46 51 48 25 42 24 13 43 50 5 45 33 42 40 9 43 26 57 44 9 13 51 40 30 57 32 51 49 25 17 31 42 28 50 19 42 43 14 30 10 23 42 41 16 48 27 25 25 34 49 9 17 17 39 47 37 53 37 35 20 33 29 56 14 34 53 26 57 35 22 28 19 29 8 53 22 39 19 40 5 36 35 55 36 52 23 22 18 12 20 53 58 24 5 49 43 46 21 27 52 38 44 36 18 48 38 24 22 20 50 56 31 28 24 23 30 22 38 25 13 34 35 26 47 0 4 51 22 44 26 29 26 32 49 40 56 42 23 24 21 23 43 60 17 21 40 4 24 35 14 41 36 59 35 31 26 7 31 16 8 47 26 58 14 20 54 28 36 39 30 49 34 36 33 28 39 8 35 47 30 18 37 20 25 35 8 38 26 38 53 48 37 35 43 22 42 57 44 5 37 35 24 46 26 18 24 20 27 33 32 12 32 15 17 26 52 62 57 3 13 43 50 29 28 29 5 24 34 37 42 17 45 18 6 23 59 15 49 43 16 48 7 48 9 28 17 24 7 19 15 26 33
68 24 62 38 58 41 33 34 24 11 49 27 15 40 43 30 43 60 28 44 50 32 10 38 27 48 41 54 20 57 12 27 38 44 36 18 57 53 21 23 30 28 42 58 59 22 19 57 40 24 27 43 49 15 21 41 44 48 39 51 50 33 50 43 38 51 56 34 11 4 31 19 35 39 51 23 58 58 38 14 63 23 25 55 20 52 22 43 56 59 14 49 57 49 31 47 16 38 50 60 47 52 7 15 57 22 30 6 30 59 33 41 6 37 58 30 29 50 28 23 24 44 34 36 55 13 33 46 29 29 57 23 32 35 34 43 37 45 15 36 30 31 23 26 60 23 34 8 49 25 49 24 20 38 42 36 56 9 29 16 38 7 30 42 35 26 19 54 10 37 26 18 59 33 27 20 32 36 51 27 28 7 22 15 47 49 23 62 11 39 62 38 9 24 26 5 42 43 22 47 37 27 27 27 47 35 37 29 40 27 28 42 37 38 7 18 14 34 30 57 23 25 16 64 25 10 48 47 49 55 51 28 43 27 17 45 53 9 47 35 46 43 13 46 29 59 47 10 17 53 43 33 61 35 54 52 29 20 33 46 31 53 21 45 47 16 32 11 25 45 42 19 52 28 28 25 37 53 7 19 20 42 50 41 56 40 38 24 35 31 59 16 38 56 30 59 36 25 30 22 31 11 57 22 42 21 44 2 38 38 58 39 56 25 26 22 11 24 57 61 22 3 51 47 49 23 30 55 39 45 38 22 51 41 28 25 23 53 59 33 31 26 22 31 21 40 22 16 38 38 25 50 4 0 55 22 48 30 31 28 35 53 42 59 44 27 27 22 23 47 64 21 21 43 2 23 38 15 43 39 62 38 34 30 8 33 19 11 49 29 61 15 23 57 31 39 42 33 51 36 39 37 31 43 11 38 50 31 22 40 23 25 39 11 40 29 40 55 50 40 37 46 24 44 61 48 8 40 37 26 49 26 15 27 24 29 36 33 15 34 18 20 26 55 65 59 2 14 46 54 31 31 32 5 26 37 41 46 19 49 21 10 27 62 13 52 46 17 52 10 51 10 31 21 27 9 22 17 29 36
16 73 59 46 39 17 36 35 39 63 17 39 45 51 18 28 13 10 31 20 45 50 56 35 45 9 16 17 36 49 53 41 34 16 25 39 3 3 34 41 61 53 39 48 6 52 40 28 15 52 28 41 20 59 38 18 53 24 16 36 43 46 17 35 50 7 36 31 50 56 31 69 41 22 26 40 14 18 18 54 14 63 30 34 57 28 67 47 37 11 64 10 20 25 49 21 66 31 21 53 55 5 50 58 47 70 27 49 55 53 30 31 51 45 50 41 35 44 51 37 32 11 21 29 36 57 29 33 33 39 25 56 39 58 57 13 48 52 66 37 41 28 57 29 12 67 30 54 19 36 49 37 55 27 21 23 19 56 60 39 44 54 56 15 44 35 58 20 45 24 30 37 15 39 30 35 35 42 41 63 28 52 49 64 28 45 44 19 46 19 17 17 52 40 62 56 16 28 36 35 19 37 33 40 56 40 52 51 15 36 35 14 40 19 49 37 42 24 58 51 65 42 39 11 49 45 10 48 7 4 4 39 55 28 40 43 33 46 51 34 10 25 43 10 36 51 17 51 39 46 31 23 22 30 32 19 28 38 39 12 24 38 48 11 14 48 42 52 51 40 56 44 10 43 33 57 36 3 59 49 36 20 18 15 44 36 26 32 43 36 48 47 20 42 29 56 55 35 48 37 39 44 22 59 32 41 33 56 41 27 16 29 26 45 30 34 57 38 26 20 67 54 52 18 7 39 34 31 52 55 48 33 38 26 36 30 43 47 25 44 32 47 62 55 60 43 70 39 18 33 61 30 51 55 0 57 14 27 37 38 30 10 44 19 54 31 29 51 61 14 17 36 60 27 54 69 29 52 54 27 13 39 33 26 51 43 39 45 57 45 18 55 35 38 26 24 48 27 57 39 36 24 25 13 44 28 7 50 34 19 37 56 19 46 46 38 42 46 56 31 41 28 45 46 14 12 50 30 45 34 32 62 65 39 33 48 26 56 40 44 45 35 59 27 15 55 53 53 9 1 46 30 31 52 48 22 14 9 47 12 37 46 28 12 64 42 13 50 7 49 45 49 26 35 31 48 36 47 41 34
68 20 43 56 45 49 49 25 41 19 46 44 33 21 41 42 46 59 26 41 34 14 13 29 46 54 42 51 26 41 11 44 53 43 34 22 60 55 27 17 8 9 29 42 60 5 20 49 45 6 36 29 44 9 36 40 26 42 44 40 35 18 47 31 20 57 44 48 31 20 45 18 52 36 44 40 56 54 45 9 61 7 30 44 3 44 13 27 45 58 16 55 52 42 14 42 15 30 45 42 28 53 27 9 42 17 40 22 10 42 47 33 19 55 42 47 44 35 10 21 29 49 39 50 43 10 46 35 43 20 50 3 21 14 13 48 20 27 18 52 19 43 1 35 59 11 29 15 45 22 32 21 3 50 52 46 51 15 7 25 56 16 9 49 53 23 5 49 21 35 28 27 56 22 38 28 47 22 37 6 30 28 9 15 39 33 42 58 19 39 59 41 30 17 6 18 42 35 37 36 44 43 41 18 27 52 18 11 43 43 43 47 24 46 21 31 24 34 9 40 8 43 26 65 10 25 49 31 54 59 56 20 24 32 31 31 42 23 29 51 51 37 25 52 22 43 45 14 23 38 34 42 55 49 43 48 31 34 50 46 37 40 9 47 45 36 19 13 8 32 22 15 51 47 42 4 26 55 19 10 33 40 46 43 41 29 50 34 53 47 43 12 38 42 41 41 16 23 13 37 48 21 51 3 33 38 34 22 55 33 55 32 49 13 29 33 12 20 49 56 12 20 34 44 51 18 45 45 21 26 21 30 38 54 22 34 15 37 52 51 26 12 5 11 4 26 17 27 41 53 4 40 22 22 57 0 55 31 47 45 30 52 27 55 25 39 30 7 5 54 61 34 5 36 21 14 52 9 24 52 61 26 49 39 29 20 34 27 29 15 58 8 24 44 41 35 25 45 31 53 28 34 40 49 27 32 51 14 31 40 22 4 39 29 24 20 26 40 31 32 54 38 13 28 59 47 17 54 21 41 39 5 16 19 36 13 48 12 28 52 14 29 4 47 64 41 23 9 49 56 16 45 46 26 10 47 46 50 39 56 35 19 34 62 18 38 46 8 53 17 35 31 42 26 27 28 22 13 18 27
28 68 67 32 48 7 23 37 28 57 25 28 36 54 23 18 13 24 31 26 51 52 51 39 33 5 19 28 31 57 49 30 21 21 27 35 15 15 30 39 60 53 43 56 20 51 36 39 12 51 21 46 28 55 28 21 57 32 12 44 50 48 26 41 53 8 45 19 41 49 20 64 29 25 35 30 26 30 11 50 28 61 26 43 54 37 64 51 46 24 59 5 32 33 50 28 61 34 30 60 60 16 42 54 55 66 18 42 55 61 18 35 45 32 58 29 24 51 51 35 27 9 17 16 44 52 17 39 22 40 36 54 41 60 58 9 51 56 60 24 41 18 55 22 25 64 32 48 28 35 54 35 52 15 8 13 30 51 59 34 30 48 56 7 32 34 56 30 39 26 28 31 28 41 21 30 23 45 48 61 26 44 47 59 35 51 33 32 40 21 30 16 43 39 60 50 20 34 27 42 12 26 23 40 60 28 55 52 16 25 24 10 43 10 42 30 35 25 58 58 62 30 33 23 48 38 17 53 9 11 10 39 58 24 32 48 42 39 56 22 8 31 36 7 37 59 24 46 34 53 37 15 34 17 41 29 25 29 26 18 19 46 47 15 22 39 44 47 50 45 59 41 20 31 22 56 39 13 53 46 28 25 27 16 52 40 13 24 31 24 56 44 21 50 19 63 57 33 49 28 26 39 33 57 37 31 38 49 27 31 28 33 36 45 27 26 52 36 37 33 63 48 58 25 15 38 22 40 55 59 51 27 46 12 36 23 41 54 37 31 33 47 59 56 57 47 66 32 17 20 59 38 44 48 14 55 0 26 25 26 32 21 48 31 57 22 26 50 59 1 30 27 57 33 48 65 16 49 57 14 26 42 20 19 43 45 30 37 61 46 30 51 32 47 17 28 51 16 62 26 40 26 17 8 37 32 17 51 27 22 34 54 21 38 49 39 46 54 61 35 28 34 44 51 27 19 44 16 48 24 39 60 60 39 25 49 14 57 33 31 42 28 58 37 28 62 46 49 13 14 47 19 19 44 48 11 11 9 37 2 28 41 22 25 58 50 19 48 17 43 52 40 17 31 29 40 33 44 42 37
40 47 47 40 33 20 29 13 25 37 19 27 26 30 13 18 15 30 5 15 31 27 30 17 33 23 12 25 11 38 27 29 30 14 8 13 29 25 10 14 35 28 22 38 31 26 13 30 15 26 11 25 20 33 21 11 33 20 14 27 30 23 20 20 28 26 31 25 29 31 22 42 35 10 24 26 29 29 16 28 33 37 7 29 30 25 41 28 32 30 38 24 28 21 25 18 39 13 22 42 37 23 27 31 37 44 15 24 30 42 23 16 26 38 39 31 25 31 26 11 7 19 10 25 30 30 22 21 22 15 29 29 16 34 32 18 26 33 39 32 17 18 31 11 31 40 9 28 20 10 33 10 28 26 24 19 26 30 34 15 38 28 31 20 37 9 32 25 20 8 4 14 29 16 16 12 27 21 30 37 2 29 23 37 20 30 30 32 20 10 33 11 30 14 36 30 13 17 20 24 15 26 20 15 36 34 30 27 12 25 24 17 20 17 24 17 17 5 33 39 38 28 15 36 23 21 19 31 23 29 25 13 34 6 20 27 27 22 33 30 20 16 19 21 12 40 18 25 13 34 18 15 31 25 28 23 3 19 31 17 8 29 22 17 17 30 19 25 25 25 35 17 23 32 21 31 16 25 34 22 17 13 21 13 34 18 24 14 36 27 38 20 8 33 18 43 32 8 23 21 30 19 28 33 17 25 19 31 36 11 29 13 27 20 5 14 30 11 28 32 40 29 36 17 21 13 25 28 31 35 27 11 28 27 10 11 16 34 31 35 8 22 35 31 33 24 44 16 10 30 35 24 26 30 27 31 26 0 28 27 10 24 26 30 34 17 3 25 35 25 34 17 34 16 30 42 27 25 33 26 33 19 27 13 29 20 21 23 38 20 32 28 8 32 15 11 28 20 39 33 18 7 14 19 22 12 22 26 13 11 10 30 9 25 26 14 23 35 38 15 35 19 19 29 31 18 24 29 24 21 23 36 39 14 16 24 22 32 18 35 19 13 33 28 36 42 29 26 19 26 23 22 23 28 23 19 16 20 30 26 19 21 9 33 38 31 17 24 23 23 32 28 16 10 4 26 10 20 17 14
52 54 74 12 60 21 3 40 8 41 41 5 17 55 36 12 29 45 32 39 58 50 39 44 9 28 31 46 24 66 38 6 7 35 34 28 38 37 24 35 54 49 49 65 43 44 30 54 25 46 18 52 43 44 12 33 59 45 24 55 58 48 42 48 53 31 57 7 22 34 7 49 7 35 49 9 47 49 21 40 50 51 23 56 45 51 52 55 59 46 45 28 50 46 48 42 47 41 45 69 63 37 25 43 65 52 14 28 51 69 7 43 32 10 67 5 4 59 47 32 23 28 22 9 57 41 9 49 7 39 52 47 42 57 55 26 52 59 45 5 42 11 48 17 47 52 37 35 43 33 60 32 44 10 17 15 48 38 53 24 10 35 51 23 9 33 46 47 27 35 27 22 48 43 13 22 2 48 57 53 27 25 42 45 47 58 10 52 29 32 51 26 24 36 52 35 33 44 11 51 20 4 8 38 62 6 54 48 29 5 5 25 47 20 28 17 24 31 53 66 52 8 23 47 44 24 35 59 31 35 33 38 60 22 17 54 54 26 60 5 28 42 23 28 37 68 39 35 25 61 45 16 53 8 54 45 26 14 3 34 22 57 41 32 38 17 44 36 45 52 60 35 40 7 8 49 44 36 37 39 15 37 44 30 62 46 12 15 9 1 66 36 30 61 11 71 55 31 47 11 2 27 50 48 45 11 47 32 9 39 48 40 52 42 26 17 39 33 53 52 52 33 64 40 35 35 4 54 56 61 52 21 55 14 35 18 37 62 54 8 35 43 50 52 48 51 53 21 27 8 51 50 29 31 37 47 25 28 0 4 37 41 53 50 60 12 26 44 50 24 52 14 48 43 32 53 10 39 59 12 48 47 5 16 25 46 14 22 64 44 51 41 29 59 15 37 55 11 65 6 45 34 16 24 21 39 37 49 18 33 31 48 31 21 53 39 50 63 65 43 8 46 40 56 49 36 32 10 50 8 50 52 46 37 14 46 12 53 20 8 35 20 51 52 51 70 30 39 32 37 47 8 7 26 44 15 25 28 15 26 13 29 20 48 43 59 35 40 38 32 59 21 13 25 29 23 30 36 41 42
53 51 73 13 60 22 6 39 4 38 41 2 14 54 36 12 30 47 30 38 57 48 35 43 8 29 31 46 22 65 35 4 10 35 34 26 40 38 22 33 51 46 48 64 44 42 28 54 26 43 17 51 43 41 9 33 58 45 25 54 57 46 42 47 52 33 57 9 19 31 8 46 9 35 49 6 48 50 21 37 51 48 22 55 42 50 49 54 58 47 42 30 50 46 46 42 44 40 45 68 61 38 22 40 64 49 14 24 48 68 9 42 28 12 66 4 3 57 45 30 22 29 22 11 56 38 10 48 7 38 52 44 40 54 52 27 50 57 42 9 40 12 45 16 48 50 35 33 43 31 58 30 42 13 19 16 48 35 50 21 12 31 49 24 10 31 43 48 24 34 26 20 49 41 12 20 5 46 56 51 25 22 39 42 46 56 7 53 26 32 52 26 21 34 49 32 33 43 9 50 21 2 7 36 60 8 52 46 29 3 4 26 45 21 26 15 21 30 50 65 49 5 20 49 41 21 36 57 32 37 34 36 58 21 14 53 53 23 59 8 29 42 20 29 35 67 40 32 23 60 45 17 53 10 54 46 25 11 6 35 21 56 38 33 38 14 43 33 43 51 58 32 41 6 7 46 42 37 34 37 13 37 44 30 61 45 14 14 10 4 65 33 30 60 11 69 53 30 44 8 4 24 51 45 44 8 46 29 11 38 49 40 52 39 25 15 37 31 53 53 48 30 62 40 36 33 5 54 54 59 50 19 55 16 34 17 35 61 54 8 34 41 47 50 45 49 50 19 27 11 49 50 26 28 38 45 26 27 4 0 36 42 51 51 58 11 25 41 47 26 52 12 45 43 29 50 13 36 57 14 50 45 8 15 21 44 11 18 63 42 52 38 28 59 15 36 53 12 64 9 44 33 16 26 19 38 37 47 16 33 29 46 31 18 51 37 49 62 63 42 10 45 38 54 49 37 29 13 48 6 50 50 43 35 12 44 13 51 17 9 33 18 48 52 52 68 27 36 32 38 45 9 8 23 42 17 25 30 12 28 10 26 19 49 40 58 36 37 39 29 58 18 14 23 27 20 28 33 39 40
39 48 38 49 25 27 38 6 34 40 17 37 33 23 13 27 19 30 8 12 22 21 33 8 42 29 15 22 18 29 29 38 40 14 5 18 32 27 17 14 32 24 13 28 32 25 17 23 21 24 20 16 15 34 30 13 25 13 20 19 21 17 17 11 21 31 22 34 36 35 32 44 44 8 17 34 27 25 23 29 32 36 15 21 29 18 41 20 23 29 40 30 24 14 19 13 41 4 17 32 29 25 33 32 28 45 24 30 26 32 32 7 30 47 30 40 34 22 22 13 16 24 17 34 21 32 31 12 31 10 23 28 10 29 27 24 19 25 42 41 12 27 29 20 30 40 1 31 16 11 24 12 27 34 32 27 23 33 31 22 47 31 27 26 46 10 32 21 26 7 11 21 27 10 25 19 36 14 20 34 11 35 21 39 13 21 39 29 25 12 30 17 37 14 34 34 14 8 29 15 22 35 30 12 28 43 24 22 17 34 33 23 12 24 29 25 24 8 29 29 37 37 22 36 20 28 20 22 28 32 29 10 27 15 28 18 19 28 25 39 26 9 26 27 8 31 15 27 20 25 9 24 27 34 20 19 12 28 40 18 17 20 21 20 17 38 13 28 23 15 28 18 22 41 30 29 8 27 37 22 26 11 18 16 25 9 32 23 45 37 29 22 12 24 27 34 26 11 19 30 39 25 23 32 8 34 10 36 45 4 26 4 21 17 13 23 32 12 22 28 40 33 27 15 23 13 34 20 24 27 20 19 19 36 9 20 15 25 25 44 5 19 34 26 32 15 45 23 16 39 33 16 32 35 30 30 32 10 37 36 0 23 17 26 26 26 12 23 34 31 32 26 33 9 34 42 36 27 26 35 32 11 36 22 36 14 30 30 30 16 29 29 12 24 24 6 20 29 31 42 9 6 23 25 29 4 23 20 22 12 13 27 11 32 18 10 14 26 30 6 44 12 17 20 29 19 28 38 17 30 15 34 40 11 25 19 31 27 25 45 20 21 31 21 35 33 34 27 22 29 17 31 32 35 20 28 22 24 38 32 28 26 18 33 41 22 18 24 24 26 22 35 25 17 10 33 14 21 12 6
17 69 50 51 29 21 40 28 42 60 8 43 46 43 11 30 12 8 27 12 36 43 53 27 49 16 13 7 34 40 49 45 39 10 19 36 12 8 32 36 55 47 30 38 10 47 36 19 17 47 28 33 10 55 39 13 44 14 17 26 34 39 7 27 42 15 26 35 50 53 35 65 46 16 16 43 6 9 21 50 10 58 28 24 52 18 63 38 27 7 61 17 11 16 42 12 62 23 12 43 47 6 49 54 37 66 29 47 48 44 34 22 49 50 41 45 39 35 44 33 30 14 21 33 26 53 33 24 36 33 15 50 32 51 49 16 40 43 62 42 34 31 51 29 8 62 24 50 9 32 39 32 50 33 26 27 9 53 54 38 49 51 49 19 49 30 54 10 43 18 27 36 8 32 32 34 39 34 32 57 25 51 43 60 18 36 47 12 43 14 11 17 51 35 57 53 11 20 38 26 22 41 36 34 47 45 45 45 14 40 39 17 32 22 47 37 40 20 51 41 60 45 37 14 43 43 6 39 13 14 13 33 46 26 40 34 23 44 42 40 15 17 41 15 30 41 8 48 36 36 23 25 13 34 23 9 25 38 43 8 23 28 43 9 7 50 35 48 45 31 48 39 1 47 35 51 28 9 57 44 37 13 9 13 34 27 31 32 48 40 38 43 16 32 31 46 47 30 41 39 43 42 13 54 23 43 24 54 46 20 8 21 16 39 27 34 53 33 16 12 62 52 43 9 7 34 38 21 44 46 40 32 29 32 30 30 37 38 16 48 26 41 57 48 55 34 66 38 16 38 55 21 49 53 10 52 21 24 41 42 23 0 35 10 45 33 26 45 56 21 12 36 55 19 52 64 34 48 45 32 10 31 37 28 51 35 40 45 48 39 11 51 31 28 28 17 39 31 48 44 28 18 27 17 44 21 5 43 33 13 32 50 15 46 37 32 33 36 47 23 46 19 39 38 9 6 47 36 37 37 23 56 61 33 34 42 30 49 39 48 41 34 53 17 13 45 51 49 10 9 39 34 35 51 42 26 17 13 49 20 38 44 28 10 61 33 7 46 5 46 36 49 28 33 27 48 33 42 35 27
49 47 22 64 18 43 54 13 49 44 28 51 46 9 27 43 35 41 22 24 8 14 37 10 56 44 30 31 30 15 33 53 56 29 22 28 46 41 30 21 26 19 5 16 44 24 26 25 37 22 36 3 25 35 44 28 10 21 37 14 9 11 28 9 10 46 18 50 47 41 48 44 59 23 22 49 36 33 39 31 41 33 30 18 29 20 39 3 18 40 42 45 30 20 14 24 42 14 25 18 13 39 43 34 16 44 40 38 19 17 49 14 37 63 16 55 49 8 18 23 30 39 34 50 17 35 47 12 47 15 27 25 12 20 18 40 9 8 44 57 13 44 26 36 40 38 17 36 26 21 8 22 27 51 48 44 31 38 26 33 63 37 21 43 61 21 31 28 35 22 26 34 36 11 41 33 52 7 10 30 27 45 21 41 17 7 53 36 33 27 39 33 47 20 30 40 29 16 44 11 39 50 45 17 12 59 13 17 33 49 49 39 7 41 37 38 34 25 22 15 35 52 34 48 20 38 35 6 43 47 44 17 12 31 41 4 17 37 8 55 41 19 37 42 17 17 28 33 31 12 13 40 33 50 18 28 28 42 56 33 33 14 23 35 30 50 11 33 21 5 13 25 35 56 46 25 10 41 43 25 40 25 27 32 15 9 49 38 61 52 17 27 28 15 43 18 15 23 15 44 54 34 29 30 12 48 12 43 61 18 35 16 25 18 27 37 35 22 26 34 38 40 11 27 38 21 49 20 10 12 8 33 11 52 18 35 20 11 29 59 18 17 32 19 31 3 44 35 32 55 29 17 40 42 44 27 48 26 53 51 17 35 0 34 11 42 28 23 31 47 40 40 32 17 41 41 52 30 11 51 42 7 52 39 45 10 43 41 14 15 37 32 25 17 40 21 5 45 14 58 9 23 39 41 40 17 37 14 36 27 24 24 27 43 4 16 3 14 13 14 60 17 19 4 39 32 35 54 7 46 14 29 42 17 40 16 47 19 37 60 25 35 26 24 45 18 42 31 37 43 13 47 48 44 19 44 38 40 51 48 42 34 34 43 44 11 32 27 38 33 9 46 42 30 25 43 25 26 14 12
17 73 45 61 23 31 50 30 51 65 11 52 54 42 17 40 22 10 32 16 32 45 58 28 58 26 21 6 40 34 54 54 49 17 24 42 20 17 39 40 57 49 29 33 15 50 42 12 26 49 37 31 11 59 48 20 42 14 27 22 30 40 10 26 42 25 20 45 58 60 44 70 56 21 13 52 5 1 30 55 8 61 35 19 55 14 67 36 22 9 66 27 4 14 43 14 67 25 10 38 44 16 57 58 32 70 38 54 50 39 43 23 55 59 36 54 48 31 47 38 37 24 29 43 21 58 42 22 45 36 8 53 34 52 50 26 40 41 67 51 37 40 54 38 9 66 27 56 11 36 37 37 53 43 36 36 4 59 56 44 59 56 51 29 59 35 57 6 50 22 33 43 4 34 41 41 48 35 28 59 32 58 47 65 17 33 56 3 49 21 6 26 59 39 59 59 19 20 47 23 31 50 45 38 45 55 45 47 23 49 48 26 33 31 53 45 47 26 53 37 63 54 44 17 46 50 16 36 23 22 22 36 45 34 48 32 19 51 39 49 25 18 48 25 34 36 13 53 43 32 23 35 3 44 18 8 32 47 53 17 32 24 47 19 14 58 37 53 48 29 47 44 11 56 45 54 30 18 63 48 45 18 9 22 28 28 40 41 58 49 33 48 23 26 41 41 48 35 43 48 52 49 6 57 23 52 23 61 56 23 3 23 10 42 34 42 58 38 9 2 66 58 39 13 17 39 47 16 43 44 40 39 25 42 34 38 41 34 8 58 30 44 60 50 58 34 70 45 24 48 58 18 56 59 19 55 31 30 50 51 26 10 34 0 44 42 33 49 59 31 7 45 59 20 59 68 44 52 44 42 10 31 47 37 58 37 49 52 45 41 4 55 37 23 37 21 38 40 45 53 28 23 36 27 51 23 15 44 41 20 38 52 22 54 37 35 33 32 44 24 56 18 42 36 7 15 53 45 37 46 20 58 66 37 43 44 40 50 47 58 45 41 56 12 13 40 58 53 19 18 41 43 44 58 45 36 26 23 58 29 47 50 36 12 66 29 16 50 14 51 32 57 38 39 33 55 38 47 37 29
59 43 19 70 26 52 61 21 55 42 38 58 50 5 36 50 45 51 29 35 13 13 36 20 61 54 40 41 36 18 33 59 63 38 31 33 56 51 36 25 21 17 16 19 54 23 31 34 46 20 43 13 35 33 50 38 2 31 46 23 15 13 38 19 7 56 26 57 50 42 55 42 66 33 32 54 46 43 48 31 51 30 37 27 27 30 36 8 26 50 40 55 40 31 14 34 40 24 35 19 4 49 46 32 20 41 47 41 16 18 56 24 39 69 18 61 56 15 17 28 37 49 43 58 25 34 55 22 53 21 36 23 18 13 13 49 8 3 42 64 19 51 24 43 50 34 26 36 36 27 9 28 25 59 57 52 41 37 21 38 69 38 17 52 68 27 29 38 38 32 33 39 46 18 48 38 58 13 18 25 35 48 22 39 27 13 58 46 36 37 49 42 50 25 26 40 39 26 50 21 48 56 52 22 3 65 8 15 42 56 55 48 15 50 40 44 39 33 18 16 31 57 39 58 20 42 45 9 53 57 54 22 2 39 46 13 26 40 6 62 51 29 41 52 23 19 38 34 36 16 23 48 43 58 27 38 35 47 62 42 41 22 23 45 40 54 16 34 20 15 4 28 45 62 53 22 19 52 43 26 45 34 37 42 20 18 57 45 67 59 20 29 37 22 51 17 9 29 15 50 61 38 39 27 23 53 22 44 68 28 45 26 35 20 34 44 35 27 35 44 35 41 10 37 48 25 56 30 5 2 8 39 20 61 25 42 24 14 38 65 26 19 28 15 28 11 40 40 41 63 25 26 42 44 54 25 57 34 60 58 26 45 11 44 0 49 35 22 27 56 50 46 29 27 43 37 60 30 1 59 52 16 59 46 48 14 49 45 5 17 47 31 31 25 48 31 6 53 7 65 19 32 47 50 44 27 47 13 42 37 29 21 37 47 9 22 12 18 7 23 67 27 21 8 49 43 37 62 10 52 24 25 40 23 47 16 55 13 42 66 28 40 22 33 55 16 43 31 47 53 14 54 56 46 19 53 47 50 56 57 48 37 41 53 42 17 42 27 48 35 14 49 49 35 32 46 30 28 19 21
46 49 63 23 49 15 13 29 10 36 32 11 15 44 26 4 21 38 20 28 47 39 32 33 17 23 22 37 14 54 30 13 15 26 23 18 33 30 13 25 45 39 38 54 37 35 20 44 17 36 6 41 33 36 7 23 48 34 16 44 47 37 33 37 43 27 47 10 20 29 7 44 18 24 38 10 39 41 13 32 42 43 12 45 37 40 45 44 48 38 39 24 41 36 37 32 41 30 35 58 52 29 21 35 53 46 5 22 41 58 9 32 25 22 56 14 8 47 37 21 12 21 13 11 46 33 7 37 5 28 42 38 31 46 44 19 41 48 40 16 31 5 39 6 39 45 25 29 33 22 49 22 36 13 16 10 39 31 44 15 22 28 41 17 20 22 38 38 19 24 16 12 40 31 1 12 10 36 46 45 15 22 32 39 36 46 15 44 21 22 43 16 22 25 43 29 24 33 6 40 12 9 4 27 51 17 43 38 19 9 8 18 35 13 22 9 16 20 43 55 44 13 14 41 33 17 27 47 25 31 27 27 49 11 10 43 43 19 49 14 22 31 15 22 26 57 30 27 16 50 34 8 44 11 43 36 15 8 15 26 11 45 31 24 29 18 33 28 35 41 49 25 32 16 5 40 32 29 32 30 7 26 34 20 51 34 12 5 20 11 55 27 20 50 4 59 45 20 36 7 13 19 41 40 34 11 36 28 20 27 40 29 42 31 15 6 33 22 43 44 44 27 52 30 27 24 8 44 45 50 41 10 44 16 24 7 27 51 44 19 24 33 42 42 40 40 47 13 18 15 43 39 23 27 31 39 22 17 12 11 26 33 42 42 49 0 15 34 42 21 44 6 40 32 27 46 13 31 48 14 41 35 11 5 22 35 9 16 53 33 43 33 18 48 6 26 44 7 54 17 34 23 7 18 16 28 29 38 8 23 20 39 21 17 41 27 39 52 54 31 19 35 30 45 41 28 25 16 39 5 39 44 40 26 4 36 10 43 12 19 26 10 42 42 44 58 25 31 24 31 36 7 8 23 34 11 17 22 17 23 7 21 8 41 38 48 26 31 30 24 48 19 5 14 18 19 19 27 30 30
42 45 49 37 36 20 27 15 22 35 22 25 23 31 16 16 17 33 6 18 33 27 28 19 30 24 14 28 8 40 25 27 29 17 11 10 31 27 7 14 35 28 24 40 33 25 11 33 16 26 9 27 23 31 18 14 34 23 14 30 33 24 23 23 29 27 33 23 26 28 20 40 32 13 27 23 31 32 16 26 36 35 4 32 29 28 39 30 35 32 36 25 31 24 25 21 37 16 25 44 38 25 24 29 39 42 13 22 29 44 22 18 24 36 42 28 22 33 25 10 4 20 10 24 32 28 20 24 20 15 32 28 17 35 33 19 27 34 37 30 17 17 30 9 33 39 11 25 23 9 35 10 27 24 24 18 29 28 34 12 36 25 31 20 35 9 30 28 17 11 2 11 32 17 14 9 25 22 32 36 1 26 22 35 23 32 27 35 18 13 35 12 27 14 35 28 15 19 17 26 15 23 18 15 38 32 31 27 14 23 22 18 21 17 21 14 14 8 33 41 37 26 12 38 23 18 21 33 25 30 27 14 35 4 17 29 30 19 35 28 22 19 16 22 12 43 20 22 11 36 21 14 34 23 31 26 2 16 29 19 7 32 21 19 20 27 20 23 25 27 36 16 25 29 19 30 18 27 31 21 14 16 24 15 37 20 23 11 34 25 41 19 11 36 16 45 32 7 24 18 27 17 31 32 20 22 22 29 34 14 32 16 30 19 2 11 28 11 31 35 39 27 38 20 23 13 22 31 32 36 28 8 31 26 11 8 16 37 34 33 10 21 34 31 32 25 42 13 12 28 34 26 24 27 29 30 26 3 26 25 12 26 28 33 35 15 0 24 34 25 37 14 32 19 27 40 26 24 35 25 35 21 25 12 26 21 18 20 39 21 35 27 7 35 13 14 30 18 40 31 20 10 12 19 19 14 24 26 10 13 9 29 12 22 27 14 25 38 40 17 33 22 19 30 34 21 22 28 25 19 26 35 37 14 14 24 21 32 15 33 17 10 32 31 39 44 26 24 20 28 23 20 21 25 23 19 17 21 27 26 17 19 7 36 36 34 19 22 25 20 34 25 15 7 4 23 8 18 17 16
62 26 40 53 40 43 45 19 37 22 39 40 31 18 35 37 39 53 20 35 30 10 15 22 43 48 35 44 21 37 11 41 49 37 27 17 53 48 22 11 11 6 24 37 54 2 15 43 39 3 30 24 38 13 32 34 23 35 38 34 31 13 40 26 16 50 38 43 29 20 40 23 49 30 38 37 49 48 39 10 54 13 25 38 7 38 19 23 39 52 20 49 46 35 10 36 20 24 39 39 26 47 25 12 38 23 35 20 8 38 42 26 18 52 38 44 40 31 6 15 24 43 33 45 37 13 41 30 38 13 44 5 15 14 13 42 16 23 22 48 13 38 6 30 52 18 23 15 39 15 28 15 5 46 47 41 45 16 10 20 52 16 9 43 50 17 9 43 19 29 22 22 49 16 34 23 43 17 32 12 24 27 3 19 33 29 39 51 16 33 53 35 29 11 12 19 35 29 33 31 38 40 36 12 25 49 15 7 36 39 39 41 19 40 19 27 20 27 10 36 15 39 21 59 4 22 42 27 48 53 49 13 22 27 28 26 36 20 26 47 45 31 22 46 15 39 38 13 19 34 27 37 49 44 38 42 25 30 46 40 31 35 3 41 39 34 13 12 3 26 20 10 45 44 37 7 20 49 21 5 29 33 40 37 37 23 45 30 50 43 38 9 32 37 37 38 14 17 8 33 44 18 45 9 27 35 28 23 51 27 49 26 42 7 23 28 14 14 43 50 18 20 30 37 45 12 41 39 18 23 17 25 33 49 16 29 9 33 46 48 20 6 12 10 10 21 22 23 35 48 10 34 21 22 51 7 50 25 44 41 23 45 23 49 22 34 24 0 11 49 54 30 10 30 21 20 47 8 21 47 54 20 44 33 27 14 31 25 27 9 51 10 18 39 35 29 21 40 29 49 22 28 35 43 24 26 45 10 27 33 16 5 32 27 19 14 21 36 28 25 50 32 7 24 52 41 16 49 17 37 33 11 20 13 31 7 43 11 24 49 9 25 9 41 58 37 22 9 43 50 11 40 41 25 5 42 40 44 36 50 31 17 29 55 22 33 40 5 46 15 31 29 37 21 21 26 17 8 12 20
72 16 46 58 49 52 52 29 43 17 50 46 35 25 45 45 50 63 31 45 38 17 14 33 48 58 46 55 29 44 13 47 56 47 38 25 64 59 30 21 8 12 33 45 65 10 23 53 49 10 39 33 49 8 39 45 29 46 48 44 39 22 51 35 23 61 48 50 32 20 47 15 55 40 48 42 60 58 49 11 65 3 34 48 6 48 9 30 48 62 13 58 56 46 18 46 13 34 49 46 31 57 28 9 45 14 43 24 13 45 50 37 20 57 45 50 47 39 14 25 33 53 43 53 47 11 49 40 46 24 54 7 25 16 16 52 23 30 15 55 23 46 5 38 63 7 33 16 49 26 35 25 7 54 55 49 56 15 8 28 58 17 12 53 55 27 5 54 24 39 32 30 60 26 42 31 50 26 41 5 34 29 13 13 43 37 44 62 22 43 63 45 31 22 3 19 46 40 40 40 47 46 44 23 30 54 21 14 47 46 46 51 28 49 22 34 27 38 11 43 4 45 29 69 14 27 53 34 58 63 60 24 27 36 34 34 46 25 33 54 55 42 28 56 26 46 49 16 27 41 38 45 59 52 48 52 35 37 52 50 40 44 14 51 50 37 24 15 12 35 25 19 55 49 45 7 30 59 19 13 36 44 51 47 45 33 53 38 55 50 46 16 42 46 45 44 18 27 17 40 50 24 55 3 37 40 38 23 57 37 59 37 53 17 32 36 12 24 54 61 8 20 37 48 55 22 48 49 24 29 24 33 42 57 26 37 19 40 56 53 30 16 1 14 2 30 13 29 45 56 4 45 23 23 61 5 59 35 50 47 34 56 31 59 27 42 34 11 0 58 65 37 3 40 22 10 55 11 26 55 65 30 52 42 30 24 37 29 32 19 62 10 27 48 44 40 28 48 34 55 32 39 43 53 29 37 55 18 35 44 26 8 43 31 28 25 30 43 34 36 56 43 18 31 63 52 19 57 25 44 43 4 13 23 39 17 51 14 31 54 17 33 5 52 69 43 23 12 53 61 20 48 48 27 15 50 50 54 40 60 38 22 37 66 16 41 50 12 57 19 39 32 45 29 31 29 26 16 22 31
29 68 66 33 47 6 23 36 28 56 25 27 35 53 22 18 13 23 30 25 50 51 51 38 33 5 18 27 30 56 48 29 20 20 26 34 14 14 29 38 59 52 42 55 20 50 35 38 11 50 20 45 28 54 28 20 56 31 11 43 49 47 25 40 52 7 44 18 40 49 19 63 29 25 34 29 26 30 10 49 27 60 25 42 53 36 63 50 45 24 58 5 31 32 49 27 60 33 30 60 59 15 42 53 54 65 18 41 54 60 18 34 45 31 57 28 23 50 50 34 26 9 16 16 44 51 17 38 21 39 35 53 40 59 57 8 50 55 59 24 40 17 54 22 25 63 31 48 27 34 53 34 51 15 8 12 29 50 58 33 31 47 55 6 32 33 55 30 38 25 27 31 27 40 20 29 22 44 47 60 25 43 46 58 34 50 32 31 39 20 29 15 42 38 59 49 19 33 26 41 11 26 22 39 59 28 54 51 15 25 24 9 42 9 42 29 35 24 57 57 61 30 32 24 47 37 16 52 8 12 10 38 57 23 31 47 41 39 55 22 7 30 35 6 36 58 23 45 33 52 36 14 33 17 40 28 24 28 26 17 18 45 46 14 21 38 43 46 49 44 58 40 20 31 22 55 38 13 52 45 27 24 27 15 51 39 13 23 31 23 55 43 20 49 18 62 56 32 48 27 26 38 33 56 36 30 37 48 28 30 28 32 35 44 26 25 51 35 36 32 62 47 57 24 14 37 22 40 54 58 50 26 45 13 35 22 40 53 36 31 32 46 58 55 56 46 65 32 16 19 58 37 43 47 14 54 1 25 24 26 31 21 47 31 56 21 25 49 58 0 30 27 56 32 47 64 16 48 56 14 26 41 20 18 42 44 30 37 60 45 30 50 31 46 16 27 51 16 61 26 39 25 16 7 36 31 16 50 26 21 33 53 20 37 48 38 45 53 60 34 27 34 43 50 27 18 44 17 47 23 39 59 59 38 24 48 13 56 32 31 41 27 57 37 28 61 45 48 13 14 46 18 19 43 47 10 10 8 36 3 27 40 22 25 58 49 18 47 17 43 51 39 16 30 28 39 33 43 41 36
10 79 50 61 28 32 51 36 53 70 15 54 57 48 21 42 24 7 37 20 39 51 63 34 60 25 24 10 44 41 59 56 49 20 29 46 17 16 43 45 63 55 35 39 12 56 46 18 28 55 39 38 17 65 50 23 49 20 29 28 36 46 15 32 48 23 27 46 61 64 46 75 57 26 19 54 6 7 31 60 3 67 39 25 61 20 72 43 28 7 71 26 10 20 49 19 72 31 16 43 51 16 60 63 38 76 40 58 55 45 45 29 60 60 42 56 49 37 52 43 40 25 32 44 27 63 44 28 47 42 15 58 40 58 56 27 47 47 72 52 42 42 60 41 6 71 32 61 16 41 43 42 58 43 36 38 10 63 62 48 59 61 57 30 60 40 63 12 54 27 38 47 5 40 43 45 50 41 34 65 36 62 52 70 23 39 58 4 54 25 2 28 62 45 65 64 22 26 49 29 33 52 47 43 51 56 51 53 25 51 50 28 39 33 57 48 51 30 59 43 68 56 48 12 51 54 18 42 22 20 21 42 51 37 51 38 25 55 45 50 25 24 52 25 39 41 17 58 47 38 29 37 8 45 24 13 35 50 54 19 34 30 52 21 17 61 43 58 54 35 53 49 13 58 47 59 35 17 67 53 48 22 15 24 35 34 41 43 59 51 38 53 26 33 43 48 54 40 49 50 54 53 12 63 29 54 29 65 56 28 6 29 16 48 38 45 63 43 16 6 71 63 45 18 18 44 49 22 50 50 46 43 31 42 40 41 47 40 13 59 35 49 66 56 63 40 76 49 27 48 64 24 60 64 17 61 30 34 52 52 32 12 40 7 50 44 37 54 65 30 0 48 64 25 63 73 44 58 50 42 5 37 48 39 62 43 51 56 51 47 4 60 41 29 39 26 44 42 51 54 34 28 38 28 55 29 15 50 44 24 42 58 26 57 43 41 39 38 50 30 56 24 48 42 3 17 58 46 44 48 26 64 71 42 45 50 41 56 50 59 50 45 61 18 7 47 62 58 20 17 47 45 46 62 51 37 27 24 60 28 49 55 39 7 71 35 18 55 15 56 38 60 40 43 37 59 43 52 43 35
51 43 61 25 50 21 16 28 9 30 35 12 10 42 28 10 25 43 19 31 46 36 26 32 16 28 25 40 10 54 25 13 20 29 24 14 38 35 10 22 40 35 37 53 41 30 16 46 22 32 9 40 36 31 4 26 46 36 20 44 46 34 36 36 40 32 47 15 14 23 12 38 20 26 40 9 42 44 19 27 46 38 11 46 32 41 39 42 49 42 33 29 44 37 34 34 35 30 38 57 50 34 15 30 53 40 10 16 37 57 14 32 19 24 55 15 11 47 33 18 11 26 16 17 46 28 13 38 9 26 45 33 29 43 41 24 38 46 34 19 28 11 34 8 43 40 25 23 36 20 47 19 31 18 22 15 42 25 39 10 24 22 37 23 22 20 32 40 14 25 15 8 43 29 7 8 14 34 46 40 15 17 28 33 37 45 13 47 16 24 46 20 16 22 39 23 27 33 4 40 17 11 7 25 49 20 40 35 23 10 10 22 34 18 16 3 10 21 39 54 39 12 9 46 30 11 31 46 30 36 32 25 46 12 5 42 44 13 47 18 27 33 10 27 24 56 33 22 11 50 35 13 47 16 44 38 15 2 17 29 14 46 27 28 32 14 31 23 31 40 46 21 35 16 8 35 31 34 26 25 1 29 36 24 51 34 18 5 21 14 54 22 22 50 9 58 41 18 33 5 15 14 44 35 34 8 36 22 22 28 43 30 44 28 14 4 27 20 45 47 39 22 51 32 32 21 12 45 42 48 39 8 44 21 22 7 23 50 47 20 23 30 36 38 35 38 41 8 21 20 38 40 17 21 36 34 27 17 14 12 26 36 40 45 46 6 14 30 37 27 48 0 34 33 21 40 19 26 45 19 45 34 16 10 16 32 4 10 51 30 46 28 16 49 11 27 42 13 52 20 33 24 11 24 10 28 33 35 5 25 18 34 23 11 39 25 37 51 51 31 22 36 26 43 45 31 19 21 37 8 40 39 34 24 3 32 16 39 7 20 21 6 37 44 48 57 19 25 28 35 33 12 13 17 30 17 22 27 14 29 3 16 9 45 32 47 30 26 34 19 47 14 11 11 17 13 16 22 28 29
71 16 47 56 49 51 50 29 41 15 49 44 33 26 45 43 48 62 29 44 38 18 11 32 45 56 45 54 27 45 11 44 54 46 37 23 62 58 28 20 10 13 33 46 64 9 22 53 48 10 37 33 48 6 37 44 30 45 46 44 40 22 50 35 24 59 48 49 30 18 46 14 52 40 48 40 59 58 47 9 64 4 32 48 4 48 9 31 49 61 12 57 56 45 18 46 12 34 49 47 32 56 26 6 46 13 41 21 13 45 48 36 18 55 46 47 45 39 14 23 31 51 41 51 47 9 47 39 43 23 54 7 25 17 17 51 24 30 14 53 23 44 6 36 62 8 32 13 49 24 36 24 6 52 54 47 55 13 9 26 56 15 13 51 53 26 2 53 22 38 30 28 59 26 40 29 48 26 41 7 33 26 13 11 43 37 42 61 20 42 63 44 29 20 5 16 45 39 38 40 46 44 41 22 31 52 21 15 45 44 44 49 28 48 20 31 24 37 12 44 5 42 27 68 14 25 52 35 56 62 58 23 28 34 32 35 46 23 34 52 53 41 26 54 25 47 48 14 25 42 37 44 59 50 47 51 34 35 50 49 39 44 13 50 49 35 23 13 12 36 26 17 55 47 42 7 30 58 17 12 33 43 50 46 46 33 51 36 53 48 47 14 41 46 43 45 20 26 18 38 48 22 55 2 37 38 38 20 55 37 58 36 52 17 31 34 10 23 53 60 8 18 37 47 54 21 46 49 24 30 25 31 42 55 25 35 18 41 56 51 30 16 2 15 1 30 13 28 43 54 5 44 21 21 60 5 57 34 48 45 33 55 32 59 29 40 32 10 3 56 64 34 0 40 19 10 53 10 28 53 64 30 50 40 27 24 35 27 33 19 61 8 26 48 42 39 29 46 35 53 32 38 41 51 27 36 54 18 33 43 24 9 42 29 28 24 30 44 35 35 54 42 17 32 62 50 17 55 25 42 43 6 12 22 37 17 49 16 29 52 16 31 7 51 68 45 21 9 52 59 20 46 47 25 14 49 48 53 38 58 36 20 36 65 14 42 49 10 56 17 39 30 43 27 30 27 25 14 22 30
34 55 34 55 17 29 44 11 41 48 12 43 41 24 11 32 20 25 15 9 19 26 40 9 48 29 15 16 26 24 36 45 44 13 9 26 30 24 25 22 38 30 12 23 28 31 25 15 23 30 26 14 9 41 37 13 26 6 23 12 17 21 12 8 24 30 15 39 44 43 37 51 50 9 9 41 21 19 26 36 26 42 22 13 36 10 48 20 16 24 47 30 17 6 24 8 48 6 10 28 28 22 42 39 23 52 29 38 30 28 38 4 38 53 26 46 40 18 27 21 23 24 22 39 14 39 36 6 37 17 15 34 15 33 31 25 22 25 49 46 18 33 35 27 25 47 10 38 10 19 22 20 34 39 35 32 16 41 37 30 53 39 32 28 52 18 39 14 34 9 19 29 21 15 31 27 42 16 16 40 18 44 28 47 4 18 45 22 33 13 24 20 45 21 40 42 13 1 36 9 26 41 36 19 29 49 26 28 18 40 39 25 14 28 37 32 31 13 34 26 44 44 30 32 27 35 19 21 27 31 28 17 28 22 35 16 11 36 24 44 26 2 34 27 16 26 12 35 27 20 4 28 20 39 12 13 19 35 46 17 22 14 28 19 13 45 18 36 29 13 29 26 19 47 36 34 10 26 45 29 33 9 12 17 20 9 37 30 51 42 24 30 14 18 33 30 29 19 24 37 45 33 15 38 5 41 6 44 50 6 20 5 13 23 20 30 40 20 14 21 47 41 25 11 22 21 40 13 25 28 22 26 13 40 16 26 23 22 17 50 13 25 41 31 39 16 52 31 18 44 39 8 40 43 27 36 33 16 43 43 9 19 17 20 27 32 19 30 40 32 25 33 40 0 42 49 40 34 27 39 26 13 41 28 43 18 37 38 30 22 23 37 21 17 29 7 21 34 30 48 9 10 28 26 37 5 20 25 29 12 21 33 13 40 19 17 15 21 29 5 50 3 24 19 24 17 36 42 19 37 8 39 48 18 32 25 35 31 33 51 27 28 37 13 30 30 42 35 21 26 22 36 38 43 26 32 24 25 46 32 35 34 25 28 48 17 16 31 22 34 19 43 30 25 18 41 22 29 18 10
68 23 61 39 56 41 34 33 25 10 48 28 16 39 43 31 43 59 28 44 48 30 9 38 28 48 40 54 19 56 10 28 38 43 36 18 56 53 21 21 28 27 41 56 59 21 18 57 40 23 27 42 48 14 22 40 43 47 39 51 49 32 49 41 36 51 55 34 12 2 32 18 35 38 51 24 58 58 38 13 62 22 25 54 18 51 21 42 56 59 14 49 57 48 30 46 16 37 50 58 46 51 7 14 56 21 30 6 29 58 34 40 4 38 57 31 29 49 26 22 24 44 34 37 54 11 33 45 29 28 56 22 31 34 33 43 36 44 14 37 29 31 22 26 60 22 33 7 49 24 47 23 19 38 42 36 55 7 27 15 39 5 28 42 36 25 18 54 10 37 26 18 58 32 27 20 32 35 50 26 28 8 21 13 46 47 25 61 10 39 62 38 10 22 24 4 42 42 23 47 37 28 27 26 45 36 35 28 40 28 28 42 36 38 6 19 13 34 29 55 22 26 16 64 23 10 47 46 49 55 51 26 42 27 17 44 52 9 46 36 46 43 13 46 28 58 47 9 17 52 42 33 60 36 53 52 28 20 34 45 31 52 20 45 47 17 31 9 23 44 41 18 52 30 28 24 35 52 6 18 20 42 50 41 55 38 38 24 36 32 57 15 37 55 30 58 35 24 28 23 32 11 56 20 41 22 43 2 39 38 58 38 55 24 26 22 10 23 56 61 21 2 50 46 49 23 31 54 38 44 37 22 50 42 27 25 22 52 58 34 30 25 21 30 20 39 22 16 38 39 24 49 4 2 54 21 48 30 32 29 34 52 41 59 43 27 27 21 22 47 63 21 19 42 0 22 39 14 42 39 62 37 35 30 9 32 19 11 47 27 61 13 23 55 31 38 40 33 49 37 37 36 31 43 12 37 50 30 22 40 22 24 38 12 39 27 39 54 49 39 38 45 23 43 60 47 6 40 36 27 48 25 15 25 24 27 36 31 15 35 17 20 25 55 65 57 2 13 46 54 30 32 32 7 24 37 41 46 20 49 21 9 27 62 12 51 46 16 52 8 49 12 32 20 26 10 21 16 28 35
80 7 55 60 58 58 55 38 46 13 58 49 37 34 54 49 57 71 38 54 47 27 15 42 49 64 53 64 35 53 17 49 59 55 46 31 71 66 36 29 16 22 43 55 72 19 30 62 56 20 45 42 57 10 42 52 38 55 54 53 49 31 59 45 32 67 57 54 33 20 51 7 57 49 57 45 68 67 55 15 73 8 40 57 13 57 2 40 58 71 9 65 65 55 27 55 7 43 58 55 40 65 29 12 55 5 48 26 22 54 53 46 22 59 54 52 50 48 23 32 39 60 49 57 56 13 53 49 49 33 63 16 34 24 25 59 33 39 10 58 32 50 15 43 71 3 42 18 58 33 44 33 15 58 61 54 64 16 17 32 60 19 21 59 57 35 11 62 27 47 39 34 68 35 46 36 53 36 50 12 41 29 22 9 52 46 46 71 25 51 72 52 31 29 12 19 54 49 43 50 53 49 47 31 39 57 30 24 54 49 49 57 38 55 25 37 31 45 20 52 7 47 33 77 23 30 60 43 65 70 67 32 36 42 37 44 56 28 42 57 61 50 31 62 34 55 57 19 32 51 47 51 68 55 57 61 42 40 55 58 47 53 22 59 58 38 33 19 21 45 34 25 64 51 48 16 40 67 17 21 39 52 59 54 55 42 57 42 57 53 56 22 50 55 49 53 28 35 27 43 53 27 64 12 46 43 47 22 60 46 68 45 62 26 39 40 14 32 63 70 3 21 46 56 63 30 51 59 33 38 34 38 51 61 34 42 27 50 65 55 39 25 9 23 11 39 3 34 52 59 13 54 24 23 69 14 65 42 53 50 42 64 41 68 37 46 40 20 10 64 73 40 10 49 22 0 59 17 36 59 73 39 55 47 30 33 40 32 40 28 71 14 34 58 49 48 38 52 42 58 41 47 49 59 32 45 63 27 39 52 33 18 50 32 37 33 39 53 43 45 59 52 26 41 71 59 22 60 35 47 52 13 8 32 43 26 55 24 34 56 24 37 15 61 77 53 24 17 60 68 29 51 52 28 24 56 56 61 41 66 41 25 43 74 12 51 58 19 65 22 48 33 50 35 39 31 33 23 31 40
44 61 73 18 57 13 8 39 15 48 36 14 25 56 31 11 23 38 31 34 57 51 44 43 19 20 26 39 27 64 43 15 6 30 32 31 30 29 26 37 58 51 48 63 35 48 33 49 19 49 17 51 38 49 18 28 60 40 19 51 56 49 37 46 54 23 54 5 30 41 8 56 14 32 44 17 40 43 15 45 42 56 24 52 50 46 57 55 55 38 51 19 44 42 50 37 53 39 40 67 63 29 32 48 62 58 13 34 53 67 6 41 38 17 65 14 10 57 50 33 24 20 19 2 53 46 6 46 10 40 47 51 42 59 57 19 52 59 52 8 42 10 52 18 39 58 35 41 38 34 59 34 49 2 8 9 42 44 57 28 16 41 54 15 17 33 51 42 32 32 27 25 41 43 14 25 8 47 55 58 26 33 45 51 43 56 19 45 34 28 43 21 32 38 56 41 29 41 16 49 15 13 12 39 63 13 56 51 24 12 11 18 46 14 34 22 29 28 56 65 57 17 27 39 46 29 28 58 23 27 25 39 61 22 22 53 50 31 60 7 20 39 28 20 37 66 34 40 29 59 43 13 46 4 50 40 25 19 11 28 19 54 44 26 32 26 45 41 48 50 61 38 33 16 11 53 43 28 44 43 20 33 38 24 59 44 4 18 16 9 63 40 27 58 11 69 57 32 48 17 12 32 45 53 42 19 44 39 13 36 41 38 47 44 26 19 45 35 48 46 57 39 63 35 27 37 9 50 57 61 53 23 53 4 36 19 39 60 48 16 34 46 55 55 53 50 59 26 23 5 56 47 35 38 29 52 16 27 10 13 36 34 52 44 60 13 26 47 55 16 44 19 53 40 39 59 0 44 60 2 41 46 5 14 32 46 20 28 64 45 44 46 31 56 13 34 55 8 65 10 44 31 14 17 28 37 30 50 21 29 33 52 27 28 52 39 49 61 65 40 13 42 42 55 41 30 37 3 50 12 47 57 52 38 17 48 5 56 25 16 39 23 55 48 43 68 37 44 25 29 48 8 7 34 46 9 18 21 24 18 18 34 19 40 50 56 30 44 30 37 58 29 11 27 29 30 31 40 42 40
64 22 48 48 46 42 41 23 32 15 43 35 25 26 37 34 40 55 22 38 37 18 7 28 37 47 37 48 18 44 4 36 45 39 30 14 54 50 19 13 16 14 30 45 56 8 13 48 39 10 28 31 42 8 28 36 30 39 38 40 37 20 43 31 24 51 44 39 23 13 36 18 44 32 43 32 52 52 38 3 57 13 23 44 7 43 16 30 45 54 14 48 50 40 17 39 15 28 43 46 33 48 18 6 45 19 32 14 15 45 39 31 10 47 45 39 36 38 13 15 22 43 33 42 43 6 38 35 35 18 48 9 20 21 20 42 23 31 16 44 18 35 9 27 55 16 26 7 42 17 35 16 6 43 45 38 49 9 15 17 47 9 15 43 45 18 8 47 13 31 22 19 53 21 31 20 39 24 39 15 24 20 9 13 38 36 34 55 11 34 56 35 22 14 14 11 37 34 29 36 37 35 33 16 32 44 22 15 37 35 35 41 25 39 12 23 16 29 16 43 14 34 18 61 11 16 44 34 48 53 50 17 29 26 23 32 42 14 33 43 45 35 17 46 19 46 41 5 16 41 32 35 53 41 43 45 25 26 41 42 30 41 7 42 42 27 20 5 10 33 28 9 47 38 34 11 25 50 14 6 25 36 44 38 44 28 42 27 44 39 46 5 33 44 34 45 22 18 16 29 39 13 49 10 32 30 33 15 47 30 52 30 47 13 22 25 7 15 48 54 15 12 38 40 46 14 37 45 25 31 24 22 39 46 19 26 12 40 51 43 23 13 12 17 9 27 19 18 35 45 13 40 14 15 52 9 49 25 39 36 27 48 30 52 30 31 24 8 11 48 58 26 10 34 14 17 44 0 29 44 57 26 41 31 20 21 26 19 35 15 55 3 18 45 33 32 28 37 36 44 27 30 33 43 19 30 47 17 24 35 16 11 34 21 27 18 28 43 36 30 46 37 12 31 55 43 9 46 24 33 38 14 14 16 28 15 40 18 20 44 8 22 13 46 61 45 15 1 44 51 18 37 37 18 12 40 40 44 30 49 27 11 27 58 15 40 42 3 48 8 38 22 34 19 22 19 16 6 17 25
60 42 20 70 27 52 60 21 54 41 38 57 49 4 37 50 45 51 29 35 14 12 35 19 61 54 40 41 35 19 32 58 63 39 31 32 56 51 36 25 20 16 16 20 54 22 30 35 46 19 43 13 35 32 49 38 3 32 45 24 16 12 38 19 6 56 27 57 49 41 54 41 65 33 32 54 47 44 48 30 51 29 37 28 26 30 35 8 27 50 39 55 41 31 13 34 39 24 35 20 5 49 45 31 21 40 47 40 15 19 56 24 38 69 19 60 55 15 16 28 36 49 42 58 26 33 54 23 53 20 37 22 18 12 12 49 8 4 41 63 18 51 23 43 50 33 26 35 36 27 10 27 24 58 57 52 41 37 20 37 69 37 16 51 67 27 28 39 38 32 33 38 46 18 48 38 58 13 18 24 34 47 21 38 28 13 57 47 35 37 49 42 49 24 25 39 39 26 49 22 47 56 51 21 4 65 7 14 42 55 55 48 15 49 39 43 38 33 17 17 30 57 38 58 19 41 45 10 53 57 53 22 1 38 45 13 27 40 7 61 51 29 40 52 23 20 38 33 35 17 23 48 43 57 28 38 35 47 62 43 41 23 22 45 40 53 15 33 19 16 3 27 45 61 52 21 19 52 42 25 45 35 38 42 21 19 57 44 66 58 21 28 37 23 50 18 8 28 14 50 60 37 39 26 23 52 22 43 67 28 45 25 35 19 34 43 34 26 36 45 34 40 11 37 48 25 56 30 4 3 7 39 20 60 24 42 23 15 39 65 26 18 27 14 27 12 39 39 41 62 24 27 41 43 54 24 57 33 59 57 26 45 11 44 1 48 35 21 26 56 50 45 28 27 42 36 60 29 0 59 52 16 59 46 47 14 48 44 6 16 47 30 30 26 48 31 7 52 8 64 18 32 46 50 43 27 47 12 42 37 29 20 37 46 8 21 13 19 8 24 66 27 20 9 49 43 36 62 10 52 25 24 39 22 46 15 55 12 42 65 27 40 21 34 56 17 43 30 47 53 13 54 55 45 18 52 47 50 55 57 48 36 41 54 41 18 42 26 48 35 15 48 49 35 31 45 30 27 19 21
42 62 72 20 55 11 10 39 17 49 34 15 26 55 30 10 21 36 31 33 56 51 45 42 21 18 25 38 27 62 43 17 8 29 30 31 28 27 26 37 58 51 47 61 33 48 33 48 17 49 17 50 37 49 18 27 59 39 17 50 55 48 35 45 54 21 52 6 31 41 9 56 16 30 43 18 38 41 13 45 40 56 23 50 50 45 58 54 54 36 52 17 42 40 49 35 54 38 39 66 62 27 33 48 61 59 13 34 53 66 6 40 38 19 64 16 12 55 49 33 24 19 18 3 51 46 7 44 11 39 45 51 41 59 57 17 52 58 53 10 42 9 51 18 37 58 34 42 36 33 58 33 49 2 6 8 40 44 57 28 18 41 54 13 19 33 51 40 32 30 27 26 39 42 14 24 10 47 54 58 25 34 45 52 42 55 20 43 34 27 41 20 33 37 57 42 27 39 17 47 13 14 13 39 62 15 55 50 22 13 13 16 45 12 35 22 29 27 56 63 57 18 27 37 46 30 26 57 21 25 23 38 60 21 23 52 49 32 59 9 18 37 28 18 37 64 32 40 29 58 42 12 45 5 49 38 24 20 13 26 18 52 44 24 31 27 44 41 48 49 60 38 31 18 12 53 42 26 45 43 20 31 36 23 58 43 3 18 18 11 62 40 25 56 11 68 56 32 48 17 13 32 43 53 41 20 43 40 15 35 39 37 45 43 25 20 46 34 46 44 58 40 62 33 25 36 10 48 56 61 52 23 51 3 35 19 39 59 47 18 34 45 55 54 53 49 60 26 21 7 56 45 36 39 27 52 14 26 12 14 35 32 51 42 59 14 25 47 55 14 42 19 53 39 39 59 2 44 59 0 39 45 7 14 33 45 21 29 64 45 42 46 30 54 12 32 54 7 64 12 43 30 13 15 28 35 28 50 21 27 32 52 26 29 51 38 48 59 64 39 15 41 42 54 39 28 38 4 49 13 46 57 53 38 17 48 5 55 25 18 39 23 55 46 41 67 38 44 23 27 47 8 8 34 46 8 17 19 25 16 19 34 19 38 51 55 28 44 28 37 56 30 11 27 28 31 31 39 41 39
8 78 54 58 32 29 48 36 50 69 15 51 55 50 20 39 21 3 36 20 41 52 63 34 57 22 22 11 43 44 59 53 46 19 28 45 13 13 42 45 63 55 37 42 8 56 45 21 25 55 37 39 17 64 48 22 50 21 26 31 39 47 15 34 50 19 30 43 59 63 43 74 54 25 21 51 6 9 29 59 2 67 38 27 61 23 72 44 31 4 70 22 12 22 50 19 71 32 18 47 53 13 59 63 41 76 37 56 56 48 41 30 58 57 45 53 47 40 53 42 39 22 30 41 29 62 41 30 44 42 18 59 41 59 57 24 48 49 72 49 43 39 60 38 3 71 32 60 17 41 45 42 59 40 33 35 12 63 62 47 56 60 58 27 57 39 63 14 52 27 37 45 7 40 40 43 46 42 37 65 35 61 52 69 25 41 55 8 53 24 5 26 61 44 65 63 21 27 47 31 30 49 44 43 53 53 52 53 23 48 47 25 40 30 56 46 49 29 60 45 69 53 47 8 52 53 15 44 19 16 17 42 53 36 49 40 28 54 48 47 22 25 51 22 39 45 17 57 46 41 30 34 12 42 27 14 34 47 51 17 32 33 52 18 16 58 43 58 54 37 55 49 11 55 44 60 36 14 66 53 46 22 15 22 38 35 38 41 56 47 42 52 25 36 40 51 55 40 50 48 50 52 14 63 30 51 31 64 53 28 8 29 18 48 37 43 62 42 19 10 71 62 48 18 15 44 46 24 51 52 48 41 34 38 39 39 46 43 17 56 35 50 66 57 64 41 75 47 25 45 64 26 59 62 13 61 26 33 48 50 32 10 42 10 52 41 35 54 65 26 5 45 64 26 62 73 41 57 52 39 0 39 45 36 60 44 49 54 54 47 7 60 40 32 36 26 46 39 53 51 35 27 35 24 53 29 13 51 42 23 42 58 24 55 45 41 40 40 52 31 53 25 48 44 3 15 57 42 45 45 28 65 71 42 43 50 38 57 48 56 50 43 62 20 4 50 61 58 18 13 48 42 43 60 51 33 25 20 58 25 47 53 37 3 70 38 17 55 12 55 41 58 37 42 36 57 42 51 43 35
46 45 28 58 21 37 47 7 42 40 24 45 40 13 22 36 30 37 15 20 13 14 33 5 50 39 25 28 24 21 29 47 49 24 16 22 41 36 24 16 26 18 4 21 40 21 21 24 31 20 30 6 22 32 38 23 15 18 31 15 13 9 24 6 12 41 19 44 41 37 41 42 53 18 20 43 33 31 33 28 38 32 24 19 26 19 38 9 20 36 39 40 28 18 13 20 39 8 22 24 18 34 38 31 20 42 34 33 19 24 42 9 33 56 22 49 43 13 16 17 24 34 28 44 18 31 41 10 40 10 25 23 7 21 19 34 10 14 41 50 8 37 25 30 37 36 11 32 22 15 14 16 24 44 42 38 28 34 25 27 56 32 20 37 55 15 29 26 30 17 20 27 33 6 35 26 45 4 14 29 20 40 18 38 15 12 46 34 28 22 36 27 41 15 29 35 23 12 37 11 33 44 39 12 18 52 14 16 27 43 42 33 2 35 32 32 29 19 22 21 33 45 28 44 17 32 30 13 38 42 39 11 17 25 35 9 17 32 14 48 36 14 31 37 11 23 23 28 25 17 9 34 31 44 18 25 21 35 49 28 27 16 19 29 25 44 7 29 18 8 18 20 31 49 39 24 4 37 39 21 33 20 24 27 19 4 43 32 54 46 22 22 22 19 37 25 17 16 13 38 48 29 27 28 9 41 9 39 54 12 32 11 24 14 21 31 32 16 25 33 37 36 18 22 33 15 43 20 14 17 10 27 14 46 12 29 16 17 27 53 12 14 31 19 29 5 42 29 26 49 28 15 35 38 39 26 42 19 47 45 11 31 7 31 16 35 21 20 30 41 37 34 30 13 37 39 46 26 16 45 39 0 45 32 40 6 37 35 19 11 34 28 19 20 34 15 10 39 20 52 4 17 32 35 34 11 32 13 30 22 17 22 22 37 8 10 4 19 19 9 54 14 15 10 36 28 31 48 7 39 14 28 39 12 34 14 41 19 31 54 21 28 25 23 42 24 37 27 31 38 10 40 42 39 16 38 32 35 45 42 36 29 28 40 40 15 27 23 33 29 14 40 35 24 18 37 19 21 9 6
48 57 73 14 58 17 3 39 11 44 38 9 20 55 33 10 25 42 31 36 57 50 41 43 14 24 28 42 25 64 40 10 5 32 32 28 34 33 24 36 55 49 48 63 39 45 31 51 21 47 16 51 40 46 14 30 59 42 21 53 56 47 39 46 53 27 55 3 25 37 5 52 10 33 46 12 43 46 17 41 46 52 22 53 47 48 54 54 57 42 48 24 47 44 48 39 50 39 43 68 62 33 28 45 63 55 13 30 51 68 4 42 34 13 66 9 6 57 48 32 23 24 20 5 54 43 5 47 7 39 49 48 41 57 55 22 51 58 48 5 41 9 49 17 43 55 35 38 40 33 59 32 46 6 13 11 44 40 54 25 13 37 52 19 13 32 48 44 29 33 27 23 44 42 12 22 3 47 56 55 25 29 43 47 44 56 14 48 30 30 47 23 27 36 54 37 30 42 13 49 17 8 9 38 62 9 54 49 26 7 7 21 46 16 31 19 26 29 54 65 54 12 24 43 44 26 31 58 27 31 29 38 60 21 19 53 52 28 59 3 24 40 25 23 36 66 36 37 26 60 44 14 49 3 52 42 25 16 6 31 20 55 41 28 35 21 44 38 46 51 60 35 36 11 8 50 43 31 40 40 17 34 40 26 60 44 8 15 12 4 64 37 28 59 9 69 55 31 47 13 7 28 47 50 43 14 45 35 10 37 44 39 49 42 25 17 42 33 50 49 54 35 63 37 31 35 5 52 56 61 52 21 54 9 35 17 37 61 51 11 34 44 52 53 50 50 55 23 24 4 53 48 31 34 33 49 20 27 5 8 36 37 52 47 59 11 25 44 52 20 48 16 50 41 35 55 5 41 59 7 45 45 0 14 28 45 16 24 64 44 47 42 29 57 13 35 54 8 65 7 44 32 14 21 24 37 33 49 18 31 31 49 29 24 52 38 49 61 64 41 9 44 41 55 45 33 34 6 49 8 48 54 49 37 14 46 8 54 21 12 36 20 52 50 47 69 33 41 28 33 47 5 4 29 44 12 21 25 19 22 15 31 19 43 46 57 32 41 34 34 58 25 11 25 28 26 30 37 41 40
41 51 59 27 45 12 16 26 15 39 27 16 19 42 21 5 16 33 17 24 44 38 34 30 22 19 17 32 14 51 31 18 18 21 19 18 28 25 13 24 44 38 35 50 32 35 20 39 12 36 3 38 28 37 12 18 46 30 11 39 43 35 28 33 40 23 42 12 24 31 10 46 22 20 34 15 34 36 9 33 37 43 10 40 37 35 46 41 44 33 41 20 36 31 36 27 43 26 31 54 49 25 25 36 49 48 2 24 40 54 10 28 27 26 52 19 13 44 36 20 11 16 8 13 41 35 9 33 9 26 38 38 28 45 43 14 39 45 42 19 28 5 39 5 34 46 22 30 28 20 45 20 36 13 14 8 34 33 43 16 25 30 41 13 25 19 38 33 21 19 13 13 35 29 4 12 14 34 42 45 12 26 32 41 31 43 20 39 22 17 38 11 26 24 44 32 19 29 11 36 8 14 9 25 49 21 42 37 14 13 12 13 32 9 24 12 17 15 43 51 45 18 15 37 33 20 22 44 21 26 23 25 47 8 14 40 39 21 46 17 17 27 18 18 23 53 25 28 16 46 30 4 39 12 39 31 11 12 19 21 6 41 30 19 24 23 31 29 35 37 47 25 27 20 9 40 29 25 35 30 10 22 29 15 47 31 12 6 24 15 51 27 15 45 5 56 43 18 34 12 17 21 36 40 30 16 32 31 23 23 35 25 37 30 12 8 34 21 38 39 46 30 49 25 22 23 12 39 43 47 39 10 40 16 22 6 26 47 39 23 21 32 42 41 40 37 48 14 13 17 43 35 26 30 26 39 19 13 16 15 22 28 39 37 46 5 12 33 42 18 39 10 40 28 30 47 14 31 46 14 36 32 14 0 25 32 13 20 51 32 38 34 17 44 2 22 41 7 52 20 30 19 2 14 19 24 24 37 9 18 19 38 16 20 39 25 36 48 51 27 23 31 29 42 36 23 26 17 36 10 35 44 42 25 7 34 10 42 15 23 26 10 42 37 39 55 28 32 19 26 34 9 10 26 33 9 13 17 22 20 11 23 6 36 40 44 21 31 25 26 44 23 4 14 15 23 18 27 28 27
66 31 66 31 59 37 27 35 18 18 48 20 8 44 42 25 40 57 28 43 52 36 17 40 20 44 39 53 19 60 18 20 31 42 36 19 53 50 20 25 36 33 44 60 56 27 20 58 37 29 24 46 48 22 15 39 49 48 35 53 53 37 49 44 42 48 57 28 3 11 25 26 28 38 52 16 56 57 34 20 61 30 23 56 26 53 29 47 58 57 22 45 57 49 35 46 24 39 50 63 52 49 3 22 60 28 25 8 35 62 27 42 10 30 61 23 22 53 33 24 22 41 31 31 56 19 27 47 23 31 57 29 34 41 39 39 41 49 22 29 32 26 29 22 58 30 35 14 48 26 52 25 26 32 37 31 55 15 35 15 30 13 35 38 28 27 26 53 11 37 26 16 57 35 22 18 25 39 53 34 27 1 27 22 47 51 17 61 13 38 61 35 2 26 32 12 40 44 17 49 33 21 21 29 51 28 41 34 38 21 22 38 39 34 9 14 12 33 36 60 30 18 15 61 29 8 45 51 46 51 48 30 48 25 12 48 54 9 51 29 42 44 11 43 30 62 46 15 16 56 44 29 60 29 55 51 27 15 26 44 28 54 25 43 45 9 35 16 30 47 47 22 50 22 22 31 38 49 13 23 15 41 50 39 58 41 32 20 27 25 61 20 36 58 25 63 41 26 34 16 24 12 56 28 43 14 45 8 31 39 57 40 56 29 25 18 18 25 57 60 29 10 55 46 47 25 24 56 44 50 42 19 52 35 29 22 26 56 59 25 32 30 29 37 28 43 30 14 35 32 32 51 7 8 51 29 43 29 25 21 36 51 45 58 48 22 26 27 30 42 62 16 27 43 9 30 32 20 47 33 60 40 28 25 0 36 13 7 53 32 60 21 24 58 27 39 45 28 55 29 40 36 27 39 8 38 48 36 18 39 24 31 37 5 43 31 43 58 54 41 30 46 28 48 59 45 12 34 40 21 50 33 23 29 19 33 30 38 12 26 21 18 32 56 63 62 7 20 43 51 35 26 26 3 30 32 37 42 12 44 15 12 24 60 20 54 44 22 49 13 53 4 27 20 27 4 23 21 32 37
51 39 30 57 26 39 47 9 41 35 29 44 37 10 25 36 33 42 15 24 17 9 28 10 48 42 28 33 22 24 23 45 49 27 19 20 45 40 23 12 20 13 10 25 45 15 18 30 34 14 30 10 27 26 36 26 14 23 33 21 18 4 29 12 9 44 25 43 38 32 41 36 52 21 25 41 38 36 35 23 43 26 23 25 21 25 32 11 25 41 33 43 34 23 7 25 34 13 27 27 18 38 34 25 25 36 34 29 13 26 42 14 28 55 25 47 42 18 10 15 23 37 29 44 24 26 41 16 40 7 31 17 5 16 14 37 7 14 35 50 5 37 19 29 42 31 14 27 27 13 16 14 19 45 44 38 33 28 20 25 55 28 15 39 54 14 23 31 26 20 19 25 38 4 34 25 45 3 19 23 21 36 13 32 20 16 44 40 24 25 41 30 38 11 23 31 27 17 36 17 34 43 38 8 17 51 10 10 30 42 41 36 5 36 28 30 26 21 17 24 27 44 25 49 11 29 33 15 41 45 42 8 15 25 32 13 23 28 15 48 39 19 28 40 9 26 28 24 23 21 15 34 37 44 24 30 22 34 49 31 28 21 14 33 29 41 2 24 13 13 15 15 35 48 39 18 8 41 34 15 32 24 29 30 23 10 43 31 53 45 26 18 25 24 37 27 13 15 7 37 47 25 32 22 14 39 15 34 54 16 37 15 30 8 21 30 27 13 30 38 31 31 19 27 36 12 42 26 11 16 7 25 19 47 11 28 11 20 33 52 13 9 25 14 23 8 36 27 29 49 22 21 31 33 43 20 45 20 46 44 14 35 10 37 14 35 21 14 24 44 43 32 24 18 32 33 46 21 14 45 44 6 45 32 36 0 35 32 19 6 40 23 17 25 34 19 10 39 20 51 9 20 33 38 31 15 36 8 28 25 15 16 25 34 8 8 7 23 20 14 53 20 10 12 41 32 26 48 5 39 19 23 33 9 33 8 41 14 29 52 16 27 20 28 47 26 33 22 35 42 5 40 42 35 10 39 35 38 43 45 34 25 27 45 35 19 31 18 37 24 18 37 35 22 18 34 17 17 5 9
54 42 65 23 54 24 15 31 7 29 39 10 6 44 32 13 29 46 23 35 50 38 26 36 13 32 29 44 13 57 25 11 20 33 28 16 41 38 14 24 41 36 40 57 45 32 18 50 25 33 13 43 40 30 3 30 49 40 24 48 49 37 40 40 42 35 51 15 11 21 13 37 19 30 44 6 46 48 22 27 50 38 15 50 32 45 39 45 52 46 32 32 48 41 36 38 34 33 42 60 52 37 13 30 56 39 13 15 39 60 15 36 19 22 58 13 11 50 35 21 14 29 20 18 50 27 14 41 10 29 49 34 32 44 43 27 41 49 33 19 31 13 35 12 47 40 29 23 40 23 50 22 32 19 24 18 46 25 40 11 22 22 39 26 20 23 33 44 14 29 19 10 47 33 10 11 14 37 49 40 19 14 30 32 41 49 10 51 16 28 50 24 13 25 39 22 31 37 4 44 21 10 9 27 51 18 43 36 27 9 10 26 37 22 16 5 11 25 40 57 39 9 10 50 31 10 34 49 34 39 36 27 49 16 4 45 48 12 50 18 30 36 10 31 27 59 37 22 13 53 38 17 51 17 48 42 19 2 16 33 18 49 28 32 36 10 34 23 33 44 48 22 39 14 9 36 35 38 25 26 5 33 40 28 54 37 19 9 19 13 58 23 26 53 12 61 43 21 35 4 14 14 48 35 37 5 39 20 21 32 47 33 48 30 18 8 27 22 49 51 39 20 54 36 35 24 12 49 45 50 42 11 48 23 25 11 25 53 51 17 26 32 37 40 35 41 40 9 25 20 38 44 16 19 39 34 30 21 14 11 30 40 43 49 49 9 18 31 37 30 51 4 35 37 19 40 20 26 48 21 49 37 16 13 13 35 0 9 54 33 50 28 19 53 14 31 44 15 55 19 36 28 15 27 9 32 37 37 9 29 20 36 27 9 42 28 40 55 54 35 20 40 29 46 49 35 18 21 39 8 44 39 33 27 7 34 18 41 7 18 23 9 38 48 52 60 18 26 32 39 35 13 13 14 32 20 26 30 10 32 3 16 13 49 31 51 34 27 38 19 50 10 14 14 20 11 19 23 30 33
60 33 62 30 53 31 24 30 14 21 41 18 6 40 35 20 34 51 23 37 48 33 17 35 19 38 32 47 12 55 17 18 28 36 30 13 47 44 14 20 35 30 39 55 50 25 15 52 31 27 18 41 42 23 11 33 45 42 29 47 48 33 42 39 38 42 51 24 7 13 21 28 26 32 46 14 50 51 28 19 54 30 17 50 25 47 31 42 52 51 24 39 50 43 32 40 26 33 44 58 48 43 5 22 55 31 20 6 33 58 23 36 10 28 56 21 19 48 30 19 16 35 25 26 50 20 22 41 19 26 51 27 29 39 37 33 37 45 25 27 28 21 28 16 52 32 29 15 42 20 48 19 25 27 32 25 49 17 34 9 29 13 33 32 26 21 25 47 7 31 20 10 51 30 17 12 22 34 48 33 21 7 24 24 42 47 15 54 9 32 54 29 8 21 32 14 34 38 12 43 27 18 17 24 47 26 38 31 31 18 18 32 35 28 8 8 7 27 34 55 31 16 8 55 26 3 39 46 40 45 42 25 44 19 6 43 48 5 47 26 36 37 5 37 25 57 40 14 11 51 38 23 53 25 49 45 21 9 24 37 22 49 23 36 39 10 31 15 27 42 44 18 44 20 18 30 33 43 17 20 10 35 43 32 53 36 27 14 26 22 56 17 30 52 19 58 38 20 30 12 22 8 50 28 37 12 39 12 29 33 50 34 50 25 19 12 19 20 51 54 30 12 51 39 40 21 20 50 40 46 38 13 47 31 24 16 21 51 53 24 26 27 29 34 27 39 32 8 29 28 31 45 8 11 45 27 37 23 22 18 30 45 41 52 45 16 20 25 29 37 56 10 27 38 11 32 28 19 44 29 54 35 24 20 7 32 9 0 50 28 54 20 18 52 21 33 41 22 51 27 35 30 21 33 1 33 42 32 12 33 18 29 31 3 39 26 38 53 50 35 28 41 24 43 53 39 11 30 36 16 44 32 25 24 13 29 26 35 6 25 17 11 31 50 57 58 9 19 37 45 31 21 22 7 27 27 31 36 12 39 10 9 17 54 23 49 38 20 43 11 48 6 21 13 20 4 17 18 27 32
61 47 15 75 26 56 65 26 59 47 41 62 55 10 40 55 48 53 34 38 13 17 41 23 66 57 43 43 41 15 38 64 68 42 35 38 58 54 41 30 24 22 19 18 57 27 36 35 50 25 48 16 38 38 54 41 5 34 50 24 16 17 41 22 12 59 26 62 55 47 59 46 70 36 33 59 48 45 52 36 53 34 42 28 32 32 40 11 26 52 44 58 42 33 19 37 44 27 37 16 2 52 51 37 18 45 52 46 20 14 61 27 44 74 16 66 61 15 22 33 42 52 47 63 26 38 59 25 58 25 37 27 23 16 17 53 13 6 46 68 23 56 28 48 52 37 30 41 39 32 9 33 30 63 61 56 42 42 25 43 74 43 21 56 72 32 33 40 43 35 38 44 48 22 53 43 63 17 18 28 39 53 27 43 30 13 63 48 41 40 50 46 55 29 30 45 42 29 55 23 52 61 57 27 3 70 13 20 46 60 60 52 19 54 45 49 44 37 22 14 35 62 44 60 25 47 48 10 56 60 57 27 6 43 51 15 27 45 7 67 54 32 46 55 28 17 40 39 41 15 26 52 44 62 28 40 40 52 67 46 46 22 28 48 43 59 20 39 25 18 8 33 48 66 57 26 23 55 47 31 50 38 40 45 20 22 61 49 72 64 18 34 41 21 55 13 14 34 20 55 65 43 40 31 26 58 24 49 72 31 47 29 36 25 39 48 40 32 37 46 39 46 8 39 51 30 61 31 10 4 13 44 21 65 29 47 29 13 39 70 30 24 33 19 32 15 43 45 45 67 29 28 47 49 57 29 61 38 64 63 30 48 14 45 5 53 39 27 32 60 51 51 33 30 47 40 64 35 6 64 54 19 64 51 53 19 54 50 0 22 48 36 35 25 52 34 10 57 2 70 22 36 51 54 49 30 50 18 47 40 34 25 41 52 13 26 16 17 3 27 72 30 26 11 51 46 42 67 15 57 26 29 44 28 51 21 60 18 47 71 33 45 27 34 57 13 48 35 50 56 19 59 60 51 24 57 51 53 61 61 53 42 46 55 47 17 45 32 50 40 14 54 54 40 36 51 35 33 24 25
55 34 34 55 31 40 45 11 39 30 32 42 34 13 28 35 34 45 15 27 22 7 22 14 45 43 30 37 20 29 19 43 48 30 21 17 47 42 21 9 17 9 15 30 47 10 15 35 35 9 29 16 30 21 34 28 17 27 34 26 22 5 33 17 10 45 30 42 34 27 39 31 50 23 30 38 42 40 36 18 47 21 22 30 16 29 27 15 31 45 28 44 38 27 5 28 29 16 31 32 20 40 30 20 30 31 33 25 10 31 41 18 24 53 30 45 40 23 6 13 22 38 30 44 29 21 40 21 38 7 35 13 7 14 12 38 9 17 30 48 5 36 14 28 45 26 16 22 31 12 20 12 13 44 44 38 37 24 16 22 53 23 11 40 52 13 18 35 22 22 19 23 42 8 33 22 43 9 24 19 21 32 8 27 25 21 42 44 20 27 45 31 34 9 19 26 29 21 34 22 35 40 36 7 20 49 11 7 31 40 39 37 10 37 24 28 22 22 13 28 23 41 23 52 6 25 36 19 42 47 44 7 17 24 30 17 28 24 19 47 40 23 25 41 10 31 31 19 20 26 19 34 41 43 29 34 22 31 47 34 28 26 8 35 32 38 5 19 8 18 16 11 38 45 37 13 12 43 29 11 29 26 33 31 29 14 43 29 51 43 31 13 26 29 36 31 12 14 3 34 45 21 37 17 18 37 19 29 52 19 41 18 34 4 20 28 22 11 35 42 26 26 23 30 39 9 41 31 13 18 10 24 24 47 10 27 8 25 38 49 14 4 20 11 18 12 31 24 30 48 17 26 26 29 45 15 46 20 44 42 16 39 15 41 17 33 21 9 19 45 47 30 19 22 27 28 45 15 16 45 47 11 44 32 32 6 33 28 22 0 44 18 15 30 33 22 13 38 23 49 14 22 32 39 28 19 39 6 26 27 13 12 26 30 12 8 13 28 23 17 51 24 5 16 45 35 22 48 9 37 24 18 28 8 31 4 41 12 26 50 12 25 15 33 51 31 28 16 37 44 3 39 40 30 5 39 36 39 39 46 32 21 26 48 30 25 33 12 40 20 23 33 35 20 18 30 15 12 5 13
14 76 48 61 26 31 50 33 52 68 13 53 55 45 19 41 23 8 34 18 35 48 61 30 59 26 22 8 42 38 57 55 49 18 26 44 18 16 41 43 60 52 32 35 13 53 44 14 27 52 38 35 14 62 49 21 45 17 28 25 33 43 12 29 45 24 24 45 59 62 45 72 56 23 16 53 5 4 31 57 6 64 37 22 58 17 69 39 24 8 68 26 7 17 46 16 69 28 13 41 48 15 58 60 34 73 39 56 53 41 44 26 57 60 38 55 49 34 49 40 38 24 31 43 24 60 43 25 46 39 12 56 37 55 53 26 44 44 70 52 39 41 57 39 7 68 30 58 13 39 40 40 56 43 36 37 7 61 59 46 59 59 54 29 59 37 60 9 52 25 35 45 3 37 42 43 49 38 31 62 34 60 49 67 20 36 57 2 51 23 2 27 61 42 62 61 20 23 48 26 32 51 45 40 48 55 48 50 24 50 49 27 36 32 55 47 49 28 56 40 66 54 46 14 49 52 17 39 22 21 21 39 48 36 50 35 22 53 42 50 25 21 50 25 37 39 15 55 45 35 26 36 6 44 21 10 33 48 53 18 33 27 49 20 15 59 40 56 51 32 50 47 12 57 46 56 33 17 65 50 46 20 12 23 32 31 41 42 58 50 36 50 25 30 42 45 51 38 46 49 53 51 9 60 26 53 26 63 56 25 4 26 13 45 36 43 60 40 13 4 69 60 42 15 17 41 48 19 47 47 43 41 28 42 37 39 44 37 11 58 33 46 63 53 61 37 73 47 26 48 61 21 58 61 18 58 30 32 51 52 29 11 37 4 47 43 35 51 62 30 4 46 61 23 61 71 44 55 47 42 7 34 47 38 60 40 50 54 48 44 0 58 39 25 37 24 41 41 48 54 31 26 37 27 53 26 15 47 42 22 40 55 24 55 40 38 36 35 47 27 56 21 45 39 4 16 56 45 40 46 23 61 69 40 44 47 40 53 48 58 48 43 59 15 9 44 60 56 20 17 44 44 45 60 48 36 27 23 59 29 48 52 37 9 69 32 17 53 14 54 35 58 39 41 35 57 40 49 40 32
67 19 49 49 48 45 43 26 34 12 45 37 26 27 40 36 43 58 25 40 38 19 6 30 38 50 40 50 21 46 4 37 47 42 32 17 57 53 22 15 15 14 32 47 59 9 16 51 42 11 31 33 44 5 30 39 32 42 40 43 40 21 46 34 25 53 47 42 23 12 39 15 45 35 45 33 55 54 41 1 60 10 26 46 5 45 13 32 48 57 11 51 53 43 19 42 12 31 45 48 34 51 19 3 46 16 34 14 16 47 41 34 11 48 47 40 38 40 15 18 25 46 35 44 46 3 40 37 37 20 51 9 23 21 20 45 25 32 13 46 20 37 9 30 58 13 29 7 45 20 37 19 6 45 47 41 52 7 15 19 49 8 16 45 46 21 6 50 15 34 25 21 55 24 33 22 41 26 41 13 27 20 11 10 40 37 35 58 12 37 59 38 22 16 12 10 40 36 31 39 39 37 35 18 33 45 24 16 40 37 37 43 27 41 13 25 18 32 16 45 12 35 20 64 12 18 47 36 51 56 53 20 30 28 25 35 44 16 35 45 48 38 19 48 22 48 44 7 18 42 35 37 56 43 46 48 28 28 43 44 33 43 10 45 44 28 22 6 12 35 29 12 50 40 36 11 28 53 12 8 27 39 46 40 46 31 44 29 46 41 48 8 36 46 36 47 22 21 18 31 41 14 52 8 34 31 36 15 48 33 55 33 50 15 25 27 5 18 51 57 13 12 39 43 49 17 39 47 26 32 26 25 41 48 21 29 14 42 53 44 25 15 10 17 8 30 16 21 38 46 12 42 14 15 55 8 51 28 41 38 29 51 32 55 31 33 27 10 10 50 60 28 8 37 13 14 46 3 30 46 60 28 42 34 21 23 28 20 36 18 58 0 20 47 36 35 30 39 37 46 30 33 35 45 20 32 49 19 26 38 19 11 37 22 29 21 30 44 37 33 47 39 14 33 58 46 10 48 25 34 41 13 12 19 30 17 42 19 21 45 10 24 12 49 63 46 15 3 46 54 19 39 40 19 13 42 43 47 31 52 29 13 29 61 13 42 44 6 51 10 39 23 36 21 25 20 19 9 19 28
47 39 46 40 36 26 31 13 25 29 26 27 22 27 21 20 23 38 6 22 31 21 23 18 32 31 20 32 6 39 19 29 33 22 13 6 37 33 6 7 29 22 22 39 39 19 5 35 22 20 14 24 26 25 20 19 30 25 21 30 31 19 27 22 25 34 34 27 24 23 25 34 35 16 29 25 36 36 22 20 41 29 8 33 22 30 33 27 35 38 30 32 35 26 19 24 32 16 28 42 34 31 21 23 38 36 18 18 24 42 26 19 19 39 40 31 26 31 20 3 7 26 16 29 33 22 25 24 23 10 34 22 13 29 27 25 23 30 32 34 13 21 23 13 38 33 11 20 26 4 32 4 21 29 29 24 33 23 28 10 39 20 25 26 37 4 24 32 14 15 5 9 36 14 18 8 28 19 31 29 7 23 16 29 25 30 28 39 13 18 40 18 25 8 29 23 20 20 20 26 21 26 22 9 34 35 26 21 20 25 25 24 18 23 17 14 12 12 26 39 30 27 10 44 16 16 27 30 31 36 33 9 31 9 17 27 31 16 32 32 28 21 14 29 8 41 25 17 8 34 21 20 38 28 32 30 8 18 32 25 14 32 15 25 25 26 15 18 19 25 31 9 30 32 22 24 16 33 26 14 15 20 28 20 36 19 28 14 37 29 39 13 16 35 21 43 27 3 18 20 30 13 34 25 20 23 22 25 37 16 36 16 33 14 6 13 22 5 34 39 32 22 35 24 29 7 26 32 27 32 24 9 30 32 7 12 9 35 36 35 9 16 28 25 26 23 36 11 18 33 27 28 20 23 35 24 32 8 29 28 12 31 25 37 31 18 7 18 27 31 41 16 26 21 23 34 31 18 30 30 40 19 29 17 24 17 19 18 35 15 39 20 0 35 19 16 26 23 37 35 18 14 18 26 17 16 29 20 12 18 2 23 17 20 24 10 22 36 36 18 37 24 13 27 39 26 17 33 21 22 27 28 31 9 16 18 26 26 13 36 11 10 26 33 44 42 22 18 26 34 18 24 26 23 17 25 23 27 27 33 18 14 12 41 30 32 25 16 31 15 32 23 20 5 5 21 2 12 12 14
39 63 23 71 1 44 60 24 57 59 22 59 57 25 25 48 35 32 31 22 13 31 52 19 64 42 30 22 41 13 48 61 60 27 26 40 40 35 40 34 43 36 16 10 36 40 39 11 38 38 43 16 19 51 52 28 24 16 38 6 10 27 22 14 27 43 3 55 59 56 53 61 66 25 13 57 27 23 42 47 31 50 38 5 45 11 56 19 1 31 58 43 20 15 31 20 58 20 17 16 25 34 56 50 9 61 45 52 36 16 54 17 51 69 13 62 56 11 35 35 39 38 38 55 3 50 52 12 53 29 15 42 26 36 35 40 26 22 60 62 28 49 43 43 31 55 25 51 20 33 17 34 43 54 50 47 21 53 43 44 69 52 38 43 68 32 48 19 48 25 34 44 26 25 48 42 58 22 8 47 34 58 37 57 13 13 61 25 47 28 27 35 59 33 47 55 28 16 52 10 42 57 52 31 25 65 29 34 33 56 56 39 21 43 51 48 46 29 39 15 52 60 45 39 36 50 31 17 40 42 40 29 27 38 51 14 6 50 20 60 40 18 48 41 29 14 24 48 42 10 15 44 21 55 6 20 35 51 62 30 38 5 38 33 26 61 26 48 37 13 29 39 29 64 52 42 20 37 58 40 49 24 21 32 7 17 52 46 67 58 11 42 30 5 49 20 32 33 31 53 61 47 18 46 16 57 14 57 67 22 25 20 14 33 36 46 51 34 14 23 55 55 18 23 34 34 56 8 27 25 25 42 7 55 30 43 35 13 16 66 27 33 49 36 47 19 60 46 34 60 46 10 54 57 38 44 47 32 59 59 24 28 17 23 25 48 35 39 48 46 29 49 48 17 55 58 56 45 26 54 32 20 57 44 58 25 53 52 25 30 25 47 35 0 45 23 21 50 24 64 18 26 44 41 51 21 32 31 45 27 35 40 29 55 21 28 19 10 23 18 66 14 34 18 29 29 49 58 23 53 9 46 58 30 48 32 51 35 48 67 40 44 43 12 34 19 56 46 34 37 29 52 54 57 35 47 39 39 62 46 51 48 41 34 60 8 29 42 32 47 12 58 47 40 33 55 36 41 29 22
41 52 61 26 46 10 15 27 15 40 27 16 20 44 22 4 16 33 19 24 45 40 35 31 22 18 17 32 16 52 33 18 16 21 20 20 27 25 15 26 46 40 36 51 31 37 22 40 12 38 5 39 29 39 13 19 47 30 11 40 44 37 28 34 42 21 43 10 25 33 9 47 21 21 35 16 34 36 8 35 37 45 12 41 39 36 48 43 45 33 43 18 36 32 38 27 45 27 31 56 51 24 26 38 51 50 2 26 42 56 9 29 29 25 54 18 12 45 38 22 13 15 8 11 42 37 8 35 9 28 38 40 30 47 45 13 40 47 44 18 30 4 41 7 34 48 23 32 29 22 47 22 38 11 12 6 34 35 45 18 24 32 43 12 24 21 40 33 23 20 15 15 34 30 5 14 13 35 44 47 14 27 34 43 32 45 20 39 24 18 38 12 27 26 46 33 19 30 11 37 7 14 8 27 51 20 44 39 15 13 12 12 34 8 26 13 19 17 45 53 47 17 17 36 35 21 22 46 20 25 22 27 48 10 15 41 40 23 48 15 16 28 19 17 25 54 25 30 18 48 32 3 39 10 40 31 13 13 17 21 8 43 32 19 24 23 33 31 37 39 49 27 27 20 9 42 31 24 37 32 12 22 29 16 48 33 10 8 23 14 52 29 16 47 5 57 45 20 36 12 17 22 36 42 31 16 33 33 22 25 35 27 37 32 14 10 36 23 38 39 48 32 51 25 22 25 11 40 45 49 41 12 42 14 24 8 28 49 40 22 22 34 44 43 42 38 50 16 13 15 45 36 28 31 26 41 17 15 15 15 24 28 40 37 48 6 13 35 44 16 39 11 42 29 31 49 13 33 48 12 36 34 13 2 27 34 14 21 52 33 37 36 19 45 0 23 43 5 53 19 32 20 2 13 20 25 24 39 10 19 21 40 17 22 40 27 37 49 52 29 21 32 31 43 36 23 28 15 38 9 36 46 44 26 8 36 8 44 16 22 28 12 44 38 39 57 30 33 19 25 36 8 9 27 35 7 12 17 22 18 12 25 8 35 42 45 22 33 25 27 46 24 2 16 17 24 20 29 30 29
33 53 40 48 24 23 37 11 35 45 11 37 36 28 7 26 15 24 11 6 24 27 38 12 42 24 10 16 21 30 34 39 38 9 3 21 26 21 20 20 38 30 16 30 26 30 21 20 17 30 20 19 10 39 31 8 30 9 17 18 23 22 12 13 27 26 21 33 39 39 31 49 43 3 14 35 21 20 20 34 26 42 17 19 35 15 46 24 22 23 45 25 19 11 25 8 46 7 12 34 33 19 37 38 29 50 23 33 31 34 31 8 35 47 32 40 34 24 28 17 18 19 15 32 20 37 30 13 31 16 19 33 16 35 33 19 25 29 47 40 17 26 35 21 24 46 7 35 11 16 27 17 33 32 29 25 17 38 37 25 47 36 33 22 46 14 37 16 29 3 14 24 21 15 25 21 35 19 22 40 13 39 27 44 10 24 39 24 29 7 25 14 40 19 40 39 8 8 30 15 20 35 30 18 33 42 29 28 12 34 33 19 17 21 33 27 27 7 35 32 43 38 25 31 26 31 15 26 23 27 24 16 32 16 30 21 17 31 28 38 21 6 29 22 14 33 10 32 23 26 10 22 22 32 18 14 13 29 40 13 16 20 27 14 11 40 19 33 29 18 33 24 17 41 30 34 13 22 42 27 27 5 12 12 26 13 30 24 45 36 30 27 8 25 27 36 31 15 25 31 39 28 18 37 9 35 11 40 44 3 20 6 18 23 14 24 37 17 19 23 46 38 31 9 18 18 33 18 29 32 25 21 20 33 14 20 21 27 21 44 10 24 40 32 38 20 50 26 12 37 39 14 36 39 24 35 28 11 37 36 6 17 21 21 31 26 14 29 40 27 26 27 39 7 38 48 34 32 31 32 26 15 35 22 39 19 31 33 34 22 24 35 16 23 23 0 25 28 34 41 13 4 21 21 32 4 17 26 23 7 17 33 7 35 23 15 19 28 33 8 44 9 23 24 24 13 33 36 22 30 14 39 46 17 26 25 29 32 27 44 25 23 37 18 30 35 38 33 16 23 23 30 31 38 26 25 18 20 40 27 29 30 19 27 46 23 12 30 19 31 25 38 24 20 13 36 18 26 18 11
54 44 21 66 22 46 56 16 50 42 32 53 46 5 30 45 39 45 24 29 10 12 35 14 57 48 34 35 32 16 31 54 58 32 25 29 50 45 32 21 22 17 10 18 48 22 27 29 41 19 38 7 29 32 45 32 6 25 40 18 12 9 32 13 6 50 22 52 47 40 50 42 61 27 26 50 41 38 43 30 45 30 32 22 27 25 36 3 22 44 40 49 35 25 12 28 40 18 29 19 9 43 43 32 18 41 42 38 16 18 51 18 37 64 18 56 51 11 15 24 32 43 37 53 21 33 49 17 49 16 31 23 13 15 14 43 5 5 42 59 14 46 24 38 44 35 20 34 30 22 8 23 24 53 51 47 35 36 22 34 65 36 17 46 63 23 29 33 35 26 28 34 40 13 43 34 54 8 14 26 29 45 20 39 22 9 54 41 33 31 43 37 47 20 27 39 33 20 45 16 42 52 47 18 9 60 9 15 36 51 50 42 9 44 37 39 35 28 19 16 32 53 35 52 18 38 39 6 47 51 48 17 8 33 42 8 21 37 6 57 45 23 37 46 18 19 32 32 32 14 17 43 37 52 23 32 30 43 58 36 36 18 21 39 34 50 11 32 19 10 9 24 39 57 48 22 13 46 41 23 41 28 32 36 18 12 51 40 62 54 19 26 31 18 45 18 11 24 13 46 56 34 33 27 17 49 16 42 63 22 39 20 30 17 29 39 34 22 30 39 35 39 10 31 42 21 51 25 6 8 4 35 15 55 20 37 20 13 33 61 21 16 29 15 28 5 41 36 35 57 25 21 39 42 48 25 51 28 55 53 20 39 5 38 6 44 30 21 28 51 44 42 29 21 40 38 55 28 7 54 46 10 54 41 45 10 44 41 10 13 41 30 26 21 43 25 0 48 11 60 13 26 41 44 40 21 41 11 37 31 25 21 31 43 3 17 6 16 10 17 62 21 18 4 43 37 35 57 5 48 19 26 40 18 42 14 50 15 38 61 25 36 23 28 50 18 41 29 41 47 11 49 50 43 17 47 41 44 52 51 44 34 36 48 42 14 36 25 42 33 11 46 44 31 27 43 26 25 15 15
42 55 66 22 51 11 10 32 13 43 31 13 20 49 26 3 19 36 24 29 50 44 38 36 19 19 21 35 20 57 36 15 11 25 25 24 29 27 19 30 51 44 41 56 33 41 26 44 15 42 10 44 33 42 13 23 52 35 14 45 49 41 32 39 47 22 48 5 25 35 4 50 17 25 39 14 37 39 11 38 40 49 16 46 43 41 51 48 49 36 45 19 40 36 42 32 47 32 35 61 56 27 27 41 56 52 6 28 46 61 4 34 32 20 58 15 9 50 42 26 17 18 13 6 47 40 3 39 6 33 42 44 35 52 50 16 45 52 46 13 35 2 44 11 37 51 28 35 33 27 52 26 42 7 10 5 38 37 50 21 20 34 47 13 19 26 44 37 25 25 20 19 38 35 7 17 9 40 49 51 19 28 38 45 37 50 17 42 27 22 41 16 27 30 50 35 23 35 11 42 10 11 7 32 56 16 48 43 19 10 9 14 39 9 28 15 22 22 49 58 50 15 20 38 39 23 25 51 21 26 23 32 53 15 17 46 44 25 53 10 18 33 22 18 30 59 29 33 22 53 37 6 42 5 45 35 18 14 13 24 13 47 37 22 28 23 38 34 41 44 53 31 30 16 6 46 36 26 39 36 13 27 33 19 53 38 6 11 19 10 57 33 21 52 4 62 50 25 41 12 13 25 40 46 36 15 38 34 17 29 38 32 42 36 19 13 39 27 43 42 51 34 56 30 24 29 7 44 49 54 46 16 47 10 29 12 32 54 44 18 27 38 48 47 46 43 53 19 17 10 49 41 30 33 27 45 16 20 11 12 29 31 45 40 53 7 18 40 48 16 42 13 46 34 33 52 8 37 52 7 39 39 8 7 28 39 15 22 57 38 41 39 23 50 5 28 48 0 58 14 37 25 7 15 22 30 27 43 14 23 25 45 22 23 45 32 42 54 57 34 17 36 35 48 39 26 31 10 43 8 41 50 46 31 10 41 4 49 19 18 32 16 48 43 41 62 31 37 22 27 41 3 5 29 39 6 15 19 21 18 13 27 12 38 44 50 25 37 27 30 51 25 4 20 22 25 24 32 35 34
61 49 13 77 25 57 67 26 61 49 40 64 57 11 40 56 49 53 35 38 13 19 43 24 68 58 44 43 42 14 39 65 69 42 35 39 59 54 42 32 26 24 19 16 57 29 37 34 51 27 49 16 38 40 56 41 7 34 50 23 15 19 41 22 14 59 26 63 57 48 60 48 72 37 33 61 48 44 53 38 52 36 43 27 33 31 42 11 25 52 46 59 41 33 20 37 46 28 37 14 4 52 53 39 17 47 53 48 22 13 62 27 46 75 14 67 62 14 23 34 43 53 48 64 25 40 60 24 59 27 37 29 24 18 19 53 15 7 48 70 25 57 30 49 52 39 31 43 39 33 9 34 32 64 62 57 42 44 27 44 75 44 23 56 74 33 35 40 45 36 39 45 47 24 54 44 64 19 17 30 40 54 29 45 30 13 64 47 43 41 50 47 56 31 32 47 42 29 56 23 52 62 58 28 5 71 14 22 46 62 61 53 20 54 46 50 45 38 24 12 37 63 45 60 26 48 48 9 56 60 57 28 8 44 52 15 26 47 7 68 55 32 47 56 29 15 41 41 42 14 26 53 43 63 28 40 41 54 68 46 47 22 30 48 43 60 22 40 26 18 10 34 47 68 59 28 23 55 49 32 51 38 40 46 19 22 62 50 73 65 17 35 41 20 56 11 16 35 22 56 67 44 40 33 26 59 25 51 74 32 46 29 36 26 40 50 42 33 36 45 41 48 6 40 51 32 62 30 12 6 14 45 20 66 30 48 30 12 38 71 31 25 35 21 34 16 45 46 46 68 31 28 49 51 57 31 62 39 65 64 31 48 14 45 7 54 40 29 34 61 51 52 35 30 49 42 65 36 8 64 53 20 65 52 55 20 55 51 2 23 48 37 37 24 53 34 11 58 0 71 23 36 52 55 50 31 50 20 48 41 35 27 41 53 14 28 17 15 1 27 73 29 28 11 50 46 44 68 16 58 26 31 46 29 53 22 60 20 49 72 34 47 29 34 57 11 50 37 50 56 20 60 61 53 26 58 52 54 62 61 54 44 47 55 49 17 45 34 51 42 13 56 55 42 37 53 37 35 25 26
54 59 79 8 65 23 5 45 13 46 45 9 22 61 40 16 32 48 37 43 63 55 44 49 11 30 35 49 30 71 43 10 6 39 39 33 40 39 29 41 59 54 54 70 45 50 35 58 28 51 22 57 47 49 17 37 65 49 27 59 63 53 46 53 59 33 62 9 26 39 11 54 4 39 53 13 50 52 24 45 52 56 28 60 50 55 56 60 63 48 50 29 53 50 53 46 52 46 49 74 68 39 30 48 69 57 19 33 56 74 11 48 37 7 72 7 9 63 52 37 29 30 27 11 61 46 12 53 12 45 56 52 47 62 60 28 57 64 50 2 47 15 53 23 49 58 42 41 47 38 65 38 50 12 18 18 51 42 58 29 6 40 57 25 7 38 51 51 32 39 33 27 51 48 18 27 7 53 62 59 32 30 47 50 51 63 13 55 34 36 53 30 28 41 57 40 37 48 16 56 23 10 14 44 68 3 60 54 32 10 10 27 52 23 34 23 29 35 58 71 57 12 28 49 49 29 38 64 33 37 35 43 65 27 22 59 58 31 65 5 30 47 28 30 42 73 43 40 31 66 50 20 56 10 58 49 31 19 3 37 26 61 46 35 41 21 50 41 50 57 65 40 43 9 13 54 49 38 42 44 21 41 47 33 67 51 14 21 6 6 71 41 35 65 15 76 60 37 52 16 5 32 54 53 49 15 52 37 3 43 51 45 56 47 31 22 45 39 56 55 57 38 69 43 37 40 9 58 61 66 58 26 60 14 41 23 43 67 58 6 40 49 55 58 53 56 58 27 31 7 57 55 34 36 39 53 26 33 6 9 42 44 58 53 65 17 31 49 55 26 54 20 53 48 37 58 10 44 64 12 51 52 7 20 29 51 19 27 70 49 54 46 35 64 19 41 60 14 71 0 50 38 20 27 27 44 39 54 23 37 36 54 35 26 58 44 55 68 70 47 3 50 46 61 51 39 37 10 55 13 55 58 51 43 19 51 14 59 25 6 41 25 56 56 53 75 35 44 34 39 52 12 10 31 49 18 28 31 19 28 18 34 25 50 48 64 39 45 40 37 64 26 18 30 34 28 35 41 46 47
43 47 30 56 19 35 46 6 41 41 21 44 39 16 19 35 27 34 14 17 14 17 34 1 49 36 22 25 24 21 30 45 48 21 13 22 38 33 23 16 29 21 5 21 37 23 21 22 29 22 28 8 18 34 37 20 18 15 28 14 14 12 21 4 15 38 18 42 41 38 39 44 51 15 17 42 30 28 31 30 35 34 23 17 29 16 40 12 19 33 41 37 25 15 15 17 41 6 19 25 21 31 38 32 21 44 32 34 22 25 40 6 33 55 23 47 42 14 19 17 23 31 26 42 17 33 39 8 39 11 23 26 8 24 22 31 13 17 43 49 10 35 27 28 34 39 9 33 19 15 16 16 26 42 40 35 25 35 28 27 55 34 23 34 54 14 31 23 30 14 18 27 30 7 33 26 44 7 13 32 19 40 20 40 12 13 45 31 29 19 33 25 41 15 32 37 21 9 36 10 30 42 37 13 21 51 18 19 24 42 41 31 5 32 33 31 29 16 25 22 36 44 27 41 19 33 27 14 35 39 35 11 19 23 34 10 15 32 17 47 33 11 31 34 11 24 20 30 25 17 6 32 28 42 16 22 20 35 48 25 25 15 21 27 22 44 9 30 21 8 21 21 27 48 38 26 2 34 40 22 32 17 21 24 19 1 40 30 53 44 22 24 19 18 35 26 20 16 15 37 47 29 24 30 5 40 6 39 53 10 29 7 21 16 20 30 33 16 22 30 39 37 19 19 30 16 42 18 17 20 13 26 13 44 12 27 17 18 25 52 10 17 33 22 31 8 44 29 24 47 30 13 36 39 36 28 40 18 45 44 9 28 9 28 19 34 20 22 32 39 34 33 32 9 37 41 44 27 18 43 35 4 44 30 40 9 36 35 22 14 31 30 18 18 32 13 13 37 23 50 0 14 30 33 34 9 29 16 29 19 17 25 19 37 10 10 7 19 22 6 52 11 16 12 33 25 31 46 10 38 11 31 41 12 33 16 39 22 31 52 22 27 28 20 39 25 38 28 29 35 13 39 40 39 18 36 30 32 45 39 35 30 26 37 42 15 24 25 30 29 15 40 33 23 17 38 19 23 11 4
34 51 42 45 27 21 34 12 32 43 13 34 33 29 8 23 13 25 9 8 27 27 36 13 39 23 9 18 18 33 32 35 35 9 1 19 26 21 17 18 38 30 18 32 27 29 19 23 15 29 17 21 13 37 27 7 31 13 14 21 25 23 14 16 27 25 24 30 36 37 28 47 40 3 17 32 23 22 17 32 28 40 14 22 34 18 45 25 26 25 43 24 21 14 25 11 45 9 15 37 34 19 34 36 32 49 20 31 31 37 28 10 32 44 35 37 31 26 27 15 14 18 13 29 23 35 27 15 27 16 22 32 16 35 33 18 25 30 45 37 17 23 34 18 25 45 7 33 13 14 29 15 32 30 26 23 20 36 37 22 44 34 32 20 43 13 36 18 27 1 11 21 23 16 22 19 32 20 25 39 9 36 26 43 13 26 36 26 26 6 27 11 37 18 39 36 8 10 27 18 17 32 26 17 34 39 30 28 11 31 30 17 18 19 30 24 24 4 35 34 42 35 22 31 26 28 15 28 22 26 23 15 33 13 27 23 21 28 30 35 20 9 26 21 13 35 11 30 20 29 13 19 25 29 21 16 10 26 37 13 13 23 25 14 12 37 19 31 28 20 34 22 18 38 27 34 14 22 40 26 24 6 14 10 29 14 28 20 42 33 33 25 6 28 24 39 32 13 25 28 35 26 21 36 12 32 14 38 41 5 22 8 20 22 12 21 35 15 21 25 44 35 33 11 18 17 30 21 30 33 26 18 22 31 13 17 20 30 24 41 9 24 39 32 37 21 49 23 10 34 38 17 33 37 24 34 26 7 34 33 6 18 23 23 32 23 10 28 39 25 28 24 38 10 36 47 31 30 32 30 27 17 32 19 36 20 28 30 36 22 26 33 14 26 20 4 26 25 36 38 14 0 18 19 29 6 17 26 20 6 15 32 5 32 24 15 20 30 35 10 40 13 22 26 25 14 30 33 23 27 17 39 44 16 23 25 26 33 25 41 23 20 36 21 31 38 35 31 16 23 23 27 28 35 25 23 16 18 37 26 26 27 15 28 44 26 12 28 19 29 27 35 21 17 10 33 15 25 18 12
40 52 60 27 45 10 16 26 15 40 26 17 21 43 20 5 15 32 18 23 44 38 35 30 23 18 16 31 15 51 32 19 18 20 19 19 27 24 14 25 46 39 35 50 31 36 21 39 11 36 5 38 28 39 13 17 46 29 10 39 43 35 27 33 41 21 42 12 25 33 10 47 22 19 33 17 33 35 8 34 36 45 11 40 38 35 47 41 43 32 43 18 35 30 36 26 44 26 30 54 50 23 26 37 49 49 2 25 41 54 10 28 29 26 52 19 13 44 37 21 11 15 7 12 41 36 9 33 10 27 37 39 29 46 44 13 39 46 44 19 29 5 40 6 33 48 22 32 27 21 46 21 37 13 13 6 33 34 45 17 26 31 42 12 25 20 40 32 22 19 14 15 34 29 6 13 14 34 42 46 13 28 32 42 31 43 20 37 24 17 37 11 27 25 45 33 18 28 12 36 6 15 10 26 49 22 42 38 14 14 13 12 33 8 26 13 19 15 44 51 46 19 16 35 34 21 21 44 19 25 22 25 47 9 15 40 38 23 46 17 16 27 19 16 24 53 24 30 17 46 30 3 38 12 39 30 12 13 19 19 6 41 32 18 23 24 32 31 36 37 47 26 26 21 10 41 29 23 36 31 12 21 28 15 47 31 11 8 24 15 51 28 15 45 6 56 44 19 35 13 18 22 35 41 29 17 32 32 23 23 33 25 36 31 13 10 35 22 37 38 47 31 49 24 21 24 13 39 43 48 39 11 40 15 23 7 27 47 39 23 21 33 43 42 41 37 50 16 12 17 44 35 28 31 25 40 17 14 16 16 23 27 39 36 47 7 12 35 43 16 38 11 41 28 31 49 14 33 46 13 35 32 14 2 27 33 15 21 51 32 37 35 18 44 2 21 41 7 52 20 30 18 0 13 20 24 23 37 10 18 20 40 16 22 39 26 36 48 51 27 23 30 30 42 35 21 28 16 37 11 35 45 43 25 9 35 9 43 16 24 27 12 43 37 38 55 30 33 18 25 35 9 10 27 34 8 11 16 23 18 13 24 6 35 42 44 21 32 24 27 44 24 3 15 15 24 19 28 29 27
28 63 60 34 42 5 24 30 26 52 20 27 33 47 16 15 7 21 24 19 44 45 46 32 33 5 12 23 25 50 43 29 22 15 20 29 15 13 24 33 54 46 36 49 19 44 30 33 4 45 16 39 22 49 25 14 50 25 6 37 43 41 20 34 46 9 39 19 37 44 19 58 30 19 29 28 23 26 5 44 26 54 20 37 48 31 58 44 40 22 54 6 27 27 43 22 55 27 25 54 53 13 38 48 48 60 14 37 48 54 17 28 40 33 52 29 23 44 44 29 21 4 10 17 38 47 17 32 20 33 31 47 34 53 51 2 44 49 55 25 35 15 49 17 23 58 25 43 22 28 47 28 46 16 10 11 25 46 53 28 32 43 49 3 33 27 49 25 34 19 21 26 24 34 17 24 22 38 42 55 19 40 41 53 29 44 31 28 35 14 27 8 39 32 54 45 14 27 24 35 7 25 20 33 53 29 48 45 9 24 23 2 36 6 37 25 30 18 51 51 56 29 28 24 41 33 12 46 7 13 9 32 51 17 28 41 35 34 49 23 4 25 31 4 30 52 18 40 28 46 30 11 30 18 35 24 18 25 27 12 13 39 40 9 16 36 37 41 43 38 52 35 16 31 20 49 32 12 48 40 24 18 22 9 45 33 14 20 32 23 50 38 14 44 16 56 49 26 42 25 26 33 28 50 30 28 31 44 29 24 25 26 30 38 21 22 46 29 31 29 57 43 51 19 11 31 22 34 48 51 44 22 39 15 29 18 34 47 32 32 25 40 53 49 51 40 61 27 10 21 53 32 39 43 13 49 8 19 24 26 25 17 41 27 50 18 19 43 53 7 28 24 51 26 43 59 17 43 50 15 24 35 21 14 39 38 27 33 54 39 27 45 26 41 13 21 44 15 55 27 33 19 13 0 32 25 13 44 22 15 28 48 14 34 42 32 39 47 54 28 29 28 37 44 25 14 39 19 41 21 33 54 55 32 21 42 14 50 28 32 36 23 51 32 27 56 42 43 8 13 41 18 19 40 41 9 3 4 35 8 25 35 17 24 53 43 13 41 14 38 45 37 13 25 22 36 27 37 35 30
59 34 61 30 52 30 24 29 15 21 41 18 7 40 34 19 33 50 22 36 47 32 18 34 19 37 32 46 11 54 17 18 28 35 29 12 46 43 13 19 34 30 38 54 49 25 14 51 30 27 17 40 41 23 11 32 44 41 29 46 47 32 41 38 37 41 50 23 8 13 20 29 26 31 45 14 49 50 27 19 53 30 16 49 25 46 31 41 51 50 24 38 49 42 31 39 26 32 43 57 47 42 6 22 54 31 19 7 32 57 23 35 11 29 56 21 19 47 29 18 15 34 24 26 49 20 22 40 18 25 50 27 28 38 36 33 36 44 25 26 27 20 27 15 51 31 28 14 41 19 47 19 24 27 31 25 48 17 33 8 29 14 32 32 27 20 25 46 6 30 19 9 50 29 16 11 22 34 47 33 20 8 23 24 41 46 16 53 9 31 53 28 9 20 32 14 33 37 12 42 26 17 16 23 47 26 37 30 30 18 18 31 34 27 7 8 6 26 34 54 31 16 7 54 25 3 38 45 39 45 41 24 44 18 6 42 47 5 46 26 35 36 4 36 24 56 39 14 10 50 37 22 52 25 48 44 20 9 24 36 21 48 22 35 38 10 30 15 26 41 43 17 43 20 17 29 32 42 17 20 9 34 42 31 52 35 27 13 26 22 55 16 29 51 19 57 37 19 29 12 22 7 49 27 36 12 38 13 29 32 50 33 49 25 18 11 18 19 50 53 31 12 50 38 39 20 20 49 39 45 37 12 46 31 23 15 20 50 52 25 25 26 29 34 27 38 32 7 28 28 31 44 8 11 44 27 37 22 21 19 29 44 40 51 44 16 19 24 29 36 55 10 27 37 12 32 28 19 43 28 53 34 24 19 8 31 9 1 49 28 53 20 17 51 20 32 40 22 50 27 34 29 20 32 0 32 41 32 11 32 17 29 30 4 38 25 37 52 50 34 28 40 23 42 52 38 11 29 35 16 43 32 25 23 13 29 25 35 5 25 17 10 31 49 56 57 10 18 36 44 30 21 21 8 26 26 30 35 13 38 10 8 17 53 23 48 37 20 42 11 48 7 20 12 19 5 16 17 26 31
37 50 37 50 22 27 40 8 36 43 14 39 36 24 11 28 19 27 10 9 21 23 36 8 44 28 14 19 21 27 32 40 41 13 5 21 30 25 20 17 35 27 12 27 30 27 20 20 21 27 22 15 13 37 32 12 26 10 20 16 20 19 15 10 23 30 19 35 39 38 33 47 45 7 14 37 24 23 23 32 29 39 18 18 32 15 44 20 21 27 43 29 21 11 22 10 44 3 14 31 29 23 37 35 26 48 25 33 28 31 34 5 33 49 29 42 36 20 24 16 18 23 18 35 19 35 32 10 33 13 19 30 12 31 29 23 21 25 45 42 14 29 32 22 27 43 5 34 13 14 23 15 30 35 32 28 20 36 34 25 49 34 29 26 48 13 35 18 29 6 14 24 24 12 27 22 38 15 19 37 13 39 24 42 9 20 41 26 28 11 27 17 40 17 37 37 12 6 31 13 23 37 32 15 29 45 25 25 16 36 35 23 13 25 32 27 26 9 31 28 40 39 25 34 23 30 19 22 27 31 28 13 28 17 30 17 16 31 25 40 25 6 29 26 11 29 13 31 22 23 7 25 24 35 17 16 14 30 42 17 18 18 24 18 14 40 15 31 25 14 29 22 20 43 32 31 9 26 41 25 28 9 15 16 23 9 33 25 47 38 27 25 11 22 29 33 27 14 21 32 41 28 20 34 6 36 8 39 47 1 23 2 18 20 15 25 35 15 19 25 43 37 27 12 22 16 35 18 25 28 21 21 17 37 12 22 19 24 22 46 8 21 37 28 35 16 48 26 16 40 35 13 35 38 28 32 32 12 39 38 4 21 17 23 27 28 14 26 37 31 29 28 36 5 37 45 37 30 27 35 29 11 37 24 38 15 32 33 30 19 26 32 16 21 25 4 21 30 31 44 9 6 24 25 32 0 21 22 24 11 16 30 11 35 19 13 15 25 30 4 46 8 20 20 27 17 32 39 18 32 12 36 44 14 27 22 32 29 28 47 23 23 33 18 33 32 37 31 20 27 19 32 34 38 23 29 22 24 41 31 31 29 20 30 44 20 16 27 22 30 21 38 27 20 13 36 17 24 15 7
19 68 53 47 32 17 36 28 38 58 10 39 43 44 11 27 9 10 25 13 38 44 51 28 45 12 10 11 31 43 48 41 35 9 18 34 10 4 30 35 55 47 32 41 10 46 34 23 13 46 25 34 13 54 35 11 46 17 14 29 36 39 10 28 43 11 30 31 47 51 31 63 42 16 19 39 11 14 16 49 14 57 26 27 51 22 62 40 31 10 59 13 15 18 42 14 61 24 15 46 48 2 47 52 40 65 25 45 48 47 30 24 47 45 44 41 34 37 44 32 27 10 18 29 29 51 29 26 32 33 20 49 32 52 50 12 41 45 61 37 34 27 51 26 11 61 23 49 12 30 42 31 49 28 22 23 13 51 54 35 45 49 49 15 45 29 53 14 41 17 25 33 12 32 28 31 35 35 34 56 23 48 43 58 21 38 43 16 41 13 15 13 48 34 56 51 10 21 34 28 18 37 32 34 49 41 46 45 11 36 35 13 33 18 44 34 37 18 52 44 59 41 35 15 43 41 3 41 9 11 9 32 48 24 37 36 26 42 44 35 10 18 39 11 30 44 10 46 34 39 24 22 17 30 26 13 23 35 39 5 20 31 42 6 7 46 35 46 45 33 49 38 4 43 32 51 29 6 55 43 33 13 12 10 37 29 26 29 44 36 41 42 14 35 28 49 48 29 41 35 39 40 17 53 25 39 26 52 42 20 12 22 20 39 25 31 51 32 20 17 61 50 45 11 3 34 34 25 45 48 41 29 32 27 30 26 37 41 20 44 26 41 56 49 54 36 65 35 13 34 55 24 47 50 7 51 17 22 37 37 23 5 37 15 47 29 24 45 55 16 15 33 54 20 50 63 30 47 47 28 13 32 33 24 48 36 37 42 50 39 15 49 29 32 24 17 41 27 50 39 29 17 23 13 41 21 0 43 30 12 31 49 13 43 39 32 35 39 49 24 41 21 39 39 12 5 45 31 38 33 25 56 60 33 31 42 26 49 36 44 40 31 53 21 16 48 49 47 5 6 40 30 31 48 42 22 12 9 45 15 35 42 25 13 59 36 6 45 2 44 38 46 25 30 25 45 31 41 35 27
58 33 31 59 32 45 50 15 43 31 36 46 38 9 32 40 39 49 21 31 21 1 24 17 50 48 34 40 25 27 20 47 53 34 25 22 52 47 26 14 13 6 16 29 52 11 19 37 40 8 34 16 34 21 38 33 13 30 39 27 22 5 36 19 7 50 31 47 38 29 45 31 55 28 32 43 45 43 41 19 50 20 27 31 16 32 26 14 31 48 29 49 41 30 1 32 29 20 34 30 17 45 34 21 29 31 38 29 6 29 46 21 26 58 29 50 45 22 4 18 27 43 35 49 30 22 45 23 43 11 38 12 11 10 8 43 6 14 31 53 10 41 13 33 49 24 20 24 35 17 19 17 13 49 49 43 40 25 13 26 58 25 8 44 56 18 18 38 26 26 24 27 45 11 38 27 48 10 24 16 26 35 9 28 27 20 46 47 24 31 49 36 37 13 17 28 34 24 39 24 40 45 41 12 16 54 6 4 36 45 44 42 12 42 27 32 27 27 10 27 21 46 27 56 7 29 40 17 47 52 49 13 13 29 34 17 29 28 17 52 45 27 29 46 14 30 35 22 24 25 22 39 44 48 31 37 27 36 51 38 33 27 11 40 36 42 8 21 8 18 12 15 42 50 42 11 15 47 30 13 34 31 36 36 28 17 48 34 56 48 30 16 31 29 41 28 7 19 3 39 50 25 39 16 21 41 22 32 57 23 44 22 37 8 25 33 23 16 37 45 25 29 21 34 43 14 46 33 9 14 7 29 25 52 16 32 12 24 40 54 19 6 19 6 17 13 30 29 35 53 15 28 30 31 50 14 51 26 49 47 20 43 14 44 13 38 26 10 18 50 50 35 18 25 30 27 50 17 12 50 51 13 49 37 36 8 37 32 18 6 47 19 20 31 39 26 11 43 20 54 16 26 37 44 32 22 43 0 31 32 19 10 31 34 11 12 13 27 19 21 56 27 9 15 48 39 25 53 8 42 26 16 29 13 36 3 46 7 30 55 15 30 13 35 54 28 31 18 41 49 4 44 45 34 6 44 41 44 44 51 37 25 32 52 31 24 37 14 44 23 22 37 40 25 23 34 20 15 9 16
48 43 57 29 45 20 19 23 13 31 31 16 14 38 25 11 22 39 15 26 42 32 26 28 21 27 21 36 7 49 23 18 22 25 20 11 35 32 6 18 38 32 33 49 39 28 13 42 19 29 6 35 31 30 9 22 42 32 18 39 42 30 32 32 36 30 43 17 17 23 14 38 24 22 36 14 39 40 17 25 43 36 7 41 30 37 38 38 44 39 33 27 40 33 30 30 35 25 34 53 45 31 17 28 49 40 9 16 34 53 16 28 19 28 51 20 14 42 30 14 6 23 13 19 42 27 15 33 12 22 41 31 25 39 37 22 34 42 34 22 24 12 32 5 40 39 21 22 32 15 43 15 28 19 22 15 38 25 37 8 28 22 34 21 26 15 31 37 13 21 11 6 40 25 7 5 17 30 41 37 11 19 25 33 33 41 17 43 14 21 43 17 19 18 37 24 23 29 8 36 15 15 10 21 45 24 37 31 20 14 14 20 29 17 16 5 9 17 36 50 37 16 7 44 26 12 27 42 28 34 30 20 42 7 8 38 39 13 43 21 25 28 10 25 20 52 29 20 8 45 30 12 43 18 40 35 11 7 21 26 10 41 24 25 28 17 27 21 28 36 42 18 32 20 11 33 27 32 27 23 5 24 33 21 46 29 19 3 25 17 50 19 19 45 10 54 38 14 29 9 19 13 40 33 29 13 31 23 26 24 39 25 40 24 9 2 26 16 41 43 38 22 46 29 29 17 15 41 38 44 35 3 40 23 18 4 20 45 43 24 19 26 35 35 33 34 40 6 18 22 35 36 18 22 34 31 27 13 18 16 22 33 36 41 42 8 10 27 35 26 44 5 33 29 22 39 21 24 42 21 42 30 18 9 18 28 9 12 47 26 42 26 12 45 10 23 37 14 48 23 29 20 10 22 11 24 30 31 0 22 14 32 20 13 35 21 33 47 47 27 25 32 23 39 41 28 18 23 33 11 36 36 34 20 5 29 17 36 7 25 19 2 35 40 45 53 20 24 26 33 29 14 15 19 27 17 20 25 18 28 7 15 6 42 32 43 26 23 31 18 43 16 11 7 12 15 12 20 24 25
29 56 46 44 28 18 33 17 32 47 10 34 35 33 3 22 9 20 14 6 30 33 40 18 40 18 4 15 21 36 37 36 34 4 7 23 21 16 20 23 43 35 22 35 21 35 23 22 11 34 18 25 11 42 29 1 36 12 11 23 29 28 11 19 33 19 25 28 38 41 27 52 39 4 16 33 18 19 15 37 23 46 16 23 39 18 50 30 27 20 48 19 19 14 31 9 49 14 13 40 39 14 37 41 34 54 19 35 37 40 27 14 36 43 37 37 30 30 33 20 17 13 11 28 25 40 26 18 27 21 20 38 21 41 39 13 31 35 50 35 23 22 39 19 20 50 12 38 11 19 33 20 37 28 23 20 17 40 42 25 43 38 38 17 42 18 41 15 30 6 14 24 19 21 22 21 31 25 27 45 13 39 31 47 15 30 37 22 31 1 22 8 40 23 44 40 3 13 28 21 15 32 26 22 39 39 35 33 6 31 30 13 22 16 34 26 27 7 40 37 47 35 25 26 31 31 9 32 16 21 18 21 38 15 29 27 22 32 34 33 15 10 29 16 18 38 8 35 24 32 16 17 22 28 22 13 12 27 36 7 13 25 31 9 7 39 24 35 33 24 38 27 13 38 27 39 18 16 44 31 26 4 11 6 31 19 25 22 41 32 35 30 3 30 23 42 37 17 30 29 35 30 19 42 15 33 17 42 40 10 19 12 19 27 15 23 40 20 20 22 50 39 37 7 12 22 30 22 35 38 31 20 25 28 18 18 25 33 22 40 14 29 44 37 42 26 54 25 7 33 43 18 37 40 19 40 22 11 33 33 12 13 27 20 37 23 13 33 44 21 24 25 43 12 40 52 29 35 37 27 23 22 31 18 39 25 29 33 40 27 22 38 18 27 19 7 31 23 41 37 19 6 18 15 32 11 12 32 22 0 20 38 2 34 29 20 25 33 40 14 39 14 27 30 21 8 35 31 28 27 19 44 49 21 24 30 24 38 27 41 28 22 41 20 26 41 39 36 11 18 28 26 27 38 30 20 12 14 39 21 28 31 16 23 48 29 7 33 14 33 30 37 20 20 14 36 20 29 23 17
49 37 45 42 36 28 32 12 26 28 27 29 23 25 22 22 25 39 6 22 30 19 21 17 33 32 21 33 8 38 18 30 35 23 14 6 39 34 8 5 27 20 21 38 40 17 5 35 24 18 16 23 27 23 21 20 29 25 23 30 30 17 28 21 23 35 34 29 24 23 26 33 37 17 29 26 37 37 24 18 42 27 10 33 21 30 31 25 35 39 29 33 35 26 18 25 30 15 28 41 33 33 22 22 37 34 20 18 22 40 28 18 18 40 39 33 27 30 18 1 9 28 18 31 33 21 27 24 25 9 35 20 12 27 25 27 21 29 30 35 11 23 21 15 40 31 12 19 27 3 30 2 19 31 31 26 34 22 26 10 41 19 23 28 39 3 22 32 13 16 7 10 37 13 20 10 30 18 30 27 9 24 14 28 25 29 30 40 13 19 41 20 25 6 27 22 22 21 21 26 23 28 23 8 32 37 24 19 22 27 27 26 17 25 17 15 12 13 24 38 29 29 11 45 14 16 28 29 33 38 34 8 29 11 18 26 31 16 30 34 30 21 14 31 7 40 26 16 8 34 21 22 39 30 31 30 10 19 34 26 16 31 13 26 26 27 14 16 17 24 29 8 32 33 24 22 15 34 26 13 17 21 29 22 35 18 30 16 38 31 39 11 18 35 23 41 25 3 16 22 32 12 35 23 20 25 22 24 39 16 37 17 33 12 8 15 21 3 34 39 31 21 34 25 30 5 28 33 25 30 22 11 29 34 6 14 7 34 37 37 9 14 26 23 24 21 35 12 20 35 25 28 20 23 37 22 34 10 31 29 13 32 24 38 29 20 9 16 26 33 42 18 24 21 22 33 33 16 29 32 42 17 31 19 24 15 20 18 34 13 40 19 2 35 21 17 25 25 35 36 17 15 20 28 17 16 31 19 14 20 0 21 18 20 22 8 21 35 34 17 38 24 11 26 40 27 16 35 20 24 27 26 30 7 18 16 28 24 14 38 9 12 24 33 45 41 22 17 28 36 16 26 27 23 15 27 25 29 28 35 20 14 14 42 29 32 26 14 32 14 31 23 22 7 6 21 2 10 10 14
66 24 39 58 41 48 50 23 42 22 43 45 35 17 39 42 44 57 25 39 30 10 17 25 47 52 40 48 26 37 14 46 53 41 31 22 58 53 27 16 6 5 26 38 58 5 20 46 44 4 35 25 42 13 37 39 22 39 43 36 32 14 44 28 16 55 40 48 33 23 45 22 54 34 41 41 53 51 44 12 58 10 30 40 7 40 16 23 41 56 20 53 49 39 10 40 19 27 42 38 24 51 29 12 38 21 40 24 6 38 47 29 21 57 38 49 45 31 6 20 29 48 38 50 39 14 46 32 43 17 47 3 18 10 9 47 16 23 22 53 16 43 3 35 56 15 27 18 42 20 28 20 5 51 52 46 49 18 5 25 57 19 5 48 55 21 9 46 23 33 27 27 53 19 39 28 48 19 33 8 29 30 8 19 36 29 44 55 21 37 56 40 32 16 8 21 40 32 38 33 43 44 41 16 23 53 14 7 41 44 44 46 21 45 23 32 25 32 5 36 12 44 26 63 7 26 47 27 52 58 54 17 20 32 32 27 39 25 25 52 50 34 26 50 20 39 42 16 24 34 30 42 52 49 40 45 30 35 51 44 36 36 8 45 43 38 16 15 5 28 18 15 49 48 42 2 23 53 23 10 33 37 44 41 38 25 50 35 54 48 39 13 36 38 42 37 12 22 10 38 49 22 48 7 30 39 30 25 56 30 52 30 45 11 28 33 15 19 46 54 15 23 30 41 49 17 46 42 17 22 17 30 34 54 20 34 14 33 49 52 24 9 9 7 8 22 20 27 39 53 6 37 25 25 56 4 54 30 48 46 27 50 24 52 21 39 29 5 8 53 58 34 9 33 24 18 52 11 20 52 58 22 49 38 31 16 36 29 25 12 55 11 23 40 40 33 21 45 27 54 25 32 40 48 29 30 49 10 32 38 21 0 37 31 20 18 22 36 27 29 55 35 11 24 56 45 20 54 18 41 35 7 20 17 36 9 48 8 29 53 14 30 4 44 62 37 25 12 47 55 12 45 46 29 8 47 45 49 40 55 36 21 34 59 22 34 44 9 51 19 31 33 42 26 26 30 22 13 15 24
31 55 47 43 30 17 31 17 30 45 12 32 33 34 5 20 8 22 13 8 31 32 39 18 38 18 4 17 19 37 35 34 32 6 6 21 22 17 18 22 42 34 23 36 23 34 22 24 10 34 16 26 13 41 27 3 36 14 10 25 30 28 13 20 32 20 27 27 36 39 25 51 38 5 18 31 20 21 13 36 25 45 14 25 38 20 49 30 28 21 47 19 21 15 30 11 48 14 15 41 39 15 35 39 35 52 18 33 36 41 25 15 35 41 39 35 28 31 32 19 15 13 9 26 26 39 24 19 25 20 22 37 21 40 38 13 30 35 48 34 22 21 38 17 22 49 12 36 13 18 34 18 36 26 22 19 19 39 41 23 41 36 37 16 40 16 40 17 29 6 13 22 21 21 20 19 30 25 29 44 11 37 30 46 16 30 35 24 29 1 24 7 38 22 43 39 4 14 26 22 13 30 25 21 39 37 35 33 6 29 28 12 23 15 32 24 26 5 39 38 46 33 23 27 30 29 10 32 17 21 18 20 38 13 27 27 23 30 35 32 15 12 27 16 18 39 10 33 22 33 17 16 24 26 24 15 10 25 34 8 11 27 30 9 9 37 24 34 32 25 39 25 14 36 25 38 19 17 42 30 24 6 13 5 32 19 24 20 39 30 37 29 1 31 21 43 37 16 29 27 33 28 21 40 16 31 18 40 38 10 20 12 21 26 13 21 39 19 22 24 48 38 37 9 13 21 28 23 35 38 31 18 26 27 17 16 24 34 24 39 13 28 43 37 41 26 52 24 5 31 42 20 35 39 19 39 21 9 31 31 11 15 27 22 37 21 12 32 43 20 26 23 42 13 38 50 27 34 37 26 24 22 29 16 37 25 27 31 41 26 24 37 17 29 17 7 31 22 41 35 19 5 16 14 30 11 13 31 20 2 18 37 0 32 29 19 25 34 40 14 38 15 26 31 23 10 33 29 28 25 20 43 47 20 22 30 23 37 25 39 27 20 40 22 28 42 37 34 11 18 28 24 26 37 30 19 11 13 37 21 26 30 14 25 47 30 8 32 15 31 31 35 18 18 13 34 18 28 22 17
61 34 64 28 56 32 23 32 14 21 43 17 5 43 37 20 35 52 25 39 50 35 19 37 17 39 34 49 15 57 19 17 27 38 32 15 48 45 15 22 36 33 41 58 51 27 17 53 32 29 19 43 44 24 11 34 47 44 31 50 50 35 44 41 40 43 53 23 4 14 21 29 25 34 47 13 52 53 29 21 56 31 19 52 26 49 32 44 54 52 25 40 52 44 34 42 27 35 46 60 50 44 5 23 57 32 20 8 35 60 23 38 12 27 59 20 18 50 32 21 18 36 26 26 52 21 22 43 18 28 53 29 31 40 39 34 39 47 25 26 30 21 30 17 53 33 31 16 44 23 50 22 26 27 32 26 50 18 35 11 28 15 35 33 25 23 27 49 9 33 21 11 52 32 17 14 21 37 50 35 23 6 26 25 44 49 14 56 11 33 56 30 6 23 33 15 36 40 12 46 28 17 17 26 50 25 40 33 33 17 17 33 37 29 9 9 9 29 36 57 32 15 11 56 28 5 40 48 41 46 43 27 47 20 7 45 50 7 49 25 37 40 7 38 27 60 41 16 13 53 40 24 55 25 51 47 23 10 23 39 23 51 25 38 41 8 33 17 29 44 46 20 45 19 17 31 35 44 17 23 10 37 45 34 55 38 27 15 25 21 58 19 31 55 20 61 40 22 32 12 21 10 52 29 39 11 41 12 28 35 52 36 52 28 21 13 20 22 53 56 32 13 53 41 42 23 19 52 42 48 40 15 49 31 26 17 24 53 55 23 28 29 31 36 29 41 33 9 31 27 33 47 8 11 46 29 38 25 21 18 32 46 43 54 47 17 22 27 31 37 57 11 29 40 12 32 28 21 46 29 55 37 24 20 5 34 9 3 52 30 55 22 20 55 22 35 43 23 53 26 37 32 22 34 4 35 43 34 13 34 20 31 32 0 41 28 40 55 53 37 27 43 26 45 54 41 12 29 38 16 46 34 26 26 14 32 26 38 8 24 20 13 33 51 58 60 10 20 39 46 33 21 22 6 29 27 32 37 10 39 10 10 19 55 23 51 39 22 44 13 51 3 22 16 23 3 19 20 29 34
52 43 23 64 22 44 54 13 48 41 30 51 44 6 29 43 37 44 22 27 11 11 34 11 55 46 32 34 29 18 30 52 56 31 23 27 48 43 29 19 22 16 8 18 47 21 25 28 38 19 36 6 28 32 43 30 8 24 38 18 12 8 31 11 6 48 21 50 45 38 47 41 59 25 25 48 39 36 40 29 44 30 30 22 26 24 36 4 22 43 39 47 34 23 11 26 39 16 27 20 11 41 41 31 19 41 40 36 16 19 49 16 35 62 19 54 49 12 15 22 30 41 35 51 20 32 47 15 46 14 30 22 11 16 15 41 5 7 41 57 12 44 23 36 43 34 18 33 29 20 9 21 24 51 49 44 34 35 22 32 62 34 17 44 61 20 28 31 33 24 26 32 39 10 41 32 51 5 13 26 27 43 19 38 20 10 51 39 31 29 42 34 45 19 26 37 31 18 43 15 40 49 45 15 11 58 9 14 34 49 48 40 7 42 35 37 33 25 19 17 31 51 33 50 17 36 37 8 45 49 45 15 9 31 40 7 20 35 8 55 43 21 35 44 16 20 30 30 30 15 15 40 36 50 22 31 28 41 55 35 34 17 20 37 32 48 9 30 18 9 11 22 37 55 45 21 11 44 40 22 39 27 30 34 18 11 49 38 60 52 19 25 29 19 43 20 12 22 11 44 54 32 32 26 15 47 14 41 60 20 38 17 29 15 27 37 33 20 29 38 35 38 12 29 40 19 49 24 7 10 4 32 15 53 18 35 18 14 32 59 18 15 29 15 27 4 40 34 33 55 25 20 38 40 46 24 49 26 53 51 18 37 4 37 9 41 27 19 28 48 43 39 28 19 39 37 52 27 8 51 45 8 52 39 43 8 42 39 13 12 40 29 24 21 40 23 3 45 14 58 10 24 39 42 38 19 39 11 35 29 22 20 29 41 0 15 5 17 13 16 60 20 16 5 42 35 33 55 4 45 18 26 39 16 40 12 47 15 36 59 23 34 23 27 48 19 39 28 39 45 10 47 48 42 16 45 39 42 50 49 42 32 34 46 41 14 34 24 40 31 12 44 42 29 24 41 24 24 13 13
48 39 37 50 29 33 40 6 34 32 26 37 31 17 22 29 27 39 9 21 22 13 25 11 41 36 23 31 15 30 20 38 42 23 14 13 40 35 15 6 23 15 14 30 41 15 11 31 28 15 22 16 25 25 29 21 21 22 27 24 23 10 27 14 16 38 28 36 32 28 34 35 45 17 25 34 36 35 29 20 41 27 16 27 20 25 32 18 29 38 31 37 33 22 11 22 32 11 25 33 25 34 28 23 30 36 26 24 17 33 35 13 23 48 31 40 35 23 13 8 16 31 23 37 27 23 34 18 32 1 31 18 4 22 20 31 14 21 33 43 4 30 20 22 39 31 9 23 25 6 23 7 18 38 37 32 32 25 22 18 48 24 18 32 47 6 23 30 20 15 12 18 36 5 27 17 37 10 23 25 14 30 12 30 20 22 37 38 19 20 39 24 32 5 25 27 22 16 29 20 28 35 31 3 24 44 17 14 24 35 34 30 9 30 23 23 19 15 20 30 28 37 19 45 11 23 29 21 35 40 37 1 22 18 25 18 25 22 22 41 33 18 22 34 2 32 25 20 16 26 15 27 36 37 26 28 15 27 41 27 21 25 12 28 26 34 6 20 14 17 22 11 32 41 32 19 8 36 30 13 25 20 27 24 28 11 36 24 46 38 31 14 19 28 30 34 19 8 11 29 40 19 32 22 14 32 16 29 47 13 35 13 30 8 13 23 24 6 30 37 31 27 26 24 32 6 35 27 18 23 14 18 23 40 4 21 7 26 33 44 7 9 25 18 23 14 35 20 23 42 24 22 26 29 38 20 39 14 39 37 10 32 16 35 22 27 14 14 25 38 41 25 24 17 27 33 39 18 21 38 41 10 38 25 31 8 28 26 26 8 38 21 10 28 27 15 17 32 28 44 10 15 26 32 25 13 32 12 21 20 8 18 19 28 15 0 13 28 27 13 46 19 8 18 39 28 21 41 12 31 21 24 32 2 25 11 34 19 22 45 12 20 22 29 45 33 28 19 30 37 10 33 34 29 11 32 29 32 36 39 27 20 20 42 32 24 26 15 33 19 23 31 28 15 11 28 10 13 3 8
48 45 25 61 19 41 51 10 46 42 26 49 43 10 24 40 33 39 19 23 10 14 35 8 53 42 28 30 28 18 30 50 53 26 19 26 44 39 28 19 25 18 4 18 42 22 24 25 35 20 33 3 24 33 41 26 12 20 34 14 11 9 26 7 10 44 18 47 44 39 45 43 56 21 21 46 35 32 37 30 40 32 27 19 27 20 38 6 19 38 40 43 30 19 13 22 41 12 23 21 15 37 41 32 18 43 37 36 19 20 46 12 35 60 19 52 47 11 17 20 27 37 31 48 17 33 44 11 44 13 26 24 9 20 18 37 8 11 42 54 11 41 25 33 39 37 15 34 25 19 10 19 25 48 46 41 30 35 25 31 60 35 20 40 58 18 30 27 32 20 23 31 35 9 38 30 49 4 12 29 24 43 20 39 16 9 50 35 31 25 38 31 44 18 29 38 27 14 41 11 36 47 42 14 15 56 13 16 30 46 46 37 4 38 35 35 32 22 22 17 34 49 31 46 18 35 33 9 41 45 42 14 14 28 38 6 17 35 11 52 39 17 34 40 14 20 26 31 28 14 11 37 32 47 18 26 25 39 53 30 31 14 21 33 28 47 9 31 19 6 15 22 33 53 43 24 7 40 41 22 37 22 26 30 16 6 46 35 58 49 19 25 25 17 40 21 15 20 13 42 51 32 28 28 11 45 10 41 58 16 34 14 25 15 25 34 34 19 25 34 37 38 14 25 36 18 47 20 11 14 8 30 12 50 15 32 18 13 28 56 15 16 31 18 29 1 42 32 30 52 28 16 38 40 42 26 46 23 50 49 14 33 3 33 12 39 25 21 30 45 39 37 30 15 39 39 49 28 13 48 40 4 49 36 43 7 40 38 16 13 36 30 22 19 37 19 6 42 17 55 7 20 36 39 37 15 35 13 33 25 21 22 25 40 5 13 0 16 16 11 57 16 17 6 38 31 33 52 5 43 14 28 40 15 37 14 44 18 35 57 23 32 26 23 44 20 39 29 35 41 11 44 45 41 17 42 36 38 49 45 40 32 31 42 42 12 30 25 36 31 11 43 39 27 22 40 22 24 12 9
48 59 14 74 10 50 64 24 60 56 30 62 58 19 31 52 41 41 32 29 6 27 50 19 67 49 36 31 42 4 46 64 65 33 29 40 48 43 42 34 37 32 15 3 45 37 39 21 44 35 46 13 27 48 55 34 17 23 44 11 6 23 30 15 21 50 12 59 59 54 57 57 69 30 21 60 36 31 47 45 40 46 41 13 42 19 52 14 11 40 55 50 28 22 27 26 55 23 25 7 17 41 56 47 2 57 49 51 31 8 58 20 50 73 5 65 60 6 31 35 41 45 42 59 11 47 56 15 57 28 24 38 25 30 29 46 21 15 57 66 26 53 39 46 40 50 27 49 28 33 9 34 40 59 56 52 30 51 37 45 73 50 33 49 72 33 44 28 48 30 37 45 35 24 51 44 61 20 6 41 37 58 35 54 19 7 64 34 46 34 37 40 59 33 42 53 34 20 55 13 47 60 55 30 18 69 24 30 39 60 59 45 19 48 50 50 47 33 34 5 47 63 46 48 32 50 38 10 47 50 47 29 19 41 52 11 14 50 12 64 47 23 49 47 29 5 31 46 43 2 18 49 30 59 15 28 38 53 66 37 42 9 36 39 33 62 24 46 34 12 22 37 37 67 56 37 21 44 56 38 51 30 28 38 4 18 57 49 71 62 4 40 35 6 53 11 26 34 28 55 65 47 26 42 19 59 17 56 71 25 34 23 22 31 38 48 49 34 23 32 51 53 10 30 41 33 59 16 21 18 20 44 9 60 30 45 33 4 25 70 29 31 44 31 43 16 56 47 39 64 41 16 53 55 46 40 54 35 63 62 26 36 14 32 18 52 38 36 43 53 38 51 44 21 54 53 61 43 19 59 40 19 61 48 58 23 55 53 17 28 35 44 36 10 49 28 16 54 15 68 19 30 48 47 52 25 39 27 47 33 35 36 34 55 17 28 16 0 15 21 70 20 32 13 37 36 48 63 19 56 15 41 55 30 51 29 56 30 49 70 38 46 39 20 44 10 55 44 41 45 25 56 58 57 31 52 45 45 63 53 53 47 44 43 57 5 35 40 40 46 5 58 51 41 35 56 37 39 27 22
60 49 13 76 24 56 66 26 60 49 39 63 56 11 39 55 48 52 34 37 12 19 43 23 67 57 43 42 42 13 39 64 68 41 34 39 58 53 42 31 27 23 18 15 56 29 37 33 50 27 48 15 37 39 55 41 6 33 49 22 14 18 40 21 13 58 25 62 56 48 60 48 71 36 32 60 47 43 52 37 51 36 42 26 33 30 41 10 24 51 46 58 41 32 20 36 46 27 36 13 3 51 52 39 16 46 52 47 22 12 61 26 45 74 14 66 61 13 23 34 42 52 47 63 24 40 59 23 59 26 36 29 23 19 19 52 14 6 48 69 24 56 30 48 51 40 30 43 38 32 8 33 32 63 61 56 41 44 26 44 75 44 23 55 73 33 35 39 44 35 38 44 46 23 53 44 64 18 16 31 39 54 28 45 29 12 63 46 42 40 49 46 56 30 31 47 41 28 55 22 52 62 57 27 4 70 14 22 45 61 60 52 19 53 46 49 45 37 24 11 36 63 44 59 26 48 47 8 55 59 56 27 8 43 51 14 25 47 6 67 54 31 47 55 28 14 40 40 42 14 25 52 42 62 27 39 40 53 68 45 46 21 30 47 42 60 21 40 26 17 9 34 46 67 58 28 22 54 49 32 51 37 39 45 18 21 61 50 72 64 16 35 40 19 55 11 16 34 21 56 66 44 39 33 25 58 24 51 73 31 45 28 35 26 39 49 41 32 35 44 40 48 5 39 50 31 61 29 11 6 13 45 19 65 30 47 30 11 37 71 31 25 35 21 34 15 46 46 45 67 31 27 48 50 56 31 61 38 65 63 30 47 13 44 7 54 40 28 34 60 50 51 35 29 49 43 65 36 8 64 52 19 64 51 54 20 54 50 3 23 47 37 36 23 52 33 10 57 1 70 22 35 51 54 50 30 49 19 47 40 34 27 40 53 13 27 16 15 0 26 72 28 27 10 49 45 43 67 15 58 25 30 46 28 52 22 60 20 48 71 34 46 29 33 56 11 50 37 49 55 20 59 60 52 25 57 51 53 62 60 54 43 46 54 48 16 44 33 50 42 12 55 54 41 37 52 36 34 25 25
38 50 33 54 19 30 43 7 39 44 16 42 39 21 13 32 22 29 13 12 17 22 37 5 47 31 17 20 23 24 32 44 44 15 9 23 33 28 22 18 33 25 9 23 32 27 22 19 24 26 25 12 14 37 35 15 23 10 24 13 16 17 16 6 20 33 17 39 41 39 37 47 49 10 13 40 25 23 27 32 30 38 21 16 32 13 44 17 18 28 43 32 21 10 20 12 44 2 14 27 26 26 39 35 23 48 29 35 26 28 37 1 35 53 25 45 39 17 23 18 21 26 22 39 16 35 36 7 36 13 19 30 11 29 27 27 18 22 45 46 13 32 31 26 29 43 7 35 14 16 20 17 30 39 36 32 20 37 33 27 52 35 28 30 51 14 34 18 30 9 17 26 25 10 30 25 41 12 15 36 17 41 24 43 8 17 44 27 30 14 28 21 42 17 36 38 16 4 34 9 27 40 35 15 26 48 23 23 19 39 39 26 10 28 34 30 29 13 30 25 40 43 27 36 23 33 22 19 30 34 31 13 25 21 33 13 14 33 21 44 28 6 31 29 12 26 15 32 25 20 4 28 24 39 14 17 17 33 45 19 22 15 24 22 17 43 13 32 25 11 26 22 22 46 35 30 6 29 42 25 31 11 16 19 20 5 37 28 50 42 24 26 15 19 32 29 25 16 20 35 44 29 20 34 3 39 5 41 50 5 24 3 17 19 18 28 36 17 18 25 43 38 23 14 25 17 39 16 22 25 18 24 14 40 13 25 19 20 21 49 10 20 37 27 35 12 47 28 19 44 34 11 37 40 31 32 35 15 43 42 6 23 14 24 23 31 17 25 36 34 30 31 35 5 39 45 40 30 24 39 31 9 41 27 41 14 35 35 27 17 27 33 18 18 29 8 17 34 27 47 6 10 27 28 34 4 24 21 27 14 17 29 14 37 16 13 11 21 26 0 49 7 19 17 28 20 33 43 15 36 10 35 44 14 31 20 35 27 30 50 24 26 32 17 34 29 39 31 24 30 18 36 37 40 22 32 25 27 44 34 34 31 24 32 45 17 19 27 25 31 18 40 30 22 15 38 19 25 14 5
56 60 81 6 67 25 7 47 14 47 47 11 22 63 42 18 34 50 39 45 66 57 45 51 11 32 37 51 31 73 44 10 7 41 41 35 41 41 31 43 61 56 56 72 47 51 37 60 30 53 25 59 49 50 19 39 67 51 30 61 65 55 48 55 61 34 64 12 27 40 13 55 3 42 55 15 52 55 26 46 54 57 30 62 52 57 58 62 65 50 51 32 56 52 55 48 53 48 51 76 70 41 31 49 71 58 21 34 58 76 13 50 38 4 74 7 11 66 54 39 30 32 29 13 63 47 14 55 14 47 58 54 49 64 62 30 59 66 51 5 49 18 54 25 51 59 44 42 49 40 67 40 51 14 21 20 53 44 60 31 4 41 58 27 5 40 52 53 33 41 35 29 53 50 20 29 9 55 64 60 34 31 49 51 53 65 14 57 35 39 55 32 29 43 59 40 39 50 18 58 26 11 15 45 70 2 61 56 35 12 12 30 54 25 35 24 31 38 60 73 58 12 30 51 51 30 40 66 35 39 37 45 67 29 23 61 60 32 67 7 32 49 29 32 44 75 45 41 32 68 52 22 58 12 61 51 33 21 5 40 28 63 48 37 44 22 52 42 52 59 67 42 45 9 15 56 51 40 43 46 22 43 49 35 69 53 16 23 4 8 73 43 37 68 18 78 62 39 54 18 7 33 56 55 52 17 54 38 1 45 53 47 58 49 33 24 46 40 59 58 58 38 71 46 39 42 11 61 63 68 60 28 62 16 43 25 44 69 60 5 42 51 56 59 54 58 59 28 33 8 58 57 35 37 41 54 28 35 8 10 44 46 60 56 67 19 33 50 56 27 56 22 54 50 38 59 13 46 66 15 53 54 9 23 30 53 20 28 72 51 56 47 37 66 21 44 62 17 73 3 52 40 23 29 28 46 41 56 25 39 38 55 38 27 60 46 57 70 72 49 0 52 47 63 53 42 38 12 57 15 57 59 52 45 21 53 16 61 27 5 42 27 58 59 55 77 36 45 37 41 54 14 13 32 51 20 30 33 19 30 20 35 27 52 49 66 41 46 42 38 66 27 20 32 36 28 37 43 48 49
33 57 33 57 15 31 46 14 44 50 11 46 44 25 12 35 22 24 18 9 18 28 43 10 51 30 17 14 29 23 39 48 47 14 12 29 30 25 28 25 39 32 12 22 28 34 28 12 25 33 29 15 9 43 39 15 26 5 25 10 16 23 12 9 25 31 12 41 47 46 40 54 52 11 6 44 20 17 28 39 25 45 25 10 39 7 50 20 14 23 50 31 15 4 26 8 51 9 8 26 29 23 45 42 21 54 32 41 32 27 40 6 41 56 24 49 43 17 29 24 26 26 24 41 11 42 39 5 39 20 12 36 18 35 33 27 23 25 52 49 20 35 38 30 24 49 13 41 10 22 22 23 37 41 37 34 14 44 39 33 55 42 34 30 55 21 41 12 37 12 22 32 19 17 34 30 44 18 14 42 21 47 30 49 1 18 48 20 36 15 22 22 48 24 42 45 15 4 39 8 28 44 39 22 29 51 28 29 20 43 42 26 15 29 40 35 34 16 36 24 46 47 33 31 29 38 19 20 28 31 28 20 28 25 38 16 9 39 24 46 27 4 37 28 19 25 12 38 30 19 5 30 17 41 9 11 21 38 49 18 25 12 31 20 14 48 20 38 31 13 30 29 18 50 39 37 13 26 48 32 36 10 11 19 18 10 39 32 54 45 22 32 16 16 35 29 31 22 26 40 48 36 13 40 6 44 6 47 53 9 18 8 11 26 23 33 43 23 12 19 49 44 25 11 22 24 42 10 26 28 23 29 12 42 19 29 26 20 14 53 16 27 43 33 41 17 54 34 20 46 41 5 43 46 28 38 34 19 46 45 12 19 17 18 27 35 22 32 43 34 24 36 42 3 45 52 42 37 27 41 25 14 44 31 46 20 40 41 30 24 21 39 24 14 32 9 21 36 29 50 11 13 30 28 40 8 21 27 32 14 24 35 15 43 20 19 16 20 28 7 52 0 26 20 22 17 39 44 20 39 5 42 51 21 35 27 37 33 36 53 30 31 39 10 29 28 45 38 22 27 24 39 40 46 28 34 25 26 49 34 38 37 27 27 51 16 16 34 22 37 18 46 33 28 21 44 25 32 21 12
55 32 39 51 35 38 42 13 35 26 33 38 29 17 29 32 33 46 14 28 26 10 19 17 41 42 29 38 17 33 15 39 45 30 21 13 47 42 17 6 17 9 19 34 48 8 11 37 33 8 26 20 32 18 30 28 21 29 32 29 27 9 34 20 15 44 33 39 29 23 36 28 46 24 32 34 43 42 34 14 48 20 20 33 13 32 25 19 34 45 25 43 40 29 8 29 26 18 33 36 25 40 26 17 34 29 30 21 12 35 38 20 19 49 34 41 37 27 8 10 19 37 28 41 32 17 37 24 35 7 38 11 9 17 15 36 14 22 27 45 7 33 13 25 46 24 16 18 32 10 25 9 11 41 42 36 39 20 16 18 50 19 12 38 48 11 15 37 18 22 17 19 43 10 30 19 39 13 27 18 19 27 5 24 27 25 38 45 16 26 46 29 29 5 18 22 29 23 30 25 33 37 33 5 24 46 15 9 30 36 36 35 14 35 19 24 18 21 15 33 21 37 19 52 5 21 36 24 42 47 43 7 21 22 25 22 31 20 24 43 39 25 20 40 9 35 32 15 16 30 22 32 43 40 32 35 20 27 43 34 26 30 5 35 33 33 8 15 7 22 20 7 39 42 34 13 14 43 24 7 26 27 34 31 33 17 40 26 47 40 35 9 26 33 33 35 15 12 7 31 41 17 39 15 21 33 22 25 48 20 42 20 36 2 17 24 18 8 37 44 24 22 28 31 39 6 37 34 17 23 14 20 28 44 9 24 4 29 40 45 14 4 18 13 16 17 29 20 29 44 17 29 22 24 45 13 44 19 40 38 17 39 19 42 21 30 19 7 18 43 48 26 17 24 23 26 42 12 20 42 48 15 41 29 28 10 29 24 26 5 45 14 13 34 31 23 18 35 28 46 16 22 30 37 23 20 39 9 23 27 11 11 26 26 16 8 17 32 27 19 47 26 0 20 46 35 17 45 13 33 27 17 25 6 27 6 38 14 22 46 7 21 15 35 52 35 24 13 36 44 8 36 37 26 4 37 34 38 35 44 28 17 24 49 26 29 33 9 40 15 27 29 32 16 16 26 12 8 6 14
52 47 19 67 19 46 57 16 51 45 31 54 48 8 30 46 38 43 25 28 7 15 38 13 59 47 33 33 33 14 34 56 59 32 25 31 49 43 33 23 26 20 9 15 47 24 29 27 40 23 39 5 28 36 47 31 7 24 40 15 9 12 31 11 9 49 19 53 49 42 50 45 62 26 24 51 39 36 43 33 44 33 33 20 30 22 40 1 19 42 43 48 33 23 14 27 43 17 27 16 9 41 45 34 15 44 43 40 19 15 52 17 39 66 15 58 52 8 19 25 33 42 37 53 18 36 50 15 50 18 29 26 15 19 17 43 9 6 45 60 16 47 27 39 43 38 21 37 29 24 5 25 28 54 52 47 33 39 25 36 66 38 20 46 64 24 32 31 37 25 29 36 38 14 44 35 55 9 10 29 30 47 23 42 20 6 55 39 35 30 41 37 49 22 30 41 32 18 46 13 42 53 48 19 10 61 12 18 36 52 51 42 10 44 39 41 37 28 22 13 35 54 36 51 21 40 38 4 46 50 47 19 9 34 43 5 19 39 5 58 44 21 39 45 20 16 31 34 34 11 15 43 35 53 20 30 31 44 59 36 36 15 24 38 32 52 13 34 21 8 11 26 38 58 49 25 13 45 44 26 42 28 30 35 14 12 52 41 63 55 16 29 31 15 46 16 14 25 16 47 57 36 31 30 16 50 15 45 64 21 37 19 27 19 30 40 37 24 28 37 39 42 8 30 41 23 52 22 9 9 8 36 13 56 21 38 22 9 31 62 21 19 32 19 31 5 44 38 35 58 29 19 42 44 46 28 51 29 56 54 20 38 4 36 8 45 30 24 31 50 42 43 32 19 43 41 55 31 9 54 44 10 55 42 48 12 46 43 11 16 39 33 27 18 43 24 4 48 11 61 12 26 42 44 42 20 39 15 39 30 26 24 31 45 5 18 6 13 10 17 63 20 20 0 41 36 37 57 8 49 17 29 43 20 43 17 50 18 40 63 27 37 26 26 48 15 44 32 40 45 14 50 51 46 20 47 41 43 54 51 45 36 37 46 44 11 35 28 41 35 8 48 45 32 28 45 28 28 17 15
11 76 51 58 29 29 48 34 50 68 13 51 54 47 19 39 21 5 34 18 38 49 61 32 57 23 21 9 42 41 57 53 46 17 26 44 15 13 40 43 61 53 34 39 10 54 44 18 25 53 36 37 15 62 47 21 48 18 26 28 36 44 13 31 47 21 27 43 58 61 43 72 54 23 18 51 3 6 28 57 3 65 36 24 58 20 70 42 28 4 68 23 9 19 47 17 70 29 15 44 50 13 58 61 38 73 37 55 54 45 42 27 57 57 42 53 46 37 50 40 38 22 29 41 26 60 41 27 44 39 15 56 38 56 55 24 45 46 70 49 40 39 58 38 3 69 30 58 14 39 42 40 56 40 33 35 9 61 60 46 56 58 55 27 57 38 61 11 51 25 35 44 4 38 40 42 47 39 34 63 33 59 50 68 22 38 55 5 51 22 3 25 60 42 63 61 19 25 46 28 30 49 44 41 50 53 50 51 22 48 47 25 37 30 55 45 48 27 57 42 66 53 45 11 49 52 15 41 19 18 18 39 50 35 48 37 25 52 45 47 22 22 49 22 37 42 15 55 44 38 27 34 9 42 24 12 33 47 51 16 32 30 50 18 14 58 41 56 52 34 52 47 10 55 44 57 34 14 65 51 45 20 13 21 35 32 38 41 56 48 39 50 24 33 40 48 52 38 47 47 51 50 11 61 28 51 28 62 53 26 5 27 15 46 35 42 60 40 16 7 69 60 45 15 15 42 46 21 48 50 45 40 31 39 37 38 44 40 14 56 33 47 63 54 61 39 73 46 24 45 62 23 57 61 14 59 27 31 49 49 29 9 39 7 49 41 34 52 63 27 3 45 62 24 60 71 41 55 49 39 3 36 45 36 59 41 49 53 51 45 4 58 39 29 36 24 43 39 50 51 33 25 35 25 52 27 12 48 41 21 40 56 23 54 42 39 38 37 49 28 53 22 46 41 0 14 55 43 42 45 25 62 69 40 42 48 38 54 47 56 48 42 60 17 7 47 60 56 17 14 45 42 43 59 49 34 24 21 57 26 46 52 36 6 69 35 15 53 12 53 38 57 37 41 35 56 40 50 41 33
22 64 49 47 29 17 36 24 36 55 7 38 41 40 7 26 8 13 22 8 34 40 48 24 44 14 7 10 28 39 44 40 35 5 14 30 14 9 27 31 51 43 27 38 14 42 31 20 12 42 23 31 10 50 34 8 42 13 13 26 33 35 8 25 39 14 27 31 44 48 30 60 42 12 16 38 12 14 16 45 16 54 23 24 47 19 58 35 28 12 56 15 14 15 38 10 57 20 12 43 45 7 44 49 37 61 23 42 44 43 29 20 44 45 40 40 34 33 40 28 24 10 16 29 26 48 28 22 31 29 18 45 28 48 46 12 37 40 57 37 30 26 47 24 13 58 19 45 9 27 38 27 45 29 23 22 12 48 50 32 45 45 45 16 45 25 49 12 38 13 22 30 13 28 27 28 34 31 31 52 20 46 39 55 17 34 41 16 38 9 16 12 46 30 52 48 6 18 33 24 17 36 31 30 44 41 41 41 9 35 34 13 29 17 41 32 34 15 48 41 55 40 32 18 39 38 3 37 12 15 12 28 44 21 35 32 23 39 40 35 12 15 36 13 26 41 6 42 31 35 21 21 17 30 23 10 19 33 39 2 18 28 39 5 4 44 31 43 41 29 45 34 5 42 31 47 25 9 52 39 31 9 9 8 34 25 26 27 44 35 38 38 10 32 27 46 44 25 37 34 38 37 15 49 20 38 22 49 42 16 12 18 18 35 22 28 48 28 18 17 57 47 41 7 6 30 33 22 41 44 37 26 28 28 26 24 33 37 19 43 22 37 52 45 50 32 61 32 11 34 51 20 44 48 12 47 19 18 36 37 19 6 32 15 43 28 21 41 52 18 17 31 50 17 47 59 30 43 43 28 15 28 33 23 45 32 35 39 46 35 16 46 26 29 23 13 37 26 46 39 25 14 21 14 38 17 5 39 28 8 27 45 10 41 35 28 31 36 45 20 42 17 35 36 14 0 42 32 34 32 22 52 56 29 29 38 26 45 34 44 36 28 49 19 19 45 46 44 6 11 36 29 30 45 38 22 12 10 44 18 33 39 22 15 56 32 2 41 6 40 34 44 24 27 22 42 27 37 30 23
63 25 55 40 50 38 33 27 25 13 43 28 16 33 37 28 38 54 22 38 42 25 8 32 29 44 35 48 15 50 7 28 38 38 30 12 52 48 16 15 25 22 35 51 54 16 12 51 36 18 24 36 43 12 21 35 38 41 35 45 43 26 44 35 31 48 49 33 14 7 30 20 36 33 45 24 52 52 34 9 57 20 20 48 15 45 21 36 50 54 15 45 51 42 24 40 17 31 44 53 41 47 10 12 50 22 27 5 24 52 32 34 2 39 51 31 29 43 21 16 19 40 30 35 48 9 31 39 28 22 50 18 25 29 28 39 30 38 16 37 23 29 18 22 55 22 27 5 43 18 42 17 15 36 39 33 50 7 24 11 39 4 24 39 37 19 15 48 6 31 21 14 53 26 25 15 32 29 44 23 23 11 16 15 40 41 25 56 5 34 56 33 13 16 22 6 37 36 22 41 33 28 26 20 40 36 30 23 35 27 28 38 30 35 4 16 9 28 25 50 21 26 12 59 18 8 43 40 45 51 47 20 37 22 16 38 46 6 40 36 42 37 10 43 22 52 41 4 12 46 36 30 54 34 47 46 23 19 34 40 27 46 14 40 41 19 25 5 18 38 36 12 47 30 27 20 29 48 10 12 18 36 44 36 49 32 36 21 36 31 51 9 32 49 28 52 30 19 23 22 32 6 50 18 35 22 37 8 39 32 52 32 49 19 20 19 9 17 50 55 21 6 45 41 44 17 30 48 33 39 31 18 44 40 21 22 16 46 53 34 24 19 19 25 17 33 23 13 33 38 21 43 5 8 50 17 44 24 32 29 28 47 35 53 37 25 22 16 19 44 58 19 17 36 6 22 37 9 36 38 57 31 34 26 12 26 18 11 42 22 56 10 17 49 28 33 35 31 44 37 31 30 28 39 11 32 45 25 18 35 16 20 33 12 33 21 33 48 43 33 38 39 17 37 55 42 0 39 30 26 42 22 16 19 21 22 34 27 13 35 11 17 21 49 60 52 7 9 42 49 24 30 31 10 19 35 37 42 22 45 20 4 23 57 15 45 41 11 47 2 43 14 29 15 21 11 16 10 22 29
44 63 75 16 59 15 8 42 17 50 38 15 26 58 33 13 25 39 34 36 59 54 46 45 19 21 28 41 29 66 45 16 5 32 34 33 31 30 28 40 60 53 50 65 36 50 35 51 21 51 19 53 40 51 19 30 62 43 20 54 58 51 39 48 57 24 56 7 31 42 10 58 13 34 46 18 41 45 17 47 43 58 26 54 51 48 59 57 57 39 53 21 46 44 52 39 55 41 42 69 65 31 34 50 64 60 15 35 56 70 7 43 39 16 67 14 12 59 52 36 26 22 21 5 55 48 9 48 12 42 49 53 44 61 59 20 55 61 54 8 45 12 54 20 40 60 37 43 40 36 61 36 51 4 10 11 43 45 59 29 14 42 56 17 16 36 53 43 34 34 30 28 43 45 16 27 9 50 57 60 28 35 47 53 45 59 20 47 36 30 45 23 33 40 59 43 30 43 18 51 17 14 14 42 65 12 58 53 25 13 13 20 48 15 36 24 31 30 58 67 59 18 28 39 48 31 30 60 24 27 26 41 63 24 24 55 52 33 62 6 21 41 30 21 39 68 36 42 31 62 45 15 48 5 52 42 27 21 11 30 22 56 46 27 34 27 47 43 50 53 63 40 35 16 13 55 45 29 46 45 22 35 40 26 61 47 6 20 15 10 66 42 29 60 13 71 59 34 50 18 12 34 47 54 45 20 47 41 11 38 43 40 49 46 28 22 47 37 49 47 59 41 65 37 29 39 10 52 59 64 55 25 55 4 38 21 41 63 50 15 37 48 57 57 55 52 61 28 25 4 58 49 37 40 30 54 16 29 10 13 38 36 54 45 62 16 28 49 57 17 46 21 55 42 40 60 3 46 62 4 42 48 6 17 34 48 21 30 67 48 45 48 33 58 15 36 57 10 68 10 46 33 16 19 29 39 31 53 23 31 35 54 29 29 55 41 52 63 67 43 12 44 45 57 43 32 39 0 52 14 49 59 54 41 18 50 8 58 27 15 41 25 57 50 44 70 38 46 26 30 50 9 9 35 49 11 20 23 25 18 20 36 22 41 52 59 31 46 32 39 60 30 13 29 31 32 33 42 44 43
52 41 26 61 24 42 51 12 45 37 30 48 41 7 28 40 36 44 19 26 13 9 31 11 52 45 30 34 27 21 27 49 53 30 22 24 47 42 27 16 20 13 9 22 46 18 22 29 37 16 34 8 28 29 40 29 10 24 36 19 15 4 31 12 6 47 23 48 42 35 45 38 56 24 25 45 39 37 39 26 44 27 27 24 23 25 33 7 24 43 36 46 34 24 8 26 36 15 28 23 14 40 38 28 21 38 38 33 14 23 46 15 32 60 22 52 46 15 12 19 27 40 33 48 22 28 45 16 44 11 31 19 9 15 13 40 4 10 38 54 9 41 20 33 43 32 17 30 29 18 12 18 21 49 47 42 34 32 20 29 60 31 15 42 58 18 25 32 30 22 23 29 39 8 38 29 49 3 16 24 25 40 16 35 21 12 49 40 28 27 42 33 42 15 24 34 30 18 40 16 38 47 42 13 13 55 8 11 33 46 45 39 6 40 32 34 30 24 17 20 29 48 30 50 13 33 36 11 44 48 45 13 11 29 37 10 22 32 11 52 42 21 32 43 14 23 30 27 27 17 15 38 37 48 23 31 26 38 53 34 32 19 17 36 31 45 6 27 15 11 12 19 37 52 43 19 10 43 37 19 36 26 30 33 21 10 47 35 57 49 23 21 28 21 41 23 11 19 9 41 51 29 33 24 15 44 15 38 58 19 38 17 30 12 25 34 30 17 30 39 32 34 15 29 39 16 47 25 7 12 3 30 17 51 15 32 15 17 33 56 16 12 26 13 25 5 37 31 32 53 23 21 35 37 45 21 48 24 50 48 17 37 7 37 10 39 25 17 25 47 44 37 25 19 36 35 50 24 10 49 45 7 49 36 40 5 39 36 15 9 40 25 21 23 38 22 5 43 16 55 10 23 37 41 35 18 38 8 33 28 20 18 28 38 4 12 5 19 15 15 57 20 13 8 42 34 30 52 0 43 19 23 36 13 37 10 45 13 33 57 20 31 21 28 48 22 36 25 38 44 6 44 46 39 12 43 38 41 47 48 39 29 31 46 38 17 33 21 39 28 14 41 39 26 22 38 21 20 10 11
49 49 67 19 54 18 9 33 6 37 36 7 13 48 30 7 25 42 25 33 51 43 33 37 13 26 26 41 17 59 32 9 13 30 28 21 36 33 17 28 47 42 42 58 40 37 23 49 21 39 11 45 38 38 6 27 52 39 20 48 51 40 37 41 46 29 51 8 18 29 5 44 14 29 43 7 43 45 17 33 46 44 16 49 39 45 46 48 52 42 40 26 45 40 41 36 42 34 40 62 56 33 21 37 58 47 9 22 44 62 7 37 26 17 60 10 4 52 40 25 16 24 17 10 50 35 7 42 3 32 47 40 35 50 48 22 45 52 40 12 34 7 41 10 43 47 30 30 37 26 53 25 38 12 17 12 43 32 46 17 18 29 44 20 16 25 40 42 21 28 20 15 43 35 6 15 7 40 50 47 20 22 35 40 40 51 11 48 22 26 47 21 20 29 46 30 28 37 5 45 16 5 1 31 55 13 47 41 24 4 3 21 39 16 23 11 18 24 46 59 46 8 16 44 37 18 31 51 28 33 30 31 53 15 11 47 47 20 53 11 25 36 17 25 30 61 34 29 18 55 39 12 48 9 48 40 19 8 10 30 15 50 34 28 33 15 37 30 38 45 52 28 36 11 2 42 37 33 32 32 9 31 38 25 55 39 12 8 15 7 59 29 25 54 6 63 48 24 39 5 9 20 45 42 38 8 40 28 16 32 44 34 46 35 19 9 34 26 47 48 46 28 56 34 31 28 5 48 49 54 45 14 49 15 28 11 30 55 49 14 28 36 44 45 42 44 48 15 22 12 45 44 24 26 34 41 24 21 8 6 30 37 46 46 52 5 19 37 44 23 48 8 42 37 27 47 12 33 52 13 45 39 8 10 21 39 8 16 57 37 46 34 22 53 9 30 48 8 58 13 38 27 11 21 16 32 33 42 11 27 24 41 25 16 45 31 43 56 58 36 15 39 33 49 45 32 26 14 43 0 44 46 41 30 6 39 10 46 13 15 28 13 44 47 47 63 25 33 28 34 39 5 6 22 37 13 21 25 14 25 7 23 13 44 38 52 31 33 34 26 52 18 9 17 22 18 22 29 34 34
36 58 28 62 10 36 51 16 48 52 16 50 48 23 17 39 27 28 22 14 13 27 45 11 56 35 22 18 32 18 41 52 52 19 17 32 34 29 31 27 39 31 10 17 31 34 30 11 30 33 34 12 13 45 44 20 23 9 30 5 12 22 16 8 23 36 8 46 50 48 44 55 57 16 8 48 23 19 33 40 27 45 29 6 39 6 51 17 9 27 51 36 17 8 25 12 52 12 11 22 25 27 48 43 16 55 37 43 32 22 45 9 44 60 19 53 47 13 29 26 30 31 29 46 7 44 43 4 44 21 13 36 19 33 32 32 22 22 53 53 21 40 38 34 27 49 16 43 14 24 18 25 37 46 42 39 17 46 38 36 60 44 33 35 59 24 42 15 40 16 25 35 22 18 39 33 49 17 10 42 25 50 31 50 5 14 52 22 39 20 25 27 51 26 42 47 20 7 43 4 33 48 43 23 25 56 26 29 25 48 47 31 15 34 43 39 38 20 35 19 46 51 36 35 30 42 24 17 33 35 33 22 26 29 42 12 4 42 20 51 32 9 40 33 21 20 16 40 34 14 6 35 19 46 6 15 26 42 53 22 29 7 32 25 19 52 20 40 31 9 27 31 23 55 44 37 13 30 50 33 40 15 15 24 13 10 44 37 58 50 17 34 21 11 40 25 29 25 26 44 52 39 15 41 7 48 6 50 58 13 21 11 11 26 27 37 44 26 12 21 50 47 20 15 27 26 47 7 24 25 21 33 7 47 22 34 27 16 15 57 19 27 44 32 42 15 55 37 25 51 41 3 46 49 32 39 39 23 50 50 15 23 14 20 24 39 26 33 43 39 26 40 43 8 48 52 47 38 25 46 28 14 48 35 50 19 44 44 26 24 23 41 27 9 36 14 19 41 26 55 11 17 35 33 43 12 25 26 36 19 27 35 20 46 18 21 14 15 25 10 57 5 27 17 25 22 42 49 19 44 0 41 52 23 39 27 42 32 39 58 32 35 39 10 32 24 48 39 27 31 24 44 45 49 29 39 30 31 53 39 42 40 32 30 53 11 21 35 26 40 14 49 38 31 24 47 28 33 22 14
72 19 43 61 47 54 54 29 46 21 50 49 38 22 45 47 50 63 31 45 35 15 17 32 50 58 46 54 31 41 16 49 58 47 38 27 64 59 32 22 5 10 32 43 65 10 25 52 50 10 41 31 48 12 41 45 26 45 49 42 37 20 50 34 20 61 46 53 35 23 50 18 57 40 47 45 60 58 50 13 65 6 35 46 8 47 11 28 47 62 17 59 56 45 16 46 16 34 49 43 27 57 31 12 43 16 45 26 10 42 52 36 23 60 42 52 49 37 13 25 34 54 44 55 45 14 51 38 48 24 53 7 25 13 13 53 21 27 19 57 23 48 6 40 63 10 33 19 49 26 32 26 8 55 57 51 55 18 4 30 61 20 9 54 58 27 8 53 26 39 33 32 59 25 43 33 52 25 39 1 35 32 13 16 42 34 47 61 24 43 63 46 34 22 1 22 46 39 42 39 49 48 46 22 26 57 18 13 47 48 48 52 27 51 25 36 29 38 8 40 6 47 31 69 14 30 53 32 58 64 60 24 24 37 36 32 45 28 30 56 56 41 30 56 26 43 49 19 28 39 37 47 58 54 46 51 36 39 55 51 41 42 14 51 50 40 22 18 11 34 21 20 55 52 47 5 29 60 22 15 38 44 50 48 43 32 55 39 58 52 44 17 43 44 46 41 16 28 16 42 53 26 54 5 36 43 37 26 60 37 59 36 52 17 33 38 15 25 52 60 10 24 34 48 56 23 50 48 21 26 22 35 40 59 26 39 20 38 55 56 31 15 5 11 5 28 16 32 45 58 1 43 26 26 62 5 60 36 52 50 34 56 29 58 25 44 35 11 4 59 64 39 6 39 25 13 57 14 24 57 65 28 54 44 33 23 39 32 29 18 61 13 28 46 46 39 26 50 31 58 31 39 45 54 32 36 56 16 36 44 26 7 43 34 26 24 28 41 30 35 59 42 17 29 62 52 22 59 23 46 41 0 17 23 41 15 53 12 33 57 19 34 3 50 68 41 27 14 53 61 18 50 51 31 14 52 51 55 43 61 40 24 39 66 20 39 50 13 57 21 36 35 47 31 32 32 27 18 22 30
78 9 58 53 59 53 48 37 39 6 56 42 30 37 51 44 53 69 35 51 49 29 9 41 42 60 50 62 30 56 13 42 52 52 43 27 67 63 31 27 21 23 43 57 69 19 26 62 51 21 39 43 55 8 35 49 41 53 50 54 50 32 57 45 34 63 58 48 26 13 45 4 50 46 56 38 66 65 50 12 71 12 35 57 14 56 8 42 58 68 1 60 64 54 29 53 1 42 57 58 43 61 22 9 57 7 43 19 25 57 47 45 15 52 57 45 43 50 25 29 34 55 45 50 57 9 47 49 43 31 62 17 34 28 28 54 35 42 3 51 32 45 17 38 69 10 40 12 56 30 47 30 16 52 55 49 63 9 20 27 53 13 24 54 50 32 11 61 22 45 35 29 66 35 40 31 46 36 51 17 37 22 21 2 51 48 38 69 20 48 70 48 24 27 16 12 51 47 37 50 49 42 41 30 42 50 33 26 50 42 42 53 38 50 19 32 25 42 23 54 11 40 28 74 23 24 57 46 60 66 63 31 39 38 31 45 56 22 45 50 57 49 25 58 33 58 55 15 27 53 46 46 67 49 57 59 38 34 48 55 42 54 21 55 55 31 33 14 22 46 37 23 61 43 42 19 39 63 10 19 33 50 57 51 56 42 51 37 50 46 58 19 46 56 43 56 31 32 28 36 46 22 63 14 45 36 47 15 53 44 66 44 61 26 35 35 9 29 62 68 8 14 49 54 59 28 44 58 36 41 36 33 52 55 32 37 26 52 64 48 37 25 12 26 13 40 7 28 48 52 16 53 18 15 65 16 60 39 46 43 40 61 42 66 40 40 37 20 13 59 71 34 12 48 15 8 52 14 39 53 71 39 49 42 23 33 33 25 44 28 69 12 31 58 44 46 40 46 46 51 41 44 43 55 25 44 60 29 34 49 30 20 47 26 39 32 40 55 46 44 52 51 25 43 69 56 16 54 36 41 52 17 0 30 37 27 50 27 28 49 21 32 18 60 74 56 17 14 56 64 30 45 46 20 24 50 52 57 34 61 35 20 38 71 4 52 55 17 61 17 50 25 44 30 35 24 29 20 31 39
50 37 39 48 31 32 39 8 32 30 27 35 29 19 23 28 28 40 9 22 24 14 23 13 39 36 23 32 14 32 19 37 41 24 15 11 41 36 14 4 23 15 16 32 42 14 9 32 28 14 22 18 26 23 27 22 23 24 27 26 25 11 28 16 17 39 30 35 30 26 33 33 44 18 27 32 37 36 28 18 42 25 15 29 19 27 30 19 31 40 30 37 34 24 12 24 31 13 27 35 26 34 26 22 32 34 26 22 17 34 34 15 21 47 33 39 34 25 13 6 15 31 22 37 29 22 33 20 31 3 33 17 6 22 20 31 15 22 31 42 5 29 19 21 40 29 10 21 27 5 24 5 17 37 37 31 33 23 22 16 47 22 18 33 45 6 21 31 18 16 12 17 37 7 26 16 36 11 25 24 14 28 10 29 22 23 36 40 17 21 41 24 30 3 24 25 23 18 28 22 28 34 30 1 25 43 18 14 25 34 33 30 11 30 21 22 17 15 20 32 27 35 17 47 10 21 30 23 36 41 37 1 23 17 24 20 27 20 24 40 33 19 20 34 3 34 26 18 14 28 17 27 37 36 28 30 15 25 40 28 21 27 10 29 27 33 8 18 13 19 23 9 33 39 31 18 10 37 28 11 23 21 28 25 30 13 36 22 45 37 33 12 20 30 29 35 19 7 11 28 39 17 33 21 16 31 18 27 45 15 37 14 31 7 13 21 22 5 32 39 29 25 28 25 33 4 34 29 19 24 15 17 25 40 4 20 5 28 35 43 8 9 24 18 22 15 34 18 23 41 22 24 24 27 39 19 39 14 37 35 11 33 17 37 23 26 14 13 23 38 42 24 22 18 25 32 38 16 22 38 42 12 37 25 29 9 27 24 28 8 40 19 9 30 26 17 18 31 29 43 12 16 25 32 23 14 33 13 20 21 7 17 20 26 16 2 15 30 28 14 45 21 6 20 40 29 19 41 13 30 23 23 30 0 24 10 34 18 20 44 10 18 21 31 46 35 26 17 31 38 10 32 34 27 10 32 29 33 34 39 26 18 19 43 31 26 27 14 34 17 25 29 28 13 11 26 8 11 4 10
48 45 61 25 49 18 15 27 9 33 33 12 13 42 27 7 22 40 19 29 46 37 29 32 17 25 23 38 11 53 27 14 18 26 23 15 35 32 11 22 42 36 37 53 39 32 17 44 19 33 6 39 34 33 5 24 46 34 18 43 45 35 34 36 40 29 46 13 17 26 10 40 20 24 39 10 40 42 16 29 44 40 10 45 33 40 41 42 48 40 36 26 42 36 35 32 38 29 36 57 50 31 18 32 52 43 7 18 38 57 11 31 22 23 55 15 10 46 34 19 10 23 14 15 45 30 11 37 8 26 43 35 29 44 42 21 39 46 37 18 29 8 36 6 41 42 24 25 34 20 47 19 33 16 19 13 39 28 41 11 23 25 39 20 22 20 35 39 16 24 15 10 41 30 4 9 13 35 45 42 14 20 29 36 36 45 14 45 18 23 44 18 19 23 41 26 24 32 5 39 14 10 6 25 49 19 41 36 21 10 9 20 34 15 19 6 13 19 41 54 41 13 10 43 31 14 28 46 27 33 30 25 47 10 8 42 43 16 47 16 24 31 12 24 24 55 31 24 13 49 34 10 44 13 43 37 14 5 16 27 11 45 28 25 30 16 31 25 33 40 47 22 33 16 7 37 31 31 29 27 4 27 35 22 50 33 15 3 21 13 54 24 21 49 7 58 42 18 34 6 15 16 42 36 33 10 35 25 22 27 41 29 42 29 13 4 29 20 43 45 41 24 51 31 29 22 10 44 43 48 39 8 44 19 23 6 24 50 45 20 23 31 39 39 37 38 44 10 19 18 40 39 20 24 33 36 25 16 14 12 25 34 40 43 47 4 14 31 39 24 45 3 37 32 24 43 17 28 46 17 43 34 14 7 19 33 7 13 51 31 44 30 16 48 8 26 42 10 53 19 33 23 9 21 13 27 31 36 5 24 18 36 22 14 40 25 37 51 52 31 21 35 27 43 42 29 21 18 37 6 39 41 37 24 0 33 13 41 9 20 23 7 39 42 46 57 22 28 26 33 34 9 11 20 31 14 19 24 16 26 5 18 8 43 35 47 28 28 32 21 47 16 8 12 16 16 17 24 28 29
58 32 34 57 33 42 48 14 40 29 35 44 35 12 31 38 37 49 19 31 23 4 22 17 47 46 33 40 22 30 18 45 50 33 24 19 50 45 23 11 14 5 17 30 51 9 17 37 38 7 31 17 33 20 35 31 16 30 37 28 24 6 36 19 9 49 32 45 35 27 42 29 52 26 32 40 45 43 38 17 50 19 25 32 14 32 25 16 32 48 27 47 41 30 3 31 27 19 34 32 19 44 31 19 31 29 35 26 7 31 44 21 24 55 31 47 43 24 3 15 24 41 32 46 31 20 42 24 40 10 38 10 10 12 10 41 9 17 29 51 8 39 12 31 48 23 19 21 34 15 21 15 12 47 47 41 40 23 13 24 56 23 8 43 53 16 16 38 23 25 22 25 45 10 35 25 45 10 25 16 24 32 7 26 27 22 43 47 21 30 48 34 34 11 16 25 32 24 36 24 38 43 39 9 19 51 9 4 34 42 42 40 12 40 24 30 24 25 10 29 20 43 24 55 5 27 39 20 46 50 47 11 15 27 31 19 30 25 19 49 43 26 26 44 13 32 34 19 22 27 22 37 44 45 31 37 25 33 49 37 31 28 8 38 35 39 8 19 6 19 15 13 41 47 39 10 15 46 28 10 31 30 35 34 30 17 45 32 53 46 31 14 29 30 38 31 9 17 1 36 47 22 39 15 21 39 22 29 54 22 44 21 37 5 23 30 21 14 38 45 24 26 23 33 42 12 43 33 11 17 10 26 26 49 14 30 9 26 40 51 17 3 17 8 16 14 29 26 33 50 15 29 27 29 48 13 49 24 46 44 19 42 16 44 16 36 24 7 17 48 50 32 17 25 27 26 48 15 15 48 50 14 46 34 33 8 34 29 21 4 47 17 18 32 36 25 14 41 22 51 16 25 35 42 29 22 42 3 29 30 16 9 30 32 12 11 14 29 22 20 53 27 6 17 48 38 22 50 10 39 27 15 27 10 33 0 43 8 28 52 13 27 13 35 54 31 28 16 40 47 4 42 43 31 4 42 39 42 41 49 34 22 29 51 29 26 36 12 43 20 24 34 37 22 21 31 17 13 8 15
41 58 68 21 52 9 11 34 15 46 31 14 23 51 27 7 19 35 26 29 52 47 41 38 20 17 22 35 22 59 39 16 10 26 27 26 27 25 22 33 54 47 43 58 32 44 29 45 14 45 13 46 34 46 15 24 55 36 14 47 51 44 32 41 50 20 49 5 28 38 6 53 17 27 40 16 36 39 10 41 39 52 19 47 46 42 54 50 50 35 49 17 40 37 45 32 50 34 36 62 58 26 30 44 57 56 9 31 49 62 5 36 35 20 60 16 10 52 45 29 20 17 14 4 48 43 4 41 8 35 43 46 37 54 52 15 48 54 49 12 37 6 48 14 36 55 30 38 33 29 54 29 45 4 7 4 37 41 53 24 19 37 50 11 20 29 47 37 29 27 23 22 37 38 10 21 10 43 50 54 21 31 41 48 38 51 19 41 30 23 40 16 30 33 53 39 24 36 14 44 10 13 10 35 58 16 51 46 19 12 11 14 41 9 32 19 25 23 52 60 53 17 23 36 42 26 24 53 20 24 22 34 56 17 20 48 45 28 55 10 16 34 25 17 32 61 30 36 25 54 38 8 42 5 45 35 20 17 14 24 14 49 40 21 28 25 40 37 44 45 56 34 29 18 9 49 38 25 42 38 17 28 34 20 54 39 2 14 19 11 58 36 22 53 7 64 52 27 44 15 14 28 40 49 37 18 39 37 17 31 37 33 42 39 21 16 42 30 43 42 54 37 58 30 24 32 9 45 52 56 48 18 48 6 31 15 35 55 44 19 30 41 51 50 49 45 56 22 18 9 52 42 33 36 26 48 14 22 12 13 31 30 47 40 55 10 21 43 51 13 41 16 49 35 36 55 5 40 55 5 38 41 8 10 30 41 18 26 60 41 40 42 26 51 8 29 50 4 60 14 39 26 9 14 25 32 26 46 17 24 28 48 23 26 47 34 44 56 60 35 16 37 38 50 38 26 34 8 45 10 42 53 50 34 13 43 0 51 22 19 34 19 50 43 40 63 34 40 21 26 43 5 6 32 42 5 14 18 24 16 16 31 15 37 48 51 25 40 27 33 53 28 7 23 24 28 27 36 37 35
65 30 32 64 36 50 55 22 47 30 42 51 41 11 39 46 45 56 27 38 24 6 24 23 53 54 41 46 30 30 21 51 58 41 32 26 58 53 31 19 8 5 22 32 58 11 24 42 46 9 39 20 40 20 43 39 15 37 45 32 26 11 43 25 9 56 36 52 40 30 50 29 59 34 38 47 52 49 46 19 57 17 33 36 14 37 23 17 36 55 27 55 47 36 8 38 27 26 40 32 17 51 36 20 32 28 43 31 3 31 51 27 28 62 31 54 50 26 7 23 32 49 40 54 35 22 50 29 48 18 44 10 17 4 2 49 10 16 29 58 16 47 11 38 55 21 26 25 41 23 21 23 13 55 55 49 47 26 8 30 63 26 4 51 60 24 16 44 29 33 30 32 51 18 43 32 53 15 28 12 32 37 12 26 33 23 50 53 27 38 55 42 39 19 13 29 40 30 43 29 46 50 46 17 16 59 7 6 42 49 49 48 18 48 29 37 31 33 5 29 18 50 31 62 10 33 47 20 53 58 55 19 13 35 38 22 35 31 19 56 51 33 32 52 21 32 41 23 29 28 28 45 50 53 36 43 33 40 56 44 39 32 14 46 43 45 14 23 9 23 11 19 48 54 47 9 21 54 30 15 39 37 42 42 32 23 53 39 60 53 33 19 37 33 46 30 4 25 9 43 54 29 45 14 27 45 28 33 61 30 50 28 42 13 31 37 23 22 43 51 22 30 23 40 50 20 50 38 10 15 11 34 29 57 22 37 17 26 46 58 25 11 15 2 15 18 27 33 41 58 12 34 32 33 56 12 57 32 53 51 27 49 19 50 13 43 32 11 14 56 56 39 16 31 31 24 56 18 12 55 57 19 54 42 38 14 41 35 18 12 53 19 26 35 44 32 15 49 20 59 22 33 43 50 35 29 49 7 36 38 24 8 37 38 15 19 18 30 20 27 61 33 14 18 54 45 27 58 13 46 32 12 27 18 41 8 51 0 34 59 19 34 9 41 61 29 33 19 48 55 10 49 50 36 10 50 47 50 47 57 41 28 37 58 29 28 44 16 50 25 25 39 45 30 29 37 25 19 16 22
54 37 59 30 49 26 22 26 13 25 36 17 9 38 30 16 28 46 18 32 44 31 20 31 20 33 27 41 8 51 19 17 26 31 24 10 42 38 9 17 35 30 35 51 45 25 12 47 25 26 13 37 37 25 9 27 42 36 24 43 44 30 37 35 36 37 47 21 12 17 18 32 25 27 41 13 45 46 23 20 49 31 12 45 26 42 33 39 48 45 27 34 45 38 30 35 29 28 39 55 46 37 11 24 51 34 15 10 32 54 20 31 13 28 53 20 17 44 28 15 11 30 19 23 46 22 19 37 16 23 46 27 26 38 36 28 34 42 28 25 25 17 28 11 46 34 24 17 37 17 44 16 25 24 27 21 43 19 34 5 29 16 32 27 26 17 27 42 8 26 15 5 45 27 13 6 20 31 44 34 16 13 23 27 37 43 16 49 9 26 49 23 13 18 33 17 29 33 10 39 22 16 14 21 45 25 36 30 26 16 16 27 31 23 10 4 5 22 34 52 33 16 4 50 25 5 34 43 35 40 37 21 42 13 4 39 43 7 44 24 31 33 4 32 21 54 34 16 7 47 33 18 48 22 44 40 16 7 22 32 17 44 22 31 34 13 28 17 26 38 42 16 38 20 15 30 29 38 21 20 6 30 38 27 49 32 24 9 26 20 52 16 24 48 15 55 37 16 28 10 20 7 45 29 33 11 35 17 28 28 45 29 45 23 13 7 21 16 46 49 33 16 48 34 35 18 18 45 38 44 35 8 43 27 20 10 19 48 48 24 21 25 31 33 29 35 35 3 24 25 32 40 12 15 40 28 33 18 20 17 25 39 37 47 42 12 15 24 31 32 50 7 29 33 15 34 25 20 42 25 48 31 21 15 12 29 7 6 47 26 48 21 13 48 16 27 38 19 49 25 31 25 16 28 5 28 36 30 7 27 14 29 25 8 36 22 35 49 48 30 27 36 22 40 47 34 13 27 33 13 39 33 28 20 9 28 22 34 0 25 16 6 31 45 51 55 14 20 32 39 29 18 19 12 25 22 26 31 14 34 8 10 12 48 26 45 32 20 38 13 45 11 17 9 16 9 13 17 24 27
59 57 81 5 68 28 9 47 12 44 49 9 20 62 44 19 36 53 39 46 66 56 42 52 8 35 39 53 30 73 42 8 11 43 42 34 45 44 30 42 59 54 56 73 50 49 36 62 32 51 25 59 51 47 17 40 66 52 32 62 65 54 50 55 60 38 65 14 23 37 14 52 3 43 56 13 54 57 28 44 57 55 30 63 50 58 55 62 66 53 48 35 58 54 54 49 50 48 53 76 70 44 28 46 72 54 22 31 56 76 15 51 35 4 74 5 11 66 53 38 30 35 30 15 64 44 16 56 14 46 60 52 49 62 60 33 58 66 48 8 48 19 52 25 54 56 44 39 50 40 67 39 49 17 24 22 55 41 58 29 4 38 57 30 2 39 50 55 31 42 34 28 55 49 20 28 10 54 65 58 34 27 47 48 54 65 11 59 33 40 58 33 26 42 57 38 41 51 17 59 27 10 15 45 69 4 60 54 36 11 12 32 54 27 32 23 29 38 58 73 55 10 28 54 49 28 42 66 37 42 40 45 66 30 22 61 61 30 67 10 35 50 27 35 44 75 47 39 31 69 53 24 60 15 62 53 33 19 6 42 29 64 46 39 45 19 51 40 51 59 66 40 47 6 15 54 51 43 39 44 21 44 51 37 69 53 18 22 1 9 73 41 38 68 18 78 61 38 53 16 6 32 58 52 52 14 54 34 5 46 55 48 59 48 33 23 43 40 60 60 55 36 71 47 42 41 12 62 62 68 59 27 63 19 42 25 43 69 62 1 42 49 54 58 52 58 56 27 35 12 56 58 32 34 44 52 31 35 8 9 45 48 60 58 66 19 33 49 54 31 59 20 52 51 35 56 16 44 65 18 56 54 12 23 26 52 18 25 71 50 58 45 36 67 22 44 61 18 72 6 52 41 24 32 25 47 44 55 25 41 38 53 39 24 59 45 57 70 71 50 5 53 46 63 56 44 35 15 57 15 58 57 49 44 20 52 19 59 25 0 41 26 56 60 57 77 33 43 39 43 53 15 14 29 50 23 32 36 16 33 19 33 27 55 46 66 43 45 45 36 66 24 21 31 36 26 36 41 48 49
57 29 45 45 41 36 37 17 29 21 35 32 23 24 30 29 33 48 15 30 32 16 13 22 35 41 30 41 12 40 9 33 40 32 23 8 47 43 14 6 20 14 25 40 49 10 7 42 32 11 23 26 35 15 24 29 28 33 31 35 33 16 36 26 21 44 39 35 23 16 32 25 41 25 36 29 45 45 32 10 50 19 17 38 12 36 23 26 40 47 21 42 43 33 15 32 22 22 36 43 31 41 19 13 40 26 27 14 16 42 34 25 13 44 41 36 32 33 13 8 16 36 26 37 38 13 33 29 30 12 42 12 14 22 20 35 20 28 22 40 13 30 14 22 48 22 19 12 35 10 32 9 11 38 39 33 42 14 19 12 44 13 17 36 42 11 14 40 11 24 15 14 45 15 26 15 35 19 34 20 17 21 7 20 31 31 32 48 9 27 49 29 22 7 19 16 30 27 25 31 31 32 28 10 30 40 21 14 30 31 31 34 20 33 13 19 12 22 18 39 20 31 13 54 9 15 37 30 41 47 43 11 28 19 20 28 36 13 30 39 38 28 14 39 12 42 34 9 11 36 26 29 46 36 37 38 18 22 38 35 24 36 6 35 34 27 15 9 10 28 27 2 40 36 29 15 20 43 19 4 20 29 37 31 39 23 36 22 42 35 41 3 26 39 29 42 21 11 13 25 36 10 42 15 25 27 27 19 43 23 45 23 40 9 16 20 13 8 41 47 22 16 35 33 39 7 33 39 23 29 21 16 33 40 12 21 5 36 44 40 16 10 18 17 15 23 26 14 28 40 18 33 15 18 45 14 42 19 35 33 20 41 25 45 28 26 17 9 17 41 50 21 16 27 17 24 39 8 27 39 50 21 36 26 21 16 23 17 33 12 48 10 11 40 28 25 25 32 34 41 22 23 27 36 17 23 40 15 19 28 9 14 27 20 23 12 23 38 34 24 42 30 7 27 48 36 11 41 20 28 32 19 21 10 23 13 34 19 16 41 0 17 16 40 54 42 17 8 37 44 14 32 33 19 10 34 33 38 29 43 23 10 21 51 22 35 34 6 41 9 33 22 29 13 15 19 9 2 12 19
49 41 56 30 45 22 21 22 15 29 31 18 14 36 25 13 23 40 14 27 41 30 24 27 22 28 22 36 5 48 21 19 24 25 20 9 37 33 5 16 36 30 32 48 40 26 11 42 20 27 8 34 32 28 10 22 40 32 19 39 40 29 32 31 34 32 42 19 17 22 16 36 26 21 36 15 39 40 18 23 44 34 6 41 28 37 36 37 44 40 31 29 40 33 29 30 33 24 34 52 44 32 16 26 48 38 11 15 32 51 18 27 18 29 50 21 16 41 28 13 6 25 14 21 41 25 17 32 14 20 40 29 23 37 36 23 33 40 32 24 23 14 30 6 41 37 20 21 32 14 42 13 26 21 24 17 38 23 35 6 29 20 33 23 28 14 29 37 11 21 10 4 40 24 9 3 19 29 40 35 11 18 23 31 32 40 19 44 13 21 44 18 18 17 35 22 23 28 10 35 17 16 12 19 43 25 35 29 21 16 15 22 28 19 15 5 8 16 34 49 35 18 5 45 25 10 28 40 29 35 32 19 41 8 8 36 39 12 42 23 26 28 8 27 18 50 29 19 6 44 29 14 43 20 40 35 10 8 22 26 11 40 22 26 28 18 25 19 26 35 40 16 33 22 13 31 26 33 25 21 5 25 33 22 45 28 21 5 27 19 49 17 19 44 12 52 36 13 27 10 21 11 40 31 28 14 31 22 28 23 40 25 40 22 9 4 24 14 41 43 36 20 45 29 30 16 17 40 37 42 33 2 39 25 17 5 18 44 43 25 17 24 33 33 31 32 39 5 18 24 33 35 17 20 35 29 28 13 20 18 21 34 35 41 40 10 10 25 33 27 45 6 31 28 20 37 23 22 40 23 43 28 20 10 18 27 9 11 45 25 43 24 10 44 12 23 36 16 47 25 27 20 12 23 10 23 31 30 2 22 12 30 20 13 34 20 32 46 46 26 27 31 21 37 42 28 17 25 31 13 35 34 32 18 7 27 19 34 6 26 17 0 33 40 46 52 19 22 27 34 27 16 17 17 25 19 21 26 18 29 8 13 7 43 31 42 27 21 32 16 42 16 13 5 11 14 10 18 22 24
69 21 41 60 44 51 52 26 44 22 47 47 37 20 43 45 48 60 28 42 33 13 17 29 49 56 43 52 28 39 15 48 56 44 35 24 61 56 30 19 4 8 29 40 62 8 23 49 47 7 39 28 45 12 40 42 24 42 46 39 34 17 48 31 18 59 43 51 35 23 48 20 56 38 44 44 57 55 47 13 62 8 33 44 7 44 14 25 44 59 18 57 53 42 14 43 18 31 46 41 26 55 30 12 41 19 43 26 8 40 50 33 22 59 40 51 47 34 10 23 32 51 41 53 43 14 49 35 46 21 50 4 22 11 11 50 19 25 20 56 20 46 4 38 60 12 30 18 46 24 30 23 7 54 55 49 52 18 3 28 59 20 7 52 57 25 8 50 25 36 30 30 57 22 42 31 50 22 36 4 33 31 11 17 39 32 46 58 23 41 60 44 34 19 4 22 43 36 40 36 46 47 44 20 25 56 16 10 45 47 46 49 24 48 24 34 27 35 6 38 9 46 29 67 11 28 50 29 56 61 58 21 22 35 35 30 42 26 28 54 53 38 29 54 23 41 46 17 27 37 34 45 56 52 43 49 33 37 53 48 39 39 12 49 47 39 20 17 9 31 20 18 53 50 45 3 27 57 23 12 36 41 47 45 40 29 52 38 56 51 41 16 40 41 45 39 13 25 13 41 51 25 51 5 33 42 34 26 58 34 56 33 49 14 31 36 15 22 50 57 13 23 32 45 53 20 48 45 19 24 19 32 37 56 24 37 17 35 52 55 28 13 6 9 6 25 18 30 43 56 3 40 26 26 59 4 58 33 51 48 31 53 26 56 22 42 32 9 5 57 61 37 7 37 25 15 55 13 21 55 62 25 52 42 32 20 38 31 27 15 59 12 26 43 44 37 23 48 29 56 28 36 43 51 31 33 53 13 35 41 24 4 40 33 23 22 26 39 29 32 58 39 15 26 60 49 21 57 21 44 39 3 18 21 39 13 50 9 31 56 16 33 0 48 65 38 26 13 51 58 15 48 49 30 11 50 48 52 42 58 38 23 37 63 21 37 48 12 54 20 34 34 45 29 30 31 25 16 19 27
28 66 34 64 12 35 52 23 51 60 13 53 53 32 17 41 25 21 28 14 21 36 53 19 59 32 22 11 38 24 49 55 52 18 21 38 29 25 36 34 48 40 20 22 25 43 37 2 29 42 37 21 10 53 47 20 32 9 30 11 19 31 12 17 33 32 10 47 55 55 46 63 59 19 4 52 16 11 33 48 20 54 34 7 48 4 59 26 11 20 60 33 8 7 35 11 60 19 8 27 34 23 54 51 21 64 39 50 41 28 46 16 51 62 25 56 50 20 38 33 35 29 31 47 9 52 45 13 46 29 4 45 27 42 41 30 31 30 61 55 29 42 47 37 20 58 22 51 10 31 26 32 46 46 41 39 10 53 47 42 62 51 42 34 61 30 50 8 46 20 30 40 15 26 41 39 51 26 17 51 30 56 39 59 9 22 56 14 45 21 17 27 57 33 51 54 20 13 47 13 34 51 46 31 34 58 35 38 25 50 49 30 24 35 49 44 44 24 44 25 55 54 42 28 38 48 21 25 30 31 29 30 34 33 47 21 8 48 28 52 30 13 46 31 28 25 14 48 40 21 14 37 10 47 7 9 30 46 55 20 32 13 40 23 16 57 29 48 40 19 36 38 18 57 46 45 22 26 58 41 44 16 10 24 18 19 44 40 61 52 22 42 23 16 42 31 38 31 35 48 54 45 6 50 15 51 14 57 59 18 14 17 2 35 32 41 52 33 3 12 58 54 28 14 23 33 49 4 34 34 30 38 14 46 29 37 35 23 5 60 25 36 52 41 50 24 63 42 26 52 50 8 52 55 27 47 37 28 52 52 21 17 24 12 33 42 31 41 52 37 18 44 51 13 55 61 48 46 34 46 20 23 50 37 56 28 48 50 34 33 15 49 33 12 38 18 28 43 34 56 20 21 37 32 49 18 21 35 40 20 33 44 22 51 27 29 23 20 33 17 59 10 35 26 17 19 49 50 28 47 10 50 60 31 42 35 43 41 45 60 40 40 48 0 24 30 54 47 25 26 33 45 47 55 37 39 30 29 57 36 46 46 35 23 61 18 19 43 22 47 21 54 39 37 30 53 34 41 30 22
5 82 57 60 35 31 50 40 52 73 19 53 58 53 24 41 24 6 39 24 44 55 66 38 59 24 25 15 46 47 62 55 48 23 32 49 14 15 45 49 67 59 40 44 9 59 49 23 27 59 40 43 21 68 50 25 54 25 29 34 42 50 19 37 53 21 33 45 62 66 45 78 56 29 24 54 9 13 31 63 5 71 41 31 64 26 75 48 33 7 74 24 16 25 53 23 75 35 21 50 56 15 62 66 43 79 40 60 60 50 44 34 62 59 47 55 49 43 57 46 42 24 33 42 33 66 43 33 46 45 21 62 44 63 61 26 51 53 75 51 46 41 64 41 6 75 36 63 20 44 49 45 62 42 35 37 15 66 66 50 58 64 61 29 59 43 66 17 56 30 40 48 10 44 43 46 49 46 40 69 38 64 56 73 28 44 57 11 56 27 7 29 64 48 69 66 24 31 49 35 32 51 46 47 57 55 56 57 26 50 49 27 43 32 59 49 52 33 63 49 72 55 50 6 55 56 18 48 20 17 19 45 56 39 52 43 31 57 51 49 24 28 54 24 43 48 20 60 49 44 34 36 15 44 30 18 37 50 53 20 35 36 56 21 20 61 47 61 58 40 58 52 14 57 46 63 40 16 70 56 49 25 19 25 41 39 39 44 58 50 45 56 29 39 42 54 59 43 53 50 53 55 18 66 34 54 34 67 55 32 11 33 22 52 40 46 66 46 22 13 75 65 51 21 17 47 48 28 55 56 51 44 37 40 43 42 50 46 20 58 39 53 69 60 67 45 79 50 28 47 68 29 62 65 15 64 28 36 51 52 35 13 45 13 55 44 39 58 69 28 7 48 68 30 65 77 43 61 56 41 4 42 47 39 63 47 52 57 57 51 9 63 44 34 39 30 50 41 57 53 39 31 38 27 56 33 16 54 45 26 45 62 28 58 48 45 44 44 56 34 55 29 52 48 7 19 60 44 48 47 32 68 74 46 46 54 40 61 51 57 54 46 65 24 0 53 64 61 20 14 51 44 45 63 55 36 27 23 60 26 50 57 40 4 74 41 20 58 14 59 44 61 39 45 40 60 45 55 47 39
57 59 5 81 19 58 71 30 66 58 39 69 63 20 40 59 49 50 39 37 12 28 52 26 73 58 44 40 48 6 48 70 72 42 37 45 57 52 48 38 37 33 21 9 54 38 44 30 52 36 53 18 36 49 61 42 16 32 52 20 13 26 39 23 22 59 20 66 64 57 64 58 76 38 30 66 45 41 55 47 48 46 47 23 43 28 52 16 20 49 56 59 38 31 28 35 56 30 34 4 14 50 60 48 10 57 56 55 32 3 65 28 54 80 6 72 66 12 32 40 47 53 50 67 21 49 64 24 63 32 32 39 29 29 29 54 22 15 58 73 31 60 40 53 49 50 34 51 37 39 11 39 41 67 64 60 39 53 37 50 80 53 33 57 78 38 45 37 52 37 43 51 44 29 58 50 68 24 14 41 44 62 37 55 28 13 70 43 50 42 46 49 64 37 42 56 43 29 61 21 55 67 62 34 15 75 24 31 47 66 66 54 24 56 54 55 52 40 34 5 47 69 51 57 35 55 47 12 56 58 56 34 18 48 58 16 23 54 12 71 55 31 54 56 34 6 39 49 48 10 26 56 39 67 24 37 44 59 73 45 50 18 38 48 42 67 28 49 35 18 20 41 46 73 63 38 27 53 58 40 57 38 37 47 12 25 65 55 78 69 9 43 43 14 60 1 25 40 30 62 71 51 36 43 27 65 25 59 78 33 43 31 32 34 44 54 51 39 31 41 51 56 8 38 50 38 66 26 21 16 21 50 17 68 35 52 37 9 34 76 35 33 44 31 44 20 56 52 47 72 41 25 57 59 55 41 62 42 70 68 33 45 18 40 16 58 44 37 43 61 47 57 45 30 57 53 68 45 17 67 50 24 69 55 62 26 60 58 13 31 44 46 42 19 57 35 18 62 11 75 25 38 55 56 57 32 48 28 53 41 41 37 42 60 19 33 20 10 11 29 77 28 35 15 47 45 52 70 22 63 24 41 56 35 57 31 63 29 55 77 42 52 38 30 53 0 58 46 50 54 28 64 65 61 34 60 53 54 68 61 60 51 51 52 58 13 44 42 49 50 11 63 58 47 42 60 42 42 31 29
67 25 61 37 57 40 32 32 23 12 48 26 14 39 42 29 41 58 27 43 49 31 10 38 26 46 39 53 18 56 12 26 36 43 35 17 55 51 20 22 30 28 41 57 58 22 18 56 39 24 26 42 48 16 20 39 44 47 37 51 49 32 49 42 37 50 54 32 10 4 30 20 33 37 50 22 57 57 37 14 61 23 24 54 20 51 23 43 56 58 16 47 56 47 30 45 18 37 49 59 47 50 5 15 57 23 28 5 30 58 32 40 5 36 58 29 27 50 27 22 22 43 33 35 53 13 31 45 27 28 56 23 31 35 34 42 36 44 16 35 29 30 23 25 59 24 33 8 48 24 48 23 20 36 40 34 55 9 29 14 37 7 30 41 34 25 19 53 9 36 25 16 57 32 26 19 30 35 50 27 27 6 22 15 46 48 23 61 10 38 61 36 8 23 26 6 41 42 21 47 35 26 26 26 46 34 36 29 39 26 26 40 36 37 6 17 12 33 30 56 24 24 15 63 24 9 46 47 48 54 50 27 43 26 15 44 52 8 47 34 44 42 11 45 27 58 46 10 16 53 42 32 59 34 53 51 27 18 32 44 30 52 21 44 46 15 31 10 24 44 42 18 51 28 26 25 36 51 8 18 19 41 49 40 55 39 36 23 34 30 58 15 36 55 28 58 36 24 29 21 30 10 56 22 41 20 43 3 37 37 57 38 55 25 25 20 12 23 56 60 23 4 51 45 48 23 29 54 39 45 37 20 50 40 27 24 22 52 58 32 30 26 23 31 22 40 24 15 37 37 26 49 3 2 53 23 46 29 30 27 34 51 42 58 43 25 26 22 23 45 62 19 21 42 2 24 37 15 43 38 61 37 33 28 7 33 18 9 48 28 60 15 22 56 30 38 41 31 50 35 38 35 30 42 10 37 49 31 20 39 22 25 37 10 39 28 39 55 50 39 36 45 24 44 60 46 7 38 36 25 48 27 17 26 22 28 34 33 14 33 17 19 26 54 64 58 0 14 45 53 31 30 31 5 25 36 39 44 18 47 19 9 25 61 14 51 45 17 50 9 50 10 30 19 26 8 21 16 28 34
65 21 49 48 47 42 41 24 32 14 43 35 24 27 38 34 41 56 22 38 38 19 6 29 37 48 37 49 19 45 3 36 45 39 30 15 55 50 20 14 17 14 31 46 56 9 14 49 39 11 29 32 42 7 28 37 31 40 38 41 38 21 44 32 25 51 45 40 22 12 37 17 44 33 43 31 53 52 39 2 58 13 24 45 7 44 15 31 46 55 13 49 51 41 18 40 14 29 44 47 34 49 18 5 46 18 32 13 16 46 39 32 10 46 46 39 36 39 14 16 22 44 33 42 44 5 38 36 34 19 49 10 21 22 20 43 24 32 15 44 19 35 10 27 56 15 27 6 43 18 36 17 7 43 45 39 50 8 16 17 47 8 16 43 44 19 7 48 13 32 23 19 53 22 31 20 39 25 40 15 25 19 10 12 39 37 33 56 11 35 57 36 21 14 14 10 38 35 29 37 37 35 32 17 33 43 23 16 38 35 35 41 26 39 12 22 15 29 17 44 14 34 18 61 12 16 44 35 49 54 50 18 30 26 23 33 43 14 34 43 45 36 17 46 20 47 42 5 16 42 33 35 54 41 44 46 26 26 41 42 30 42 8 43 42 27 21 4 11 34 29 10 48 38 33 12 26 50 13 7 24 37 44 38 45 29 42 27 44 39 47 6 34 45 34 46 22 19 17 29 39 13 50 10 32 29 34 14 46 31 53 31 48 14 23 25 6 16 49 55 15 11 39 41 47 15 37 46 26 32 25 22 40 46 19 26 13 41 51 42 24 14 11 18 10 28 18 19 36 45 13 41 13 14 53 9 49 26 39 36 27 49 31 53 31 31 24 9 12 48 58 25 9 35 13 17 44 1 30 44 58 27 41 32 20 22 26 19 35 16 56 3 18 46 33 33 29 37 37 44 28 31 33 43 18 31 47 18 24 36 17 12 34 20 28 19 29 44 37 31 45 38 13 32 56 44 9 46 25 33 39 14 14 17 28 16 40 19 20 43 8 22 13 47 61 46 14 0 44 52 19 37 38 18 13 40 40 45 30 50 27 11 27 58 14 41 42 4 49 8 39 22 34 19 23 19 17 7 18 26
23 65 54 42 35 12 31 27 33 54 13 34 38 44 11 22 4 15 23 13 39 42 48 28 40 9 8 15 27 44 45 36 30 9 17 30 11 7 26 32 53 45 32 43 14 44 31 26 8 44 20 35 15 50 31 10 46 19 9 31 37 38 13 29 43 10 32 26 42 47 26 60 37 15 22 34 16 19 11 45 19 55 22 30 48 24 59 40 34 15 56 9 20 20 41 15 57 23 18 48 49 6 42 49 42 62 20 40 46 48 25 24 43 41 46 36 29 38 43 29 23 5 13 24 32 48 24 27 27 31 23 47 31 51 49 7 41 45 57 33 33 22 48 22 16 58 22 45 15 28 42 28 46 24 17 18 17 48 52 31 40 45 48 10 40 26 50 18 37 16 22 29 17 31 23 27 30 35 36 54 20 44 40 55 22 39 38 21 37 11 20 9 44 32 54 47 8 22 29 29 13 32 27 32 49 36 45 43 7 31 30 8 33 13 40 30 33 16 50 46 56 36 30 19 40 37 4 41 7 11 8 30 48 20 32 36 29 38 44 30 6 19 34 7 28 46 11 42 30 40 25 17 22 25 29 16 19 30 34 5 16 33 40 2 9 41 34 43 43 33 49 35 9 38 27 48 29 7 51 40 29 13 15 6 39 29 21 24 39 31 43 39 11 37 23 51 47 26 40 30 34 36 21 51 25 34 26 48 37 19 17 22 23 37 22 26 48 29 24 21 58 46 46 12 4 31 29 28 45 48 41 25 33 23 27 22 34 42 24 39 24 39 53 47 51 36 62 31 9 29 52 26 43 46 9 49 13 19 32 32 22 10 37 19 47 24 20 43 53 13 20 28 52 21 46 60 25 44 47 23 18 31 28 19 43 35 32 37 50 37 20 46 26 34 19 16 41 22 50 34 29 16 18 8 36 20 5 41 26 11 28 47 11 39 39 30 35 41 49 24 37 22 36 40 17 6 42 26 38 28 27 53 56 31 26 40 21 48 32 39 37 27 51 25 20 50 45 44 0 8 38 25 26 44 40 17 7 5 41 12 30 38 20 17 56 37 6 42 7 40 39 41 20 27 22 40 28 38 33 27
16 72 58 46 38 17 36 34 39 62 16 39 45 50 17 28 12 10 31 19 44 50 56 34 45 10 15 16 35 48 52 41 34 15 24 38 4 2 34 40 60 52 38 47 7 51 39 27 14 51 27 40 19 58 37 17 52 23 16 35 42 45 16 34 49 7 35 31 49 55 31 68 42 21 25 40 13 17 18 53 14 62 29 33 56 27 67 46 36 10 64 10 20 24 48 20 65 30 20 52 54 4 50 57 46 70 26 48 54 52 30 30 51 45 50 41 35 43 50 37 31 10 20 28 35 56 29 32 32 38 24 55 38 58 56 12 47 51 65 37 40 27 56 29 11 66 29 53 18 35 48 36 54 28 21 23 18 56 59 39 44 53 55 15 45 34 58 19 44 23 30 37 15 38 30 35 35 41 40 62 28 51 48 63 27 44 44 19 45 18 16 17 51 39 61 55 15 27 36 34 19 37 33 39 55 41 51 50 15 36 35 13 39 18 48 37 41 23 57 50 64 41 38 11 48 44 9 47 6 5 5 38 54 27 39 42 32 45 50 35 10 24 42 10 35 50 16 50 38 45 30 23 21 30 32 18 27 37 39 11 23 37 48 10 13 48 41 51 50 39 55 43 9 43 33 56 35 2 59 48 36 19 17 14 43 35 25 31 44 36 47 46 19 41 29 55 54 34 47 37 39 44 21 58 31 41 32 55 41 26 15 28 25 44 30 33 56 37 25 20 66 54 51 17 6 39 34 30 51 54 47 33 37 26 35 29 42 46 25 44 31 46 61 54 59 42 70 38 17 33 60 29 50 54 1 56 14 26 37 38 29 9 43 18 53 31 28 50 61 14 17 35 59 26 54 68 29 51 53 27 13 38 33 26 51 42 39 45 56 44 17 54 34 37 25 23 47 27 56 39 35 23 25 13 44 27 6 49 33 18 36 55 18 46 45 37 41 45 55 30 41 27 44 45 14 11 49 30 44 34 31 61 64 38 33 47 26 55 39 43 44 34 58 26 14 54 53 52 8 0 45 30 31 51 48 22 14 9 47 12 37 46 28 12 63 41 12 50 6 48 44 48 26 34 30 48 35 46 40 33
55 35 31 57 30 42 48 12 41 31 33 44 37 10 29 38 36 46 18 28 19 5 25 14 48 45 31 37 23 27 21 45 51 31 22 20 49 44 23 12 16 8 14 28 48 12 18 34 37 10 31 14 31 23 36 29 14 28 35 25 21 2 33 16 8 47 29 45 37 29 42 33 53 25 29 41 42 40 38 20 47 22 25 29 17 29 28 13 29 45 30 46 38 27 3 29 30 17 31 29 18 42 33 22 27 32 35 28 9 28 44 18 26 56 28 48 43 21 6 15 24 40 32 46 28 22 42 20 41 9 35 13 8 13 11 40 6 14 32 51 6 39 15 31 46 26 17 24 32 14 18 15 15 47 46 41 38 26 15 25 56 25 10 42 54 15 19 35 25 23 21 25 42 8 35 25 46 7 22 19 23 34 10 29 25 18 44 44 23 28 45 33 36 11 19 28 31 21 37 21 37 43 39 9 17 52 8 6 33 43 42 39 9 39 26 30 25 24 13 26 23 44 25 53 7 28 37 17 44 49 45 10 14 26 32 16 27 27 17 49 42 24 27 43 12 29 32 21 23 23 19 36 41 45 28 34 24 34 49 35 30 25 11 36 33 40 5 21 9 16 14 14 39 48 40 14 12 44 31 13 32 27 33 33 27 14 45 32 54 46 29 16 28 27 38 28 10 16 3 37 48 24 37 18 18 40 19 32 55 20 41 19 34 6 22 31 24 14 35 42 27 29 21 31 40 12 43 30 10 15 7 26 23 49 13 30 10 23 37 52 16 6 21 9 19 11 32 27 32 50 18 25 29 31 46 16 47 23 47 45 17 39 13 41 14 36 23 11 20 46 47 33 20 22 30 29 48 18 13 47 48 10 47 34 35 5 35 31 19 3 44 19 18 29 36 23 11 41 20 52 13 23 35 41 30 19 40 4 29 28 16 12 28 33 10 10 11 25 20 18 54 24 8 14 45 36 24 50 6 39 24 18 30 10 34 4 43 10 29 53 14 27 15 33 51 28 31 19 38 45 0 42 43 33 6 41 38 41 42 48 35 24 29 49 32 23 34 15 41 22 20 36 37 22 20 33 17 15 7 13
45 54 68 19 53 14 8 34 10 41 34 10 18 50 29 5 22 39 26 31 52 45 37 38 16 21 24 38 20 59 36 12 9 28 28 24 32 30 19 31 51 45 43 59 36 41 26 47 18 42 11 46 36 42 11 26 54 38 17 48 51 43 35 42 48 25 50 4 23 34 1 49 14 28 42 11 40 42 14 38 43 49 17 49 42 43 50 49 52 39 44 22 43 39 43 35 46 34 38 63 57 30 26 41 58 51 8 27 47 63 2 37 31 17 61 12 6 52 43 27 18 21 15 6 50 39 2 42 3 34 45 44 36 52 50 19 47 53 45 10 36 4 45 12 40 51 30 34 36 28 54 27 42 7 12 8 41 37 50 20 17 33 48 16 17 27 44 40 25 28 22 19 41 37 7 18 6 42 51 51 20 27 38 44 40 51 14 45 27 25 44 19 25 31 50 34 26 37 9 45 13 8 5 33 57 13 49 44 21 7 6 17 41 12 27 15 22 24 49 60 50 12 19 41 40 22 28 53 24 29 26 33 55 16 15 48 47 24 54 8 21 35 21 21 31 61 32 33 22 55 39 9 45 4 47 38 20 12 10 27 15 50 37 25 31 20 39 34 41 46 55 31 33 13 4 46 38 29 37 36 13 30 36 22 55 39 7 11 16 7 59 33 23 54 4 64 50 26 42 10 10 25 43 45 38 13 40 33 15 32 41 34 45 37 20 13 38 28 45 45 50 32 58 32 27 30 4 47 51 56 47 16 49 10 30 13 33 56 47 15 29 39 48 48 46 45 52 19 20 9 49 43 28 31 30 45 19 22 8 9 31 34 47 43 54 7 20 40 48 18 45 12 46 36 32 51 8 37 54 8 42 40 5 9 26 40 13 21 59 39 44 39 24 52 8 30 49 3 60 12 39 27 9 18 21 32 30 44 14 26 26 45 24 21 47 33 44 56 59 36 14 39 36 50 42 29 30 9 44 5 44 50 45 32 9 42 5 49 18 15 32 16 48 45 44 64 30 37 25 30 42 0 2 27 40 9 18 22 19 21 11 27 14 41 43 52 28 37 30 30 53 23 6 20 23 23 25 33 36 35
46 55 69 17 55 15 6 35 10 42 35 9 19 51 30 6 23 40 27 33 54 46 38 39 15 22 25 40 21 61 37 11 8 29 29 25 32 31 20 32 52 46 44 60 37 42 27 48 19 43 13 47 37 43 11 27 55 39 18 49 53 44 36 43 50 25 52 2 24 34 1 50 13 29 43 11 41 43 15 39 43 50 19 50 44 45 51 51 53 39 45 22 44 40 45 36 47 36 39 64 59 30 26 42 59 52 9 27 48 64 2 38 31 16 62 10 5 54 44 28 19 21 17 5 51 40 2 43 4 35 46 45 38 54 52 19 48 55 46 9 38 5 46 13 40 52 32 35 37 29 55 29 43 6 12 8 42 37 51 22 16 34 49 17 15 29 45 41 26 29 23 20 42 38 8 19 5 43 52 52 22 27 39 45 41 53 14 46 28 26 45 20 26 32 51 35 27 38 10 46 14 7 6 35 58 12 51 45 23 6 5 19 42 14 28 16 23 25 51 61 51 12 21 41 41 23 29 54 25 30 27 34 56 18 16 49 48 25 56 7 22 37 22 22 33 63 33 34 23 56 40 10 47 4 49 39 21 13 9 28 16 51 38 26 32 20 40 35 42 47 56 32 34 13 5 47 39 30 38 37 14 31 37 24 57 41 7 12 14 6 61 34 25 55 5 66 52 27 43 10 9 26 44 47 39 13 42 33 13 33 42 35 46 38 22 14 39 30 47 46 51 33 59 34 29 32 4 48 52 57 48 17 50 10 31 14 34 57 48 14 30 40 49 49 46 46 53 19 21 8 50 45 29 32 31 46 19 23 7 8 32 35 48 44 56 8 21 41 48 19 46 13 47 38 32 52 7 37 55 8 43 42 4 10 26 42 13 22 60 40 45 40 26 54 9 31 50 5 61 10 40 28 10 19 21 34 31 45 15 27 27 46 26 22 48 34 45 58 60 37 13 40 37 51 43 30 31 9 46 6 45 51 46 34 11 43 6 50 19 14 33 17 49 47 45 65 31 38 26 31 43 2 0 27 41 10 19 23 18 21 12 28 15 42 44 54 29 38 32 31 54 23 8 21 24 24 26 34 37 37
66 29 64 33 58 37 28 34 19 16 47 22 10 42 41 26 40 57 28 43 51 34 14 39 22 44 39 53 18 58 15 22 33 42 35 17 54 50 19 23 34 31 42 59 57 25 19 57 37 27 24 44 48 20 17 39 47 47 36 52 51 35 48 43 40 48 56 29 6 9 26 24 30 37 51 18 56 57 35 18 61 27 23 55 24 52 27 45 57 57 19 45 56 48 33 45 21 38 49 61 50 49 2 19 58 27 26 6 33 61 29 41 8 32 60 25 24 51 30 23 22 41 31 32 55 17 28 46 24 29 56 27 33 39 37 40 39 47 20 31 31 27 27 23 58 28 34 12 48 25 50 24 24 33 38 32 54 13 33 14 33 11 33 39 30 26 23 53 10 36 25 15 57 33 23 18 27 37 52 31 26 2 25 20 47 50 18 60 11 37 60 35 4 24 30 10 40 43 18 48 33 22 22 27 49 30 39 32 38 23 23 38 38 34 7 15 12 33 34 58 28 20 14 62 27 8 45 49 46 52 48 28 46 25 13 46 53 7 49 31 43 43 10 43 29 61 45 13 16 55 43 29 59 30 54 51 27 15 28 43 28 53 24 43 45 11 33 14 28 46 45 20 50 23 23 29 37 50 12 21 16 41 49 39 57 40 33 20 30 26 60 18 36 56 25 61 39 24 32 17 26 11 56 26 42 16 44 7 33 38 56 39 55 27 24 18 16 24 56 60 27 8 53 45 47 24 25 55 42 48 40 19 51 37 28 22 24 54 58 28 30 28 27 34 26 42 27 13 35 33 30 49 5 5 52 26 44 28 26 23 35 51 44 58 46 23 25 25 27 43 62 17 25 43 7 28 34 18 45 34 60 39 29 26 3 35 14 7 51 30 60 19 23 57 27 38 43 29 53 31 39 35 27 40 8 38 48 34 19 38 23 29 37 6 42 29 41 57 52 40 32 46 26 46 59 45 10 35 39 22 49 31 20 27 20 31 32 36 12 29 19 17 30 55 63 61 5 18 44 51 33 27 27 0 28 33 38 43 14 45 16 10 24 60 18 53 44 20 49 11 52 5 27 19 26 4 21 19 30 36
59 30 37 54 36 42 45 15 38 25 36 41 32 15 32 36 37 49 18 31 25 7 19 19 44 46 33 41 20 33 15 42 49 34 24 17 51 46 21 10 13 5 19 34 51 6 14 39 37 5 30 20 34 17 33 31 19 32 36 30 27 8 37 22 13 48 34 43 32 24 40 27 50 27 34 38 46 44 38 14 51 17 24 34 11 34 22 19 35 49 24 47 42 32 6 32 24 20 35 35 22 44 28 16 33 27 34 23 8 34 42 23 21 53 34 45 40 27 4 14 23 41 32 44 33 16 41 26 38 10 40 8 11 13 11 40 12 20 26 49 9 37 10 29 49 21 19 18 35 14 24 13 9 45 46 40 42 20 12 21 53 19 8 42 51 15 13 39 20 26 21 22 46 12 33 23 43 13 28 15 23 29 4 23 29 24 41 48 18 30 49 33 31 9 15 22 33 25 34 26 37 40 37 9 22 49 12 5 34 40 39 39 14 39 21 27 21 25 11 32 18 40 22 56 1 24 39 23 45 50 47 10 19 26 29 22 32 22 22 47 43 27 23 44 13 35 35 16 19 29 24 36 45 44 34 38 24 31 47 37 30 31 5 38 36 36 9 15 3 22 18 10 42 45 37 9 16 46 25 7 29 30 37 34 33 19 44 30 51 44 35 10 29 33 36 34 12 16 5 34 45 20 41 13 23 36 24 26 52 23 45 22 39 4 21 28 18 12 39 47 22 23 26 34 42 10 41 35 14 20 13 24 28 48 13 28 8 29 42 49 17 2 15 9 14 17 26 23 33 48 13 31 24 26 48 10 48 23 44 42 20 42 19 45 19 34 23 5 15 47 51 30 14 26 24 24 46 12 18 46 51 16 44 33 30 10 32 27 24 5 48 13 17 35 35 26 17 39 26 49 18 25 34 41 26 23 42 6 27 30 15 8 30 29 16 11 17 31 25 22 51 28 4 20 49 38 19 49 12 37 29 14 24 10 31 4 42 10 25 50 10 25 11 37 55 34 25 13 40 48 6 40 41 28 0 41 38 42 38 48 32 19 28 52 26 29 37 9 43 17 26 31 36 20 20 28 16 10 8 17
37 59 65 25 48 6 15 32 18 47 27 18 25 49 23 8 14 30 24 25 49 45 42 35 24 13 18 31 22 55 39 20 14 22 24 26 23 22 21 32 53 46 40 54 28 43 28 41 10 44 12 43 30 46 18 20 52 32 10 43 48 42 28 38 47 17 45 10 30 39 10 54 21 23 36 19 32 35 6 41 35 52 17 43 45 38 54 47 47 31 49 13 36 33 43 29 51 31 32 59 56 22 32 44 54 56 8 32 48 59 8 33 35 24 57 20 14 49 44 28 19 13 11 8 44 43 8 37 11 33 39 46 35 53 51 11 45 52 50 16 35 7 47 13 32 55 27 39 29 28 51 28 44 8 6 2 33 41 52 24 24 38 49 8 24 27 47 33 29 23 21 22 33 35 10 20 13 40 47 53 19 33 40 49 34 48 23 37 31 20 36 13 32 32 52 39 20 32 16 40 6 16 12 33 55 20 49 45 15 15 14 10 39 5 32 19 26 20 51 56 53 20 23 32 41 27 20 50 16 21 18 32 53 16 21 45 42 29 52 14 13 30 26 13 30 57 26 37 24 51 35 5 38 9 42 31 18 18 18 20 12 45 39 17 24 28 38 37 42 42 54 33 25 22 12 48 35 21 43 38 18 24 30 16 51 36 5 14 23 14 55 35 18 49 8 61 50 26 42 17 17 29 36 48 34 20 36 39 21 28 33 30 38 38 20 16 42 29 39 38 54 38 55 26 20 31 13 41 50 54 46 18 44 9 29 14 34 52 40 23 27 40 51 49 48 43 57 22 14 13 51 38 34 37 22 47 11 19 15 17 28 26 44 36 53 11 19 42 50 10 37 17 49 32 37 56 9 40 52 8 33 38 12 9 32 39 20 27 57 39 36 42 25 47 7 25 47 6 58 18 36 23 8 9 26 29 22 44 17 20 27 47 19 27 45 32 42 52 57 32 20 34 37 47 34 22 35 11 43 13 39 52 50 32 14 42 5 50 22 23 34 19 50 39 36 60 36 40 17 22 41 9 10 33 41 0 10 13 26 13 17 31 14 33 48 48 21 39 23 34 49 29 6 22 22 30 25 35 35 33
29 60 57 35 39 6 24 27 26 49 18 27 31 44 14 15 5 22 21 17 42 42 44 29 33 8 9 22 23 48 40 29 23 13 17 26 16 13 21 30 51 43 33 47 20 41 27 32 1 42 14 37 20 47 24 11 47 23 3 35 40 38 19 31 43 11 37 19 36 42 19 56 30 16 27 27 23 25 4 42 26 52 17 34 45 29 55 41 38 22 51 9 26 25 40 20 53 25 23 51 50 13 36 45 46 58 13 35 45 52 18 26 38 34 49 29 22 41 41 26 19 4 8 18 36 44 17 30 20 30 29 44 31 50 48 3 41 46 53 26 32 15 46 15 23 55 22 40 20 25 45 25 43 17 12 11 24 43 50 26 33 40 46 5 33 24 47 24 32 16 19 24 24 31 16 22 23 35 39 52 16 38 38 51 26 41 31 28 33 12 27 5 38 29 51 42 11 25 23 32 6 25 20 30 50 29 45 42 6 24 23 1 33 6 35 24 28 15 48 49 53 29 25 25 38 31 11 43 9 15 11 29 48 15 26 38 33 32 46 24 5 22 29 6 27 50 16 38 25 44 27 10 29 18 33 22 15 24 27 10 10 37 37 8 14 35 34 39 41 35 49 32 16 31 20 46 29 13 46 37 22 15 20 7 43 30 15 18 32 24 47 35 11 41 16 54 46 23 39 24 27 31 27 48 27 27 29 42 30 21 24 23 29 35 18 20 44 26 30 28 55 41 48 17 11 28 22 32 45 49 41 20 37 17 26 16 32 45 30 32 22 37 50 46 48 37 58 25 7 22 50 30 37 41 14 46 11 16 25 25 22 17 38 26 47 17 17 40 50 10 27 22 48 24 41 56 18 40 47 17 25 32 21 13 37 35 26 31 51 36 27 43 23 39 12 18 41 15 52 28 30 16 11 3 30 22 12 41 20 12 25 45 11 32 39 29 36 45 51 25 30 25 34 41 24 12 37 20 38 21 30 51 52 29 19 39 14 47 26 32 33 21 48 30 27 53 39 40 7 14 38 18 19 38 38 10 0 5 34 11 23 33 15 24 51 40 12 39 14 35 42 35 13 22 19 34 24 35 32 27
25 65 58 38 39 9 28 30 30 54 17 31 36 47 14 19 5 17 25 17 43 45 48 31 37 5 11 19 28 48 45 33 26 13 19 31 11 9 26 34 55 47 35 47 15 45 32 30 6 46 19 38 20 51 29 13 49 23 8 35 41 41 17 33 45 7 36 23 41 47 23 60 34 18 26 32 19 22 9 46 22 56 22 34 49 28 60 43 38 18 56 6 24 24 43 19 58 27 22 52 52 9 41 50 46 62 18 40 49 52 21 27 43 37 50 33 27 42 45 30 23 2 13 21 36 49 21 31 24 33 28 49 34 53 51 4 43 48 57 29 35 19 50 20 19 60 25 45 19 29 46 30 48 20 13 15 22 48 54 31 36 45 50 7 37 28 51 22 37 19 23 29 20 34 21 27 26 38 40 56 21 43 42 55 26 43 35 25 37 14 23 9 43 33 55 47 12 26 27 33 10 29 24 33 52 33 48 45 9 28 27 5 36 10 40 29 33 18 52 50 57 33 30 20 42 36 8 45 4 10 6 32 51 20 31 40 33 37 48 27 2 23 34 3 30 50 15 43 30 44 29 14 26 22 33 20 20 29 31 9 15 37 41 6 13 39 37 44 44 37 52 36 13 35 24 50 32 8 51 41 27 16 19 8 43 32 18 23 36 27 48 39 14 41 20 55 50 27 42 28 30 36 25 52 28 32 30 47 33 23 21 25 27 39 22 25 49 31 28 25 59 46 50 16 7 32 26 32 48 51 44 25 37 19 29 21 36 46 29 36 26 41 55 49 52 39 63 30 10 25 54 30 42 46 9 50 9 20 28 30 24 13 40 23 50 22 21 44 54 8 24 27 53 25 46 61 21 44 50 19 20 35 25 17 42 38 30 36 53 39 23 47 27 39 17 20 44 19 54 31 32 18 16 4 35 24 9 44 25 14 29 49 13 37 42 32 38 45 53 27 33 26 38 43 21 10 42 23 41 25 31 55 57 33 24 42 18 50 31 36 38 26 52 29 23 54 44 45 5 9 41 22 23 43 42 13 5 0 38 8 28 38 20 20 56 41 10 43 10 40 43 40 17 27 23 39 29 39 35 30
62 42 72 20 62 31 17 39 9 28 47 10 6 51 42 20 37 55 32 44 58 44 27 44 8 39 38 53 22 65 28 9 22 42 37 24 49 46 22 31 46 42 49 65 53 37 25 59 33 39 22 51 49 33 11 38 56 49 32 56 58 44 48 48 49 43 60 20 9 22 18 36 17 39 53 8 55 57 30 30 59 40 24 58 36 54 40 53 61 55 33 39 56 50 43 47 35 42 51 69 59 46 13 32 65 40 21 17 44 68 20 45 21 18 67 12 14 58 41 29 23 37 29 22 59 30 20 50 16 37 58 39 40 50 48 35 48 56 32 19 39 20 39 20 56 41 37 25 49 31 58 30 36 24 30 25 55 26 45 19 20 24 44 33 16 31 36 54 18 38 28 18 56 40 18 20 16 45 58 44 28 13 35 33 50 57 6 60 20 38 59 33 10 32 43 23 40 46 12 53 29 12 15 35 59 17 49 42 36 13 13 34 45 29 18 14 18 34 45 65 41 8 18 58 37 15 43 57 41 47 44 35 56 25 11 53 57 16 58 19 38 45 15 38 35 68 45 25 21 61 47 25 60 21 57 52 28 12 16 42 27 58 34 40 45 3 41 26 38 52 55 29 48 11 15 41 43 46 25 32 14 42 50 37 63 46 25 17 17 15 66 28 36 62 19 69 49 30 42 11 14 19 57 39 46 7 48 20 20 41 56 42 57 37 26 17 29 30 58 60 40 21 62 46 44 31 15 58 51 57 49 20 57 27 34 21 32 61 60 15 35 38 40 45 38 49 41 17 34 22 42 53 17 19 47 39 37 30 15 12 38 49 51 58 56 17 27 36 40 36 60 14 38 46 20 41 24 30 55 25 58 45 19 22 12 43 10 12 61 39 59 31 27 62 22 40 52 21 62 19 45 37 23 35 13 41 45 44 18 39 28 40 37 10 50 36 49 63 62 44 19 49 35 54 57 44 22 25 47 14 53 43 34 34 16 41 24 47 14 16 29 18 42 57 60 68 18 30 41 47 42 19 18 14 38 26 34 38 0 39 11 20 23 57 30 59 43 32 47 22 59 9 22 22 29 11 27 29 38 41
26 69 66 34 47 8 25 37 30 58 24 30 38 54 22 20 13 22 31 25 50 52 52 38 35 4 18 26 32 56 50 32 23 20 27 35 13 13 30 40 61 53 43 55 18 51 37 37 12 52 22 46 27 56 30 20 56 31 13 43 49 47 25 40 53 6 44 20 42 50 22 65 31 25 34 31 25 29 12 51 26 61 26 42 55 36 64 51 45 22 60 3 30 32 50 27 62 34 29 60 60 14 44 55 54 67 20 43 55 60 20 35 47 34 57 31 26 50 51 36 28 9 17 18 43 53 19 38 23 40 34 54 40 60 58 8 51 55 61 26 42 19 56 24 23 65 32 49 26 35 54 35 53 17 10 14 28 52 60 35 32 49 56 7 34 34 56 29 40 26 28 32 26 41 22 31 25 45 48 62 26 45 48 60 34 50 35 30 41 21 28 16 44 39 61 51 19 33 28 41 13 28 24 40 59 30 55 52 16 27 26 10 43 11 44 31 37 24 58 57 63 32 34 21 48 39 15 52 7 9 8 39 58 24 33 47 40 40 55 24 7 31 37 6 37 58 23 47 34 52 36 16 32 19 40 27 25 30 28 17 20 45 47 14 21 40 43 48 51 44 59 42 19 33 24 56 39 12 54 47 29 24 26 16 51 39 15 25 33 25 55 45 21 49 20 62 57 33 49 29 28 40 32 57 36 32 37 50 29 30 27 32 34 45 28 28 53 36 35 31 64 49 57 24 13 38 24 39 55 58 51 28 45 14 36 24 41 53 35 33 33 47 60 56 58 46 67 34 16 22 60 37 45 49 12 56 2 26 26 28 32 20 48 29 57 23 26 50 60 3 28 29 58 32 49 66 18 49 57 16 25 42 22 20 44 45 32 39 61 46 29 52 33 46 18 27 51 18 61 28 39 26 18 8 38 31 15 51 28 21 35 55 21 39 49 39 45 53 60 34 30 34 44 51 26 18 45 18 48 25 39 61 61 39 26 49 16 57 34 33 43 29 58 36 26 61 47 50 12 12 48 21 21 45 48 13 11 8 39 0 30 42 23 23 60 49 18 48 15 44 51 42 18 31 29 42 34 44 42 37
52 43 64 23 52 22 15 30 7 31 36 10 9 44 31 10 26 44 22 33 49 38 27 35 14 29 27 42 13 56 25 11 18 31 26 16 39 36 13 24 42 36 39 56 43 32 18 48 23 33 11 42 38 32 2 27 48 38 22 46 48 36 37 39 42 33 50 14 13 23 11 38 18 28 42 7 44 46 20 28 48 39 13 48 33 44 40 44 51 44 34 30 45 39 36 36 36 32 40 59 52 35 15 31 55 41 11 16 39 59 13 35 20 22 57 14 10 49 35 20 13 27 18 16 49 29 13 40 9 28 47 34 31 44 43 25 40 48 34 18 30 11 35 9 45 41 27 24 38 22 49 21 32 18 22 16 44 26 41 11 22 23 39 24 20 22 34 43 14 27 17 10 45 32 8 10 13 37 48 41 18 16 30 33 39 48 11 49 17 27 48 22 15 24 40 24 29 36 2 43 18 9 7 27 51 18 42 36 25 9 9 24 36 19 17 5 12 23 41 56 39 10 10 48 31 12 32 48 31 37 34 27 48 14 5 44 46 14 49 17 28 35 10 28 26 58 34 22 13 52 37 14 49 15 47 41 17 1 15 31 16 48 28 29 34 12 33 23 33 42 48 22 37 14 8 37 34 35 26 27 3 31 39 26 53 36 17 6 19 13 57 23 25 52 10 60 43 20 35 3 13 15 46 36 36 6 38 22 21 30 45 32 46 30 16 6 28 22 47 49 40 22 53 35 33 23 10 47 44 50 41 10 47 21 25 10 25 52 49 18 25 31 38 40 36 40 41 9 23 19 39 43 18 21 37 35 28 19 13 10 28 38 42 47 48 7 17 31 38 27 49 3 36 35 21 41 18 27 48 19 47 36 15 11 15 34 3 10 53 32 48 29 18 51 12 29 44 13 54 18 35 26 13 25 10 31 35 37 7 28 20 36 26 10 42 27 40 53 54 34 20 38 28 45 46 33 20 20 39 7 42 40 35 26 5 34 16 41 8 19 23 8 38 46 50 60 19 27 30 37 35 11 12 16 32 17 23 28 11 30 0 16 12 47 32 49 32 27 36 19 49 13 12 13 19 13 18 24 30 32
60 28 55 37 49 34 31 25 22 17 40 25 14 33 34 25 34 51 19 35 41 25 11 30 27 40 32 45 11 49 9 25 34 35 27 9 49 44 13 14 26 23 33 49 51 17 10 48 32 19 20 35 40 16 18 32 37 39 31 43 42 26 41 34 31 44 47 30 13 10 27 23 33 30 42 21 49 49 31 12 54 23 17 46 17 43 24 35 48 50 19 41 48 39 24 37 21 29 41 52 41 43 9 15 49 26 23 5 25 51 29 32 5 36 50 28 26 42 22 14 15 37 26 32 46 13 28 36 25 20 48 19 23 30 29 35 30 38 20 34 21 25 20 19 51 25 25 8 40 16 41 15 17 33 36 30 47 11 26 8 37 8 25 35 34 17 18 45 2 28 17 10 50 24 21 12 29 28 42 25 19 11 16 18 38 40 23 53 1 31 53 29 13 15 24 10 33 34 18 39 29 25 23 18 40 33 30 23 32 25 25 34 28 31 3 13 6 25 26 49 23 24 9 56 18 6 39 39 42 47 44 19 37 19 13 37 44 4 40 33 38 34 6 39 20 51 38 6 8 45 34 26 51 31 45 43 20 15 31 37 23 44 15 37 38 18 24 7 19 36 36 10 43 28 24 22 28 44 13 13 15 33 41 33 47 31 33 18 34 29 50 9 29 47 24 51 30 16 23 19 29 3 48 20 33 19 34 11 36 29 49 30 47 18 17 15 12 14 48 52 24 9 44 38 41 15 26 46 33 39 31 14 42 36 18 18 14 45 50 32 22 19 22 26 20 32 26 9 30 35 23 41 6 10 46 19 41 21 29 26 26 44 34 50 37 21 19 17 22 40 55 16 20 34 9 25 34 11 36 34 53 29 31 23 12 25 16 9 42 21 52 13 14 48 25 30 34 27 44 34 30 27 24 35 8 29 42 25 15 31 14 21 30 10 32 20 32 47 43 31 35 37 17 36 52 39 4 36 29 23 40 24 20 18 18 22 31 28 10 33 10 13 23 46 57 51 9 11 38 46 24 27 28 10 19 31 33 38 20 42 16 0 19 54 18 43 37 12 43 3 42 13 25 12 18 10 13 10 20 27
43 47 55 31 42 16 20 21 17 35 26 19 19 37 19 9 17 34 13 22 39 33 30 25 24 22 16 31 9 47 27 21 22 20 16 13 30 27 8 19 40 33 30 46 33 30 15 37 14 30 3 33 27 33 13 17 41 27 13 36 39 30 27 29 35 25 39 17 23 28 14 42 26 17 31 17 33 35 12 28 37 39 5 37 32 33 42 36 40 34 37 23 35 28 31 25 39 22 29 50 44 26 22 32 45 44 7 21 35 50 15 24 24 30 48 22 16 39 31 15 5 18 8 18 38 30 14 30 13 21 36 33 23 40 38 17 34 40 39 23 23 10 34 3 35 42 18 27 27 15 41 15 31 18 19 12 33 29 39 12 29 26 36 17 28 14 34 31 18 16 9 10 34 24 8 8 18 29 38 40 8 24 26 37 28 39 21 38 19 15 38 12 24 19 39 28 18 25 12 32 11 17 12 20 44 25 37 32 14 16 15 15 28 13 21 10 14 12 38 47 40 20 11 38 28 17 22 40 23 29 25 20 42 3 13 35 35 18 41 21 20 24 15 20 18 49 24 24 12 42 27 9 38 17 36 29 7 11 22 20 5 38 26 19 23 23 26 25 30 33 42 20 27 23 13 35 25 26 32 25 10 20 27 15 43 27 17 6 28 19 47 22 13 42 10 51 38 13 29 13 21 17 35 35 26 17 28 28 27 20 34 22 35 25 7 7 30 16 36 38 41 27 45 23 23 18 16 36 38 43 34 5 37 21 17 2 21 43 38 26 16 27 38 36 35 32 44 11 12 22 38 32 23 27 28 34 22 9 20 19 18 28 34 36 41 8 7 29 37 22 39 9 36 25 27 43 19 27 41 19 37 28 19 6 24 27 13 17 46 26 37 29 12 41 8 19 36 12 47 25 26 15 6 17 17 20 25 32 6 16 14 34 14 19 34 20 31 44 46 24 27 27 24 37 36 22 23 22 31 13 32 39 38 19 8 29 15 37 12 27 21 7 37 35 40 51 25 27 20 28 29 14 15 24 28 14 15 20 23 23 12 19 0 37 37 40 21 26 26 22 40 22 9 9 10 21 13 22 23 22
7 79 56 57 34 28 46 37 49 70 17 50 55 51 21 38 21 3 37 21 43 53 63 36 56 21 22 13 43 46 59 52 45 20 29 45 11 12 42 46 64 56 38 44 6 57 46 23 24 56 37 41 19 65 47 23 52 23 25 33 41 48 16 35 51 18 32 42 59 63 42 75 53 26 23 51 8 12 28 60 4 68 38 30 61 25 73 46 33 4 71 21 15 23 51 21 72 33 19 49 55 12 59 63 43 76 37 57 57 50 41 31 59 56 47 52 46 42 54 43 39 21 30 40 32 63 40 32 43 43 20 60 42 60 59 23 49 51 72 48 44 38 61 38 4 72 33 60 18 42 47 42 59 39 32 34 14 63 63 47 55 60 59 26 56 40 64 16 53 27 37 45 8 41 40 43 46 43 39 67 35 60 53 70 26 43 54 10 53 24 7 26 61 45 66 63 21 29 46 33 29 48 43 44 55 52 54 54 23 47 46 24 41 29 56 46 49 30 61 48 69 52 47 6 53 53 15 46 18 14 16 43 55 36 49 41 30 54 49 46 21 26 51 20 40 47 18 57 46 43 32 33 14 40 28 16 34 47 49 17 32 35 53 18 17 58 44 58 55 39 56 49 11 54 43 61 38 12 67 54 45 23 17 22 40 36 37 41 55 47 44 53 25 38 39 53 56 40 51 47 50 52 17 64 32 51 32 64 52 29 9 31 21 49 37 43 63 43 21 12 72 62 50 19 14 44 45 27 53 54 49 41 36 37 40 39 47 45 19 54 36 51 67 58 64 43 76 47 25 44 65 28 59 62 12 62 25 33 48 49 33 10 43 12 53 41 36 55 66 25 7 45 65 28 62 74 40 58 54 38 3 40 43 36 60 45 49 54 55 48 9 61 41 34 35 27 48 38 55 50 37 28 35 24 53 30 13 52 42 23 42 59 25 55 46 42 42 43 54 32 52 27 49 46 6 15 57 41 46 44 30 66 71 43 43 51 37 58 48 55 51 43 63 23 4 52 61 58 17 12 49 41 42 60 52 33 24 20 57 23 47 54 37 0 71 40 17 56 11 55 43 58 36 42 37 57 42 52 44 36
77 12 61 50 61 52 45 38 36 2 56 39 27 39 51 42 52 68 35 51 51 31 9 42 38 58 49 62 29 58 13 39 50 52 43 26 66 62 30 27 24 26 44 59 68 20 25 63 50 23 38 45 56 10 33 49 43 54 49 55 52 34 57 46 37 62 59 46 23 10 43 6 47 46 57 35 66 65 49 13 71 15 34 58 16 57 11 43 60 68 3 59 64 54 30 53 5 43 57 60 45 61 19 10 59 10 41 17 27 59 45 45 14 48 59 42 41 52 27 29 33 54 44 48 58 10 45 50 41 32 63 20 35 31 31 53 37 44 2 48 33 43 19 37 68 13 40 11 56 31 49 30 18 50 53 47 63 8 23 25 50 11 26 53 46 32 14 61 20 45 35 28 66 36 39 30 44 38 53 20 37 19 23 4 52 50 36 69 19 48 70 47 20 28 19 9 50 48 34 51 47 39 39 30 44 47 35 28 49 40 40 52 39 49 17 30 24 42 26 57 15 37 26 73 25 22 56 48 59 65 61 32 41 37 28 47 57 20 47 48 56 49 23 57 33 60 55 14 26 55 47 44 67 47 58 59 37 32 45 54 41 55 22 54 55 27 34 14 23 47 40 23 60 41 40 21 40 62 7 20 31 50 57 50 58 43 49 35 47 43 60 19 46 58 41 58 33 32 30 34 43 20 63 16 46 33 48 12 50 44 66 44 61 27 34 33 9 29 62 68 12 11 51 54 58 28 42 59 38 43 38 32 53 53 33 36 26 53 65 45 37 27 15 28 15 42 11 27 47 50 19 54 15 13 64 18 58 38 43 40 41 61 44 66 42 38 36 22 16 58 71 32 14 48 12 12 50 15 41 51 70 40 46 40 20 35 31 23 47 30 69 13 30 60 42 46 42 44 49 48 42 44 42 53 23 44 59 31 32 48 29 22 47 23 41 32 42 57 48 45 49 51 26 44 69 56 15 52 38 38 53 20 4 31 35 29 48 29 26 46 22 31 21 61 74 58 14 14 56 63 32 43 44 18 26 48 51 56 30 60 32 18 37 71 0 54 55 18 61 16 52 23 43 29 35 21 29 20 32 40
45 57 18 70 9 46 59 20 55 54 26 58 54 18 27 48 37 37 28 25 5 25 47 15 63 45 32 28 38 8 42 60 61 29 25 37 44 40 38 30 36 30 11 7 42 34 35 18 40 32 42 9 23 45 51 30 16 19 39 7 3 21 26 11 19 46 9 55 55 51 53 55 65 25 18 56 33 29 43 42 37 44 37 11 39 15 50 12 9 36 52 46 26 18 24 23 52 18 22 11 17 38 52 44 6 54 45 48 29 12 54 16 47 69 9 61 55 3 28 31 37 41 38 55 9 45 52 11 52 24 21 35 21 29 28 42 19 15 54 62 23 49 37 42 37 48 23 46 24 29 9 30 37 55 52 48 27 47 35 41 69 47 31 45 68 29 41 24 44 25 32 41 32 20 47 40 57 16 2 39 33 54 32 51 15 5 60 31 42 29 34 36 56 29 40 50 30 16 50 9 43 56 51 26 18 64 22 27 35 55 55 41 16 44 46 46 43 29 32 9 45 58 42 45 30 47 34 9 43 46 44 25 19 37 48 8 11 46 12 60 43 19 45 43 25 10 27 43 39 4 14 44 27 55 12 25 33 49 62 33 38 6 33 35 29 58 21 43 31 8 21 34 33 62 52 35 17 41 53 34 47 26 25 34 4 14 53 44 67 58 8 37 30 5 49 14 25 30 25 51 60 43 24 40 15 55 13 53 66 21 31 19 20 27 34 44 46 30 20 29 49 50 11 26 37 29 55 14 19 18 18 40 5 56 26 41 30 5 22 65 25 28 42 29 41 13 54 43 35 60 39 13 49 52 42 38 50 31 59 58 22 33 11 29 17 48 34 33 41 49 35 47 42 17 51 51 56 40 18 55 38 15 57 44 54 19 51 49 17 25 32 42 32 8 45 23 14 50 17 64 15 26 44 43 48 20 36 24 43 29 32 34 30 51 14 24 12 5 16 17 66 16 29 11 35 32 45 59 17 52 11 39 52 26 47 26 51 28 45 66 35 42 37 18 41 13 51 41 37 41 23 52 54 53 29 48 40 41 59 49 49 43 40 40 54 0 32 37 36 43 4 54 46 37 31 52 33 36 24 18
23 63 49 46 29 17 35 23 36 53 7 37 39 39 6 25 7 14 20 8 33 38 47 23 43 14 6 11 27 39 43 39 35 4 13 29 15 10 26 30 49 41 27 37 15 41 30 20 11 41 22 30 10 49 33 6 40 13 12 25 32 34 8 24 38 15 26 30 43 47 29 58 41 10 16 36 13 15 15 44 17 52 22 24 45 18 57 35 28 14 54 15 15 14 37 9 56 19 12 42 44 8 43 47 36 60 23 40 43 43 29 18 42 45 40 39 33 33 39 27 23 10 15 29 26 46 27 21 30 27 18 44 27 46 44 12 36 40 56 37 29 25 45 23 14 56 18 44 9 25 37 26 44 28 23 22 13 47 48 31 44 44 44 15 44 24 48 13 36 12 20 29 14 27 25 27 33 30 30 51 19 45 37 54 17 33 41 18 37 8 17 10 45 29 51 47 5 17 32 24 16 35 30 28 44 40 40 39 7 34 33 12 28 17 40 31 33 13 46 40 54 39 30 20 37 37 3 36 12 15 13 27 43 20 33 31 23 38 39 35 12 14 35 13 25 40 5 41 30 35 20 20 18 29 23 11 18 32 38 2 17 27 37 5 3 43 30 42 39 28 44 33 6 41 30 45 24 11 50 38 30 8 9 6 33 24 26 26 43 34 38 37 9 31 26 45 43 24 36 33 37 35 16 48 20 37 21 48 41 15 14 17 18 34 21 27 47 27 19 18 56 45 40 6 6 28 32 22 40 42 36 25 27 28 24 23 31 36 19 43 20 35 51 43 49 31 60 31 10 34 49 20 43 46 13 46 19 17 35 36 18 7 32 16 42 26 19 40 50 18 18 30 49 16 46 58 30 42 42 28 17 27 32 21 44 31 34 38 45 33 17 44 25 29 22 12 36 25 45 39 24 12 21 13 37 16 6 37 26 7 26 44 8 39 34 26 30 35 44 19 41 16 33 35 15 2 41 31 33 31 21 50 55 27 28 36 25 44 32 43 34 27 48 19 20 44 45 42 6 12 34 28 29 44 37 21 12 10 43 18 32 37 21 17 55 32 0 40 7 39 34 42 23 26 20 41 26 36 29 22
62 24 45 49 43 41 41 21 33 18 40 36 26 23 35 34 39 53 20 35 34 15 10 25 39 46 35 45 18 41 7 37 45 37 27 14 53 48 19 10 15 11 27 42 54 5 12 45 38 8 28 28 39 10 28 34 27 37 36 37 34 17 41 28 21 49 41 40 25 15 37 20 45 30 40 32 50 49 37 6 55 13 22 41 7 40 18 27 42 52 17 47 47 37 14 37 17 26 40 43 30 46 20 9 42 21 32 15 13 42 39 28 13 48 42 40 36 35 11 14 21 42 32 42 41 9 38 32 35 15 46 8 17 19 17 41 20 28 19 44 15 35 9 27 53 17 23 10 40 15 32 14 5 42 44 38 46 12 14 17 48 11 13 42 46 16 9 44 14 29 21 19 50 18 30 20 39 21 36 14 23 22 6 16 35 33 35 53 12 33 54 34 24 11 14 14 35 31 29 33 36 36 33 13 30 44 20 12 35 35 35 39 22 38 14 23 16 27 14 40 15 35 18 59 8 17 42 31 47 52 48 14 26 25 24 29 39 16 31 43 43 32 18 44 16 43 39 8 15 38 30 34 50 41 40 43 24 26 42 40 29 38 4 40 39 29 17 7 8 30 25 7 45 39 34 10 23 48 17 3 25 34 41 36 41 25 42 26 45 39 43 4 31 41 33 42 19 16 13 29 40 13 46 10 29 31 30 18 47 28 50 27 44 10 21 25 10 13 45 52 17 15 35 38 44 12 37 42 22 28 21 22 36 46 16 26 9 37 48 44 20 10 12 15 10 24 21 19 34 45 12 37 16 17 50 8 48 24 40 37 24 46 27 50 27 31 22 5 12 47 55 26 10 31 16 19 44 3 26 44 55 23 41 31 22 18 27 20 32 12 53 6 16 42 33 30 25 37 34 45 25 28 32 41 20 27 45 14 23 33 14 9 32 22 24 15 25 40 33 27 46 34 9 28 53 41 11 46 21 33 35 13 17 14 28 12 40 16 20 45 6 21 12 43 58 42 17 4 42 50 15 37 38 20 9 39 39 43 32 48 27 12 26 56 18 37 40 0 46 10 35 24 34 18 20 21 15 5 14 22
17 69 53 47 33 18 37 29 39 59 11 40 44 45 12 28 10 9 27 14 39 45 53 29 46 12 12 11 33 43 49 42 35 10 20 35 8 4 31 36 56 48 33 42 8 48 36 23 14 48 26 36 14 55 37 13 47 18 15 30 37 40 11 30 44 11 30 32 48 53 31 65 43 17 20 40 10 14 18 50 13 59 27 28 52 22 63 41 31 9 61 13 15 19 43 15 62 25 15 47 50 2 48 54 41 66 26 46 49 47 31 25 48 46 44 42 36 38 46 33 29 11 19 30 30 53 30 27 33 34 20 51 34 53 51 13 42 46 62 38 35 28 52 27 10 63 25 50 13 32 43 33 50 29 23 24 13 53 55 37 45 50 51 16 46 30 54 14 42 18 27 35 11 33 29 32 36 36 35 58 25 50 44 60 22 39 44 15 43 14 14 15 50 36 57 53 11 23 35 29 19 38 33 35 50 42 47 46 12 37 36 13 34 18 46 35 39 20 53 45 60 42 36 13 44 42 5 42 9 10 8 34 49 25 38 37 27 43 45 36 11 20 40 11 31 45 10 47 35 40 26 23 17 31 26 13 24 36 40 7 22 32 44 7 9 47 37 48 46 34 50 40 4 43 33 52 30 5 56 44 35 14 12 11 37 30 27 30 45 37 42 43 15 36 29 50 49 30 43 36 40 41 17 55 26 40 26 53 42 21 12 23 20 40 27 32 53 33 20 16 63 51 46 11 3 35 34 25 46 49 42 31 32 28 31 28 38 41 20 45 27 42 57 50 55 37 66 36 14 34 56 24 48 52 7 53 17 23 38 39 24 5 38 14 48 30 25 46 57 17 15 34 56 22 52 65 30 48 48 28 12 33 34 25 49 37 38 43 50 40 14 51 31 32 25 19 42 27 51 40 30 19 24 14 42 22 2 44 31 14 32 51 15 44 40 33 36 40 50 25 42 22 40 41 12 6 47 32 39 34 26 57 61 34 32 43 27 50 38 45 41 32 54 22 14 49 50 49 7 6 41 30 32 49 43 23 14 10 47 15 36 43 26 11 61 36 7 46 0 45 39 47 26 32 27 46 32 42 36 29
62 26 53 40 48 37 34 25 25 15 41 28 17 31 35 27 37 53 20 36 41 24 9 30 30 43 34 47 13 48 6 28 37 37 28 10 51 46 15 13 24 20 33 49 53 15 10 49 35 17 23 34 41 13 21 34 36 39 33 43 41 24 42 33 29 46 47 33 15 9 30 21 36 31 43 24 51 51 33 9 55 20 19 46 14 43 21 34 48 52 16 44 49 40 22 39 18 29 42 51 39 45 11 12 48 23 26 6 22 50 32 32 4 39 49 31 29 41 20 14 18 39 28 35 46 10 31 37 28 20 49 17 23 28 27 38 28 36 18 37 21 28 17 22 53 22 25 5 41 16 40 15 14 36 39 32 48 8 23 10 40 5 23 38 37 17 15 46 5 30 19 13 51 24 24 14 32 27 42 22 21 13 14 16 38 40 26 54 4 32 55 32 15 14 21 8 35 34 21 39 32 28 26 18 38 36 29 21 34 28 28 36 28 34 5 16 9 27 24 48 20 26 11 58 16 9 41 38 44 50 46 18 35 21 16 36 44 7 39 36 40 35 9 41 20 50 39 3 10 44 34 29 52 34 45 44 22 18 34 39 25 44 13 39 40 20 23 4 17 36 34 10 45 31 27 19 27 46 12 10 18 34 43 34 47 30 35 20 37 32 50 7 30 47 27 50 28 17 21 22 32 6 49 17 33 22 35 10 39 30 51 30 47 17 19 18 9 15 48 53 21 8 43 39 43 15 29 46 31 37 29 17 42 39 19 21 14 44 51 35 22 17 19 24 17 31 23 12 32 38 20 41 7 10 49 17 43 23 32 29 26 46 33 51 35 24 20 15 19 43 56 19 17 34 8 22 37 8 35 37 55 29 34 26 13 24 19 11 40 20 54 10 15 47 27 31 33 30 42 37 29 29 27 38 11 30 44 23 18 33 14 19 31 13 31 19 31 46 42 31 38 37 15 35 53 40 2 39 28 26 40 21 17 17 21 20 33 25 13 36 9 16 20 47 59 50 9 8 40 48 22 30 31 11 17 34 35 40 22 44 19 3 22 55 16 43 39 10 45 0 41 15 28 14 19 12 14 8 20 27
48 54 16 71 13 48 60 20 55 51 29 58 53 15 29 49 39 41 28 27 1 22 45 15 63 47 34 31 38 7 41 60 61 31 26 36 47 42 37 29 33 27 10 8 45 32 34 22 41 30 42 8 26 43 51 31 13 22 41 11 2 18 29 12 16 48 13 56 54 49 54 52 66 27 21 56 36 32 44 40 40 41 37 14 37 19 47 9 13 40 50 48 29 21 22 25 50 19 25 10 14 40 51 42 7 52 46 46 26 10 54 17 45 69 9 62 56 1 26 30 37 43 39 56 13 42 53 13 53 23 24 33 20 26 25 43 16 11 52 63 21 49 34 42 40 45 23 44 27 29 5 30 35 56 53 49 30 46 32 41 69 45 28 47 68 28 39 28 43 27 33 41 35 19 47 40 58 15 5 37 33 53 30 49 18 2 60 34 41 31 37 38 55 28 37 48 32 18 50 11 44 57 51 25 14 65 19 25 36 56 55 43 14 45 45 45 42 30 29 8 42 59 41 48 27 46 37 5 45 48 46 24 15 37 48 6 14 45 8 61 45 21 44 45 24 9 29 41 39 3 15 45 31 56 15 27 34 49 62 35 39 9 31 37 31 57 19 41 29 8 18 33 36 63 52 32 16 43 51 33 47 27 28 36 7 14 54 45 67 58 9 35 32 8 49 12 22 30 23 51 61 42 27 37 16 55 14 51 67 22 34 20 23 26 34 44 44 29 23 33 46 48 8 28 40 28 56 17 16 14 15 40 8 57 26 42 28 3 26 66 25 26 40 26 38 11 51 43 36 61 36 15 48 51 45 35 52 32 59 58 22 36 9 32 14 48 34 31 39 51 38 47 39 19 49 48 58 38 15 56 41 14 58 44 53 18 50 48 14 23 35 39 32 12 46 25 11 51 13 64 15 27 44 45 48 21 38 22 43 30 31 31 31 51 12 23 11 5 12 18 66 18 27 8 38 34 43 60 14 52 14 36 50 25 47 24 53 25 45 66 33 42 34 21 44 11 50 39 39 44 20 53 54 52 26 49 42 43 59 51 49 42 40 43 52 4 34 35 39 41 0 53 47 37 31 51 32 34 22 18
64 34 66 28 59 34 24 35 14 21 46 17 5 45 40 22 38 55 28 42 52 37 19 40 17 41 37 51 18 60 20 17 28 41 35 18 51 47 18 25 38 34 44 60 54 29 20 56 34 31 22 46 47 25 13 37 49 47 33 52 53 37 47 44 43 45 56 25 1 14 22 29 25 37 50 13 55 56 32 22 59 32 22 55 28 52 32 47 57 55 24 42 55 47 36 45 26 38 49 63 53 47 5 24 60 32 23 9 37 63 24 41 13 27 61 20 19 53 34 24 21 39 29 27 55 22 24 46 20 31 56 31 34 42 41 37 42 50 25 26 33 23 31 20 56 33 34 17 47 25 52 25 28 29 34 28 53 18 37 14 28 15 37 35 25 26 28 52 11 36 24 14 55 35 20 17 22 39 53 36 26 5 28 25 47 52 13 59 13 36 59 33 3 26 35 15 39 43 14 49 30 18 18 29 52 25 42 35 36 18 18 35 39 31 10 12 12 32 38 60 33 15 14 59 30 8 43 51 43 49 45 30 49 23 9 48 53 9 52 26 40 43 10 40 30 62 44 17 16 56 43 26 58 26 54 50 26 12 23 42 26 54 27 40 44 6 35 18 31 47 48 22 48 18 19 33 38 47 17 25 13 40 48 37 58 41 29 17 25 22 61 21 34 58 22 63 42 25 35 13 21 12 55 30 42 11 44 12 28 38 55 39 55 30 24 16 20 25 56 59 32 13 56 44 44 26 21 55 45 50 42 18 52 32 29 20 26 56 58 23 31 31 32 38 30 43 32 12 33 28 34 50 9 10 49 31 40 28 21 18 35 49 46 57 49 19 25 29 32 39 60 14 30 43 12 33 29 22 48 30 58 40 25 23 4 37 10 6 54 33 58 23 23 58 24 38 46 25 56 26 40 35 24 37 7 38 46 37 16 37 23 33 35 3 44 31 43 58 55 40 27 46 29 48 57 44 14 30 41 18 49 35 25 29 16 34 28 39 11 24 22 16 34 54 61 63 10 22 41 48 36 23 23 5 31 29 35 40 9 42 13 13 22 58 23 54 42 24 47 15 53 0 24 19 26 3 22 22 32 37
41 53 62 25 47 10 14 29 14 41 28 15 20 45 23 2 16 34 21 26 47 41 36 33 21 18 18 33 17 54 34 17 15 22 22 21 28 25 15 27 48 41 38 53 32 37 22 41 13 39 7 40 30 40 12 20 49 32 11 42 46 38 29 36 44 22 45 9 25 33 7 48 20 22 36 15 34 37 9 35 38 46 13 43 40 38 49 44 46 34 43 19 37 33 39 29 45 29 32 57 52 25 26 39 52 50 2 26 43 57 8 31 30 23 55 17 11 47 39 23 14 16 9 9 44 37 6 36 8 29 39 41 31 48 46 14 42 48 44 16 32 3 42 7 35 49 25 33 30 23 49 23 39 10 11 5 35 35 47 18 23 32 44 12 22 23 41 34 23 22 17 16 36 32 5 15 12 37 45 48 15 27 35 43 34 46 19 40 25 19 39 13 27 27 47 34 20 31 11 39 8 13 8 29 52 19 45 40 16 12 11 13 35 8 26 14 20 18 46 54 47 17 17 37 36 22 22 47 20 26 22 28 50 11 15 43 41 23 49 14 17 29 20 17 26 56 26 31 19 49 33 3 40 9 41 33 14 13 16 22 9 44 34 19 25 23 34 32 38 40 50 27 27 19 7 42 32 25 37 33 12 24 31 17 49 34 9 8 22 13 54 30 17 48 3 59 46 21 38 12 15 23 38 43 32 15 34 33 20 26 36 28 39 33 15 10 37 24 40 40 48 32 52 27 23 26 10 41 46 51 42 13 43 13 25 8 29 50 41 21 24 35 45 44 43 40 51 17 14 14 46 37 28 31 26 42 17 16 13 14 25 28 42 38 49 5 15 37 45 16 40 11 43 30 32 50 11 34 49 11 37 35 11 4 27 35 14 21 54 35 39 36 20 47 2 24 44 4 55 18 33 21 3 13 20 27 25 40 11 20 22 42 18 22 42 28 39 51 54 30 20 33 32 45 37 24 29 13 39 9 38 47 44 28 8 37 7 45 17 21 29 13 45 39 39 58 30 34 20 26 37 6 8 27 36 6 13 17 22 18 12 25 9 36 43 46 23 34 26 28 47 24 0 16 18 24 21 30 31 30
49 39 51 35 41 24 26 17 20 28 29 23 17 31 23 17 23 40 10 24 36 26 22 22 27 30 21 34 1 44 19 24 29 24 17 5 37 33 1 11 32 25 27 43 40 21 6 39 21 23 11 29 29 25 15 21 35 29 20 35 36 24 30 26 29 33 38 23 20 21 20 34 31 19 33 20 38 38 20 20 43 31 5 37 24 34 34 32 40 39 30 31 38 30 24 27 31 20 31 47 39 32 18 24 43 36 14 15 27 47 22 23 17 34 45 26 21 36 23 8 4 25 15 25 37 22 21 28 19 15 38 25 18 33 31 24 28 35 31 29 18 18 26 9 40 34 16 19 29 9 37 8 23 26 27 21 36 22 31 6 34 19 28 25 33 9 25 34 11 18 7 5 39 19 14 3 24 24 36 32 8 20 19 29 29 35 23 42 11 19 42 18 21 12 31 21 22 25 15 31 19 21 17 14 38 30 30 25 20 21 20 23 23 21 14 9 8 14 30 44 32 22 5 45 20 12 28 35 30 36 33 14 36 8 12 32 35 12 37 27 27 24 10 28 13 46 27 16 4 39 25 17 41 24 36 33 9 13 27 26 12 36 18 25 27 21 20 17 22 30 35 11 32 27 18 26 21 33 25 17 10 22 31 21 41 24 25 10 32 24 44 14 17 40 17 48 31 8 22 15 26 10 37 27 24 18 26 22 33 20 38 21 37 18 6 9 22 9 38 41 33 20 40 27 30 11 22 37 32 37 28 5 35 29 12 8 13 40 40 30 13 19 29 28 27 28 36 7 18 29 30 32 17 21 35 26 31 10 25 23 17 33 30 39 35 14 7 21 29 30 43 11 27 25 20 35 27 19 35 27 42 24 25 14 20 22 14 13 40 20 41 21 5 40 16 20 31 20 42 30 23 17 15 25 12 20 30 25 7 20 7 26 18 16 29 15 27 41 41 22 32 28 16 32 41 27 15 29 26 17 31 31 30 13 12 22 23 30 9 31 13 5 29 37 45 47 19 19 27 34 22 20 21 19 20 22 22 27 22 31 13 12 9 42 29 37 26 18 32 14 37 19 16 0 7 17 5 14 17 19
43 43 46 40 34 23 30 12 25 34 22 28 24 28 17 19 19 34 3 18 30 24 27 16 32 27 15 28 8 38 23 29 32 18 10 9 33 28 8 11 32 25 21 37 34 23 10 32 18 23 12 24 22 29 20 15 31 22 17 28 30 20 23 20 26 30 32 26 27 27 24 39 35 12 26 25 32 32 19 24 37 33 6 30 26 27 37 27 33 33 34 28 31 23 22 20 36 13 24 41 35 27 25 28 37 40 16 21 27 41 25 16 23 39 39 31 25 30 23 7 6 22 13 27 31 27 23 22 23 12 31 26 14 32 30 21 24 31 36 33 14 20 27 12 34 37 9 24 23 7 32 7 25 27 27 21 29 27 31 13 39 24 28 23 37 5 28 28 17 11 2 12 32 14 17 10 28 19 30 33 3 27 19 34 22 30 29 35 17 13 36 14 28 11 32 27 16 18 20 24 17 26 21 12 34 34 27 23 16 25 25 20 18 19 21 15 15 8 30 38 34 28 12 39 20 19 22 30 27 32 29 11 32 7 18 26 28 19 32 31 24 17 17 25 9 40 21 21 11 34 19 17 34 26 29 26 4 18 32 20 11 30 19 20 21 28 17 22 22 24 32 14 26 32 22 27 15 29 31 18 16 16 24 16 34 18 26 14 37 28 38 17 12 34 19 42 29 5 21 21 30 16 30 29 18 24 20 28 37 13 32 14 30 17 3 14 27 8 31 35 37 26 35 20 25 10 25 30 28 33 25 9 28 30 8 11 13 34 33 35 7 19 32 27 30 23 40 14 14 31 31 25 24 27 31 27 29 4 29 27 10 27 25 33 32 18 4 21 31 28 37 17 30 18 26 39 29 22 31 28 36 18 28 15 27 18 20 20 36 18 35 25 5 33 17 13 27 22 37 34 17 10 15 22 19 13 25 23 12 14 6 26 13 23 24 11 22 35 37 15 36 21 16 28 35 22 21 31 22 22 24 32 35 11 16 21 24 29 16 36 15 11 30 30 40 42 26 23 22 30 20 23 24 26 20 22 19 23 29 29 19 18 10 37 35 31 20 20 27 19 31 26 18 7 0 24 6 16 14 13
63 32 64 30 56 34 25 32 16 19 45 19 6 42 39 23 37 54 26 40 50 35 17 37 19 41 36 50 16 58 17 18 29 39 33 16 50 47 17 22 35 32 41 58 53 26 17 55 34 28 21 43 45 22 13 36 47 45 32 50 50 35 46 41 40 45 54 26 4 12 23 27 27 35 49 15 53 54 31 19 58 30 20 53 25 49 30 44 55 54 23 42 53 46 33 43 25 36 47 61 50 46 3 21 57 30 22 6 34 60 25 39 10 29 59 21 20 50 31 21 19 38 28 28 53 19 25 44 21 28 54 28 32 40 38 36 39 47 23 28 30 23 28 19 55 31 32 14 45 23 50 22 25 30 34 28 52 16 34 11 30 13 34 35 27 24 25 50 9 34 23 13 54 32 20 15 23 37 50 33 24 4 25 23 45 49 16 58 10 35 57 32 4 23 32 12 37 41 14 46 30 19 19 26 49 26 40 32 35 19 19 35 37 31 8 11 10 30 35 57 30 16 12 58 27 6 42 48 43 48 45 27 46 22 9 45 51 6 49 27 39 41 7 40 27 60 43 14 14 54 41 26 57 27 52 48 24 12 25 40 25 51 24 39 42 9 33 15 28 44 45 19 47 21 20 30 36 46 15 22 13 38 46 35 56 39 30 17 27 23 59 18 33 55 22 60 39 23 32 14 23 9 53 28 40 13 42 10 29 35 54 37 53 27 22 15 18 22 54 57 30 10 53 42 43 23 22 53 42 48 40 16 50 33 26 19 23 53 56 25 29 28 29 35 27 41 31 11 32 30 31 48 7 9 48 28 40 26 23 20 33 48 43 55 46 19 23 26 29 39 59 13 27 41 10 31 30 19 45 31 57 37 26 23 4 34 11 4 51 30 57 20 21 55 24 36 43 25 53 28 38 33 24 36 5 36 45 34 15 36 21 30 34 3 41 28 40 56 52 38 28 44 26 45 56 42 11 32 38 18 47 32 24 26 16 31 28 37 9 26 19 14 31 53 60 60 8 19 40 48 33 23 24 4 28 30 34 39 11 42 13 10 21 57 21 52 41 21 46 12 51 3 24 17 24 0 20 19 29 34
49 37 46 40 37 27 31 13 25 28 28 28 22 26 22 21 24 40 7 23 31 21 21 18 32 32 21 33 6 39 17 29 34 23 15 4 39 34 6 7 28 21 22 39 40 18 4 36 23 19 15 25 27 23 20 20 30 26 22 31 31 19 29 22 24 35 35 28 23 22 25 33 36 17 30 25 37 37 23 18 42 28 8 34 21 31 32 27 36 39 29 33 36 27 19 25 30 17 29 42 34 32 21 22 39 35 19 17 23 42 27 20 18 39 40 31 26 32 19 3 8 27 17 29 34 21 25 25 24 10 35 21 13 28 26 26 23 30 30 34 13 22 22 14 40 31 13 19 28 4 32 3 19 30 31 25 35 21 27 9 39 19 24 27 38 5 23 33 13 16 6 9 38 14 19 8 29 19 32 28 9 23 15 28 26 31 28 41 12 19 41 20 24 7 27 22 22 22 20 27 22 26 22 9 33 35 25 20 21 26 25 25 19 24 16 14 11 13 26 39 29 27 9 45 16 15 28 30 32 38 34 9 31 11 16 27 32 14 32 32 29 22 13 30 9 41 26 15 7 35 22 20 39 29 33 31 9 17 32 26 15 32 14 26 26 26 15 16 17 26 31 8 32 32 23 23 17 34 25 13 15 21 29 22 37 19 29 15 37 29 40 11 17 36 21 43 26 3 18 20 31 12 35 24 21 23 23 23 38 17 37 18 34 13 7 14 21 4 35 40 31 21 35 26 30 6 26 34 27 32 23 9 31 33 7 13 9 35 38 35 9 15 26 24 24 23 35 11 19 33 26 28 19 22 36 22 33 10 30 28 14 33 25 38 30 19 8 17 26 33 43 16 25 22 21 33 31 16 30 31 42 19 30 18 23 17 19 17 35 15 40 19 2 36 20 18 26 24 37 35 19 15 19 27 16 17 31 20 12 20 2 22 18 19 24 10 22 37 36 19 37 25 12 28 40 27 16 33 21 22 28 27 29 8 17 17 27 25 13 36 9 10 25 34 45 42 21 17 28 35 17 25 26 21 16 25 24 29 27 34 18 13 13 42 29 33 26 15 32 14 32 22 21 5 6 20 0 11 12 15
58 27 46 46 42 37 38 18 30 19 37 33 23 24 32 29 35 49 16 32 33 16 12 23 35 42 31 42 14 41 8 34 41 33 24 10 49 44 15 7 19 14 25 41 50 9 8 43 34 10 24 27 36 13 25 30 28 34 32 36 34 17 38 27 22 45 40 36 23 16 33 23 41 27 37 29 47 46 33 8 52 18 18 39 11 37 21 27 41 49 19 43 44 35 15 34 20 23 37 43 32 43 19 12 41 25 28 14 16 43 35 26 12 44 42 36 33 34 13 10 17 38 27 38 39 11 34 30 31 13 43 12 16 22 20 37 21 29 21 41 13 30 12 23 49 21 20 11 37 11 32 10 10 39 40 34 43 13 18 13 45 11 16 37 43 13 13 41 11 25 17 15 47 17 27 15 35 20 35 19 19 20 7 19 32 32 32 50 9 29 50 30 22 8 18 14 32 28 25 32 32 32 29 11 31 41 21 14 32 32 32 35 21 34 12 19 13 23 18 40 19 32 14 55 9 15 38 31 43 48 44 12 28 20 20 29 37 13 31 39 39 30 14 40 13 43 35 7 12 37 27 30 48 37 38 40 20 23 38 36 25 37 5 36 36 27 16 8 10 29 27 3 42 36 30 14 21 44 18 4 21 30 38 32 40 24 38 23 42 36 42 1 28 40 30 43 21 13 14 26 37 10 43 14 26 27 28 18 44 25 46 25 42 9 17 21 12 10 43 49 21 15 35 35 40 9 33 40 24 29 22 18 35 42 13 22 7 36 45 40 17 10 16 17 14 24 25 15 30 41 17 35 15 17 47 13 44 20 36 33 21 42 26 47 28 27 18 8 16 43 52 22 14 29 16 23 40 6 27 39 51 21 37 27 21 17 23 18 33 12 49 9 12 41 29 26 25 32 35 41 23 25 28 37 17 24 41 15 20 29 10 13 28 20 24 13 24 39 34 25 43 32 8 28 50 37 10 42 20 29 33 18 20 11 24 13 36 19 17 41 2 18 16 41 55 42 16 7 38 46 15 33 34 19 10 35 35 39 29 44 24 10 22 52 20 36 36 5 42 8 34 22 30 14 16 19 11 0 12 20
51 37 35 52 30 36 42 8 36 31 28 39 32 15 24 32 30 42 12 24 21 10 24 11 43 39 25 33 18 29 20 40 45 26 17 15 43 38 18 7 21 13 13 29 43 13 13 32 31 13 25 15 27 23 31 24 19 24 30 24 22 7 29 15 13 41 28 39 33 28 36 34 47 19 27 36 38 37 32 19 43 25 19 27 19 26 30 16 29 41 30 40 35 24 8 25 31 13 27 32 23 36 29 22 29 34 29 25 14 31 38 15 24 50 30 43 37 22 10 10 18 34 26 40 27 22 36 19 35 2 32 16 4 19 17 34 11 19 32 45 1 33 17 25 41 29 12 23 27 9 21 9 16 41 40 34 34 25 20 20 51 23 15 35 49 9 21 32 21 18 15 20 38 5 30 20 40 8 23 23 17 31 10 29 22 20 39 40 19 23 42 27 33 6 23 26 25 18 31 20 31 38 33 3 22 47 14 11 27 37 37 33 9 33 23 25 21 18 18 29 26 39 20 48 9 24 32 20 38 43 40 4 19 20 27 17 25 23 20 43 36 20 23 37 5 31 27 19 18 25 16 30 38 39 27 30 18 29 44 30 24 25 10 31 28 36 4 20 11 17 19 11 34 43 34 17 9 39 30 12 27 22 29 27 28 12 39 26 48 40 30 13 22 28 32 32 16 10 8 32 42 20 33 20 15 34 17 30 49 15 37 15 31 5 16 25 23 8 32 39 29 27 24 26 35 7 38 28 15 20 12 21 23 43 7 24 7 25 35 47 10 7 23 15 21 12 34 22 26 44 21 23 26 29 41 18 42 17 41 39 12 35 14 37 19 30 17 12 22 41 43 28 22 18 28 31 42 17 19 41 43 9 41 28 32 5 30 27 24 5 40 19 12 29 30 18 15 35 25 46 11 18 29 35 26 15 35 9 24 23 10 15 22 29 13 3 12 27 25 14 48 21 6 17 41 30 22 44 10 34 22 22 31 4 28 8 37 16 24 48 12 22 19 30 47 31 28 18 33 40 7 36 37 30 8 35 32 35 38 42 30 20 23 44 32 24 29 14 36 20 22 32 31 17 14 29 12 12 0 9
43 45 33 53 23 32 42 2 38 39 20 40 36 18 17 31 25 34 10 16 18 17 32 4 45 34 19 25 20 25 28 42 44 19 11 19 36 31 20 14 29 20 8 25 36 22 18 23 26 21 25 11 18 32 33 18 20 15 25 17 17 12 21 8 17 36 20 38 38 35 36 42 48 13 18 38 30 28 28 27 35 33 19 20 27 18 39 15 22 33 39 35 26 15 15 16 39 4 19 28 24 29 35 30 24 43 28 31 22 28 37 6 31 51 26 44 38 18 18 14 19 29 22 39 19 31 35 11 35 8 24 25 6 25 23 29 15 19 40 45 8 32 26 25 33 38 6 30 19 12 19 13 25 39 37 32 25 33 28 24 51 31 23 31 50 11 29 23 27 11 15 23 30 5 29 22 40 8 17 31 15 37 19 38 13 17 42 32 26 16 33 22 38 13 31 34 19 9 33 13 27 39 34 10 23 47 19 19 22 38 37 28 7 29 30 28 25 13 25 25 35 41 24 40 18 29 25 18 33 37 34 9 22 20 30 13 18 29 20 43 31 11 27 32 7 27 19 27 21 21 8 28 29 39 19 22 16 31 44 23 22 18 19 25 21 40 9 27 20 11 23 18 26 45 34 25 3 32 37 20 29 15 20 22 22 5 37 27 49 41 26 21 17 21 32 29 21 12 15 34 43 26 25 29 7 37 9 37 49 8 29 6 22 14 16 26 31 13 23 30 38 34 23 18 28 13 38 20 18 22 14 22 16 41 9 24 14 21 26 48 7 15 32 22 30 10 42 25 21 44 29 15 33 36 34 27 37 14 42 40 6 27 12 29 21 30 16 20 31 36 35 29 30 10 35 40 40 25 21 39 35 6 40 27 37 9 33 32 25 13 32 28 14 22 29 11 15 34 26 47 4 12 27 30 31 7 27 16 25 17 14 24 17 34 13 8 9 22 25 5 49 12 14 15 33 23 29 43 11 34 14 30 39 10 29 15 35 22 27 49 19 24 27 22 39 29 34 26 27 33 13 35 37 36 17 33 27 30 41 37 32 27 22 36 40 18 22 22 29 27 18 37 30 19 13 34 15 20 9 0
