8 1500 545
94 81 79 92 93 91 85 67
315 588 315 858
249 1034 249 1250
441 430 273 474
318 576 318 759
358 923 11 998
90 870 90 1156
37 832 37 1091
496 547 201 591
45 315 45 552
282 751 282 1006
441 879 441 1152
271 835 271 1071
22 855 22 1063
25 746 374 805
49 327 49 599
248 1048 248 1265
42 705 376 790
185 906 185 1168
152 445 166 487
113 980 377 1049
57 946 465 1009
375 420 375 627
514 714 460 789
285 793 429 887
50 824 155 885
524 938 524 1166
146 532 146 821
312 829 312 1036
187 713 419 755
290 771 290 1052
173 770 173 962
528 962 528 1221
168 856 168 1146
367 993 316 1013
95 731 95 948
352 964 352 1176
24 573 472 638
216 1190 216 1474
396 765 396 1013
80 728 80 994
355 683 493 723
213 736 213 920
127 561 127 822
49 1059 49 1253
180 995 105 1072
381 856 453 906
347 786 347 975
246 521 246 767
399 939 518 1003
116 1146 116 1370
493 914 493 1192
470 768 307 820
215 1187 215 1444
289 934 289 1117
517 908 372 924
345 430 452 496
85 1064 85 1269
386 459 136 513
258 463 63 515
440 347 440 552
340 1046 415 1113
418 1017 418 1304
180 454 291 536
328 864 328 1104
196 1168 196 1376
44 535 44 751
175 818 507 866
378 409 378 604
500 307 500 507
29 945 29 1217
532 625 532 884
320 307 320 540
44 521 201 600
466 1200 466 1418
39 305 39 541
254 638 254 840
337 662 210 716
404 1119 404 1394
500 505 500 702
400 666 65 719
65 1118 65 1363
498 1195 498 1416
206 768 206 1067
406 674 541 754
492 684 492 914
359 913 215 975
272 615 272 836
147 1087 147 1359
473 388 473 634
340 780 340 987
469 818 469 1041
368 529 368 820
47 820 47 1077
524 490 251 553
35 1197 35 1405
98 475 389 522
139 797 139 1084
77 512 77 764
271 957 309 993
241 358 241 647
286 880 286 1157
352 334 352 560
80 760 259 818
19 946 87 1014
514 676 514 975
533 441 230 480
471 901 471 1189
134 863 336 903
488 1039 386 1107
221 733 221 971
513 678 513 947
140 487 325 526
458 1197 458 1477
366 437 209 499
124 733 290 790
467 903 467 1151
541 757 541 1027
241 1048 248 1084
335 682 335 933
93 527 93 768
344 460 344 645
409 679 19 720
378 438 378 685
363 708 59 766
298 1048 88 1097
323 718 323 935
485 1136 485 1348
422 446 83 494
203 951 203 1151
227 598 452 665
386 713 386 941
334 930 334 1137
96 769 96 983
249 794 249 1091
309 659 309 883
228 951 228 1170
350 953 350 1181
305 679 147 740
237 730 355 809
98 1061 339 1116
457 1023 114 1081
501 1094 501 1278
334 687 334 917
409 1002 409 1233
299 1061 299 1350
272 734 272 990
191 629 410 676
393 304 393 521
256 505 256 705
429 994 429 1285
507 903 507 1201
112 767 112 971
288 917 288 1167
193 1129 193 1364
367 874 216 926
367 1090 367 1302
207 457 166 512
525 501 525 787
406 370 406 581
417 1050 417 1280
412 1082 412 1349
158 708 158 986
271 789 412 826
438 1035 34 1086
154 601 154 824
229 848 229 1061
245 920 245 1134
307 303 307 558
252 767 514 854
382 501 382 687
84 552 84 798
265 1036 265 1328
453 720 64 772
433 524 195 601
107 550 391 621
446 1100 446 1312
216 555 510 624
412 1048 321 1100
376 901 265 943
451 782 14 858
397 872 298 935
222 444 296 502
91 978 91 1194
188 750 20 803
276 1088 276 1285
129 926 129 1147
213 457 65 536
57 1200 57 1423
296 618 296 902
65 641 245 716
256 425 524 493
163 417 163 706
518 850 309 899
463 735 463 950
524 1040 524 1287
283 1008 442 1034
333 867 372 935
485 886 434 964
52 436 262 516
521 921 521 1138
282 1065 21 1128
455 697 243 733
71 930 71 1199
281 740 281 1017
110 1024 250 1050
308 580 308 779
130 872 525 921
372 770 372 1054
523 332 523 536
402 1140 402 1330
234 1096 234 1299
419 513 73 578
239 1050 361 1125
342 499 342 734
407 581 407 807
194 901 51 943
181 1065 281 1144
413 839 413 1095
125 354 125 575
393 1075 190 1148
350 1047 350 1309
294 323 294 574
65 388 65 589
22 1127 22 1420
238 922 238 1122
93 643 93 838
53 1052 53 1276
101 677 443 717
452 1027 452 1215
72 454 72 696
329 787 329 993
65 874 65 1082
382 646 382 904
478 831 134 875
373 458 521 486
417 479 417 765
206 574 527 680
278 335 278 518
172 541 520 582
376 601 230 625
279 944 349 993
456 1051 118 1086
100 511 370 575
224 875 224 1151
326 592 326 833
278 953 278 1216
345 476 345 673
454 507 454 700
115 949 309 997
466 606 466 872
232 406 232 686
347 677 347 922
382 335 382 619
300 738 300 988
529 972 49 1039
374 1151 374 1412
536 644 383 737
446 983 248 1026
321 885 321 1126
28 344 28 636
399 1022 351 1091
409 893 409 1080
342 335 342 628
404 830 305 846
9 424 9 610
430 793 430 976
328 1047 182 1137
524 1045 524 1295
269 547 67 622
27 670 27 936
525 1036 525 1043
302 1035 302 1317
352 701 352 944
420 638 420 885
117 447 378 524
436 705 436 960
470 758 450 813
431 520 188 550
494 679 239 775
440 618 440 903
272 577 272 841
475 744 475 1011
183 821 183 1101
224 457 111 496
290 809 240 880
470 1027 365 1068
369 636 205 671
469 951 469 1210
170 733 170 916
296 963 464 1009
134 1134 134 1417
492 941 492 1148
210 724 210 1024
120 555 120 785
244 548 244 841
255 515 255 764
513 399 513 593
522 618 111 643
289 536 289 814
157 598 155 654
307 891 307 1148
507 528 218 610
477 896 539 951
235 978 428 1051
33 989 33 1193
522 670 522 922
457 437 457 720
88 1006 88 1193
102 1084 102 1372
344 901 344 1086
221 714 221 902
139 312 139 584
425 1158 425 1412
203 984 115 1026
371 788 400 846
330 908 130 937
247 637 281 677
288 1002 288 1281
401 687 401 872
349 1171 349 1387
412 1050 182 1134
45 571 45 857
291 852 530 926
267 1051 11 1140
171 676 171 947
283 653 283 870
214 467 481 528
73 705 73 978
174 579 543 639
531 983 531 1281
417 897 417 1175
52 812 52 1041
523 939 523 1167
420 455 420 662
355 611 355 863
192 1118 192 1385
494 1199 494 1451
414 676 287 708
322 584 322 854
495 857 172 896
264 545 264 799
339 495 339 740
76 741 25 801
496 318 496 576
297 1096 297 1330
115 468 115 662
485 1027 485 1257
155 1033 486 1057
66 902 133 989
149 369 149 591
60 1193 60 1427
478 1066 49 1100
106 1061 326 1125
265 471 269 560
28 575 464 638
505 585 505 839
173 349 173 608
513 669 513 881
156 696 156 994
25 1074 282 1159
543 1061 26 1127
482 637 443 699
454 995 269 1029
489 973 100 998
72 467 15 515
407 841 233 894
153 802 153 1089
205 1020 205 1255
19 670 19 933
172 823 172 1014
411 472 411 666
183 1073 528 1120
336 504 161 575
460 729 460 1014
156 596 156 826
405 385 405 652
370 1028 370 1240
544 633 544 849
142 462 142 678
440 1031 464 1061
96 435 27 460
203 885 203 1164
407 785 407 983
194 667 194 949
425 429 425 690
181 1165 181 1454
472 379 472 677
468 426 468 617
101 593 101 848
531 699 531 956
534 555 184 614
368 1028 190 1088
169 1112 169 1361
538 796 538 1003
378 993 471 1062
222 843 222 1025
181 1198 181 1477
182 311 182 545
534 661 531 685
479 912 472 952
390 1049 390 1268
381 1034 59 1073
78 1085 78 1295
186 1000 424 1050
194 1076 203 1109
520 837 60 893
506 901 506 1085
338 867 96 938
27 910 205 980
85 1062 270 1115
464 702 440 749
492 309 492 542
371 725 164 773
252 525 252 707
13 1030 13 1313
313 1197 313 1406
268 326 268 612
199 564 199 761
203 338 203 522
476 629 183 682
273 703 273 915
510 544 510 763
335 1068 461 1108
476 333 476 586
185 971 185 1181
430 748 362 836
536 1067 265 1125
538 611 538 829
81 1133 81 1337
420 584 351 619
473 774 67 827
210 1109 210 1408
367 1176 367 1394
250 947 250 1187
43 1031 43 1301
403 1146 403 1341
163 582 163 780
68 444 359 463
536 852 530 917
515 436 515 714
475 576 475 857
71 552 466 631
200 1027 200 1276
266 910 266 1152
186 834 177 863
162 1171 162 1435
72 759 72 1015
446 978 509 1022
430 803 430 1021
204 1089 204 1347
306 864 483 915
115 1119 115 1384
478 667 478 934
500 1011 401 1102
365 999 251 1052
328 991 328 1189
337 932 337 1160
323 461 323 724
56 627 526 692
523 660 514 744
463 406 463 704
314 524 97 589
225 988 225 1280
55 1008 425 1058
101 816 101 1000
310 1062 488 1145
26 1005 26 1217
326 1052 326 1280
544 966 225 1015
117 665 105 693
140 597 156 624
151 461 115 502
535 869 316 906
140 540 140 800
368 1179 368 1476
210 509 304 579
490 453 490 702
516 1056 516 1265
29 656 19 710
327 396 327 596
208 1012 31 1063
499 624 527 682
151 863 151 1090
463 846 57 906
275 878 189 936
246 738 246 939
175 943 69 967
163 880 16 933
351 1185 351 1467
180 769 180 1019
135 368 135 615
229 1039 467 1069
367 914 367 1169
434 957 434 1173
63 333 63 525
30 847 482 883
225 629 351 689
336 868 497 917
213 1031 213 1304
189 808 189 1077
355 843 407 886
265 802 385 829
278 825 212 859
366 334 366 534
76 816 489 877
255 801 66 829
464 885 464 1183
470 817 470 1001
316 782 316 1029
498 1091 498 1327
499 860 499 1087
97 310 97 603
528 1017 310 1057
452 619 452 891
374 685 391 765
142 569 95 608
406 435 79 459
85 323 85 518
235 406 235 667
131 633 539 679
337 847 173 915
309 528 379 564
403 1001 450 1062
464 484 464 691
180 1101 180 1305
218 734 218 979
248 685 75 756
36 317 36 595
388 511 388 808
492 1140 492 1353
29 432 145 494
86 832 86 1019
47 836 47 1044
408 848 408 1106
342 924 342 1131
455 1140 455 1401
211 878 355 917
419 497 92 549
408 571 408 837
488 1041 352 1094
462 843 46 932
10 543 10 760
458 337 458 521
446 1014 446 1210
517 491 381 559
283 843 463 894
451 354 451 581
78 1194 78 1494
149 574 149 816
193 784 193 1024
186 862 186 1043
544 324 544 621
414 614 237 680
355 444 355 687
360 884 360 1068
426 998 164 1055
452 1100 452 1336
283 722 283 955
273 670 273 873
489 689 489 951
486 592 486 819
202 343 202 531
384 1055 384 1318
77 478 521 540
69 731 69 1019
538 649 538 945
350 1073 350 1326
57 749 57 1006
495 1200 495 1444
218 915 48 1004
90 1074 72 1098
329 453 329 700
307 764 307 1036
209 630 209 872
471 433 471 727
87 880 297 945
336 835 336 1073
247 958 395 1005
486 1130 486 1319
243 1044 243 1302
111 629 38 674
452 701 452 965
535 660 535 854
541 831 541 1055
521 519 521 719
396 347 396 557
277 813 85 858
166 947 326 1023
28 620 19 648
337 370 337 666
285 1033 371 1098
399 873 131 921
208 897 208 1096
240 436 234 506
64 1171 64 1389
190 1135 190 1347
490 1002 490 1208
253 710 253 897
513 1000 513 1230
73 1005 73 1278
249 486 249 701
344 1021 400 1079
500 574 500 784
332 428 332 724
145 628 172 715
53 310 53 530
434 391 434 629
173 990 173 1284
418 1060 400 1124
27 759 27 1031
358 726 494 744
122 990 166 1037
275 787 275 1012
428 881 401 952
374 544 374 753
464 728 335 793
185 627 185 810
58 506 58 711
289 1155 289 1372
271 907 271 1207
197 963 197 1144
138 605 264 660
409 385 409 648
118 422 127 486
250 920 250 1118
351 1017 77 1059
223 872 226 944
58 720 398 803
449 693 449 975
253 1079 253 1289
531 821 73 889
313 898 313 1126
358 570 211 627
193 624 431 668
534 1061 534 1295
475 1062 72 1146
446 905 269 970
89 429 89 615
513 577 86 661
244 373 244 591
59 561 59 778
71 461 71 695
167 737 68 786
329 763 329 1018
361 777 329 856
406 616 105 678
353 1082 353 1365
228 1028 468 1122
88 528 88 773
284 446 80 529
436 686 436 949
93 681 227 766
528 527 528 709
117 906 186 942
414 687 414 966
195 600 195 831
258 949 150 1026
513 1102 513 1400
168 831 168 1067
460 727 460 918
491 1090 491 1316
246 419 246 673
236 1163 236 1415
404 430 333 504
94 900 83 977
400 333 400 555
282 688 282 942
173 1193 173 1444
74 486 302 502
220 1060 302 1111
241 614 121 674
161 945 344 1001
39 946 39 1220
388 636 388 830
316 443 402 499
347 654 80 726
434 1001 327 1040
75 572 75 858
369 1140 369 1433
168 885 168 1165
266 661 266 906
81 822 419 875
491 463 380 534
163 476 229 530
350 464 318 519
131 602 131 835
403 1055 475 1088
350 1100 350 1299
497 1072 497 1280
292 767 292 1023
507 314 507 524
46 1176 46 1374
543 636 543 926
52 885 52 1114
288 938 93 1016
381 943 505 1034
247 864 247 1145
352 371 352 665
36 438 35 488
268 787 268 1070
110 770 28 830
28 506 28 748
91 631 330 676
531 994 531 1197
267 482 422 562
531 999 531 1180
367 590 118 638
155 1001 429 1015
163 693 163 960
303 924 303 1127
335 1011 337 1058
49 677 49 864
141 948 141 1161
504 750 504 953
418 436 418 734
152 674 537 728
372 1059 163 1118
492 1075 533 1106
39 845 184 883
452 565 452 841
247 998 247 1240
32 1062 400 1124
333 686 333 946
39 812 39 1010
301 976 332 1034
507 583 507 786
334 1042 37 1126
419 880 258 935
460 423 460 717
163 306 163 496
527 862 527 1160
130 737 93 800
499 459 152 494
80 1134 80 1339
218 693 134 766
407 447 407 669
327 720 316 771
416 928 149 950
207 1021 293 1081
253 839 253 1022
189 525 121 567
209 459 527 531
299 853 299 1125
163 831 163 1079
187 1057 193 1093
270 1130 270 1383
421 1147 421 1437
89 847 290 906
272 465 272 695
436 460 436 681
419 1111 419 1377
456 595 456 829
187 1139 187 1346
243 1073 198 1128
21 769 21 1016
462 479 149 522
244 943 118 982
171 437 171 725
250 847 368 887
363 342 363 579
49 744 49 927
160 1061 147 1092
24 571 483 647
252 373 252 630
452 379 452 629
415 976 415 1231
435 382 435 673
321 1050 473 1118
75 1157 75 1449
289 385 289 570
319 744 319 970
461 487 461 704
390 356 390 558
267 1177 267 1408
462 307 462 530
476 456 476 699
75 561 356 600
516 407 516 669
187 772 187 1017
518 857 78 913
64 304 64 555
14 1038 482 1097
480 620 24 668
125 975 489 1033
234 922 234 1209
510 825 510 1066
417 844 417 1087
305 777 305 991
230 837 165 880
181 867 297 913
241 955 467 985
130 441 399 514
187 446 187 681
379 876 64 924
221 985 221 1203
155 436 339 493
71 776 173 833
241 752 50 832
137 869 508 932
27 368 27 650
457 438 457 637
104 667 104 935
61 679 354 722
233 649 502 726
414 1113 414 1326
455 497 455 789
166 643 78 707
137 392 137 676
510 1069 171 1125
528 453 160 520
196 929 196 1123
102 1071 63 1117
476 405 476 617
313 965 237 1018
214 554 537 625
13 1006 13 1233
541 831 65 889
37 980 473 1032
536 801 304 828
532 814 532 1033
463 712 463 934
310 619 310 904
172 1062 520 1118
426 321 426 532
486 751 477 764
236 562 236 812
470 1115 470 1387
203 468 504 525
477 768 310 805
337 747 337 991
115 724 384 772
434 983 211 1003
160 1051 354 1120
313 696 313 992
117 749 117 930
9 705 290 784
513 1039 133 1116
515 754 515 993
168 993 168 1286
230 1026 535 1053
236 802 236 1050
264 808 264 994
56 755 25 809
150 477 120 511
153 1056 153 1259
351 843 351 1038
322 914 13 955
244 756 244 1048
222 318 222 501
36 876 177 943
289 426 433 514
542 787 542 1073
158 718 158 969
262 853 262 1087
72 697 286 750
237 703 237 992
416 681 416 960
269 1119 269 1309
108 363 108 655
106 486 106 730
163 443 403 515
69 582 69 765
401 700 401 995
331 511 235 558
187 370 187 662
88 1073 88 1323
43 400 43 592
68 731 68 922
533 483 533 704
391 447 368 523
217 984 217 1220
170 1018 170 1255
177 856 177 1047
516 485 32 544
288 837 288 1035
437 731 437 971
301 1144 301 1346
533 815 533 996
525 578 525 787
298 800 298 986
251 1068 255 1109
319 807 319 1094
42 588 308 615
275 1017 263 1062
500 1039 92 1126
389 740 96 803
342 694 342 942
9 707 9 998
84 411 84 666
474 407 474 675
326 946 281 1026
365 1158 365 1341
198 750 198 995
420 583 184 647
427 558 427 769
228 1036 157 1123
83 845 9 861
100 984 100 1192
81 826 81 1089
188 932 290 995
391 809 391 1048
269 1071 411 1092
407 706 233 746
381 736 381 949
370 755 203 813
448 1043 333 1056
99 846 99 1033
277 1045 370 1094
537 428 537 677
359 539 359 814
110 660 383 727
299 877 299 1098
140 1018 230 1048
46 806 46 1099
135 896 135 1152
439 479 439 722
257 576 257 802
417 670 321 712
128 915 259 973
481 1071 518 1130
238 722 39 791
145 767 145 1032
450 443 323 511
99 1057 219 1120
470 574 470 781
158 462 447 513
325 571 325 773
304 691 304 884
90 1137 90 1359
285 427 285 636
44 1025 252 1073
415 848 28 897
467 673 467 913
392 909 392 1093
67 425 67 668
45 1078 45 1352
11 322 11 535
479 616 479 860
164 556 164 814
180 668 103 731
341 761 359 798
433 474 470 546
248 1062 394 1115
46 831 46 1099
476 634 476 854
317 910 317 1135
288 1191 288 1435
354 416 354 677
142 803 142 1019
132 971 132 1179
257 752 294 811
487 976 487 1228
515 457 515 746
206 679 206 896
256 1022 78 1096
377 914 377 1156
237 938 486 975
236 1114 236 1364
360 458 360 703
195 696 195 986
470 812 181 828
250 973 83 1000
40 888 40 1087
300 617 527 672
160 483 449 532
149 529 149 718
260 915 260 1149
180 1031 133 1095
358 386 358 573
9 1016 145 1081
53 1061 53 1340
366 446 366 679
232 509 483 526
285 763 285 991
408 530 222 590
119 774 119 1043
426 573 426 786
88 478 446 548
409 907 409 1196
308 438 49 518
420 547 469 628
10 1031 407 1070
34 922 114 988
15 568 416 615
308 317 308 517
59 778 470 815
395 1040 397 1089
260 310 260 545
247 546 247 812
32 890 119 926
155 340 155 549
492 599 492 805
112 617 112 813
139 825 60 915
66 667 66 922
373 603 373 846
41 982 301 1049
324 965 324 1222
46 1071 46 1365
120 364 120 566
289 1036 289 1282
504 889 504 1175
119 806 119 1093
161 1021 123 1109
231 374 231 585
315 592 315 882
324 407 324 658
314 456 71 517
422 720 422 907
23 1063 175 1122
289 607 511 648
540 331 540 609
303 492 82 528
140 975 140 1240
147 641 178 677
147 446 147 703
480 443 480 687
60 1190 60 1443
20 672 20 972
444 313 444 578
333 1064 176 1107
433 439 141 512
227 336 227 602
115 514 115 743
130 305 130 532
232 639 232 918
217 775 217 980
266 1039 151 1117
195 505 195 727
432 908 276 949
404 634 525 671
122 1023 25 1073
308 573 308 805
137 962 137 1179
455 888 455 1115
225 462 225 754
373 1173 373 1376
230 721 230 947
81 872 104 930
336 547 30 604
424 773 424 1017
103 1068 320 1099
424 850 522 883
237 815 237 1110
96 916 96 1185
279 1001 345 1026
540 449 540 715
422 1097 422 1329
258 775 258 988
170 1161 170 1365
37 864 37 1052
108 506 108 770
15 629 532 697
95 928 475 987
413 566 127 602
256 837 256 1064
56 636 91 677
213 431 213 659
193 905 193 1130
188 781 188 1080
225 590 225 862
56 1132 56 1358
198 1057 198 1355
278 431 432 473
150 897 363 950
187 635 187 850
494 930 174 969
259 916 259 1159
44 1062 33 1142
69 1013 69 1311
233 520 233 813
493 1147 493 1364
176 832 176 1121
471 963 471 1207
188 1195 188 1393
459 876 291 935
393 632 393 829
386 988 355 1059
323 425 490 465
71 870 354 966
350 396 350 686
177 882 177 1063
541 950 541 1243
233 879 233 1142
163 691 163 896
269 899 76 971
347 1053 327 1107
384 1163 384 1422
333 892 333 1143
211 771 211 1039
97 564 252 612
186 603 186 860
256 1119 256 1419
490 781 490 1044
388 968 202 1013
18 1188 18 1381
281 1052 281 1256
143 550 63 608
243 613 243 861
146 1017 91 1058
61 517 9 585
281 463 281 698
318 1047 421 1102
71 914 450 934
100 1010 100 1207
196 421 196 671
445 912 445 1122
373 670 110 717
438 896 143 975
518 352 518 553
480 1016 36 1078
264 782 264 994
534 373 534 642
524 678 524 936
334 513 334 708
226 1102 226 1362
168 850 168 1079
203 556 203 840
188 346 188 585
322 951 312 996
435 496 243 522
370 506 52 562
237 653 454 740
70 501 249 576
148 652 148 866
521 403 521 672
497 583 20 628
144 990 210 1026
435 734 435 939
96 717 116 805
398 321 398 577
90 830 90 1025
191 460 292 518
219 574 219 817
373 919 373 1184
99 1117 99 1316
128 837 128 1081
458 485 261 549
40 644 40 831
229 946 229 1238
430 589 430 861
360 700 360 1000
501 452 501 665
277 744 277 1005
265 759 265 975
534 801 534 1059
511 931 511 1164
232 633 232 911
378 817 378 1059
18 763 18 1029
374 1021 106 1078
124 1032 281 1110
44 375 44 581
428 891 428 1114
22 447 22 676
403 1024 413 1064
379 466 386 521
217 763 217 964
21 850 21 1122
380 1178 380 1370
347 700 347 961
334 443 193 498
61 687 61 892
300 1050 459 1104
199 733 211 810
258 893 258 1098
80 1050 80 1231
271 958 471 1035
168 439 279 484
256 856 353 915
544 920 544 1152
499 1058 71 1124
518 784 245 823
171 311 171 531
42 537 493 583
137 470 137 676
136 488 136 686
101 454 435 501
304 420 304 655
316 766 316 1014
292 1049 326 1076
274 321 274 520
121 586 249 659
69 969 69 1199
297 846 56 892
118 570 118 829
104 835 360 901
138 542 138 748
10 678 10 949
474 589 474 835
42 1060 331 1095
379 547 379 783
316 460 411 512
227 364 227 605
190 502 192 551
299 427 56 484
32 869 32 1143
522 723 522 1007
204 696 204 941
111 1051 111 1272
494 1061 494 1271
307 561 307 812
52 462 113 480
208 643 89 725
340 947 340 1209
93 485 196 524
517 1162 517 1366
117 977 117 1216
245 977 78 1037
438 422 438 650
161 527 161 751
529 474 77 517
265 612 237 630
344 729 344 932
151 868 151 1130
416 700 416 919
318 951 318 1211
531 466 515 508
48 776 304 851
533 1034 332 1098
392 903 392 1090
467 1031 467 1312
209 676 209 965
158 1089 158 1277
448 424 448 688
263 721 77 740
38 543 38 727
378 969 378 1165
83 1054 533 1109
221 478 371 546
395 984 395 1184
359 877 359 1137
420 934 420 1177
530 632 364 659
225 690 225 917
229 957 441 1010
268 953 118 998
343 1171 343 1433
44 705 44 1005
154 1171 154 1368
346 690 346 986
473 617 473 916
493 1084 493 1275
392 812 392 1001
423 649 423 905
198 582 198 845
417 915 417 1097
357 434 357 685
320 792 320 1010
490 573 490 840
102 654 486 712
266 437 266 711
303 423 303 655
307 470 307 761
128 813 128 1079
464 672 97 762
259 719 259 906
156 768 359 832
440 798 440 994
378 798 378 1049
406 759 406 1037
51 898 507 941
59 802 59 1028
21 693 21 898
444 964 444 1259
411 981 411 1178
67 713 383 764
120 1094 120 1291
226 1119 226 1326
28 581 28 855
477 1023 477 1306
63 901 63 1179
143 812 143 1090
248 1127 248 1333
339 507 451 549
69 818 69 1010
435 419 435 677
303 766 303 992
328 733 328 922
295 592 295 890
391 684 391 896
171 1033 197 1082
297 1036 297 1332
88 893 432 949
173 940 173 1207
111 651 397 680
45 1046 45 1313
414 324 414 529
211 1042 499 1100
302 1089 302 1278
366 662 366 917
68 954 171 977
23 525 23 764
50 490 50 721
135 915 338 970
293 543 293 780
87 791 87 1018
516 468 39 516
202 944 216 994
267 1037 267 1284
358 769 253 826
339 1145 339 1367
18 744 18 1001
173 824 173 1055
351 1001 351 1273
154 690 15 755
454 899 267 956
512 951 512 1178
363 959 363 1217
129 526 293 603
344 753 344 968
278 800 278 981
313 1066 222 1146
480 1021 480 1303
289 682 107 765
471 467 471 684
392 725 191 770
397 638 398 656
379 619 103 668
532 477 532 772
236 598 236 861
196 792 196 1041
272 922 515 1000
374 618 374 877
51 931 422 1031
516 1104 516 1312
56 709 284 777
490 1079 490 1338
286 432 286 703
57 643 57 922
401 884 444 915
321 964 321 1225
346 1111 346 1346
54 1034 330 1104
258 876 258 1128
429 652 478 700
356 718 356 973
156 1034 156 1332
305 691 106 726
491 871 80 891
149 669 469 724
121 301 121 483
83 699 414 743
315 453 75 532
173 898 120 966
191 381 191 586
431 730 261 811
261 811 336 848
205 671 205 935
244 515 71 538
191 1144 191 1394
241 1126 241 1341
287 432 534 459
358 455 150 527
158 1042 532 1108
122 1075 210 1121
177 1153 177 1387
472 689 215 779
205 615 205 851
205 339 205 553
535 1015 187 1074
75 980 25 1034
158 696 158 906
108 448 315 508
89 1072 89 1325
478 1060 93 1122
394 1079 146 1152
12 1026 12 1222
62 664 62 913
75 983 75 1217
185 1147 185 1427
436 688 436 880
223 929 204 989
179 618 179 895
248 1031 248 1212
515 395 515 693
248 391 248 604
370 932 278 961
509 646 188 713
383 576 383 839
362 743 362 950
171 501 171 763
184 888 184 1160
412 461 238 519
508 954 508 1152
492 589 451 652
79 976 433 1063
489 363 489 586
179 918 179 1126
256 1182 256 1377
227 987 227 1245
271 1008 271 1213
136 667 136 874
173 534 129 561
202 477 394 530
226 1056 226 1277
448 481 130 554
313 712 423 776
106 746 270 820
391 1029 391 1264
463 649 463 925
351 479 351 695
44 446 44 464
389 1042 83 1116
440 1082 440 1356
200 700 200 987
144 606 144 804
398 1146 398 1394
82 1074 82 1295
533 993 533 1206
232 1181 232 1390
71 1034 502 1128
125 437 125 671
128 932 128 1166
438 452 438 669
295 701 295 908
356 828 500 886
489 987 489 1268
378 358 378 651
46 437 46 694
145 1072 145 1279
129 472 294 515
532 844 532 1058
439 1053 184 1139
57 1033 57 1268
479 622 516 668
258 888 375 951
387 756 56 815
379 329 379 523
518 889 518 1168
59 1065 301 1097
508 1055 261 1093
150 843 150 1110
320 541 58 589
319 966 379 1030
194 902 244 986
536 414 536 612
51 690 506 776
293 701 69 747
118 672 118 899
339 737 179 751
459 1036 157 1107
224 833 224 1033
174 794 174 1024
116 1147 116 1392
37 549 147 607
32 720 32 997
429 1147 429 1368
469 967 171 1057
488 304 488 579
304 476 304 689
81 675 110 724
249 381 249 562
306 1025 306 1207
408 615 408 911
517 1075 433 1121
435 1021 194 1070
61 556 61 746
262 585 262 879
226 1045 524 1105
169 749 169 1022
64 951 64 1147
284 566 284 844
141 1035 141 1294
55 979 55 1241
122 437 122 675
48 1097 48 1290
462 1071 462 1361
198 918 198 1148
228 784 228 1021
455 606 51 642
262 827 90 869
171 485 211 563
472 801 472 1098
385 731 69 798
357 911 267 974
309 860 309 1151
439 803 439 1006
229 742 229 1040
474 918 474 1162
138 756 515 829
39 938 387 986
110 844 410 935
429 1018 429 1216
516 730 503 777
334 762 334 950
14 910 454 975
239 782 157 833
356 749 352 792
244 709 244 920
16 946 16 1163
33 1051 67 1116
374 806 374 1028
230 1003 230 1259
39 870 386 903
194 918 194 1159
84 573 91 641
88 768 88 996
346 575 176 650
299 424 299 641
0 85 60 60 53 47 30 59 53 17 70 44 41 23 58 34 60 8 66 58 28 49 56 45 58 56 50 78 50 75 9 25 30 13 48 33 21 54 65 51 14 55 69 30 55 23 38 4 58 58 66 57 58 68 37 38 26 46 73 62 67 67 64 43 44 54 22 45 33 72 41 53 53 57 44 14 13 54 12 78 48 40 24 17 54 52 59 39 39 55 61 38 59 52 68 52 68 76 68 45 59 36 46 39 34 46 30 23 30 46 34 62 20 54 68 59 20 61 42 43 11 26 24 76 57 51 50 65 48 30 14 52 76 60 41 50 51 73 59 35 54 70 33 57 71 56 59 46 49 57 13 46 31 25 58 53 53 71 69 61 57 15 32 60 53 49 29 49 52 36 41 23 43 40 56 58 72 63 34 42 6 55 10 20 61 53 48 49 42 28 29 59 58 60 54 59 25 22 32 34 45 40 48 62 44 44 42 53 9 75 47 64 38 6 46 55 65 42 78 57 71 33 61 11 50 30 61 53 54 46 39 27 61 77 40 54 52 28 35 47 12 51 31 50 55 28 58 34 59 68 31 65 63 42 36 32 66 59 51 62 72 63 40 61 59 30 41 49 15 70 42 58 60 60 50 66 68 31 33 58 16 1 11 45 70 49 64 61 35 41 69 46 53 70 37 41 25 34 25 39 41 61 47 43 76 21 57 25 65 32 32 52 49 24 23 63 45 32 57 50 58 39 48 34 55 31 54 78 63 30 8 77 16 71 58 41 51 41 20 38 49 30 42 41 61 55 52 45 81 64 32 32 51 40 45 75 28 45 56 26 47 67 24 24 57 34 44 40 46 29 13 37 30 17 35 33 22 9 46 17 36 64 48 2 39 43 48 45 72 53 69 69 45 59 23 59 54 58 50 57 52 49 33 30 22 55 74 63 25 73 55 62 63 45 50 30 54 63 5 33 18 54 52 62 59 60 78 55 21 50 46 22 40 38 72 50 33 63 20 48 25 44 48 37 38 37 57 54 72 66 59 63 29 52 73 64 31 43 39 52 57 67 62 31 29 35 56 49 34 64 59 48 35 23 44 12 32 37 39 53 62 61 30 57 2 29 38 41 70 45 22 43 70 56 52 25 51 26 31 51 57 55 56 43 34 18 68 56 61 62 37 49 36 17 43 23 48 28 40 56 35 34 55 55 36 32 51 58 30 36 47 49 58 60 60 32 64 54 37 31 65 23 53 13 36
85 0 60 60 38 47 59 38 47 72 22 63 62 67 46 55 48 79 22 29 64 50 31 42 32 42 42 8 45 10 77 67 60 76 62 61 67 51 24 37 76 46 17 60 55 68 64 83 56 55 24 60 55 18 58 49 60 60 14 31 21 28 38 47 59 44 67 53 57 20 51 50 41 45 44 72 73 33 77 9 60 57 65 69 52 40 46 51 56 48 36 52 57 59 18 39 18 14 29 62 45 56 52 54 54 39 65 70 56 58 56 32 67 53 21 28 72 25 50 51 76 68 63 12 44 42 37 28 39 56 73 34 11 46 45 37 35 17 27 64 38 21 54 32 19 51 28 42 41 30 74 48 63 61 30 52 34 15 25 26 31 73 59 27 47 41 59 44 43 50 63 70 59 49 47 31 15 26 52 44 80 34 76 68 34 33 44 60 50 60 68 53 29 50 44 29 62 64 55 56 59 59 40 43 52 60 60 49 78 11 41 22 64 81 50 57 21 52 9 29 15 57 44 77 36 60 39 44 57 51 47 59 47 10 62 51 56 63 55 55 77 54 65 36 61 64 42 63 48 21 56 22 25 44 65 54 31 51 58 38 18 27 57 25 47 63 54 52 75 19 60 45 47 58 49 20 20 57 55 33 71 85 76 56 16 61 26 44 59 63 22 41 38 17 59 52 65 61 64 48 45 32 43 43 11 69 33 65 26 61 57 39 37 70 63 30 48 54 31 38 32 64 39 52 47 55 39 10 41 58 80 11 70 16 37 45 46 62 66 48 39 57 44 49 36 34 51 51 5 37 55 58 46 53 58 10 58 45 53 66 51 26 70 62 51 55 43 52 50 57 73 55 58 69 57 54 64 77 59 70 56 22 40 84 59 51 47 48 17 58 17 27 52 59 64 37 56 50 57 59 34 52 54 62 70 51 17 27 65 14 59 28 26 44 60 66 32 34 82 53 68 55 61 34 28 38 9 56 69 53 56 69 53 60 19 41 53 37 72 50 61 42 42 51 49 49 51 34 16 33 47 33 56 35 13 34 67 46 60 61 29 30 42 57 65 51 44 41 66 32 29 40 60 64 62 77 65 53 51 33 37 31 62 48 84 66 53 49 19 57 63 58 25 35 59 61 35 63 61 40 48 32 51 53 51 71 20 52 28 24 50 44 50 70 62 65 47 61 49 30 53 52 37 53 50 55 55 61 57 60 56 40 30 34 43 54 27 59 55 59 25 64 55 73 61
60 60 0 85 58 61 37 66 68 45 40 16 71 60 16 34 75 54 55 50 34 68 53 37 57 67 28 57 63 53 55 61 35 60 12 63 42 13 57 35 48 69 51 34 9 61 22 58 80 7 58 82 79 49 64 38 50 74 57 31 42 64 24 55 18 21 58 66 33 62 60 15 25 70 51 52 52 52 48 53 75 65 39 49 74 60 16 29 64 71 26 31 5 10 48 58 51 48 66 15 72 60 66 26 36 44 32 63 41 72 32 30 54 75 42 51 42 43 26 25 51 36 42 50 19 26 50 62 50 42 49 40 51 16 42 48 49 60 51 68 29 41 37 34 60 12 52 35 30 39 57 24 63 49 39 13 38 52 37 52 54 58 32 52 19 57 54 26 24 49 72 39 70 55 71 56 48 39 45 40 59 55 55 42 64 48 27 76 60 37 67 78 53 76 66 37 41 52 51 57 72 68 52 73 64 72 20 15 59 55 53 43 70 61 23 8 51 25 54 49 53 58 73 51 46 56 23 65 9 20 45 41 15 52 70 73 11 60 57 16 50 13 65 45 5 61 68 28 14 41 39 54 40 39 26 44 31 77 11 68 60 35 23 46 74 62 63 69 47 43 70 71 15 83 18 48 42 52 54 31 54 61 58 18 52 78 58 18 63 21 60 36 29 54 65 26 37 64 38 38 38 32 55 46 56 41 32 38 60 61 34 28 46 38 46 62 61 45 35 54 34 72 37 43 16 48 26 59 21 37 61 59 48 55 64 39 20 21 46 41 34 39 45 29 66 34 71 21 59 70 52 34 66 60 71 55 49 30 76 36 66 62 65 50 76 55 37 60 63 45 56 29 39 52 60 50 48 56 73 56 29 44 53 61 67 61 22 25 59 78 53 35 66 3 51 25 77 12 13 5 47 17 39 61 40 12 62 60 60 55 80 36 57 55 12 65 42 65 57 41 48 10 8 65 50 67 53 8 59 15 17 60 26 67 43 29 43 25 42 20 46 46 30 35 35 45 11 34 58 29 15 65 46 38 56 67 31 54 67 80 47 32 72 55 63 47 69 29 69 65 55 33 63 43 18 61 30 30 32 45 68 61 60 14 58 64 29 56 59 70 48 70 37 30 78 43 44 56 33 59 73 38 75 64 45 59 43 76 36 48 50 25 41 54 73 57 63 36 32 49 54 40 29 10 38 37 74 84 50 65 71 32 55 28 19 42 60 79 28 58 37 53 75 54 26
60 60 85 0 29 25 54 24 19 59 62 75 21 39 72 55 14 59 42 41 61 18 37 49 34 21 59 55 23 55 55 37 56 49 77 29 56 73 39 52 61 17 50 58 77 39 72 60 6 79 39 5 7 51 26 49 42 16 48 62 56 34 70 31 71 66 40 20 57 42 27 71 62 18 34 51 52 37 62 58 14 23 57 52 12 27 73 58 25 15 66 57 81 78 51 30 48 61 33 75 17 29 20 61 52 42 64 39 49 16 57 63 44 11 57 40 62 51 60 61 58 64 52 60 70 61 37 34 37 48 56 47 57 74 44 39 39 45 41 27 59 61 52 56 43 75 39 51 56 51 50 62 31 44 52 73 50 51 63 41 36 47 59 40 68 29 38 60 62 38 21 63 19 31 16 35 56 56 43 46 56 34 54 58 28 40 59 13 26 55 31 9 38 12 21 55 53 44 38 32 17 22 35 19 22 18 70 71 53 52 33 53 24 54 63 78 45 62 57 41 49 32 18 59 41 35 68 22 78 66 41 51 75 58 22 13 76 34 31 71 61 73 31 42 82 34 20 65 74 58 50 43 55 46 69 45 66 11 76 24 44 60 65 47 15 32 24 17 61 58 20 17 75 4 68 50 58 38 35 59 48 59 51 69 50 11 37 73 28 72 40 50 58 47 25 61 59 28 57 49 48 61 31 40 52 59 58 58 36 32 56 59 40 64 50 32 25 44 55 33 57 21 50 45 71 41 61 52 72 53 52 51 53 47 26 47 66 71 51 45 52 51 41 57 26 55 15 65 57 25 37 57 20 27 17 53 42 56 10 61 20 36 36 44 11 34 49 27 23 45 50 59 52 49 29 38 48 54 16 46 60 52 33 58 23 25 63 61 45 9 47 65 21 83 44 65 9 75 74 81 40 69 49 32 62 74 45 35 37 50 7 58 38 31 76 32 47 28 60 47 52 76 80 28 42 24 59 78 41 71 70 40 62 24 61 58 45 69 62 66 47 40 56 52 52 41 76 54 46 68 74 29 44 49 50 28 67 32 23 8 44 66 20 35 33 41 19 57 26 30 37 53 27 52 74 50 66 58 55 43 25 31 33 73 61 33 58 30 43 18 47 19 64 60 10 50 43 39 60 28 14 51 12 22 42 44 56 11 57 46 37 61 46 47 19 40 22 57 54 41 34 47 59 75 49 52 12 2 40 26 16 54 36 63 71 46 35 8 60 33 59 42 10 51 66
53 38 58 29 0 9 34 9 11 43 34 50 24 32 44 33 17 48 17 13 41 14 9 22 7 9 31 31 7 30 45 31 36 42 52 24 39 46 15 24 47 12 24 37 50 32 48 51 23 52 15 26 22 25 20 25 27 24 24 34 28 15 42 11 46 38 32 16 35 21 14 44 34 13 11 40 41 8 48 33 24 19 39 38 18 2 45 33 19 14 37 33 54 52 24 1 22 35 15 51 14 19 15 37 30 15 43 34 29 22 34 34 34 19 29 13 46 22 35 36 46 44 35 34 42 33 8 13 9 28 43 19 32 46 19 10 10 22 14 26 31 33 30 27 21 47 11 24 28 22 41 35 26 29 23 46 22 25 35 14 8 39 37 12 40 4 25 33 35 18 25 45 22 14 14 8 30 27 23 20 48 5 44 41 9 11 32 24 13 34 31 21 10 19 9 26 35 31 21 20 22 22 8 15 14 23 45 43 45 28 7 25 26 48 37 52 19 36 32 13 24 21 15 47 13 24 40 8 51 39 18 32 47 33 25 17 49 27 19 45 48 47 28 14 55 27 10 43 46 30 29 17 27 21 47 25 37 20 50 12 22 31 41 19 16 26 16 16 47 31 22 13 46 26 41 22 30 23 20 31 38 52 43 44 24 26 13 44 21 48 18 23 30 22 21 36 40 24 39 24 23 32 7 15 28 42 30 40 13 24 34 31 13 46 33 10 11 24 27 5 28 26 22 24 43 23 33 29 43 33 46 28 39 23 7 21 38 47 36 22 25 30 16 32 9 26 15 39 34 14 22 35 10 15 21 29 26 29 20 41 14 15 34 30 19 19 23 15 12 27 40 36 31 37 20 21 33 44 23 36 37 24 7 51 21 13 37 34 22 23 22 37 15 55 31 36 22 47 48 54 12 43 28 25 45 47 24 12 30 25 25 29 13 8 51 29 19 11 50 25 38 49 54 10 14 10 34 51 33 45 44 33 37 22 34 30 25 40 45 40 30 14 29 28 27 20 48 25 22 39 46 11 26 21 26 13 46 10 22 26 15 38 15 22 28 21 11 30 28 11 10 25 22 35 49 43 45 34 31 14 12 9 25 45 52 29 34 13 20 20 32 21 36 31 24 32 15 28 39 3 15 23 18 15 22 36 29 19 28 19 17 34 24 37 25 31 10 37 29 12 18 26 31 48 26 31 20 28 24 22 19 27 9 34 43 26 13 25 36 23 30 30 20 41 43
47 47 61 25 9 0 32 13 8 40 42 51 16 25 49 32 16 43 26 21 39 7 17 25 15 10 35 40 4 39 39 24 34 35 54 16 36 49 23 28 43 10 32 35 53 25 48 45 19 55 24 21 18 33 12 25 23 16 33 40 36 22 47 7 47 42 25 7 34 29 6 47 39 12 10 34 35 15 44 41 16 10 36 34 13 7 49 34 10 11 43 33 57 54 33 9 30 43 22 52 14 11 7 37 29 19 41 26 26 14 34 40 28 14 37 21 43 30 36 38 41 42 32 42 46 37 14 20 13 25 38 24 40 50 20 15 16 31 22 18 35 41 29 33 29 51 20 27 32 29 35 38 18 25 30 49 27 33 42 22 17 32 36 21 44 6 19 36 38 15 17 42 14 9 12 16 38 34 20 22 41 14 38 38 15 18 35 16 5 33 23 18 19 17 8 33 32 26 16 13 14 13 11 17 6 14 46 47 39 36 9 33 18 41 39 54 27 38 41 20 33 14 15 42 18 18 45 7 54 42 17 29 52 41 16 13 51 19 12 47 43 49 20 19 58 20 12 43 50 38 28 25 34 22 46 22 44 17 52 16 30 38 42 27 15 18 8 9 43 39 14 13 51 22 44 31 38 18 15 36 32 46 36 45 32 19 22 49 13 48 26 26 35 31 13 37 37 15 36 25 24 38 7 16 37 39 35 37 22 16 33 35 17 43 29 18 3 21 32 11 34 18 26 22 47 20 37 38 48 31 39 37 35 31 12 23 42 48 32 22 29 29 17 33 15 31 10 41 42 18 17 34 6 8 13 37 21 32 15 39 6 23 26 25 15 14 25 7 3 24 34 36 30 31 13 17 29 38 15 30 37 32 10 45 13 5 39 37 30 17 31 43 6 58 26 41 16 51 50 57 18 45 26 18 42 50 32 20 22 34 19 36 21 7 53 21 25 17 44 24 34 52 56 16 22 14 42 54 26 47 46 26 38 14 42 34 23 46 42 42 27 16 33 28 28 18 52 30 31 45 50 18 23 26 34 19 44 8 13 20 23 44 17 16 20 18 10 33 20 18 18 29 14 32 50 36 44 34 32 20 16 17 18 49 46 21 35 8 29 12 28 13 43 36 17 29 20 22 37 7 13 28 14 7 19 30 37 15 35 27 14 37 23 31 17 24 3 35 30 20 13 24 36 51 26 29 14 23 19 14 12 30 17 40 48 24 21 19 36 16 37 24 15 35 43
30 59 37 54 34 32 0 42 39 14 42 23 37 23 31 5 47 22 41 33 8 37 33 17 36 40 21 52 34 49 22 25 3 25 26 28 9 28 41 22 18 41 43 4 29 24 18 26 49 32 42 50 49 42 30 10 14 40 47 33 39 46 35 25 20 25 22 34 5 49 28 26 24 43 24 18 18 31 20 50 42 32 7 14 44 34 32 11 30 43 32 9 34 28 41 33 42 48 47 24 45 26 35 12 5 21 10 26 6 39 5 33 18 44 39 34 14 34 14 15 19 12 7 49 29 22 28 43 26 7 16 25 48 33 16 26 27 48 35 32 25 42 5 28 47 30 35 18 20 29 22 18 28 13 30 27 25 44 40 37 34 23 5 35 25 31 18 20 23 17 37 12 37 24 43 36 45 34 12 15 26 34 21 10 42 29 19 43 29 2 31 49 35 48 38 31 6 15 17 23 39 34 27 47 33 38 18 26 25 49 27 37 35 27 18 30 39 13 50 32 44 24 46 20 25 21 32 37 29 19 16 5 34 50 36 44 27 24 24 21 20 25 29 25 32 25 42 12 31 39 5 40 35 16 15 10 37 48 26 45 48 35 14 34 46 26 31 38 17 42 36 44 33 52 22 40 40 18 20 29 18 29 24 19 44 45 41 33 28 19 45 18 24 44 30 12 7 29 6 12 14 32 28 20 49 10 29 7 42 25 3 23 24 13 10 42 30 11 29 30 29 37 20 11 28 14 25 52 34 1 27 51 14 45 40 14 23 18 11 13 20 4 19 12 43 26 40 18 55 47 18 4 37 28 38 49 13 16 46 9 35 44 29 14 46 21 16 27 33 10 21 9 3 16 26 17 12 22 40 20 9 37 27 29 33 30 20 16 47 46 43 40 34 34 14 30 46 31 25 32 28 22 6 25 13 29 50 41 23 47 48 33 40 27 26 29 27 44 26 9 13 28 30 43 34 43 51 30 23 24 20 24 13 32 44 21 10 34 14 20 9 21 19 8 10 15 31 25 47 37 32 44 10 24 48 46 13 25 33 47 31 38 47 20 27 14 41 20 34 44 36 20 29 8 21 26 13 9 9 27 45 41 24 29 28 28 10 25 46 37 12 36 41 27 45 7 25 19 6 33 44 27 45 32 13 23 40 46 32 36 18 20 11 19 39 20 34 3 11 31 21 8 26 29 9 4 43 52 15 30 39 20 35 31 32 9 42 47 10 23 36 17 44 20 13
59 38 66 24 9 13 42 0 9 51 39 58 26 37 52 41 11 55 19 18 49 14 14 30 10 5 39 32 10 32 51 36 44 47 60 28 47 54 16 31 54 9 26 45 58 38 57 57 19 59 16 23 18 27 24 33 34 23 25 40 32 11 48 18 54 45 38 18 43 19 19 52 42 7 19 47 48 15 56 35 23 22 47 46 15 8 52 42 23 11 44 41 62 60 28 10 24 37 11 59 8 24 16 45 38 23 51 39 37 22 42 40 40 16 33 17 54 27 43 44 53 53 43 36 49 41 16 11 18 35 50 26 34 53 27 18 18 22 18 29 38 37 38 34 20 55 16 32 36 29 47 43 30 36 30 54 29 27 40 17 13 45 45 17 48 11 31 40 42 26 27 53 23 20 9 11 32 32 30 29 54 11 50 49 4 18 40 22 17 43 34 16 15 13 7 33 43 38 28 26 22 24 16 8 17 23 54 51 51 28 16 30 28 54 45 59 21 45 34 18 26 26 8 54 20 30 46 8 59 47 26 40 54 35 26 14 57 32 25 53 55 55 32 22 63 32 4 51 54 35 38 19 32 29 55 32 43 14 58 3 21 37 49 24 10 31 20 15 54 35 24 8 54 21 49 26 34 30 27 37 44 58 49 52 26 24 14 51 25 56 17 31 38 24 25 44 48 28 46 33 31 38 14 23 29 50 37 47 12 29 42 38 21 53 41 8 15 32 33 13 34 28 30 32 50 31 40 29 50 41 52 28 47 24 3 30 46 55 43 30 32 39 24 40 3 33 13 47 34 6 28 43 10 20 21 29 33 37 16 50 15 13 38 37 14 26 31 20 15 35 47 44 40 44 25 28 40 51 22 43 45 28 15 57 24 17 44 43 22 21 24 42 17 63 38 43 19 55 56 62 19 51 36 30 53 54 22 12 35 27 21 35 14 16 59 33 25 5 57 34 45 57 62 5 19 1 36 58 39 52 52 39 45 25 37 38 33 47 53 48 38 22 37 36 36 28 55 32 23 45 53 6 34 28 26 6 54 18 25 24 21 43 7 28 33 29 7 37 31 7 13 33 26 43 57 49 53 42 39 21 4 8 31 53 58 33 42 19 20 20 39 22 41 38 22 40 22 34 47 9 11 29 14 18 29 42 33 15 34 23 25 42 32 43 26 37 12 45 37 18 25 34 38 56 34 39 18 24 31 26 19 35 13 41 50 34 11 22 44 29 35 37 18 47 51
53 47 68 19 11 8 39 9 0 47 45 58 17 30 54 39 9 49 27 23 46 5 19 31 17 5 41 40 5 40 45 29 41 41 60 21 43 56 24 34 50 2 34 43 59 31 56 51 13 61 24 16 12 35 16 32 29 14 33 44 39 20 52 14 54 48 31 9 41 28 13 54 44 5 17 41 42 19 51 43 14 14 43 41 7 9 55 41 15 4 48 40 63 60 35 12 32 45 20 59 7 17 8 44 36 25 49 31 34 13 41 45 34 8 40 23 50 33 43 44 48 50 39 44 52 43 19 19 19 33 45 29 41 56 27 20 21 30 24 21 41 44 36 38 28 57 22 33 38 33 41 45 23 31 34 56 32 34 46 24 19 38 43 23 50 11 26 42 44 22 18 49 14 16 5 18 40 38 28 29 47 16 44 45 13 22 42 14 11 40 26 11 21 9 3 37 39 33 24 20 13 15 17 10 9 14 53 53 44 37 15 36 20 47 46 61 29 45 42 24 34 20 9 49 23 24 50 4 60 48 24 36 57 43 18 6 58 25 19 54 50 56 24 24 65 25 6 50 56 41 35 26 37 29 53 30 48 10 59 11 29 42 49 30 8 23 12 6 50 41 15 6 57 15 50 33 41 24 21 41 38 52 42 52 33 16 22 55 18 56 25 32 40 32 17 44 44 20 43 32 31 43 13 23 37 46 40 44 21 22 40 41 23 50 37 17 10 28 37 15 39 19 32 29 53 27 43 37 54 38 45 36 42 32 10 29 48 55 39 29 34 36 24 40 12 37 4 48 42 13 24 41 3 14 12 38 29 38 9 47 6 21 31 32 8 20 32 14 8 31 41 43 37 38 18 24 35 45 13 36 44 34 15 51 15 11 46 43 30 13 32 47 9 65 33 47 11 57 57 64 22 52 33 23 49 56 31 20 28 35 14 40 22 14 59 25 29 14 51 31 41 59 63 13 24 10 44 60 32 54 53 32 45 17 44 40 30 51 49 49 34 23 39 35 35 25 58 36 31 50 56 15 30 31 35 15 52 15 16 16 26 48 10 23 25 25 4 39 22 16 20 35 18 39 57 42 51 41 39 25 12 16 24 55 52 26 42 15 28 11 34 13 47 42 14 36 25 28 45 10 6 33 8 10 27 35 39 8 39 29 21 44 30 37 17 30 6 42 37 23 20 32 41 58 33 37 9 17 27 18 10 37 19 45 53 31 20 14 43 22 41 31 10 41 50
17 72 45 59 43 40 14 51 47 0 55 29 39 22 42 18 55 10 54 46 12 44 45 30 47 49 34 65 43 62 11 24 14 17 33 30 5 38 53 36 5 49 56 14 39 22 23 14 55 42 54 55 54 55 33 23 18 44 60 47 52 57 48 34 27 37 20 40 17 61 35 36 37 50 33 10 9 43 6 64 46 36 8 7 50 43 43 23 34 50 45 22 42 36 54 42 55 61 58 30 52 31 41 23 19 34 13 23 17 43 18 46 15 50 53 47 5 47 26 26 7 10 9 62 41 35 39 54 37 17 5 38 61 44 28 38 39 60 47 34 38 55 18 42 60 40 47 31 33 42 14 30 29 16 43 37 38 57 53 49 46 16 16 47 36 40 22 33 35 26 39 7 40 32 51 47 58 48 22 28 15 45 11 4 52 41 32 47 36 13 30 55 47 55 47 44 10 15 24 28 42 37 37 56 39 42 25 36 15 62 37 50 37 17 29 38 52 25 64 45 57 28 55 7 38 24 44 46 37 30 27 13 45 63 38 50 36 25 29 31 6 35 30 37 40 26 51 17 42 53 16 53 49 29 20 20 50 55 35 54 60 48 24 47 54 27 36 44 4 55 39 51 44 57 34 53 54 23 26 43 13 17 15 29 57 48 52 44 32 25 57 32 37 57 34 24 9 31 9 25 27 45 37 31 62 5 42 8 54 28 16 37 36 8 11 53 37 20 42 40 42 39 34 21 39 21 38 65 46 15 17 64 6 58 49 27 35 25 8 25 34 15 30 25 52 39 47 29 68 56 23 16 44 34 42 62 19 29 52 10 42 56 26 16 53 27 30 34 40 17 13 20 15 11 30 24 12 12 44 15 20 50 38 17 36 37 32 28 60 50 56 53 40 43 15 43 51 41 34 41 40 32 19 27 6 39 62 53 23 60 52 47 52 36 34 29 40 54 13 20 7 38 37 53 46 52 64 39 20 34 30 21 24 35 57 34 20 47 4 32 14 32 33 22 23 25 41 39 59 50 43 54 18 37 60 56 15 34 36 51 44 51 56 25 27 23 50 34 34 54 48 33 32 9 28 17 16 21 23 40 54 51 26 41 15 28 22 33 59 42 13 40 54 41 50 12 38 20 14 42 52 40 52 38 23 18 54 52 46 49 27 33 22 13 41 19 41 12 25 43 27 20 39 39 22 17 48 57 21 33 44 33 47 44 44 19 54 51 21 26 49 17 50 11 20
70 22 40 62 34 42 42 39 45 55 0 42 57 56 25 38 49 64 21 22 46 47 26 26 29 42 23 18 41 14 62 57 42 63 41 53 50 30 24 20 59 45 15 42 34 57 44 67 56 34 25 60 56 13 51 33 47 57 20 10 7 32 17 39 39 23 56 49 39 27 45 29 21 45 35 57 58 27 61 14 57 50 48 54 51 36 25 33 50 48 15 34 35 38 12 34 16 9 33 42 46 48 48 35 37 27 46 59 40 55 38 11 54 52 6 22 55 13 31 31 60 50 47 10 23 22 29 30 30 41 57 20 12 24 32 28 26 23 21 57 18 2 38 14 25 30 24 25 22 15 60 28 54 48 14 31 19 15 3 22 26 60 41 23 26 36 48 24 22 39 58 52 55 41 47 28 9 9 39 30 66 29 62 52 35 25 25 57 43 43 59 54 25 51 42 12 46 51 43 46 55 53 31 45 47 56 39 28 65 17 33 10 58 67 30 36 18 33 15 22 16 48 46 61 26 49 18 42 36 31 34 44 26 13 56 50 35 53 46 35 61 33 56 25 40 54 42 44 27 5 40 21 9 29 45 39 9 52 37 40 24 8 37 16 48 53 47 49 59 5 55 45 25 59 28 14 5 45 45 13 57 70 63 35 15 59 26 22 51 43 26 25 19 18 52 33 47 53 47 32 30 11 36 31 18 51 14 48 28 51 39 20 27 52 49 31 43 40 14 32 13 58 23 38 26 42 19 21 20 41 66 21 55 19 37 30 26 42 50 34 22 41 32 31 37 16 49 31 20 40 44 40 43 46 54 17 45 27 53 48 47 29 60 49 51 44 27 45 45 43 60 37 41 55 49 42 50 62 56 57 37 11 33 69 53 45 27 29 23 57 17 6 48 37 50 16 55 29 36 38 24 32 38 52 53 30 25 28 55 17 58 9 26 36 39 57 19 36 67 38 53 34 40 35 21 39 13 35 57 32 35 57 34 54 3 22 39 15 54 29 46 30 23 34 33 37 30 17 21 12 26 35 43 20 18 37 48 38 54 60 20 9 44 47 56 39 44 22 59 34 26 23 52 48 41 64 46 35 33 23 39 32 52 27 69 57 34 41 24 53 49 54 4 15 58 45 24 51 43 36 48 17 51 48 38 59 6 52 10 16 39 24 35 56 58 54 43 44 31 23 43 37 17 32 35 39 54 62 44 53 53 23 27 13 22 39 29 58 36 50 6 51 54 59 42
44 63 16 75 50 51 23 58 58 29 42 0 58 45 20 20 66 38 52 45 19 57 47 29 50 58 22 57 53 53 39 47 21 44 4 50 27 14 53 30 32 60 50 19 12 46 6 42 70 15 54 71 69 48 51 27 36 62 56 32 42 60 28 45 5 19 44 55 19 60 49 14 22 61 42 37 37 45 32 54 64 54 24 33 64 51 20 17 51 62 28 19 15 8 47 49 50 50 61 1 63 48 55 14 23 36 16 48 27 61 19 31 39 65 42 46 26 41 16 15 35 20 27 51 20 22 43 57 41 29 33 35 52 21 32 41 41 57 46 55 26 43 24 32 58 15 47 27 25 35 41 17 50 35 36 13 33 51 39 48 48 43 18 47 17 48 40 20 21 38 59 23 58 44 62 50 49 38 32 30 43 49 39 26 57 42 21 64 49 23 53 69 47 67 57 35 26 37 39 44 60 56 43 65 53 60 5 14 43 55 44 42 57 45 15 11 49 14 55 44 52 46 64 35 39 43 26 56 10 12 35 27 21 53 58 63 9 46 45 8 34 10 51 38 11 47 60 12 19 42 26 51 39 30 10 31 34 68 7 61 58 36 10 43 65 48 52 59 31 44 58 62 20 72 14 47 43 39 42 30 39 45 43 7 51 66 53 23 50 5 57 28 26 53 52 15 22 51 23 27 28 32 46 36 56 25 30 23 55 47 20 25 38 22 31 56 50 32 33 46 32 59 30 31 17 35 24 59 25 23 45 59 33 54 56 30 17 5 31 30 28 25 35 19 59 31 60 13 60 63 39 20 56 49 59 55 35 22 66 20 56 57 51 36 66 42 28 48 53 32 40 16 25 37 48 38 33 40 61 40 15 43 44 45 54 50 17 17 56 67 52 38 55 15 36 26 66 17 8 13 41 11 27 48 24 15 59 54 45 54 69 35 52 45 6 52 37 59 41 29 32 11 8 58 45 59 54 12 44 11 8 46 14 54 45 23 30 28 26 14 32 37 24 24 24 34 16 30 56 32 20 59 32 33 55 61 15 44 55 69 42 35 65 42 49 35 60 24 56 58 50 27 51 28 2 45 14 18 20 39 61 55 46 18 42 50 17 45 57 59 34 58 39 28 67 29 38 42 17 50 64 34 65 53 33 44 43 66 35 45 38 20 29 39 61 42 53 21 22 43 42 28 27 13 26 24 63 73 37 52 60 26 49 29 23 29 55 68 15 45 38 39 65 39 11
41 62 71 21 24 16 37 26 17 39 57 58 0 19 60 39 22 39 41 36 43 13 32 36 31 21 46 55 18 54 35 17 39 28 61 9 37 60 38 41 41 18 47 40 63 19 54 40 18 65 39 17 18 48 8 34 24 5 48 53 51 36 60 19 55 53 20 9 40 44 13 57 50 20 23 31 32 31 42 57 7 7 38 32 15 22 61 43 8 18 56 41 67 63 48 24 45 58 36 59 22 11 10 45 36 31 45 18 32 6 40 54 25 15 52 36 43 44 45 47 38 45 34 57 57 48 28 35 28 30 36 38 55 62 30 30 31 46 37 6 48 55 35 46 44 61 35 38 44 43 30 48 11 25 44 59 40 49 57 37 32 27 42 36 55 22 19 47 50 22 1 43 3 17 19 32 53 49 27 32 35 29 34 39 29 32 46 8 14 37 12 19 34 21 19 47 34 25 20 15 5 4 26 25 11 4 54 57 32 51 24 48 4 35 49 64 42 46 56 36 48 13 24 39 32 16 57 19 63 51 27 33 63 57 1 16 61 14 14 55 41 59 11 33 67 14 23 48 62 52 33 41 49 33 52 28 57 20 61 28 45 52 49 42 21 12 10 11 41 54 3 21 62 20 54 46 53 20 18 50 28 40 31 54 48 10 37 61 9 55 41 38 47 46 7 45 40 9 39 34 34 51 21 28 52 40 49 40 36 12 39 47 31 45 31 33 15 27 46 26 47 3 38 28 58 24 50 53 61 36 33 52 33 46 26 33 52 54 32 31 41 34 28 42 28 45 14 50 57 30 20 39 17 12 5 52 24 42 17 42 12 37 17 25 18 17 36 13 13 27 30 43 34 29 11 21 29 34 6 26 44 47 24 39 5 12 50 46 45 13 46 58 10 68 25 54 14 62 59 67 33 55 32 13 43 61 47 35 17 49 14 50 36 21 61 11 39 30 40 30 33 62 65 30 37 26 58 63 21 57 55 20 46 5 57 46 29 59 42 52 29 28 44 36 37 26 62 44 46 59 61 31 27 39 50 31 49 20 4 13 38 58 26 17 13 25 20 45 7 32 33 41 8 33 57 30 48 42 40 35 28 31 14 60 40 13 43 17 44 6 28 4 58 49 11 31 34 19 42 22 19 42 17 10 26 24 52 17 49 42 22 48 31 27 3 20 15 39 40 35 17 31 49 62 34 35 11 19 22 7 8 42 32 53 60 30 35 13 44 14 52 22 13 31 49
23 67 60 39 32 25 23 37 30 22 56 45 19 0 52 27 37 21 47 39 28 26 37 31 37 34 39 60 28 58 17 3 25 11 49 11 20 50 45 37 23 32 51 26 52 1 40 22 35 55 46 35 36 51 15 25 11 24 54 50 51 46 55 22 43 46 2 22 27 52 19 48 44 34 24 13 14 35 24 61 26 18 23 15 32 30 53 32 16 33 51 30 56 51 51 31 50 60 46 46 36 14 23 34 25 30 30 3 20 24 28 50 7 32 52 40 26 45 35 36 20 29 19 60 50 42 31 44 29 19 18 37 59 54 25 31 32 53 41 13 43 56 24 43 51 52 40 33 38 42 11 39 8 11 43 49 38 53 55 42 37 9 28 40 46 28 9 40 43 18 19 27 21 19 34 38 56 48 19 27 18 35 16 22 39 35 39 27 20 23 9 37 39 37 31 45 19 9 13 13 23 17 28 40 22 22 41 48 15 57 27 48 16 17 39 53 47 36 60 39 52 11 38 21 32 8 51 30 52 41 23 19 55 60 18 32 50 6 13 44 22 48 9 33 55 6 35 34 53 53 21 46 48 28 37 18 54 37 49 40 52 50 37 43 37 8 19 26 23 54 20 35 54 38 44 49 53 11 13 46 10 22 13 42 52 28 44 54 13 41 49 33 42 51 15 35 25 12 23 27 28 48 26 26 57 23 45 24 44 9 26 42 31 28 15 42 22 18 44 30 44 18 34 20 49 15 44 59 55 23 15 58 16 52 36 27 44 41 15 24 36 21 25 33 39 41 29 40 63 42 13 26 29 17 22 57 12 35 34 27 25 46 6 10 35 13 31 18 23 16 12 31 22 11 13 14 13 15 24 8 32 48 28 21 17 21 41 37 52 31 51 56 22 57 9 49 31 53 48 55 34 44 22 8 26 51 54 43 3 54 33 48 43 25 49 8 38 41 22 21 15 51 52 40 40 38 61 52 2 46 43 2 35 15 57 40 19 54 25 42 14 27 38 27 28 20 53 40 52 55 53 42 16 37 55 43 33 22 16 31 39 55 40 10 7 18 34 39 13 42 39 36 13 18 44 12 33 31 30 35 40 40 7 51 23 7 32 20 51 23 12 20 56 45 30 17 34 6 28 30 34 40 34 20 19 6 52 34 47 44 18 41 23 9 21 4 26 25 31 37 15 22 44 51 25 23 29 37 13 14 25 37 38 49 53 20 44 32 32 9 50 7 31 13 35
58 46 16 72 44 49 31 52 54 42 25 20 60 52 0 27 61 51 39 35 31 55 38 25 42 53 14 42 50 38 51 53 30 55 17 53 38 6 42 21 46 56 35 29 10 53 24 55 67 10 43 69 66 33 53 27 42 62 41 16 27 49 9 43 18 7 51 54 27 47 48 7 10 56 39 48 48 37 47 38 63 54 35 44 61 46 1 20 52 58 11 22 12 14 32 44 36 33 51 19 58 49 54 20 28 30 30 55 33 61 26 15 48 62 27 36 40 27 17 17 48 34 37 35 3 12 37 47 36 34 45 26 35 2 30 34 34 44 35 58 14 26 29 19 45 6 37 22 17 24 52 14 54 42 23 8 23 36 22 37 39 53 27 37 6 44 45 13 11 38 61 37 59 43 58 41 33 23 35 28 55 41 51 39 49 34 14 64 48 32 58 65 38 63 52 21 36 45 41 46 60 57 38 59 52 60 19 6 55 40 40 27 60 57 14 12 36 18 38 34 37 48 59 48 32 47 7 51 12 13 34 34 4 37 60 60 12 51 47 13 48 10 56 31 16 52 54 26 3 26 32 39 24 27 26 34 16 63 14 54 44 20 19 30 60 52 51 57 45 28 59 57 3 69 9 33 27 43 44 16 49 58 54 15 36 66 43 3 52 22 45 23 15 39 54 19 33 54 34 27 26 16 42 33 41 38 16 34 45 51 28 14 32 36 40 47 48 35 20 40 18 61 23 33 4 39 12 44 6 31 57 44 44 40 49 28 9 21 41 30 20 32 33 20 51 19 58 14 43 55 42 28 52 49 59 40 40 19 63 33 54 47 57 43 62 44 24 48 51 37 51 23 31 47 50 40 41 52 61 49 23 29 40 58 56 49 12 16 43 65 38 20 53 14 44 10 64 4 13 13 33 11 31 51 38 6 46 44 51 39 67 20 42 42 15 56 27 51 54 32 43 10 16 50 35 52 38 11 52 10 14 53 19 56 28 15 33 10 40 11 39 33 17 26 25 35 5 20 42 14 2 50 37 24 40 52 30 42 56 68 32 17 58 45 54 36 55 16 60 50 40 20 53 38 20 56 29 23 23 31 53 47 50 3 57 55 22 44 44 58 42 58 22 14 65 36 30 47 28 45 59 23 61 52 35 53 28 62 20 32 39 12 31 49 62 49 50 31 22 34 44 31 14 8 28 30 62 71 41 54 59 19 40 13 4 33 45 67 22 49 22 46 63 50 24
34 55 34 55 33 32 5 41 39 18 38 20 39 27 27 0 48 26 39 31 9 38 32 14 35 40 17 49 35 45 26 28 5 29 23 30 13 24 39 19 22 41 40 5 26 28 17 30 50 29 40 52 50 39 32 8 17 42 45 29 35 45 31 26 17 21 25 36 2 47 29 22 20 43 23 22 22 30 23 47 44 34 10 18 45 33 28 7 32 43 28 5 30 25 38 32 39 44 46 21 45 28 36 8 4 20 11 30 8 41 2 29 22 45 36 32 18 31 10 10 23 13 11 45 25 18 26 42 25 9 20 22 45 29 15 25 26 46 33 35 21 38 4 25 45 26 33 14 16 26 26 14 30 16 26 23 22 41 36 34 33 26 4 33 21 30 21 16 19 18 39 15 39 25 44 35 41 31 13 14 30 32 25 14 41 27 15 45 30 6 34 50 33 48 38 27 10 19 19 25 40 36 26 47 34 40 15 22 29 46 26 34 38 32 13 26 37 10 47 30 42 26 46 24 24 24 28 37 26 15 16 9 29 46 38 44 23 27 25 18 24 22 32 23 29 28 42 11 28 36 6 38 32 14 14 11 33 49 23 44 45 31 11 31 46 29 32 39 21 38 38 44 28 53 19 37 37 20 22 25 23 33 28 16 41 47 39 29 30 17 43 15 20 42 32 9 10 31 10 10 12 28 27 19 47 14 25 10 41 28 2 19 23 15 13 41 31 13 25 29 25 40 17 11 23 15 21 49 30 4 31 49 18 43 39 13 19 16 15 12 17 6 18 8 42 22 41 14 52 46 20 3 37 29 40 46 16 12 47 11 36 43 32 17 47 22 13 29 34 12 25 5 6 21 28 18 16 26 42 24 5 34 27 33 34 31 16 12 45 47 41 36 35 31 18 26 47 27 22 29 26 18 7 28 15 25 48 40 26 44 49 29 38 27 23 32 25 43 30 9 17 25 27 42 32 42 48 26 26 20 17 27 9 34 40 17 10 30 17 17 13 20 15 6 7 15 27 22 44 33 27 43 13 21 45 45 13 25 35 49 29 34 47 23 30 15 42 16 37 43 35 16 31 12 19 30 13 4 5 25 44 39 27 26 32 31 5 26 44 39 16 38 37 24 47 11 23 22 7 32 45 24 46 34 14 27 37 47 29 33 19 16 10 22 41 24 35 6 8 29 23 9 22 25 8 4 44 54 17 32 40 16 34 27 28 10 41 49 6 25 32 20 45 24 11
60 48 75 14 17 16 47 11 9 55 49 66 22 37 61 48 0 57 29 28 54 12 24 39 21 9 48 42 13 42 53 36 50 48 68 27 51 63 26 41 57 7 37 51 67 38 64 58 9 69 26 13 8 38 23 40 38 18 35 50 43 20 58 23 62 55 38 16 50 29 21 61 51 5 25 49 50 25 59 45 16 20 51 48 7 16 62 49 22 5 54 48 71 68 38 18 35 48 20 67 4 25 15 52 45 32 57 38 42 16 49 51 42 8 44 28 58 38 51 52 56 58 47 46 58 50 25 21 26 41 53 36 44 63 34 27 27 32 29 27 48 48 44 44 30 64 26 40 45 39 48 52 30 40 40 63 39 37 51 28 24 45 51 27 57 19 33 50 51 31 22 57 19 24 5 22 43 43 36 36 55 21 52 53 15 28 49 15 20 48 32 5 26 2 10 43 47 41 32 27 17 21 24 6 17 19 61 60 52 39 23 40 25 54 54 68 32 52 44 29 36 28 4 57 29 32 57 11 68 56 32 44 64 45 22 6 66 32 26 61 58 64 30 31 72 32 8 58 63 45 43 30 43 37 62 38 53 3 67 11 31 47 57 34 2 30 20 12 58 45 20 5 63 11 58 37 45 33 30 48 46 59 50 60 36 16 24 61 25 64 27 40 47 34 23 52 53 26 51 40 39 49 21 31 39 54 47 52 23 29 48 48 30 58 45 19 18 37 43 22 45 24 39 37 60 35 50 38 60 46 52 37 49 34 13 37 55 63 47 37 42 44 31 48 13 43 9 55 43 12 32 49 11 21 17 40 37 46 6 55 14 23 37 40 4 29 39 22 16 39 48 51 45 46 26 32 44 52 17 44 52 39 23 58 22 19 53 51 32 12 34 52 16 72 40 53 10 64 65 71 29 59 42 30 57 64 32 22 35 37 12 45 25 22 67 32 35 15 58 39 49 66 70 15 29 11 46 68 39 61 61 39 53 23 48 47 38 57 57 56 42 30 46 43 43 33 65 42 33 55 63 16 38 38 37 14 60 23 22 15 32 54 7 30 32 34 7 47 28 17 24 42 25 47 65 49 59 49 47 31 12 18 31 62 60 32 50 23 30 16 43 18 51 48 14 44 32 36 53 17 3 40 5 18 35 42 44 5 45 34 30 51 38 45 20 38 14 50 45 29 28 40 48 65 41 45 11 13 35 25 14 44 23 51 60 39 22 13 51 30 46 39 10 49 58
8 79 54 59 48 43 22 55 49 10 64 38 39 21 51 26 57 0 60 52 21 46 51 38 52 52 43 72 46 69 5 23 22 12 42 31 14 47 59 44 7 51 63 23 48 21 32 5 56 51 60 55 56 62 35 31 21 44 67 55 60 62 57 38 37 46 20 42 26 67 37 45 46 53 39 9 8 49 6 71 46 38 17 10 52 47 52 32 36 52 54 30 52 44 61 47 62 69 63 39 55 33 43 32 27 40 23 21 24 44 27 55 16 52 61 53 13 55 35 36 4 18 17 70 50 44 45 60 43 24 7 46 69 53 35 44 45 67 54 33 47 63 26 50 66 49 53 39 42 50 10 39 29 19 51 46 46 64 62 55 52 13 25 54 45 45 24 42 44 31 39 15 41 35 53 53 66 56 28 35 6 50 6 13 56 47 41 47 38 21 28 57 53 57 50 53 18 17 27 30 43 38 43 59 41 42 35 46 8 69 42 58 36 9 38 48 59 34 71 51 64 30 57 3 44 26 53 49 47 39 34 20 54 71 38 52 45 25 31 40 5 44 29 44 49 26 54 27 52 61 24 59 57 36 29 26 59 57 44 58 66 57 33 54 56 28 38 46 8 63 40 54 53 58 43 60 62 26 29 51 12 8 9 38 64 48 58 54 33 34 63 40 46 64 34 33 18 32 18 32 34 53 42 37 69 14 50 17 60 29 25 45 43 17 16 58 41 26 50 45 51 38 42 28 48 26 47 72 56 23 10 71 10 65 53 34 44 33 14 32 42 23 36 34 56 48 49 38 75 60 27 25 47 36 43 69 23 38 54 19 44 61 24 19 55 30 37 36 42 23 10 29 23 12 32 28 16 6 44 13 29 58 43 7 37 39 41 37 66 51 63 62 42 51 18 51 52 50 43 49 46 41 26 27 14 48 68 58 23 67 53 55 57 40 42 28 48 58 4 27 11 47 46 57 53 56 72 48 19 43 39 20 33 36 65 43 27 56 12 41 19 39 41 30 31 31 50 47 66 59 52 58 24 45 67 60 24 38 37 51 51 60 59 27 27 29 52 42 33 59 54 41 32 16 37 11 24 30 31 47 58 56 27 50 6 27 31 36 65 43 17 41 63 49 50 19 45 22 23 46 54 48 54 40 29 16 61 54 54 56 32 42 29 13 41 20 44 21 33 50 31 27 48 48 30 25 49 57 25 34 45 42 52 53 53 26 59 52 30 28 58 19 51 8 29
66 22 55 42 17 26 41 19 27 54 21 52 41 47 39 39 29 60 0 9 48 30 10 25 11 23 30 14 24 14 58 46 43 56 52 40 49 43 4 22 58 27 8 44 47 48 52 63 37 48 4 41 36 9 37 32 40 40 8 25 15 11 34 26 48 35 47 33 41 8 30 42 31 26 23 53 53 13 59 17 40 36 48 50 33 19 40 37 35 29 30 37 50 51 10 18 6 19 13 52 26 35 31 40 37 21 49 49 38 38 40 26 47 34 16 8 55 13 37 38 58 52 45 18 37 31 16 9 18 37 54 18 16 40 26 17 15 7 7 43 27 20 37 21 7 44 8 26 28 17 54 36 42 42 17 44 19 9 23 5 10 53 43 7 38 20 39 32 32 30 42 53 39 29 28 10 14 17 33 26 61 13 57 51 15 14 32 40 29 43 47 34 8 31 24 19 44 44 34 35 38 38 19 25 31 39 47 41 59 11 20 13 43 61 38 49 4 39 16 9 7 37 25 58 17 39 33 24 49 40 27 41 42 16 41 32 48 42 34 45 59 45 44 17 53 43 23 48 42 18 38 1 16 26 51 35 28 32 49 19 7 21 44 10 28 42 33 32 57 17 39 26 41 39 39 8 17 37 35 24 51 65 56 45 8 42 6 39 38 51 6 25 27 6 38 39 48 40 47 30 28 24 22 24 11 51 24 48 7 40 40 28 18 54 45 11 27 34 20 17 22 43 23 33 39 35 29 13 36 40 60 12 51 6 18 27 36 50 47 30 25 39 24 35 17 22 31 40 17 19 35 41 26 32 37 12 38 31 34 49 30 8 50 42 32 34 26 31 29 38 54 40 40 50 36 34 45 57 39 50 41 12 19 64 38 30 36 35 6 39 5 25 32 52 44 30 37 43 47 52 14 42 36 41 53 44 9 8 45 9 40 20 5 23 50 45 16 15 63 34 50 47 53 15 8 19 18 48 48 43 45 48 40 39 20 29 34 32 54 39 42 22 29 34 33 30 44 22 6 30 41 14 37 20 9 16 52 25 39 42 11 27 24 37 44 32 25 29 45 13 8 26 39 45 51 57 51 38 35 14 19 12 41 41 65 45 38 28 6 36 44 38 24 26 39 42 17 42 45 19 29 19 32 32 32 51 15 33 20 8 29 33 32 50 41 45 26 44 33 11 33 34 26 45 33 38 36 42 37 39 36 26 9 27 37 35 8 40 40 39 20 44 36 54 47
58 29 50 41 13 21 33 18 23 46 22 45 36 39 35 31 28 52 9 0 40 26 5 18 8 20 24 21 20 19 50 39 35 48 46 34 41 38 9 16 50 24 13 36 42 40 45 55 35 43 10 38 34 13 31 24 32 36 15 23 16 15 31 19 41 30 39 28 33 16 24 36 26 24 16 45 45 6 51 22 36 30 39 42 30 15 36 30 29 26 27 30 46 45 13 13 11 23 16 45 25 28 26 32 29 13 41 42 30 34 32 23 39 31 17 1 47 10 30 31 50 44 37 22 32 25 9 12 10 29 46 11 20 36 18 9 8 15 2 37 22 21 29 17 14 39 3 18 21 12 46 29 35 34 13 39 13 14 23 4 5 45 35 2 32 15 31 25 26 22 37 45 34 22 26 7 18 15 25 19 53 8 49 43 15 5 25 36 23 35 40 33 3 30 20 15 36 37 27 28 33 33 12 25 26 35 41 35 51 18 13 13 37 54 31 44 8 32 22 1 14 30 25 50 9 32 30 20 44 33 19 33 38 22 36 29 42 35 27 39 51 40 37 9 48 36 21 41 37 18 30 8 15 18 44 27 26 31 44 20 15 19 37 7 27 35 27 28 49 19 34 24 37 38 33 11 18 29 27 20 43 57 49 38 13 38 9 35 31 44 13 17 22 13 32 32 40 33 39 22 20 21 15 15 18 43 20 40 11 33 33 22 10 46 37 12 22 26 16 11 18 38 16 25 34 27 24 20 33 32 52 20 43 13 16 19 31 43 39 22 18 31 16 27 17 17 27 33 24 20 28 33 22 25 32 19 30 24 32 41 26 13 43 34 30 27 19 25 24 30 46 33 32 42 30 26 37 49 35 42 34 12 12 56 32 24 30 29 14 35 12 25 27 47 36 26 34 39 41 47 6 36 28 34 45 39 17 10 37 15 37 18 8 16 44 39 9 16 55 26 42 42 47 15 1 18 23 43 40 37 38 41 33 33 22 23 26 29 46 33 34 14 22 26 25 22 39 16 14 28 37 15 29 13 16 18 44 18 33 38 4 26 24 29 37 24 22 22 39 15 5 19 32 37 44 49 43 31 28 7 19 12 34 36 57 38 31 21 13 31 36 33 24 21 36 34 9 35 37 15 27 13 30 27 24 43 17 31 17 6 22 27 24 42 37 38 22 36 26 3 25 26 22 40 25 30 32 40 29 33 32 20 5 24 33 27 11 37 33 31 18 36 33 46 40
28 64 34 61 41 39 8 49 46 12 46 19 43 28 31 9 54 21 48 40 0 44 40 23 43 47 24 57 41 54 21 30 5 26 22 34 9 27 48 27 15 48 48 5 27 29 13 25 56 30 49 57 56 47 36 17 20 47 53 37 44 53 37 32 17 26 26 41 7 55 35 25 26 50 31 19 19 38 17 55 49 39 6 15 51 41 32 13 36 50 34 12 32 25 46 40 48 53 54 19 52 33 42 12 12 28 3 30 13 46 9 36 22 51 44 41 10 39 15 16 18 5 10 54 30 25 35 50 33 14 15 31 53 33 23 33 34 54 41 38 28 46 12 33 54 29 41 23 24 34 23 19 33 18 35 26 30 50 44 43 41 25 5 42 25 38 24 23 25 24 43 7 43 31 50 43 50 39 19 22 26 41 22 8 48 35 22 49 36 7 36 56 41 55 45 35 9 20 24 29 45 40 33 54 39 45 15 25 26 54 34 42 41 27 18 28 45 14 56 39 50 30 53 18 32 27 34 44 27 19 24 11 33 55 42 50 25 29 30 20 17 24 34 31 29 30 49 7 31 44 12 47 40 22 10 17 40 55 24 52 54 39 13 40 53 32 37 45 14 46 42 51 33 59 23 45 45 24 26 33 21 28 25 18 49 51 47 33 34 14 52 24 27 50 37 14 4 35 5 18 20 35 35 27 55 8 32 5 49 31 8 27 31 7 13 49 37 18 33 36 33 43 26 18 28 20 28 58 35 9 28 57 15 51 47 21 24 14 13 20 25 11 26 15 50 30 47 18 60 54 24 7 44 35 44 55 19 20 53 3 42 51 33 19 53 27 22 34 40 16 22 10 10 19 32 23 15 23 46 22 9 42 35 28 39 37 21 18 53 52 49 43 41 32 19 32 52 30 23 30 34 21 14 31 8 28 56 48 28 52 55 37 46 34 23 34 33 50 24 16 14 26 26 49 40 50 56 28 27 23 19 28 13 39 48 25 17 36 9 21 15 28 23 14 15 22 30 30 53 39 32 51 17 30 53 52 6 32 39 54 37 41 54 27 32 21 49 24 39 51 43 24 35 10 17 27 6 11 14 34 52 48 30 29 26 33 12 32 53 44 16 43 44 31 52 12 32 25 3 40 51 32 52 39 20 26 45 53 37 42 25 23 17 21 45 25 41 5 16 38 28 16 29 28 16 10 49 59 21 36 46 24 42 34 33 16 49 54 10 29 40 22 51 21 9
49 50 68 18 14 7 37 14 5 44 47 57 13 26 55 38 12 46 30 26 44 0 22 31 20 9 41 43 7 43 42 25 39 37 60 17 40 56 27 35 47 6 37 41 59 27 54 47 13 61 27 15 12 37 12 31 27 11 36 46 41 24 53 13 54 48 27 5 40 32 10 54 45 9 17 38 39 21 47 46 10 9 41 38 7 12 56 40 11 7 49 39 63 60 38 14 35 47 24 58 10 14 4 44 35 25 47 27 32 9 39 46 31 8 42 26 47 35 42 44 45 47 36 47 52 43 20 23 20 31 41 30 45 57 26 22 22 34 27 17 42 46 34 39 32 57 25 33 38 35 37 44 19 29 36 56 33 38 48 26 22 34 42 26 50 12 23 42 45 21 14 47 10 14 8 21 42 40 26 28 44 19 41 42 17 24 42 11 9 38 22 12 24 12 7 39 37 29 21 17 9 11 17 14 5 10 52 53 41 40 16 38 15 43 46 61 32 44 45 26 37 17 13 46 24 21 51 7 60 48 23 34 58 46 13 7 58 21 16 53 47 56 20 25 64 21 10 48 57 43 33 30 40 29 52 28 50 12 59 15 33 44 48 32 11 19 9 2 47 44 10 9 57 15 50 36 43 22 19 43 35 48 39 52 37 13 25 55 14 54 29 33 41 35 13 43 42 16 41 31 30 44 14 22 40 43 42 42 25 18 39 42 23 48 34 21 8 26 39 16 40 15 32 27 53 25 44 41 55 36 41 40 39 35 13 29 48 53 36 28 35 34 23 40 16 38 4 47 46 17 21 39 5 11 8 41 26 38 9 44 2 25 26 29 10 18 32 11 5 29 37 42 35 35 15 21 33 41 10 33 43 37 16 47 11 8 46 43 34 11 35 49 5 65 30 48 10 57 56 63 24 51 32 19 46 56 35 23 24 38 13 42 25 13 59 21 31 18 47 30 38 58 62 17 27 14 47 60 28 54 52 28 44 13 47 40 28 52 46 49 31 23 39 34 34 24 58 37 34 51 56 19 28 32 38 19 50 14 12 13 28 50 14 20 21 24 8 40 18 20 23 35 14 36 56 38 49 40 38 26 16 19 20 55 49 22 41 13 32 7 32 9 49 43 11 33 26 25 43 12 9 35 9 7 25 32 42 9 41 32 20 44 29 34 13 27 5 40 37 25 17 30 42 58 32 35 7 17 24 14 7 37 21 46 54 29 24 12 42 19 43 28 8 38 48
56 31 53 37 9 17 33 14 19 45 26 47 32 37 38 32 24 51 10 5 40 22 0 19 4 16 26 24 16 23 48 36 35 46 48 30 40 41 9 18 49 20 16 36 45 38 46 54 31 46 10 34 30 17 27 24 30 31 18 26 20 13 35 16 43 32 37 24 34 17 21 39 29 20 13 43 44 3 50 25 32 26 39 41 26 11 39 31 26 22 30 31 49 47 17 8 14 27 15 47 21 25 23 34 29 13 42 39 29 29 33 27 37 27 21 4 47 14 31 32 48 44 36 26 35 28 6 10 9 28 45 13 24 40 18 8 7 17 5 33 25 25 29 20 15 42 4 20 23 15 45 31 32 32 16 41 16 17 27 6 1 43 36 5 35 11 29 28 29 20 33 45 30 19 22 4 22 19 24 19 51 4 47 42 11 6 27 32 19 34 37 29 3 26 16 19 36 35 25 25 30 29 9 21 22 31 42 38 49 21 10 17 33 52 33 47 11 33 25 5 17 27 21 49 8 29 33 16 46 35 18 32 41 25 32 25 44 32 24 41 50 42 34 10 51 33 17 41 40 22 30 10 19 19 45 26 30 27 46 16 16 23 38 11 23 32 23 24 48 23 30 20 40 34 36 15 22 27 25 24 41 55 47 40 16 34 8 38 28 45 13 19 24 15 28 33 40 30 39 23 21 25 12 14 21 43 23 40 10 30 33 25 10 46 35 10 18 25 20 7 21 34 17 24 37 26 27 23 37 32 50 22 42 16 12 20 33 44 38 21 20 31 15 29 13 20 23 35 27 17 25 34 18 22 29 22 29 25 27 41 21 12 40 33 26 24 20 21 20 29 44 34 32 40 26 24 35 48 30 40 35 16 9 55 28 20 32 31 16 31 15 29 23 50 34 29 30 42 44 49 7 38 27 31 45 41 18 9 35 18 33 22 7 13 46 35 12 13 53 26 40 44 49 12 6 15 26 46 38 40 40 38 34 30 26 25 25 33 46 35 32 13 24 27 26 21 42 19 16 32 40 13 28 15 19 15 45 15 29 34 8 30 20 27 34 22 18 25 35 12 4 21 29 36 46 47 44 32 29 8 15 9 31 39 55 35 32 18 15 28 35 29 28 25 32 33 10 32 38 10 23 16 26 23 23 41 21 26 21 11 20 29 23 40 33 35 17 36 27 5 23 25 25 43 25 30 28 36 27 29 28 22 2 27 37 26 10 33 34 29 22 34 28 44 41
45 42 37 49 22 25 17 30 31 30 26 29 36 31 25 14 39 38 25 18 23 31 19 0 22 30 11 35 26 32 36 32 18 37 30 30 25 25 26 7 35 33 26 19 29 32 28 42 43 31 27 45 42 25 29 8 21 38 31 20 23 32 25 19 25 18 30 30 16 33 24 23 15 34 15 32 32 17 36 34 39 30 24 28 37 23 26 13 28 35 21 13 33 30 24 21 25 32 33 29 35 25 30 16 12 7 24 34 15 36 15 20 28 38 23 19 31 18 13 14 35 27 22 32 22 13 14 29 13 15 32 9 32 26 7 12 13 32 19 34 13 26 13 13 31 27 20 3 8 13 34 14 31 22 13 25 8 27 25 21 20 34 18 20 20 20 23 12 14 15 37 29 35 19 35 22 28 19 13 4 40 20 36 27 29 14 11 40 24 19 36 42 19 40 29 15 21 25 18 23 36 33 15 37 28 36 24 22 39 32 16 20 36 41 16 30 23 15 34 17 28 25 36 36 11 24 22 28 30 18 10 18 28 33 36 37 28 28 23 23 36 25 33 10 34 29 32 24 27 24 15 24 19 3 26 13 24 40 29 33 32 20 20 17 37 30 27 33 34 25 35 34 27 46 20 23 24 21 21 16 31 44 37 22 27 42 26 26 28 27 30 2 12 28 30 15 23 30 23 6 4 18 18 9 33 27 15 24 27 28 16 12 10 29 23 28 24 14 13 17 14 37 4 12 23 17 14 35 25 16 40 35 29 29 28 5 18 26 25 8 5 15 9 11 30 11 34 17 38 34 19 17 29 25 35 32 19 8 39 25 30 29 36 23 39 21 1 24 27 17 34 16 16 29 26 17 24 37 37 31 17 20 16 44 32 25 15 13 31 41 27 25 29 34 24 19 40 27 27 33 13 21 13 29 29 26 34 27 30 30 43 18 25 18 29 34 11 31 41 12 28 28 32 30 18 31 34 30 31 23 23 32 16 32 28 10 13 24 30 18 20 9 9 9 8 11 28 10 30 25 26 30 17 8 31 33 27 18 32 44 15 25 36 23 32 14 32 9 36 30 22 6 29 22 28 38 26 14 11 12 32 27 28 25 43 33 13 20 30 34 23 34 26 14 41 20 9 26 20 22 36 10 38 28 13 33 24 39 17 19 15 13 9 30 38 28 27 20 8 16 20 11 14 27 9 14 38 47 19 31 35 7 21 18 24 13 28 43 15 26 21 25 39 33 22
58 32 57 34 7 15 36 10 17 47 29 50 31 37 42 35 21 52 11 8 43 20 4 22 0 13 30 25 14 24 49 37 38 47 51 30 42 44 9 22 51 17 18 39 48 38 49 55 28 50 9 32 27 19 26 27 32 30 18 30 23 11 38 16 46 36 37 22 37 15 20 43 32 17 14 44 45 6 52 27 30 25 41 43 23 9 43 34 25 19 34 34 52 51 19 7 16 29 12 50 17 25 21 37 32 16 45 39 31 28 35 30 39 24 24 7 49 17 34 36 50 47 38 28 39 31 9 8 11 31 47 17 26 43 21 10 10 16 8 33 29 28 32 24 15 45 6 23 27 19 46 35 32 34 20 45 19 19 30 8 3 44 39 7 39 10 30 31 33 22 32 47 28 19 19 1 24 22 26 21 52 3 49 44 8 9 31 29 19 37 37 26 5 23 14 23 38 36 26 25 28 28 10 18 20 29 46 42 50 21 11 20 32 53 37 50 12 36 26 8 18 27 18 51 12 29 37 14 50 39 20 35 45 27 31 22 48 32 25 44 52 46 34 13 54 33 14 45 44 25 32 11 22 22 48 28 33 24 49 13 15 27 41 14 20 32 22 22 50 25 28 17 44 31 39 17 25 28 25 27 42 57 48 44 18 32 7 42 27 48 12 22 28 16 27 36 42 30 41 25 24 28 12 17 22 45 27 42 8 30 36 29 13 48 37 6 17 27 23 8 25 33 21 26 41 27 31 23 40 35 51 22 43 16 9 22 37 47 39 24 23 33 18 32 10 23 21 38 27 14 26 37 15 22 27 22 30 29 25 44 20 9 40 34 23 25 23 21 18 31 45 37 34 41 26 25 37 49 29 41 38 19 10 56 27 19 35 34 16 29 16 32 21 54 35 33 27 45 47 53 10 42 30 31 48 45 18 6 35 19 30 25 6 13 50 35 15 9 55 28 42 48 53 9 9 11 28 49 39 43 44 39 37 29 28 29 27 37 48 39 34 16 28 29 29 23 46 23 16 35 43 9 30 19 19 11 48 15 28 32 11 33 17 27 34 24 15 28 35 9 3 24 28 38 49 48 46 35 32 12 12 6 31 43 57 35 35 18 14 26 36 27 31 28 30 35 13 33 41 9 20 20 23 22 25 42 23 24 24 13 21 33 26 42 31 36 16 39 30 8 23 28 28 47 28 33 26 33 28 29 26 26 3 31 40 28 7 30 37 29 26 35 26 45 44
56 42 67 21 9 10 40 5 5 49 42 58 21 34 53 40 9 52 23 20 47 9 16 30 13 0 40 36 7 35 48 32 42 44 60 24 44 55 19 32 52 4 30 43 58 34 56 54 15 60 20 19 14 31 20 32 32 19 29 42 35 16 50 16 54 47 34 13 42 24 15 53 43 4 17 44 45 16 53 38 18 18 45 43 11 8 54 41 19 7 45 40 62 60 31 10 28 41 15 59 5 20 12 44 37 24 50 35 35 17 41 42 37 12 36 20 51 30 43 44 50 51 41 40 50 42 17 15 18 34 47 27 38 54 26 19 19 26 21 25 39 40 37 35 24 56 19 32 37 31 44 44 27 34 32 55 30 31 43 20 16 41 44 19 49 10 28 41 43 24 22 51 19 18 6 14 36 35 29 28 50 13 47 46 9 20 40 18 14 41 30 13 18 10 3 35 41 35 26 22 17 20 16 8 13 19 53 52 48 33 15 32 24 50 45 60 25 44 38 21 30 23 7 51 21 27 48 4 59 48 25 38 56 39 22 10 57 28 21 53 52 55 28 22 64 29 2 50 55 37 36 23 35 29 54 31 45 11 58 7 25 39 49 26 8 27 16 11 52 38 19 5 55 18 49 29 37 27 24 39 41 55 45 52 30 20 17 53 22 56 21 31 39 27 20 44 46 24 45 32 30 40 13 22 33 48 38 46 17 25 41 39 21 52 39 13 12 30 35 13 36 24 30 30 51 28 42 33 52 39 48 32 44 28 5 29 47 55 41 29 33 37 23 40 7 35 9 47 38 9 26 42 5 17 17 34 31 37 12 48 10 17 34 34 10 23 31 16 11 33 44 43 38 41 22 26 38 48 18 39 44 31 14 54 20 13 45 43 26 16 28 44 13 64 35 45 15 56 56 63 20 51 34 26 51 55 26 16 31 31 18 37 18 14 59 29 27 9 54 32 43 58 62 9 21 5 39 59 35 53 52 35 45 21 41 39 31 49 50 48 36 22 38 36 35 26 56 34 27 47 54 10 32 29 31 10 53 16 20 19 23 46 7 25 29 27 3 38 27 11 16 34 22 40 57 45 52 41 39 23 8 12 27 54 55 29 42 17 24 16 37 18 44 40 18 38 23 31 46 9 7 31 10 14 28 39 36 11 36 26 23 43 31 40 21 33 8 43 37 20 22 32 39 57 33 37 14 20 29 22 15 35 15 43 51 32 16 18 44 25 38 33 13 44 50
50 42 28 59 31 35 21 39 41 34 23 22 46 39 14 17 48 43 30 24 24 41 26 11 30 40 0 36 36 32 42 41 21 44 23 40 29 15 31 8 38 42 28 20 19 40 23 47 53 21 32 55 52 26 39 14 30 48 34 13 21 38 16 29 19 8 39 40 18 38 34 14 5 43 25 37 38 25 39 33 49 40 27 34 47 32 15 11 39 44 12 13 23 22 25 30 28 30 39 23 45 36 40 13 16 17 24 42 21 47 16 13 36 48 22 25 33 19 9 9 39 28 26 31 12 3 23 35 22 22 36 13 31 16 17 21 21 35 24 44 5 23 17 10 36 17 26 9 3 13 41 7 40 30 14 16 11 29 20 26 27 41 19 25 10 30 32 2 4 25 47 30 45 30 44 29 27 17 22 14 46 28 41 30 37 21 3 50 34 22 45 51 26 49 39 13 26 33 28 33 46 43 25 46 38 47 19 13 45 33 26 20 46 47 9 21 27 11 34 23 30 35 45 40 19 34 12 38 21 10 20 24 17 32 46 47 19 38 33 16 40 17 42 18 25 39 41 22 16 21 20 29 18 13 23 21 17 50 20 41 36 15 15 21 47 39 38 43 37 23 45 44 17 56 10 25 22 30 30 10 38 49 43 15 29 52 32 15 38 22 35 9 4 31 40 11 25 40 26 14 13 12 28 19 34 30 9 26 34 37 18 3 19 30 29 35 34 23 11 27 10 48 10 21 13 26 5 37 16 20 47 37 34 32 37 14 8 21 30 17 7 20 19 9 39 9 44 11 38 43 29 19 39 35 45 33 27 6 49 26 40 36 45 31 49 31 10 34 37 25 40 15 21 36 36 27 30 42 48 38 15 21 26 49 42 35 7 7 34 51 30 20 40 25 32 10 50 17 18 24 20 13 19 38 31 16 37 33 39 32 53 14 31 28 21 43 15 39 46 20 33 19 24 38 23 40 34 20 40 14 16 41 12 42 25 1 20 15 33 10 27 19 3 14 13 21 17 8 34 17 16 38 25 11 33 40 26 28 43 54 20 18 45 32 41 23 42 2 46 38 28 6 39 27 22 45 24 13 12 18 41 35 37 15 48 42 13 30 35 44 30 44 21 8 52 25 17 35 21 32 46 12 48 39 22 41 22 49 14 23 25 4 18 37 48 37 37 22 10 22 30 19 6 18 16 19 48 57 28 41 45 5 28 11 14 21 34 53 14 35 17 34 49 39 20
78 8 57 55 31 40 52 32 40 65 18 57 55 60 42 49 42 72 14 21 57 43 24 35 25 36 36 0 38 4 70 60 53 69 57 54 60 47 17 30 69 40 10 53 50 61 59 76 50 51 17 53 49 11 51 42 53 54 8 26 16 22 34 39 54 39 60 46 51 14 44 46 36 39 37 65 66 26 70 5 53 50 58 62 46 33 42 45 49 42 32 46 53 55 12 32 11 11 23 57 38 49 45 48 47 32 58 63 49 52 49 27 60 47 16 21 66 18 44 45 69 62 56 9 39 36 29 22 31 49 66 27 7 42 38 30 28 11 20 57 32 17 47 26 13 47 21 35 35 24 67 42 56 54 23 48 28 8 21 19 24 66 52 20 42 34 52 38 37 43 56 63 52 42 41 24 9 20 45 38 73 26 69 62 28 26 38 53 43 53 61 47 22 44 37 23 55 57 48 49 52 52 32 37 45 53 54 45 71 4 34 16 57 74 44 52 14 46 4 22 8 50 38 70 29 52 35 37 53 46 39 53 43 6 55 45 52 56 48 50 70 50 58 29 57 57 36 57 44 16 49 15 19 37 59 47 27 45 54 32 12 23 51 18 41 56 47 45 69 15 53 39 43 52 44 13 15 50 48 28 63 78 69 51 9 55 19 40 51 57 15 34 33 9 52 46 58 54 58 41 39 27 35 36 4 62 28 58 20 53 50 33 30 64 56 24 41 46 25 31 26 57 32 45 43 48 34 4 37 51 73 5 63 9 31 38 41 56 59 41 33 50 37 43 30 28 44 46 3 31 48 51 39 46 51 3 51 39 47 59 44 19 63 55 44 47 36 45 43 50 66 49 51 62 50 47 57 70 53 63 50 16 33 77 52 44 41 43 10 52 10 23 45 55 56 33 50 46 52 55 27 47 47 55 64 46 11 21 58 6 53 23 19 37 55 59 25 27 75 46 61 51 57 28 20 32 6 51 61 48 50 62 47 53 15 35 46 33 65 44 54 34 36 44 43 42 47 28 10 29 43 26 49 28 6 28 61 39 53 55 22 26 36 50 58 44 38 35 59 25 22 34 52 57 57 70 59 47 44 26 31 25 54 44 77 59 47 42 12 50 56 51 21 30 53 54 28 55 55 33 42 26 45 46 44 64 15 46 23 17 43 39 43 63 55 58 40 54 42 23 46 45 31 48 44 49 49 55 49 53 50 34 23 30 39 47 21 53 48 52 21 57 49 66 55
50 45 63 23 7 4 34 10 5 43 41 53 18 28 50 35 13 46 24 20 41 7 16 26 14 7 36 38 0 37 42 27 37 38 55 19 39 51 21 29 46 7 31 38 54 28 51 48 18 56 22 20 17 32 15 27 26 17 31 40 35 20 48 10 49 43 28 9 37 27 9 49 40 9 12 38 39 15 47 40 17 13 39 37 12 5 50 36 13 9 43 35 58 55 31 8 29 42 20 54 11 14 8 39 32 20 44 29 29 15 36 40 31 13 36 20 46 29 38 39 44 45 35 41 47 38 14 18 14 28 41 25 39 51 22 16 16 29 21 20 36 40 31 33 27 52 18 28 33 29 38 40 21 28 30 51 27 32 42 21 15 35 38 19 45 6 22 37 39 18 19 45 15 11 9 15 37 34 23 24 45 12 41 41 13 18 37 17 8 35 25 16 17 14 4 33 35 29 20 16 15 15 12 13 8 16 48 48 42 34 10 32 20 44 41 56 26 40 39 20 31 17 13 45 18 21 45 3 55 43 19 32 53 40 18 11 53 22 15 49 46 51 22 19 60 23 9 45 52 37 30 24 33 24 49 25 44 15 54 13 28 37 44 26 12 21 10 9 46 38 15 10 52 20 45 29 37 21 18 37 35 49 39 47 31 19 19 50 16 51 24 27 35 29 15 39 40 18 39 27 26 38 8 18 35 42 36 40 19 19 35 36 18 46 33 16 6 24 33 10 34 20 27 24 48 23 38 36 49 33 43 35 38 29 9 24 43 50 35 24 30 31 19 35 12 32 9 43 40 15 20 36 3 11 14 35 25 33 14 42 7 20 29 28 13 17 27 10 5 27 37 38 32 34 16 19 32 42 16 33 39 31 10 48 15 8 41 38 28 17 29 43 8 60 29 42 15 52 52 59 18 47 29 21 45 51 30 18 26 32 18 36 19 9 54 24 25 14 48 26 37 54 58 13 21 11 41 55 30 49 48 29 40 16 41 35 25 46 45 44 29 18 34 30 30 20 53 31 29 45 51 15 26 27 33 15 47 10 16 19 22 44 14 19 23 21 8 34 22 15 17 30 17 35 52 39 46 36 34 20 13 14 21 50 49 24 37 10 26 13 31 14 43 37 17 32 20 25 40 6 11 29 13 9 22 33 36 13 35 26 17 39 25 34 18 27 3 37 32 19 16 27 37 53 28 32 13 22 23 17 12 32 16 40 49 26 18 18 39 19 37 27 14 38 45
75 10 53 55 30 39 49 32 40 62 14 53 54 58 38 45 42 69 14 19 54 43 23 32 24 35 32 4 37 0 67 58 50 66 53 52 57 43 16 27 66 39 7 50 46 59 55 73 50 47 17 54 49 8 49 39 50 53 8 22 12 22 30 38 50 35 58 45 47 15 43 42 32 39 34 62 63 24 67 3 53 48 55 59 46 32 38 42 48 42 28 43 49 51 8 30 9 8 24 53 39 47 44 44 44 30 55 61 46 51 46 23 58 47 12 19 62 15 40 41 66 58 53 5 35 33 27 22 29 46 63 24 3 38 35 27 26 12 18 56 28 13 44 23 13 43 19 32 31 20 64 38 54 52 20 44 24 6 17 17 22 63 49 19 38 33 50 34 33 41 55 60 51 40 41 23 5 16 42 34 71 25 66 58 28 24 34 53 42 50 59 47 20 44 37 19 52 55 45 47 51 51 30 37 44 52 50 41 69 4 32 13 56 71 40 48 12 42 3 20 7 48 38 67 26 50 31 37 49 42 37 49 39 4 54 45 48 54 46 46 67 46 56 26 53 55 36 53 40 12 46 14 15 34 55 44 23 45 50 32 13 19 47 15 41 54 45 45 65 11 52 39 39 52 40 10 11 47 46 24 61 75 67 47 7 55 18 36 50 53 16 31 29 8 50 43 55 52 54 38 35 23 34 33 5 59 24 55 20 51 47 30 28 60 54 24 40 44 22 29 22 56 29 42 39 45 30 7 33 48 70 8 60 9 30 35 37 52 56 38 29 47 34 39 30 24 44 42 7 31 46 48 39 44 50 3 48 35 47 56 43 20 61 52 45 45 33 43 41 47 64 45 48 59 48 44 54 67 52 60 46 12 31 74 50 42 38 39 11 51 9 19 44 51 54 29 50 42 48 51 24 43 44 53 60 42 13 21 56 6 53 19 19 35 51 57 22 28 72 43 58 47 53 28 18 32 4 47 59 44 46 59 44 52 11 31 43 29 62 40 51 32 32 41 39 40 43 25 10 25 39 27 47 25 6 28 57 37 51 54 19 22 36 48 56 42 38 32 57 26 21 30 51 54 53 68 56 43 41 23 31 25 52 40 74 57 43 40 13 49 54 51 17 26 53 51 25 53 51 32 42 22 45 45 42 62 11 46 19 14 40 35 40 60 54 56 39 51 39 21 44 42 27 44 40 45 49 55 47 51 49 30 22 26 35 44 21 53 45 50 17 54 48 64 51
9 77 55 55 45 39 22 51 45 11 62 39 35 17 51 26 53 5 58 50 21 42 48 36 49 48 42 70 42 67 0 19 22 8 43 26 14 48 57 42 9 47 61 23 48 17 33 6 52 51 57 51 51 60 31 29 18 40 64 54 58 59 56 35 38 46 15 38 25 64 33 46 45 50 35 5 5 46 9 69 42 34 17 9 48 44 52 32 32 48 53 30 53 46 59 44 59 68 60 40 51 29 39 32 26 38 24 17 22 40 26 54 12 48 59 50 14 53 35 35 5 20 16 68 50 43 42 56 40 22 6 44 67 53 32 41 43 64 51 29 46 62 25 49 63 50 50 37 41 48 6 39 25 16 49 47 44 62 61 53 49 9 25 51 45 41 21 41 44 28 35 17 37 32 49 50 64 54 25 33 5 47 1 13 53 45 40 43 35 20 24 53 50 53 46 51 17 14 24 26 39 34 40 55 37 38 36 46 5 66 39 56 32 6 38 49 56 34 69 49 62 26 54 6 42 22 53 45 48 39 31 19 54 69 34 48 46 22 27 41 8 45 25 42 50 21 50 28 52 59 22 57 55 34 30 24 58 53 45 54 64 55 34 52 52 23 34 42 10 61 36 51 53 54 43 58 60 22 25 50 8 8 5 39 61 44 55 54 29 35 60 38 45 61 31 33 19 27 18 31 33 52 39 35 67 15 49 18 57 25 25 44 40 18 14 55 37 24 49 42 49 34 40 25 48 23 46 69 55 22 7 69 8 62 50 33 44 35 12 30 40 22 34 33 53 46 45 38 73 56 24 24 44 32 39 67 20 37 50 20 40 58 19 16 51 26 36 33 38 20 5 29 22 9 28 25 13 2 40 10 29 56 40 8 32 35 41 37 63 47 61 60 38 53 14 51 48 51 44 51 44 42 24 24 16 49 66 55 18 64 49 53 55 37 44 24 46 55 6 25 9 47 47 54 50 52 70 49 15 44 40 16 33 32 64 42 25 56 14 41 17 36 40 29 30 28 51 45 63 58 52 55 21 43 65 57 25 35 33 47 49 59 55 24 23 26 49 41 29 56 51 40 29 15 38 8 26 30 31 44 55 53 23 50 8 23 31 33 62 38 14 37 61 48 46 17 42 18 24 43 50 46 50 36 26 12 60 50 53 54 29 42 28 9 37 16 41 21 32 47 27 25 47 49 28 24 44 53 22 29 40 40 50 52 53 24 56 48 30 24 56 15 46 5 30
25 67 61 37 31 24 25 36 29 24 57 47 17 3 53 28 36 23 46 39 30 25 36 32 37 32 41 60 27 58 19 0 27 13 51 9 22 51 45 38 25 31 51 28 54 2 42 24 34 56 45 33 34 51 13 27 12 22 54 51 51 45 56 21 44 47 4 20 29 51 18 49 45 33 24 15 16 34 26 60 24 16 25 17 30 30 54 34 14 31 52 32 58 52 51 30 49 60 45 48 35 13 22 36 26 30 33 3 21 21 30 51 9 30 52 40 28 45 37 38 22 31 20 60 51 43 31 43 29 20 20 37 59 55 26 31 32 52 40 11 44 56 25 44 51 53 39 34 38 42 14 40 7 13 43 51 38 52 56 42 37 10 30 40 47 27 10 41 44 18 17 29 18 18 32 37 56 48 19 28 20 35 18 24 38 34 40 25 19 25 7 35 39 35 30 46 21 10 14 12 20 16 28 38 20 20 43 49 17 56 26 49 14 19 41 54 46 37 60 39 52 10 37 23 32 8 53 29 53 42 23 21 56 60 16 30 51 5 13 46 25 50 7 33 57 4 34 36 55 53 23 46 49 29 39 20 55 35 51 39 52 51 39 43 35 6 17 24 26 55 17 34 55 36 46 49 53 12 13 47 12 24 15 44 52 26 43 55 11 43 48 34 43 51 13 36 27 10 25 28 29 49 25 26 57 25 46 26 44 8 28 42 31 30 17 41 21 19 44 30 45 16 35 21 51 15 45 59 56 25 17 58 18 52 35 28 45 43 17 25 37 23 25 34 38 42 27 41 63 41 13 28 27 16 21 57 14 36 32 29 23 45 4 12 33 13 32 17 22 17 14 33 23 13 11 15 15 18 22 10 33 48 28 23 15 19 42 38 52 29 50 56 21 59 11 49 30 54 49 57 34 46 23 6 28 52 54 42 2 54 31 49 42 24 51 6 38 40 23 22 18 53 54 39 40 37 61 54 5 48 45 3 37 14 57 41 21 54 27 44 16 27 39 28 29 21 54 41 52 56 54 40 17 37 55 42 35 22 15 29 39 56 39 10 4 19 32 40 11 41 39 37 11 20 46 14 35 32 31 35 39 39 6 53 25 5 33 19 50 21 14 19 57 46 28 19 34 7 30 29 33 41 32 19 20 7 53 32 48 44 19 42 24 11 19 5 25 27 32 37 14 23 45 53 26 25 27 35 13 12 23 38 38 50 54 21 43 30 34 8 51 9 29 15 37
30 60 35 56 36 34 3 44 41 14 42 21 39 25 30 5 50 22 43 35 5 39 35 18 38 42 21 53 37 50 22 27 0 26 24 30 9 27 43 23 18 43 44 2 28 26 16 26 51 31 44 52 51 43 32 12 16 43 49 34 40 48 35 27 18 25 24 37 4 50 30 24 24 45 26 19 19 33 19 51 44 34 6 15 46 36 31 10 32 45 32 9 32 26 42 35 43 49 49 22 47 29 37 11 7 23 8 28 8 42 5 33 19 47 40 36 13 35 13 14 19 10 8 50 28 22 30 45 28 9 16 26 49 32 18 28 29 50 36 34 25 42 7 29 49 29 37 19 20 30 22 17 30 15 30 26 26 45 40 38 36 24 4 37 24 33 20 20 22 19 39 11 39 26 45 38 45 35 14 17 26 36 22 10 43 30 19 45 31 3 33 51 36 50 41 32 7 17 19 25 41 36 28 49 35 40 16 25 26 50 29 38 37 28 17 28 41 13 52 34 46 26 49 20 27 23 32 40 27 18 19 7 33 50 38 46 25 26 26 20 19 24 31 26 31 27 44 10 31 40 7 42 36 17 13 12 37 50 25 47 49 35 13 35 48 28 33 40 17 42 38 46 32 54 22 41 41 20 22 30 20 29 25 18 45 47 42 32 30 17 47 19 24 46 33 12 5 31 5 13 15 32 30 22 51 10 29 6 44 27 3 24 26 11 11 44 32 13 29 31 29 39 22 13 27 16 25 53 34 4 28 53 15 47 42 16 22 16 12 15 21 6 21 12 45 27 43 17 56 49 20 3 39 30 40 50 15 16 48 7 38 46 30 16 49 23 17 30 35 12 21 8 5 18 28 19 13 23 42 21 7 38 30 29 35 32 19 15 49 48 45 40 36 33 16 30 48 29 23 31 29 21 9 27 11 28 51 43 25 48 50 34 41 29 24 31 29 45 26 11 14 27 28 44 35 45 52 28 24 23 19 26 12 35 44 21 12 34 13 20 11 23 20 9 11 17 30 26 48 37 31 46 13 25 49 47 11 27 35 50 33 38 49 23 29 16 44 20 36 46 38 20 31 9 19 26 10 8 10 29 47 43 26 29 28 30 9 27 48 40 13 39 41 28 48 9 27 21 4 35 47 28 48 34 15 24 41 48 33 37 20 20 12 20 41 22 36 2 12 33 23 11 26 28 11 5 45 55 17 32 41 20 37 31 31 11 44 49 9 25 37 19 47 21 10
13 76 60 49 42 35 25 47 41 17 63 44 28 11 55 29 48 12 56 48 26 37 46 37 47 44 44 69 38 66 8 13 26 0 48 21 18 52 54 43 16 43 60 27 53 11 38 12 46 56 55 45 46 59 25 30 16 33 63 56 58 56 59 31 42 49 10 33 28 62 29 50 47 45 33 8 8 44 16 69 35 28 21 12 42 40 56 35 26 43 55 33 57 51 59 41 58 67 56 45 47 24 34 35 28 37 29 10 23 34 30 55 9 42 59 49 21 53 38 39 13 26 18 68 53 45 40 54 38 23 12 44 67 57 32 39 41 62 49 22 47 62 27 49 61 54 49 38 42 48 4 42 19 15 49 51 44 61 61 51 47 3 29 49 49 38 18 43 46 26 29 23 31 29 44 47 63 55 25 33 7 45 7 19 49 43 42 36 30 23 18 47 48 47 42 51 19 12 22 22 33 28 37 50 32 32 40 49 4 65 36 56 26 7 42 53 55 38 68 47 61 22 49 13 40 18 55 41 52 42 30 21 58 68 27 42 50 16 23 45 15 49 19 40 55 16 46 33 56 60 24 55 55 34 35 24 59 47 49 50 61 56 38 51 47 18 29 36 17 61 30 46 57 48 47 57 60 20 22 51 7 12 3 43 60 38 53 57 23 40 58 39 46 60 25 37 23 22 22 32 33 54 35 33 66 20 50 22 54 19 28 46 39 24 16 52 33 23 50 40 50 28 40 25 52 21 48 68 58 25 5 67 12 61 46 33 47 40 14 30 41 24 33 36 49 47 40 41 71 52 21 27 39 28 33 66 19 39 44 25 35 55 13 14 45 23 36 28 34 20 5 32 24 9 23 22 14 6 34 6 33 55 37 11 27 31 44 40 61 41 59 62 33 57 13 53 42 55 48 55 42 46 25 18 22 53 64 53 13 63 42 54 52 34 49 17 45 51 12 25 13 52 52 50 49 48 69 53 9 48 44 10 36 26 64 44 25 58 20 45 17 35 42 30 32 27 55 46 61 60 56 52 21 43 64 53 31 32 27 41 48 61 50 20 17 25 44 43 23 52 49 41 23 17 43 2 31 33 33 43 51 50 18 54 12 17 34 29 60 33 14 31 62 50 39 19 41 14 28 40 45 47 44 31 25 6 60 44 53 53 27 44 28 7 31 11 36 25 34 46 24 26 49 53 29 26 39 47 20 24 35 42 47 54 56 24 53 41 33 19 57 13 41 6 34
48 62 12 77 52 54 26 60 60 33 41 4 61 49 17 23 68 42 52 46 22 60 48 30 51 60 23 57 55 53 43 51 24 48 0 53 31 12 53 30 36 62 49 23 9 50 10 46 72 11 54 74 71 48 54 29 40 65 56 31 42 60 26 47 7 19 47 58 22 60 51 12 21 63 44 41 41 46 36 53 66 56 28 37 66 53 18 20 54 64 26 21 11 4 47 51 50 49 62 3 65 51 58 17 26 37 20 51 30 63 22 30 43 67 42 47 30 41 18 17 39 24 31 51 19 22 44 58 43 32 37 36 51 19 34 42 43 58 47 58 26 41 27 32 58 13 48 29 25 36 45 17 53 39 36 10 33 51 38 49 49 47 21 48 16 50 44 21 21 40 62 27 61 47 64 51 48 38 35 32 47 50 43 30 58 43 21 67 52 26 57 71 48 69 59 34 30 41 42 47 63 59 45 67 56 63 9 13 47 55 46 42 60 49 15 8 49 16 54 45 51 49 66 39 40 46 24 58 7 13 37 31 18 52 61 66 6 50 48 8 38 8 55 39 7 50 62 16 16 41 29 51 39 32 14 34 32 70 4 63 58 35 13 43 67 52 54 61 35 43 61 64 18 75 13 47 42 43 44 30 43 49 47 9 50 69 54 20 53 9 57 30 26 53 55 17 25 54 27 29 30 31 48 38 56 29 30 26 56 50 24 25 40 26 35 57 53 35 33 47 31 62 31 34 15 38 23 59 23 27 49 59 37 54 58 32 16 9 35 33 29 29 37 21 60 31 63 13 59 64 42 23 58 51 62 55 39 23 69 24 58 58 54 39 68 45 30 51 55 35 44 19 28 41 51 41 37 44 64 44 18 42 46 49 57 53 17 18 57 69 52 36 57 11 40 25 69 14 6 9 42 11 30 51 28 12 60 55 49 54 71 35 53 47 3 55 37 60 45 32 36 8 4 59 46 61 53 8 48 10 8 49 16 57 44 24 33 26 30 14 35 39 24 26 26 37 13 31 56 31 17 60 35 33 55 62 19 46 58 71 42 33 66 45 53 37 62 24 59 60 50 28 54 32 6 49 18 20 23 40 62 56 49 15 46 53 20 47 57 61 37 61 38 28 69 32 39 45 21 52 66 34 67 56 36 48 43 68 35 45 41 20 32 43 64 46 56 25 24 44 45 31 26 10 29 27 66 76 40 55 63 26 50 28 21 32 56 71 18 48 37 43 67 43 14
33 61 63 29 24 16 28 28 21 30 53 50 9 11 53 30 27 31 40 34 34 17 30 30 30 24 40 54 19 52 26 9 30 21 53 0 28 52 38 36 32 22 46 32 55 11 46 32 26 58 39 25 25 46 5 26 15 14 48 49 47 38 54 15 47 47 11 12 32 45 10 50 44 25 19 23 24 29 33 55 16 8 29 24 22 23 54 35 6 23 50 33 60 55 46 24 44 56 38 51 26 6 13 37 28 27 37 11 23 14 32 49 16 22 48 34 34 41 38 39 30 36 25 55 51 42 26 36 24 22 27 34 54 55 24 26 27 46 35 5 42 52 27 42 44 54 34 32 37 39 22 41 3 16 40 52 35 47 53 36 31 19 33 35 48 21 10 40 43 16 10 34 11 13 24 31 51 45 19 26 28 28 25 30 31 30 39 17 12 28 7 27 33 27 22 43 25 16 13 8 13 8 23 30 12 12 45 50 25 51 21 44 8 27 42 56 41 39 55 33 47 6 29 31 28 8 51 21 55 43 21 24 56 55 9 22 53 6 7 48 32 51 4 29 59 5 26 39 55 49 25 40 45 27 43 20 53 27 53 31 45 48 41 39 27 3 9 16 33 51 10 26 56 28 47 44 49 11 10 45 20 32 23 46 46 19 37 55 3 47 41 32 41 45 5 38 31 1 30 27 27 47 19 22 51 31 44 31 37 3 30 41 27 36 22 34 14 19 41 24 43 10 33 21 51 16 43 52 55 27 25 52 25 46 27 26 45 46 23 24 35 25 23 35 30 40 19 43 57 33 12 31 19 9 13 51 15 35 24 34 15 38 10 16 25 10 30 10 14 19 21 35 26 20 5 13 20 26 14 18 35 44 22 31 6 12 43 39 45 21 45 54 13 61 16 48 22 55 51 59 29 47 24 4 34 53 47 35 8 48 23 46 36 18 53 5 35 32 32 22 24 54 57 32 35 29 56 56 13 49 47 12 38 6 53 40 21 53 33 45 20 24 38 29 29 19 55 39 46 54 55 33 18 34 49 34 40 16 7 21 35 54 30 9 5 18 24 39 7 34 33 35 3 24 49 22 40 34 32 31 31 32 5 53 33 5 35 13 44 12 19 11 54 44 20 23 30 10 34 22 25 38 24 11 19 16 49 24 45 39 16 42 23 19 12 12 17 30 32 32 11 23 43 54 26 27 18 27 14 3 14 36 31 48 53 22 36 22 36 5 48 13 20 23 40
21 67 42 56 39 36 9 47 43 5 50 27 37 20 38 13 51 14 49 41 9 40 40 25 42 44 29 60 39 57 14 22 9 18 31 28 0 35 48 31 10 45 51 10 36 21 21 18 51 39 49 52 51 50 31 18 14 41 55 42 47 52 43 30 25 33 19 37 12 56 31 33 32 47 29 11 11 38 11 59 43 33 3 7 47 39 39 19 31 46 40 17 40 33 49 38 50 56 53 28 49 28 37 19 14 29 11 23 12 40 13 41 14 47 48 42 7 42 22 22 11 9 5 57 37 30 34 50 32 12 8 33 56 40 23 33 34 56 42 32 33 50 13 37 55 37 42 26 29 37 15 26 27 12 38 34 33 52 49 44 41 17 12 43 32 36 19 28 31 22 37 7 38 28 47 43 53 43 17 23 18 40 14 2 47 36 27 44 32 8 29 52 42 51 43 39 5 13 20 24 39 35 33 52 35 39 23 33 17 57 32 45 35 20 25 36 47 21 59 40 52 25 51 11 33 21 40 42 35 26 23 8 41 58 36 46 33 23 25 28 11 32 28 32 37 24 46 15 39 48 11 48 44 24 18 15 45 51 32 50 55 43 20 42 50 25 33 41 9 50 37 48 40 54 30 48 49 19 22 38 13 21 17 26 52 46 48 41 29 23 52 27 32 52 31 20 6 29 4 20 22 40 33 26 57 4 37 5 49 25 12 32 31 9 7 48 34 16 37 35 38 37 29 16 35 16 33 60 42 10 19 59 7 53 45 22 31 22 5 20 29 10 25 21 48 35 43 25 63 52 20 11 41 30 39 57 15 24 49 7 38 51 25 13 49 23 25 30 36 13 14 16 10 11 27 20 9 15 41 14 16 45 33 20 33 33 28 24 55 47 51 48 36 40 12 38 48 38 31 38 35 29 14 25 7 36 57 48 21 55 50 42 47 32 31 28 35 49 17 15 6 35 34 48 41 48 59 36 19 31 27 20 20 33 52 30 15 43 6 28 10 27 28 17 18 20 38 34 54 45 39 49 14 32 55 51 14 30 34 48 39 47 51 21 25 19 46 29 33 50 43 28 29 4 25 19 14 17 18 35 50 47 23 37 19 26 18 29 54 39 9 37 49 36 47 8 33 18 10 38 48 35 48 34 18 18 49 49 41 44 23 29 17 13 39 18 38 8 20 39 24 15 35 35 17 12 44 54 17 30 41 28 42 39 40 14 49 49 17 23 45 15 46 13 17
54 51 13 73 46 49 28 54 56 38 30 14 60 50 6 24 63 47 43 38 27 56 41 25 44 55 15 47 51 43 48 51 27 52 12 52 35 0 45 23 41 57 40 25 5 51 19 51 68 6 46 70 67 38 52 26 40 62 46 21 32 52 15 43 12 9 49 55 24 51 49 3 13 58 39 44 45 40 43 43 64 54 32 40 62 47 7 18 52 59 16 20 8 9 37 45 40 38 54 13 60 49 55 17 25 32 25 53 31 61 23 20 45 63 31 39 36 31 15 14 44 30 34 40 8 14 38 50 37 32 42 28 41 8 30 36 36 48 39 57 17 31 26 22 49 2 40 23 18 27 49 12 52 40 27 2 26 41 27 40 42 50 23 40 6 45 43 14 12 38 61 33 59 44 59 44 38 28 34 28 52 43 48 35 52 36 15 64 48 29 57 66 41 64 54 25 33 42 40 46 60 57 39 61 53 60 14 3 52 45 41 32 59 54 11 7 40 15 44 37 42 47 60 44 34 46 13 53 6 10 34 32 8 42 59 61 6 50 46 8 43 5 54 33 11 50 56 21 5 31 29 42 29 28 21 33 21 65 8 56 49 24 15 34 62 51 52 57 41 33 58 59 7 71 6 37 32 42 43 20 46 54 50 10 41 66 46 9 51 16 49 24 17 43 53 16 30 53 31 26 26 21 43 34 46 34 20 31 48 50 25 16 34 32 37 50 49 34 23 42 22 61 25 32 4 37 14 49 12 28 54 49 41 44 52 28 8 16 38 30 22 29 33 18 53 22 58 11 49 57 41 25 54 49 59 45 38 18 64 29 54 50 55 41 63 43 25 48 52 35 48 20 29 44 49 39 39 49 62 47 20 33 41 54 55 50 10 14 47 66 42 25 54 10 41 14 65 4 7 9 35 6 29 50 33 1 50 48 50 44 68 25 45 43 9 55 30 53 50 31 39 4 11 52 38 55 43 6 50 5 9 51 16 56 33 16 32 15 35 8 36 34 18 24 24 34 3 22 46 19 6 53 35 26 45 55 25 42 56 68 35 22 60 44 53 35 57 17 59 52 43 21 52 35 14 53 24 20 21 33 56 49 49 4 52 54 19 44 48 59 39 58 27 18 66 34 32 45 25 47 61 26 63 53 34 50 32 63 25 36 38 13 30 46 62 47 51 27 21 37 43 30 17 3 27 27 62 72 39 54 60 20 43 17 9 32 48 67 19 48 26 44 64 46 19
65 24 57 39 15 23 41 16 24 53 24 53 38 45 42 39 26 59 4 9 48 27 9 26 9 19 31 17 21 16 57 45 43 54 53 38 48 45 0 24 57 23 11 44 49 46 52 62 34 50 1 38 33 13 34 32 39 37 10 28 18 8 36 24 49 37 45 30 41 8 28 44 33 23 22 52 52 11 59 19 37 33 47 49 30 17 42 38 33 26 32 38 52 52 13 15 9 22 10 53 23 33 29 41 37 20 49 47 37 35 40 29 46 31 19 8 55 15 38 39 57 52 44 21 39 33 15 6 17 37 53 19 19 43 26 16 15 8 7 41 29 23 37 23 7 46 7 27 29 19 53 37 40 41 19 46 21 12 26 5 8 51 43 7 39 18 37 33 34 29 39 53 36 27 25 8 17 20 32 26 60 10 56 50 12 13 33 37 27 43 45 31 7 28 21 21 44 43 33 33 35 36 18 22 28 37 49 43 57 14 19 16 40 60 39 51 7 40 19 10 11 35 22 58 16 37 35 21 51 41 26 41 44 20 39 29 49 40 33 46 58 47 42 17 55 41 20 49 44 20 38 4 19 26 52 34 30 29 51 16 8 24 45 12 25 40 30 29 57 20 36 23 43 36 41 11 20 35 33 26 50 64 55 46 11 39 2 41 35 52 5 26 29 8 35 39 48 38 47 30 28 27 20 23 14 51 26 48 4 38 41 30 18 54 44 8 25 34 22 15 24 41 23 33 41 34 31 15 39 40 59 14 50 9 14 27 38 51 46 29 26 39 24 36 14 24 28 41 19 16 34 41 23 30 34 15 37 32 31 49 27 5 48 41 29 32 27 29 26 37 53 41 40 49 34 33 44 56 36 49 42 15 17 63 35 27 37 37 8 35 9 28 29 54 43 32 34 45 49 54 14 43 36 39 53 45 10 5 43 12 37 23 3 21 52 43 17 12 62 34 49 49 54 12 8 16 20 50 46 45 46 47 40 37 23 30 34 35 54 40 41 22 30 34 33 29 46 23 8 32 43 11 36 21 12 13 52 23 36 38 12 30 21 35 42 31 22 30 43 10 6 27 36 45 52 56 51 39 36 15 15 9 39 43 64 43 39 26 6 33 43 35 27 28 37 42 17 41 45 17 26 20 29 30 31 49 19 30 22 10 28 34 32 49 39 44 24 44 34 11 31 34 28 47 33 38 33 39 35 37 33 28 8 30 39 35 5 37 41 37 22 42 32 53 48
51 37 35 52 24 28 22 31 34 36 20 30 41 37 21 19 41 44 22 16 27 35 18 7 22 32 8 30 29 27 42 38 23 43 30 36 31 23 24 0 40 35 22 24 27 38 30 48 46 29 25 49 45 20 34 14 28 43 27 14 17 31 19 23 26 15 36 35 21 30 29 21 11 36 19 38 38 17 42 29 43 35 29 34 40 25 22 15 33 37 15 16 31 29 19 23 21 26 32 30 37 31 34 18 17 10 28 40 21 41 19 13 35 41 17 17 36 13 15 16 41 32 28 27 18 10 16 28 15 21 38 6 26 23 13 14 14 29 17 40 8 20 18 7 29 24 18 5 6 7 41 14 37 28 8 23 3 23 19 19 19 40 22 18 17 23 29 10 11 20 42 34 40 24 37 22 23 13 19 11 46 21 42 32 29 14 10 44 28 24 41 44 19 42 32 9 27 32 25 29 40 38 18 38 32 41 25 20 45 27 19 15 41 48 16 29 20 17 29 15 24 31 38 42 12 31 17 31 28 18 15 24 24 28 41 40 26 35 29 23 42 24 39 10 33 36 34 27 23 18 20 21 13 10 29 20 18 43 28 34 29 13 22 14 39 35 32 36 39 20 39 37 23 49 18 19 18 27 26 9 37 50 43 23 23 46 24 21 34 29 28 5 7 24 35 17 28 36 28 12 10 12 22 14 28 32 8 29 26 34 20 8 12 34 29 27 28 20 7 20 8 43 3 19 20 23 10 31 21 22 47 31 35 25 29 11 15 28 31 14 3 21 14 13 31 5 37 18 33 35 26 21 32 30 39 28 25 9 43 29 34 28 42 29 42 27 7 29 31 23 40 19 22 35 32 24 30 43 42 37 20 15 19 50 37 30 14 13 28 45 23 19 34 32 31 13 44 24 26 31 13 20 19 34 34 24 31 25 36 26 47 12 23 22 29 39 8 31 47 18 34 26 32 30 16 32 29 28 38 22 23 38 18 37 22 7 19 18 35 17 26 13 7 15 13 18 25 4 27 19 22 30 23 4 27 33 31 22 38 48 13 19 38 29 38 20 34 7 42 30 21 4 35 28 29 44 29 17 14 11 33 27 34 22 49 39 17 25 28 39 30 39 20 9 45 26 10 32 25 25 39 5 41 33 19 39 18 42 11 16 21 11 16 37 43 34 30 25 12 14 26 17 8 25 15 20 41 51 25 36 39 4 20 13 20 19 26 46 19 31 14 32 42 39 25
14 76 48 61 47 43 18 54 50 5 59 32 41 23 46 22 57 7 58 50 15 47 49 35 51 52 38 69 46 66 9 25 18 16 36 32 10 41 57 40 0 52 60 18 42 23 26 10 57 45 58 57 57 59 36 28 21 46 64 51 56 61 51 37 31 41 22 43 21 65 38 40 41 54 37 10 9 47 2 68 48 39 12 9 53 47 47 27 37 52 49 26 46 39 58 46 59 66 62 33 56 34 44 27 23 38 17 24 21 45 22 50 17 53 57 51 6 52 30 30 4 13 14 66 45 39 43 58 41 21 6 43 66 48 32 42 43 65 51 35 42 59 22 46 64 43 51 35 38 47 13 34 31 19 47 40 42 61 58 53 50 16 20 51 40 44 24 37 39 30 41 10 42 35 54 51 62 52 26 32 12 49 10 8 55 45 36 49 39 17 31 58 51 58 50 49 14 18 27 30 44 39 41 59 42 44 29 40 14 66 40 54 38 14 33 42 56 29 68 49 62 31 58 4 42 27 48 49 41 33 31 17 48 67 40 53 39 27 31 34 2 38 31 41 43 27 54 21 46 57 20 57 53 33 22 24 54 58 38 57 64 52 27 51 57 29 39 47 1 59 41 55 47 59 37 57 58 26 29 47 13 13 14 32 61 50 56 48 34 27 61 36 41 61 36 28 13 33 13 29 31 49 41 35 67 9 46 12 58 30 20 41 40 10 14 56 41 24 47 44 47 41 38 25 43 24 42 69 50 19 15 68 8 62 53 31 39 28 12 29 38 20 34 29 56 44 50 32 72 60 27 20 48 36 44 66 22 33 55 13 45 60 27 19 56 30 34 37 43 21 13 24 19 13 33 27 15 10 46 16 24 54 42 14 38 40 36 32 64 52 60 57 43 46 17 47 53 45 37 44 44 36 23 29 9 42 66 57 25 64 55 51 56 40 37 31 45 57 9 24 10 41 40 56 50 55 69 42 21 37 33 22 28 37 61 39 24 51 7 36 17 36 37 26 27 29 44 43 63 54 46 58 22 42 65 59 17 37 38 53 48 55 59 27 29 27 53 38 36 58 52 37 34 13 30 16 19 25 27 44 58 55 28 44 12 29 26 36 63 44 16 42 58 45 52 16 42 23 18 46 54 44 55 41 26 19 58 55 50 53 31 37 27 14 43 21 45 16 29 48 31 24 44 42 26 21 50 59 24 35 46 37 51 48 48 23 58 54 25 29 54 20 52 11 23
55 46 69 17 12 10 41 9 2 49 45 60 18 32 56 41 7 51 27 24 48 6 20 33 17 4 42 40 7 39 47 31 43 43 62 22 45 57 23 35 52 0 34 44 61 32 57 53 12 63 24 15 11 35 18 34 31 15 33 45 39 19 53 16 56 49 33 11 43 27 15 55 46 3 19 43 44 20 53 42 14 15 45 43 7 10 56 43 17 3 49 42 65 62 35 13 32 45 19 61 5 19 9 46 38 26 50 33 36 14 43 46 36 8 40 24 52 34 45 46 50 51 41 44 53 44 20 19 20 34 47 30 42 57 28 22 22 30 25 23 42 44 38 39 28 58 22 35 39 34 43 46 25 33 35 57 33 35 46 24 19 40 45 23 51 13 28 44 46 24 19 51 15 18 3 18 40 39 30 30 49 17 46 47 13 23 43 14 13 42 28 10 21 8 4 38 41 35 26 22 14 17 18 8 11 15 55 54 46 37 17 36 21 49 48 62 29 46 42 24 34 22 7 51 24 26 51 5 62 50 26 38 59 43 19 6 60 27 21 55 52 58 26 25 66 27 5 52 58 41 37 27 38 31 55 32 49 8 61 10 29 43 51 30 6 25 14 8 52 42 16 4 58 14 52 33 41 26 23 42 40 54 44 54 34 16 21 56 20 57 25 34 42 31 18 46 46 22 45 34 32 44 15 24 37 48 42 46 21 24 42 42 24 52 39 17 12 30 38 16 40 20 33 31 54 29 44 37 55 40 47 36 44 32 9 31 49 56 41 30 36 38 25 42 11 38 5 49 42 12 26 43 5 16 13 38 31 40 8 49 8 21 32 34 7 22 33 16 10 33 42 45 39 40 20 26 37 47 14 38 46 35 17 53 17 13 47 45 30 12 32 48 10 66 35 48 11 58 59 65 24 53 35 25 51 58 30 20 30 35 14 41 22 15 61 27 30 13 53 33 43 60 64 13 25 9 43 62 34 55 55 33 47 19 45 42 32 52 51 50 36 24 40 37 37 27 59 37 31 51 57 14 32 33 35 14 54 17 18 15 27 49 9 25 27 27 3 41 24 15 20 37 20 41 59 44 53 43 40 26 11 16 25 56 54 27 43 17 28 13 36 15 47 43 14 38 26 30 47 11 4 34 6 12 29 37 40 7 40 30 23 45 32 39 18 32 8 44 39 24 22 33 43 59 35 38 10 17 29 20 11 38 19 46 55 33 20 14 45 24 42 33 9 43 52
69 17 51 50 24 32 43 26 34 56 15 50 47 51 35 40 37 63 8 13 48 37 16 26 18 30 28 10 31 7 61 51 44 60 49 46 51 40 11 22 60 34 0 44 44 52 51 66 44 44 11 48 43 3 43 33 44 47 7 20 9 18 29 31 46 32 51 39 42 13 36 39 28 33 28 56 56 18 61 10 47 42 49 53 40 26 36 37 41 36 25 37 47 48 4 24 2 12 19 50 33 40 38 39 38 23 49 54 40 45 40 21 51 41 10 12 57 10 36 36 60 53 47 10 33 29 21 17 22 40 57 18 9 36 29 21 19 9 11 49 25 13 38 19 10 40 13 26 26 15 58 34 48 45 15 41 19 2 17 11 16 57 43 12 35 26 43 30 30 34 48 54 45 34 35 17 7 13 36 28 64 19 60 52 22 17 30 47 35 44 52 41 14 39 31 15 46 48 39 40 45 45 24 32 37 46 46 38 62 6 26 9 49 65 36 46 6 38 9 13 2 42 33 61 20 44 29 30 46 38 30 43 37 10 48 39 45 47 39 43 61 43 49 20 50 48 30 48 38 11 40 8 12 28 50 37 22 40 47 27 10 16 42 9 35 47 39 39 59 10 45 33 37 47 36 4 10 41 39 21 54 68 60 43 1 48 13 34 43 49 12 25 25 4 44 38 49 45 49 32 29 20 27 27 7 53 21 49 14 45 41 26 21 55 47 18 33 37 18 23 18 50 23 36 36 39 26 10 32 42 64 10 54 5 25 29 33 48 49 32 24 41 27 34 24 20 38 38 13 26 39 42 33 37 44 7 42 30 41 50 37 15 55 46 39 39 27 37 35 41 57 40 42 53 42 38 48 61 46 54 41 7 24 68 44 36 34 34 9 46 3 19 38 49 47 26 44 39 45 48 18 40 38 46 55 40 11 15 49 5 47 16 13 28 48 51 16 23 66 37 52 44 50 22 12 26 11 45 52 41 43 53 39 45 13 27 37 27 56 37 44 25 27 35 34 33 40 20 7 24 37 22 40 19 6 23 52 30 45 49 13 22 31 41 49 35 32 27 51 21 15 25 44 48 49 61 50 38 35 17 26 19 46 37 68 50 38 33 10 43 47 44 18 23 47 45 19 47 46 26 36 17 39 38 35 55 9 40 16 8 34 31 34 54 48 49 33 45 33 14 37 36 23 42 34 40 43 49 40 45 43 25 16 23 33 37 15 47 40 43 14 48 43 57 46
30 60 34 58 37 35 4 45 43 14 42 19 40 26 29 5 51 23 44 36 5 41 36 19 39 43 20 53 38 50 23 28 2 27 23 32 10 25 44 24 18 44 44 0 27 27 15 27 53 30 45 54 52 43 33 13 18 44 49 33 40 49 34 29 17 24 25 38 3 51 32 24 23 46 27 19 20 34 19 52 46 36 7 15 48 37 30 10 34 46 31 8 31 25 42 36 43 49 50 20 48 30 39 10 8 24 7 29 9 43 5 33 21 48 40 37 13 35 13 13 20 9 9 50 27 22 31 46 29 11 17 27 49 31 19 29 30 50 37 36 25 42 7 29 50 27 37 19 20 30 24 17 31 16 31 25 26 46 40 39 37 25 2 38 23 34 22 19 22 21 41 10 40 27 47 39 46 35 15 18 27 37 23 10 45 31 19 47 32 4 34 52 37 51 42 32 8 18 21 26 42 38 30 51 36 42 15 24 27 50 30 38 39 29 16 27 41 12 52 35 46 28 50 20 28 25 31 41 26 17 20 8 32 51 39 47 24 28 27 19 20 23 33 27 29 28 45 8 30 40 8 43 36 18 12 13 37 52 24 48 50 35 12 36 50 30 34 42 17 42 40 47 31 56 21 41 41 21 24 30 21 30 25 17 45 49 43 31 32 15 48 20 24 46 34 11 5 32 6 14 16 32 31 22 51 10 29 6 45 29 4 23 27 11 12 45 34 15 30 33 29 41 22 14 26 17 24 54 33 5 29 53 16 47 43 17 21 15 13 15 21 7 21 12 46 27 44 16 56 50 21 3 40 31 42 51 17 16 50 6 39 47 32 17 50 24 18 31 36 13 23 7 6 19 30 20 14 24 44 22 7 38 31 30 36 34 19 15 49 49 45 40 38 32 17 29 49 29 22 30 30 19 10 29 11 26 52 44 27 48 52 34 42 30 23 33 29 47 26 12 14 26 26 46 36 46 52 27 26 22 18 27 11 36 44 21 13 34 13 19 13 24 20 10 11 18 28 26 49 36 30 46 14 26 49 49 10 28 37 51 33 38 50 24 30 18 45 20 37 47 39 20 32 10 18 28 9 8 10 30 48 44 27 28 28 31 9 28 49 41 15 40 41 28 49 10 27 23 3 36 48 28 49 36 16 25 41 49 33 38 22 20 14 21 42 23 37 2 12 33 25 12 26 27 12 7 46 56 18 34 43 20 38 31 31 12 45 51 8 27 37 20 48 21 9
55 55 9 77 50 53 29 58 59 39 34 12 63 52 10 26 67 48 47 42 27 59 45 29 48 58 19 50 54 46 48 54 28 53 9 55 36 5 49 27 42 61 44 27 0 53 18 52 71 3 50 73 71 42 55 29 42 65 50 24 36 57 18 47 12 13 51 58 25 55 52 6 17 62 43 46 46 44 43 47 67 57 33 42 66 51 10 21 55 63 20 22 5 5 41 49 44 42 58 11 63 52 58 19 28 35 26 55 33 64 25 23 47 66 36 43 36 35 18 17 45 30 35 44 11 17 42 54 41 34 42 32 45 10 34 40 40 52 43 60 21 35 29 26 53 5 44 27 22 31 50 15 55 42 31 4 30 45 31 45 46 51 25 44 10 49 46 18 16 41 63 33 62 47 63 48 41 32 36 32 53 47 49 35 56 40 18 67 52 30 59 70 45 68 57 29 34 44 43 49 63 60 43 65 56 64 14 7 53 49 44 36 62 54 14 2 44 17 48 41 46 50 64 45 38 48 17 57 3 12 37 34 10 46 62 65 4 52 49 9 44 5 57 37 7 53 60 22 8 34 32 46 33 31 20 35 25 69 5 60 53 29 16 38 65 54 55 61 41 37 62 63 9 74 10 41 35 44 46 24 47 55 52 11 45 70 50 12 54 15 53 28 21 47 56 18 31 56 32 29 30 25 47 37 50 35 24 32 52 52 26 20 38 32 38 54 52 37 27 45 26 64 29 35 9 40 19 53 15 30 55 53 42 48 55 31 12 15 39 33 26 31 37 21 57 26 62 13 53 61 44 26 57 52 63 49 41 22 68 30 58 54 57 43 67 46 28 51 55 37 49 21 31 45 52 42 41 50 65 48 21 37 45 55 58 53 14 17 51 69 46 29 57 6 43 19 68 6 6 5 39 9 31 53 34 4 54 52 52 48 71 29 49 46 7 57 34 57 51 33 41 1 7 56 42 58 47 1 51 6 10 53 18 58 37 20 34 19 36 11 38 37 21 27 27 37 5 26 50 23 9 57 38 30 49 59 25 46 59 71 39 26 64 47 55 38 60 21 61 56 47 25 55 36 13 54 24 22 23 37 60 53 51 8 53 56 21 47 52 62 41 61 31 22 69 36 36 48 26 50 64 30 66 56 37 52 37 67 29 40 41 16 32 47 65 49 55 29 24 41 46 32 21 2 30 29 66 75 42 57 63 24 47 22 13 34 52 71 20 50 31 46 67 48 20
23 68 61 39 32 25 24 38 31 22 57 46 19 1 53 28 38 21 48 40 29 27 38 32 38 34 40 61 28 59 17 2 26 11 50 11 21 51 46 38 23 32 52 27 53 0 41 22 36 56 47 35 36 52 15 26 12 24 55 51 52 47 56 22 43 47 3 22 28 53 19 49 45 35 25 13 14 35 24 61 26 18 23 15 32 31 54 33 16 33 52 31 57 52 51 32 50 61 47 47 37 14 24 35 26 31 31 2 21 23 29 51 8 32 53 41 26 46 36 37 20 29 19 61 51 43 32 44 30 20 18 37 60 55 26 32 33 54 42 13 44 56 25 44 52 53 40 34 39 43 12 40 9 12 44 50 39 53 56 43 38 8 29 41 47 29 10 41 44 19 19 27 20 20 34 39 56 49 20 28 18 36 16 22 40 35 40 27 21 24 9 37 40 37 32 46 20 9 14 13 22 18 29 40 22 22 42 49 15 57 28 49 16 17 40 54 47 37 61 40 53 12 39 21 33 9 52 31 53 42 24 20 56 61 18 32 50 6 14 45 23 49 9 34 56 6 36 35 54 54 22 47 49 29 38 19 55 37 50 40 53 51 38 44 37 8 19 26 24 55 19 36 55 38 45 50 54 12 14 47 10 22 13 43 53 28 44 55 13 42 49 34 43 52 15 36 25 12 24 28 29 49 27 26 58 24 46 25 45 9 27 43 32 29 16 42 23 19 45 31 45 18 35 21 50 16 45 60 56 24 15 59 16 53 37 28 45 42 16 25 37 22 26 34 40 42 29 41 64 43 13 27 29 18 23 58 13 36 34 28 25 47 5 11 35 14 32 19 24 17 12 32 23 11 13 15 14 16 24 8 32 49 29 21 17 21 42 38 53 31 52 57 23 58 10 50 32 54 49 56 35 45 23 8 27 52 55 44 3 55 33 49 44 25 50 8 39 42 21 22 16 52 53 41 41 39 62 53 3 47 44 1 36 16 58 41 20 55 25 43 15 28 39 28 29 21 54 41 53 56 54 42 17 38 56 43 34 23 17 31 40 56 40 11 6 19 34 40 13 43 40 37 13 19 45 12 34 32 31 36 41 41 8 52 23 7 33 20 51 23 13 21 57 46 30 18 35 7 29 30 35 41 34 21 20 5 53 34 48 45 19 42 24 9 21 5 26 26 32 38 15 23 45 52 26 24 29 37 14 14 25 38 39 50 54 21 44 32 33 10 51 8 31 13 36
38 64 22 72 48 48 18 57 56 23 44 6 54 40 24 17 64 32 52 45 13 54 46 28 49 56 23 59 51 55 33 42 16 38 10 46 21 19 52 30 26 57 51 15 18 41 0 36 66 20 53 68 66 49 47 24 32 58 56 34 44 59 32 42 7 22 39 52 15 60 45 18 24 59 39 31 31 44 26 56 60 50 18 27 61 49 25 16 48 59 31 16 21 14 48 47 50 52 60 7 61 44 52 13 20 34 10 43 23 57 15 34 34 61 44 46 20 41 16 15 29 14 22 53 24 23 41 56 40 25 27 35 54 25 30 39 40 58 45 50 27 45 20 33 58 20 47 27 25 36 35 17 45 30 36 17 33 52 42 47 47 37 13 47 20 46 36 21 22 34 55 17 55 41 60 49 50 39 29 28 37 47 33 20 56 41 21 60 46 18 48 66 47 64 54 36 21 32 35 40 56 52 41 63 50 56 5 18 37 56 42 43 53 39 15 17 49 14 56 44 52 42 62 29 38 39 29 53 16 14 32 22 26 55 54 60 14 42 41 11 28 14 47 37 17 42 58 7 24 44 22 51 40 28 4 27 37 65 13 59 58 38 9 43 62 44 48 55 25 46 54 60 25 69 17 47 45 35 38 32 33 39 37 10 51 63 53 27 46 3 57 28 27 53 48 13 16 46 17 25 26 34 43 34 57 19 32 17 55 43 16 26 37 16 26 55 47 29 34 44 33 55 29 27 21 31 26 60 29 19 39 60 27 54 54 27 19 3 26 27 28 21 33 18 57 31 57 13 61 61 35 15 53 45 55 56 31 22 63 14 52 57 45 31 63 38 27 45 50 27 34 13 20 31 44 34 28 34 58 35 12 44 42 39 50 47 18 17 57 63 52 40 51 21 31 29 63 22 13 19 40 14 23 43 18 19 60 54 40 55 65 37 52 43 12 47 37 58 35 25 26 17 14 57 44 58 56 17 39 15 10 40 12 50 47 24 27 32 20 16 27 35 24 21 21 31 21 31 56 35 24 57 28 33 56 60 9 41 51 65 42 38 62 38 45 31 58 24 51 57 49 27 47 23 6 39 8 15 18 39 59 54 42 22 36 45 15 42 57 55 29 54 42 30 63 24 37 37 13 48 61 34 62 50 30 39 45 63 37 45 35 21 26 34 56 37 51 16 20 43 39 25 28 18 23 20 60 70 32 48 57 26 48 31 27 26 55 65 13 41 39 34 62 33 6
4 83 58 60 51 45 26 57 51 14 67 42 40 22 55 30 58 5 63 55 25 47 54 42 55 54 47 76 48 73 6 24 26 12 46 32 18 51 62 48 10 53 66 27 52 22 36 0 57 55 63 56 57 66 36 35 24 45 70 59 64 65 61 40 41 50 21 43 30 70 39 50 50 55 41 11 10 52 10 75 47 39 21 14 53 50 56 36 37 53 58 35 56 49 65 50 65 73 65 43 57 34 44 36 31 44 27 22 28 45 31 59 18 53 65 56 16 59 39 40 8 23 21 73 54 48 48 62 46 27 11 49 73 57 38 47 48 70 57 34 51 67 30 54 69 53 56 43 46 54 11 43 30 22 55 50 50 68 66 58 55 14 29 57 50 47 26 46 48 34 40 20 42 38 55 56 69 60 31 39 5 53 7 17 59 50 45 48 40 25 29 58 56 58 52 56 22 20 30 32 44 39 45 60 42 42 39 50 8 72 44 61 37 6 43 52 62 38 75 55 68 32 59 8 47 28 58 51 51 43 37 24 58 74 39 53 49 27 33 44 8 48 29 47 53 27 56 31 56 65 28 63 60 39 32 29 63 58 48 60 69 60 37 58 58 29 39 47 11 67 41 56 57 58 47 63 65 28 31 55 13 3 9 42 67 49 61 58 34 37 66 43 50 67 36 37 22 33 22 36 38 57 44 40 73 18 54 21 62 30 29 49 46 20 20 60 43 30 54 48 55 39 45 31 52 29 51 75 60 27 8 74 13 68 56 38 48 38 18 35 46 27 40 38 59 52 50 42 78 62 30 29 49 38 44 73 26 42 55 23 45 64 24 22 56 32 41 38 44 26 11 33 27 14 33 31 19 7 44 15 33 61 46 4 38 41 45 41 69 51 66 65 43 56 20 56 53 54 47 54 50 45 30 29 19 52 72 61 24 70 54 59 60 43 47 29 51 61 1 30 15 51 50 60 56 58 76 52 20 47 43 21 37 37 69 47 30 60 17 45 22 42 45 34 35 34 54 51 69 63 56 61 27 49 71 62 27 41 38 52 54 64 61 29 28 32 54 46 34 61 57 45 34 20 40 11 29 34 35 50 60 59 28 54 2 27 35 39 68 44 20 42 67 53 51 23 48 24 27 49 55 52 55 41 32 17 65 55 58 59 35 46 33 14 42 21 46 25 37 53 33 31 52 52 33 29 50 58 27 35 46 45 55 57 57 29 62 53 34 29 62 21 52 10 33
58 56 80 6 23 19 49 19 13 55 56 70 18 35 67 50 9 56 37 35 56 13 31 43 28 15 53 50 18 50 52 34 51 46 72 26 51 68 34 46 57 12 44 53 71 36 66 57 0 73 34 5 1 46 22 44 38 13 43 56 50 29 64 25 66 60 37 15 52 37 22 66 57 12 29 48 49 31 58 53 11 19 52 48 6 22 67 53 21 9 60 52 75 72 46 24 42 55 28 70 12 24 15 56 47 37 59 36 44 13 52 57 41 5 51 35 58 45 55 56 55 59 48 54 64 55 31 29 31 43 52 42 52 68 38 33 33 39 36 24 53 55 47 50 37 69 33 45 50 45 46 56 27 40 46 68 44 45 58 35 31 44 54 34 62 23 33 54 56 33 18 58 16 26 10 29 51 50 38 40 53 28 51 53 23 34 54 10 21 50 29 4 32 7 15 49 48 40 33 28 14 18 29 14 17 15 65 65 50 47 27 47 21 52 58 73 40 56 52 35 44 27 13 56 35 31 62 16 72 60 35 46 70 53 19 7 70 31 27 65 57 68 28 36 76 31 15 60 69 52 45 37 49 41 64 40 60 6 71 18 38 54 60 41 9 29 19 12 57 53 17 12 69 3 62 44 52 33 30 53 45 57 48 64 44 10 32 67 24 67 35 44 53 42 22 55 54 25 53 43 42 55 25 34 47 55 53 54 31 28 51 53 35 59 45 27 20 39 49 27 51 19 44 39 65 36 55 47 66 48 50 46 49 42 20 41 60 66 47 40 47 46 35 52 21 49 10 59 52 20 32 51 15 22 13 48 37 50 4 56 14 31 34 40 6 29 44 22 17 40 47 54 47 45 25 33 44 50 13 43 55 46 28 56 20 20 58 55 40 6 42 59 16 77 40 59 4 69 69 76 35 64 44 29 58 68 40 30 34 45 5 52 32 25 71 29 41 23 57 42 48 71 74 23 36 19 54 72 37 66 65 37 56 20 56 52 40 63 57 61 43 34 51 47 46 36 70 48 41 62 68 24 39 44 45 23 62 26 19 8 38 60 15 31 30 36 13 51 24 25 31 47 24 48 68 47 61 52 50 37 19 26 30 67 58 30 53 25 38 14 43 15 58 54 7 45 37 35 55 22 9 45 6 18 37 41 51 5 51 41 32 56 41 44 16 37 17 52 49 35 29 42 54 70 44 47 8 6 36 23 12 49 30 57 65 41 30 5 55 29 53 38 6 48 61
58 55 7 79 52 55 32 59 61 42 34 15 65 55 10 29 69 51 48 43 30 61 46 31 50 60 21 51 56 47 51 56 31 56 11 58 39 6 50 29 45 63 44 30 3 56 20 55 73 0 51 76 73 42 58 32 45 68 51 25 36 58 18 49 15 14 54 60 28 56 54 8 18 64 45 49 49 45 46 46 69 60 36 45 68 53 9 23 58 65 20 25 3 8 41 51 45 42 59 14 65 54 60 21 31 37 29 58 36 66 27 24 50 68 36 44 39 36 21 19 48 33 38 44 12 19 44 55 43 37 45 34 45 10 36 42 42 53 44 62 22 34 32 27 54 5 46 29 24 32 53 18 58 44 32 6 31 45 31 46 47 54 28 45 12 51 48 20 18 43 66 36 65 49 65 49 42 32 39 34 56 49 52 38 57 42 20 70 54 33 62 72 46 70 59 30 37 47 46 51 66 62 45 66 58 66 17 9 56 49 46 36 65 57 17 4 45 20 48 43 46 53 66 48 40 51 17 59 5 15 39 37 9 45 65 67 7 55 52 12 47 8 60 38 7 56 62 25 7 35 34 47 33 33 23 38 25 71 8 62 53 29 19 39 67 56 57 63 44 37 64 64 9 76 12 42 36 47 48 25 50 58 55 14 45 72 51 12 57 18 54 29 22 48 59 21 34 58 35 32 32 25 49 39 50 38 25 35 53 55 29 22 40 35 41 55 54 39 28 47 27 66 30 38 9 43 20 53 15 33 58 53 45 49 57 33 14 18 42 35 28 34 39 23 59 27 64 16 53 63 47 29 59 54 65 49 44 24 70 33 60 55 60 45 69 49 30 54 57 40 52 24 34 48 55 45 43 53 67 51 24 38 47 58 61 55 16 19 52 71 47 29 60 5 46 19 71 6 9 5 41 11 34 56 37 5 55 53 55 48 73 29 50 49 9 60 35 59 54 36 44 4 8 58 43 60 47 4 54 9 13 56 20 61 37 22 37 19 39 14 41 39 23 30 29 40 5 28 51 23 8 58 40 32 49 61 28 48 62 74 40 26 66 50 58 41 62 23 64 58 48 27 58 39 15 57 27 25 26 39 61 55 54 8 56 59 24 50 53 64 44 64 31 23 72 39 38 50 29 52 66 31 68 58 39 55 37 69 29 41 44 18 35 50 67 52 57 32 26 42 49 35 22 4 32 32 68 78 44 59 65 25 48 22 12 37 54 73 23 53 31 49 69 51 23
66 24 58 39 15 24 42 16 24 54 25 54 39 46 43 40 26 60 4 10 49 27 10 27 9 20 32 17 22 17 57 45 44 55 54 39 49 46 1 25 58 24 11 45 50 47 53 63 34 51 0 38 33 13 35 33 40 37 10 29 19 8 37 25 50 37 46 30 42 7 29 44 34 23 23 52 53 12 60 20 37 34 48 50 29 17 43 39 34 25 33 39 53 53 14 16 9 22 9 54 23 34 29 42 38 21 50 48 38 35 41 29 47 30 20 9 56 16 39 40 58 53 45 21 40 33 16 6 18 38 54 20 19 43 27 17 16 8 8 41 30 24 38 24 6 47 8 28 30 19 54 38 41 42 20 47 22 12 27 6 9 52 44 8 40 19 38 34 35 30 40 54 36 27 25 8 18 20 33 27 60 11 57 51 12 14 34 37 27 44 45 31 8 28 21 22 45 44 34 34 36 36 18 21 29 37 50 44 58 14 20 17 41 61 40 52 8 41 18 11 11 35 22 59 17 38 36 21 52 42 27 42 45 20 39 28 50 41 33 47 59 48 42 18 56 42 20 50 45 21 39 5 20 27 53 35 31 29 52 16 7 25 46 13 25 40 31 29 58 21 37 23 44 36 42 12 20 36 34 27 50 65 56 47 11 39 3 42 36 53 4 27 30 9 36 40 49 38 48 31 29 27 20 24 14 52 27 49 4 38 41 31 19 55 45 8 26 34 23 16 25 41 24 34 42 35 32 14 40 41 59 13 51 8 15 28 39 52 47 30 27 40 25 37 14 25 28 42 19 16 35 42 23 30 35 15 38 33 31 50 28 5 48 42 29 33 28 29 26 38 53 42 41 49 35 33 45 57 36 50 43 15 18 64 36 28 38 38 7 36 9 29 29 55 44 33 33 46 50 55 15 44 37 40 54 46 9 4 44 11 37 24 3 22 53 44 18 12 63 35 50 50 55 12 9 16 21 51 47 46 47 47 41 37 23 31 35 36 55 41 42 22 31 35 34 30 47 24 8 33 44 11 37 22 12 13 53 24 37 39 13 31 20 36 43 32 21 31 43 10 7 28 37 46 53 56 52 40 37 16 15 8 40 44 65 44 40 27 5 34 44 35 28 29 37 43 18 42 46 17 26 21 29 30 32 50 19 30 23 11 29 35 32 50 39 44 24 45 35 12 32 35 29 48 34 39 33 39 36 37 33 29 8 31 40 35 5 36 42 37 23 43 33 54 49
57 60 82 5 26 21 50 23 16 55 60 71 17 35 69 52 13 55 41 38 57 15 34 45 32 19 55 53 20 54 51 33 52 45 74 25 52 70 38 49 57 15 48 54 73 35 68 56 5 76 38 0 6 49 22 45 38 12 47 60 54 33 67 27 67 63 36 16 53 41 23 68 59 16 31 47 48 34 58 57 10 19 53 48 9 25 70 54 21 13 63 53 78 74 50 27 46 59 32 72 15 25 16 57 49 39 60 35 45 12 53 60 40 8 55 38 58 48 56 58 54 60 48 58 66 58 34 33 34 44 52 44 56 71 40 35 36 44 39 23 56 59 48 53 42 71 37 47 53 48 46 58 27 40 49 70 47 49 61 39 34 43 55 38 64 26 34 57 59 34 16 58 15 28 14 33 54 53 39 42 52 31 50 54 27 37 56 9 23 51 28 8 36 11 19 52 49 40 34 28 13 18 32 18 18 14 66 67 49 51 30 51 19 51 60 75 43 58 56 39 48 27 17 55 38 31 65 19 74 62 37 47 72 57 18 10 72 30 27 67 56 70 27 39 78 30 19 62 71 56 46 41 53 43 65 41 63 10 73 23 43 57 62 45 14 28 20 13 57 56 16 16 71 4 64 48 56 34 31 56 44 56 47 66 48 8 36 70 24 68 38 47 55 46 21 57 55 24 53 45 44 58 28 37 51 55 56 54 35 27 52 56 37 60 45 31 22 40 52 30 54 18 46 41 67 37 58 51 69 49 49 50 49 46 24 43 62 67 47 42 49 47 37 54 25 52 12 61 56 24 33 53 17 23 13 52 38 52 8 57 16 34 33 40 9 30 46 24 19 41 46 55 48 44 25 34 44 50 12 42 56 50 30 55 19 21 60 57 43 5 46 63 17 79 40 62 5 72 71 78 38 66 45 28 58 71 44 34 33 49 3 55 36 28 73 28 44 26 56 43 48 73 76 27 39 23 58 74 37 68 66 36 58 20 59 55 42 66 57 63 43 37 53 48 48 38 72 51 45 65 70 27 40 46 49 27 63 28 19 5 41 64 19 31 29 37 17 54 23 28 34 50 23 48 70 45 62 54 52 40 24 30 29 70 57 29 55 27 41 13 43 15 62 57 6 46 40 35 56 25 13 48 10 19 39 40 54 9 54 44 33 58 43 43 14 36 19 53 51 38 30 44 56 72 45 48 8 3 36 22 12 51 34 60 68 42 34 4 56 29 56 38 7 47 62
58 55 79 7 22 18 49 18 12 54 56 69 18 36 66 50 8 56 36 34 56 12 30 42 27 14 52 49 17 49 51 34 51 46 71 25 51 67 33 45 57 11 43 52 71 36 66 57 1 73 33 6 0 45 22 43 38 13 42 56 49 28 63 25 65 59 36 15 51 36 21 65 56 11 28 48 49 30 58 52 11 19 52 48 5 21 67 52 21 9 59 51 75 72 45 23 41 54 27 70 11 24 14 55 47 36 58 36 43 13 51 56 41 5 50 34 58 44 54 55 55 59 48 53 63 54 30 28 30 42 52 41 51 67 38 32 32 38 35 24 53 54 46 49 36 68 32 44 49 44 47 56 28 40 45 67 44 44 57 34 30 44 53 33 61 23 33 54 56 32 18 58 16 26 9 28 50 49 38 40 53 27 50 53 22 33 53 10 21 49 29 3 32 6 14 48 48 40 32 27 14 19 28 13 17 15 64 64 50 46 27 46 21 52 57 72 39 55 51 35 43 27 12 56 34 31 62 15 71 59 35 45 69 52 19 6 69 31 26 65 57 67 28 35 76 30 14 60 68 51 45 36 48 40 64 39 59 5 70 17 37 53 60 40 8 28 19 11 57 52 17 11 68 4 61 43 51 33 30 53 45 57 48 63 43 10 31 66 24 66 34 44 52 41 22 55 54 24 52 43 42 54 25 34 46 54 52 53 30 28 50 52 34 59 45 26 19 38 49 26 50 19 43 39 64 36 55 46 65 48 50 45 49 41 19 40 59 65 47 39 46 46 35 51 20 48 9 59 51 19 32 51 14 22 14 47 37 49 3 56 14 30 34 39 5 29 43 22 17 40 46 53 47 45 25 33 43 51 13 43 54 45 27 56 19 19 57 54 39 6 41 58 15 76 40 58 5 68 68 75 34 63 43 29 58 68 39 29 33 44 5 51 31 25 70 29 40 22 57 41 48 70 74 22 35 18 53 71 38 65 64 37 56 21 55 51 40 62 57 60 42 34 50 46 46 35 69 47 40 61 67 23 39 43 44 22 61 25 20 8 37 60 14 30 30 35 12 51 24 24 30 47 24 47 68 47 61 52 49 36 18 25 30 66 58 30 52 25 37 13 42 16 58 53 8 45 36 35 55 21 8 45 5 17 37 41 50 4 50 40 31 55 40 44 16 37 16 52 48 34 28 42 53 69 43 47 7 7 35 22 11 48 29 56 65 41 29 6 54 29 52 38 5 48 60
68 18 49 51 25 33 42 27 35 55 13 48 48 51 33 39 38 62 9 13 47 37 17 25 19 31 26 11 32 8 60 51 43 59 48 46 50 38 13 20 59 35 3 43 42 52 49 66 46 42 13 49 45 0 43 32 43 48 9 18 7 20 26 31 44 30 51 40 40 15 37 37 27 34 28 55 56 18 60 10 47 42 48 52 41 27 33 35 42 37 23 36 44 46 1 25 4 10 21 48 35 41 39 37 37 23 48 54 39 46 39 19 50 42 8 13 55 8 34 35 59 51 46 10 31 27 21 18 22 39 56 17 8 34 28 21 19 12 12 49 23 11 37 17 13 38 14 25 25 13 57 32 48 45 13 39 17 3 15 11 17 56 42 13 33 27 43 28 28 34 49 53 46 34 36 18 5 11 35 27 64 20 59 51 24 17 28 48 35 43 53 43 15 40 32 14 45 48 38 40 46 45 24 34 38 47 44 36 62 8 26 6 50 64 34 44 7 36 10 13 5 42 34 60 19 43 26 32 44 36 30 42 35 9 48 40 43 47 39 41 60 41 50 19 48 48 31 46 35 9 39 9 10 27 49 37 20 41 45 28 12 14 41 8 37 47 39 39 58 8 46 34 35 48 35 3 8 40 39 19 54 68 60 41 4 50 14 32 44 47 14 24 23 6 44 36 48 46 47 30 28 18 27 26 9 52 18 48 16 45 40 24 21 53 46 20 34 37 16 23 17 50 22 35 34 38 25 12 29 41 63 12 53 7 26 28 32 46 49 31 22 40 27 33 26 18 39 36 14 28 39 41 34 38 45 8 41 28 42 49 38 17 55 45 41 39 26 37 36 40 57 39 40 52 42 37 47 60 47 53 39 6 25 67 44 36 32 33 11 47 5 17 39 46 47 24 45 37 42 46 17 38 37 46 53 38 13 17 49 6 48 14 14 29 45 51 15 24 65 36 51 42 48 24 12 28 11 43 52 38 41 52 37 46 11 25 36 25 55 35 44 25 25 34 32 33 38 18 9 22 34 23 39 18 7 25 50 30 45 50 12 19 33 41 49 35 33 25 51 22 16 23 44 47 47 60 49 37 34 16 27 20 46 35 67 50 36 33 12 44 47 45 15 20 48 44 18 46 44 27 37 16 40 39 35 55 7 41 14 7 33 29 33 53 49 49 34 44 32 14 37 35 22 40 33 39 44 51 40 45 44 24 16 21 31 37 17 48 38 43 12 47 44 56 45
37 58 64 26 20 12 30 24 16 33 51 51 8 15 53 32 23 35 37 31 36 12 27 29 26 20 39 51 15 49 31 13 32 25 54 5 31 52 34 34 36 18 43 33 55 15 47 36 22 58 35 22 22 43 0 27 17 11 44 47 45 34 53 13 48 46 16 8 33 41 7 50 43 20 16 27 28 25 37 52 13 3 32 27 18 19 54 35 2 18 49 34 60 55 43 20 41 53 34 52 22 4 9 38 29 25 39 16 25 10 33 47 20 17 46 31 37 39 38 39 34 39 27 52 50 41 23 32 22 23 31 32 50 55 23 24 25 42 32 7 41 50 28 40 40 54 30 31 37 37 26 41 7 19 38 52 34 44 50 32 27 23 35 31 47 17 13 40 43 15 9 37 8 11 19 27 48 43 20 25 32 25 30 32 27 27 39 14 8 30 11 22 29 23 18 41 28 19 13 8 9 5 20 26 8 9 46 50 29 47 18 42 8 32 42 57 37 39 51 30 43 6 24 35 26 10 50 17 56 44 20 26 56 52 7 18 54 10 7 48 36 52 8 26 60 10 22 41 55 47 26 36 43 26 45 21 51 23 54 26 41 46 42 36 22 8 5 12 36 48 7 21 55 24 47 41 47 13 10 43 23 36 27 47 43 16 33 54 2 48 37 31 40 42 1 38 34 4 32 27 27 45 16 21 48 34 42 33 33 6 32 40 24 39 24 30 10 20 40 20 41 9 31 21 51 17 43 49 54 29 30 48 28 42 23 26 45 47 26 23 34 27 21 35 26 38 15 43 53 29 13 32 15 6 9 48 17 35 19 36 10 34 15 19 21 10 29 7 10 20 26 36 28 24 4 14 23 30 11 22 37 41 19 35 3 8 43 39 42 17 41 52 8 61 19 47 18 55 52 59 27 47 25 8 37 53 43 32 13 45 19 44 32 15 54 10 32 28 36 23 27 55 57 27 32 25 53 56 17 50 48 16 39 4 51 39 22 52 36 45 22 22 37 29 29 19 55 37 42 52 54 29 20 33 45 30 42 14 4 18 32 52 26 10 9 18 20 38 9 29 29 34 3 27 50 26 42 35 33 29 27 28 8 53 37 10 35 10 40 9 22 7 51 42 17 25 27 14 35 18 20 36 20 6 19 20 46 20 43 36 15 41 24 22 10 15 13 32 32 29 10 24 42 54 26 28 15 24 15 3 11 35 28 46 53 22 32 19 37 8 45 17 17 27 42
38 49 38 49 25 25 10 33 32 23 33 27 34 25 27 8 40 31 32 24 17 31 24 8 27 32 14 42 27 39 29 27 12 30 29 26 18 26 32 14 28 34 33 13 29 26 24 35 44 32 33 45 43 32 27 0 16 37 38 26 30 37 30 19 23 21 25 29 10 39 23 24 19 35 16 25 25 22 29 41 38 28 17 21 38 25 28 10 26 36 26 9 34 29 31 24 32 39 38 27 37 23 30 13 6 12 19 28 8 35 10 25 22 39 30 25 24 25 12 13 28 21 15 39 25 17 18 34 17 8 25 15 39 29 7 17 18 38 25 31 18 33 6 20 37 28 25 9 13 20 28 15 27 16 20 26 15 34 32 27 25 28 12 25 22 23 18 15 18 12 35 22 33 18 36 27 35 25 8 6 33 24 29 20 33 19 14 39 23 12 31 43 25 41 31 22 14 19 14 20 35 31 18 39 27 35 22 24 32 39 18 27 33 34 16 30 30 13 41 23 35 22 39 29 16 20 26 30 30 18 9 11 31 40 33 37 28 24 20 22 29 25 29 15 34 25 34 19 29 30 8 31 26 6 22 7 30 42 28 36 38 26 17 24 39 25 26 33 27 33 33 36 30 46 21 30 31 16 17 22 24 37 30 21 34 41 31 29 26 24 36 9 17 34 27 13 17 27 16 2 4 24 20 11 40 20 21 17 33 24 10 17 15 23 16 33 24 9 20 21 21 35 11 7 25 12 19 42 30 9 34 42 22 35 31 5 19 23 18 4 12 8 10 9 34 17 34 17 45 38 15 11 30 23 34 39 13 10 40 18 30 35 31 17 40 17 7 22 27 11 27 11 9 22 23 13 17 30 36 25 12 27 19 37 29 25 17 13 37 41 34 32 29 35 18 24 40 29 26 33 18 21 5 25 22 27 40 32 25 37 43 25 30 19 28 29 18 35 34 6 20 29 32 34 24 34 42 30 26 24 22 27 13 30 35 15 6 29 23 19 13 12 13 4 3 8 29 17 37 30 29 35 11 15 38 37 21 18 30 43 22 31 39 19 27 9 34 14 33 35 27 11 26 15 25 32 21 9 7 18 36 31 23 27 36 28 10 19 37 33 17 33 33 20 41 13 15 21 15 25 38 18 39 27 8 27 31 40 24 26 13 16 4 24 36 23 27 13 6 21 17 5 19 28 2 7 37 47 14 28 34 12 26 24 28 7 33 42 12 22 27 20 39 26 18
26 60 50 42 27 23 14 34 29 18 47 36 24 11 42 17 38 21 40 32 20 27 30 21 32 32 30 53 26 50 18 12 16 16 40 15 14 40 39 28 21 31 44 18 42 12 32 24 38 45 40 38 38 43 17 16 0 28 47 41 43 42 45 17 33 36 9 23 18 47 18 38 33 34 18 13 14 28 22 53 30 20 15 12 33 27 43 22 18 33 41 20 47 41 43 26 42 52 42 37 36 14 24 24 15 21 23 14 10 27 18 40 8 33 43 33 21 37 25 26 19 22 11 52 40 31 25 39 23 9 16 28 51 44 16 24 25 47 34 19 33 47 14 34 45 42 33 23 28 33 15 29 14 2 34 39 29 45 46 35 31 14 19 34 36 24 5 30 33 10 24 21 24 15 34 32 47 39 9 18 21 30 17 16 36 27 29 30 18 14 17 38 33 38 30 36 11 5 7 11 26 21 22 39 22 26 32 38 19 49 21 40 22 22 29 43 39 26 53 32 45 11 38 20 25 8 42 29 42 31 14 10 45 52 23 33 40 10 12 35 21 38 15 25 46 11 34 25 43 44 11 39 39 19 29 9 44 38 40 37 46 41 28 35 37 13 19 27 21 46 23 35 44 40 34 41 44 5 8 36 11 25 17 33 44 32 38 44 15 33 43 23 32 44 17 25 17 15 16 17 18 39 21 18 50 17 35 17 39 12 17 32 23 22 8 37 21 8 34 25 35 24 25 10 39 5 34 52 45 14 20 51 13 45 33 17 34 32 10 14 26 12 17 23 36 32 30 30 56 40 7 17 28 17 26 50 3 24 35 19 25 41 16 3 36 9 21 17 23 6 14 22 12 10 13 7 6 18 27 10 22 40 22 25 20 20 31 27 46 34 44 46 23 48 4 39 34 43 38 46 27 34 12 12 20 41 48 38 10 47 36 39 37 20 39 16 30 37 23 10 12 41 43 37 33 35 54 43 11 37 34 11 25 19 48 30 10 44 20 33 5 19 28 17 18 11 43 31 46 45 43 38 5 28 48 39 25 18 20 35 32 46 39 8 14 9 33 29 20 38 34 26 16 10 35 18 25 21 20 28 38 36 10 41 25 14 22 16 45 25 5 24 47 35 33 8 25 6 20 26 35 31 35 21 9 12 44 35 38 37 11 31 13 10 26 7 25 16 21 30 11 11 34 42 14 13 31 40 4 17 27 27 32 39 43 9 39 35 22 10 41 5 33 14 26
46 60 74 16 24 16 40 23 14 44 57 62 5 24 62 42 18 44 40 36 47 11 31 38 30 19 48 54 17 53 40 22 43 33 65 14 41 62 37 43 46 15 47 44 65 24 58 45 13 68 37 12 13 48 11 37 28 0 47 55 51 34 62 20 58 56 25 9 44 42 14 60 52 17 24 36 37 31 47 56 2 9 43 37 11 22 63 46 11 14 57 44 70 66 48 23 45 58 34 63 18 15 10 49 39 33 50 23 35 2 44 55 29 10 52 35 48 45 48 50 43 49 38 57 60 51 29 33 28 34 41 39 55 64 32 30 31 44 36 11 50 56 39 48 42 64 35 40 46 44 35 51 16 30 45 62 42 48 57 37 32 32 45 36 57 22 23 49 52 25 6 48 4 19 15 31 53 49 30 35 40 29 39 43 27 33 49 3 15 41 17 15 34 16 17 48 39 29 24 18 3 7 26 22 11 3 57 60 37 50 24 48 9 40 52 67 42 49 55 36 47 17 20 44 33 21 59 17 66 54 29 37 65 56 6 12 64 19 18 59 45 62 16 34 70 19 20 52 64 53 37 40 49 35 55 32 58 16 64 25 43 53 53 42 17 17 11 9 46 54 5 18 65 15 57 46 53 24 21 51 33 45 36 57 47 5 35 63 13 59 39 40 49 45 11 49 44 13 43 37 37 53 22 30 51 44 50 44 35 17 42 49 32 49 35 31 15 30 47 26 49 7 40 32 60 28 51 51 63 40 38 50 38 45 24 35 55 58 36 33 43 38 30 45 26 46 11 53 56 27 23 43 15 14 4 51 28 45 12 47 10 35 22 29 14 20 39 15 13 31 35 46 38 33 15 25 33 39 1 31 47 47 25 44 9 13 52 49 44 8 45 59 10 71 30 56 9 64 62 70 33 58 36 17 48 63 45 33 22 48 9 51 35 21 64 16 40 28 45 34 37 65 68 27 37 24 57 66 26 60 58 25 49 9 57 48 32 60 47 55 33 30 46 39 40 29 65 45 45 60 64 29 30 41 48 29 53 21 8 8 38 59 23 21 18 28 17 47 12 30 33 43 13 38 61 35 52 45 43 35 26 30 19 62 45 18 46 19 42 5 32 5 58 51 6 35 35 24 46 21 15 43 13 10 29 29 52 13 50 42 25 51 34 32 4 25 14 43 43 35 20 34 50 64 37 39 7 14 26 11 5 44 32 55 62 33 34 8 47 18 52 27 9 36 52
73 14 57 48 24 33 47 25 33 60 20 56 48 54 41 45 35 67 8 15 53 36 18 31 18 29 34 8 31 8 64 54 49 63 56 48 55 46 10 27 64 33 7 49 50 55 56 70 43 51 10 47 42 9 44 38 47 47 0 26 15 15 35 33 52 38 54 39 47 8 38 45 35 32 30 59 60 20 66 11 46 43 54 57 39 26 42 42 43 35 32 43 53 54 10 25 7 15 16 56 32 42 38 45 43 27 55 56 44 45 45 27 54 40 16 15 61 16 41 42 64 58 51 13 39 35 23 14 25 44 61 23 11 42 33 24 22 4 14 50 30 19 43 24 6 46 15 31 32 21 61 40 49 49 21 47 24 6 22 13 17 60 49 14 41 27 46 36 35 37 49 59 45 36 34 17 11 19 40 33 68 20 64 57 21 20 36 46 36 49 54 40 15 37 30 22 51 51 42 42 45 45 26 30 38 46 52 44 66 5 28 15 50 68 42 52 9 43 10 16 5 44 31 65 23 46 35 30 52 44 34 48 43 11 48 38 51 49 42 49 65 49 51 24 56 50 29 53 44 17 44 8 18 32 56 41 28 38 53 25 5 22 48 14 34 49 40 38 64 16 46 31 43 45 43 9 16 44 42 27 58 72 63 49 6 48 12 40 45 55 9 30 31 4 45 43 54 47 53 36 34 26 29 30 4 57 27 54 13 47 46 32 25 60 51 17 35 41 23 24 25 50 28 40 42 42 33 5 37 47 67 5 58 3 24 34 40 54 54 36 29 45 31 40 22 26 37 44 10 24 42 47 32 39 44 6 45 35 39 55 37 13 57 49 38 41 32 38 36 45 61 45 46 56 44 41 52 64 46 57 46 14 26 71 45 37 40 40 4 45 5 25 38 55 51 32 43 45 51 54 21 45 42 48 60 46 5 14 52 3 46 22 12 30 54 52 21 21 70 41 56 50 56 20 15 24 12 51 55 47 49 55 44 46 18 33 41 33 60 43 48 29 33 40 39 37 46 26 2 30 43 20 44 25 3 21 57 32 46 48 17 27 29 44 51 39 31 33 52 19 15 30 46 52 55 64 56 44 41 21 24 18 48 43 72 52 43 35 6 43 51 44 23 29 46 49 23 49 51 26 34 23 37 39 39 58 15 38 22 12 37 37 38 57 48 52 33 50 38 18 40 40 30 48 39 44 42 48 44 46 42 31 17 29 39 42 14 46 45 46 20 51 42 61 52
62 31 31 62 34 40 33 40 44 47 10 32 53 50 16 29 50 55 25 23 37 46 26 20 30 42 13 26 40 22 54 51 34 56 31 49 42 21 28 14 51 45 20 33 24 51 34 59 56 25 29 60 56 18 47 26 41 55 26 0 12 35 9 35 29 13 49 46 30 32 41 20 11 45 31 50 50 26 52 23 55 47 39 46 51 35 16 24 46 48 6 25 27 29 17 33 21 18 37 32 47 44 46 25 29 23 37 53 33 53 29 1 47 52 12 23 46 13 22 22 52 41 39 20 13 13 26 33 27 33 49 16 21 16 26 25 24 29 22 53 9 11 30 8 30 21 25 18 14 12 53 18 49 41 11 22 14 21 8 24 27 53 32 24 16 34 42 15 13 34 54 43 52 37 47 29 17 9 32 24 58 29 54 43 37 23 15 56 41 35 55 54 25 52 42 8 38 44 38 42 52 50 29 47 44 53 30 19 57 25 31 13 54 60 20 26 22 23 24 22 22 44 47 53 23 44 9 41 27 21 29 36 17 22 53 50 26 48 42 25 52 24 51 21 31 49 43 34 18 10 32 24 9 23 35 33 4 53 28 42 30 5 27 17 49 49 44 48 50 13 52 46 17 59 19 18 11 40 40 5 50 62 55 26 21 58 29 14 47 33 31 18 10 24 48 24 38 49 39 25 23 2 33 27 26 43 6 39 31 46 31 10 23 43 41 34 40 33 8 30 7 55 17 31 17 36 10 29 12 33 59 29 47 25 38 24 16 32 43 27 15 33 27 22 39 9 48 22 29 42 39 31 43 42 51 25 38 18 53 39 45 33 55 42 52 39 20 41 43 36 52 27 33 48 45 37 42 55 54 50 28 14 30 61 49 42 17 20 28 56 23 7 45 29 43 7 55 20 26 29 22 22 31 48 44 20 31 31 49 24 58 5 28 34 29 53 16 38 58 31 45 25 31 37 22 40 23 25 51 22 25 51 25 50 13 13 32 8 45 19 39 26 14 26 25 31 21 10 27 6 17 37 36 15 25 39 38 34 50 59 19 6 46 42 51 33 44 14 55 37 27 15 48 40 32 57 37 26 24 20 41 34 47 18 61 52 25 37 29 50 42 51 8 6 57 38 20 45 34 35 49 12 51 45 32 52 13 52 6 18 33 15 28 49 55 47 41 35 22 22 39 30 8 22 27 31 52 61 38 49 51 14 28 4 13 32 32 57 27 45 7 45 53 52 32
67 21 42 56 28 36 39 32 39 52 7 42 51 51 27 35 43 60 15 16 44 41 20 23 23 35 21 16 35 12 58 51 40 58 42 47 47 32 18 17 56 39 9 40 36 52 44 64 50 36 19 54 49 7 45 30 43 51 15 12 0 26 20 33 39 24 51 43 37 22 39 31 21 39 29 54 54 21 58 13 51 45 45 50 45 30 27 31 44 41 17 32 38 40 6 28 10 10 27 42 39 42 42 33 34 22 44 54 37 49 35 13 50 46 1 16 52 7 30 30 57 48 44 10 25 21 23 24 24 37 54 15 10 27 27 22 21 18 15 51 17 6 34 12 19 32 17 22 20 10 56 27 49 44 10 32 15 10 8 16 20 56 39 16 27 30 43 23 22 34 52 50 49 35 41 22 7 5 34 26 62 23 58 49 29 19 23 51 38 40 54 48 18 45 36 9 43 47 38 41 49 48 26 39 41 50 39 30 60 14 28 3 52 63 29 38 12 31 13 16 11 43 39 58 20 44 20 35 38 31 29 40 28 12 51 44 37 48 41 35 58 35 51 19 42 49 36 42 29 3 37 15 4 25 44 35 13 46 39 34 19 8 36 10 42 48 42 43 56 4 48 39 28 53 29 8 2 40 39 13 53 66 58 35 10 53 20 25 45 42 20 21 18 13 46 32 45 47 44 28 26 11 30 26 15 49 13 45 22 46 37 19 21 50 45 25 36 35 11 26 11 53 19 34 28 38 19 18 23 38 62 18 51 14 31 26 26 41 47 29 19 37 26 29 31 14 42 31 18 34 39 38 37 40 48 13 40 24 47 45 41 23 55 44 45 39 23 39 39 39 55 35 38 51 43 37 46 59 50 52 35 5 27 65 47 39 26 28 17 51 12 10 42 40 46 18 49 31 37 40 19 32 35 47 50 32 20 22 50 13 52 8 19 31 40 52 13 30 63 34 50 36 41 29 15 33 13 37 52 33 35 52 33 48 7 20 34 19 52 29 42 25 21 31 29 32 32 14 16 15 28 29 38 15 14 31 46 32 48 54 13 13 38 42 50 34 37 21 53 28 20 20 46 44 41 60 45 33 30 17 33 26 46 29 65 51 32 35 19 47 45 48 9 15 51 42 18 46 41 30 42 13 45 41 34 54 2 46 8 10 33 24 31 52 52 49 37 41 28 17 38 33 16 34 31 36 47 55 39 47 47 20 20 15 24 35 23 52 34 44 6 47 48 55 40
67 28 64 34 15 22 46 11 20 57 32 60 36 46 49 45 20 62 11 15 53 24 13 32 11 16 38 22 20 22 59 45 48 56 60 38 52 52 8 31 61 19 18 49 57 47 59 65 29 58 8 33 28 20 34 37 42 34 15 35 26 0 44 25 55 44 46 28 47 9 28 51 40 18 24 54 55 16 62 25 33 32 52 52 25 16 50 44 32 21 40 44 60 59 20 16 16 29 2 60 18 33 27 47 42 26 55 48 41 32 46 36 48 26 27 14 59 23 44 45 60 57 48 27 47 40 19 3 21 41 57 25 25 50 31 21 20 12 14 40 36 30 42 31 10 53 13 33 36 26 55 44 40 43 26 53 28 18 34 13 12 53 49 13 47 19 39 40 41 32 37 58 34 28 20 11 24 28 36 32 62 13 58 54 8 19 40 33 27 47 44 25 13 22 17 29 48 46 35 34 33 34 20 16 27 34 55 50 59 19 21 24 39 62 46 58 15 46 24 16 17 35 16 61 21 39 43 18 58 48 30 45 52 25 37 24 56 41 33 53 62 54 42 23 63 42 15 54 51 28 42 12 27 32 58 38 38 23 58 11 11 32 51 19 20 40 30 26 61 28 34 18 51 31 48 19 28 37 35 34 52 66 57 53 17 35 7 49 35 58 7 32 36 15 35 46 52 37 51 36 34 34 21 27 19 55 34 52 5 38 46 37 23 58 47 5 25 37 30 18 31 39 30 37 49 37 39 18 47 45 60 17 53 14 11 33 45 57 50 34 32 43 28 42 9 31 24 48 23 10 36 47 20 29 32 20 40 38 26 54 25 3 48 44 24 34 33 29 25 41 55 47 44 51 34 35 47 59 33 51 48 22 20 65 34 27 44 43 12 31 15 36 27 62 45 40 29 53 56 61 20 50 40 39 58 53 12 6 44 17 32 30 8 22 59 43 24 7 64 38 52 56 62 7 15 11 26 58 48 52 53 48 47 35 30 37 38 43 58 47 44 26 37 40 39 33 54 31 13 40 51 6 40 27 17 6 58 25 35 34 19 38 15 37 42 34 17 37 41 5 11 33 36 49 58 57 57 45 42 21 10 6 40 51 66 43 45 27 10 31 46 33 35 35 32 45 23 42 51 17 21 27 24 28 35 51 26 25 30 18 31 41 36 51 36 45 22 49 40 17 32 38 36 55 38 43 29 33 38 36 30 34 11 37 47 39 5 32 47 38 30 44 28 55 54
64 38 24 70 42 47 35 48 52 48 17 28 60 55 9 31 58 57 34 31 37 53 35 25 38 50 16 34 48 30 56 56 35 59 26 54 43 15 36 19 51 53 29 34 18 56 32 61 64 18 37 67 63 26 53 30 45 62 35 9 20 44 0 42 25 11 54 53 32 41 48 15 12 54 38 52 52 34 53 30 62 54 40 48 59 43 9 25 52 55 5 27 20 23 26 41 30 24 45 27 55 50 53 25 31 29 36 58 36 60 30 8 51 60 19 32 46 22 22 22 53 40 41 27 8 14 34 42 34 37 50 23 28 9 31 32 32 38 31 59 13 18 32 15 39 14 33 23 18 20 56 18 55 45 19 16 21 29 14 32 35 56 32 32 13 42 47 16 13 39 61 43 59 43 55 37 25 17 37 29 60 38 56 44 45 31 17 63 47 36 60 62 34 60 50 16 40 48 43 47 59 57 36 55 51 60 27 14 59 33 38 21 60 62 19 20 30 23 31 30 31 49 55 54 30 49 4 49 20 19 34 38 9 29 60 58 20 53 47 21 53 19 57 29 24 54 51 33 11 18 35 33 18 28 33 37 8 61 22 50 38 13 25 25 57 54 51 55 51 20 58 54 10 67 15 26 19 45 45 11 52 63 58 22 30 65 38 7 53 30 39 23 14 32 54 24 39 54 39 28 28 10 40 33 33 43 12 40 40 52 32 14 30 43 43 42 47 37 15 38 14 62 22 35 11 41 11 36 3 35 61 37 49 33 46 29 14 29 45 32 20 35 33 23 47 16 56 20 36 51 44 32 50 49 58 32 43 21 61 39 52 41 60 46 60 45 25 48 50 40 55 28 35 51 51 42 45 57 61 53 28 22 38 63 56 49 16 20 37 64 31 11 52 22 47 7 62 13 21 22 30 18 34 53 44 14 39 40 54 32 65 14 37 41 24 58 24 46 60 35 47 19 25 46 30 49 30 19 55 18 22 56 24 56 20 15 36 2 46 17 42 32 17 29 28 36 14 17 35 5 10 46 40 22 33 48 37 41 57 66 27 8 54 47 56 38 52 16 61 45 36 20 54 42 28 60 35 27 26 28 49 42 52 11 62 57 26 44 38 58 45 58 13 11 64 40 28 49 34 43 57 19 59 52 37 56 20 60 15 27 39 15 32 52 62 52 49 36 25 30 44 34 12 16 31 33 60 69 43 55 58 19 36 8 6 36 40 65 27 50 15 49 61 54 30
43 47 55 31 11 7 25 18 14 34 39 45 19 22 43 26 23 38 26 19 32 13 16 19 16 16 29 39 10 38 35 21 27 31 47 15 30 43 24 23 37 16 31 29 47 22 42 40 25 49 25 27 25 31 13 19 17 20 33 35 33 25 42 0 41 36 22 12 27 31 7 41 33 18 5 30 31 14 38 40 21 13 30 28 20 10 44 28 11 18 37 27 51 47 31 10 29 41 26 45 20 10 12 31 22 13 35 24 20 18 27 35 23 20 34 19 37 27 30 31 36 36 25 40 40 31 11 23 10 19 33 20 39 44 13 12 13 32 20 19 30 38 22 28 30 45 19 21 26 25 31 32 17 19 26 43 22 32 39 21 16 29 29 20 38 7 14 30 32 9 20 36 17 3 19 17 36 30 14 15 37 14 34 32 19 15 29 22 6 26 22 25 18 23 14 29 26 21 11 10 18 16 8 23 10 19 40 40 35 36 6 30 19 37 33 48 26 31 40 19 32 11 22 37 13 14 39 13 47 35 10 23 46 40 19 19 45 17 9 40 38 43 19 15 51 18 18 36 45 35 21 25 31 16 39 16 39 24 46 21 31 34 35 24 21 17 10 15 37 36 17 19 45 28 37 29 35 13 10 32 27 42 32 39 31 24 22 43 13 42 27 20 29 31 14 30 31 15 30 18 17 33 5 10 36 32 31 31 23 14 26 30 13 37 24 21 6 15 28 9 29 21 20 15 41 14 32 38 43 24 36 37 29 31 16 16 35 41 26 15 23 22 10 27 19 26 16 34 42 23 11 27 12 7 17 37 16 25 22 33 12 25 24 19 22 9 19 6 9 17 30 29 23 26 11 11 23 34 19 26 30 29 7 41 15 7 33 30 31 23 30 40 11 52 21 36 22 45 44 51 15 39 19 16 36 44 33 22 20 34 25 32 22 3 46 20 21 21 40 17 28 46 49 20 20 19 41 47 23 41 40 23 31 15 39 28 16 41 36 36 21 10 27 22 21 11 45 25 31 41 44 21 16 21 34 23 38 1 16 25 20 40 23 12 19 12 17 27 21 22 18 23 14 26 43 33 37 27 25 17 21 19 15 43 42 20 28 3 30 16 22 16 40 31 23 22 16 18 31 9 20 24 21 10 13 26 34 22 31 25 8 31 16 26 20 20 9 28 24 17 8 18 31 45 19 23 20 29 14 15 17 25 17 35 42 17 23 25 30 13 34 20 21 30 36
44 59 18 71 46 47 20 54 54 27 39 5 55 43 18 17 62 37 48 41 17 54 43 25 46 54 19 54 49 50 38 44 18 42 7 47 25 12 49 26 31 56 46 17 12 43 7 41 66 15 50 67 65 44 48 23 33 58 52 29 39 55 25 41 0 16 41 52 16 56 45 11 18 57 38 35 35 41 32 50 60 50 22 31 60 47 18 14 48 58 25 15 15 9 43 45 46 46 57 5 59 44 52 10 20 32 14 45 24 57 15 28 37 61 39 42 25 37 12 11 34 19 25 48 18 18 39 52 37 25 32 31 48 19 28 37 37 54 42 51 22 39 20 28 54 14 43 23 21 32 39 12 47 32 32 11 29 47 36 44 44 41 15 43 14 44 37 17 17 34 56 22 55 40 58 46 45 34 29 26 42 44 38 25 53 38 16 61 45 20 50 65 43 63 53 31 24 35 35 41 56 52 39 61 50 56 2 12 42 51 40 38 54 44 10 11 44 10 51 40 48 42 60 34 35 40 23 52 10 9 31 24 19 50 54 60 9 43 42 5 33 8 48 34 13 44 56 10 17 38 23 47 35 26 9 27 31 64 8 57 53 32 6 38 61 45 48 55 30 40 54 58 19 69 11 43 39 36 38 26 37 44 41 4 47 63 49 20 47 5 53 24 22 49 49 11 20 48 21 23 24 28 42 32 52 24 26 21 51 44 17 21 34 21 28 52 46 29 29 42 28 56 26 27 15 32 20 55 23 20 44 55 31 50 52 26 13 4 29 26 24 22 31 15 55 27 57 8 56 59 36 17 52 45 56 51 32 18 62 19 52 53 48 33 62 39 24 44 49 29 38 13 22 35 44 34 31 39 58 38 12 39 40 44 51 47 13 13 53 63 48 34 51 16 34 23 63 15 7 14 37 8 23 44 23 13 56 50 43 50 65 32 48 41 7 49 33 55 40 25 30 11 10 54 41 55 51 12 42 8 4 43 10 51 41 20 27 25 25 10 29 33 20 20 20 30 15 27 52 29 18 55 29 29 51 57 14 40 51 65 38 32 61 39 46 31 56 19 53 54 45 23 47 26 3 43 13 14 16 35 57 51 43 15 42 47 13 41 53 55 31 54 36 24 63 26 33 39 15 46 60 29 61 49 29 42 40 62 31 40 35 16 25 37 57 39 50 19 17 39 39 25 23 12 23 20 60 70 33 49 56 22 45 26 20 26 51 64 12 42 34 36 61 37 9
54 44 21 66 38 42 25 45 48 37 23 19 53 46 7 21 55 46 35 30 26 48 32 18 36 47 8 39 43 35 46 47 25 49 19 47 33 9 37 15 41 49 32 24 13 47 22 50 60 14 37 63 59 30 46 21 36 56 38 13 24 44 11 36 16 0 45 48 21 42 42 8 4 50 32 42 42 31 43 35 57 47 30 38 54 39 8 15 46 51 9 17 17 17 29 37 32 31 45 19 51 43 47 15 22 24 26 49 26 54 20 12 42 55 24 30 36 23 12 11 43 30 31 33 5 5 30 41 29 28 40 20 33 9 24 28 28 40 30 51 8 24 23 14 40 10 32 16 10 19 46 8 47 36 18 10 17 33 20 32 33 47 22 31 3 37 38 7 4 32 54 33 52 37 51 35 30 19 28 22 50 35 46 34 43 28 8 57 41 26 52 58 32 56 46 17 30 38 35 40 53 50 32 53 45 54 17 7 50 37 33 24 53 52 9 15 31 13 36 29 34 42 52 44 26 41 8 45 15 9 27 29 10 34 53 54 14 44 40 12 43 11 49 25 19 45 48 23 9 23 26 34 20 21 23 28 15 57 15 48 40 17 15 25 54 46 45 50 40 25 52 51 9 63 6 29 24 36 37 11 43 53 48 13 33 59 37 9 45 20 40 16 9 35 47 13 29 47 29 20 20 13 35 27 38 33 12 30 39 44 22 8 26 32 34 41 42 29 15 34 14 55 17 27 5 32 6 41 10 25 51 40 39 36 43 21 3 19 35 24 14 26 26 14 45 13 51 10 41 49 36 22 46 42 52 37 34 12 56 29 47 41 51 37 56 37 17 41 44 31 45 18 26 41 43 34 36 47 55 44 18 25 33 53 49 43 6 10 39 59 34 19 47 18 37 7 58 10 14 18 27 9 25 45 34 9 42 39 45 36 60 17 36 35 17 50 21 45 50 26 37 13 19 44 29 46 35 14 46 10 13 47 14 49 26 8 27 10 35 7 33 26 10 20 19 28 10 14 38 14 9 44 31 18 37 47 27 35 50 61 26 16 52 39 48 30 49 9 53 44 34 13 46 32 19 50 25 17 17 25 47 41 44 8 52 49 16 37 39 52 36 51 21 10 59 31 24 41 24 39 53 17 55 46 28 47 25 56 16 27 32 6 24 43 55 43 44 26 16 28 37 25 9 11 22 24 55 65 34 48 53 12 34 10 7 27 40 60 17 42 19 40 56 44 20
22 67 58 40 32 25 22 38 31 20 56 44 20 2 51 25 38 20 47 39 26 27 37 30 37 34 39 60 28 58 15 4 24 10 47 11 19 49 45 36 22 33 51 25 51 3 39 21 37 54 46 36 36 51 16 25 9 25 54 49 51 46 54 22 41 45 0 23 26 52 19 47 42 35 24 12 13 35 22 60 27 19 21 14 33 31 52 31 17 33 50 29 55 49 50 31 49 60 47 45 37 14 24 33 24 29 29 5 19 25 27 49 5 33 52 40 24 45 34 35 19 27 17 60 49 40 31 44 29 18 17 36 58 53 25 31 32 53 40 14 42 55 23 43 51 51 40 32 37 41 11 38 10 10 42 48 37 52 55 42 37 8 27 40 45 28 9 39 42 17 20 25 22 19 34 38 55 47 18 26 17 35 14 20 40 34 38 28 21 22 10 38 39 38 32 44 18 7 13 13 24 19 28 40 22 23 39 46 14 56 27 48 17 17 38 51 46 34 60 39 52 12 39 20 32 8 51 31 50 40 22 18 54 60 19 33 48 7 14 43 21 47 10 32 54 6 36 32 52 52 20 46 48 27 36 18 53 38 48 40 52 49 36 43 37 8 19 27 22 54 21 36 53 39 43 49 52 11 13 45 9 21 12 41 52 29 44 53 14 40 49 32 41 51 16 33 23 12 22 26 27 47 26 25 57 22 44 23 44 10 25 41 31 27 14 42 23 17 43 30 44 19 33 19 48 14 43 59 54 22 15 58 14 52 36 26 43 39 14 23 35 20 25 32 39 41 30 39 63 43 12 25 29 18 24 57 12 33 35 25 25 46 7 9 36 13 30 18 24 15 10 30 20 9 13 14 11 15 25 7 30 47 28 20 17 21 40 36 52 32 50 55 23 56 8 48 33 51 46 54 34 43 21 9 25 50 54 43 3 54 34 47 43 25 48 9 38 41 21 19 14 50 51 40 40 39 61 51 2 45 42 2 34 17 57 39 19 53 24 41 13 26 37 26 27 19 52 40 52 54 52 42 14 36 55 43 32 22 18 32 39 54 41 10 8 17 34 38 15 42 39 35 14 16 43 12 32 29 29 35 41 40 8 50 22 8 30 20 51 23 11 22 56 44 31 16 33 5 27 30 35 39 35 21 18 5 52 35 46 44 18 40 22 8 22 2 26 23 30 37 15 20 43 50 23 22 29 38 12 14 25 36 38 48 52 18 44 33 31 9 50 6 31 12 34
45 53 66 20 16 7 34 18 9 40 49 55 9 22 54 36 16 42 33 28 41 5 24 30 22 13 40 46 9 45 38 20 37 33 58 12 37 55 30 35 43 11 39 38 58 22 52 43 15 60 30 16 15 40 8 29 23 9 39 46 43 28 53 12 52 48 23 0 37 35 7 53 44 13 16 34 35 22 44 48 9 5 37 34 11 14 55 39 7 11 49 37 62 58 40 16 37 50 28 56 15 10 2 42 33 25 44 23 29 7 37 47 27 11 44 28 43 37 41 42 40 44 33 49 52 43 21 26 20 28 38 31 47 56 25 22 23 37 29 13 42 48 32 39 35 56 27 32 38 35 33 43 14 25 36 55 33 40 49 29 24 30 39 28 49 13 19 42 44 18 10 43 7 12 12 23 45 41 24 27 39 21 37 39 21 25 41 10 7 35 18 16 26 16 11 40 33 26 18 13 7 7 18 18 3 7 50 52 36 43 16 40 11 39 44 59 34 42 48 27 39 13 17 41 24 17 51 10 59 47 22 31 57 48 9 10 56 17 12 51 43 54 15 25 63 17 15 46 56 45 31 32 41 28 49 25 50 15 57 20 36 44 46 34 15 15 5 4 43 46 7 14 57 18 49 38 45 18 15 43 31 44 34 50 39 12 28 55 10 52 32 32 41 38 8 42 39 11 38 29 29 44 14 22 43 40 42 39 28 14 36 41 24 44 30 24 7 24 39 18 40 11 32 25 52 22 43 44 55 34 37 43 35 38 17 28 47 51 32 26 34 31 22 38 20 38 8 46 49 22 18 37 8 7 6 44 23 37 13 41 3 29 22 25 13 14 31 8 4 26 33 40 32 30 10 18 29 37 8 29 40 39 17 43 7 5 45 42 37 12 37 50 1 64 26 48 12 57 55 62 25 50 29 15 43 55 38 26 20 41 14 42 28 13 57 17 31 22 43 27 34 57 61 21 29 18 49 59 24 52 51 23 42 8 49 40 26 52 42 47 28 22 38 32 32 22 57 37 37 52 56 23 25 32 41 23 47 13 8 14 30 51 19 16 17 21 13 39 14 24 25 35 10 33 54 34 47 38 36 27 20 23 16 55 44 17 39 11 35 5 28 6 50 43 12 30 26 20 40 14 13 35 12 3 23 27 44 13 41 34 18 43 27 30 10 23 7 37 35 27 14 28 42 57 30 32 9 19 21 9 5 36 24 46 54 27 27 13 40 14 44 24 10 34 46
33 57 33 57 35 34 5 43 41 17 39 19 40 27 27 2 50 26 41 33 7 40 34 16 37 42 18 51 37 47 25 29 4 28 22 32 12 24 41 21 21 43 42 3 25 28 15 30 52 28 42 53 51 40 33 10 18 44 47 30 37 47 32 27 16 21 26 37 0 49 31 22 21 45 25 22 22 32 22 49 45 35 9 18 47 35 28 7 33 45 29 5 30 24 39 34 41 46 48 20 47 30 38 7 6 22 9 30 9 43 2 30 22 47 38 34 16 33 10 11 22 12 10 47 25 19 28 44 27 10 19 24 47 29 17 27 28 48 34 36 22 39 6 26 47 26 35 16 17 27 26 14 31 17 28 23 23 43 37 36 35 27 2 35 21 32 22 17 19 20 41 13 40 26 45 37 43 33 14 16 29 34 25 13 43 29 16 46 31 5 35 51 35 50 40 29 9 19 20 26 42 37 28 49 35 42 14 21 29 47 28 35 39 31 14 26 39 10 49 32 43 27 48 23 26 25 28 39 25 14 18 9 30 48 39 46 23 28 27 17 22 21 33 25 28 29 44 9 28 37 8 40 33 16 13 13 34 51 22 46 47 32 10 33 48 30 34 41 20 40 39 46 29 55 19 39 38 21 23 27 23 32 28 15 43 48 41 29 32 15 45 17 21 44 34 9 8 32 9 12 14 29 29 21 48 13 26 9 43 29 2 20 25 14 14 43 33 14 27 31 27 41 19 13 24 17 22 51 31 5 31 51 18 45 41 15 19 15 14 14 19 7 20 9 44 24 43 13 53 48 21 1 39 31 41 48 17 13 49 9 38 45 33 18 49 24 15 30 35 13 25 4 6 21 29 20 16 26 43 24 5 35 29 32 36 33 16 12 47 49 43 37 37 30 19 26 49 27 21 28 28 18 9 29 14 25 50 42 27 46 51 31 40 29 22 33 26 45 29 11 17 24 26 44 33 44 49 25 27 20 16 28 8 36 42 18 12 31 15 17 13 22 17 8 9 17 27 23 46 34 28 45 14 23 47 47 11 27 37 50 31 35 49 24 31 17 44 18 38 45 37 18 32 11 18 30 11 5 7 27 46 41 28 26 31 32 6 27 46 40 16 40 38 25 49 11 25 23 5 34 47 25 48 35 15 27 38 48 30 35 21 17 12 23 42 24 36 5 9 31 24 10 23 25 10 5 45 55 18 34 42 18 36 28 28 11 43 50 5 27 34 21 47 24 9
72 20 62 42 21 29 49 19 28 61 27 60 44 52 47 47 29 67 8 16 55 32 17 33 15 24 38 14 27 15 64 51 50 62 60 45 56 51 8 30 65 27 13 51 55 53 60 70 37 56 7 41 36 15 41 39 47 42 8 32 22 9 41 31 56 42 52 35 49 0 35 50 39 26 29 59 60 19 66 18 41 39 55 57 33 23 47 45 39 29 37 45 58 58 16 22 12 22 9 60 26 40 34 48 44 28 57 54 45 40 48 33 53 34 22 15 63 20 45 46 65 60 52 20 44 39 22 9 25 44 61 26 18 48 34 24 22 4 15 47 35 25 44 29 3 51 14 34 36 25 60 44 47 48 25 52 27 13 29 13 16 59 51 14 45 25 45 40 40 37 45 61 41 34 28 15 18 24 40 34 67 18 63 58 15 21 40 41 33 50 51 34 15 31 25 26 52 51 40 40 40 42 25 23 34 42 55 49 65 12 26 20 46 68 46 57 12 47 17 17 11 42 25 65 24 44 40 26 57 48 34 48 49 18 44 32 55 47 39 53 66 53 48 25 61 48 23 56 49 24 45 9 23 34 59 42 34 32 57 19 3 28 52 18 28 47 37 34 64 23 42 26 49 38 47 15 23 43 40 32 57 72 63 53 12 43 9 46 42 59 4 33 35 9 42 47 55 44 55 38 36 32 27 30 11 58 32 56 8 44 48 36 25 61 51 12 31 41 28 23 29 46 31 40 47 42 37 11 43 48 66 10 58 8 19 35 44 58 54 37 33 46 31 43 17 30 32 48 16 17 41 49 28 36 39 13 45 39 34 57 33 7 54 49 32 39 34 35 32 45 60 48 47 56 41 40 52 64 41 56 49 19 25 71 41 34 44 43 5 39 10 31 34 60 50 37 37 51 55 59 22 50 43 46 61 51 3 10 50 10 40 27 10 28 58 50 24 15 69 42 56 55 61 15 16 19 19 56 54 51 53 54 48 43 25 37 41 39 62 47 48 29 37 42 41 37 52 30 6 36 48 14 44 28 10 15 60 30 42 42 19 34 22 42 49 39 25 37 49 13 14 34 43 52 59 63 58 46 43 22 18 13 46 49 71 50 46 33 4 39 51 40 30 33 40 49 24 48 53 23 29 27 32 35 39 56 21 33 27 16 36 41 39 56 44 51 29 52 41 18 38 41 34 53 40 46 37 42 43 43 38 34 15 35 45 42 9 40 48 44 26 50 36 60 55
41 51 60 27 14 6 28 19 13 35 45 49 13 19 48 29 21 37 30 24 35 10 21 24 20 15 34 44 9 43 33 18 30 29 51 10 31 49 28 29 38 15 36 32 52 19 45 39 22 54 29 23 21 37 7 23 18 14 38 41 39 28 48 7 45 42 19 7 31 35 0 46 39 17 11 29 30 19 39 46 15 7 32 29 16 13 49 32 6 16 44 31 56 52 36 14 34 46 28 50 19 5 7 35 26 19 38 20 23 13 31 41 22 17 40 25 38 33 34 36 36 38 27 46 46 37 17 26 15 22 33 26 44 50 19 17 19 36 25 13 36 44 26 34 34 50 24 26 32 31 29 37 13 20 32 48 28 37 45 26 21 26 33 25 43 11 14 35 38 12 14 37 11 5 16 21 41 37 17 21 36 18 33 33 21 21 35 16 2 29 17 21 23 21 13 35 27 21 12 8 12 10 14 22 5 13 44 46 33 41 12 36 14 35 38 53 31 36 45 24 37 8 21 37 20 12 45 12 52 40 15 25 51 45 13 16 50 14 7 45 38 48 14 21 56 14 17 39 50 41 24 30 36 22 43 19 45 21 51 22 35 40 40 30 19 13 4 10 37 42 11 18 51 24 43 34 41 13 10 38 26 40 31 44 37 18 27 49 8 46 31 26 35 35 8 35 33 10 32 23 23 39 10 16 41 34 37 33 27 10 30 35 19 39 25 24 4 17 34 14 35 15 26 19 46 15 38 43 49 27 34 42 30 36 18 21 41 45 27 20 29 25 16 32 21 33 13 39 47 24 12 31 11 2 11 42 17 31 19 35 8 28 20 19 19 9 25 1 5 19 29 33 26 26 7 12 24 33 14 25 34 35 13 39 8 2 39 35 35 18 35 46 6 57 21 42 18 50 49 56 21 44 23 12 37 49 37 25 17 39 20 38 26 9 51 15 27 23 39 21 28 51 54 22 25 20 47 52 21 46 44 20 36 10 45 34 19 47 37 41 22 16 32 26 26 15 51 32 36 47 50 23 19 27 39 24 41 8 9 20 26 46 22 11 15 15 16 33 15 24 23 29 9 27 48 30 40 32 29 22 22 22 12 49 40 15 32 5 34 10 23 10 46 37 18 24 22 16 34 12 18 30 18 5 16 24 40 18 37 30 11 37 20 25 14 19 8 31 29 23 8 21 37 50 23 26 15 25 15 9 12 30 22 41 48 20 26 20 34 10 40 19 17 29 40
53 50 15 71 44 47 26 52 54 36 29 14 57 48 7 22 61 45 42 36 25 54 39 23 43 53 14 46 49 42 46 49 24 50 12 50 33 3 44 21 40 55 39 24 6 49 18 50 66 8 44 68 65 37 50 24 38 60 45 20 31 51 15 41 11 8 47 53 22 50 46 0 11 56 37 43 43 38 41 42 61 52 30 39 60 45 8 16 50 57 15 18 10 9 36 43 39 37 52 13 58 47 52 15 23 30 24 51 28 59 21 19 43 61 31 37 34 30 13 12 42 28 32 39 7 12 36 48 35 30 40 26 40 9 28 34 34 47 37 55 15 30 24 21 47 5 39 21 16 25 46 10 50 37 25 3 24 40 26 39 40 48 22 38 5 43 41 12 10 35 58 31 57 41 57 42 37 27 31 26 50 41 46 33 50 34 13 62 46 27 55 64 39 62 52 24 31 40 38 43 58 54 37 59 50 58 13 1 50 43 39 31 57 52 9 8 38 13 43 35 41 45 59 42 32 44 13 51 8 8 31 30 9 41 57 59 6 47 44 7 42 5 52 31 12 48 54 20 7 30 27 41 28 25 19 31 21 63 9 54 47 24 13 33 60 49 49 55 39 32 56 57 8 68 4 36 31 39 41 19 44 52 49 9 40 64 44 10 49 15 47 22 15 42 51 14 28 51 29 24 24 20 41 32 44 32 19 29 46 48 23 14 32 30 35 48 47 32 22 40 21 59 23 30 4 35 13 47 13 26 52 48 39 43 50 25 6 15 36 27 20 27 31 16 52 20 56 9 48 56 39 23 51 47 57 44 36 16 62 27 52 48 53 38 61 41 22 46 49 33 45 18 27 42 47 37 37 47 59 45 17 32 39 52 53 48 8 12 46 64 41 25 52 12 39 14 63 5 7 11 33 5 27 48 32 4 49 46 47 43 66 23 43 41 10 53 28 51 49 28 38 6 12 51 36 53 42 7 47 3 8 49 14 53 32 14 30 15 34 6 34 32 15 22 22 32 6 21 45 19 7 51 33 24 44 53 24 40 54 66 33 22 58 42 50 33 55 15 56 51 41 19 50 33 13 50 22 18 19 31 54 47 47 5 51 51 17 42 46 56 37 56 27 17 64 32 30 43 23 45 59 24 61 50 32 48 32 61 24 34 36 10 27 44 59 45 49 26 18 35 41 27 16 5 25 25 60 70 37 51 58 18 41 17 10 29 47 65 17 45 26 41 61 45 18
53 41 25 62 34 39 24 42 44 37 21 22 50 44 10 20 51 46 31 26 26 45 29 15 32 43 5 36 40 32 45 45 24 47 21 44 32 13 33 11 41 46 28 23 17 45 24 50 57 18 34 59 56 27 43 19 33 52 35 11 21 40 12 33 18 4 42 44 21 39 39 11 0 46 29 41 41 28 42 33 53 44 30 37 51 36 11 14 43 48 9 16 20 20 26 34 29 29 42 22 48 40 44 15 20 20 26 47 25 51 19 10 40 52 21 27 36 20 11 11 43 30 30 30 8 2 27 38 26 26 39 16 31 12 21 25 25 37 26 48 5 22 21 11 37 14 28 13 7 15 45 8 44 34 15 13 14 30 19 28 30 45 22 28 7 34 36 5 2 29 51 33 49 34 48 32 27 17 26 19 49 31 45 33 40 24 6 54 38 25 49 55 29 53 42 13 29 37 32 37 50 47 28 49 42 51 19 10 48 34 30 21 50 51 9 19 28 13 33 25 30 39 49 43 22 38 9 42 18 10 24 27 14 32 50 50 17 42 37 15 43 15 46 21 23 43 44 23 13 20 24 30 18 18 24 26 14 54 19 44 37 14 16 22 50 43 42 47 40 23 49 47 13 59 8 26 21 34 34 9 41 52 47 15 29 56 34 11 43 22 37 13 5 32 44 13 28 44 29 18 17 10 32 23 35 33 9 29 36 41 21 4 22 33 32 38 38 27 12 30 10 52 13 25 9 30 2 38 12 24 50 38 37 33 40 18 5 21 34 21 10 24 23 12 42 10 48 11 38 45 33 22 42 39 49 34 32 9 53 29 44 38 49 35 52 35 14 38 41 29 44 17 24 39 40 31 34 46 51 42 18 21 30 52 46 39 6 9 36 55 31 18 44 22 36 6 54 13 17 21 23 12 23 42 34 13 39 35 43 33 57 14 33 32 20 47 17 41 49 23 36 16 22 40 26 43 33 18 44 13 15 44 14 46 24 5 25 11 35 9 31 23 7 18 17 25 14 10 35 14 12 41 28 14 34 43 27 32 47 58 22 15 48 36 45 27 45 6 50 40 31 10 44 31 21 49 26 16 15 21 44 37 41 11 51 46 15 34 36 48 34 48 19 7 55 29 20 39 24 35 49 13 51 43 26 45 22 52 14 24 29 4 22 41 52 40 40 25 14 25 34 22 5 15 19 22 52 61 32 45 49 9 31 8 10 24 36 57 16 39 16 38 53 43 21
57 45 70 18 13 12 43 7 5 50 45 61 20 34 56 43 5 53 26 24 50 9 20 34 17 4 43 39 9 39 50 33 45 45 63 25 47 58 23 36 54 3 33 46 62 35 59 55 12 64 23 16 11 34 20 35 34 17 32 45 39 18 54 18 57 50 35 13 45 26 17 56 46 0 20 45 46 20 55 42 16 17 47 45 8 11 57 44 19 4 49 43 66 63 34 13 31 44 17 62 2 21 12 47 40 27 52 35 37 15 44 46 38 9 40 23 54 34 46 47 52 53 43 43 54 45 20 18 21 36 49 31 41 58 30 22 22 29 24 25 43 44 39 39 27 59 22 35 40 34 45 47 27 36 35 58 34 34 46 24 19 42 47 23 52 14 30 45 47 26 21 53 17 20 2 18 39 39 31 31 51 17 49 49 11 23 44 16 16 43 30 9 21 7 5 38 43 37 28 24 16 19 19 6 13 18 56 55 49 35 18 36 23 51 49 63 28 48 41 24 33 24 5 53 25 28 52 6 63 51 27 40 59 42 21 7 61 29 23 56 54 59 28 26 67 29 3 53 58 41 39 26 38 32 57 33 49 8 62 8 28 43 52 30 4 27 16 10 54 41 18 1 58 14 53 33 41 29 26 43 42 56 46 55 33 17 21 56 22 59 24 35 42 31 21 47 48 24 47 35 34 44 16 26 36 50 42 48 19 26 44 43 25 54 41 15 13 32 39 17 40 22 34 33 55 31 45 36 55 42 49 35 46 31 9 32 50 58 42 32 37 40 26 43 10 38 7 50 41 10 27 44 6 18 15 36 33 41 9 50 10 20 34 36 7 25 34 18 12 35 45 46 41 42 22 28 40 49 16 41 47 35 18 55 19 15 48 46 29 14 31 48 13 67 37 48 12 59 60 66 24 54 37 27 53 59 29 19 32 34 14 41 21 17 62 29 30 12 55 35 45 61 65 12 25 8 43 63 36 56 56 36 48 21 44 42 33 52 53 51 38 25 41 39 38 29 60 37 30 51 58 13 34 33 33 12 55 18 20 17 27 49 6 27 29 29 2 42 26 14 19 37 22 43 60 46 55 44 42 26 9 15 28 57 56 30 45 19 27 15 39 17 47 43 15 40 27 32 48 12 4 35 7 14 30 39 39 8 40 29 25 46 33 41 20 34 9 46 40 24 23 35 43 60 36 40 11 17 31 22 13 39 19 46 55 34 18 15 47 26 42 35 11 45 53
44 44 51 34 11 10 24 19 17 33 35 42 23 24 39 23 25 39 23 16 31 17 13 15 14 17 25 37 12 34 35 24 26 33 44 19 29 39 22 19 37 19 28 27 43 25 39 41 29 45 23 31 28 28 16 16 18 24 30 31 29 24 38 5 38 32 24 16 25 29 11 37 29 20 0 31 31 11 38 37 25 17 29 29 23 11 40 25 16 21 33 24 47 44 27 10 26 37 25 42 22 14 16 28 20 9 33 27 18 22 25 31 25 24 30 16 36 23 26 28 36 35 25 37 36 27 8 22 6 18 33 16 35 40 10 8 9 29 17 23 26 34 20 24 28 41 16 17 22 21 32 28 20 20 22 39 18 29 34 18 14 30 27 17 34 8 16 26 29 8 24 35 21 7 21 15 32 27 13 12 39 12 35 31 19 11 25 26 10 25 25 28 15 26 16 25 25 22 12 13 22 20 5 24 14 23 37 37 36 33 4 26 24 39 30 44 23 28 37 15 29 14 24 37 10 16 35 15 44 32 8 22 42 37 23 23 42 20 12 37 38 39 22 10 48 21 19 34 41 31 20 23 27 13 37 15 35 27 43 22 29 30 32 20 24 20 14 18 37 32 21 21 41 32 34 26 31 14 12 27 29 43 34 36 28 28 20 39 17 39 25 16 25 28 17 27 29 19 29 15 14 29 5 6 34 32 26 30 22 18 24 26 8 36 24 20 10 14 24 7 25 25 16 13 37 13 28 35 39 23 37 35 30 28 16 13 32 38 26 12 19 21 7 24 20 22 20 31 39 23 13 25 15 12 21 34 16 22 25 32 15 23 27 20 25 11 15 11 13 17 31 26 22 27 15 11 23 35 23 28 27 25 5 42 19 11 29 27 29 27 27 36 15 49 22 32 26 41 40 47 11 35 18 19 35 40 31 20 22 31 29 28 20 4 43 24 16 21 41 16 28 42 46 20 17 20 38 44 25 37 36 25 28 20 35 24 14 37 35 32 20 6 23 19 18 9 42 21 29 36 40 21 16 17 31 23 36 4 20 29 16 36 24 14 22 11 19 24 25 21 16 19 18 25 40 34 35 25 22 13 21 19 18 39 43 23 25 6 27 20 22 20 35 27 27 22 11 20 29 10 22 20 24 14 12 28 30 25 27 21 7 28 14 28 24 22 13 27 21 14 10 16 26 42 16 21 23 33 14 19 21 21 15 31 38 15 21 28 27 16 29 21 25 32 33
14 72 52 51 40 34 18 47 41 10 57 37 31 13 48 22 49 9 53 45 19 38 43 32 44 44 37 65 38 62 5 15 19 8 41 23 11 44 52 38 10 43 56 19 46 13 31 11 48 49 52 47 48 55 27 25 13 36 59 50 54 54 52 30 35 42 12 34 22 59 29 43 41 45 31 0 1 41 11 64 38 30 14 4 43 39 49 28 27 44 49 26 50 43 54 39 54 63 55 38 47 25 35 29 22 33 21 14 17 36 23 49 7 44 54 45 14 48 31 32 8 18 12 63 46 39 37 51 35 17 5 39 62 50 27 36 38 59 46 25 41 57 21 44 58 46 45 33 36 44 5 35 21 11 44 44 39 57 56 48 44 7 21 46 42 36 16 37 40 23 32 16 33 27 45 45 59 50 20 28 9 42 5 11 48 40 36 39 30 17 22 49 45 49 41 46 13 9 19 22 35 30 35 50 33 34 33 43 8 61 34 51 29 10 35 46 51 31 64 44 57 22 49 9 37 18 49 41 45 36 26 14 51 64 30 44 43 18 23 38 10 42 21 37 48 18 46 25 49 55 18 52 50 29 28 19 53 49 42 50 59 51 31 47 48 20 30 38 11 57 32 46 50 50 40 53 55 18 20 46 4 13 6 36 56 41 50 50 25 33 55 33 40 56 27 30 16 24 15 26 28 48 34 30 62 13 45 15 52 21 21 40 35 17 9 50 32 19 44 37 45 31 35 20 45 18 42 64 51 18 10 64 5 57 45 28 40 33 8 25 36 18 29 29 48 42 41 35 68 52 19 21 39 28 35 62 15 32 46 17 36 53 17 11 47 21 31 28 34 15 4 26 17 4 24 20 8 5 36 6 26 51 35 13 29 31 37 33 58 43 56 56 34 50 9 47 44 48 41 48 39 38 20 20 15 45 61 50 15 59 45 49 50 32 41 21 41 50 11 20 5 45 45 49 45 48 65 46 11 41 37 13 30 28 59 38 20 51 13 38 12 31 36 24 26 23 47 41 58 54 49 50 16 39 60 52 23 30 29 43 44 55 51 19 19 21 44 37 26 51 46 35 25 11 36 9 24 26 26 39 50 48 19 47 13 19 27 28 57 35 9 33 57 44 42 13 37 14 21 38 46 42 46 32 21 9 55 45 48 49 24 38 23 5 33 12 36 17 28 42 23 21 43 46 23 19 41 49 17 26 37 36 45 48 49 19 51 44 27 20 52 11 43 2 27
13 73 52 52 41 35 18 48 42 9 58 37 32 14 48 22 50 8 53 45 19 39 44 32 45 45 38 66 39 63 5 16 19 8 41 24 11 45 52 38 9 44 56 20 46 14 31 10 49 49 53 48 49 56 28 25 14 37 60 50 54 55 52 31 35 42 13 35 22 60 30 43 41 46 31 1 0 42 10 65 39 31 14 5 44 40 49 28 28 45 49 26 50 43 55 40 55 63 56 38 48 26 36 29 22 34 21 15 18 37 23 50 8 45 55 46 13 49 31 32 7 18 12 64 46 39 38 52 36 18 5 40 63 50 28 37 38 60 47 26 42 58 21 44 59 47 46 33 37 44 5 35 22 12 45 43 40 58 56 48 45 8 22 47 42 37 17 37 40 24 33 15 34 28 46 46 59 50 21 29 9 43 4 11 49 40 36 40 31 17 22 50 46 50 42 47 13 10 20 23 36 31 35 51 34 35 33 43 8 62 34 52 30 10 35 46 52 31 65 45 58 23 50 8 37 19 49 41 45 36 27 15 51 64 31 45 43 19 24 38 9 42 22 37 47 19 47 25 49 55 18 53 51 30 28 20 54 50 42 50 59 51 31 48 49 21 31 39 10 57 33 47 50 51 40 54 56 19 21 46 5 13 7 36 57 41 51 50 26 33 56 34 41 57 28 30 16 25 15 27 29 48 35 30 63 12 45 15 52 22 21 40 36 17 10 51 33 20 45 38 45 32 36 21 45 19 42 65 52 18 10 64 4 58 46 28 40 32 8 25 36 18 30 30 49 42 42 35 68 53 20 21 40 29 36 63 16 33 47 17 37 54 18 12 48 22 32 29 35 16 4 26 18 5 25 21 9 5 37 7 26 52 36 12 30 32 37 33 59 44 56 56 35 50 10 47 45 48 41 48 40 39 20 21 14 46 62 51 16 60 46 49 50 33 41 22 42 51 10 20 6 45 44 50 46 49 66 46 12 40 37 13 30 29 60 38 20 52 13 38 13 32 36 25 26 24 48 41 59 54 49 51 17 39 61 53 23 31 30 44 44 55 51 20 20 22 45 37 27 52 47 36 26 11 35 9 24 26 27 40 51 49 20 47 12 20 27 29 58 36 10 34 57 44 43 13 38 15 21 39 47 42 47 33 22 10 55 46 49 49 25 38 23 6 34 13 37 18 28 43 24 21 43 46 24 20 42 50 17 27 38 36 45 48 49 20 52 45 27 21 52 12 44 3 27
54 33 52 37 8 15 31 15 19 43 27 45 31 35 37 30 25 49 13 6 38 21 3 17 6 16 25 26 15 24 46 34 33 44 46 29 38 40 11 17 47 20 18 34 44 35 44 52 31 45 12 34 30 18 25 22 28 31 20 26 21 16 34 14 41 31 35 22 32 19 19 38 28 20 11 41 42 0 48 27 31 25 37 39 26 10 38 29 24 22 30 29 47 46 18 8 16 28 16 45 21 23 22 32 27 10 40 37 27 29 31 27 35 26 22 6 44 15 29 31 46 42 34 27 35 27 4 13 6 26 43 12 25 39 16 6 4 19 7 32 24 26 27 20 18 41 5 18 22 15 42 30 30 30 16 40 15 19 27 8 4 41 34 6 34 9 27 26 28 18 32 43 29 17 22 5 23 19 22 17 49 4 45 40 13 4 26 31 18 32 35 29 5 26 16 19 33 33 22 23 29 28 7 22 21 29 41 37 47 22 9 18 32 49 32 45 13 31 26 5 18 25 22 47 7 27 32 16 45 34 16 30 40 27 31 25 43 30 22 39 47 41 32 8 49 31 18 40 40 23 27 12 19 16 43 23 30 27 44 17 18 23 36 12 23 30 22 23 46 24 29 20 39 34 34 16 23 25 23 23 39 53 44 38 18 33 10 37 26 43 15 17 23 17 26 31 37 28 37 21 18 24 10 12 23 40 23 38 12 28 31 24 7 43 33 12 17 23 19 6 20 33 16 22 36 24 26 25 36 30 48 24 39 18 13 18 32 42 35 19 18 28 13 27 14 19 23 33 29 18 23 32 17 20 28 23 26 24 27 39 21 14 38 30 26 22 18 19 18 26 42 32 29 38 25 22 33 45 30 38 33 17 7 53 27 19 30 29 18 31 17 29 21 49 32 29 29 40 42 48 5 37 25 29 43 40 20 11 33 20 32 22 9 11 45 34 11 14 51 24 38 43 48 13 7 15 28 44 36 39 39 36 32 28 27 24 23 33 44 34 30 11 23 25 23 18 41 18 18 31 39 14 26 14 21 16 43 13 28 34 8 30 21 25 32 20 19 23 34 14 6 19 27 34 44 45 42 30 27 7 17 11 29 38 53 33 30 16 17 27 32 28 28 24 32 31 8 30 36 10 23 15 26 22 21 39 22 26 21 12 18 28 21 38 32 33 17 34 25 5 20 23 24 42 23 28 27 36 25 28 27 21 5 27 36 24 12 32 32 27 23 32 28 42 39
12 77 48 62 48 44 20 56 51 6 61 32 42 24 47 23 59 6 59 51 17 47 50 36 52 53 39 70 47 67 9 26 19 16 36 33 11 43 59 42 2 53 61 19 43 24 26 10 58 46 60 58 58 60 37 29 22 47 66 52 58 62 53 38 32 43 22 44 22 66 39 41 42 55 38 11 10 48 0 69 49 40 13 11 54 48 48 29 38 54 50 27 47 40 60 47 60 67 63 33 57 35 45 28 25 39 18 25 22 46 24 52 18 54 58 52 8 53 31 32 4 14 15 68 46 40 44 59 42 22 6 44 67 49 33 43 44 66 52 36 44 61 24 47 65 45 52 37 39 48 14 35 31 20 49 41 44 63 59 54 51 17 21 53 41 45 26 38 41 31 42 11 43 36 55 52 64 54 27 34 12 50 10 10 57 46 37 50 40 18 32 59 52 59 51 50 15 18 28 32 45 40 42 60 42 44 30 41 13 67 42 56 39 14 35 43 58 30 69 50 63 32 59 3 43 28 50 50 42 35 33 19 50 69 41 54 40 28 33 35 2 39 32 43 43 28 55 22 47 58 22 58 54 34 24 25 55 59 39 59 65 54 29 53 58 30 40 48 3 61 42 56 49 60 39 58 59 27 30 48 14 13 14 33 62 51 58 50 35 29 63 37 43 63 37 30 14 34 14 30 33 50 42 36 68 10 48 14 59 31 22 42 42 12 15 58 42 26 48 45 48 41 39 26 44 25 43 70 52 20 15 70 10 63 54 33 40 29 13 30 39 21 35 31 57 45 51 34 73 61 28 21 49 38 45 68 23 35 56 14 45 61 27 20 57 31 35 38 44 22 13 26 20 14 34 28 16 10 46 16 25 56 43 13 39 41 37 34 65 53 62 59 44 47 19 48 54 46 38 45 45 37 24 30 10 44 68 58 25 65 55 52 57 41 38 31 46 58 9 25 11 42 40 58 52 57 70 43 22 39 34 23 29 38 63 40 26 52 8 37 19 38 38 27 29 30 46 44 65 55 48 59 23 43 66 60 19 39 39 54 50 57 60 29 30 28 54 39 37 59 53 39 35 14 32 16 20 27 28 45 59 56 29 45 10 30 27 37 64 45 17 43 60 46 52 17 43 24 19 47 56 46 56 42 28 19 59 56 51 54 32 39 28 15 44 22 46 18 30 49 32 26 45 43 28 22 51 60 25 36 47 39 52 50 49 25 59 54 26 30 55 21 53 12 24
78 9 53 58 33 41 50 35 43 64 14 54 57 61 38 47 45 71 17 22 55 46 25 34 27 38 33 5 40 3 69 60 51 69 53 55 59 43 19 29 68 42 10 52 47 61 56 75 53 46 20 57 52 10 52 41 53 56 11 23 13 25 30 40 50 35 60 48 49 18 46 42 33 42 37 64 65 27 69 0 56 51 57 61 49 35 37 43 51 45 28 44 49 51 10 33 12 6 26 54 42 50 47 45 45 32 56 63 48 54 47 24 60 50 12 22 64 17 42 42 68 60 55 4 36 33 30 25 32 48 65 26 3 38 37 30 29 14 21 58 29 12 46 24 16 43 22 33 32 22 67 39 57 54 21 44 26 9 17 20 25 66 50 21 38 36 52 35 34 43 58 62 54 43 44 26 6 17 45 37 73 28 69 60 31 26 35 56 44 52 62 50 23 47 40 21 54 57 48 49 54 54 33 40 47 55 51 41 71 7 35 14 58 74 41 49 15 43 2 22 10 51 41 69 29 53 31 40 49 43 39 51 39 1 57 48 48 56 49 47 69 46 59 29 53 57 39 54 39 13 48 17 16 36 56 46 23 48 50 35 15 19 48 18 44 56 48 48 67 11 55 42 39 55 41 12 12 50 48 25 63 77 69 47 10 58 21 36 53 54 19 33 30 11 53 44 56 55 56 39 37 23 37 36 7 60 25 57 23 54 49 31 30 62 56 27 43 46 23 32 23 59 30 44 39 48 31 9 33 50 73 10 62 12 33 37 38 53 58 40 31 49 36 41 33 26 47 43 7 34 49 49 42 47 53 6 50 36 50 57 46 23 64 55 48 48 35 46 44 49 66 47 49 62 51 47 56 69 55 63 48 14 34 76 53 45 38 40 14 54 12 19 47 51 56 29 53 42 48 51 27 44 46 56 62 43 15 24 59 9 56 19 22 38 51 60 24 31 74 45 61 47 53 31 21 35 1 48 62 44 47 62 45 55 11 32 45 29 63 41 53 34 33 43 41 42 43 26 13 25 38 30 49 27 9 31 58 39 54 57 22 22 39 51 59 44 41 33 60 29 24 32 54 56 53 70 57 45 42 26 34 28 55 40 76 60 44 43 16 52 56 53 17 27 56 53 28 56 53 35 45 24 48 48 44 64 11 49 20 17 43 36 42 63 57 58 42 53 40 24 47 44 28 45 42 47 52 58 49 54 52 32 25 26 34 46 24 56 46 53 17 57 51 66 52
48 60 75 14 24 16 42 23 14 46 57 64 7 26 63 44 16 46 40 36 49 10 32 39 30 18 49 53 17 53 42 24 44 35 66 16 43 64 37 43 48 14 47 46 67 26 60 47 11 69 37 10 11 47 13 38 30 2 46 55 51 33 62 21 60 57 27 9 45 41 15 61 53 16 25 38 39 31 49 56 0 10 44 39 10 22 64 47 13 13 58 46 71 67 48 24 45 57 33 64 17 16 10 50 41 34 51 25 37 3 45 56 31 9 52 36 50 45 49 51 45 51 40 57 61 52 29 33 29 35 43 40 55 65 34 31 32 44 37 13 51 56 40 48 42 65 35 41 47 44 37 52 18 31 45 63 42 48 58 36 32 34 47 36 58 22 25 50 53 27 8 50 6 20 14 31 52 50 32 36 42 29 41 45 26 33 50 1 16 42 19 13 34 15 17 48 40 31 25 20 4 9 27 20 12 5 59 61 39 50 25 48 11 42 53 68 42 51 55 36 47 19 19 46 33 22 60 17 67 55 30 38 66 56 8 10 65 21 19 60 47 63 18 34 71 21 19 54 65 53 38 40 49 37 57 33 59 14 66 24 43 53 54 42 16 19 13 8 48 54 7 17 65 13 58 46 53 25 23 52 35 47 38 58 47 3 35 64 15 60 39 41 50 45 13 50 46 15 45 38 38 53 23 31 50 46 51 46 34 19 44 50 32 51 37 30 16 32 48 26 49 9 41 33 61 29 52 51 64 41 40 50 40 45 23 36 56 59 38 35 43 39 31 47 25 47 10 54 56 26 25 45 15 15 5 51 30 46 10 48 11 35 24 31 13 22 40 16 13 33 37 48 40 35 17 26 35 41 3 33 49 47 25 46 10 14 54 50 43 6 45 59 10 72 32 56 7 65 64 71 33 59 37 19 49 64 44 33 24 48 7 51 35 22 66 18 40 27 47 35 39 66 69 27 37 23 57 67 28 61 59 27 51 11 57 49 34 61 49 56 34 31 47 41 41 30 66 46 44 61 65 28 32 41 48 28 54 22 10 6 38 60 21 22 20 29 17 48 14 29 33 44 14 39 62 37 54 46 44 36 25 29 20 63 47 20 47 20 41 5 34 6 59 52 4 37 35 26 48 22 14 44 12 11 31 31 52 11 50 42 26 52 35 34 6 27 15 45 44 35 22 36 51 65 38 40 5 12 28 13 5 45 31 55 63 35 33 6 49 20 53 29 7 38 54
40 57 65 23 19 10 32 22 14 36 50 54 7 18 54 34 20 38 36 30 39 9 26 30 25 18 40 50 13 48 34 16 34 28 56 8 33 54 33 35 39 15 42 36 57 18 50 39 19 60 34 19 19 42 3 28 20 9 43 47 45 32 54 13 50 47 19 5 35 39 7 52 44 17 17 30 31 25 40 51 10 0 35 30 15 17 55 37 3 15 50 36 62 57 42 19 40 52 32 54 19 6 6 40 31 25 41 19 27 8 35 48 23 14 46 30 40 39 40 41 37 41 30 51 51 43 23 30 22 25 34 32 50 56 24 24 24 41 31 8 42 50 30 40 39 56 29 32 38 37 29 42 10 22 38 54 34 43 51 32 26 26 37 30 49 16 15 41 44 17 8 40 5 11 17 26 47 43 22 26 35 24 33 35 25 27 40 11 7 32 13 19 28 20 15 41 30 22 15 10 7 3 19 23 5 7 49 51 32 46 17 42 8 34 44 58 37 41 50 30 42 9 22 38 26 13 51 15 58 45 21 28 57 51 6 15 55 13 9 50 39 53 11 27 62 13 19 44 56 47 28 35 43 27 47 23 51 20 56 24 40 46 44 36 19 11 3 9 39 48 5 18 56 21 48 40 47 15 13 44 26 39 30 49 42 13 31 55 5 50 36 32 41 41 4 40 36 7 35 29 28 45 16 22 46 37 43 36 31 9 34 41 25 41 27 28 9 22 40 20 41 8 32 23 52 19 44 48 55 31 33 47 31 41 21 27 47 49 29 25 35 29 22 37 24 39 12 45 52 26 15 35 13 6 6 47 20 36 16 39 8 32 17 21 18 12 30 7 8 23 29 38 30 27 7 16 25 33 8 25 39 41 19 38 3 7 44 41 40 14 40 52 5 63 22 48 15 56 54 61 26 49 27 11 40 55 42 30 16 44 17 44 31 14 56 12 33 26 39 25 30 56 59 25 31 22 52 58 20 51 49 19 41 4 51 40 24 53 39 47 25 22 38 31 31 20 57 38 41 53 56 27 22 33 44 27 44 14 4 16 32 52 23 13 12 20 17 39 10 28 28 35 6 30 52 29 44 37 35 29 25 27 11 54 40 13 37 11 39 6 25 5 52 43 14 27 28 17 38 17 17 36 17 4 21 23 46 17 43 36 16 43 25 25 8 18 10 35 34 29 12 26 43 56 28 30 12 21 18 5 8 36 27 47 54 25 31 16 39 11 46 20 14 30 44
24 65 39 57 39 36 7 47 43 8 48 24 38 23 35 10 51 17 48 39 6 41 39 24 41 45 27 58 39 55 17 25 6 21 28 29 3 32 47 29 12 45 49 7 33 23 18 21 52 36 48 53 52 48 32 17 15 43 54 39 45 52 40 30 22 30 21 37 9 55 32 30 30 47 29 14 14 37 13 57 44 35 0 10 47 39 36 16 32 46 38 14 37 30 47 38 48 54 52 25 49 29 38 16 12 27 9 25 11 42 11 39 16 48 46 40 8 40 19 19 13 7 5 55 34 28 33 49 31 12 11 32 55 37 22 32 33 54 41 33 31 48 11 34 53 34 41 24 26 35 18 23 28 14 36 31 31 50 46 43 40 19 9 41 29 36 20 26 28 22 39 6 39 28 47 42 51 41 17 22 21 39 17 4 47 35 25 45 32 5 31 52 41 52 43 37 5 15 20 25 41 36 32 52 36 40 20 30 20 55 32 43 36 23 22 33 46 18 57 39 51 26 51 14 32 22 37 42 32 23 22 7 38 56 37 47 30 25 26 25 14 29 30 31 34 25 47 12 36 46 10 47 42 22 15 15 43 52 29 50 54 41 17 40 50 27 33 41 11 48 38 48 37 55 27 46 46 20 23 35 15 24 20 23 50 47 47 38 30 20 51 25 30 51 32 17 3 30 1 18 20 38 33 25 56 4 35 2 48 27 9 29 30 8 8 47 34 15 35 35 35 39 27 16 32 17 31 58 39 8 22 58 10 51 45 21 28 19 8 19 27 9 24 18 48 32 44 22 61 52 20 9 41 31 40 55 15 22 50 5 39 50 28 14 50 24 23 31 36 13 17 13 8 13 28 20 10 18 42 17 13 43 33 23 34 33 25 21 53 48 50 46 37 37 14 35 49 35 28 35 34 26 12 26 7 33 56 47 23 53 51 39 46 31 28 29 34 49 20 14 9 32 32 48 40 48 57 33 21 28 24 23 17 34 50 27 15 40 7 25 10 26 25 15 16 20 35 32 53 43 36 49 14 30 54 51 11 30 35 50 38 44 52 22 27 18 46 26 35 49 42 26 31 5 23 22 11 14 15 34 50 46 25 34 22 28 15 29 52 40 11 39 47 34 48 8 31 20 7 38 48 33 49 35 18 21 47 49 39 42 23 26 16 16 40 20 38 5 18 37 24 14 32 32 15 10 45 55 17 32 42 26 41 37 37 14 48 50 14 25 42 17 47 16 14
17 69 49 52 38 34 14 46 41 7 54 33 32 15 44 18 48 10 50 42 15 38 41 28 43 43 34 62 37 59 9 17 15 12 37 24 7 40 49 34 9 43 53 15 42 15 27 14 48 45 50 48 48 52 27 21 12 37 57 46 50 52 48 28 31 38 14 34 18 57 29 39 37 45 29 4 5 39 11 61 39 30 10 0 44 38 45 24 28 43 45 22 46 39 51 37 52 60 53 34 47 25 35 25 18 30 18 17 14 37 19 46 9 44 51 43 11 45 27 28 8 15 8 60 42 35 35 50 33 14 5 36 59 46 25 34 35 57 44 27 38 54 17 40 56 42 43 29 33 40 9 31 22 10 41 40 36 54 52 45 42 10 17 44 38 35 15 33 36 21 33 13 34 26 45 43 56 46 18 25 13 40 8 8 47 37 32 40 30 13 24 49 43 49 41 43 9 9 18 21 36 31 33 50 33 35 29 39 12 59 32 48 30 14 31 42 49 27 61 41 54 22 49 9 34 18 45 40 41 32 24 11 47 61 32 44 39 19 22 34 10 38 23 34 44 19 45 21 45 51 14 49 47 26 24 16 50 49 38 49 56 47 27 44 48 21 30 38 10 53 33 46 46 51 36 50 52 17 20 42 6 16 10 32 54 42 48 46 25 29 53 30 37 54 27 26 12 25 11 23 25 44 32 27 59 9 41 11 50 21 17 36 33 14 6 48 32 16 41 35 41 32 32 18 41 16 38 62 48 14 14 61 1 55 44 25 36 29 4 22 32 14 26 25 47 38 41 31 65 51 18 17 39 27 35 59 13 29 46 13 36 51 20 10 47 21 28 28 34 13 8 22 13 5 24 18 6 9 37 8 22 48 33 16 29 31 33 29 56 44 53 52 34 46 8 43 44 44 37 44 36 34 16 20 12 41 58 48 16 57 46 45 48 31 37 22 38 49 13 17 1 41 41 48 43 47 62 42 13 37 33 15 26 29 56 34 17 48 10 34 9 29 32 21 22 21 43 37 56 50 45 49 14 35 57 50 20 29 30 44 41 51 50 18 21 19 44 33 28 49 44 32 25 7 32 13 20 22 23 37 49 47 19 43 15 21 23 27 55 35 7 33 53 40 43 9 35 14 17 37 45 38 46 32 19 12 52 46 45 46 22 34 20 7 35 13 36 13 24 40 22 18 39 42 20 16 41 50 15 26 37 32 43 44 45 16 49 45 23 20 48 11 43 6 23
54 52 74 12 18 13 44 15 7 50 51 64 15 32 61 45 7 52 33 30 51 7 26 37 23 11 47 46 12 46 48 30 46 42 66 22 47 62 30 40 53 7 40 48 66 32 61 53 6 68 29 9 5 41 18 38 33 11 39 51 45 25 59 20 60 54 33 11 47 33 16 60 51 8 23 43 44 26 54 49 10 15 47 44 0 16 62 47 16 4 54 46 70 67 41 18 38 51 24 65 8 20 10 50 42 31 53 32 39 10 46 51 36 1 46 30 53 40 49 50 51 54 43 50 58 49 25 25 25 37 48 36 48 63 33 27 27 36 31 21 48 50 41 44 34 63 28 39 44 40 43 51 24 35 41 62 39 41 52 30 25 40 48 29 56 18 29 49 51 27 16 53 13 21 6 24 46 45 33 35 49 23 47 49 19 29 48 9 16 45 26 6 27 6 10 44 43 36 28 23 11 15 23 11 12 12 59 59 46 43 22 42 18 48 52 67 35 50 47 30 40 23 10 52 29 27 57 10 66 54 30 41 64 49 16 1 64 27 22 60 53 62 24 31 71 27 11 55 63 47 40 33 44 35 59 35 55 6 65 15 35 48 55 36 7 25 15 7 53 48 13 8 63 9 56 39 47 28 25 48 41 53 44 58 40 10 28 61 20 61 31 39 47 38 18 50 49 21 48 38 37 49 20 29 43 50 47 49 27 24 45 48 29 54 40 23 14 33 44 22 45 17 38 34 59 31 50 43 60 43 46 42 45 37 16 35 54 60 42 34 41 41 30 46 17 43 4 54 48 17 27 46 9 17 10 44 33 44 3 51 9 27 31 35 4 24 38 17 12 35 43 49 42 41 21 28 39 47 10 39 49 41 22 52 16 14 52 49 36 7 38 54 11 71 36 53 4 64 63 70 29 58 39 25 53 63 36 25 30 40 8 47 28 20 65 25 36 19 53 36 44 65 69 19 31 15 50 66 34 60 59 33 51 17 51 47 35 57 52 55 38 29 45 41 41 31 64 42 37 56 62 20 34 38 41 19 57 20 16 10 33 55 12 26 26 30 8 46 22 21 26 42 20 43 63 43 56 47 44 31 16 21 26 61 54 26 47 20 34 10 38 12 53 48 8 40 32 31 50 17 5 40 3 13 32 37 46 2 46 36 26 50 35 40 14 33 11 47 43 30 24 37 48 64 38 42 5 11 31 19 8 43 25 52 60 36 26 7 49 25 48 34 4 44 55
52 40 60 27 2 7 34 8 9 43 36 51 22 30 46 33 16 47 19 15 41 12 11 23 9 8 32 33 5 32 44 30 36 40 53 23 39 47 17 25 47 10 26 37 51 31 49 50 22 53 17 25 21 27 19 25 27 22 26 35 30 16 43 10 47 39 31 14 35 23 13 45 36 11 11 39 40 10 48 35 22 17 39 38 16 0 47 34 17 13 39 33 55 53 26 3 24 37 16 51 13 17 13 37 30 16 43 32 29 20 34 36 33 17 31 15 46 24 35 37 45 45 35 36 43 34 10 14 10 27 42 20 34 47 19 12 12 24 16 25 32 35 30 29 22 49 13 25 30 24 40 37 25 29 25 48 23 27 37 16 10 38 37 14 42 3 24 34 36 18 23 45 20 13 13 10 32 29 22 21 47 7 43 41 9 13 33 22 11 35 29 20 12 17 7 28 35 31 20 19 20 20 9 14 12 21 46 45 44 30 8 27 24 47 38 53 21 37 34 15 26 20 14 46 14 23 41 6 52 40 18 32 49 35 23 15 50 25 18 46 47 48 26 15 57 26 9 44 48 32 30 19 29 22 47 24 39 18 51 11 23 33 42 21 15 25 14 14 46 33 20 12 48 24 42 24 32 22 19 32 37 51 42 45 26 24 15 46 20 49 19 24 32 24 19 37 40 22 38 25 23 34 6 15 30 42 32 39 15 22 34 32 14 45 33 12 9 24 28 6 30 25 23 24 44 23 34 31 45 33 45 30 39 25 7 22 40 48 35 22 26 31 16 33 10 28 13 40 36 14 21 35 8 14 19 31 25 30 18 42 12 16 32 29 17 18 24 13 10 27 39 36 32 36 19 20 33 43 21 35 37 26 7 50 19 11 38 35 24 21 24 38 13 57 30 38 20 49 49 55 14 44 28 24 45 48 25 14 28 27 23 31 14 8 52 28 20 11 49 26 38 50 55 10 16 9 36 52 32 46 45 32 38 21 36 32 25 42 45 41 30 15 30 29 28 20 49 27 24 41 47 12 26 23 28 13 46 10 20 24 17 39 14 21 27 21 10 31 26 12 12 27 20 35 50 42 45 34 32 16 12 10 24 46 51 27 35 12 22 18 32 19 38 33 22 32 16 27 39 1 14 24 16 13 21 35 31 17 30 21 17 35 24 36 23 30 8 37 30 14 17 26 33 50 26 31 18 26 23 21 17 28 11 36 45 26 14 23 37 22 32 29 19 40 43
59 46 16 73 45 49 32 52 55 43 25 20 61 53 1 28 62 52 40 36 32 56 39 26 43 54 15 42 50 38 52 54 31 56 18 54 39 7 42 22 47 56 36 30 10 54 25 56 67 9 43 70 67 33 54 28 43 63 42 16 27 50 9 44 18 8 52 55 28 47 49 8 11 57 40 49 49 38 48 37 64 55 36 45 62 47 0 21 53 59 11 23 12 15 33 44 36 33 51 20 58 50 55 21 29 31 31 56 34 61 27 15 49 63 27 37 41 28 18 18 49 35 38 35 4 13 37 47 37 35 46 27 36 1 31 35 35 44 36 59 15 25 30 19 45 6 38 23 18 24 53 15 55 43 24 8 24 36 22 38 40 54 28 37 7 45 46 14 12 39 62 38 60 44 59 42 33 24 36 29 56 42 52 40 50 34 15 65 49 33 59 66 39 63 53 22 37 46 42 47 61 58 39 59 53 61 20 7 56 40 40 28 61 58 15 12 36 19 39 35 38 49 59 49 33 48 8 52 12 14 35 35 3 36 61 61 12 52 48 14 49 11 57 32 16 53 55 27 2 26 33 39 25 28 27 35 16 64 14 55 45 20 20 31 61 53 52 57 46 28 60 58 2 70 10 33 27 44 45 16 50 59 55 16 37 67 43 3 53 23 45 24 15 39 55 20 34 55 35 28 27 16 43 34 41 39 17 35 45 52 29 15 33 37 41 47 49 36 20 41 19 62 24 34 5 40 13 44 6 32 58 44 45 40 50 29 10 22 42 31 21 33 34 21 52 20 58 15 44 55 43 29 53 50 60 40 41 19 64 34 55 47 58 44 63 45 25 49 52 38 52 24 32 48 51 41 42 53 62 50 24 29 40 59 56 50 13 17 44 66 38 20 54 14 45 10 65 5 13 14 34 12 32 52 39 6 46 45 52 39 68 20 42 43 16 57 28 51 55 33 44 10 16 50 35 53 38 11 53 10 15 54 20 57 28 16 34 10 41 12 40 34 17 27 26 36 6 20 42 14 1 51 38 25 40 53 31 43 57 68 32 17 59 46 55 37 56 17 61 50 41 21 54 39 20 57 30 24 24 32 54 47 51 3 58 56 23 45 44 59 43 59 22 15 66 37 31 48 29 46 60 23 62 53 36 54 28 63 21 33 39 13 32 50 63 50 51 32 23 35 45 32 15 8 29 31 62 72 41 55 60 19 40 13 3 34 46 67 23 50 22 47 64 51 25
39 51 29 58 33 34 11 42 41 23 33 17 43 32 20 7 49 32 37 30 13 40 31 13 34 41 11 45 36 42 32 34 10 35 20 35 19 18 38 15 27 43 37 10 21 33 16 36 53 23 39 54 52 35 35 10 22 46 42 24 31 44 25 28 14 15 31 39 7 45 32 16 14 44 25 28 28 29 29 43 47 37 16 24 47 34 21 0 35 45 22 2 25 20 34 32 36 40 45 18 46 32 39 4 8 19 14 35 13 44 6 23 28 48 32 31 23 27 3 5 29 18 17 41 19 12 26 41 25 14 26 20 41 22 15 24 25 43 31 39 15 33 9 20 43 20 31 12 11 22 32 8 35 22 22 18 18 38 31 33 32 33 8 32 14 31 26 10 13 21 44 20 42 27 45 34 37 27 16 13 36 32 32 20 41 26 9 48 32 12 39 52 32 50 40 23 16 25 23 29 44 40 26 48 37 44 13 16 35 42 27 30 42 38 8 22 34 4 43 29 38 30 48 30 23 28 22 39 21 9 18 14 24 42 42 47 19 32 29 13 29 17 37 22 25 33 43 12 22 31 12 36 27 13 15 15 27 51 19 44 43 26 8 28 48 34 35 42 27 34 42 45 23 55 13 33 32 24 26 20 29 39 34 12 37 50 37 23 34 15 42 13 15 39 36 3 15 35 15 10 11 22 29 19 43 19 20 16 40 32 8 14 22 20 20 40 33 17 21 29 20 44 15 15 18 20 15 46 24 11 37 46 24 40 39 13 13 14 21 13 13 12 18 3 42 18 44 8 48 46 24 8 39 32 43 43 21 7 49 15 39 42 38 23 49 26 12 32 36 17 31 4 11 27 32 22 21 33 45 29 5 30 27 39 38 34 10 6 42 50 38 30 38 26 24 20 50 21 17 24 25 13 11 33 20 19 45 39 32 41 52 25 36 28 19 37 22 42 35 13 23 20 22 41 30 43 44 21 32 15 13 33 4 39 35 12 14 24 22 11 19 20 10 7 7 17 21 17 41 27 22 42 18 18 42 44 16 27 39 52 27 29 48 27 35 18 43 11 41 42 34 12 35 18 16 36 14 3 3 23 44 39 31 20 38 36 2 28 42 42 22 42 32 18 50 16 22 28 10 33 47 20 48 37 17 33 32 49 24 30 22 10 13 29 45 29 37 12 5 27 26 12 17 20 10 10 47 57 22 37 44 12 33 21 22 14 40 51 4 30 28 26 48 30 11
39 56 64 25 19 10 30 23 15 34 50 51 8 16 52 32 22 36 35 29 36 11 26 28 25 19 39 49 13 48 32 14 32 26 54 6 31 52 33 33 37 17 41 34 55 16 48 37 21 58 34 21 21 42 2 26 18 11 43 46 44 32 52 11 48 46 17 7 33 39 6 50 43 19 16 27 28 24 38 51 13 3 32 28 16 17 53 35 0 17 48 34 60 55 41 18 39 51 32 52 21 4 8 38 29 24 39 17 25 10 33 46 20 17 45 30 38 38 38 39 35 39 28 51 50 41 22 30 21 23 32 31 49 54 22 23 24 41 31 8 40 49 28 39 39 54 29 31 36 36 27 40 9 19 37 52 33 43 50 31 26 24 35 30 47 16 13 39 42 15 9 38 8 10 18 26 47 41 20 25 33 23 31 33 25 26 39 14 7 30 13 22 28 22 16 40 28 20 13 8 9 5 19 24 6 9 46 49 30 46 17 41 8 33 42 56 36 39 50 29 42 7 23 36 24 11 50 15 55 44 19 26 56 50 8 17 53 11 7 48 37 51 10 26 60 11 20 41 54 46 26 35 42 26 45 21 50 22 54 25 40 45 42 35 21 9 3 11 37 47 7 20 55 23 46 40 46 13 10 42 25 38 28 47 42 15 31 53 4 48 36 30 39 40 3 38 34 5 33 27 26 44 15 20 46 34 41 34 32 8 32 40 24 39 25 28 9 20 39 19 40 10 31 21 50 17 42 47 53 29 31 47 29 41 22 25 45 47 26 23 33 27 20 35 25 37 14 43 52 27 13 33 14 4 9 47 17 34 19 36 9 33 16 19 20 10 29 5 8 21 27 36 28 25 5 14 23 31 10 23 37 40 18 37 4 6 42 39 40 17 40 51 7 61 20 46 17 54 52 59 26 47 25 9 37 53 42 30 14 44 19 43 31 14 54 11 32 27 37 23 28 54 57 26 30 23 52 56 18 49 47 17 39 4 50 38 22 51 37 45 22 21 36 29 29 19 55 36 41 51 54 27 20 32 44 28 42 12 5 18 31 51 25 10 11 18 18 37 10 28 28 33 4 27 50 28 42 34 33 28 25 27 10 52 38 11 35 10 39 8 22 7 51 42 16 25 27 15 36 17 19 35 19 5 19 21 45 18 42 35 14 41 23 24 10 17 11 32 32 28 10 24 41 54 26 28 14 23 16 4 10 35 26 46 52 22 31 18 37 9 45 18 16 28 42
55 48 71 15 14 11 43 11 4 50 48 62 18 33 58 43 5 52 29 26 50 7 22 35 19 7 44 42 9 42 48 31 45 43 64 23 46 59 26 37 52 3 36 46 63 33 59 53 9 65 25 13 9 37 18 36 33 14 35 48 41 21 55 18 58 51 33 11 45 29 16 57 48 4 21 44 45 22 54 45 13 15 46 43 4 13 59 45 17 0 51 44 67 64 37 15 34 47 20 62 5 20 10 48 40 28 52 33 37 13 44 48 37 5 42 26 53 36 47 48 51 53 42 46 55 46 22 21 22 36 48 33 44 59 30 24 24 32 27 22 45 46 39 41 30 61 25 37 42 36 43 48 25 35 37 59 35 37 49 26 22 41 47 25 54 15 28 46 48 26 18 52 15 19 2 20 42 41 31 32 50 19 47 48 15 25 45 13 15 43 28 8 24 6 6 40 42 36 27 22 13 17 20 8 12 15 57 56 47 39 19 38 20 49 50 64 31 48 43 26 36 23 7 52 26 27 54 7 64 52 28 40 61 45 18 3 62 27 21 57 53 60 26 28 68 27 7 53 60 44 38 29 40 33 57 33 51 6 63 11 31 45 52 32 5 25 15 7 53 44 15 4 60 12 54 35 43 28 25 45 41 54 45 56 36 14 24 58 20 59 27 36 44 34 19 48 48 22 47 35 34 46 17 26 39 49 44 48 23 24 44 44 26 53 40 19 13 32 40 18 42 20 35 32 56 30 47 39 57 42 47 38 44 33 12 33 51 58 42 32 38 39 27 44 13 40 4 51 44 13 27 45 6 16 13 40 32 42 6 50 9 23 32 35 5 24 35 17 11 34 43 47 40 41 21 27 39 47 13 39 47 37 19 53 17 14 49 47 32 11 34 50 11 69 35 50 8 61 60 67 26 55 37 25 52 60 32 21 30 36 12 43 24 17 63 27 32 15 53 35 44 62 66 15 27 11 46 64 34 57 57 34 49 18 47 44 33 54 52 52 37 26 42 39 39 29 61 39 33 53 59 16 33 35 37 15 55 18 17 14 29 51 9 25 27 29 4 43 24 17 22 39 20 42 61 44 55 45 42 28 12 17 26 58 55 27 45 18 30 12 38 14 50 45 12 39 28 31 48 13 2 37 4 13 30 38 42 5 42 32 25 47 34 40 17 33 9 45 41 26 23 35 45 61 36 40 8 14 30 20 10 40 21 48 57 34 22 11 47 25 44 34 8 44 53
61 36 26 66 37 43 32 44 48 45 15 28 56 51 11 28 54 54 30 27 34 49 30 21 34 45 12 32 43 28 53 52 32 55 26 50 40 16 32 15 49 49 25 31 20 52 31 58 60 20 33 63 59 23 49 26 41 57 32 6 17 40 5 37 25 9 50 49 29 37 44 15 9 49 33 49 49 30 50 28 58 50 38 45 54 39 11 22 48 51 0 24 22 24 22 37 26 23 42 27 50 45 48 23 28 25 34 54 32 55 27 5 47 55 17 27 44 18 19 19 51 38 38 25 9 10 30 38 30 33 48 19 26 11 27 28 27 34 27 54 8 16 29 10 35 15 29 19 14 15 52 15 51 41 15 17 16 26 12 28 31 53 30 28 12 37 42 13 10 35 57 41 54 39 51 33 23 13 33 25 57 33 53 41 41 26 13 58 43 33 56 58 29 55 45 12 37 44 39 43 55 52 32 51 47 56 26 14 56 30 34 18 56 59 17 22 26 20 29 26 27 45 51 51 26 45 4 45 22 18 30 35 12 27 55 53 21 49 43 21 51 19 53 24 25 50 47 31 13 16 32 29 14 24 32 33 6 56 23 46 35 10 24 21 53 50 47 51 48 17 54 50 12 63 14 23 17 41 41 7 49 61 55 22 26 61 34 9 48 29 35 19 9 29 50 21 36 50 37 25 23 6 36 28 31 41 8 37 36 48 29 10 26 40 40 38 43 34 11 33 10 57 18 32 12 37 8 34 7 32 58 34 45 30 42 25 12 28 42 27 16 32 28 20 43 12 51 18 34 47 40 30 46 44 54 30 39 17 56 37 48 37 56 42 55 41 21 43 45 36 51 25 32 47 46 38 42 54 56 50 26 19 33 60 51 44 14 17 33 59 28 10 48 24 43 3 58 15 21 24 26 17 30 49 42 16 36 35 50 29 61 10 33 36 24 54 19 42 57 31 44 20 26 42 26 44 28 21 51 18 21 52 22 52 18 12 32 4 43 15 38 28 14 25 24 32 16 13 32 5 12 42 36 17 30 44 35 37 52 62 23 8 50 43 52 34 48 13 56 41 32 16 49 39 27 56 34 24 23 24 45 38 48 12 59 53 23 39 34 53 41 53 12 7 60 37 23 46 32 38 52 15 55 47 32 52 18 55 11 23 35 12 29 49 57 48 44 33 21 26 40 30 8 18 27 30 56 65 39 51 54 14 32 3 8 32 36 60 24 46 12 45 56 51 29
38 52 31 57 33 33 9 41 40 22 34 19 41 30 22 5 48 30 37 30 12 39 31 13 34 40 13 46 35 43 30 32 9 33 21 33 17 20 38 16 26 42 37 8 22 31 16 35 52 25 39 53 51 36 34 9 20 44 43 25 32 44 27 27 15 17 29 37 5 45 31 18 16 43 24 26 26 29 27 44 46 36 14 22 46 33 23 2 34 44 24 0 27 22 35 32 37 41 45 19 45 30 38 5 6 19 13 33 11 43 4 25 26 47 33 31 21 28 5 7 27 16 15 42 21 14 26 41 24 12 24 20 42 24 14 24 25 44 31 38 17 34 7 21 43 22 32 12 13 23 30 10 33 20 23 19 19 39 32 33 32 31 7 32 16 31 24 12 14 20 42 18 41 26 44 34 38 28 15 13 34 32 30 18 40 25 11 46 31 10 37 51 32 49 39 24 14 23 21 27 42 38 25 47 35 42 14 18 33 43 26 31 40 36 10 23 35 6 44 29 39 29 47 28 23 26 24 38 22 11 17 12 26 43 40 45 20 30 28 15 27 18 35 21 26 31 42 12 24 33 10 36 29 13 15 14 29 50 20 44 43 27 9 29 47 32 34 40 25 35 40 44 25 54 15 34 33 22 24 22 27 37 32 13 38 49 38 25 33 16 42 13 16 39 35 5 13 34 14 9 11 24 28 19 44 18 21 14 40 31 6 15 22 18 18 40 32 15 22 28 22 42 15 13 20 18 17 47 26 9 35 46 22 40 39 12 15 15 19 12 14 10 18 4 41 19 42 10 49 46 22 6 38 31 42 43 19 8 48 14 38 42 36 21 48 25 12 30 35 15 29 3 9 25 30 20 19 31 44 27 4 31 27 37 37 33 12 8 43 49 38 32 37 28 22 22 48 23 19 26 24 14 9 31 19 21 46 38 30 41 51 26 37 27 20 35 22 42 34 11 21 22 24 41 30 42 45 23 30 17 14 31 5 37 37 13 13 26 20 13 17 19 12 5 6 16 23 19 42 29 24 42 16 19 42 44 15 26 38 51 27 30 47 25 33 17 42 13 39 42 33 13 34 16 17 34 14 1 2 24 44 39 30 22 36 34 2 27 42 41 20 40 33 20 49 14 22 26 9 32 46 21 47 35 15 31 34 48 25 31 20 12 11 27 43 27 35 10 5 28 25 10 18 22 8 8 45 55 20 35 42 13 33 23 24 12 39 50 4 28 29 24 47 28 11
59 57 5 81 54 57 34 62 63 42 35 15 67 56 12 30 71 52 50 46 32 63 49 33 52 62 23 53 58 49 53 58 32 57 11 60 40 8 52 31 46 65 47 31 5 57 21 56 75 3 53 78 75 44 60 34 47 70 53 27 38 60 20 51 15 17 55 62 30 58 56 10 20 66 47 50 50 47 47 49 71 62 37 46 70 55 12 25 60 67 22 27 0 8 43 53 47 44 61 14 67 56 62 23 32 39 29 59 37 68 29 26 51 71 38 47 40 38 22 21 49 34 39 45 14 21 46 57 45 39 47 36 47 11 38 44 44 55 46 64 24 37 33 30 56 7 48 31 26 35 54 20 60 46 34 8 33 47 32 48 49 55 29 47 14 53 50 22 20 45 68 37 67 51 67 52 44 34 41 36 57 51 53 40 59 44 22 72 56 34 64 74 48 72 61 32 38 49 48 53 68 64 47 69 60 68 17 11 57 51 49 39 66 59 19 4 47 22 50 45 49 55 68 49 42 53 19 61 5 17 41 38 11 48 67 69 8 56 53 13 48 9 61 40 5 57 64 25 10 37 36 50 35 35 24 40 26 73 9 64 56 31 20 41 69 58 59 65 45 39 66 67 10 78 14 44 38 49 50 27 51 59 56 15 48 74 53 13 59 19 56 32 25 50 61 22 35 60 36 34 34 27 51 42 52 39 27 36 56 57 31 24 42 36 43 57 56 41 31 50 29 68 33 39 12 44 22 55 17 34 59 55 46 51 59 35 16 19 43 37 30 36 41 25 61 30 66 17 55 65 48 31 61 56 67 51 45 26 72 34 62 57 62 47 71 51 32 55 59 42 53 26 35 49 57 47 45 54 69 53 25 40 49 59 63 57 18 21 54 73 49 31 62 2 48 21 73 8 10 3 43 13 36 57 38 8 57 55 56 50 76 31 52 51 10 62 37 61 55 38 45 6 8 60 45 62 48 5 56 11 14 57 22 63 38 24 39 20 40 15 43 42 25 31 31 42 7 30 53 25 11 61 42 34 51 63 29 50 63 76 42 28 68 51 60 43 64 25 66 60 51 29 60 40 16 58 28 26 28 41 63 57 56 10 57 61 26 52 55 66 45 66 33 25 74 40 40 52 30 54 69 33 71 60 41 56 39 71 32 43 46 20 37 51 69 53 59 33 28 44 50 37 25 6 34 34 70 80 46 61 67 28 50 24 15 39 56 75 25 55 33 50 71 52 24
52 59 10 78 52 54 28 60 60 36 38 8 63 51 14 25 68 44 51 45 25 60 47 30 51 60 22 55 55 51 46 52 26 51 4 55 33 9 52 29 39 62 48 25 5 52 14 49 72 8 53 74 72 46 55 29 41 66 54 29 40 59 23 47 9 17 49 58 24 58 52 9 20 63 44 43 43 46 40 51 67 57 30 39 67 53 15 20 55 64 24 22 8 0 45 51 48 46 61 7 65 52 58 18 27 37 23 53 32 64 23 28 45 67 40 46 33 39 18 17 42 26 33 48 16 20 44 56 43 33 40 35 49 15 35 42 42 56 45 59 24 39 28 30 56 9 47 28 24 34 47 17 54 40 34 8 32 49 35 47 48 49 23 47 14 50 45 20 19 41 63 29 62 47 64 50 46 36 36 33 50 49 46 33 58 42 20 68 52 28 58 71 47 69 59 33 32 43 43 48 64 60 45 66 56 64 11 10 50 52 46 40 62 52 15 4 47 17 52 44 50 50 66 41 40 48 21 58 3 13 37 32 15 50 62 66 3 51 49 8 41 6 56 39 5 52 62 19 13 39 31 50 37 32 17 35 29 70 2 62 56 33 14 41 67 53 55 61 38 41 62 64 14 75 12 45 40 44 45 28 45 52 49 9 49 70 53 17 54 12 56 29 24 51 56 18 28 55 29 29 30 29 48 38 53 32 28 29 55 52 25 23 39 29 37 56 53 36 31 47 30 64 30 35 13 39 22 56 20 28 52 57 39 52 57 32 15 11 37 33 28 30 38 21 60 29 63 13 57 64 44 25 58 52 63 53 40 23 69 27 59 57 56 41 68 46 29 51 56 36 46 20 30 43 52 42 39 47 65 46 20 41 46 51 58 54 16 18 55 70 50 33 58 7 42 23 69 11 4 5 41 9 31 52 30 9 58 54 51 52 72 32 52 48 2 56 36 60 48 33 38 5 3 59 44 60 51 5 50 8 8 51 17 58 41 23 34 24 32 13 37 39 23 27 27 37 10 29 54 28 14 59 37 32 53 61 22 47 59 72 41 31 66 47 54 38 62 23 61 59 50 27 55 34 9 51 20 21 23 39 62 56 51 12 50 55 20 48 55 62 39 61 35 26 70 34 38 47 23 52 66 33 68 56 37 50 41 68 33 43 42 19 32 45 65 48 56 27 24 43 46 32 25 7 30 28 66 76 41 56 63 26 49 26 18 34 55 71 19 50 35 44 68 45 17
68 18 48 51 24 33 41 28 35 54 12 47 48 51 32 38 38 61 10 13 46 38 17 24 19 31 25 12 31 8 59 51 42 59 47 46 49 37 13 19 58 35 4 42 41 51 48 65 46 41 14 50 45 1 43 31 43 48 10 17 6 20 26 31 43 29 50 40 39 16 36 36 26 34 27 54 55 18 60 10 48 42 47 51 41 26 33 34 41 37 22 35 43 45 0 25 5 11 22 47 35 40 39 37 36 22 47 53 38 46 38 18 50 42 7 13 55 7 33 34 59 51 45 10 30 26 20 19 22 38 55 16 9 33 27 20 19 13 12 49 22 10 36 16 14 37 13 24 24 13 57 31 47 44 12 38 17 4 14 12 16 56 41 12 32 27 42 27 27 33 49 52 46 33 36 18 6 10 35 27 63 19 59 50 24 17 27 48 35 42 52 43 14 40 32 13 45 47 38 39 46 45 24 34 38 47 43 35 61 9 25 5 49 64 33 43 7 35 10 13 6 41 35 59 19 43 25 32 43 35 29 42 34 10 48 40 42 47 39 40 59 40 49 19 47 48 32 45 34 8 38 9 9 26 48 36 19 41 44 29 13 13 40 8 37 47 39 40 58 8 46 35 34 48 34 2 8 40 39 18 53 67 59 40 5 50 15 31 43 46 15 23 22 7 44 35 47 45 47 30 28 17 27 26 10 51 17 47 17 45 39 23 20 52 46 20 34 36 15 23 16 50 21 34 33 38 24 13 28 40 63 13 52 8 26 27 31 45 48 30 22 39 26 32 26 17 39 35 14 29 39 40 34 38 45 9 40 27 42 48 38 18 54 45 41 38 25 37 36 39 56 38 40 52 42 37 47 59 47 53 39 5 24 66 44 36 31 32 12 47 6 16 39 45 46 23 45 36 41 45 17 37 36 46 53 37 14 17 49 7 48 13 14 28 44 50 14 25 64 35 51 41 47 24 12 28 11 42 52 37 40 52 36 45 10 24 35 24 54 34 43 24 25 33 32 32 37 17 10 21 33 24 39 17 8 26 49 30 45 50 12 19 33 41 49 34 33 24 51 23 16 22 44 46 46 60 48 36 33 16 28 21 45 34 66 50 35 33 13 44 46 45 15 19 48 43 18 46 43 27 38 15 41 39 34 54 6 41 13 7 33 28 32 53 49 49 34 43 31 14 37 34 21 39 33 38 44 51 39 45 43 23 17 20 30 36 17 48 37 43 11 47 44 56 44
52 39 58 30 1 9 33 10 12 42 34 49 24 31 44 32 18 47 18 13 40 14 8 21 7 10 30 32 8 30 44 30 35 41 51 24 38 45 15 23 46 13 24 36 49 32 47 50 24 51 16 27 23 25 20 24 26 23 25 33 28 16 41 10 45 37 31 16 34 22 14 43 34 13 10 39 40 8 47 33 24 19 38 37 18 3 44 32 18 15 37 32 53 51 25 0 22 35 16 50 15 18 15 36 29 14 42 33 28 21 33 34 33 19 29 12 45 22 34 35 45 43 34 34 41 32 8 13 9 27 42 18 32 45 18 10 10 23 13 26 30 33 29 27 21 47 12 23 28 22 40 35 25 28 23 45 21 25 35 14 9 38 36 13 40 3 24 32 34 17 25 44 22 13 15 8 30 27 22 19 47 6 43 40 10 11 31 24 12 33 30 22 11 20 9 26 34 30 20 19 22 21 7 16 14 23 45 43 44 28 6 25 26 47 36 51 19 35 33 13 24 20 16 46 12 23 39 9 50 39 17 31 47 33 24 17 48 26 18 44 47 46 27 13 55 27 11 42 46 30 28 17 26 20 46 24 37 20 49 13 22 31 40 19 17 25 16 16 46 31 22 14 46 27 40 23 30 22 19 30 37 51 42 43 24 26 14 44 21 47 18 22 29 23 21 35 39 23 38 23 22 31 6 14 28 41 29 39 14 23 33 30 12 45 33 11 10 23 26 4 27 26 21 23 42 22 32 30 43 32 45 29 38 23 8 20 38 46 35 21 24 29 15 31 10 25 15 38 34 15 21 34 10 15 21 29 25 28 20 40 13 15 33 29 19 19 22 14 12 26 39 35 30 36 20 20 32 43 22 35 36 24 6 50 21 13 36 34 22 24 22 36 15 55 30 35 22 47 47 54 11 42 27 25 44 46 24 13 29 26 25 29 13 7 50 29 18 12 49 24 37 49 53 11 14 11 34 50 33 44 43 32 36 22 34 30 24 40 44 39 29 13 28 27 26 19 47 25 23 39 45 12 25 20 26 14 45 9 22 26 15 37 16 21 28 20 12 29 28 12 10 25 22 34 48 42 44 33 30 14 13 10 25 44 51 28 33 12 21 20 31 21 36 30 24 31 14 27 38 2 16 22 19 15 21 35 29 19 28 19 16 33 23 36 25 30 9 36 28 12 17 25 30 48 25 30 20 29 23 22 20 26 9 34 42 25 13 25 35 22 30 29 21 40 42
68 18 51 48 22 30 42 24 32 55 16 50 45 50 36 39 35 62 6 11 48 35 14 25 16 28 28 11 29 9 59 49 43 58 50 44 50 40 9 21 59 32 2 43 44 50 50 65 42 45 9 46 41 4 41 32 42 45 7 21 10 16 30 29 46 32 49 37 41 12 34 39 29 31 26 54 55 16 60 12 45 40 48 52 38 24 36 36 39 34 26 37 47 48 5 22 0 14 18 50 31 39 36 39 37 22 49 52 39 43 39 22 49 39 11 10 56 9 35 36 59 52 46 12 33 28 19 15 21 38 55 17 11 37 28 19 18 9 9 47 25 15 37 19 9 41 11 25 26 15 56 34 46 44 15 41 18 4 18 9 14 55 43 10 35 24 41 30 30 33 46 53 43 32 33 15 9 13 34 27 63 17 58 51 20 15 30 45 33 43 51 40 12 37 29 16 45 47 37 38 43 43 22 30 35 44 46 38 61 8 24 9 47 63 36 46 4 37 11 11 3 40 31 60 18 42 29 28 46 38 29 42 38 12 46 37 45 45 38 42 60 43 48 18 50 46 28 47 38 13 39 6 12 27 50 36 23 38 47 25 9 17 42 8 33 45 37 37 58 12 43 31 37 45 37 4 12 39 37 21 53 67 59 43 3 46 11 35 41 49 10 24 24 3 42 37 48 44 48 31 28 20 25 25 8 52 21 48 13 43 40 25 20 54 46 16 32 36 18 21 19 48 22 35 36 37 27 11 32 41 62 10 52 4 23 28 34 48 48 30 23 40 26 34 22 20 36 38 14 25 38 41 31 36 42 8 40 29 39 49 35 14 53 44 37 37 26 35 33 39 56 39 40 51 40 36 47 59 44 52 40 8 22 66 42 34 34 34 8 44 2 20 36 49 46 26 42 40 45 49 16 40 37 44 54 40 11 13 48 5 45 16 11 26 48 49 15 21 64 35 51 44 50 20 10 24 13 45 51 41 43 51 38 43 14 27 35 28 55 36 43 24 27 34 33 32 41 20 7 25 37 20 39 19 6 22 51 28 43 47 11 23 29 40 47 34 30 27 49 19 13 24 42 46 49 59 50 37 35 15 24 17 44 38 66 48 37 31 9 41 46 42 19 23 45 43 18 45 45 24 34 17 37 36 34 53 10 38 16 6 32 31 33 52 46 48 31 44 32 13 35 35 24 42 33 39 41 47 39 43 41 25 14 24 33 36 13 45 39 42 15 46 41 56 46
76 14 48 61 35 43 48 37 45 61 9 50 58 60 33 44 48 69 19 23 53 47 27 32 29 41 30 11 42 8 68 60 49 67 49 56 56 38 22 26 66 45 12 49 42 61 52 73 55 42 22 59 54 10 53 39 52 58 15 18 10 29 24 41 46 31 60 50 46 22 46 37 29 44 37 63 63 28 67 6 57 52 54 60 51 37 33 40 51 47 23 41 44 46 11 35 14 0 30 50 44 50 49 42 43 31 53 63 46 56 45 19 59 52 9 23 61 15 38 39 66 57 53 3 31 30 30 28 32 46 63 24 5 33 36 30 29 19 22 59 26 8 44 20 20 38 24 31 29 20 65 35 57 53 19 39 24 11 12 21 27 65 48 23 34 37 51 31 30 43 59 59 56 43 46 28 5 14 43 35 71 30 67 58 33 26 32 58 45 49 62 53 25 50 42 18 52 56 47 49 56 55 33 43 48 57 47 36 70 11 35 12 59 72 37 44 17 40 7 23 12 51 44 67 28 52 26 42 44 39 38 49 33 5 58 50 43 56 49 43 67 41 59 28 48 57 41 51 35 9 46 19 13 34 52 44 18 51 45 38 19 15 44 17 47 56 49 49 65 7 56 44 34 58 36 13 8 49 48 21 62 75 68 43 12 60 24 31 53 50 22 30 26 14 54 40 54 55 54 37 35 19 37 35 12 58 21 54 25 54 46 27 30 59 54 29 44 45 20 33 20 60 28 43 34 47 27 14 27 47 71 15 60 15 36 35 33 49 56 39 28 47 35 38 35 23 49 39 12 37 48 47 44 48 55 10 49 33 52 55 48 26 64 53 50 48 32 47 46 48 65 44 47 60 51 46 55 68 57 62 44 13 34 75 54 46 35 36 18 57 14 13 49 46 55 24 55 37 44 46 27 39 44 56 59 38 20 26 58 12 58 16 24 38 47 60 22 34 72 43 59 42 48 33 22 37 6 43 61 40 43 61 41 55 6 29 44 24 61 37 51 34 30 40 39 41 38 23 17 19 34 33 47 25 13 34 55 40 55 60 21 16 42 50 59 43 43 29 61 32 26 29 54 54 49 69 53 42 40 25 37 30 55 35 74 60 41 43 20 54 54 55 11 23 58 51 27 55 50 37 47 22 50 49 43 63 8 51 16 17 42 32 40 61 59 58 44 50 37 24 46 43 24 40 40 45 54 61 48 55 54 29 26 21 30 44 26 58 43 53 13 56 54 64 49
68 29 66 33 15 22 47 11 20 58 33 61 36 46 51 46 20 63 13 16 54 24 15 33 12 15 39 23 20 24 60 45 49 56 62 38 53 54 10 32 62 19 19 50 58 47 60 65 28 59 9 32 27 21 34 38 42 34 16 37 27 2 45 26 57 45 47 28 48 9 28 52 42 17 25 55 56 16 63 26 33 32 52 53 24 16 51 45 32 20 42 45 61 61 22 16 18 30 0 61 17 33 26 48 43 26 56 48 42 32 47 38 48 25 28 15 60 24 45 46 61 58 49 28 48 41 20 5 22 41 57 26 26 52 32 22 20 13 16 40 38 32 43 32 11 55 14 34 37 27 56 45 40 44 28 54 29 20 35 14 14 53 50 14 48 19 39 41 42 32 37 58 33 28 19 11 26 29 37 33 62 14 59 55 8 20 41 32 27 48 44 25 14 22 17 30 49 46 36 34 32 34 21 14 27 34 56 51 60 20 22 25 39 62 47 60 16 47 25 17 18 35 16 62 23 39 45 18 59 49 31 46 53 27 37 23 58 41 34 54 62 56 42 24 64 42 14 56 53 30 43 13 28 32 59 39 39 23 59 10 12 33 52 21 19 40 29 26 61 29 34 17 52 29 49 20 29 38 35 35 52 67 57 54 19 34 9 50 35 59 8 33 37 16 34 47 53 37 52 37 34 36 22 28 20 56 35 53 6 38 47 38 23 59 48 6 25 38 31 18 33 38 31 37 50 38 40 20 48 46 61 19 54 16 11 34 46 58 50 35 33 44 29 43 9 32 23 49 25 8 36 48 20 30 31 21 40 39 25 55 25 5 48 44 23 34 34 29 25 41 55 48 45 51 35 35 48 59 33 51 49 24 20 66 34 27 45 44 13 30 17 37 27 63 46 41 28 54 57 62 21 52 41 40 59 54 12 7 44 19 31 32 9 23 60 43 25 6 65 39 53 58 63 7 17 10 27 59 48 53 54 48 48 35 32 38 38 44 59 49 45 27 38 41 39 33 55 32 14 42 52 5 40 29 18 6 59 25 35 33 20 39 13 37 42 35 17 38 41 5 12 34 36 49 60 58 58 46 43 22 9 7 40 52 67 43 46 27 11 31 47 32 36 37 32 46 24 43 52 17 20 29 23 28 36 51 28 24 31 19 32 43 37 51 36 45 22 50 41 18 33 39 37 56 39 44 28 33 39 36 30 36 13 39 49 39 6 31 48 38 32 45 27 56 55
45 62 15 75 51 52 24 59 59 30 42 1 59 46 19 21 67 39 52 45 19 58 47 29 50 59 23 57 54 53 40 48 22 45 3 51 28 13 53 30 33 61 50 20 11 47 7 43 70 14 54 72 70 48 52 27 37 63 56 32 42 60 27 45 5 19 45 56 20 60 50 13 22 62 42 38 38 45 33 54 64 54 25 34 65 51 20 18 52 62 27 19 14 7 47 50 50 50 61 0 64 49 56 15 24 36 17 49 28 61 20 31 40 65 42 46 27 41 17 15 36 21 28 51 20 22 43 57 42 30 34 35 52 20 33 41 42 58 46 55 26 42 25 32 58 15 47 28 25 36 42 17 50 36 35 12 33 51 39 48 48 44 19 47 16 49 41 21 21 38 60 24 59 45 63 50 48 38 33 31 44 49 40 27 57 42 21 65 50 24 54 69 48 68 57 35 27 38 39 45 61 56 43 65 54 61 6 14 44 55 44 42 58 46 15 10 49 15 55 44 52 47 65 36 39 44 25 56 9 13 35 28 20 53 59 64 8 47 46 8 35 9 52 38 10 48 60 13 18 41 27 51 39 30 11 32 33 68 6 62 58 35 10 43 65 49 52 59 32 44 58 63 20 73 14 47 42 40 42 30 40 46 44 8 51 67 53 22 51 6 57 29 26 53 53 15 23 52 24 27 29 31 46 37 56 26 30 24 55 48 21 25 39 23 32 56 51 33 33 46 32 60 30 32 17 36 24 59 25 24 46 59 34 54 57 30 17 6 32 31 28 26 36 19 59 30 61 13 60 63 40 20 57 49 60 55 36 22 67 21 56 57 51 37 67 43 28 49 54 33 41 17 25 38 49 39 34 41 62 41 16 43 45 46 55 51 16 17 57 67 52 37 55 14 37 26 67 16 7 12 41 11 27 48 25 14 60 55 46 54 70 35 52 46 5 52 37 59 42 29 33 10 7 58 45 60 54 11 45 10 7 47 14 55 44 24 31 28 27 14 32 37 24 24 24 35 15 31 55 32 19 59 33 33 55 61 16 45 56 69 42 35 65 43 50 35 60 24 57 59 50 27 51 29 3 46 15 18 21 40 61 56 47 17 43 51 18 45 57 59 34 58 39 28 67 30 38 42 18 51 64 34 66 54 34 45 43 66 35 45 39 19 30 40 61 43 54 22 22 43 43 29 27 13 27 25 64 74 37 53 61 26 49 29 22 30 56 69 16 46 37 40 65 40 12
59 45 72 17 14 14 45 8 7 52 46 63 22 36 58 45 4 55 26 25 52 10 21 35 17 5 45 38 11 39 51 35 47 47 65 26 49 60 23 37 56 5 33 48 63 37 61 57 12 65 23 15 11 35 22 37 36 18 32 47 39 18 55 20 59 51 37 15 47 26 19 58 48 2 22 47 48 21 57 42 17 19 49 47 8 13 58 46 21 5 50 45 67 65 35 15 31 44 17 64 0 23 13 49 42 29 54 37 39 17 46 47 40 9 40 24 56 34 48 49 54 55 45 43 55 47 22 18 23 38 51 32 41 59 31 24 24 29 25 27 44 45 41 40 27 61 23 37 42 35 47 49 29 38 36 60 35 34 47 24 20 44 49 24 54 15 32 46 48 28 22 55 19 22 3 18 40 39 33 33 53 18 51 51 12 25 45 17 18 45 32 9 22 6 7 39 45 39 30 26 17 21 21 4 15 19 58 57 50 36 20 37 25 53 50 65 29 49 41 25 33 26 3 55 26 30 53 8 64 53 29 42 61 42 23 7 62 31 25 58 56 60 30 27 69 31 4 55 60 42 41 26 39 34 59 35 50 7 63 8 28 44 54 31 3 29 18 11 56 42 20 1 60 14 54 33 41 31 28 44 44 58 48 57 33 18 21 58 24 61 23 36 44 31 22 49 50 26 49 37 35 45 18 27 36 52 43 50 20 28 45 44 26 56 43 16 15 34 40 18 41 24 35 34 56 33 46 36 57 44 51 35 48 31 9 34 52 60 44 34 38 41 28 45 10 39 8 52 41 9 29 46 8 20 17 37 35 42 9 52 12 19 36 38 6 27 36 20 14 37 47 48 42 44 24 30 42 51 18 42 49 35 19 57 21 17 50 48 28 14 31 49 14 69 39 49 12 61 61 68 25 56 39 29 55 60 29 19 34 34 15 42 21 19 64 31 32 11 57 37 47 63 67 12 26 8 43 64 38 58 57 37 50 22 45 44 35 53 55 53 40 27 43 40 40 31 61 39 30 52 59 12 36 34 34 12 57 20 22 17 28 50 5 29 31 31 4 43 28 13 20 39 24 45 62 48 57 46 43 27 9 15 30 59 58 31 47 21 26 16 41 18 48 44 15 42 28 34 50 14 4 36 7 16 32 41 40 8 41 30 27 48 35 43 21 36 11 48 42 25 25 37 44 62 38 42 12 17 33 24 15 40 20 48 56 36 19 15 48 28 43 37 11 47 55
36 56 60 29 19 11 26 24 17 31 48 48 11 14 49 28 25 33 35 28 33 14 25 25 25 20 36 49 14 47 29 13 29 24 51 6 28 49 33 31 34 19 40 30 52 14 44 34 24 54 34 25 24 41 4 23 14 15 42 44 42 33 50 10 44 43 14 10 30 40 5 47 40 21 14 25 26 23 35 50 16 6 29 25 20 17 50 32 4 20 45 30 56 52 40 18 39 50 33 49 23 0 10 35 25 22 35 15 21 14 29 44 18 20 43 29 34 36 34 36 32 35 24 50 47 38 20 31 19 20 29 28 48 51 19 21 22 41 30 9 38 47 25 37 39 51 28 28 33 34 24 37 8 16 35 49 31 42 48 30 26 22 31 29 44 15 10 36 39 12 12 34 11 8 21 26 45 40 16 22 31 23 28 30 26 24 35 17 7 27 13 25 27 24 18 37 25 17 10 4 13 8 17 26 9 13 43 46 28 45 15 39 11 31 38 53 35 35 49 28 41 3 25 33 23 7 47 17 52 40 16 22 52 50 11 20 50 9 3 45 33 48 9 24 56 9 22 38 51 44 23 34 40 23 41 17 48 25 50 26 40 42 39 33 24 8 5 14 34 45 10 22 52 27 43 38 44 9 7 40 22 35 26 43 41 19 31 50 3 44 36 27 37 40 5 35 30 6 29 23 23 42 14 18 46 31 39 30 32 5 28 37 22 36 21 29 9 16 37 18 38 13 28 18 47 13 39 47 50 25 29 46 26 40 23 22 42 44 23 20 30 23 18 32 26 35 16 39 51 29 9 29 15 4 12 46 14 31 22 33 12 33 15 16 23 6 26 5 10 17 24 32 24 22 2 10 20 28 14 20 33 38 17 34 7 7 39 35 40 20 39 48 9 57 17 44 20 51 48 56 24 44 22 7 34 50 42 30 12 43 22 40 31 13 50 11 30 28 34 20 25 51 54 27 29 25 51 52 16 46 44 15 35 7 48 35 18 49 33 41 19 19 33 25 26 15 51 34 40 49 51 28 16 30 43 29 39 11 8 22 29 49 27 7 10 14 20 34 11 29 27 31 4 24 46 26 38 31 29 26 27 27 7 49 36 10 32 8 39 12 19 10 49 39 20 22 25 12 32 17 22 33 22 7 15 19 43 22 39 34 11 38 20 21 13 14 13 29 29 27 6 20 38 51 23 25 17 27 12 6 13 32 26 43 49 19 31 22 33 6 43 14 19 25 38
46 52 66 20 15 7 35 16 8 41 48 55 10 23 54 36 15 43 31 26 42 4 23 30 21 12 40 45 8 44 39 22 37 34 58 13 37 55 29 34 44 9 38 39 58 24 52 44 15 60 29 16 14 39 9 30 24 10 38 46 42 27 53 12 52 47 24 2 38 34 7 52 44 12 16 35 36 22 45 47 10 6 38 35 10 13 55 39 8 10 48 38 62 58 39 15 36 49 26 56 13 10 0 42 33 24 44 24 30 8 37 46 28 10 43 27 44 36 41 42 42 45 34 48 51 42 20 25 19 28 39 30 46 56 25 21 22 36 28 14 41 47 32 39 34 56 26 32 37 35 34 43 16 26 36 54 33 39 48 28 23 31 39 27 49 13 20 41 44 19 11 44 8 12 11 22 44 40 24 27 41 20 38 39 19 24 40 10 7 35 19 15 25 14 10 39 34 27 19 14 7 8 17 17 3 9 50 52 38 42 15 39 13 40 44 59 33 42 46 27 38 13 16 43 24 17 51 9 58 46 22 32 57 47 11 10 56 18 13 51 43 54 17 25 63 18 13 46 56 44 31 31 40 28 50 26 50 15 57 18 35 44 46 33 14 16 5 4 44 45 8 13 56 17 49 37 44 19 16 42 32 45 35 50 38 13 27 55 11 52 31 32 40 36 9 42 40 13 38 29 29 44 13 21 42 41 41 39 26 15 36 41 23 45 31 23 6 24 38 17 40 13 31 25 52 22 43 43 54 34 38 42 36 37 16 27 47 52 33 26 34 32 22 38 18 37 6 46 48 20 18 37 7 8 6 43 23 37 12 42 2 27 23 26 13 15 30 8 4 26 34 40 33 32 12 19 30 38 9 30 41 38 16 44 8 5 45 42 36 12 36 50 1 64 27 47 11 56 55 62 24 50 30 16 44 55 37 25 21 40 14 42 26 13 57 18 31 20 44 27 35 57 61 20 27 17 48 59 25 52 51 25 42 10 48 40 26 52 43 47 28 22 38 33 32 22 57 36 36 51 55 21 25 32 40 22 48 13 9 14 29 50 17 17 18 22 11 39 15 22 24 35 11 33 54 35 47 38 36 26 19 22 17 54 45 18 39 11 34 5 29 7 49 42 12 31 26 22 41 13 12 34 12 3 23 28 43 12 41 32 18 43 27 31 11 24 6 38 35 26 14 28 42 57 30 33 8 18 21 11 6 36 23 46 53 27 26 13 40 16 43 24 10 35 46
39 54 26 61 37 37 12 45 44 23 35 14 45 34 20 8 52 32 40 32 12 44 34 16 37 44 13 48 39 44 32 36 11 35 17 37 19 17 41 18 27 46 39 10 19 35 13 36 56 21 42 57 55 37 38 13 24 49 45 25 33 47 25 31 10 15 33 42 7 48 35 15 15 47 28 29 29 32 28 45 50 40 16 25 50 37 21 4 38 48 23 5 23 18 37 36 39 42 48 15 49 35 42 0 10 22 12 37 15 47 7 25 29 51 34 33 22 30 4 4 29 16 17 43 18 13 29 44 28 16 26 23 43 22 18 27 28 46 34 42 17 35 11 22 46 19 35 14 13 25 33 8 37 24 25 16 21 40 32 36 35 34 8 34 14 35 28 11 13 24 46 19 45 30 48 37 39 29 19 17 36 35 32 19 44 29 10 51 35 12 41 55 35 53 43 25 16 26 25 31 46 42 29 51 40 47 9 14 36 45 30 32 44 38 7 19 37 3 46 31 41 33 51 29 26 31 22 42 18 7 21 16 23 44 45 50 16 34 32 11 29 14 39 25 22 35 46 9 21 33 13 39 30 16 12 18 28 54 16 48 46 28 5 31 51 36 38 45 26 35 44 48 22 59 12 36 34 27 28 22 30 39 35 9 40 53 41 22 37 12 45 15 16 41 39 2 14 38 15 13 14 24 32 22 46 19 21 15 43 35 9 15 25 18 21 43 36 19 23 32 22 46 18 18 17 22 16 49 24 12 38 48 25 42 43 16 12 11 21 16 16 13 22 5 45 20 47 6 50 49 26 8 42 35 46 45 23 10 52 14 42 45 39 25 52 29 15 34 39 19 32 3 13 28 35 25 23 33 48 31 4 32 31 39 41 37 9 6 45 53 41 32 41 24 25 20 53 20 14 22 28 11 14 35 19 18 48 42 34 43 55 27 40 31 16 39 25 46 35 15 24 18 20 45 33 46 46 19 33 13 10 35 1 41 37 14 17 25 21 10 20 23 13 10 10 20 20 20 44 28 21 45 20 21 44 48 14 30 42 55 30 30 51 29 37 21 46 13 44 45 37 15 38 18 13 37 12 4 6 27 47 42 34 19 37 38 3 31 45 45 23 44 33 20 53 18 25 30 9 36 50 22 51 39 20 34 34 52 26 33 25 11 15 30 47 31 40 12 8 31 29 15 18 18 13 11 50 60 24 39 47 14 36 22 21 16 43 54 2 32 29 28 51 31 8
34 54 36 52 30 29 5 38 36 19 37 23 36 25 28 4 45 27 37 29 12 35 29 12 32 37 16 47 32 44 26 26 7 28 26 28 14 25 37 17 23 38 38 8 28 26 20 31 47 31 38 49 47 37 29 6 15 39 43 29 34 42 31 22 20 22 24 33 6 44 26 23 20 40 20 22 22 27 25 45 41 31 12 18 42 30 29 8 29 40 28 6 32 27 36 29 37 43 43 24 42 25 33 10 0 17 13 28 6 38 5 28 20 42 34 30 19 29 11 12 24 16 11 44 25 18 24 39 21 7 21 20 43 30 11 22 23 43 30 32 20 37 1 23 43 27 30 13 15 24 25 15 28 15 25 25 20 39 35 32 30 26 8 31 22 27 18 16 19 15 37 17 36 22 40 32 40 29 10 11 30 30 26 15 38 24 15 42 27 7 32 47 30 45 35 26 10 18 16 22 37 33 23 44 31 37 18 23 29 44 23 32 35 32 15 29 35 11 45 28 39 23 43 25 21 21 28 34 28 16 13 8 31 45 35 41 26 25 22 20 25 24 30 20 32 26 39 14 29 34 4 36 30 11 18 8 32 46 26 41 43 30 14 29 43 26 29 36 22 37 35 41 30 50 20 35 35 17 19 25 22 34 27 19 39 44 36 29 28 20 41 13 19 39 30 10 12 29 11 7 9 27 24 16 44 15 24 12 38 25 4 19 20 18 13 38 28 10 24 26 24 37 15 8 25 13 20 47 31 5 31 47 18 40 36 10 20 19 14 9 15 5 15 8 39 21 38 15 50 43 17 5 34 26 37 44 13 11 44 13 33 40 30 16 44 20 11 25 31 10 24 8 5 20 25 15 15 26 39 23 8 32 24 33 32 28 17 13 42 44 39 35 32 33 17 25 44 28 24 31 23 20 4 26 17 26 45 37 25 42 46 28 35 24 25 30 22 40 30 6 17 27 29 39 29 39 46 28 25 22 19 26 11 32 39 17 8 30 19 18 11 16 15 3 5 12 28 20 42 32 29 40 10 19 43 42 17 22 32 46 26 34 44 20 28 12 38 16 34 39 32 15 28 12 22 29 16 6 5 23 41 37 24 27 32 29 7 22 42 36 15 35 36 23 44 10 20 20 9 29 42 22 43 30 10 25 35 43 28 31 16 17 7 22 38 22 31 8 7 26 20 5 22 27 4 3 41 51 14 30 38 15 31 26 29 7 38 45 8 23 31 19 42 24 14
46 39 44 42 15 19 21 23 25 34 27 36 31 30 30 20 32 40 21 13 28 25 13 7 16 24 17 32 20 30 38 30 23 37 37 27 29 32 20 10 38 26 23 24 35 31 34 44 37 37 21 39 36 23 25 12 21 33 27 23 22 26 29 13 32 24 29 25 22 28 19 30 20 27 9 33 34 10 39 32 34 25 27 30 31 16 31 19 24 28 25 19 39 37 22 14 22 31 26 36 29 22 24 22 17 0 30 32 17 31 21 23 29 32 23 13 35 16 20 21 38 32 25 31 28 19 8 23 6 17 34 8 30 32 6 6 6 27 14 31 17 26 17 16 26 33 14 9 14 13 35 21 28 23 14 32 10 25 27 16 14 34 24 14 26 14 21 18 20 12 32 33 30 15 28 15 27 19 13 7 42 14 37 30 22 8 18 34 19 23 33 35 14 33 23 17 24 25 17 20 31 28 8 30 22 31 31 29 40 29 10 19 32 42 22 37 19 22 32 12 25 22 30 39 5 22 27 22 36 25 8 21 34 31 31 30 34 26 20 30 39 32 30 4 41 27 25 30 33 24 18 20 19 6 33 15 27 34 35 26 27 22 26 15 30 27 22 27 37 25 30 28 33 39 26 20 24 19 18 19 32 46 38 29 24 36 20 31 25 33 25 8 17 24 26 21 28 26 27 11 8 21 12 5 30 31 18 28 22 25 21 17 3 34 25 22 18 15 16 11 17 33 8 13 29 16 19 32 30 20 41 31 31 25 21 8 24 33 27 9 10 19 5 17 24 14 28 24 35 28 18 22 22 20 30 29 19 14 33 29 24 24 34 23 32 18 8 19 21 18 35 22 20 30 22 16 25 38 32 31 23 19 10 45 27 20 22 20 26 35 23 28 24 41 25 23 34 33 33 40 7 28 16 26 33 32 29 21 28 27 37 20 19 12 36 31 9 24 43 14 30 35 39 23 13 24 33 36 30 30 30 31 22 28 28 16 14 28 34 25 22 3 15 15 13 10 34 13 26 28 32 24 17 9 28 26 33 12 28 38 11 28 30 20 29 13 25 15 33 24 16 11 26 25 34 39 32 20 17 7 26 21 25 31 45 30 20 15 26 29 25 29 28 19 35 22 5 25 26 15 30 11 32 23 13 33 23 32 19 16 12 20 12 31 33 27 20 24 15 10 17 14 18 34 13 18 32 41 18 27 30 13 15 22 30 15 22 37 22 23 22 25 33 34 29
30 65 32 64 43 41 10 51 49 13 46 16 45 30 30 11 57 23 49 41 3 47 42 24 45 50 24 58 44 55 24 33 8 29 20 37 11 25 49 28 17 50 49 7 26 31 10 27 59 29 50 60 58 48 39 19 23 50 55 37 44 55 36 35 14 26 29 44 9 57 38 24 26 52 33 21 21 40 18 56 51 41 9 18 53 43 31 14 39 52 34 13 29 23 47 42 49 53 56 17 54 35 44 12 13 30 0 33 15 49 10 36 24 54 45 42 11 40 15 15 20 5 13 54 29 25 37 52 34 17 18 32 54 32 24 35 36 56 42 41 28 46 14 33 55 27 43 24 24 35 25 19 36 21 35 24 31 51 44 44 43 27 7 43 24 40 27 22 25 27 46 8 46 33 53 45 50 40 21 24 28 43 24 11 51 37 22 52 38 9 39 58 43 57 48 36 12 23 26 32 48 43 36 57 42 47 12 24 28 55 36 43 44 30 18 25 47 14 56 40 51 33 56 20 34 30 33 47 24 17 26 14 32 55 45 53 23 32 33 18 19 22 37 33 27 33 51 4 30 44 14 48 40 24 7 19 39 58 22 54 55 39 11 41 56 34 40 48 16 47 45 53 31 61 22 46 45 27 29 33 23 30 27 16 50 54 49 32 37 12 53 25 28 51 39 13 6 38 8 20 22 35 37 29 56 10 33 7 51 34 9 27 33 7 16 51 40 21 34 39 34 46 27 20 26 23 27 59 34 11 30 58 17 52 49 23 23 12 16 22 26 13 28 16 52 31 50 17 61 56 27 8 46 37 47 56 22 20 56 5 45 53 36 22 56 30 23 37 42 19 25 10 12 22 35 26 18 25 49 25 9 43 37 30 42 39 20 17 55 55 50 43 43 30 22 32 55 28 21 28 36 19 16 34 9 26 58 50 31 53 57 38 48 36 21 37 34 53 26 18 17 25 24 52 41 52 57 26 29 21 17 31 13 41 48 25 19 36 11 20 18 29 24 16 17 24 28 31 54 39 30 53 20 31 54 55 4 34 42 57 39 41 56 29 35 24 51 24 42 52 45 25 38 13 15 29 3 12 14 35 54 50 32 28 28 36 12 34 54 47 19 45 44 31 55 15 33 27 4 42 54 33 55 42 22 29 45 55 37 43 28 22 20 24 48 28 44 7 17 39 30 18 30 26 17 13 52 62 24 39 48 25 44 34 32 18 51 56 10 32 40 25 54 23 7
23 70 63 39 34 26 26 39 31 23 59 48 18 3 55 30 38 21 49 42 30 27 39 34 39 35 42 63 29 61 17 3 28 10 51 11 23 53 47 40 24 33 54 29 55 2 43 22 36 58 48 35 36 54 16 28 14 23 56 53 54 48 58 24 45 49 5 23 30 54 20 51 47 35 27 14 15 37 25 63 25 19 25 17 32 32 56 35 17 33 54 33 59 53 53 33 52 63 48 49 37 15 24 37 28 32 33 0 23 24 31 53 9 32 55 42 28 48 38 39 21 31 21 63 53 45 34 46 32 22 19 39 61 57 28 34 35 55 43 12 46 58 27 46 54 55 42 36 41 44 12 42 9 14 45 52 41 55 58 44 40 9 31 43 49 30 12 43 46 21 19 29 21 21 35 40 58 51 22 30 17 37 16 24 41 37 42 26 22 26 8 37 41 38 33 48 22 11 16 15 23 18 31 41 23 22 43 51 14 59 29 51 16 17 42 56 49 39 63 41 55 13 39 22 35 11 54 32 55 44 25 22 58 63 17 33 52 8 15 47 23 51 9 35 58 7 37 36 56 56 24 49 51 31 40 21 57 37 52 41 54 53 40 46 37 9 20 27 25 57 20 36 57 38 47 51 56 14 15 49 11 22 13 45 54 28 46 57 14 44 51 36 45 54 15 38 27 12 26 30 31 51 28 28 60 25 48 26 46 10 29 45 34 30 17 44 24 21 47 33 47 18 37 23 52 18 47 61 58 26 15 60 18 54 38 30 47 43 18 27 39 24 28 36 41 44 30 43 65 44 15 29 30 19 23 60 15 38 34 29 26 48 3 13 35 16 34 20 25 19 12 34 25 13 14 17 15 16 24 9 34 51 30 21 17 22 44 40 55 31 53 59 23 60 12 52 32 56 50 58 37 47 25 9 28 54 56 45 5 57 32 51 45 27 52 7 41 43 22 24 17 54 55 42 43 40 64 55 4 49 46 3 38 16 60 43 22 57 27 45 17 30 41 30 31 23 56 43 55 58 56 43 19 40 57 44 35 25 17 31 42 58 41 13 7 21 35 42 13 44 42 39 13 20 47 12 36 33 33 38 42 42 9 54 22 7 34 22 53 23 15 21 59 48 29 20 36 9 31 32 35 43 34 22 22 6 55 34 50 47 21 44 26 10 21 7 27 27 34 40 17 25 47 54 28 26 29 37 16 14 25 40 40 52 56 23 46 31 35 11 53 10 31 13 38
30 56 41 49 29 26 6 37 34 17 40 27 32 20 33 8 42 24 38 30 13 32 29 15 31 35 21 49 29 46 22 21 8 23 30 23 12 31 37 21 21 36 40 9 33 21 23 28 44 36 38 45 43 39 25 8 10 35 44 33 37 41 36 20 24 26 19 29 9 45 23 28 25 37 18 17 18 27 22 48 37 27 11 14 39 29 34 13 25 37 32 11 37 32 38 28 39 46 42 28 39 21 30 15 6 17 15 23 0 34 9 32 16 39 38 30 18 32 16 17 21 17 8 47 31 23 23 39 21 2 17 22 46 35 12 22 23 44 31 28 25 40 5 27 43 33 31 16 19 27 21 20 23 10 28 30 23 41 39 33 30 21 10 31 27 26 14 21 24 12 32 17 32 19 38 32 42 33 7 12 26 29 22 13 37 25 20 38 23 7 27 44 31 43 33 29 7 12 12 18 33 29 22 42 27 33 23 28 25 45 22 34 30 27 20 34 36 16 48 29 41 19 41 22 22 16 33 32 33 21 12 4 36 47 31 38 30 20 18 25 22 29 25 21 36 21 37 17 34 38 2 37 33 13 21 5 37 43 31 40 44 34 19 31 41 22 25 33 20 40 31 38 35 47 25 37 38 13 15 29 17 30 23 23 40 40 37 35 23 24 41 16 24 41 25 15 11 24 11 9 11 31 23 15 46 14 28 12 38 20 8 23 20 18 9 37 25 6 27 25 28 32 18 5 30 8 25 49 36 5 26 48 15 42 34 11 25 23 10 9 19 3 14 14 38 25 35 20 52 41 13 8 32 22 33 46 9 16 41 14 30 40 25 11 41 15 14 22 27 5 20 12 4 15 21 11 10 22 35 18 13 34 23 29 27 25 22 18 43 40 40 39 29 38 11 30 40 33 29 36 24 25 3 21 17 32 46 37 19 44 43 32 36 22 30 25 25 39 27 4 13 32 34 38 30 38 49 33 20 27 24 21 16 27 42 21 4 35 17 23 7 16 19 8 9 9 33 24 43 37 34 39 5 22 44 41 19 20 28 42 28 38 42 15 23 9 36 20 29 39 32 18 24 8 26 25 18 11 11 24 39 36 19 32 29 24 12 19 43 32 10 31 40 27 40 5 22 15 12 28 39 25 40 27 8 21 38 40 31 33 13 22 6 17 34 17 29 9 12 27 16 4 26 32 6 4 37 47 10 25 34 19 31 31 33 3 38 42 13 18 35 14 39 19 18
46 58 72 16 22 14 39 22 13 43 55 61 6 24 61 41 16 44 38 34 46 9 29 36 28 17 47 52 15 51 40 21 42 34 63 14 40 61 35 41 45 14 45 43 64 23 57 45 13 66 35 12 13 46 10 35 27 2 45 53 49 32 60 18 57 54 25 7 43 40 13 59 51 15 22 36 37 29 46 54 3 8 42 37 10 20 61 44 10 13 55 43 68 64 46 21 43 56 32 61 17 14 8 47 38 31 49 24 34 0 42 53 29 9 50 33 47 43 47 48 43 48 37 55 58 49 27 31 26 33 40 37 53 62 31 28 29 42 34 12 48 54 37 46 40 62 33 39 44 42 35 49 16 29 43 60 40 46 55 35 30 31 44 34 55 20 22 48 50 24 6 47 3 18 14 29 51 47 29 33 41 27 39 42 25 31 47 4 13 40 17 14 32 15 15 46 38 29 23 17 1 7 24 20 9 3 56 58 38 48 22 46 9 40 50 65 40 48 53 34 45 16 19 44 31 20 57 15 64 52 28 35 64 54 7 10 62 19 16 57 45 60 16 32 69 19 18 51 62 51 35 38 47 34 54 30 57 15 63 23 41 51 51 40 16 17 10 7 46 52 4 16 63 15 55 44 51 22 20 49 33 45 36 56 45 6 33 61 12 57 37 38 47 43 10 47 43 13 42 35 35 51 20 28 49 44 48 43 33 16 41 47 30 48 34 29 13 29 45 24 47 8 38 30 58 26 50 49 61 39 38 48 38 43 22 34 53 57 36 32 41 36 28 44 24 44 9 52 54 25 22 42 13 13 2 49 27 43 11 46 8 33 22 28 13 19 37 13 11 30 35 45 37 33 14 23 32 39 1 31 46 45 23 44 8 12 51 48 42 8 43 57 8 70 29 54 9 63 61 68 31 56 35 17 47 62 43 32 22 46 10 49 33 19 63 17 38 26 44 32 37 63 66 26 35 22 55 65 26 58 56 24 48 9 55 46 31 58 46 53 32 28 44 38 38 27 63 43 43 58 62 27 29 39 46 27 52 19 8 9 36 57 21 20 17 27 16 45 12 28 31 41 12 37 59 35 51 44 42 33 24 28 18 61 46 18 44 17 40 3 32 4 56 49 7 34 33 23 45 19 14 41 12 9 28 28 50 12 48 40 23 49 32 32 5 25 12 42 41 33 19 33 48 63 35 38 6 14 25 11 3 43 30 53 60 32 32 9 46 18 50 26 8 36 51
34 56 32 57 34 34 5 42 41 18 38 19 40 28 26 2 49 27 40 32 9 39 33 15 35 41 16 49 36 46 26 30 5 30 22 32 13 23 40 19 22 43 40 5 25 29 15 31 52 27 41 53 51 39 33 10 18 44 45 29 35 46 30 27 15 20 27 37 2 48 31 21 19 44 25 23 23 31 24 47 45 35 11 19 46 34 27 6 33 44 27 4 29 23 38 33 39 45 47 20 46 29 37 7 5 21 10 31 9 42 0 29 23 47 36 33 17 31 9 10 24 13 12 45 24 17 28 43 26 10 21 23 45 28 16 25 27 46 33 36 20 38 5 25 46 25 34 15 16 26 27 13 32 18 27 22 22 42 36 35 34 28 4 34 20 32 22 15 18 19 41 15 40 26 45 36 42 31 14 14 31 34 26 14 42 28 14 46 31 7 35 51 34 50 40 28 11 20 20 26 42 37 27 48 35 42 14 21 30 46 27 34 39 32 13 25 37 8 48 31 42 27 48 24 25 25 27 39 24 14 17 10 29 47 39 46 22 28 27 17 24 20 33 24 28 29 43 10 26 36 8 39 32 15 13 13 32 50 22 45 46 31 10 32 48 30 33 40 21 38 39 45 28 54 17 37 37 21 23 25 23 34 29 15 41 48 40 28 32 15 44 16 20 42 34 7 10 33 10 10 13 28 29 20 47 14 25 10 42 29 2 19 24 15 15 41 32 14 25 30 25 41 18 13 23 17 20 50 29 6 32 49 19 43 40 13 18 15 16 13 17 7 19 8 43 23 43 13 52 47 21 3 39 30 41 47 17 12 48 10 38 44 33 19 48 24 14 30 35 14 26 4 7 21 29 20 17 27 43 25 4 34 28 33 36 32 15 11 45 49 41 35 37 30 19 25 48 26 20 28 27 17 8 29 15 24 48 41 28 44 51 29 39 28 22 34 25 44 30 10 18 24 25 43 32 43 48 25 27 19 16 29 8 36 40 17 12 30 17 15 14 21 15 6 8 16 26 22 45 32 27 44 14 22 45 46 13 26 37 50 30 34 48 24 31 16 43 16 38 44 36 16 32 13 17 31 11 4 5 26 45 41 28 24 32 32 5 27 45 40 17 39 37 23 48 12 24 24 6 33 46 24 47 35 15 28 37 48 29 34 20 16 11 24 42 25 36 6 8 30 24 10 22 24 9 5 45 55 18 34 42 16 35 27 27 11 42 50 5 27 32 22 47 25 9
62 32 30 63 34 40 33 40 45 46 11 31 54 50 15 29 51 55 26 23 36 46 27 20 30 42 13 27 40 23 54 51 33 55 30 49 41 20 29 13 50 46 21 33 23 51 34 59 57 24 29 60 56 19 47 25 40 55 27 1 13 36 8 35 28 12 49 47 30 33 41 19 10 46 31 49 50 27 52 24 56 48 39 46 51 36 15 23 46 48 5 25 26 28 18 34 22 19 38 31 47 44 46 25 28 23 36 53 32 53 29 0 47 52 13 24 45 14 21 21 52 40 39 21 12 12 27 34 27 33 48 16 22 15 26 25 25 30 23 53 9 12 29 8 31 20 25 18 13 12 53 18 50 41 11 21 14 22 9 25 28 53 31 25 15 35 42 14 12 33 55 42 52 37 48 30 18 9 32 24 58 30 53 42 37 23 15 56 41 34 54 55 26 52 42 8 38 44 38 42 53 51 29 47 44 53 29 18 57 26 31 13 54 59 19 25 22 22 25 23 23 44 48 52 23 44 8 42 26 20 28 35 16 23 53 51 25 48 42 24 52 23 52 22 30 49 44 33 17 11 32 25 10 23 34 32 5 53 27 42 31 6 26 18 49 48 45 48 49 14 52 47 16 60 18 19 12 40 39 4 49 61 55 25 22 58 30 13 47 32 31 18 9 25 48 23 38 49 38 24 23 3 33 27 27 42 5 39 32 47 30 10 24 42 40 34 40 33 8 30 7 55 16 31 16 36 9 30 11 32 58 30 46 26 38 24 15 31 42 27 15 32 27 21 39 10 48 21 30 43 39 31 43 42 52 26 38 17 53 38 45 34 55 42 52 40 20 41 43 36 52 27 33 47 45 37 42 54 54 50 27 15 31 61 49 42 16 19 29 56 24 8 46 28 43 6 55 19 25 28 23 21 30 47 43 19 32 32 49 25 58 6 29 34 28 52 16 39 58 31 45 24 30 38 22 41 24 24 50 21 24 51 24 50 14 12 31 7 45 18 38 26 14 26 24 31 20 11 28 6 16 38 35 15 26 40 37 34 50 59 20 6 47 42 51 33 45 13 55 37 28 15 48 39 31 56 36 25 24 21 42 34 47 17 60 52 25 37 30 51 42 51 9 6 57 37 21 45 33 35 49 12 52 45 32 52 14 52 7 19 34 14 28 49 55 47 42 34 22 23 39 30 7 21 27 30 53 62 38 49 51 14 28 3 12 32 33 58 26 44 8 44 54 51 31
20 67 54 44 34 28 18 40 34 15 54 39 25 7 48 22 42 16 47 39 22 31 37 28 39 37 36 60 31 58 12 9 19 9 43 16 14 45 46 35 17 36 51 21 47 8 34 18 41 50 47 40 41 50 20 22 8 29 54 47 50 48 51 23 37 42 5 27 22 53 22 43 40 38 25 7 8 35 18 60 31 23 16 9 36 33 49 28 20 37 47 26 51 45 50 33 49 59 48 40 40 18 28 29 20 29 24 9 16 29 23 47 0 37 51 40 19 44 31 32 15 22 13 59 45 38 32 45 29 15 12 35 58 50 23 31 32 54 41 19 39 54 19 41 52 47 40 30 34 40 8 35 14 7 41 44 36 52 53 42 38 6 23 41 42 30 9 36 39 17 25 20 26 21 38 39 55 46 16 25 14 36 11 15 42 34 35 32 23 17 15 42 39 42 35 43 13 4 13 15 28 23 29 43 26 27 35 43 12 56 28 47 22 15 35 47 47 31 60 39 52 15 42 16 32 11 48 34 46 36 21 14 51 59 24 37 44 11 16 39 17 43 15 32 50 11 39 28 49 51 16 46 47 26 31 15 51 42 44 43 53 48 32 43 41 13 23 31 17 53 25 39 50 43 40 48 51 11 14 43 5 19 10 37 52 34 45 49 18 35 50 30 38 51 20 30 19 17 17 23 25 45 27 25 57 17 42 18 46 14 21 38 30 22 9 44 25 15 41 31 42 24 32 17 45 13 40 59 51 18 13 58 9 52 39 24 40 35 9 21 33 17 24 28 42 39 34 35 63 45 13 21 32 21 28 57 10 31 39 20 29 47 12 6 40 15 28 21 27 12 7 26 17 5 17 14 7 11 29 3 26 47 29 18 22 24 37 33 53 36 51 53 27 52 5 45 37 48 42 50 34 39 18 13 20 46 55 44 8 54 38 46 44 26 43 14 37 43 17 17 9 46 47 43 40 41 61 47 5 41 38 7 30 21 56 36 16 50 19 38 9 26 34 23 24 19 48 38 53 52 49 44 12 35 55 45 27 24 22 37 39 52 44 12 13 16 37 35 20 44 40 33 18 12 38 10 27 26 25 35 43 42 12 47 19 13 27 22 52 28 7 26 54 42 35 12 33 7 22 32 39 38 39 25 17 5 51 38 45 44 18 37 19 4 27 5 29 19 27 37 16 18 41 46 21 19 34 42 11 19 30 33 39 46 49 16 45 37 27 13 48 4 36 8 29
54 53 75 11 19 14 44 16 8 50 52 65 15 32 62 45 8 52 34 31 51 8 27 38 24 12 48 47 13 47 48 30 47 42 67 22 47 63 31 41 53 8 41 48 66 32 61 53 5 68 30 8 5 42 17 39 33 10 40 52 46 26 60 20 61 55 33 11 47 34 17 61 52 9 24 44 45 26 54 50 9 14 48 44 1 17 63 48 17 5 55 47 71 67 42 19 39 52 25 65 9 20 10 51 42 32 54 32 39 9 47 52 37 0 47 31 54 41 50 51 51 54 43 51 59 50 26 26 26 38 48 37 49 63 33 28 28 37 32 20 49 51 42 45 35 64 29 40 45 41 43 51 24 35 42 63 40 42 53 31 26 40 49 30 57 19 29 49 52 28 15 53 12 21 7 25 47 45 33 35 49 24 47 49 20 30 49 8 16 45 26 5 28 6 11 45 44 36 28 23 10 15 24 12 12 12 60 60 46 44 23 43 18 48 53 68 36 51 48 31 41 23 11 52 30 27 58 11 67 55 30 41 65 50 16 2 65 27 22 60 53 63 24 32 71 27 12 56 64 48 40 34 45 36 59 35 56 6 66 16 36 49 55 37 8 25 15 7 53 49 13 9 64 8 57 40 48 28 25 49 40 53 44 59 41 9 29 62 19 62 32 39 48 39 18 50 49 21 48 38 37 50 20 29 44 50 48 49 28 23 46 48 30 55 41 24 15 34 45 22 46 17 39 34 60 32 50 44 61 43 46 43 45 38 17 36 55 61 42 35 42 41 30 47 18 44 5 54 49 18 28 47 10 17 10 45 33 45 2 51 9 28 31 35 4 25 39 18 12 36 43 49 42 41 21 28 39 47 10 39 50 42 23 52 16 15 53 50 37 6 39 55 11 72 36 54 3 64 64 71 30 59 39 25 53 63 37 26 30 41 7 48 29 20 66 25 37 20 53 37 44 66 69 20 32 16 51 67 34 61 60 33 51 17 52 47 35 58 53 56 38 29 46 42 41 31 65 43 38 57 63 21 35 39 42 20 57 21 16 9 34 56 13 26 26 31 9 47 21 22 27 42 20 43 63 43 56 47 45 32 17 22 25 62 54 26 48 20 35 10 38 12 54 49 7 40 32 31 50 17 6 41 3 13 32 37 47 3 47 37 27 51 36 39 14 32 12 47 44 31 24 37 49 65 39 42 4 10 31 19 8 44 26 52 61 36 27 6 50 25 49 34 3 44 56
68 21 42 57 29 37 39 33 40 53 6 42 52 52 27 36 44 61 16 17 44 42 21 23 24 36 22 16 36 12 59 52 40 59 42 48 48 31 19 17 57 40 10 40 36 53 44 65 51 36 20 55 50 8 46 30 43 52 16 12 1 27 19 34 39 24 52 44 38 22 40 31 21 40 30 54 55 22 58 12 52 46 46 51 46 31 27 32 45 42 17 33 38 40 7 29 11 9 28 42 40 43 43 34 34 23 45 55 38 50 36 13 51 47 0 17 53 8 30 30 58 49 44 10 25 22 24 25 25 38 54 16 10 27 28 23 22 19 16 52 18 5 35 12 20 32 18 22 21 11 57 27 50 44 10 33 15 10 8 17 21 56 39 17 27 31 44 23 22 35 53 50 50 36 42 23 7 5 35 27 63 24 59 49 30 20 24 52 39 41 55 49 19 46 37 9 44 48 39 42 50 49 27 40 42 51 39 30 61 14 29 4 53 64 29 38 13 32 13 17 12 44 40 59 21 45 20 36 37 31 30 41 28 11 52 45 37 49 41 35 58 35 52 20 42 50 37 43 29 2 37 15 5 26 44 36 13 47 39 34 19 7 36 11 43 49 43 44 56 3 49 40 28 54 29 8 1 41 40 13 53 67 59 36 11 54 21 25 46 43 21 22 18 14 47 32 45 48 45 29 27 12 31 27 15 49 13 46 23 47 37 19 22 50 45 26 37 36 11 27 12 54 20 35 27 39 19 18 22 39 63 18 52 14 32 27 26 42 48 30 20 38 27 29 32 14 43 31 18 35 40 38 38 41 49 14 41 25 48 46 42 24 56 45 46 40 24 40 40 40 56 35 39 52 44 38 47 59 51 53 36 6 28 66 48 40 27 28 18 52 13 10 43 40 47 17 50 31 37 40 20 32 35 48 51 32 21 23 50 13 53 8 20 32 40 53 14 31 64 35 50 35 42 30 16 34 13 37 53 33 35 53 33 49 6 21 35 18 52 29 43 26 22 32 30 33 32 15 17 15 28 30 39 16 14 32 47 33 49 55 14 12 39 43 51 35 38 21 54 29 21 20 47 45 42 61 45 34 31 18 34 26 47 29 66 52 33 36 19 48 46 49 8 15 52 43 19 47 41 31 43 13 46 42 34 55 1 47 8 11 34 24 32 53 53 50 38 42 29 18 39 34 16 34 32 37 48 56 40 48 48 20 21 14 24 36 24 53 35 45 5 47 49 56 41
59 28 51 40 13 21 34 17 23 47 22 46 36 40 36 32 28 53 8 1 41 26 4 19 7 20 25 21 20 19 50 40 36 49 47 34 42 39 8 17 51 24 12 37 43 41 46 56 35 44 9 38 34 13 31 25 33 35 15 23 16 14 32 19 42 30 40 28 34 15 25 37 27 23 16 45 46 6 52 22 36 30 40 43 30 15 37 31 30 26 27 31 47 46 13 12 10 23 15 46 24 29 27 33 30 13 42 42 30 33 33 24 40 31 17 0 48 11 31 32 50 45 38 22 33 26 9 11 11 30 47 12 20 37 19 10 8 14 1 37 23 21 30 18 13 40 2 19 22 13 47 30 36 35 13 39 14 13 23 3 5 46 36 1 33 15 32 26 27 23 37 46 34 22 25 6 18 16 26 19 54 8 50 43 14 6 26 36 23 36 41 32 3 30 20 16 37 37 27 28 34 33 12 24 26 35 42 36 51 17 14 13 37 54 32 45 7 33 21 2 13 30 24 51 9 32 30 20 45 34 20 34 39 21 36 29 43 35 28 40 52 41 38 10 49 36 21 42 38 18 31 7 15 19 45 27 26 30 44 19 14 20 38 7 26 35 27 28 50 19 34 24 38 37 34 11 18 30 28 21 44 58 49 39 13 38 8 35 32 45 12 18 22 12 32 33 41 34 40 23 21 22 15 16 18 44 20 41 10 33 33 23 11 47 37 11 22 27 17 11 18 38 17 26 35 28 25 20 34 33 53 19 44 13 15 20 32 44 40 22 19 32 17 28 16 17 27 34 24 20 28 34 22 26 33 18 31 25 31 42 25 12 43 35 30 27 20 25 24 31 47 34 33 42 30 27 38 50 34 43 35 12 13 57 32 24 31 30 14 35 11 25 27 48 37 27 33 39 42 48 7 37 29 34 46 39 16 9 38 15 37 18 7 17 45 39 10 15 55 27 42 43 48 15 2 18 23 44 41 38 39 41 34 33 22 24 27 30 47 34 34 15 23 27 26 23 40 17 13 28 37 15 30 14 15 17 45 18 33 38 5 27 23 30 38 25 22 23 39 14 5 20 32 38 45 50 44 32 29 8 18 11 34 37 58 39 32 22 13 32 37 33 24 22 36 35 10 35 38 14 26 14 29 27 25 44 17 30 18 7 22 28 25 43 37 38 21 37 27 4 26 27 22 41 26 31 32 40 29 33 32 21 5 25 34 28 10 36 34 32 19 37 32 47 41
20 72 42 62 46 43 14 54 50 5 55 26 43 26 40 18 58 13 55 47 10 47 47 31 49 51 33 66 46 62 14 28 13 21 30 34 7 36 55 36 6 52 57 13 36 26 20 16 58 39 56 58 58 55 37 24 21 48 61 46 52 59 46 37 25 36 24 43 16 63 38 34 36 54 36 14 13 44 8 64 50 40 8 11 53 46 41 23 38 53 44 21 40 33 55 45 56 61 60 27 56 34 44 22 19 35 11 28 18 47 17 45 19 54 53 48 0 48 25 25 10 7 12 62 39 34 41 56 39 19 9 39 62 42 29 39 41 62 48 38 37 55 19 42 61 38 49 31 33 43 18 29 33 19 43 34 39 58 53 50 48 20 15 49 35 43 25 32 34 29 43 4 44 35 54 49 58 48 24 29 18 47 15 5 54 42 31 50 39 13 34 59 48 58 50 44 12 19 27 31 46 41 39 59 42 45 23 34 19 62 39 50 41 20 28 36 53 24 64 46 58 32 58 10 39 28 43 49 35 28 29 15 43 63 42 53 33 29 32 28 8 32 34 39 37 30 53 15 40 53 18 54 49 30 16 22 49 58 32 57 61 48 22 48 57 31 39 47 5 55 43 55 42 61 32 53 54 26 29 42 17 19 19 26 57 52 54 43 35 21 59 32 37 58 37 23 8 35 9 26 28 44 40 33 63 5 42 8 56 32 16 36 38 4 14 55 41 23 42 42 42 43 34 23 37 23 37 66 45 15 21 65 10 59 52 28 33 22 12 26 34 17 32 25 55 39 50 27 68 59 27 15 48 37 46 63 22 29 56 8 45 58 30 19 56 30 30 37 43 20 17 19 16 15 34 27 15 16 47 19 19 51 40 20 40 40 31 27 61 54 57 52 43 40 19 42 54 39 31 38 41 30 20 31 3 37 64 55 27 61 56 46 53 39 31 33 41 56 15 21 11 35 34 55 48 55 65 36 24 32 27 25 22 39 57 34 22 46 1 30 17 34 32 22 24 27 39 39 60 49 41 56 21 38 61 58 11 37 40 55 45 50 58 28 31 26 53 33 39 56 50 33 36 11 24 21 13 20 22 41 57 54 30 38 18 32 21 36 60 45 16 44 54 40 53 15 39 24 13 45 55 40 55 41 25 22 54 55 46 50 30 32 24 18 45 23 45 12 25 45 31 22 39 36 23 17 51 61 24 37 47 33 49 43 42 21 56 55 20 30 49 21 53 15 17
61 25 43 51 22 30 34 27 33 47 13 41 44 45 27 31 38 55 13 10 39 35 14 18 17 30 19 18 29 15 53 45 35 53 41 41 42 31 15 13 52 34 10 35 35 46 41 59 45 36 16 48 44 8 39 25 37 45 16 13 7 23 22 27 37 23 45 37 33 20 33 30 20 34 23 48 49 15 53 17 45 39 40 45 40 24 28 27 38 36 18 28 38 39 7 22 9 15 24 41 34 36 36 30 29 16 40 48 32 43 31 14 44 41 8 11 48 0 26 27 52 44 39 15 25 19 16 20 18 32 49 10 15 28 21 16 15 18 10 45 16 11 30 10 18 32 12 17 17 6 51 25 43 38 6 32 10 11 13 11 15 50 34 11 26 24 37 21 21 28 45 45 43 29 35 17 11 5 29 20 57 18 52 44 24 12 21 45 32 35 48 43 13 40 30 7 38 41 32 35 43 42 20 34 35 44 37 29 55 15 22 4 46 58 27 37 9 28 17 10 12 37 35 53 14 38 21 30 37 29 23 35 30 16 45 39 36 42 34 33 53 34 45 13 41 43 31 39 30 8 32 12 5 20 41 30 16 41 38 29 18 10 33 4 37 42 36 37 51 10 43 34 29 48 28 7 9 35 33 12 47 61 53 34 11 47 16 26 39 40 18 16 15 12 40 29 40 41 40 23 21 12 23 20 16 44 12 41 18 40 32 16 15 46 39 21 31 30 9 20 10 47 14 28 27 32 18 19 24 33 57 19 46 13 26 21 25 39 42 24 15 32 21 25 26 11 37 29 21 30 33 33 32 34 42 16 35 21 41 41 35 20 49 39 40 33 18 33 33 33 50 31 33 45 37 31 40 53 44 47 32 3 20 60 41 32 25 25 17 45 11 15 36 40 40 18 44 31 36 40 13 31 29 41 46 32 20 18 44 14 47 8 15 25 39 46 8 25 58 29 44 35 41 25 9 28 17 36 46 32 34 47 30 42 13 18 29 20 47 27 37 19 18 26 25 26 32 11 16 18 29 25 33 10 15 27 43 26 42 48 8 16 34 36 44 28 32 18 47 24 15 16 40 39 40 54 41 29 26 11 28 21 40 29 60 45 29 29 17 41 40 42 14 14 46 37 12 40 37 24 37 8 39 36 28 48 8 40 8 5 27 22 26 47 46 43 31 37 24 11 32 28 15 33 26 31 42 50 34 41 41 16 15 15 25 30 19 46 31 38 9 41 42 50 37
42 50 26 60 35 36 14 43 43 26 31 16 45 35 17 10 51 35 37 30 15 42 31 13 34 43 9 44 38 40 35 37 13 38 18 38 22 15 38 15 30 45 36 13 18 36 16 39 55 21 39 56 54 34 38 12 25 48 41 22 30 44 22 30 12 12 34 41 10 45 34 13 11 46 26 31 31 29 31 42 49 40 19 27 49 35 18 3 38 47 19 5 22 18 33 34 35 38 45 17 48 34 41 4 11 20 15 38 16 47 9 21 31 50 30 31 25 26 0 2 32 20 20 39 16 10 27 41 26 17 29 19 39 19 17 25 25 43 31 42 13 31 12 18 43 17 32 12 10 21 35 5 38 25 21 15 18 37 29 33 32 36 11 32 11 33 28 8 10 23 46 22 45 29 47 34 36 25 19 15 39 33 34 22 41 26 7 50 34 15 42 54 32 52 41 22 19 28 26 31 46 42 27 49 39 46 12 13 38 41 28 28 44 41 5 19 34 2 42 29 38 33 49 32 23 31 19 40 18 6 20 17 21 41 45 48 16 35 32 11 32 14 39 22 22 36 44 13 19 30 15 36 26 14 15 18 25 52 17 45 43 24 7 28 49 36 37 44 29 32 44 47 20 57 10 33 31 27 28 18 32 42 37 10 37 52 38 20 37 15 41 13 13 38 39 3 17 38 18 12 13 20 30 21 42 22 18 18 40 35 11 12 23 22 23 40 35 19 19 30 19 46 15 17 15 22 13 45 21 14 40 45 27 39 40 14 10 14 24 15 13 15 20 3 43 17 45 5 47 47 26 11 41 35 45 42 24 6 51 18 41 42 41 26 51 29 12 34 38 20 34 6 14 30 35 25 24 35 47 32 7 29 29 42 41 36 7 3 42 52 37 28 40 24 27 17 51 18 15 22 25 10 14 35 23 16 45 39 35 40 54 23 37 30 17 40 22 43 38 16 26 17 20 42 30 44 42 19 35 12 10 36 4 41 34 10 17 22 24 8 22 21 9 9 9 20 18 16 41 24 19 43 20 18 41 45 17 29 42 54 26 26 49 30 38 21 44 9 44 43 34 12 38 21 15 39 16 6 6 24 45 40 34 17 40 39 5 30 42 44 25 44 29 16 52 19 22 31 13 34 48 19 50 39 19 36 31 50 22 30 24 8 15 32 47 32 38 14 6 28 29 15 15 17 12 13 49 59 24 39 46 11 33 19 19 17 40 54 5 33 26 29 50 33 11
43 51 25 61 36 38 15 44 44 26 31 15 47 36 17 10 52 36 38 31 16 44 32 14 36 44 9 45 39 41 35 38 14 39 17 39 22 14 39 16 30 46 36 13 17 37 15 40 56 19 40 58 55 35 39 13 26 50 42 22 30 45 22 31 11 11 35 42 11 46 36 12 11 47 28 32 32 31 32 42 51 41 19 28 50 37 18 5 39 48 19 7 21 17 34 35 36 39 46 15 49 36 42 4 12 21 15 39 17 48 10 21 32 51 30 32 25 27 2 0 32 20 21 40 15 10 28 42 27 18 30 21 40 19 18 26 27 44 32 43 14 32 13 19 44 16 33 13 11 22 36 4 39 26 22 13 19 38 29 34 33 36 11 33 11 34 30 8 10 25 47 22 46 31 48 35 36 26 20 16 40 34 35 23 43 27 7 51 36 16 43 55 33 53 43 22 20 29 27 32 47 44 29 51 40 48 11 12 39 42 30 29 46 41 3 18 35 2 43 30 38 34 50 33 25 32 18 42 17 5 21 19 19 41 46 50 15 36 33 10 32 13 41 23 21 37 46 13 18 30 16 37 26 16 14 19 25 54 15 47 44 24 7 29 51 38 39 45 30 32 45 48 18 59 9 33 31 28 30 19 33 43 38 9 37 54 39 19 38 13 43 14 13 39 40 3 18 39 19 13 14 20 32 22 43 22 18 19 41 36 12 12 24 22 23 41 37 21 20 31 19 48 16 19 13 24 13 46 20 14 41 46 28 40 42 15 9 12 25 17 13 16 21 5 44 17 47 4 47 48 28 12 42 36 47 42 25 8 53 18 42 43 42 27 52 30 13 35 39 21 35 7 16 31 36 26 26 36 49 34 7 30 30 42 42 37 6 3 43 54 38 28 42 22 28 17 53 17 13 20 26 9 15 37 23 15 46 40 36 41 56 23 38 31 15 41 22 44 39 17 27 16 19 44 31 45 43 17 36 11 9 37 3 42 34 10 18 21 25 7 23 22 10 11 10 21 17 17 42 24 17 44 22 18 41 46 17 30 43 56 28 26 50 31 39 22 46 10 45 44 35 12 39 22 14 40 15 6 7 25 46 41 35 16 41 40 5 32 43 46 26 45 30 16 54 21 23 32 13 36 50 20 51 40 21 37 31 52 23 31 25 8 16 32 49 33 40 15 8 29 30 16 15 16 14 14 50 60 26 40 47 12 34 19 18 18 41 55 6 34 26 30 51 34 11
11 76 51 58 46 41 19 53 48 7 60 35 38 20 48 23 56 4 58 50 18 45 48 35 50 50 39 69 44 66 5 22 19 13 39 30 11 44 57 41 4 50 60 20 45 20 29 8 55 48 58 54 55 59 34 28 19 43 64 52 57 60 53 36 34 43 19 40 22 65 36 42 43 52 36 8 7 46 4 68 45 37 13 8 51 45 49 29 35 51 51 27 49 42 59 45 59 66 61 36 54 32 42 29 24 38 20 21 21 43 24 52 15 51 58 50 10 52 32 32 0 16 14 67 47 41 43 57 40 21 4 43 66 50 32 41 43 64 51 33 44 60 23 47 63 46 51 36 39 47 10 36 28 17 48 43 43 62 59 53 49 13 22 51 42 43 23 39 41 29 39 13 40 33 52 51 63 53 25 32 9 48 6 10 54 45 38 46 37 18 28 56 50 56 48 50 15 16 25 29 42 37 40 57 40 41 32 42 10 66 39 55 36 11 35 45 56 31 68 49 62 29 56 1 42 25 50 47 44 36 31 17 51 68 37 50 42 25 30 37 3 41 28 41 46 25 52 24 49 58 21 57 54 33 26 24 56 55 40 56 64 54 30 52 55 27 37 44 5 60 39 53 50 57 40 57 59 24 27 48 11 11 10 35 61 48 56 50 32 31 61 37 43 61 34 30 15 31 14 29 32 50 40 35 67 11 47 14 57 28 22 42 40 14 14 56 39 24 48 43 48 38 39 25 45 23 43 69 52 20 12 69 7 62 51 32 41 31 11 29 39 20 34 31 55 45 48 35 72 58 25 22 46 35 42 67 21 35 53 16 43 59 24 17 53 28 34 35 41 20 9 26 20 10 30 26 13 7 43 13 26 55 41 11 36 38 38 34 63 50 60 58 41 49 16 48 51 47 40 47 44 38 23 27 12 45 66 56 22 64 52 52 55 38 40 28 45 56 7 24 9 44 43 55 50 54 69 45 18 40 36 19 30 35 62 40 24 53 10 38 17 36 38 27 28 28 47 44 63 56 49 56 21 42 65 58 21 36 36 51 48 57 57 26 26 26 51 39 33 57 51 38 32 13 34 13 22 27 28 44 56 54 26 47 9 26 28 34 62 42 14 40 60 46 49 16 42 20 20 44 53 45 52 39 26 16 59 53 51 53 30 39 27 12 41 19 43 18 30 47 29 25 45 45 27 22 48 56 23 33 44 39 50 50 50 23 57 51 27 26 55 18 50 8 26
26 68 36 64 44 42 12 53 50 10 50 20 45 29 34 13 58 18 52 44 5 47 44 27 47 51 28 62 45 58 20 31 10 26 24 36 9 30 52 32 13 51 53 9 30 29 14 23 59 33 53 60 59 51 39 21 22 49 58 41 48 57 40 36 19 30 27 44 12 60 38 28 30 53 35 18 18 42 14 60 51 41 7 15 54 45 35 18 39 53 38 16 34 26 51 43 52 57 58 21 55 35 45 16 16 32 5 31 17 48 13 40 22 54 49 45 7 44 20 20 16 0 12 58 33 29 39 54 37 18 14 35 58 36 27 37 38 59 45 40 32 50 16 37 58 32 46 27 28 39 22 23 35 20 39 28 34 54 48 47 45 25 10 46 29 42 26 27 29 28 45 3 46 34 54 47 54 44 23 26 24 45 20 8 53 40 26 52 39 10 37 59 46 58 49 40 11 21 27 32 47 43 38 58 43 47 17 28 24 59 37 46 43 26 22 30 50 18 60 43 55 33 57 15 36 29 37 48 29 22 28 14 37 59 44 54 27 31 33 22 15 26 36 36 31 32 53 9 34 48 15 51 44 26 11 21 44 58 26 56 58 43 16 44 57 34 40 48 12 50 45 54 36 62 26 50 49 26 29 37 21 26 24 20 54 54 52 37 37 16 56 28 32 55 39 18 6 37 7 22 25 39 39 31 60 6 37 6 53 33 12 31 35 3 15 53 41 22 38 41 38 45 30 22 31 23 32 62 39 13 26 62 14 56 51 25 27 15 14 24 30 14 30 20 53 35 50 21 65 58 27 11 47 37 47 59 22 24 56 3 45 55 34 21 57 30 26 37 43 19 22 14 13 19 35 26 17 21 49 23 13 47 39 25 41 40 25 22 58 55 54 47 44 33 20 36 55 33 25 31 39 24 18 33 4 31 61 52 30 57 57 42 51 38 24 36 38 55 22 19 14 29 28 54 44 54 60 30 27 25 21 29 17 41 52 29 21 40 6 24 17 32 28 19 20 26 33 34 57 43 35 55 20 34 58 57 6 36 42 56 42 45 58 29 34 25 52 28 41 55 47 29 37 12 19 26 6 15 18 38 56 52 32 32 24 35 16 35 57 47 18 45 49 35 55 14 36 26 8 44 55 36 56 42 24 26 49 56 41 46 29 27 22 21 47 26 44 9 20 42 31 20 34 30 20 15 52 62 24 39 48 29 46 38 36 20 53 56 15 31 45 23 54 20 11
24 63 42 52 35 32 7 43 39 9 47 27 34 19 37 11 47 17 45 37 10 36 36 22 38 41 26 56 35 53 16 20 8 18 31 25 5 34 44 28 14 41 47 9 35 19 22 21 48 38 45 48 48 46 27 15 11 38 51 39 44 48 41 25 25 31 17 33 10 52 27 32 30 43 25 12 12 34 15 55 40 30 5 8 43 35 38 17 28 42 38 15 39 33 45 34 46 53 49 28 45 24 34 17 11 25 13 21 8 37 12 39 13 43 44 38 12 39 20 21 14 12 0 54 35 28 30 45 28 8 10 30 53 39 19 29 30 51 38 29 30 47 10 34 51 36 38 23 26 34 16 24 24 9 34 33 29 48 45 40 37 17 11 39 31 32 15 26 29 18 34 11 34 24 43 38 49 40 13 19 20 36 15 7 43 32 25 41 28 5 27 48 38 47 39 36 1 10 16 21 36 31 28 48 32 36 23 31 19 53 28 42 32 21 24 35 43 20 55 36 49 22 47 15 29 18 38 38 34 24 19 4 40 54 33 43 32 20 22 27 15 31 25 28 37 21 43 16 38 45 8 44 40 20 19 11 43 48 32 46 51 40 20 38 46 23 29 37 13 47 34 44 39 50 29 44 45 15 18 35 13 23 18 25 48 43 44 39 26 23 48 23 30 48 28 19 7 26 5 16 18 37 29 22 54 7 34 6 45 22 10 29 27 12 4 44 30 12 34 31 34 34 25 12 34 13 31 56 40 7 21 55 8 49 41 18 29 23 4 16 25 7 21 18 44 31 40 23 59 48 16 9 37 26 36 53 11 22 45 9 34 47 24 10 46 19 21 26 32 8 15 14 6 11 24 16 6 16 38 14 15 42 29 23 30 29 26 22 51 44 47 45 33 40 10 36 44 37 30 38 31 28 10 22 11 35 53 44 19 51 46 39 43 28 31 25 32 45 20 11 7 34 35 44 37 44 56 35 17 30 26 19 18 30 49 27 11 40 11 27 6 23 25 14 15 16 37 30 50 43 38 45 9 29 52 47 15 26 31 45 35 44 48 18 23 15 42 26 30 45 39 25 26 1 26 20 15 15 15 31 46 43 20 36 22 24 16 25 50 35 7 34 46 33 43 3 29 15 10 34 44 32 45 31 14 17 45 45 38 40 19 26 14 13 36 15 34 7 17 34 20 11 32 35 13 9 41 51 13 27 37 25 38 37 38 10 45 45 15 20 41 13 43 14 17
76 12 50 60 34 42 49 36 44 62 10 51 57 60 35 45 46 70 18 22 54 47 26 32 28 40 31 9 41 5 68 60 50 68 51 55 57 40 21 27 66 44 10 50 44 61 53 73 54 44 21 58 53 10 52 39 52 57 13 20 10 27 27 40 48 33 60 49 47 20 46 39 30 43 37 63 64 27 68 4 57 51 55 60 50 36 35 41 51 46 25 42 45 48 10 34 12 3 28 51 43 50 48 43 44 31 54 63 47 55 45 21 59 51 10 22 62 15 39 40 67 58 54 0 33 31 30 26 32 47 63 25 3 34 36 30 28 17 21 58 27 10 44 22 18 40 23 32 30 20 66 37 57 53 20 41 25 10 13 21 26 65 49 22 35 36 51 33 32 43 58 60 55 43 45 27 5 15 44 35 72 29 67 59 32 26 33 57 45 50 62 51 24 48 41 19 53 56 47 49 55 54 33 42 47 56 49 38 70 9 35 13 59 73 39 46 16 41 5 22 11 51 42 68 28 52 28 40 46 40 38 50 36 3 57 49 45 56 49 44 68 43 59 28 50 57 40 52 37 10 46 18 14 35 54 45 19 49 47 36 17 16 46 17 45 56 49 49 66 8 55 43 35 56 38 12 9 49 48 22 62 76 68 45 11 58 23 32 53 52 21 31 27 13 53 42 55 55 54 38 36 20 37 35 10 59 22 55 24 54 47 28 30 60 54 28 43 45 21 32 21 59 29 43 36 47 28 12 30 48 72 13 61 13 35 36 35 51 56 39 29 47 35 39 34 24 48 40 10 36 48 48 43 47 54 8 50 34 51 55 47 25 64 54 49 48 33 46 45 48 65 45 48 60 51 46 55 68 56 62 45 13 34 75 54 45 36 38 16 56 13 16 48 47 55 26 54 39 45 48 26 41 44 55 60 40 18 25 58 10 57 17 23 38 48 60 23 32 73 44 59 44 50 32 21 36 3 45 61 41 44 61 43 55 7 30 44 25 62 38 52 34 31 41 39 41 40 24 15 22 36 31 48 25 11 33 56 39 55 59 21 19 41 50 58 43 42 31 60 30 25 30 54 54 51 69 55 43 40 25 35 29 55 37 75 59 42 43 18 53 55 54 14 24 57 51 27 55 51 36 46 22 49 48 43 63 9 50 17 16 42 33 41 62 58 58 43 51 38 24 46 43 26 42 41 46 53 59 49 54 53 30 26 23 32 45 25 57 44 52 14 56 53 65 50
57 44 19 70 42 46 29 49 52 41 23 20 57 50 3 25 58 50 37 32 30 52 35 22 39 50 12 39 47 35 50 51 28 53 19 51 37 8 39 18 45 53 33 27 11 51 24 54 64 12 40 66 63 31 50 25 40 60 39 13 25 47 8 40 18 5 49 52 25 44 46 7 8 54 36 46 46 35 46 36 61 51 34 42 58 43 4 19 50 55 9 21 14 16 30 41 33 31 48 20 55 47 51 18 25 28 29 53 31 58 24 12 45 59 25 33 39 25 16 15 47 33 35 33 0 9 34 44 33 32 44 23 34 5 28 32 32 42 33 55 11 24 26 16 42 8 35 20 14 21 50 12 51 40 21 9 20 34 20 34 36 51 25 34 5 41 42 11 8 36 58 36 56 41 55 39 30 21 32 26 54 38 50 37 46 31 12 61 45 30 56 62 35 60 49 19 34 43 39 44 57 54 35 56 49 58 19 6 53 38 37 25 57 56 12 13 33 16 37 32 35 46 56 47 29 45 6 49 14 12 31 33 6 35 57 57 13 49 44 13 46 11 53 28 18 50 51 25 5 23 29 36 22 25 25 32 14 61 15 51 42 18 18 28 57 50 49 54 44 26 56 54 5 67 8 30 24 41 41 13 47 57 52 15 34 63 40 4 50 22 42 20 12 36 51 17 32 51 33 24 24 14 39 31 39 37 13 33 42 48 26 11 30 35 38 44 45 33 17 37 16 59 20 31 4 36 9 42 6 29 55 42 42 37 47 25 7 21 39 28 18 30 30 17 48 16 55 13 42 52 40 26 50 46 56 38 38 16 60 32 51 44 55 41 59 42 22 45 48 35 49 21 30 45 47 38 40 51 59 48 21 26 37 57 53 47 10 14 41 62 35 18 51 16 42 8 61 7 13 16 30 10 29 49 37 7 44 42 49 37 64 18 39 39 16 54 24 48 53 30 41 12 18 47 32 50 36 12 50 10 14 51 17 53 26 12 31 9 39 9 36 30 14 24 23 32 8 17 40 13 5 47 35 21 38 50 29 39 54 65 29 15 55 43 52 34 52 13 57 47 37 17 50 36 20 54 28 21 20 28 50 44 48 5 55 53 20 41 41 56 40 56 20 12 63 35 27 45 27 42 56 20 59 50 33 50 26 59 18 30 36 10 28 47 59 47 48 29 20 31 41 29 11 9 26 28 59 68 38 52 57 16 37 11 4 31 43 64 20 46 20 44 60 48 23
51 42 26 61 33 37 22 41 43 35 22 22 48 42 12 18 50 44 31 25 25 43 28 13 31 42 3 36 38 33 43 43 22 45 22 42 30 14 33 10 39 44 29 22 17 43 23 48 55 19 33 58 54 27 41 17 31 51 35 13 21 40 14 31 18 5 40 43 19 39 37 12 2 45 27 39 39 27 40 33 52 43 28 35 49 34 13 12 41 46 10 14 21 20 26 32 28 30 41 22 47 38 42 13 18 19 25 45 23 49 17 12 38 50 22 26 34 19 10 10 41 29 28 31 9 0 25 37 25 24 38 15 31 14 19 23 23 37 26 46 5 22 19 11 37 15 27 11 5 15 43 6 42 32 15 14 13 30 20 28 29 43 20 27 8 32 34 3 2 27 49 31 47 32 46 31 28 17 24 17 47 30 43 31 39 23 4 52 36 23 47 54 28 51 41 14 27 35 30 35 48 45 27 48 40 49 18 11 46 34 28 21 48 49 8 19 28 11 34 24 31 37 48 41 21 36 11 40 19 10 22 25 15 32 48 49 17 40 35 14 41 15 44 20 23 41 43 22 14 21 22 30 18 16 23 24 15 52 19 43 37 15 15 22 49 41 40 45 38 23 47 46 14 58 9 26 22 32 33 9 39 51 45 15 30 54 33 13 41 21 36 11 4 31 42 12 27 42 27 16 15 11 30 22 35 31 9 27 35 40 19 3 21 31 30 37 37 25 12 29 11 50 12 23 10 28 3 38 14 22 48 38 36 32 39 16 6 20 32 19 9 22 21 10 40 10 46 10 39 44 31 20 41 37 48 34 30 7 51 27 42 37 47 33 51 33 13 36 39 27 42 15 22 37 38 29 32 44 50 40 16 22 28 50 44 38 6 8 36 54 30 19 42 23 34 8 53 15 17 22 22 12 21 40 32 14 39 35 41 33 55 14 32 30 20 45 17 40 47 21 34 17 22 39 25 42 34 18 42 13 15 42 13 45 25 3 23 13 34 8 29 21 5 16 15 23 15 10 35 15 14 40 26 13 34 42 26 30 45 56 22 17 47 34 43 25 44 4 48 39 30 8 42 29 21 47 25 14 13 20 43 36 39 13 49 44 14 32 36 47 32 47 20 7 54 27 19 37 22 34 48 13 50 41 24 43 23 51 14 24 27 3 20 39 50 38 39 23 12 24 32 20 6 16 17 20 50 60 30 43 48 7 30 10 12 22 36 55 15 37 17 36 51 41 20
50 37 50 37 8 14 28 16 19 39 29 43 28 31 37 26 25 45 16 9 35 20 6 14 9 17 23 29 14 27 42 31 30 40 44 26 34 38 15 16 43 20 21 31 42 32 41 48 31 44 16 34 30 21 23 18 25 29 23 26 23 19 34 11 39 30 31 21 28 22 17 36 27 20 8 37 38 4 44 30 29 23 33 35 25 10 37 26 22 22 30 26 46 44 20 8 19 30 20 43 22 20 20 29 24 8 37 34 23 27 28 27 32 26 24 9 41 16 27 28 43 39 30 30 34 25 0 16 3 23 39 11 28 38 13 3 3 23 10 29 23 27 24 20 21 40 9 16 20 15 39 28 27 26 16 39 14 22 29 11 7 37 30 10 33 8 23 25 27 15 29 39 27 13 22 9 25 21 18 14 45 6 41 36 15 4 24 30 16 29 32 29 8 27 16 19 30 29 19 20 27 26 4 23 19 28 38 35 43 26 6 20 30 46 30 44 16 29 30 8 22 22 23 43 5 24 32 15 43 32 12 27 39 30 29 24 41 27 19 37 44 39 29 6 48 28 18 37 39 24 24 15 21 14 40 20 30 27 43 19 22 24 34 14 24 27 20 22 43 26 27 21 39 34 33 19 25 21 19 23 35 50 41 36 21 32 14 37 23 41 19 15 22 20 24 29 34 25 33 18 16 25 7 9 26 37 22 34 15 25 28 23 5 40 30 15 15 19 19 4 21 31 14 19 35 20 25 28 36 27 44 27 36 21 14 15 30 40 32 16 17 25 10 25 16 19 22 31 32 20 20 29 17 18 26 27 23 22 27 36 19 17 34 27 26 19 15 17 17 23 38 29 26 34 22 18 30 42 28 34 30 19 4 49 25 16 29 27 22 30 20 30 20 48 28 29 29 39 40 47 5 35 22 26 40 39 24 14 29 24 32 22 13 9 43 31 11 17 47 20 34 42 46 16 9 17 31 43 33 37 37 33 30 26 29 23 19 33 40 32 26 8 21 22 21 15 40 18 22 32 38 17 22 13 24 19 39 10 26 33 10 31 22 21 29 17 19 22 31 17 9 18 24 31 42 42 39 27 24 7 19 13 26 37 49 30 27 13 20 25 29 26 30 24 31 27 7 27 33 9 23 15 25 20 17 35 24 26 21 14 14 26 18 35 30 30 15 31 22 7 17 20 23 40 20 25 26 35 21 25 25 19 8 27 35 20 15 31 29 23 24 28 27 38 36
65 28 62 34 13 20 43 11 19 54 30 57 35 44 47 42 21 60 9 12 50 23 10 29 8 15 35 22 18 22 56 43 45 54 58 36 50 50 6 28 58 19 17 46 54 44 56 62 29 55 6 33 28 18 32 34 39 33 14 33 24 3 42 23 52 41 44 26 44 9 26 48 38 18 22 51 52 13 59 25 33 30 49 50 25 14 47 41 30 21 38 41 57 56 19 13 15 28 5 57 18 31 25 44 39 23 52 46 39 31 43 34 45 26 25 11 56 20 41 42 57 54 45 26 44 37 16 0 18 38 54 22 24 48 28 18 17 12 12 38 34 29 39 28 10 51 10 30 33 23 53 41 38 41 24 50 25 17 32 10 9 51 46 10 44 16 37 37 38 29 36 55 32 25 20 8 23 25 33 29 59 10 56 51 7 16 37 32 25 44 43 26 10 23 16 26 45 43 33 32 32 33 18 16 25 33 52 47 57 19 18 22 37 60 43 56 13 43 24 13 16 33 17 58 18 36 41 17 55 45 27 42 49 25 35 24 54 39 31 50 59 51 40 20 60 39 15 51 49 26 39 10 25 29 55 35 36 24 55 11 11 29 48 17 20 38 28 25 58 26 33 17 49 31 45 17 26 35 32 32 49 64 55 50 16 34 5 46 33 55 7 29 33 14 33 43 49 35 49 33 31 32 19 24 18 52 31 50 3 36 43 34 20 55 45 3 23 34 27 15 29 37 27 34 46 35 36 19 44 42 58 18 51 14 10 30 42 54 47 31 29 40 25 39 8 28 23 45 24 10 33 44 19 27 31 20 37 35 25 51 24 3 46 41 24 31 30 27 23 38 52 44 41 48 32 32 44 56 32 48 45 20 17 63 32 25 41 40 12 31 14 34 26 59 43 37 29 50 53 58 17 48 37 37 55 50 12 3 42 17 32 28 5 20 56 41 21 7 62 35 49 53 59 6 13 10 26 55 45 49 50 45 44 34 29 34 35 40 55 44 41 23 34 37 36 30 51 28 12 38 48 6 37 25 17 7 55 22 33 34 16 36 15 34 40 32 17 34 40 5 8 30 34 46 55 55 54 42 39 18 10 4 37 48 64 41 42 25 10 30 43 31 33 33 32 43 20 40 48 15 20 25 23 27 32 48 24 24 28 15 28 38 33 49 35 43 20 46 37 14 30 35 33 52 35 40 28 34 35 34 29 32 8 35 45 36 2 32 44 35 28 42 28 52 51
48 39 50 37 9 13 26 18 19 37 30 41 28 29 36 25 26 43 18 10 33 20 9 13 11 18 22 31 14 29 40 29 28 38 43 24 32 37 17 15 41 20 22 29 41 30 40 46 31 43 18 34 30 22 22 17 23 28 25 27 24 21 34 10 37 29 29 20 27 25 15 35 26 21 6 35 36 6 42 32 29 22 31 33 25 10 37 25 21 22 30 24 45 43 22 9 21 32 22 42 23 19 19 28 21 6 34 32 21 26 26 27 29 26 25 11 39 18 26 27 40 37 28 32 33 25 3 18 0 20 37 11 30 38 10 2 4 25 12 28 23 29 22 20 24 39 11 15 20 16 37 27 26 24 17 38 14 24 30 13 9 35 29 12 32 8 21 24 26 13 29 37 26 12 22 11 27 22 16 12 43 9 39 34 17 6 23 29 15 27 31 29 10 27 17 20 28 27 17 18 26 25 3 24 18 27 37 35 41 28 5 21 29 44 28 43 18 27 31 10 24 20 24 41 5 22 32 16 42 31 10 25 39 31 28 25 40 25 18 36 42 38 28 6 47 26 19 35 38 26 22 17 21 12 38 18 31 28 41 20 24 25 32 15 25 25 19 22 40 27 26 22 38 34 32 20 26 19 17 23 33 48 39 35 23 32 16 36 22 39 21 14 22 23 23 27 32 24 31 16 14 25 7 7 28 35 22 32 18 23 25 23 4 38 27 17 14 17 19 5 21 30 13 16 34 18 25 30 35 25 42 29 34 23 15 13 30 38 30 14 16 23 8 23 18 18 22 30 34 22 18 26 17 17 25 29 20 20 28 34 19 19 33 25 27 17 14 16 16 21 36 27 24 32 20 16 27 40 27 32 28 20 4 47 23 16 28 26 24 30 22 31 19 47 26 28 29 39 39 45 6 34 20 24 37 38 26 16 27 25 32 23 15 8 42 29 12 19 45 18 32 40 45 18 11 19 33 42 30 36 35 31 28 25 30 22 17 33 38 31 24 5 20 20 19 13 39 17 24 32 37 19 20 13 26 21 38 9 24 33 11 31 24 19 27 14 20 21 30 18 12 17 23 28 40 39 37 25 22 7 20 16 24 37 47 28 25 12 23 24 27 25 31 23 30 25 7 25 30 10 24 15 26 19 15 33 25 27 22 16 12 25 16 32 29 28 15 29 20 9 15 18 23 40 17 23 26 36 19 24 25 18 10 27 35 18 17 31 27 22 25 26 27 36 34
30 56 42 48 28 25 7 35 33 17 41 29 30 19 34 9 41 24 37 29 14 31 28 15 31 34 22 49 28 46 22 20 9 23 32 22 12 32 37 21 21 34 40 11 34 20 25 27 43 37 38 44 42 39 23 8 9 34 44 33 37 41 37 19 25 28 18 28 10 44 22 30 26 36 18 17 18 26 22 48 35 25 12 14 37 27 35 14 23 36 33 12 39 33 38 27 38 46 41 30 38 20 28 16 7 17 17 22 2 33 10 33 15 38 38 30 19 32 17 18 21 18 8 47 32 24 23 38 20 0 18 22 46 36 11 21 22 44 31 26 25 40 6 27 43 34 30 16 20 27 20 21 22 8 28 31 23 41 39 32 29 20 12 31 28 24 12 22 25 11 31 18 30 17 37 31 42 33 5 12 26 28 21 14 36 24 21 36 22 8 26 42 30 41 32 30 8 12 10 16 32 27 21 41 26 32 24 29 24 45 21 35 29 27 21 35 36 18 48 28 41 17 40 22 21 15 34 31 34 23 11 5 37 47 29 37 32 18 17 26 22 30 23 21 38 19 36 19 35 38 3 36 34 13 22 3 37 42 32 38 43 34 20 31 40 20 24 31 21 40 30 37 36 45 26 37 39 11 13 29 17 30 22 25 40 38 36 36 22 25 41 17 24 41 24 17 13 23 11 9 11 32 21 14 46 15 28 12 37 19 9 24 20 18 8 36 24 5 28 24 28 31 19 5 31 7 26 49 37 6 26 48 15 42 34 11 26 25 10 8 19 4 13 15 37 25 34 22 52 41 11 10 30 21 31 46 7 17 39 15 29 39 24 9 40 14 14 21 26 4 19 14 5 15 20 10 9 22 33 17 14 34 22 29 26 23 23 19 43 39 40 39 27 39 11 31 39 34 30 38 23 26 3 19 18 33 46 36 18 43 41 32 35 21 32 24 25 38 27 3 13 33 35 37 30 36 49 35 19 28 26 20 17 26 42 22 4 36 18 24 6 16 20 8 10 9 35 24 43 38 35 38 4 22 44 40 20 19 27 41 28 38 41 14 22 8 35 21 28 38 32 19 22 9 27 24 19 13 12 24 39 35 18 33 29 22 13 18 42 31 9 30 40 28 39 5 21 14 13 26 38 25 39 26 6 20 38 39 31 33 12 22 6 16 32 16 27 10 12 27 14 4 26 33 7 5 36 46 8 24 32 19 30 32 35 3 37 40 14 17 35 13 38 19 19
14 73 49 56 43 38 16 50 45 5 57 33 36 18 45 20 53 7 54 46 15 41 45 32 47 47 36 66 41 63 6 20 16 12 37 27 8 42 53 38 6 47 57 17 42 18 27 11 52 45 54 52 52 56 31 25 16 41 61 49 54 57 50 33 32 40 17 38 19 61 33 40 39 49 33 5 5 43 6 65 43 34 11 5 48 42 46 26 32 48 48 24 47 40 55 42 55 63 57 34 51 29 39 26 21 34 18 19 17 40 21 48 12 48 54 47 9 49 29 30 4 14 10 63 44 38 39 54 37 18 0 39 63 47 28 38 39 61 47 30 40 57 20 44 60 44 47 33 35 44 9 33 25 14 44 41 39 58 55 49 46 12 19 48 40 39 20 35 38 25 36 11 37 30 49 47 59 50 22 29 11 44 7 7 51 41 35 44 34 15 26 53 47 53 45 46 11 12 22 26 39 34 37 54 36 39 30 40 11 62 36 51 33 12 33 43 53 28 65 45 58 26 53 5 38 22 47 44 42 33 27 14 48 64 35 48 40 22 27 35 6 39 26 38 44 22 49 22 46 55 18 53 50 29 24 20 52 53 39 53 60 50 28 48 52 24 34 42 6 57 36 50 47 54 37 54 55 21 24 45 9 13 10 33 57 45 52 48 29 29 57 33 39 58 31 27 13 28 12 26 28 47 36 31 63 9 44 12 54 25 19 39 37 13 10 52 36 20 44 39 44 36 35 21 42 20 40 65 50 17 13 65 4 59 48 28 38 29 8 25 35 17 30 28 51 41 45 32 69 55 22 19 43 32 39 63 17 31 50 14 39 56 22 14 51 25 31 32 38 17 8 23 16 8 28 22 10 8 41 11 23 51 37 13 33 35 35 31 60 47 57 55 38 47 13 45 48 45 38 45 40 36 20 24 10 43 62 52 19 60 50 49 51 35 38 26 42 53 10 20 5 41 41 52 47 51 66 43 16 38 34 17 27 32 59 37 20 50 9 35 13 32 35 24 25 25 45 40 60 52 46 53 17 39 61 55 19 33 33 48 45 54 54 23 24 23 48 36 31 53 48 35 29 10 32 13 20 24 25 40 53 51 23 44 12 24 25 31 59 39 11 37 56 43 47 13 38 18 18 41 50 42 50 36 22 14 55 50 48 50 26 36 23 9 38 16 40 15 27 44 26 21 42 43 23 19 45 54 19 30 41 35 47 47 47 20 53 49 24 24 51 15 47 7 24
52 34 40 47 19 24 25 26 29 38 20 35 38 37 26 22 36 46 18 11 31 30 13 9 17 27 13 27 25 24 44 37 26 44 36 34 33 28 19 6 43 30 18 27 32 37 35 49 42 34 20 44 41 17 32 15 28 39 23 16 15 25 23 20 31 20 36 31 24 26 26 26 16 31 16 39 40 12 44 26 40 32 32 36 36 20 27 20 31 33 19 20 36 35 16 18 17 24 26 35 32 28 30 23 20 8 32 39 22 37 23 16 35 37 16 12 39 10 19 21 43 35 30 25 23 15 11 22 11 22 39 0 24 27 12 9 9 24 12 37 13 19 21 9 24 29 13 9 11 6 42 19 35 29 7 29 3 19 20 14 14 41 26 13 22 19 28 15 17 19 39 37 36 22 33 16 20 12 19 11 48 15 43 35 24 8 15 40 25 27 40 40 13 37 27 9 29 32 24 27 37 35 13 33 29 38 31 26 46 24 15 13 39 49 21 34 15 21 26 10 20 29 33 44 7 29 21 26 34 23 14 26 29 25 38 35 32 33 27 28 44 30 37 6 38 34 29 31 28 17 23 17 12 10 34 20 20 38 33 29 24 14 26 9 34 34 29 32 42 18 36 32 28 44 23 15 17 26 25 13 38 52 44 28 19 42 19 26 31 34 22 8 12 20 33 22 31 34 31 14 12 14 18 12 25 35 12 32 21 32 24 13 8 37 30 22 25 21 9 15 10 40 6 19 25 23 15 27 25 24 47 27 37 21 24 12 21 33 32 15 8 23 12 18 26 8 33 23 30 30 25 25 27 27 36 24 26 13 38 33 30 23 41 30 37 25 9 26 27 24 41 23 24 36 30 23 31 44 38 38 24 13 15 51 34 26 19 19 23 41 19 20 30 38 31 18 39 29 31 37 8 26 20 33 37 29 26 20 35 22 43 12 18 18 34 38 3 26 49 20 35 32 37 25 11 27 27 33 37 27 28 38 23 35 21 13 20 22 38 23 28 11 12 17 16 17 30 7 22 21 27 25 24 3 23 27 35 19 35 43 7 21 33 27 36 19 30 12 39 25 15 9 32 30 34 45 33 21 18 5 28 22 32 27 51 37 21 22 23 35 30 35 21 13 41 27 5 32 28 20 34 5 36 29 19 39 17 37 11 11 19 17 17 37 39 34 26 28 16 9 24 19 13 31 17 22 37 46 25 34 36 10 15 16 25 20 21 42 23 30 15 32 38 40 30
76 11 51 57 32 40 48 34 41 61 12 52 55 59 35 45 44 69 16 20 53 45 24 32 26 38 31 7 39 3 67 59 49 67 51 54 56 41 19 26 66 42 9 49 45 60 54 73 52 45 19 56 51 8 50 39 51 55 11 21 10 25 28 39 48 33 58 47 47 18 44 40 31 41 35 62 63 25 67 3 55 50 55 59 48 34 36 41 49 44 26 42 47 49 9 32 11 5 26 52 41 48 46 43 43 30 54 61 46 53 45 22 58 49 10 20 62 15 39 40 66 58 53 3 34 31 28 24 30 46 63 24 0 36 35 28 27 14 19 57 27 11 44 22 16 41 21 31 30 20 65 37 55 52 19 42 24 7 15 19 24 64 48 20 36 34 50 33 32 41 56 59 53 41 43 25 4 15 43 34 71 27 66 58 30 25 33 55 43 50 60 49 22 46 38 18 52 55 46 48 53 53 32 40 45 54 49 39 69 7 33 12 57 72 39 47 14 41 3 21 9 49 40 67 27 51 28 39 47 40 37 49 37 2 56 47 46 55 47 45 67 44 57 27 51 56 38 52 38 11 46 15 14 34 54 44 21 47 48 34 15 17 46 16 43 55 47 47 65 9 53 41 37 54 38 10 10 48 47 22 61 75 67 45 8 57 21 34 51 52 19 30 27 11 51 42 54 53 54 37 35 21 35 34 8 58 23 55 22 52 46 28 28 60 54 26 41 44 21 31 21 58 28 42 37 46 29 10 31 47 70 10 60 11 33 35 35 51 56 38 29 47 34 39 32 23 45 41 8 34 47 47 41 45 52 6 49 34 49 55 45 22 62 53 47 46 32 44 43 47 64 44 47 60 50 45 54 67 54 61 45 12 32 74 52 44 36 38 14 54 11 17 46 49 54 27 52 39 46 48 25 41 44 54 60 41 15 23 57 8 55 17 21 36 49 58 22 30 72 43 58 45 51 30 19 34 3 46 60 42 45 60 43 53 9 30 43 27 61 39 51 32 31 40 39 40 40 24 13 23 37 29 47 25 9 31 56 38 53 57 20 20 39 49 57 42 40 30 59 28 23 29 52 54 51 68 55 43 40 24 33 27 53 38 74 58 42 41 16 51 54 52 15 25 55 51 26 54 50 34 44 22 47 46 42 62 9 48 18 15 41 33 40 60 56 57 41 50 38 22 45 42 26 43 40 45 50 57 47 53 51 30 24 24 33 44 23 55 44 51 15 55 51 64 50
60 46 16 74 46 50 33 53 56 44 24 21 62 54 2 29 63 53 40 36 33 57 40 26 43 54 16 42 51 38 53 55 32 57 19 55 40 8 43 23 48 57 36 31 10 55 25 57 68 10 43 71 67 34 55 29 44 64 42 16 27 50 9 44 19 9 53 56 29 48 50 9 12 58 40 50 50 39 49 38 65 56 37 46 63 47 1 22 54 59 11 24 11 15 33 45 37 33 52 20 59 51 56 22 30 32 32 57 35 62 28 15 50 63 27 37 42 28 19 19 50 36 39 34 5 14 38 48 38 36 47 27 36 0 32 36 36 45 37 60 15 26 31 20 45 6 39 24 19 25 54 16 56 44 24 9 25 37 21 38 40 55 29 38 8 45 47 15 13 40 63 39 61 45 59 43 33 24 37 30 57 42 53 41 50 35 16 65 50 34 60 66 39 64 54 22 38 47 43 48 62 59 40 60 54 62 21 8 57 40 41 28 62 59 16 12 37 20 39 35 38 50 60 50 34 49 8 53 13 15 35 36 2 37 61 62 13 53 49 15 50 12 58 32 16 54 56 28 3 26 34 39 25 29 27 36 15 65 15 55 45 20 21 31 61 54 53 58 47 28 60 58 1 71 11 33 27 45 46 17 51 60 56 17 37 68 44 2 54 23 46 25 16 39 56 21 35 56 36 29 28 17 44 35 41 40 17 36 46 53 30 15 34 38 42 48 50 37 21 42 19 63 25 35 6 41 13 44 6 33 59 44 46 40 51 30 11 23 43 32 22 34 34 22 52 20 59 16 44 56 44 30 54 51 61 40 42 20 65 35 55 48 59 45 64 46 26 50 53 39 53 25 33 49 52 42 43 54 63 51 25 29 41 60 57 51 14 18 44 67 38 20 55 13 46 11 66 5 14 14 34 13 33 53 40 7 47 45 53 40 69 21 43 44 16 58 28 52 56 34 45 11 17 51 36 54 37 11 54 11 16 55 21 58 27 17 35 9 42 13 41 35 18 28 27 37 6 21 43 14 2 51 39 25 41 54 32 44 58 69 33 17 59 47 56 38 56 17 62 51 41 22 55 40 21 58 30 25 25 32 55 48 52 4 58 57 24 46 45 60 44 60 22 15 67 38 32 49 30 47 61 24 63 54 37 55 28 64 21 33 40 14 33 51 64 51 52 33 24 35 45 33 15 9 30 32 63 73 42 56 61 20 41 13 4 35 46 68 24 50 22 48 64 52 26
41 45 42 44 19 20 16 27 27 28 32 32 30 25 30 15 34 35 26 18 23 26 18 7 21 26 17 38 22 35 32 26 18 32 34 24 23 30 26 13 32 28 29 19 34 26 30 38 38 36 27 40 38 28 23 7 16 32 33 26 27 31 31 13 28 24 25 25 17 34 19 28 21 30 10 27 28 16 33 37 34 24 22 25 33 19 31 15 22 30 27 14 38 35 27 18 28 36 32 33 31 19 25 18 11 6 24 28 12 31 16 26 23 33 28 19 29 21 17 18 32 27 19 36 28 19 13 28 10 11 28 12 35 32 0 11 12 33 20 28 19 31 12 19 32 32 20 9 14 17 30 19 25 17 18 30 13 30 31 22 19 29 19 20 25 17 17 17 20 9 31 27 29 14 31 21 32 23 8 3 36 19 32 25 27 13 17 34 18 17 30 37 19 35 25 20 18 20 13 17 30 27 12 33 23 31 27 28 34 35 12 24 30 37 20 35 25 19 37 17 30 19 33 33 10 19 28 24 34 22 4 15 34 37 30 32 32 23 17 28 33 30 27 10 39 24 28 25 32 28 12 26 24 4 28 9 30 36 33 30 33 25 23 20 33 24 22 27 31 30 29 30 33 41 25 26 29 15 15 22 26 40 32 26 30 36 25 32 22 30 30 9 18 30 24 18 22 24 21 6 5 24 14 5 35 25 21 22 27 22 15 18 9 28 19 27 19 9 19 15 20 32 10 8 28 11 20 38 32 15 36 37 25 31 25 3 23 29 21 4 12 13 4 14 28 17 29 22 41 32 14 16 24 19 29 35 14 13 35 24 25 29 30 18 34 15 7 18 22 13 29 17 14 25 20 12 20 32 32 26 18 24 13 39 26 20 20 17 32 36 29 31 24 39 19 25 35 32 31 38 13 26 10 23 28 31 35 26 24 33 38 23 25 14 33 28 14 29 37 9 24 33 37 28 19 28 38 34 26 28 27 26 19 26 33 16 8 30 28 23 16 5 14 10 9 6 33 16 32 30 32 29 12 12 33 31 28 13 26 38 17 31 33 16 25 8 28 15 30 28 21 12 23 19 31 33 27 15 13 13 30 26 21 31 39 26 16 14 31 29 19 28 32 21 36 16 10 20 20 19 32 15 34 23 7 28 28 34 22 22 9 19 6 26 32 23 22 19 11 16 14 8 20 33 7 13 32 42 13 25 30 13 20 25 30 9 27 37 18 20 26 20 34 29 24
50 37 48 39 10 15 26 18 20 38 28 41 30 31 34 25 27 44 17 9 33 22 8 12 10 19 21 30 16 27 41 31 28 39 42 26 33 36 16 14 42 22 21 29 40 32 39 47 33 42 17 35 32 21 24 17 24 30 24 25 22 21 32 12 37 28 31 22 27 24 17 34 25 22 8 36 37 6 43 30 31 24 32 34 27 12 35 24 23 24 28 24 44 42 20 10 19 30 22 41 24 21 21 27 22 6 35 34 22 28 25 25 31 28 23 10 39 16 25 26 41 37 29 30 32 23 3 18 2 21 38 9 28 36 11 0 2 24 10 30 21 27 22 18 22 37 10 14 18 14 38 26 28 25 15 36 12 22 28 12 9 37 29 10 30 10 23 23 25 14 31 38 28 14 24 11 25 20 17 11 44 9 40 35 17 4 22 31 17 27 33 31 9 29 18 18 28 28 18 20 28 27 5 25 20 29 36 33 42 26 7 19 31 45 27 42 16 27 30 8 22 22 25 42 3 23 30 18 41 30 11 25 37 30 30 26 39 27 19 35 43 37 30 4 45 28 20 35 37 24 22 16 19 12 38 18 29 29 40 21 23 23 32 13 26 27 21 23 41 25 28 23 37 35 31 18 24 20 19 22 34 49 40 34 21 33 15 35 24 39 20 13 20 21 25 26 32 26 32 15 14 23 9 7 27 35 21 33 17 25 26 21 3 38 28 16 16 18 18 6 19 32 12 17 33 19 23 29 34 25 44 28 35 22 16 12 28 38 31 14 15 23 8 22 19 17 24 29 33 23 19 27 19 19 27 27 22 19 29 34 21 19 35 26 28 18 13 18 18 22 37 27 24 33 22 18 29 41 29 34 28 18 6 48 25 18 27 25 23 32 20 29 21 45 27 27 31 37 38 44 4 33 20 26 38 37 25 16 29 24 34 21 14 10 41 31 10 19 46 19 33 39 44 18 10 19 31 41 32 35 35 32 27 27 28 20 18 31 38 30 25 6 19 19 19 14 38 16 23 30 36 19 21 11 25 21 38 11 26 35 9 29 25 21 29 15 21 20 32 19 11 15 25 29 39 41 36 25 22 5 21 16 26 35 48 30 25 14 22 26 28 27 29 22 32 26 5 26 31 11 25 13 28 21 16 35 23 28 20 14 13 24 16 34 31 29 17 29 20 7 17 18 21 38 18 23 28 37 20 26 27 17 10 25 33 19 17 33 27 23 23 27 29 37 34
51 35 49 39 10 16 27 18 21 39 26 41 31 32 34 26 27 45 15 8 34 22 7 13 10 19 21 28 16 26 43 32 29 41 43 27 34 36 15 14 43 22 19 30 40 33 40 48 33 42 16 36 32 19 25 18 25 31 22 24 21 20 32 13 37 28 32 23 28 22 19 34 25 22 9 38 38 4 44 29 32 24 33 35 27 12 35 25 24 24 27 25 44 42 19 10 18 29 20 42 24 22 22 28 23 6 36 35 23 29 27 25 32 28 22 8 41 15 25 27 43 38 30 28 32 23 3 17 4 22 39 9 27 36 12 2 0 22 9 31 21 26 23 17 21 38 9 14 19 13 39 26 29 27 14 37 12 21 27 10 8 38 30 9 30 10 24 23 25 15 32 39 29 15 24 9 24 19 18 13 46 8 42 36 16 3 22 32 17 28 34 31 8 29 18 17 30 29 20 21 29 27 5 25 21 30 37 34 44 25 7 18 32 46 28 42 15 27 28 7 20 23 25 44 3 25 30 18 41 30 12 26 37 28 30 27 39 28 21 35 44 37 31 4 46 29 20 36 37 23 24 15 19 12 39 20 28 30 41 21 22 22 32 12 26 28 21 24 43 24 29 23 37 36 31 17 23 22 20 21 36 50 42 35 20 34 14 35 25 39 19 13 20 20 26 27 33 27 33 17 14 22 10 9 25 37 20 34 16 26 27 21 3 40 30 16 17 19 17 6 18 32 12 18 33 20 23 27 34 26 45 27 36 20 16 14 29 38 32 15 15 25 9 23 18 16 24 30 31 22 20 28 19 20 28 25 23 20 29 35 21 18 36 27 28 20 14 19 19 23 39 28 25 35 23 19 30 42 30 35 29 17 7 49 27 19 27 25 21 32 19 28 22 46 29 26 31 37 39 45 2 33 21 27 39 37 24 15 31 23 34 20 13 10 41 32 9 18 48 20 35 40 44 17 8 19 30 41 34 35 35 34 28 28 27 20 19 31 40 30 27 7 19 21 19 15 38 15 21 30 36 18 22 11 23 20 39 12 28 35 8 29 24 22 31 17 21 20 33 18 10 16 26 30 40 42 38 26 23 5 20 15 27 35 50 32 26 15 20 27 29 28 28 21 33 27 5 28 32 11 25 13 28 22 17 36 22 29 19 13 15 24 17 35 32 30 18 30 21 5 18 19 21 39 19 24 29 38 22 27 27 17 9 25 33 20 16 34 28 25 22 29 30 39 35
73 17 60 45 22 31 48 22 30 60 23 57 46 53 44 46 32 67 7 15 54 34 17 32 16 26 35 11 29 12 64 52 50 62 58 46 56 48 8 29 65 30 9 50 52 54 58 70 39 53 8 44 38 12 42 38 47 44 4 29 18 12 38 32 54 40 53 37 48 4 36 47 37 29 29 59 60 19 66 14 44 41 54 57 36 24 44 43 41 32 34 44 55 56 13 23 9 19 13 58 29 41 36 46 43 27 56 55 44 42 46 30 54 37 19 14 62 18 43 44 64 59 51 17 42 37 23 12 25 44 61 24 14 45 33 24 22 0 14 48 33 22 44 27 2 49 14 32 34 22 61 42 48 48 23 49 26 9 26 12 16 59 50 14 43 26 45 37 38 37 47 60 43 35 31 15 15 21 40 33 67 18 63 57 18 20 38 43 35 49 53 37 15 34 27 24 51 51 41 41 43 43 25 27 36 44 54 46 65 8 27 17 48 68 44 54 10 45 13 16 8 43 28 65 23 45 37 28 54 45 34 48 46 15 46 35 53 48 40 51 65 51 50 24 59 49 26 55 46 20 45 8 20 33 57 41 31 35 55 21 1 25 50 16 30 48 38 36 64 19 44 29 46 42 45 12 19 43 41 29 57 72 63 50 9 45 10 43 43 57 6 31 33 6 43 45 54 45 54 37 35 29 28 30 8 58 29 55 10 45 47 34 25 60 51 14 33 41 26 23 27 48 29 40 44 42 35 8 40 47 66 7 58 5 21 34 42 56 53 36 31 46 31 41 20 28 34 46 13 21 42 48 30 37 42 9 45 37 37 56 35 10 55 49 35 40 33 37 34 45 60 47 47 56 42 40 52 64 43 56 48 16 25 71 43 35 42 42 1 42 7 28 36 57 50 35 40 48 53 57 21 48 43 47 60 49 2 11 51 7 43 25 10 29 56 51 22 18 69 41 56 52 58 18 15 22 15 53 54 49 51 54 46 44 21 34 41 36 61 45 48 29 35 41 39 37 49 27 3 33 45 17 44 26 6 18 58 31 44 45 17 31 26 43 50 39 28 35 50 16 14 32 44 52 57 63 57 45 42 21 20 15 47 46 71 51 44 34 3 41 51 42 26 31 43 49 23 49 52 25 32 25 35 37 39 57 18 36 24 14 36 39 39 57 46 51 31 51 40 17 39 41 32 51 39 45 39 45 43 44 40 33 15 32 42 42 11 43 46 45 23 50 39 60 53
59 27 51 41 14 22 35 18 24 47 21 46 37 41 35 33 29 54 7 2 41 27 5 19 8 21 24 20 21 18 51 40 36 49 47 35 42 39 7 17 51 25 11 37 43 42 45 57 36 44 8 39 35 12 32 25 34 36 14 22 15 14 31 20 42 30 40 29 34 15 25 37 26 24 17 46 47 7 52 21 37 31 41 44 31 16 36 31 31 27 27 31 46 45 12 13 9 22 16 46 25 30 28 34 30 14 42 43 31 34 33 23 41 32 16 1 48 10 31 32 51 45 38 21 33 26 10 12 12 31 47 12 19 37 20 10 9 14 0 38 22 20 30 17 13 39 3 20 22 12 48 30 37 35 13 39 14 13 22 2 6 47 36 2 33 16 33 26 27 24 38 46 35 23 26 7 17 15 26 20 54 9 50 44 15 7 26 37 24 36 42 33 4 30 21 15 38 38 28 29 35 34 13 25 27 36 42 36 52 16 15 12 38 55 32 45 6 33 20 3 12 31 25 52 10 33 30 21 44 34 20 34 38 20 37 30 43 36 29 39 52 40 39 10 49 37 22 42 38 17 31 6 14 19 45 28 25 31 44 20 13 19 38 6 27 36 28 29 51 18 35 25 37 38 34 10 17 30 29 20 44 59 50 39 12 39 8 35 32 45 12 19 22 11 33 32 41 35 40 24 21 21 16 17 17 44 20 41 10 34 34 23 11 47 38 12 23 28 16 12 18 39 16 27 35 29 25 19 33 34 54 18 44 12 16 21 31 44 40 23 19 32 18 29 17 17 28 34 23 20 29 35 23 27 34 17 32 25 32 43 26 12 44 36 31 28 20 26 25 31 47 34 33 43 31 27 38 51 35 44 35 11 13 58 33 25 30 30 13 36 10 24 28 48 37 26 34 39 42 47 8 37 29 35 47 39 16 9 39 14 38 18 7 18 45 40 10 16 56 28 43 42 48 15 1 19 22 44 42 38 39 42 33 34 21 23 27 29 48 33 35 15 23 27 26 23 40 17 13 28 37 15 30 14 15 18 45 19 34 39 5 26 24 31 39 25 23 23 40 15 5 20 33 39 45 51 44 32 29 8 19 12 35 37 58 39 32 22 12 33 38 34 23 22 37 35 10 36 39 15 27 13 30 28 25 45 16 31 17 6 23 27 25 44 38 39 22 37 27 4 27 27 22 41 26 32 33 41 30 34 33 21 6 24 34 28 10 37 34 33 18 37 33 47 41
35 64 68 27 26 18 32 29 21 34 57 55 6 13 58 35 27 33 43 37 38 17 33 34 33 25 44 57 20 56 29 11 34 22 58 5 32 57 41 40 35 23 49 36 60 13 50 34 24 62 41 23 24 49 7 31 19 11 50 53 51 40 59 19 51 51 14 13 36 47 13 55 48 25 23 25 26 32 36 58 13 8 33 27 21 25 59 39 8 22 54 38 64 59 49 26 47 59 40 55 27 9 14 42 32 31 41 12 28 12 36 53 19 20 52 37 38 45 42 43 33 40 29 58 55 46 29 38 28 26 30 37 57 60 28 30 31 48 38 0 46 56 32 46 47 59 37 36 42 43 24 45 5 20 44 56 40 50 57 39 34 21 37 37 52 23 15 45 48 20 7 38 9 17 24 34 54 49 24 30 29 31 28 33 33 33 44 14 14 32 6 25 36 26 23 46 30 19 17 12 11 6 26 30 13 10 50 54 26 53 24 48 4 29 46 61 44 43 58 37 50 10 29 33 32 12 56 22 60 48 25 28 61 58 5 21 57 9 12 52 35 56 5 33 63 9 27 44 59 53 29 43 49 31 47 25 57 26 58 32 48 51 46 42 26 7 11 16 36 54 8 26 60 26 51 47 53 16 14 49 22 34 25 50 49 16 39 59 6 51 44 36 45 48 6 42 35 5 34 32 32 51 22 27 54 35 48 35 39 8 35 46 31 40 25 36 16 23 46 27 47 6 37 25 55 20 48 55 59 32 27 54 28 48 29 31 50 50 27 28 39 30 27 39 32 44 19 47 60 34 16 35 20 12 11 54 20 40 22 38 15 40 11 20 24 14 34 13 15 23 24 39 30 23 9 18 24 28 12 20 40 47 25 33 6 14 47 43 48 19 48 57 13 65 20 52 20 59 56 63 33 51 29 8 38 58 49 38 11 51 20 49 39 21 57 5 39 34 34 27 27 59 61 33 38 30 59 60 15 54 51 14 43 5 57 44 26 57 37 49 24 28 42 33 34 24 60 43 48 58 59 35 23 39 52 35 44 20 5 19 38 58 31 13 7 22 25 43 2 35 35 39 5 28 53 24 44 38 37 35 32 34 9 58 34 7 39 17 46 11 23 9 58 48 17 27 34 14 38 24 24 42 23 12 23 18 52 23 48 43 20 46 28 21 9 15 18 34 37 35 15 28 47 59 30 31 17 25 19 5 13 41 34 52 58 26 38 19 40 10 52 17 19 25 44
54 38 29 59 31 35 25 38 41 38 18 26 48 43 14 21 48 47 27 22 28 42 25 13 29 39 5 32 36 28 46 44 25 47 26 42 33 17 29 8 42 42 25 25 21 44 27 51 53 22 30 56 53 23 41 18 33 50 30 9 17 36 13 30 22 8 42 42 22 35 36 15 5 43 26 41 42 24 44 29 51 42 31 38 48 32 15 15 40 45 8 17 24 24 22 30 25 26 38 26 44 38 41 17 20 17 28 46 25 48 20 9 39 49 18 23 37 16 13 14 44 32 30 27 11 5 23 34 23 25 40 13 27 15 19 21 21 33 22 46 0 19 21 6 33 17 24 11 6 11 45 10 43 33 11 17 10 26 16 24 26 45 23 24 11 30 34 6 5 27 49 34 47 31 44 28 24 13 25 17 50 28 45 34 36 20 7 51 35 26 48 52 25 49 39 10 30 36 31 35 48 45 25 45 39 48 22 14 49 30 27 17 48 51 12 23 24 15 30 21 27 37 45 44 19 37 10 38 22 14 22 27 17 28 48 47 21 41 35 19 44 19 45 18 27 42 41 26 16 17 24 26 14 16 27 25 13 50 23 40 33 11 19 18 46 42 39 44 41 19 46 44 16 56 13 21 18 33 33 5 41 53 47 19 26 53 30 14 41 25 33 11 1 28 42 15 30 42 30 17 15 8 29 21 31 34 5 30 32 40 22 2 19 34 32 34 35 26 7 27 7 50 10 24 13 29 3 34 13 24 50 34 38 29 36 17 10 25 34 19 8 24 20 13 38 6 44 14 35 42 32 23 39 37 47 30 31 9 50 30 41 34 48 34 49 33 13 36 38 28 44 19 25 39 38 30 34 46 49 42 20 18 26 53 44 37 10 11 32 52 27 15 41 26 35 7 51 17 21 25 20 15 22 41 35 17 35 31 42 29 54 10 29 29 24 46 14 37 50 23 37 20 26 37 22 39 30 22 43 17 19 44 16 44 21 4 24 12 37 13 31 20 6 18 16 24 18 6 31 13 15 37 28 10 30 39 30 29 44 55 18 14 45 35 44 26 42 5 48 36 27 8 41 31 25 49 29 18 16 18 40 33 40 15 52 45 17 32 32 46 34 46 17 3 52 29 17 38 25 32 46 9 48 40 24 44 19 49 10 20 27 7 21 41 50 40 37 26 14 21 32 22 2 19 19 22 49 58 31 43 47 6 27 7 13 24 32 53 18 38 13 37 50 43 24
70 21 41 61 33 41 42 37 44 55 2 43 55 56 26 38 48 63 20 21 46 46 25 26 28 40 23 17 40 13 62 56 42 62 41 52 50 31 23 20 59 44 13 42 35 56 45 67 55 34 24 59 54 11 50 33 47 56 19 11 6 30 18 38 39 24 55 48 39 25 44 30 22 44 34 57 58 26 61 12 56 50 48 54 50 35 25 33 49 46 16 34 37 39 10 33 15 8 32 42 45 47 47 35 37 26 46 58 40 54 38 12 54 51 5 21 55 11 31 32 60 50 47 10 24 22 27 29 29 40 57 19 11 26 31 27 26 22 20 56 19 0 38 14 23 31 22 25 22 14 60 28 53 47 13 32 18 13 5 21 25 60 41 21 26 35 47 24 23 38 56 52 54 40 46 27 8 8 38 30 66 28 61 51 34 23 25 56 43 43 59 53 23 50 41 11 46 51 43 45 54 53 31 44 46 55 40 29 64 16 33 9 57 67 30 37 17 33 14 21 15 47 44 61 25 48 19 41 37 31 33 44 27 11 56 49 36 52 45 35 61 34 55 24 41 53 41 44 27 3 40 19 8 29 45 39 11 51 38 39 23 8 37 15 47 53 47 48 59 3 54 44 27 58 29 12 4 45 44 14 56 70 62 36 14 58 25 24 50 43 25 24 19 17 51 34 47 52 47 32 30 12 34 31 17 51 14 48 27 51 39 20 26 52 48 30 42 39 13 31 13 58 22 38 27 42 20 19 21 41 66 20 54 18 36 30 26 42 50 33 22 40 31 31 36 16 48 32 19 39 44 40 42 45 53 15 44 27 52 48 46 28 60 48 50 44 27 44 44 43 59 37 41 55 48 42 49 62 55 56 38 10 31 69 52 43 27 29 21 56 16 7 47 39 50 17 54 30 36 39 24 32 38 52 53 31 24 27 54 16 57 9 24 36 39 57 18 34 66 38 53 35 41 34 20 38 13 36 56 33 36 57 34 53 3 22 38 17 54 30 46 29 23 34 33 36 31 17 20 13 26 34 42 19 17 35 48 37 53 59 19 10 43 46 55 38 43 23 58 33 25 23 51 48 42 64 47 35 33 22 38 30 51 28 69 56 35 40 22 52 49 53 5 16 57 45 23 50 43 35 47 16 50 47 38 58 5 51 10 15 38 25 35 56 57 53 42 44 31 22 42 37 17 33 34 39 52 60 44 52 52 22 25 14 22 39 27 57 36 49 6 51 53 59 42
33 54 37 52 30 29 5 38 36 18 38 24 35 24 29 4 44 26 37 29 12 34 29 13 32 37 17 47 31 44 25 25 7 27 27 27 13 26 37 18 22 38 38 7 29 25 20 30 47 32 38 48 46 37 28 6 14 39 43 30 34 42 32 22 20 23 23 32 6 44 26 24 21 39 20 21 21 27 24 46 40 30 11 17 41 30 30 9 28 39 29 7 33 28 36 29 37 44 43 25 41 25 32 11 1 17 14 27 5 37 5 29 19 42 35 30 19 30 12 13 23 16 10 44 26 19 24 39 22 6 20 21 44 31 12 22 23 44 30 32 21 38 0 24 43 28 31 13 16 25 24 16 27 14 25 26 20 40 36 32 30 25 8 31 23 27 17 17 20 14 36 17 35 21 40 32 40 30 9 11 29 30 25 15 38 24 16 41 26 6 31 46 30 45 35 27 9 17 15 21 37 32 23 44 30 37 19 24 28 44 23 32 34 31 16 30 35 12 46 28 40 23 43 24 21 20 29 34 29 17 13 7 32 45 35 41 26 24 22 21 24 25 29 20 32 25 39 14 30 35 3 36 31 11 18 8 33 45 27 41 43 31 15 30 43 26 28 35 22 37 34 40 31 49 21 35 36 16 18 26 21 33 26 19 39 43 36 30 27 20 41 14 20 40 29 11 11 28 11 7 9 28 24 15 45 15 25 12 38 24 5 20 20 17 12 38 27 9 25 26 25 36 16 8 26 12 21 48 32 4 30 47 17 41 36 10 21 20 13 8 16 4 14 9 39 22 38 16 50 43 16 6 34 25 36 45 13 12 43 13 33 40 29 15 43 19 12 25 30 9 23 8 4 19 25 15 14 26 38 22 9 33 24 32 31 27 18 14 43 44 39 36 32 34 16 26 43 29 25 32 23 21 3 25 17 27 45 37 24 42 46 29 35 23 26 29 23 40 29 5 16 28 30 39 29 39 47 29 24 23 20 25 12 31 40 18 7 31 18 19 10 17 16 4 5 11 29 21 42 33 30 39 9 20 43 42 17 22 32 45 27 35 43 19 27 11 38 17 33 40 32 15 28 11 22 28 16 7 6 23 41 37 23 28 32 28 8 22 42 35 14 34 37 24 43 9 21 19 10 29 41 22 43 30 10 24 36 43 28 31 15 18 7 21 37 21 31 8 8 27 19 5 22 28 5 2 40 50 14 29 37 16 31 27 30 6 38 45 9 22 32 18 42 23 14
57 32 34 56 27 33 28 34 38 42 14 32 46 43 19 25 44 50 21 17 33 39 20 13 24 35 10 26 33 23 49 44 29 49 32 42 37 22 23 7 46 39 19 29 26 44 33 54 50 27 24 53 49 17 40 20 34 48 24 8 12 31 15 28 28 14 43 39 26 29 34 21 11 39 24 44 44 20 47 24 48 40 34 40 44 29 19 20 39 41 10 21 30 30 16 27 19 20 32 32 40 37 39 22 23 16 33 46 27 46 25 8 41 45 12 18 42 10 18 19 47 37 34 22 16 11 20 28 20 27 44 9 22 20 19 18 17 27 17 46 6 14 24 0 27 23 19 12 9 5 47 16 43 35 5 23 7 20 13 19 21 47 28 19 17 27 35 12 11 27 47 39 45 30 41 23 18 7 25 17 52 23 48 38 31 16 12 49 33 30 48 48 20 45 35 4 33 38 31 34 45 43 22 41 37 46 28 20 51 24 24 11 47 54 18 28 18 20 24 16 21 36 41 48 16 37 13 35 28 20 22 30 21 23 46 44 27 41 35 25 47 25 45 14 33 42 37 31 21 12 27 20 8 16 33 26 12 46 29 36 27 7 25 12 43 42 37 41 45 14 45 40 21 53 19 15 13 33 33 4 43 56 49 25 20 51 24 18 40 31 27 11 7 22 41 21 34 42 34 18 17 6 26 20 25 38 3 34 26 40 26 8 16 39 35 29 33 27 1 23 1 48 10 25 19 29 9 28 17 28 53 28 41 23 32 17 16 30 37 20 9 27 19 18 33 3 41 20 29 37 32 27 36 35 44 24 32 13 46 35 38 28 48 36 45 33 13 34 36 30 46 24 28 42 38 30 36 49 47 44 24 12 23 56 42 35 16 17 26 49 21 13 38 32 37 10 48 22 27 31 16 21 25 41 39 23 29 26 42 23 51 5 23 27 30 46 9 33 53 25 40 26 32 32 16 34 24 27 44 23 25 45 22 43 16 9 25 14 41 19 33 19 10 20 19 24 23 4 25 13 20 32 29 8 24 34 35 27 43 52 13 12 40 35 44 26 38 9 48 31 22 9 41 34 31 51 34 22 20 14 35 28 40 20 55 45 21 30 26 44 36 44 13 5 50 32 13 38 30 28 42 5 45 38 25 46 13 45 5 14 27 13 22 43 48 41 35 30 17 16 31 24 6 25 21 25 46 55 31 42 44 9 22 8 17 26 27 51 23 38 8 38 47 46 29
71 19 60 43 21 29 47 20 28 60 25 58 44 51 45 45 30 66 7 14 54 32 15 31 15 24 36 13 27 13 63 51 49 61 58 44 55 49 7 29 64 28 10 50 53 52 58 69 37 54 6 42 36 13 40 37 45 42 6 30 19 10 39 30 54 40 51 35 47 3 34 47 37 27 28 58 59 18 65 16 42 39 53 56 34 22 45 43 39 30 35 43 56 56 14 21 9 20 11 58 27 39 34 46 43 26 55 54 43 40 46 31 52 35 20 13 61 18 43 44 63 58 51 18 42 37 21 10 24 43 60 24 16 45 32 22 21 2 13 47 33 23 43 27 0 49 13 32 33 23 60 42 46 47 23 50 26 10 27 11 15 58 49 13 43 24 44 38 38 35 45 59 41 33 29 14 16 22 39 32 66 17 62 56 16 19 38 41 33 49 51 35 14 32 25 24 50 50 40 39 41 42 24 25 34 42 54 46 64 10 25 18 46 67 44 55 10 45 15 15 9 41 26 64 22 44 38 26 55 46 33 47 47 17 44 33 53 47 39 51 65 51 48 23 59 47 24 54 47 21 44 8 21 32 57 40 32 33 55 19 1 26 50 16 28 46 36 34 63 20 42 27 46 40 45 13 20 42 39 30 56 70 62 51 10 43 8 44 42 57 4 31 33 7 41 45 54 44 53 36 34 29 26 29 10 57 29 54 8 44 46 34 24 60 50 12 31 40 26 22 27 46 29 39 45 41 35 10 41 46 65 9 57 6 19 33 42 56 52 35 31 45 30 41 18 28 32 46 15 19 40 47 28 36 40 11 44 37 35 55 33 8 54 48 33 39 32 35 32 44 59 46 46 55 40 39 50 63 41 55 47 17 24 70 41 33 42 42 3 40 8 29 35 58 49 35 38 49 53 57 20 48 42 45 59 49 3 9 49 9 41 25 9 27 56 49 22 16 68 40 55 53 58 16 14 20 17 54 53 49 51 53 46 43 22 35 40 37 60 45 47 28 34 40 39 35 50 28 4 34 46 15 43 26 8 16 58 29 42 43 17 32 24 42 48 37 26 35 48 14 13 32 42 51 57 62 57 44 41 20 18 13 45 46 70 49 44 32 1 39 50 40 28 31 41 48 23 47 51 23 30 25 33 35 38 56 19 34 25 14 35 39 38 55 44 50 29 50 39 17 37 40 32 51 39 44 37 43 42 43 38 33 14 32 42 41 9 41 46 43 24 49 37 59 53
56 51 12 75 47 51 30 55 57 40 30 15 61 52 6 26 64 49 44 39 29 57 42 27 45 56 17 47 52 43 50 53 29 54 13 54 37 2 46 24 43 58 40 27 5 53 20 53 69 5 47 71 68 38 54 28 42 64 46 21 32 53 14 45 14 10 51 56 26 51 50 5 14 59 41 46 47 41 45 43 65 56 34 42 63 49 6 20 54 61 15 22 7 9 37 47 41 38 55 15 61 51 56 19 27 33 27 55 33 62 25 20 47 64 32 40 38 32 17 16 46 32 36 40 8 15 40 51 39 34 44 29 41 6 32 37 38 49 39 59 17 31 28 23 49 0 41 25 20 28 51 14 54 41 27 4 27 41 27 41 43 52 25 41 8 46 45 15 13 39 62 34 61 45 61 45 38 28 35 30 54 44 50 37 53 37 16 66 50 31 59 68 42 66 55 25 35 44 42 47 62 58 41 62 54 62 16 5 54 45 42 32 61 56 13 7 40 17 44 38 42 49 62 46 35 48 13 54 7 12 35 34 6 42 61 63 7 51 48 10 45 6 56 34 10 52 57 23 4 31 31 43 29 29 22 35 21 66 9 57 49 25 17 35 63 53 53 59 42 32 60 60 5 72 8 37 32 44 45 20 48 56 52 12 41 68 47 8 53 18 49 25 18 43 55 18 32 55 33 28 28 21 44 35 46 36 20 33 49 52 27 17 35 34 39 51 50 36 24 43 23 63 26 34 5 39 15 49 11 30 56 49 43 44 53 29 10 17 40 31 23 31 35 20 55 23 60 13 49 58 43 27 55 50 61 45 40 20 66 31 56 51 57 42 65 45 26 50 53 37 50 22 31 46 51 41 41 51 63 49 22 33 42 56 57 51 12 16 48 67 42 25 55 9 43 15 66 2 8 9 36 8 31 52 35 1 51 48 51 44 69 25 46 44 10 57 31 54 52 32 41 5 11 53 39 56 43 6 51 7 11 53 18 57 33 18 34 15 37 10 38 35 19 26 26 36 1 23 47 19 5 54 37 27 45 56 27 44 58 70 35 22 61 46 55 37 58 18 61 53 44 22 54 37 15 55 26 22 23 34 57 50 51 3 54 56 21 46 48 60 41 60 27 19 68 36 33 47 27 48 62 26 64 54 36 52 33 65 25 37 40 14 31 48 63 49 53 29 22 38 45 32 18 3 29 29 64 73 41 56 61 21 44 18 9 33 49 69 21 49 27 46 65 48 21
59 28 52 39 11 20 35 16 22 47 24 47 35 40 37 33 26 53 8 3 41 25 4 20 6 19 26 21 18 19 50 39 37 49 48 34 42 40 7 18 51 22 13 37 44 40 47 56 33 46 8 37 32 14 30 25 33 35 15 25 17 13 33 19 43 32 40 27 35 14 24 39 28 22 16 45 46 5 52 22 35 29 41 43 28 13 38 31 29 25 29 32 48 47 13 12 11 24 14 47 23 28 26 35 30 14 43 42 31 33 34 25 40 29 18 2 49 12 32 33 51 46 38 23 35 27 9 10 11 30 47 13 21 39 20 10 9 14 3 37 24 22 31 19 13 41 0 21 23 14 47 31 35 35 15 41 15 14 25 3 3 46 37 1 35 14 32 28 29 23 36 47 33 22 24 5 19 17 26 20 54 6 50 44 13 7 27 35 23 36 40 31 1 28 19 17 38 37 27 28 33 32 12 23 25 34 43 38 51 17 14 14 37 54 33 46 8 34 22 4 13 30 23 52 10 32 32 19 46 35 20 35 40 22 35 27 44 35 27 41 52 42 37 11 50 36 19 43 40 19 32 7 17 20 46 28 28 29 46 18 14 21 39 9 25 35 26 27 51 20 33 22 39 36 36 11 19 29 28 23 44 58 49 40 13 37 6 37 31 46 11 20 24 12 31 34 41 33 41 24 22 23 15 17 18 45 22 42 9 33 34 25 11 47 38 10 21 27 18 10 20 37 18 26 37 28 26 20 35 34 53 19 44 13 14 21 33 45 40 23 20 32 17 30 15 19 26 35 24 18 28 35 21 25 32 18 31 26 30 43 25 11 43 35 28 27 21 24 23 31 47 35 33 43 30 27 38 50 34 43 36 13 12 57 32 23 32 31 13 34 12 26 26 50 37 28 32 41 44 49 8 38 29 34 47 41 16 8 38 15 35 20 5 16 46 39 11 14 56 28 43 44 49 13 3 16 23 45 41 40 41 41 35 33 23 25 27 32 48 35 35 15 24 28 27 23 42 18 13 30 39 13 30 15 16 15 46 18 33 37 6 28 22 30 37 25 21 25 38 13 3 21 32 39 46 50 45 33 30 8 17 10 34 39 58 38 33 21 12 31 37 32 26 24 35 35 11 35 39 14 25 15 28 26 25 44 18 29 19 8 22 29 25 43 36 38 21 38 28 4 25 27 24 43 26 32 31 38 30 32 30 22 4 26 35 28 9 35 35 32 20 37 31 47 42
46 42 35 51 24 27 18 32 33 31 25 27 38 33 22 14 40 39 26 18 23 33 20 3 23 32 9 35 28 32 37 34 19 38 29 32 26 23 27 5 35 35 26 19 27 34 27 43 45 29 28 47 44 25 31 9 23 40 31 18 22 33 23 21 23 16 32 32 16 34 26 21 13 35 17 33 33 18 37 33 41 32 24 29 39 25 23 12 31 37 19 12 31 28 24 23 25 31 34 28 37 28 32 14 13 9 24 36 16 39 15 18 30 40 22 19 31 17 12 13 36 27 23 32 20 11 16 30 15 16 33 9 31 24 9 14 14 32 20 36 11 25 13 12 32 25 21 0 6 12 36 12 33 24 13 23 8 27 24 22 21 36 18 20 18 23 25 10 12 17 39 29 37 22 37 23 28 18 15 7 41 22 37 27 30 15 9 42 26 19 38 44 21 42 31 14 22 27 21 25 38 35 17 39 30 39 23 20 40 32 18 20 38 43 14 28 23 14 34 17 28 27 38 37 12 27 20 30 28 16 12 19 26 33 38 39 26 31 25 22 37 24 35 11 32 32 34 23 24 23 15 25 18 6 26 15 22 42 27 35 32 18 19 18 39 32 30 35 34 25 37 36 25 48 18 23 23 22 23 14 32 45 38 21 27 44 27 23 31 26 31 1 10 28 32 14 24 32 23 7 6 16 20 11 33 28 13 24 29 30 16 10 12 29 24 29 26 16 12 19 13 40 4 14 20 19 12 35 23 17 42 35 30 29 30 6 15 25 26 10 4 16 11 9 32 9 36 16 38 36 22 17 31 27 37 32 21 6 42 25 32 31 38 25 41 23 2 26 29 19 35 15 17 30 28 20 25 38 39 32 16 20 18 45 34 27 13 11 31 43 27 24 32 32 26 17 42 25 25 31 14 19 14 31 29 24 34 28 32 30 45 17 26 20 27 36 11 32 42 13 29 26 31 31 19 33 34 28 33 21 21 34 15 34 27 8 14 22 30 16 22 11 6 10 8 14 25 9 31 23 24 32 18 7 31 34 26 20 35 46 16 23 38 25 34 15 34 7 38 32 23 3 32 23 26 39 25 13 10 13 34 28 30 23 44 35 13 22 31 36 25 36 25 13 44 21 11 28 20 24 38 10 40 31 15 35 23 41 16 19 17 11 11 32 40 30 29 20 8 17 22 13 11 25 10 15 40 49 21 33 37 5 22 17 22 14 29 45 15 28 19 27 41 34 22
49 41 30 56 28 32 20 36 38 33 22 25 44 38 17 16 45 42 28 21 24 38 23 8 27 37 3 35 33 31 41 38 20 42 25 37 29 18 29 6 38 39 26 20 22 39 25 46 50 24 30 53 49 25 37 13 28 46 32 14 20 36 18 26 21 10 37 38 17 36 32 16 7 40 22 36 37 22 39 32 47 38 26 33 44 30 18 11 36 42 14 13 26 24 24 28 26 29 37 25 42 33 37 13 15 14 24 41 19 44 16 13 34 45 21 22 33 17 10 11 39 28 26 30 14 5 20 33 20 20 35 11 30 19 14 18 19 34 22 42 6 22 16 9 33 20 23 6 0 12 40 9 38 28 12 19 9 27 20 24 24 40 19 23 13 27 30 5 7 22 45 30 43 27 42 26 26 16 19 12 45 26 40 30 34 18 5 47 31 21 43 49 24 47 36 12 25 31 26 30 43 40 22 43 35 44 21 15 44 32 23 19 44 46 11 24 25 12 33 20 28 32 43 39 16 32 15 35 23 13 17 22 20 31 43 44 22 36 31 18 39 19 40 15 28 37 38 22 19 20 19 27 17 11 25 20 18 47 23 39 34 15 17 19 44 37 35 40 37 23 42 41 19 53 13 23 21 28 28 10 36 48 42 18 27 49 29 18 36 24 33 6 5 29 37 12 25 38 25 12 11 12 25 17 33 30 9 26 31 35 18 4 16 30 27 32 32 21 10 24 10 45 7 19 15 23 7 36 18 19 45 35 33 30 34 12 10 23 29 15 4 19 16 9 36 7 41 13 37 40 27 18 36 32 43 32 26 5 47 26 37 33 42 29 46 28 8 31 34 23 39 15 20 34 34 25 29 41 45 37 16 19 23 48 39 33 9 9 33 49 28 20 37 28 30 11 48 20 21 27 17 15 17 36 31 19 36 31 36 30 50 14 28 25 24 41 13 36 45 18 32 22 26 35 21 37 33 23 38 17 18 39 13 40 25 3 19 16 32 12 25 16 1 13 11 19 20 7 32 18 19 35 23 9 31 38 26 25 40 51 18 19 42 30 39 21 39 2 44 35 26 3 37 26 24 44 25 13 11 16 38 32 35 18 47 40 13 27 32 42 29 42 21 8 49 24 14 33 21 29 43 10 45 36 20 39 22 46 13 21 22 6 16 36 45 35 34 22 9 19 27 17 7 20 14 17 45 55 25 38 43 2 25 12 17 19 32 50 14 33 17 32 46 38 21
57 30 39 51 22 29 29 29 33 42 15 35 43 42 24 26 39 50 17 12 34 35 15 13 19 31 13 24 29 20 48 42 30 48 36 39 37 27 19 7 47 34 15 30 31 43 36 54 45 32 19 48 44 13 37 20 33 44 21 12 10 26 20 25 32 19 41 35 27 25 31 25 15 34 21 44 44 15 48 22 44 37 35 40 40 24 24 22 36 36 15 23 35 34 13 22 15 20 27 36 35 34 35 25 24 13 35 44 27 42 26 12 40 41 11 13 43 6 21 22 47 39 34 20 21 15 15 23 16 27 44 6 20 25 17 14 13 22 12 43 11 14 25 5 23 28 14 12 12 0 46 20 40 34 1 28 5 16 15 14 16 46 29 14 21 23 33 15 16 24 44 40 41 26 36 18 16 7 24 16 52 18 48 39 26 12 16 44 30 30 45 43 15 41 31 5 33 37 29 32 41 40 18 36 33 42 32 25 50 21 20 8 44 53 22 33 14 23 22 11 17 34 36 48 12 34 18 30 33 23 19 30 26 21 43 39 31 38 32 29 48 29 42 11 37 39 32 33 26 12 27 16 7 15 36 25 15 42 33 31 23 10 28 8 38 39 34 37 46 14 41 35 26 48 23 12 12 31 30 9 43 56 49 28 16 47 19 23 37 35 22 11 11 18 38 23 35 39 35 18 16 10 22 17 22 39 8 35 22 37 27 12 13 40 35 24 29 26 5 19 6 45 9 24 23 28 13 25 22 28 52 24 41 19 27 16 20 34 37 19 9 27 17 20 28 6 37 24 26 32 30 28 31 32 41 21 30 15 42 36 34 23 46 34 40 30 13 31 32 29 45 26 28 41 35 28 36 49 43 43 26 9 19 55 39 31 20 20 21 45 17 16 34 36 36 15 43 27 31 36 11 26 25 38 41 27 24 21 40 19 47 8 18 23 34 43 5 28 53 24 40 31 36 27 11 29 23 32 42 27 29 43 24 40 16 12 24 18 42 23 32 16 13 21 20 22 28 5 21 17 25 27 28 5 20 29 37 24 40 48 8 16 35 32 41 24 33 13 45 26 17 10 38 34 35 50 36 24 21 9 30 23 37 25 55 42 23 27 22 40 35 40 16 10 45 32 10 37 31 24 37 3 40 34 24 44 12 41 7 10 24 17 21 42 44 39 30 31 19 11 29 23 10 29 21 26 41 50 30 38 40 11 17 13 22 25 22 46 25 35 10 37 42 45 32
13 74 57 50 41 35 22 47 41 14 60 41 30 11 52 26 48 10 54 46 23 37 45 34 46 44 41 67 38 64 6 14 22 4 45 22 15 49 53 41 13 43 58 24 50 12 35 11 46 53 54 46 47 57 26 28 15 35 61 53 56 55 56 31 39 46 11 33 26 60 29 46 45 45 32 5 5 42 14 67 37 29 18 9 43 40 53 32 27 43 52 30 54 47 57 40 56 65 56 42 47 24 34 33 25 35 25 12 21 35 27 53 8 43 57 47 18 51 35 36 10 22 16 66 50 43 39 53 37 20 9 42 65 54 30 38 39 61 48 24 45 60 24 47 60 51 47 36 40 46 0 39 19 13 47 48 42 59 59 49 45 4 26 48 46 37 17 41 43 25 30 20 32 28 44 46 61 52 23 31 7 44 5 15 49 42 40 38 30 21 19 48 47 48 42 49 17 10 20 22 34 28 36 50 32 33 37 47 5 63 35 54 27 8 39 50 54 35 67 46 59 21 49 11 39 18 53 41 49 40 28 18 55 66 29 43 47 17 23 42 12 46 20 39 52 17 46 29 53 57 21 54 53 32 32 22 57 48 46 50 60 54 35 50 47 19 29 37 14 59 31 46 54 49 44 55 58 19 21 49 4 12 3 40 59 39 52 54 24 37 57 36 44 58 26 34 20 23 19 29 31 51 35 32 64 17 48 19 53 20 25 44 37 21 13 51 32 21 47 39 48 29 38 23 49 20 45 66 55 22 6 66 9 59 46 31 44 37 12 27 39 21 31 33 49 45 40 39 70 52 20 25 39 28 33 64 17 36 45 21 35 55 14 13 46 22 34 28 34 18 1 30 21 6 23 21 11 4 35 5 29 54 36 11 28 31 41 37 60 42 58 59 33 54 11 50 42 51 45 52 41 43 23 19 19 50 62 52 14 61 44 52 51 33 45 19 44 51 11 23 10 49 49 50 47 48 68 50 9 45 41 11 34 26 62 41 22 55 17 42 15 33 39 28 29 25 52 44 60 57 53 51 19 41 62 52 27 31 27 42 46 58 50 19 18 23 44 40 24 51 48 39 24 15 40 4 28 30 30 42 50 49 18 51 12 18 31 29 59 34 12 31 60 47 41 16 40 13 25 39 45 44 45 31 23 7 58 45 51 51 25 41 26 5 32 11 36 22 32 44 23 24 46 50 26 23 40 48 18 25 36 39 46 51 53 22 52 43 31 19 55 11 42 3 31
46 48 24 62 35 38 18 43 45 30 28 17 48 39 14 14 52 39 36 29 19 44 31 14 35 44 7 42 40 38 39 40 17 42 17 41 26 12 37 14 34 46 34 17 15 40 17 43 56 18 38 58 56 32 41 15 29 51 40 18 27 44 18 32 12 8 38 43 14 44 37 10 8 47 28 35 35 30 35 39 52 42 23 31 51 37 15 8 40 48 15 10 20 17 31 35 34 35 45 17 49 37 43 8 15 21 19 42 20 49 13 18 35 51 27 30 29 25 5 4 36 23 24 37 12 6 28 41 27 21 33 19 37 16 19 26 26 42 30 45 10 28 16 16 42 14 31 12 9 20 39 0 41 29 20 12 17 35 25 32 32 40 15 31 8 34 32 5 6 26 49 26 47 32 48 34 33 23 22 17 43 33 39 26 42 26 4 53 37 19 45 55 32 53 43 19 23 32 29 34 49 45 29 50 41 49 13 9 42 39 30 26 47 45 2 17 32 5 40 28 36 36 50 36 24 34 15 42 16 5 22 22 17 38 48 50 14 38 34 10 36 12 43 22 20 39 45 16 15 27 19 35 24 16 17 21 21 54 15 46 41 21 9 26 51 40 40 46 33 29 47 48 16 59 6 31 28 30 31 15 36 46 41 10 35 55 37 16 40 16 41 13 10 37 42 6 22 41 22 14 15 17 32 22 40 26 15 22 39 38 15 9 23 25 27 40 37 23 17 31 16 49 14 21 11 26 9 43 17 18 44 43 31 38 41 16 5 15 28 18 12 18 22 7 43 15 47 4 44 48 30 15 42 37 48 40 27 7 53 22 43 41 44 30 52 32 13 36 40 24 38 10 19 34 38 28 29 40 50 37 11 27 30 46 44 38 2 2 41 54 36 25 42 21 31 13 54 14 13 20 25 8 18 39 27 13 44 39 38 38 56 20 36 32 16 44 21 44 42 19 30 15 19 43 29 44 39 16 39 10 10 40 7 44 31 8 20 17 28 5 26 23 8 13 12 22 15 15 40 20 15 43 24 17 39 45 20 31 44 57 26 22 50 33 41 24 46 7 47 43 34 11 41 25 15 43 19 10 10 24 46 40 37 13 45 42 9 33 41 47 28 47 26 13 54 24 22 34 17 36 50 17 52 41 22 40 28 52 20 28 27 4 18 36 50 36 40 19 9 27 31 18 12 14 15 16 51 61 28 42 48 10 33 15 15 20 40 56 9 36 23 33 52 37 14
31 63 63 31 26 18 28 30 23 29 54 50 11 8 54 30 30 29 42 35 33 19 32 31 32 27 40 56 21 54 25 7 30 19 53 3 27 52 40 37 31 25 48 31 55 9 45 30 27 58 41 27 28 48 7 27 14 16 49 49 49 40 55 17 47 47 10 14 31 47 13 50 44 27 20 21 22 30 31 57 18 10 28 22 24 25 55 35 9 25 51 33 60 54 47 25 46 57 40 50 29 8 16 37 28 28 36 9 23 16 32 50 14 24 50 36 33 43 38 39 28 35 24 57 51 42 27 38 26 22 25 35 55 56 25 28 29 48 37 5 43 53 27 43 46 54 35 33 38 40 19 41 0 15 41 52 37 49 54 38 33 17 33 36 48 23 10 41 44 17 11 33 13 14 26 33 52 46 19 27 26 30 24 28 33 31 40 19 14 27 6 29 34 29 24 44 25 14 13 9 15 9 24 32 14 14 45 50 23 52 22 46 9 25 42 56 43 39 56 35 48 7 31 29 29 7 52 24 55 43 22 23 57 57 10 24 53 4 9 48 30 51 2 30 59 4 28 39 55 51 24 42 46 28 42 20 53 29 53 33 47 49 41 40 29 2 11 18 31 52 12 28 56 30 47 45 51 11 11 46 18 30 21 46 48 20 39 55 5 46 43 33 42 47 7 38 30 4 29 27 28 47 21 24 53 30 45 30 39 3 30 42 28 35 20 36 16 19 43 26 44 11 34 21 51 16 44 54 55 27 23 53 23 48 30 27 46 45 22 24 36 25 24 35 33 40 21 43 59 35 12 30 22 11 14 53 15 36 26 33 17 40 8 15 27 10 31 12 16 19 20 35 25 18 6 14 19 23 16 16 35 45 24 29 9 14 43 39 47 23 47 55 15 60 15 49 23 55 51 59 31 47 24 3 33 53 49 38 7 50 25 47 38 20 53 4 36 35 30 22 22 54 56 34 36 31 58 56 10 49 47 10 38 7 55 40 21 54 32 45 19 25 38 29 29 20 55 39 48 55 55 35 18 36 51 36 39 18 8 23 36 55 33 9 3 18 26 39 7 36 35 36 5 23 48 20 39 34 32 33 34 34 4 53 31 3 34 15 46 15 18 12 55 45 22 22 31 9 33 24 27 39 26 13 19 14 50 26 46 41 16 42 24 17 13 10 19 29 32 34 12 23 44 54 26 27 21 29 14 6 17 37 33 49 54 22 38 24 35 6 49 12 23 21 40
25 61 49 44 29 25 13 36 31 16 48 35 25 11 42 16 40 19 42 34 18 29 32 22 34 34 30 54 28 52 16 13 15 15 39 16 12 40 41 28 19 33 45 16 42 12 30 22 40 44 42 40 40 45 19 16 2 30 49 41 44 43 45 19 32 36 10 25 17 48 20 37 34 36 20 11 12 30 20 54 31 22 14 10 35 29 43 22 19 35 41 20 46 40 44 28 44 53 44 36 38 16 26 24 15 23 21 14 10 29 18 41 7 35 44 35 19 38 25 26 17 20 9 53 40 32 26 41 24 8 14 29 52 44 17 25 27 48 35 20 33 47 14 35 47 41 35 24 28 34 13 29 15 0 34 39 30 47 47 37 33 13 18 35 36 26 7 30 33 12 26 19 26 17 36 34 49 40 10 18 20 31 15 14 37 29 29 32 20 13 19 40 34 40 32 37 10 4 9 13 28 23 24 41 24 27 31 37 18 51 23 41 23 20 29 42 41 25 54 33 46 13 40 18 26 9 42 31 41 30 15 9 45 53 24 35 39 12 14 34 19 37 17 26 45 13 36 24 43 45 11 41 40 19 27 9 45 40 39 39 48 41 27 37 39 14 21 29 19 47 25 37 44 42 34 42 45 7 10 37 10 24 15 32 46 34 40 44 17 31 45 24 32 46 19 24 15 17 14 17 19 39 23 19 51 15 36 15 41 14 16 32 25 20 6 39 23 9 35 26 36 25 26 10 39 7 34 54 45 13 19 53 11 47 35 18 34 31 8 15 27 11 18 23 38 32 32 29 57 41 9 16 30 19 27 51 4 25 37 18 27 43 16 1 38 11 22 19 25 6 13 21 11 8 15 9 4 16 29 9 21 41 24 23 22 22 31 27 48 36 45 47 25 47 3 39 36 42 37 45 28 34 11 13 19 41 50 39 11 49 38 39 39 22 39 17 31 39 22 11 10 41 42 38 34 37 55 42 11 36 33 12 25 21 49 30 10 44 18 32 4 20 28 16 18 13 42 32 47 45 43 40 6 29 49 41 24 19 22 37 33 46 41 10 15 10 35 29 22 40 35 26 17 9 34 17 24 20 20 29 40 38 12 41 24 15 21 18 46 27 3 26 48 35 35 7 27 7 18 28 37 32 37 23 10 12 45 37 39 38 13 30 13 9 27 8 27 15 20 32 13 12 34 41 15 13 33 42 6 19 29 27 34 39 43 10 40 37 22 12 42 5 35 13 25
58 30 39 52 23 30 30 30 34 43 14 36 44 43 23 26 40 51 17 13 35 36 16 13 20 32 14 23 30 20 49 43 30 49 36 40 38 27 19 8 47 35 15 31 31 44 36 55 46 32 20 49 45 13 38 20 34 45 21 11 10 26 19 26 32 18 42 36 28 25 32 25 15 35 22 44 45 16 49 21 45 38 36 41 41 25 24 22 37 37 15 23 34 34 12 23 15 19 28 35 36 35 36 25 25 14 35 45 28 43 27 11 41 42 10 13 43 6 21 22 48 39 34 20 21 15 16 24 17 28 44 7 19 24 18 15 14 23 13 44 11 13 25 5 23 27 15 13 12 1 47 20 41 34 0 27 5 16 14 14 17 47 30 14 21 24 34 16 16 25 45 41 42 27 37 19 15 6 25 17 53 19 49 39 27 13 16 45 31 31 46 44 15 42 31 4 34 38 30 33 42 41 19 37 34 43 32 24 51 20 21 8 45 54 22 33 14 23 22 12 17 35 37 49 13 35 18 31 33 24 20 31 26 20 44 40 31 39 33 29 49 29 43 12 37 40 33 34 26 11 27 16 6 16 36 26 14 42 33 32 23 9 28 8 39 40 35 37 47 13 42 36 25 49 23 12 11 32 31 8 44 57 49 29 16 48 20 23 38 35 22 12 11 18 39 24 35 40 35 19 17 9 23 18 21 40 8 36 22 38 28 12 14 41 35 24 30 26 4 20 5 46 10 25 23 29 13 24 21 29 53 24 42 19 28 17 20 34 38 20 10 28 18 20 29 5 38 24 26 32 31 29 32 33 41 21 31 16 43 37 35 24 47 35 41 31 14 32 33 30 46 26 29 42 36 29 37 49 44 43 27 8 20 56 40 32 19 20 22 46 17 15 35 36 37 14 44 27 31 35 12 26 25 39 41 27 25 22 41 19 48 7 19 24 34 44 6 28 54 25 40 31 36 27 12 30 22 32 43 27 28 44 25 41 15 13 25 18 43 23 33 17 13 22 20 23 28 6 20 16 25 28 29 6 20 30 38 25 41 49 9 15 36 33 42 25 34 13 46 27 18 11 39 35 35 51 36 24 22 10 31 24 38 25 56 43 24 28 22 41 36 41 15 9 46 33 11 37 32 25 38 3 41 35 25 45 11 42 6 10 25 16 22 43 45 40 31 32 19 12 30 24 10 29 22 27 42 51 31 39 41 11 17 12 21 26 22 47 26 36 9 38 43 46 32
53 52 13 73 46 49 27 54 56 37 31 13 59 49 8 23 63 46 44 39 26 56 41 25 45 55 16 48 51 44 47 51 26 51 10 52 34 2 46 23 40 57 41 25 4 50 17 50 68 6 47 70 67 39 52 26 39 62 47 22 32 53 16 43 11 10 48 55 23 52 48 3 13 58 39 44 43 40 41 44 63 54 31 40 62 48 8 18 52 59 17 19 8 8 38 45 41 39 54 12 60 49 54 16 25 32 24 52 30 60 22 21 44 63 33 39 34 32 15 13 43 28 33 41 9 14 39 50 38 31 41 29 42 9 30 36 37 49 39 56 17 32 26 23 50 4 41 23 19 28 48 12 52 39 27 0 26 42 28 41 42 49 23 40 7 45 43 14 13 37 60 31 59 43 59 44 39 29 33 28 51 44 47 34 52 36 15 64 48 28 56 66 41 64 54 26 32 41 40 45 60 56 40 61 52 60 13 4 51 46 41 33 59 53 11 6 41 14 45 38 43 47 61 43 34 45 14 53 6 9 33 31 9 43 59 61 5 49 46 7 42 3 54 33 10 50 56 20 7 32 29 43 30 27 19 32 22 65 7 57 49 26 14 35 62 51 51 57 39 34 58 59 8 71 6 38 33 41 43 21 45 53 50 9 42 66 46 10 51 15 49 24 18 44 53 15 29 52 30 26 26 21 43 34 47 33 21 30 49 49 24 17 34 31 36 50 49 34 24 42 23 61 25 32 6 37 15 50 14 27 53 50 39 45 52 28 9 14 37 29 22 28 33 17 54 23 58 10 50 58 41 24 54 49 59 45 38 18 64 28 54 50 55 40 64 43 25 48 51 34 47 19 28 43 49 39 38 48 61 46 19 34 41 53 55 50 10 14 48 66 43 26 54 10 41 16 65 5 5 9 35 6 28 50 32 3 51 48 49 45 68 26 45 43 8 54 30 54 49 30 39 4 9 53 38 55 44 5 49 3 8 50 15 55 34 17 31 17 34 8 35 34 18 24 23 34 5 23 47 21 8 53 35 26 46 56 24 42 56 68 35 24 60 44 52 35 57 17 58 53 43 21 52 34 13 52 23 19 20 34 56 50 48 5 51 53 18 44 49 58 38 58 28 19 66 33 32 45 24 47 61 26 63 53 34 49 34 63 26 37 38 13 29 45 61 46 51 27 20 37 43 29 18 3 26 26 62 72 39 53 60 20 43 19 11 31 49 67 18 47 28 43 63 46 18
53 34 38 50 22 27 25 29 32 38 19 33 40 38 23 22 39 46 19 13 30 33 16 8 19 30 11 28 27 24 44 38 26 44 33 35 33 26 21 3 42 33 19 26 30 39 33 50 44 31 22 47 44 17 34 15 29 42 24 14 15 28 21 22 29 17 37 33 23 27 28 24 14 34 18 39 40 15 44 26 42 34 31 36 39 23 24 18 33 35 16 19 33 32 17 21 18 24 29 33 35 31 33 21 20 10 31 41 23 40 22 14 36 40 15 14 39 10 18 19 43 34 29 25 20 13 14 25 14 23 39 3 24 25 13 12 12 26 14 40 10 18 20 7 26 27 15 8 9 5 42 17 37 30 5 26 0 20 18 16 17 42 25 15 20 22 29 13 14 21 41 36 39 24 35 19 20 11 20 12 48 18 44 35 27 11 13 43 27 26 42 43 16 40 30 8 29 33 25 29 39 37 16 36 31 40 28 23 46 25 18 13 41 49 19 31 17 20 26 12 21 31 36 44 10 31 19 29 31 21 16 26 26 25 40 38 29 35 28 26 44 27 39 9 35 36 32 30 25 16 22 18 11 11 32 21 18 41 31 31 26 13 25 11 37 36 31 35 42 18 39 34 25 47 21 16 16 27 27 10 39 52 44 26 20 45 21 23 34 32 25 7 9 21 35 20 31 36 30 14 12 12 20 13 26 35 9 31 23 34 23 10 10 36 30 25 27 22 6 18 8 42 5 20 22 24 12 28 22 24 48 28 37 22 27 12 18 31 33 15 6 23 14 16 29 5 35 21 31 32 26 24 30 29 38 25 26 12 41 32 32 25 42 30 40 27 9 28 30 25 41 22 24 37 32 24 32 44 41 39 23 13 17 51 36 29 17 16 25 43 20 19 32 35 32 15 42 26 29 34 10 23 20 35 37 26 28 23 36 23 45 11 20 21 32 40 5 28 49 20 35 29 34 27 13 30 27 30 38 25 26 39 21 37 20 10 20 19 38 20 28 13 10 17 15 18 27 4 24 19 25 28 24 1 24 30 33 21 37 46 10 19 35 29 38 20 32 10 42 27 18 7 35 30 32 46 32 20 17 8 31 24 34 24 51 39 19 24 25 37 31 38 19 10 44 28 8 33 27 23 37 3 39 32 20 40 16 40 10 13 21 14 17 38 42 35 29 27 15 12 26 19 10 28 17 22 40 49 26 36 38 7 17 13 22 21 24 45 21 32 13 33 41 41 28
71 15 52 51 25 33 44 27 34 57 15 51 49 53 36 41 37 64 9 14 50 38 17 27 19 31 29 8 32 6 62 52 45 61 51 47 52 41 12 23 61 35 2 46 45 53 52 68 45 45 12 49 44 3 44 34 45 48 6 21 10 18 29 32 47 33 52 40 43 13 37 40 30 34 29 57 58 19 63 9 48 43 50 54 41 27 36 38 43 37 26 39 47 49 4 25 4 11 20 51 34 42 39 40 39 25 51 55 41 46 42 22 52 42 10 13 58 11 37 38 62 54 48 10 34 30 22 17 24 41 58 19 7 37 30 22 21 9 13 50 26 13 40 20 10 41 14 27 27 16 59 35 49 47 16 42 20 0 17 12 17 58 45 13 36 27 44 31 31 35 50 56 46 35 36 18 6 14 37 30 66 20 61 54 23 19 31 48 36 45 54 42 15 39 31 17 48 49 40 41 46 46 25 33 38 47 47 39 64 5 27 9 50 66 37 47 7 39 8 14 2 43 33 62 21 45 29 32 47 39 32 45 38 9 49 40 46 48 41 44 63 44 51 21 51 49 31 49 38 12 41 8 13 29 51 39 22 40 48 27 10 17 44 10 36 48 40 40 61 10 46 34 38 47 38 5 11 42 40 22 56 70 61 44 1 50 14 35 45 50 12 26 26 4 45 39 50 47 50 33 31 21 28 28 6 54 21 51 15 46 43 27 23 56 49 19 35 39 19 24 20 51 24 37 37 40 28 9 32 43 65 9 55 5 26 30 35 49 51 33 25 42 29 36 25 21 38 39 11 27 41 43 34 39 45 5 43 31 42 51 38 16 56 47 40 40 28 38 36 42 59 41 43 54 43 39 49 62 47 55 42 9 26 69 45 37 35 35 8 47 4 19 39 49 49 27 45 40 45 49 19 41 39 47 56 41 11 16 51 3 48 17 14 30 48 52 17 23 67 38 54 45 51 23 13 27 10 46 54 41 44 54 40 46 13 28 38 28 57 38 46 27 28 36 35 34 41 21 7 25 37 22 42 21 4 24 53 31 46 50 14 22 32 43 51 37 33 28 52 21 16 26 45 49 50 62 52 39 37 18 26 20 47 38 69 51 39 35 10 44 49 45 18 23 48 46 20 48 47 27 37 19 40 40 37 56 9 41 17 9 35 32 35 55 49 51 34 47 35 16 39 38 25 43 36 41 43 50 42 46 44 27 17 24 33 39 16 48 41 45 15 49 44 58 48
69 25 37 63 35 42 40 40 46 53 3 39 57 55 22 36 51 62 23 23 44 48 27 25 30 43 20 21 42 17 61 56 40 61 38 53 49 27 26 19 58 46 17 40 31 56 42 66 58 31 27 61 57 15 50 32 46 57 22 8 8 34 14 39 36 20 55 49 37 29 45 26 19 46 34 56 56 27 59 17 58 51 46 52 52 37 22 31 50 49 12 32 32 35 14 35 18 12 35 39 47 48 48 32 35 27 44 58 39 55 36 9 53 53 8 23 53 13 29 29 59 48 45 13 20 20 29 32 30 39 55 20 15 21 31 28 27 26 22 57 16 5 36 13 27 27 25 24 20 15 59 25 54 47 14 28 18 17 0 23 27 59 39 24 23 36 47 22 20 38 58 50 55 41 48 29 12 9 37 29 65 30 60 50 36 25 22 58 44 41 59 55 26 52 43 11 45 50 42 46 55 54 32 47 47 56 37 25 63 20 34 11 58 66 27 33 20 30 18 23 19 48 47 59 26 48 15 43 33 28 33 42 23 16 57 51 32 52 46 32 59 31 56 24 37 53 43 41 24 6 39 23 9 28 42 38 6 53 34 41 26 6 34 17 49 53 48 50 57 7 55 47 22 60 26 15 7 45 44 11 56 68 61 33 18 60 28 19 51 40 28 23 17 20 51 31 45 53 45 30 29 9 36 31 21 50 12 46 30 51 38 17 26 50 47 33 43 39 12 32 12 59 22 37 23 41 17 24 17 39 65 24 53 21 38 29 23 39 49 32 21 39 31 29 39 15 50 29 23 42 43 38 44 46 54 19 44 25 54 46 47 31 60 48 52 44 26 45 45 42 58 34 40 54 49 41 48 61 56 56 35 12 33 68 53 45 24 27 25 58 20 3 48 34 49 13 56 26 33 35 25 29 37 52 51 27 27 30 54 20 59 8 27 37 36 57 18 37 65 37 52 31 37 37 22 40 16 32 56 29 32 57 32 54 6 20 37 12 52 26 45 30 21 32 31 36 27 16 24 9 23 37 41 19 21 39 45 38 54 61 20 6 46 46 55 38 45 20 59 36 27 21 52 46 39 63 44 33 31 23 40 33 51 24 67 56 32 40 26 53 48 54 1 13 58 44 23 50 41 37 49 16 52 48 37 58 8 53 9 17 38 22 34 55 58 53 43 42 29 23 43 36 15 29 33 37 54 63 43 53 53 21 28 11 19 38 30 59 34 49 5 50 55 58 39
61 26 52 41 14 22 37 17 24 49 22 48 37 42 37 34 28 55 5 4 43 26 6 21 8 20 26 19 21 17 53 42 38 51 49 36 44 40 5 19 53 24 11 39 45 43 47 58 35 46 6 39 34 11 32 27 35 37 13 24 16 13 32 21 44 32 42 29 36 13 26 39 28 24 18 48 48 8 54 20 36 32 43 45 30 16 38 33 31 26 28 33 48 47 12 14 9 21 14 48 24 30 28 36 32 16 44 44 33 35 35 25 42 31 17 3 50 11 33 34 53 47 40 21 34 28 11 10 13 32 49 14 19 38 22 12 10 12 2 39 24 21 32 19 11 41 3 22 24 14 49 32 38 37 14 41 16 12 23 0 6 48 38 2 35 16 34 28 29 25 38 48 35 24 25 7 16 16 28 22 56 9 52 46 14 9 28 37 25 38 43 32 4 30 21 17 39 39 29 30 35 34 14 24 27 36 44 38 54 15 16 13 39 56 34 46 6 35 19 5 11 32 24 53 12 34 31 21 46 36 22 36 40 20 37 29 44 37 30 41 54 42 39 12 50 38 21 44 39 18 33 5 15 21 47 30 27 31 46 19 12 20 40 8 26 37 29 28 52 18 35 24 39 37 36 10 18 32 30 22 46 60 51 41 11 39 6 37 33 47 10 21 24 10 33 34 43 35 42 25 23 23 17 19 16 46 22 43 8 35 36 25 13 49 40 10 23 29 18 13 19 39 18 28 37 30 26 18 35 36 55 17 46 10 15 23 33 46 42 25 21 34 19 31 16 19 28 36 22 19 30 37 23 27 34 16 33 27 32 44 27 10 45 37 30 29 22 26 25 33 49 36 35 45 32 29 40 52 36 45 37 12 14 59 34 25 32 32 11 36 9 25 28 50 39 28 34 41 44 49 9 39 31 36 49 41 14 8 40 13 37 19 5 18 47 41 12 15 58 30 45 44 50 14 3 17 21 45 43 40 41 43 35 35 21 25 29 31 49 35 37 17 25 29 28 25 42 19 11 29 39 14 32 16 14 16 47 20 35 39 7 27 23 32 39 27 22 25 41 13 5 22 34 40 47 52 46 34 31 10 18 10 36 39 60 40 34 23 10 33 39 34 24 23 37 37 12 37 41 16 27 15 30 28 27 46 16 31 18 6 25 29 27 45 38 40 23 39 29 6 28 29 24 43 28 33 33 40 32 35 33 23 5 25 35 30 9 37 36 34 19 39 33 49 43
57 31 54 36 8 17 34 13 19 46 26 48 32 37 39 33 24 52 10 5 41 22 1 20 3 16 27 24 15 22 49 37 36 47 49 31 41 42 8 19 50 19 16 37 46 38 47 55 31 47 9 34 30 17 27 25 31 32 17 27 20 12 35 16 44 33 37 24 35 16 21 40 30 19 14 44 45 4 51 25 32 26 40 42 25 10 40 32 26 22 31 32 49 48 16 9 14 27 14 48 20 26 23 35 30 14 43 40 30 30 34 28 38 26 21 5 48 15 32 33 49 45 37 26 36 29 7 9 9 29 46 14 24 40 19 9 8 16 6 34 26 25 30 21 15 43 3 21 24 16 45 32 33 33 17 42 17 17 27 6 0 44 37 4 36 11 29 29 30 21 33 46 30 19 21 3 22 20 25 20 52 3 48 43 10 7 28 32 20 35 38 28 2 26 16 20 37 35 25 25 30 29 10 20 22 31 43 39 50 20 11 17 34 52 34 47 11 34 25 5 16 27 20 50 9 30 34 16 47 36 19 33 42 25 32 25 45 33 25 42 51 43 34 11 51 34 17 42 41 22 31 9 19 20 46 26 30 26 47 15 15 24 39 11 22 32 24 24 49 23 30 20 41 33 37 14 22 27 25 25 42 56 47 41 16 34 7 39 28 46 12 20 25 15 28 34 41 30 40 24 22 25 12 15 21 44 24 41 9 30 34 26 11 47 36 9 18 26 20 8 22 34 18 25 38 27 28 22 37 33 51 21 43 15 11 21 34 45 39 22 21 32 16 30 13 20 23 36 26 16 26 35 18 22 29 21 29 26 27 42 22 11 40 34 26 25 21 22 20 30 45 35 33 41 27 25 36 49 31 41 36 16 10 55 29 20 33 32 15 31 14 29 23 51 35 30 29 42 45 50 8 39 28 32 46 42 18 8 35 18 33 22 6 14 47 36 13 12 54 27 41 45 50 11 6 14 26 47 39 41 41 39 35 30 26 26 26 34 47 36 33 14 25 28 27 22 43 20 15 32 40 12 29 16 18 14 46 15 30 34 8 31 20 27 35 23 18 26 36 11 3 22 29 37 47 48 45 33 30 9 15 8 31 40 56 35 33 19 14 28 35 29 28 25 32 34 11 33 39 11 22 17 25 23 24 42 21 26 21 11 20 30 24 41 33 36 18 37 28 5 23 26 25 44 26 31 28 36 28 30 27 23 1 28 37 27 9 32 35 29 23 35 28 45 42
15 73 58 47 39 32 23 45 38 16 60 43 27 9 53 26 45 13 53 45 25 34 43 34 44 41 41 66 35 63 9 10 24 3 47 19 17 50 51 40 16 40 57 25 51 8 37 14 44 54 52 43 44 56 23 28 14 32 60 53 56 53 56 29 41 47 8 30 27 59 26 48 45 42 30 7 8 41 17 66 34 26 19 10 40 38 54 33 24 41 53 31 55 49 56 38 55 65 53 44 44 22 31 34 26 34 27 9 21 31 28 53 6 40 56 46 20 50 36 36 13 25 17 65 51 43 37 51 35 20 12 41 64 55 29 37 38 59 47 21 45 60 25 47 58 52 46 36 40 46 4 40 17 13 47 49 42 58 59 48 44 0 27 46 47 35 15 41 44 23 27 22 28 26 42 45 60 52 22 30 10 42 8 17 47 40 40 35 28 22 16 45 45 45 39 49 18 9 19 20 30 26 34 48 30 30 39 48 7 62 33 53 24 9 39 51 52 36 65 44 58 19 46 14 38 15 53 38 51 41 27 19 55 65 26 40 48 14 21 43 15 47 17 38 53 14 43 31 54 57 22 52 52 31 34 21 57 45 48 48 59 53 36 49 45 16 26 34 17 59 27 43 54 46 45 54 57 17 19 49 5 14 5 41 57 36 50 55 21 39 55 36 44 57 23 35 22 20 20 29 31 51 33 30 63 19 48 21 51 17 26 44 36 24 13 49 30 21 47 37 48 26 38 22 49 19 45 65 56 22 8 64 11 58 43 30 45 38 13 27 39 22 30 34 47 45 37 40 69 50 18 26 37 25 31 63 16 36 42 23 33 53 11 12 43 20 34 26 31 18 4 31 22 7 20 20 12 8 32 4 31 53 35 13 25 28 42 38 58 39 56 59 30 56 10 51 40 53 46 54 40 44 23 16 21 51 61 50 11 60 41 52 49 31 47 16 43 48 13 23 11 50 50 48 46 46 67 51 7 46 42 7 35 24 61 41 22 55 20 43 15 32 40 28 29 24 53 44 58 57 53 49 18 41 61 50 30 29 25 39 45 58 48 17 14 22 42 41 21 49 46 38 21 16 42 5 30 30 31 40 48 47 15 52 15 15 31 27 57 31 12 29 60 47 38 17 39 11 26 37 42 44 42 28 22 3 57 42 51 50 24 42 25 4 29 9 34 23 32 43 21 24 46 51 26 24 37 45 17 22 33 39 44 51 54 22 50 40 32 17 54 10 39 5 33
32 59 32 59 37 36 5 45 43 16 41 18 42 28 27 4 51 25 43 35 5 42 36 18 39 44 19 52 38 49 25 30 4 29 21 33 12 23 43 22 20 45 43 2 25 29 13 29 54 28 44 55 53 42 35 12 19 45 49 32 39 49 32 29 15 22 27 39 2 51 33 22 22 47 27 21 22 34 21 50 47 37 9 17 48 37 28 8 35 47 30 7 29 23 41 36 43 48 50 19 49 31 39 8 8 24 7 31 10 44 4 31 23 49 39 36 15 34 11 11 22 10 11 49 25 20 30 46 29 12 19 26 48 29 19 29 30 50 36 37 23 41 8 28 49 25 37 18 19 29 26 15 33 18 30 23 25 45 39 38 37 27 0 37 21 34 23 18 20 22 42 12 42 28 47 39 45 34 16 18 29 36 25 12 45 31 17 48 33 6 36 53 37 52 42 30 10 20 22 28 43 39 30 51 37 43 13 22 29 49 30 37 40 31 14 25 41 10 51 34 45 29 50 22 28 26 29 41 24 15 20 10 30 50 41 48 22 29 28 17 22 21 34 27 27 30 46 7 28 39 9 42 35 18 11 14 35 52 22 48 49 34 10 35 50 31 35 43 19 41 41 48 29 56 19 40 40 22 25 28 23 32 27 15 44 50 43 29 33 14 47 19 22 45 35 9 7 34 8 14 16 30 31 23 50 12 27 8 45 30 4 22 27 12 14 45 35 16 28 33 28 42 21 15 24 18 23 53 31 6 31 52 18 46 43 17 19 13 15 16 20 8 22 10 46 25 45 14 55 50 23 3 41 32 43 50 18 15 51 8 40 47 34 19 51 25 17 32 37 15 25 5 8 21 31 21 16 26 45 24 5 37 31 32 37 34 17 13 49 50 45 38 39 30 19 27 50 27 20 28 30 17 10 30 13 24 51 44 28 48 53 32 42 31 21 34 28 47 28 13 16 24 25 46 35 46 51 25 27 20 16 29 9 37 43 20 14 32 14 17 14 24 18 10 11 19 26 25 48 35 28 47 15 25 48 49 9 29 38 52 33 36 51 25 32 18 45 19 39 47 39 19 34 12 16 30 9 6 9 29 48 43 29 26 30 33 7 29 48 42 17 41 39 26 50 12 27 24 3 36 49 27 50 37 17 27 40 50 32 37 22 18 14 23 44 25 38 4 11 33 26 12 25 25 12 7 47 57 20 35 44 19 38 29 29 13 45 52 6 28 35 22 49 23 8
60 27 52 40 12 21 35 17 23 47 23 47 36 40 37 33 27 54 7 2 42 26 5 20 7 19 25 20 19 19 51 40 37 49 48 35 43 40 7 18 51 23 12 38 44 41 47 57 34 45 8 38 33 13 31 25 34 36 14 24 16 13 32 20 43 31 40 28 35 14 25 38 28 23 17 46 47 6 53 21 36 30 41 44 29 14 37 32 30 25 28 32 47 47 12 13 10 23 14 47 24 29 27 34 31 14 43 43 31 34 34 25 41 30 17 1 49 11 32 33 51 46 39 22 34 27 10 10 12 31 48 13 20 38 20 10 9 14 2 37 24 21 31 19 13 41 1 20 23 14 48 31 36 35 14 40 15 13 24 2 4 46 37 0 34 15 32 27 28 24 37 47 34 22 25 6 18 16 27 20 54 7 50 44 13 7 27 36 24 37 41 32 2 29 20 17 38 38 28 29 34 33 13 24 26 35 43 37 52 17 14 13 38 55 33 46 7 34 21 3 13 31 24 52 10 33 31 20 45 35 21 35 39 21 36 28 44 36 28 41 52 42 38 11 50 37 20 43 39 19 32 6 16 20 46 28 27 30 45 18 13 20 39 8 26 36 27 28 51 19 34 23 39 37 35 10 18 30 28 22 44 59 50 40 12 38 7 36 32 46 11 19 23 11 32 34 42 34 41 24 22 22 16 17 17 45 21 42 9 34 34 24 12 48 38 10 22 28 18 11 19 38 18 27 36 29 26 19 35 34 54 18 45 12 15 21 32 45 40 23 20 33 18 29 15 18 27 35 23 19 29 35 22 26 33 17 32 26 31 43 26 11 44 36 29 28 21 25 24 32 47 35 34 43 30 27 39 51 35 44 36 12 13 58 33 24 32 31 13 35 11 26 27 49 37 28 33 40 43 48 8 38 30 35 47 40 15 8 39 14 36 19 6 17 46 39 11 15 56 28 43 44 49 14 3 17 22 45 42 39 40 42 35 34 22 25 28 31 48 35 35 16 24 28 27 24 41 18 13 29 38 14 31 15 15 16 46 19 33 38 6 27 23 30 38 25 22 24 39 13 4 21 33 39 46 51 45 33 30 9 18 10 35 38 58 39 33 22 12 32 38 33 25 23 36 36 11 36 39 15 26 15 29 27 26 44 17 30 18 7 23 29 26 44 37 39 22 38 28 5 26 28 23 42 27 32 32 39 30 33 31 22 5 25 35 29 9 36 35 32 19 37 32 47 42
53 47 19 68 40 44 25 48 50 36 26 17 55 46 6 21 57 45 38 32 25 50 35 20 39 49 10 42 45 38 45 47 24 49 16 48 32 6 39 17 40 51 35 23 10 47 20 50 62 12 40 64 61 33 47 22 36 57 41 16 27 47 13 38 14 3 45 49 21 45 43 5 7 52 34 42 42 34 41 38 58 49 29 38 56 42 7 14 47 54 12 16 14 14 32 40 35 34 48 16 54 44 49 14 22 26 24 49 27 55 20 15 42 57 27 33 35 26 11 11 42 29 31 35 5 8 33 44 32 28 40 22 36 8 25 30 30 43 33 52 11 26 23 17 43 8 35 18 13 21 46 8 48 36 21 7 20 36 23 35 36 47 21 34 0 39 39 8 6 33 56 31 54 38 54 38 33 22 29 23 50 37 45 33 46 30 9 59 43 26 52 61 35 59 48 20 30 39 36 41 55 51 34 55 47 55 15 4 49 40 35 27 54 51 8 12 34 12 39 31 37 43 55 43 28 41 10 47 12 7 28 28 10 37 54 56 11 45 41 9 42 8 50 27 16 46 50 21 8 26 26 37 23 22 21 28 17 59 12 50 43 20 14 28 56 47 46 52 39 28 53 53 9 65 3 32 27 37 38 14 43 52 48 10 36 61 40 9 47 18 43 18 11 38 48 13 28 48 28 21 21 16 37 28 41 32 15 29 42 45 22 10 28 31 34 44 43 30 18 36 17 56 19 28 4 33 9 44 11 25 51 43 38 39 46 22 3 17 35 25 16 26 28 14 48 16 53 8 44 52 37 22 48 44 54 40 34 13 58 27 49 44 51 37 58 39 19 43 46 31 45 17 25 41 44 35 35 46 56 43 17 28 35 52 50 44 6 10 42 60 37 22 49 16 38 10 59 8 11 15 29 6 25 46 32 7 45 42 45 39 62 20 39 37 14 50 24 48 49 26 37 10 16 47 32 49 38 11 46 7 10 47 13 51 29 10 27 13 34 5 33 28 12 20 19 29 8 17 41 16 8 47 31 20 40 49 25 37 51 63 29 19 54 40 48 31 51 11 54 47 37 15 48 32 16 50 24 17 17 27 50 43 44 6 51 49 16 39 42 53 36 53 23 13 60 30 26 41 23 41 55 20 57 47 29 47 28 58 19 30 33 7 25 43 56 43 46 25 16 31 38 25 12 9 22 24 57 66 35 49 54 14 37 13 8 27 43 62 16 43 22 40 58 44 19
49 41 57 29 4 6 31 11 11 40 36 48 22 28 44 30 19 45 20 15 38 12 11 20 10 10 30 34 6 33 41 27 33 38 50 21 36 45 18 23 44 13 26 34 49 29 46 47 23 51 19 26 23 27 17 23 24 22 27 34 30 19 42 7 44 37 28 13 32 25 11 43 34 14 8 36 37 9 45 36 22 16 36 35 18 3 45 31 16 15 37 31 53 50 27 3 24 37 19 49 15 15 13 35 27 14 40 30 26 20 32 35 30 19 31 15 43 24 33 34 43 42 32 36 41 32 8 16 8 24 39 19 34 45 17 10 10 26 16 23 30 35 27 27 24 46 14 23 27 23 37 34 23 26 24 45 22 27 36 16 11 35 34 15 39 0 21 32 34 15 23 42 20 10 15 11 32 28 19 18 44 8 40 38 12 12 31 22 9 32 27 22 13 20 9 27 32 28 18 16 20 19 6 17 12 20 43 42 41 31 5 27 23 44 36 50 21 34 35 14 27 17 17 44 12 20 40 8 50 38 15 29 47 35 22 17 48 23 15 43 44 45 24 14 54 24 12 41 46 32 27 20 28 19 44 21 38 20 49 14 25 32 39 21 17 23 13 14 43 33 20 14 46 26 40 25 32 19 17 31 34 48 39 42 26 24 16 44 18 46 21 22 30 25 18 34 37 20 35 22 21 32 3 13 31 39 30 36 17 20 31 30 12 42 30 14 8 21 27 5 28 24 21 21 42 20 33 32 43 30 42 31 36 26 10 19 37 45 32 19 24 28 13 30 13 26 14 37 37 17 18 32 9 12 19 32 22 28 20 39 12 18 30 26 19 16 21 11 9 24 37 33 29 33 17 17 30 41 21 33 34 26 5 48 18 10 35 33 25 22 25 38 12 54 27 36 21 46 47 53 12 41 25 22 42 46 27 15 26 28 24 30 16 5 49 26 19 14 47 23 35 48 52 13 16 12 37 50 30 43 43 30 35 19 36 29 22 40 42 38 27 12 28 26 25 17 47 25 26 39 45 14 23 21 29 16 43 7 19 25 17 38 17 19 25 18 12 29 25 15 13 25 19 32 47 39 42 32 29 14 15 13 22 44 48 25 32 9 24 18 29 19 37 31 23 29 14 24 36 2 16 23 18 13 18 33 31 19 29 21 14 33 21 33 23 27 8 34 27 14 14 23 31 47 23 28 19 28 20 19 18 26 11 34 43 23 16 24 34 20 31 26 20 37 40
29 59 54 38 25 19 18 31 26 22 48 40 19 9 45 21 33 24 39 31 24 23 29 23 30 28 32 52 22 50 21 10 20 18 44 10 19 43 37 29 24 28 43 22 46 10 36 26 33 48 38 34 33 43 13 18 5 23 46 42 43 39 47 14 37 38 9 19 22 45 14 41 36 30 16 16 17 27 26 52 25 15 20 15 29 24 46 26 13 28 42 24 50 45 42 24 41 51 39 41 32 10 20 28 18 21 27 12 14 22 22 42 9 29 44 32 25 37 28 30 23 26 15 51 42 34 23 37 21 12 20 28 50 47 17 23 24 45 33 15 34 47 17 35 44 45 32 25 30 33 17 32 10 7 34 43 29 44 47 34 29 15 23 32 39 21 0 32 35 9 20 25 20 12 30 30 47 39 11 19 23 28 20 20 33 26 31 26 15 18 14 34 31 34 26 37 16 8 5 6 22 17 20 35 18 21 35 41 21 48 19 40 17 24 32 47 38 29 52 30 44 7 34 24 24 3 44 25 46 34 14 14 48 52 18 29 43 7 7 38 25 42 12 24 49 8 30 29 46 44 15 38 40 20 33 11 46 34 44 34 44 41 32 35 33 9 15 23 25 46 19 31 47 36 37 40 45 3 5 38 13 28 19 36 44 28 36 46 11 37 41 25 33 43 13 28 22 11 20 19 19 40 19 17 49 22 37 21 37 8 20 34 22 26 12 35 17 10 35 23 36 20 26 12 42 7 36 51 47 18 22 50 16 44 30 19 37 36 14 15 28 15 17 26 33 33 26 33 55 36 4 21 24 12 21 49 5 27 31 24 21 39 14 7 32 6 23 13 19 9 16 25 16 13 9 6 11 20 23 12 26 39 20 27 15 16 34 30 44 29 43 47 19 51 7 41 30 46 42 49 26 38 15 8 25 44 47 35 8 46 32 40 35 17 43 12 30 35 26 13 16 45 47 34 32 32 53 46 10 40 37 10 29 15 49 32 12 46 24 36 10 18 30 19 20 12 46 32 44 47 46 35 9 28 47 36 30 15 16 30 31 47 35 3 10 10 29 31 16 35 32 28 11 15 39 19 30 24 23 27 34 33 6 44 28 11 25 13 43 21 10 19 48 37 29 13 25 4 24 23 30 32 31 17 10 13 44 31 39 36 10 33 15 13 21 7 21 20 23 29 7 14 36 45 17 17 26 36 5 13 23 28 30 41 45 12 36 31 26 5 42 6 28 17 30
49 44 26 60 33 36 20 40 42 33 24 20 47 40 13 16 50 42 32 25 23 42 28 12 31 41 2 38 37 34 41 41 20 43 21 40 28 14 33 10 37 44 30 19 18 41 21 46 54 20 34 57 54 28 40 15 30 49 36 15 23 40 16 30 17 7 39 42 17 40 35 12 5 45 26 37 37 26 38 35 50 41 26 33 49 34 14 10 39 46 13 12 22 20 27 32 30 31 41 21 46 36 41 11 16 18 22 43 21 48 15 14 36 49 23 26 32 21 8 8 39 27 26 33 11 3 25 37 24 22 35 15 33 15 17 23 23 37 26 45 6 24 17 12 38 15 28 10 5 15 41 5 41 30 16 14 13 31 22 28 29 41 18 27 8 32 32 0 3 25 48 29 46 31 46 31 29 19 22 15 45 30 41 29 39 23 1 51 35 21 45 53 28 51 40 15 25 33 28 33 47 44 26 47 39 48 17 11 44 35 27 22 47 47 7 19 29 9 36 25 32 35 47 39 21 34 13 39 19 8 21 23 17 34 47 48 17 38 34 14 39 15 43 19 23 39 43 20 15 23 20 31 19 14 22 22 18 51 19 43 38 17 13 23 48 40 39 44 36 25 46 45 16 57 9 27 24 30 31 11 37 48 43 13 31 53 33 15 39 20 37 10 6 33 41 10 24 41 25 14 13 13 29 20 36 29 11 25 36 38 17 5 20 29 28 37 35 23 13 28 12 48 11 21 11 26 5 39 15 19 46 39 33 34 38 15 6 19 30 17 9 20 20 8 40 11 45 9 40 44 29 17 40 36 46 35 28 6 51 25 41 38 45 31 50 31 11 35 38 24 40 13 20 35 37 27 30 42 49 38 14 23 27 48 43 37 5 5 36 53 32 21 41 23 32 10 52 15 16 22 22 11 19 39 30 15 39 35 39 34 55 16 33 30 19 43 17 40 45 20 32 17 22 39 25 41 35 19 39 13 14 41 10 43 27 3 21 15 31 8 27 20 4 14 12 22 16 10 36 17 15 40 25 13 35 42 24 29 43 55 22 19 47 33 41 23 43 4 47 39 30 8 40 27 20 44 23 12 11 20 43 36 37 14 47 42 11 31 37 45 30 45 22 9 53 25 19 35 20 33 47 14 49 40 22 41 24 50 16 25 26 2 18 37 49 37 38 21 10 24 31 19 8 16 16 18 49 59 28 41 47 6 30 12 14 21 36 54 13 36 19 33 50 39 18
52 43 24 62 35 38 23 42 44 35 22 21 50 43 11 19 51 44 32 26 25 45 29 14 33 43 4 37 39 33 44 44 22 46 21 43 31 12 34 11 39 46 30 22 16 44 22 48 56 18 35 59 56 28 43 18 33 52 35 13 22 41 13 32 17 4 42 44 19 40 38 10 2 47 29 40 40 28 41 34 53 44 28 36 51 36 12 13 42 48 10 14 20 19 27 34 30 30 42 21 48 39 44 13 19 20 25 46 24 50 18 12 39 52 22 27 34 21 10 10 41 29 29 32 8 2 27 38 26 25 38 17 32 13 20 25 25 38 27 48 5 23 20 11 38 13 29 12 7 16 43 6 44 33 16 13 14 31 20 29 30 44 20 28 6 34 35 3 0 28 51 31 49 33 48 32 28 18 25 18 48 32 44 32 40 24 4 53 38 24 48 55 29 53 42 15 28 36 31 36 50 47 28 49 42 50 18 9 47 35 30 22 50 50 8 18 29 11 35 26 32 38 49 42 23 37 10 42 18 9 23 26 14 33 49 50 16 41 37 14 41 14 46 21 22 42 45 22 13 22 23 31 19 17 23 25 15 54 18 45 38 16 15 23 50 42 41 46 39 24 48 47 13 59 8 26 23 33 34 10 40 51 46 14 31 56 34 12 42 21 37 13 6 33 44 12 27 44 27 17 16 12 32 23 36 31 10 28 37 41 20 5 22 31 31 38 38 26 12 30 12 51 13 24 9 29 4 39 12 22 49 39 36 34 40 18 5 20 33 20 10 23 22 11 42 11 47 9 40 46 32 20 42 39 49 35 31 9 53 27 44 38 48 34 52 34 14 38 41 27 42 16 23 38 40 30 33 44 51 41 16 23 29 51 45 39 5 8 37 55 32 19 43 22 35 8 54 13 16 21 24 10 22 41 32 13 40 36 42 34 57 15 33 32 19 46 18 42 48 23 35 16 21 41 26 43 34 17 42 12 14 44 13 46 25 5 24 12 34 8 30 23 6 17 15 25 14 11 36 15 12 41 28 14 35 43 26 32 46 57 23 17 49 35 44 26 45 5 50 41 31 10 43 30 20 47 25 15 14 22 44 38 40 11 50 45 14 34 37 48 33 48 20 8 55 28 20 38 22 35 49 14 51 42 25 44 23 52 15 25 28 3 21 40 51 40 40 24 13 25 33 22 7 14 19 21 51 61 31 44 49 8 31 10 11 24 37 56 15 39 18 36 53 42 20
36 50 49 38 18 15 17 26 22 26 39 38 22 18 38 18 31 31 30 22 24 21 20 15 22 24 25 43 18 41 28 18 19 26 40 16 22 38 29 20 30 24 34 21 41 19 34 34 33 43 30 34 32 34 15 12 10 25 37 34 34 32 39 9 34 32 17 18 20 37 12 35 29 26 8 23 24 18 31 43 27 17 22 21 27 18 39 21 15 26 35 20 45 41 33 17 33 43 32 38 28 12 19 24 15 12 27 21 12 24 19 33 17 28 35 23 29 28 23 25 29 28 18 43 36 27 15 29 13 11 25 19 41 40 9 14 15 37 24 20 27 38 14 27 35 39 23 17 22 24 25 26 17 12 25 37 21 35 38 25 21 23 22 24 33 15 9 25 28 0 23 28 22 7 26 22 38 31 6 11 31 20 27 24 26 18 24 27 12 18 21 32 23 31 22 28 17 15 5 9 23 19 12 31 16 23 33 35 29 40 11 31 22 32 27 42 30 25 43 22 35 11 30 30 15 11 36 21 41 29 5 15 41 43 22 27 39 15 9 34 30 37 19 15 45 16 26 28 40 35 13 29 31 12 32 8 38 32 39 29 36 33 28 26 29 15 15 22 29 37 21 27 40 35 32 32 36 7 6 29 21 35 27 32 35 29 28 39 14 34 33 17 26 34 16 24 23 16 22 12 12 32 12 8 40 25 28 23 29 14 18 26 14 29 16 27 13 7 27 15 28 24 17 7 36 6 28 42 40 16 30 42 22 35 24 11 30 34 18 9 20 14 8 20 27 25 24 28 46 31 6 19 20 12 22 40 9 20 30 25 19 31 22 13 30 7 15 11 16 10 24 22 15 20 12 4 16 28 25 20 23 30 13 35 18 14 28 24 36 30 34 39 18 46 14 33 29 40 37 45 17 33 12 14 27 39 38 28 16 37 32 31 27 11 39 19 21 28 33 9 21 40 43 27 23 27 44 41 19 35 33 19 25 18 40 24 8 38 28 30 13 9 22 15 15 4 40 24 36 39 39 28 9 20 38 30 30 8 19 32 22 39 31 9 18 4 25 23 22 29 24 20 15 18 36 27 29 20 18 18 29 26 14 38 35 19 21 8 35 22 15 21 39 29 30 15 16 13 23 17 28 23 29 16 5 21 35 29 30 27 1 26 9 20 24 16 17 20 18 20 6 10 28 40 12 15 26 36 7 17 23 21 22 33 38 9 29 31 23 11 33 14 28 24 28
41 63 72 21 25 17 37 27 18 39 58 59 1 19 61 39 22 39 42 37 43 14 33 37 32 22 47 56 19 55 35 17 39 29 62 10 37 61 39 42 41 19 48 41 63 19 55 40 18 66 40 16 18 49 9 35 24 6 49 54 52 37 61 20 56 54 20 10 41 45 14 58 51 21 24 32 33 32 42 58 8 8 39 33 16 23 62 44 9 18 57 42 68 63 49 25 46 59 37 60 22 12 11 46 37 32 46 19 32 6 41 55 25 15 53 37 43 45 46 47 39 45 34 58 58 49 29 36 29 31 36 39 56 63 31 31 32 47 38 7 49 56 36 47 45 62 36 39 45 44 30 49 11 26 45 60 41 50 58 38 33 27 42 37 56 23 20 48 51 23 0 44 4 18 20 33 54 50 28 33 36 30 34 39 30 33 47 9 15 37 12 20 35 21 20 48 35 25 21 15 5 5 27 26 12 4 54 58 33 52 25 49 3 35 50 65 43 47 57 37 49 14 25 40 33 17 58 20 64 52 28 33 64 58 2 16 62 15 15 56 41 60 11 34 68 14 23 49 63 53 34 42 50 34 52 29 58 21 62 28 46 53 50 43 22 13 11 12 42 55 4 22 63 20 55 47 54 20 18 51 28 40 31 55 49 10 37 62 10 56 42 39 48 47 8 46 41 9 39 35 35 52 22 29 53 40 50 40 37 13 39 48 32 45 31 34 16 28 47 27 48 2 39 29 59 25 50 54 62 37 33 53 34 47 26 34 53 55 32 31 42 34 29 43 29 46 15 51 58 30 20 40 17 13 6 53 25 43 17 43 13 38 17 25 19 18 37 14 14 28 30 44 35 29 12 22 29 34 6 26 44 48 25 39 6 13 51 47 46 13 47 59 11 69 26 55 14 63 60 67 34 55 33 13 43 61 48 36 17 50 15 51 37 22 62 12 40 31 40 31 33 63 65 31 38 27 59 64 21 58 55 20 47 5 58 47 30 60 43 53 29 29 45 37 37 27 63 45 47 60 62 32 27 40 50 32 49 21 5 13 39 59 27 17 13 26 21 46 7 33 34 42 9 34 58 29 49 43 41 36 29 32 14 61 41 13 43 18 45 7 28 5 59 50 12 32 35 20 43 23 20 43 18 11 27 24 53 17 50 43 23 49 32 27 2 21 16 40 40 36 18 32 50 62 34 36 12 19 23 8 8 43 33 54 61 30 36 14 45 15 53 23 13 31 49
23 70 39 63 45 42 12 53 49 7 52 23 43 27 37 15 57 15 53 45 7 47 45 29 47 51 30 63 45 60 17 29 11 23 27 34 7 33 53 34 10 51 54 10 33 27 17 20 58 36 54 58 58 53 37 22 21 48 59 43 50 58 43 36 22 33 25 43 13 61 37 31 33 53 35 16 15 43 11 62 50 40 6 13 53 45 38 20 38 52 41 18 37 29 52 44 53 59 58 24 55 34 44 19 17 33 8 29 17 47 15 42 20 53 50 46 4 45 22 22 13 3 11 60 36 31 39 55 37 18 11 37 59 39 27 38 39 60 46 38 34 52 17 39 59 34 47 29 30 40 20 26 33 19 41 31 36 56 50 48 46 22 12 47 31 42 25 29 31 28 44 0 44 34 53 48 56 45 23 27 21 45 17 5 53 40 28 51 38 11 35 58 46 58 49 42 11 19 26 31 46 41 38 58 42 46 20 31 21 60 38 48 41 23 25 33 51 21 62 44 56 32 57 12 37 28 40 48 32 25 28 13 39 61 43 53 30 30 32 25 12 29 34 37 34 30 53 12 37 50 16 52 46 27 14 21 46 58 29 56 59 45 19 46 56 32 39 47 9 52 43 54 38 61 29 51 51 25 28 39 18 23 21 23 55 52 52 39 35 19 57 30 34 56 38 20 6 35 7 23 26 42 39 31 61 4 39 6 54 32 14 33 36 2 13 53 40 21 40 41 39 44 32 22 34 23 34 64 42 13 23 63 12 57 51 26 30 18 12 24 31 15 30 22 54 37 50 24 66 58 26 13 47 37 46 61 21 26 55 5 45 56 32 19 56 29 28 36 42 19 19 16 14 17 34 26 15 18 48 20 15 48 39 22 40 39 27 24 59 54 55 49 43 36 19 39 54 36 28 34 39 27 18 31 1 33 62 53 28 58 56 44 51 37 27 34 39 55 19 20 12 32 31 54 45 54 62 33 25 28 24 27 19 39 54 31 21 43 3 27 16 32 29 20 21 26 35 36 58 46 37 55 20 35 59 57 9 36 40 55 43 48 58 28 32 24 52 30 39 55 48 30 36 11 22 23 9 17 20 39 56 52 30 35 21 33 18 35 58 45 16 44 51 37 53 14 37 25 10 44 54 38 55 41 24 24 51 55 43 47 29 29 22 19 46 24 44 9 22 43 30 20 36 33 21 15 51 61 23 37 47 30 47 40 39 20 54 55 17 30 47 22 53 17 14
43 59 70 19 22 14 37 23 14 40 55 58 3 21 59 39 19 41 39 34 43 10 30 35 28 19 45 52 15 51 37 18 39 31 61 11 38 59 36 40 42 15 45 40 62 20 55 42 16 65 36 15 16 46 8 33 24 4 45 52 49 34 59 17 55 52 22 7 40 41 11 57 49 17 21 33 34 29 43 54 6 5 39 34 13 20 60 42 8 15 54 41 67 62 46 22 43 56 33 59 19 11 8 45 36 30 46 21 32 3 40 52 26 12 50 34 44 43 45 46 40 46 34 55 56 47 27 32 26 30 37 36 53 61 29 28 29 43 35 9 47 54 35 45 41 61 33 37 43 41 32 47 13 26 42 59 39 46 55 35 30 28 42 34 54 20 20 46 49 22 4 44 0 16 16 29 51 47 27 31 38 27 36 39 26 31 45 7 12 37 14 17 32 18 17 45 35 26 20 15 2 4 24 23 8 2 54 56 35 49 22 46 6 37 49 63 40 46 54 34 45 14 21 41 30 17 56 16 63 50 26 33 62 54 4 13 60 16 14 55 42 58 13 31 67 16 20 48 61 51 33 38 47 32 52 28 56 18 61 25 42 50 49 39 19 14 8 8 43 51 1 18 61 18 53 44 51 20 18 48 30 42 33 54 45 9 34 60 9 55 38 37 46 44 7 45 41 10 39 34 33 50 20 26 49 41 47 40 34 13 39 46 29 46 31 30 13 27 45 23 46 5 37 28 57 24 48 50 60 36 35 49 35 44 23 32 52 54 33 30 39 34 27 42 25 43 11 50 55 27 20 40 14 11 3 50 24 41 14 43 9 35 19 26 16 17 35 12 11 28 32 43 35 30 11 21 30 36 4 28 44 44 23 41 5 11 49 46 43 11 43 56 8 68 26 53 12 61 59 66 31 54 32 14 44 60 44 32 19 47 13 48 34 19 61 14 37 27 41 30 34 61 64 27 35 24 55 63 23 56 54 21 46 6 54 45 29 57 43 52 29 27 43 36 36 25 62 42 44 57 60 28 27 38 47 29 49 18 5 11 36 57 23 17 14 25 18 44 9 29 31 40 9 34 57 32 49 42 40 33 25 29 15 59 43 15 42 16 41 3 29 1 56 48 10 32 32 20 43 20 16 41 15 8 26 25 49 14 47 40 21 48 30 29 3 22 13 39 39 32 17 31 47 61 33 35 9 17 23 8 5 41 30 52 59 29 33 12 44 15 50 24 11 33 49
40 49 55 31 14 9 24 20 16 32 41 44 17 19 43 25 24 35 29 22 31 14 19 19 19 18 30 42 11 40 32 18 26 29 47 13 28 44 27 24 35 18 34 27 47 20 41 38 26 49 27 28 26 34 11 18 15 19 36 37 35 28 43 3 40 37 19 12 26 34 5 41 34 20 7 27 28 17 36 43 20 11 28 26 21 13 44 27 10 19 39 26 51 47 33 13 32 43 28 45 22 8 12 30 22 15 33 21 19 18 26 37 21 21 36 22 35 29 29 31 33 34 24 43 41 32 13 25 12 17 30 22 41 45 14 14 15 35 23 17 31 40 21 30 33 45 22 22 27 26 28 32 14 17 27 43 24 35 41 24 19 26 28 22 38 10 12 31 33 7 18 34 16 0 20 20 38 33 13 16 34 17 31 30 22 17 30 21 5 25 19 26 21 25 15 31 24 19 9 7 17 14 10 24 10 17 39 41 32 39 9 32 18 35 33 48 29 31 43 21 34 9 24 34 16 11 41 14 47 35 10 21 47 43 17 20 45 14 6 40 35 43 16 17 51 15 20 35 45 37 20 28 33 17 39 14 41 25 46 23 34 36 35 26 23 14 9 15 35 38 16 21 46 29 38 32 37 10 7 33 25 39 30 39 34 23 25 44 11 41 30 21 30 33 12 30 29 13 28 18 18 35 8 11 39 31 32 29 26 12 25 31 15 35 22 24 7 13 30 12 31 19 21 14 41 12 33 41 44 23 33 40 27 34 19 16 36 40 24 15 24 21 11 27 22 28 17 34 45 25 9 26 14 6 16 39 14 26 23 31 12 28 22 17 23 6 20 5 9 16 27 29 22 24 9 8 21 31 19 23 29 31 10 38 13 7 34 30 34 23 33 42 11 52 18 37 23 45 44 51 17 39 18 13 34 44 36 25 17 36 25 34 25 6 46 18 23 23 37 16 26 46 49 22 22 21 44 47 20 41 39 20 31 14 41 29 15 42 34 36 18 12 27 21 21 10 46 27 34 42 45 24 15 23 37 25 37 4 14 25 22 42 25 9 16 10 19 28 19 24 21 24 12 24 43 30 36 27 25 19 23 22 13 44 39 17 28 1 32 15 20 15 42 33 23 21 18 15 30 12 21 26 22 10 12 23 36 22 33 27 6 32 15 24 19 18 11 27 24 20 5 17 32 45 18 22 20 30 12 12 17 26 20 36 43 16 25 25 29 10 36 17 21 28 35
56 47 71 16 14 12 43 9 5 51 47 62 19 34 58 44 5 53 28 26 50 8 22 35 19 6 44 41 9 41 49 32 45 44 64 24 47 59 25 37 54 3 35 47 63 34 60 55 10 65 25 14 9 36 19 36 34 15 34 47 41 20 55 19 58 51 34 12 45 28 16 57 48 2 21 45 46 22 55 44 14 17 47 45 6 13 59 45 18 2 51 44 67 64 36 15 33 46 19 63 3 21 11 48 40 28 53 35 38 14 45 48 38 7 42 25 54 35 47 48 52 54 43 45 55 46 22 20 22 37 49 33 43 59 31 24 24 31 26 24 44 46 40 41 29 61 24 37 42 36 44 48 26 36 37 59 35 36 48 25 21 42 47 25 54 15 30 46 48 26 20 53 16 20 0 19 41 40 32 32 51 18 48 49 13 25 45 14 16 44 29 8 23 5 6 40 43 37 28 24 15 18 20 7 13 16 57 56 48 37 19 38 22 50 50 65 30 49 43 26 35 24 5 53 26 28 53 7 64 52 28 40 61 44 20 5 62 28 23 57 54 60 27 27 68 29 5 54 60 43 39 28 40 33 58 34 51 6 63 10 30 44 53 32 3 27 16 9 53 43 17 3 60 13 54 34 43 29 26 44 42 55 46 56 35 15 23 58 21 60 26 36 44 33 20 48 49 23 47 36 35 45 17 27 38 50 44 48 21 25 44 44 26 54 41 17 14 33 40 18 42 21 35 33 56 31 47 38 57 42 49 37 46 33 11 33 51 59 43 33 38 40 27 44 12 40 5 52 43 12 28 45 7 18 14 38 33 42 7 51 10 22 34 35 5 25 35 17 11 35 44 47 41 42 22 28 40 48 15 40 48 37 19 54 18 14 50 47 31 12 33 50 12 69 37 50 10 61 61 67 25 55 37 26 53 60 31 21 32 36 12 43 23 17 63 28 32 14 54 35 44 62 67 14 26 10 45 64 36 58 57 35 49 20 46 44 34 54 53 53 38 26 42 39 39 29 61 39 32 52 59 15 34 35 35 14 56 19 19 15 29 51 8 27 28 30 4 43 25 16 21 39 22 43 61 45 55 45 43 28 11 17 27 58 56 29 46 19 29 13 39 15 49 45 13 40 28 32 49 13 2 36 5 14 31 39 41 6 42 31 25 47 34 41 18 34 10 46 41 26 24 36 45 61 37 41 9 15 31 21 12 40 21 48 57 35 20 13 47 26 43 35 9 45 54
58 31 56 35 8 16 36 11 18 47 28 50 32 38 41 35 22 53 10 7 43 21 4 22 1 14 29 24 15 23 50 37 38 47 51 31 43 44 8 22 51 18 17 39 48 39 49 56 29 49 8 33 28 18 27 27 32 31 17 29 22 11 37 17 46 35 38 23 37 15 21 42 32 18 15 45 46 5 52 26 31 26 42 43 24 10 42 34 26 20 33 34 52 50 18 8 15 28 11 50 18 26 22 37 32 15 45 40 32 29 36 30 39 25 23 6 49 17 34 35 51 47 38 27 39 31 9 8 11 31 47 16 25 43 21 11 9 15 7 34 28 27 32 23 14 45 5 23 26 18 46 34 33 34 19 44 19 18 29 7 3 45 39 6 38 11 30 31 32 22 33 48 29 20 19 0 23 22 26 22 53 3 49 44 8 9 31 30 20 37 38 26 4 24 15 22 38 37 26 26 29 29 11 18 21 30 45 41 50 20 12 19 33 53 36 50 11 36 25 8 17 28 19 51 12 30 36 15 49 38 20 35 44 26 32 23 48 33 25 44 52 45 35 13 54 34 15 45 44 24 32 10 21 21 48 28 32 25 49 13 15 26 41 13 21 33 23 23 51 24 29 18 43 32 39 16 24 28 26 27 43 57 48 43 17 33 6 41 28 48 11 22 27 15 28 36 42 31 41 26 23 27 13 17 21 45 26 42 7 30 36 28 12 48 38 7 18 27 22 8 24 34 20 27 40 28 30 22 39 35 52 21 44 15 9 23 36 47 40 24 23 33 18 32 10 23 22 38 26 14 27 37 16 22 28 21 31 28 25 44 21 9 40 35 24 25 23 22 19 31 46 37 34 42 27 26 38 50 30 42 38 18 10 57 28 20 35 34 15 30 15 31 22 53 36 32 28 45 47 52 10 41 30 32 48 44 17 6 36 18 31 24 5 14 50 36 15 10 55 28 43 47 52 9 8 12 27 49 39 43 44 39 37 30 27 28 28 36 48 38 35 16 27 30 28 23 45 22 15 34 43 9 30 18 19 12 48 16 29 33 10 32 18 28 35 25 16 28 35 9 2 24 29 39 49 49 47 35 32 11 13 6 32 42 57 36 35 19 13 27 37 28 30 28 31 36 13 34 41 10 21 19 24 23 25 42 22 25 23 12 22 32 26 42 32 37 17 39 30 8 24 28 28 46 28 33 27 34 29 30 27 25 2 30 40 29 7 31 37 30 25 35 27 46 44
72 15 48 56 30 38 45 32 40 58 9 49 53 56 33 41 43 66 14 18 50 42 22 28 24 36 27 9 37 5 64 56 45 63 48 51 53 38 17 23 62 40 7 46 41 56 50 69 51 42 18 54 50 5 48 35 47 53 11 17 7 24 25 36 45 30 55 45 43 18 41 37 27 39 32 59 59 23 64 6 52 47 51 56 46 32 33 37 47 42 23 38 44 46 6 30 9 5 26 48 40 45 44 39 40 27 50 58 42 51 42 18 55 47 7 18 58 11 36 36 63 54 49 5 30 28 25 23 27 42 59 20 4 33 32 25 24 15 17 54 24 8 40 18 16 38 19 28 26 16 61 33 52 49 15 39 20 6 12 16 22 60 45 18 33 32 47 29 28 38 54 56 51 38 41 23 0 11 39 31 67 25 63 54 28 22 30 53 40 46 57 48 20 45 37 15 49 52 43 45 51 50 29 38 43 52 45 36 65 8 31 8 54 68 35 43 12 38 7 18 8 46 39 63 24 48 26 37 44 37 34 46 34 5 53 45 43 52 44 41 63 41 54 23 48 52 36 48 35 7 42 14 10 30 50 40 18 46 45 33 15 14 42 13 42 52 44 44 61 6 51 39 34 53 35 8 6 45 43 19 58 71 64 42 7 55 19 31 48 49 18 27 24 10 49 38 50 50 50 34 32 18 32 31 9 55 19 51 21 50 43 25 25 56 50 25 39 40 17 28 18 55 25 39 34 42 25 12 28 44 67 12 56 10 31 32 32 48 52 35 25 43 31 35 31 20 44 37 12 33 43 44 39 43 50 8 45 31 47 52 43 22 59 49 45 43 29 42 41 44 60 41 44 56 47 42 51 64 52 57 42 8 29 71 49 41 33 34 14 52 9 14 44 46 51 24 50 37 43 46 22 38 40 51 56 37 16 21 54 8 53 14 19 33 46 56 18 29 68 39 55 42 48 29 17 33 7 42 56 39 41 57 39 51 7 26 40 24 58 35 47 29 27 37 35 37 38 20 13 20 34 28 43 21 9 30 52 35 50 55 17 17 37 46 54 39 38 27 56 27 21 26 49 50 48 65 51 39 37 21 32 25 50 35 71 55 39 38 15 49 50 50 13 21 53 47 22 51 47 32 42 18 45 44 39 59 6 46 14 12 38 30 37 57 54 53 39 47 34 19 42 39 22 39 37 42 49 56 44 50 49 26 21 21 30 40 22 53 40 48 12 51 49 60 47
63 26 39 56 27 34 34 32 38 48 9 38 49 48 23 31 43 56 17 15 39 40 19 19 22 35 17 20 34 16 54 48 35 55 38 45 43 28 20 13 52 39 13 35 32 49 39 60 50 32 20 53 49 11 43 25 39 49 19 9 5 28 17 30 34 19 47 41 33 24 37 27 17 39 27 50 50 19 54 17 50 43 41 46 45 29 24 27 41 41 13 28 34 36 10 27 13 14 29 38 39 40 40 29 29 19 40 51 33 47 31 9 46 45 5 16 48 5 25 26 53 44 40 15 21 17 21 25 22 33 50 12 15 24 23 20 19 21 15 49 13 8 30 7 22 28 17 18 16 7 52 23 46 40 6 29 11 14 9 16 20 52 34 16 22 28 39 19 18 31 50 45 47 33 40 22 11 0 30 22 58 22 54 44 29 17 19 50 36 36 51 47 18 45 35 4 39 43 35 38 47 46 24 39 39 48 35 26 57 18 26 5 49 59 25 34 14 27 18 15 15 40 40 54 17 41 17 35 34 26 26 36 25 16 49 44 33 45 38 31 54 30 48 17 38 46 36 38 25 5 33 16 1 21 39 31 11 46 34 34 22 5 32 9 42 45 40 42 51 8 47 39 25 52 25 10 6 37 36 8 49 62 55 31 14 52 21 22 43 38 22 17 13 16 44 27 40 45 40 24 22 8 28 23 19 44 9 41 23 43 32 14 19 45 41 26 35 32 6 24 7 51 15 30 24 34 15 22 20 34 58 21 47 17 31 22 22 37 43 26 15 33 23 24 31 9 42 26 22 35 36 33 36 37 46 18 37 20 46 41 39 25 52 41 45 36 19 36 37 35 52 30 34 47 41 34 42 55 48 49 31 6 25 62 45 37 22 23 20 50 15 10 40 36 42 14 48 27 33 36 17 28 30 44 46 28 23 23 46 17 51 4 20 29 36 49 11 30 59 30 45 32 38 30 14 33 17 33 49 29 31 49 28 45 10 16 31 16 47 25 38 22 17 27 25 28 28 10 19 13 25 30 34 12 18 32 42 29 46 53 12 11 39 39 47 31 37 16 51 29 20 15 44 40 37 56 40 29 26 15 33 26 43 25 61 48 28 33 21 45 41 46 10 11 50 38 16 43 36 29 42 9 44 40 30 51 6 45 3 10 30 19 27 48 50 45 35 37 24 15 35 29 12 30 27 32 46 55 36 45 45 15 20 11 21 31 24 51 30 41 4 43 47 51 36
34 52 45 43 23 20 12 30 28 22 39 32 27 19 35 13 36 28 33 25 19 26 24 13 26 29 22 45 23 42 25 19 14 25 35 19 17 34 32 19 26 30 36 15 36 20 29 31 38 39 33 39 38 35 20 8 9 30 40 32 34 36 37 14 29 28 18 24 14 40 17 31 26 31 13 20 21 22 27 45 32 22 17 18 33 22 36 16 20 31 33 15 41 36 35 22 34 43 37 33 33 16 24 19 10 13 21 22 7 29 14 32 16 33 35 26 24 29 19 20 25 23 13 44 32 24 18 33 16 5 22 19 43 37 8 17 18 40 26 24 25 38 9 25 39 35 26 15 19 24 23 22 19 10 25 33 20 37 37 28 25 22 16 27 29 19 11 22 25 6 28 23 27 13 32 26 39 30 0 9 29 24 25 19 31 20 21 32 17 13 24 38 26 37 27 27 13 13 7 13 28 24 16 36 22 28 27 31 27 42 16 32 26 30 23 37 32 20 44 24 37 14 35 26 17 13 34 26 37 25 6 10 38 44 26 32 34 17 13 29 26 32 21 17 40 18 31 23 36 35 8 32 31 10 26 2 36 37 35 33 39 32 23 27 35 18 20 27 25 37 26 32 37 41 28 33 36 9 10 28 19 33 25 28 37 34 31 36 19 29 36 15 24 37 20 19 18 20 16 9 10 30 16 10 42 20 27 17 33 17 13 23 15 23 12 32 19 2 26 19 26 28 16 2 32 4 26 45 37 11 29 44 19 38 29 9 27 28 14 6 18 9 9 16 32 23 29 24 48 36 8 14 25 17 27 42 7 17 35 20 24 35 23 11 35 10 13 16 22 5 22 17 10 18 16 6 13 25 29 19 18 31 17 32 23 19 24 20 39 35 36 38 23 42 12 30 35 36 33 40 19 28 6 17 23 35 41 32 17 39 37 30 30 16 35 22 21 33 30 4 17 35 38 32 25 31 45 37 19 31 28 20 20 23 40 22 3 35 23 26 9 11 20 10 10 4 36 22 39 37 36 33 5 19 40 35 25 14 23 37 24 37 36 11 20 3 30 21 26 33 27 18 19 13 31 26 24 15 14 20 34 30 16 34 32 21 16 13 38 27 12 26 38 27 35 10 17 14 18 21 33 22 34 21 1 21 35 35 29 29 7 23 5 19 29 16 23 15 13 23 10 5 26 35 7 9 32 42 6 21 28 19 26 31 35 4 32 36 17 14 33 13 33 22 23
42 44 40 46 20 22 15 29 29 28 30 30 32 27 28 14 36 35 26 19 22 28 19 4 21 28 14 38 24 34 33 28 17 33 32 26 23 28 26 11 32 30 28 18 32 28 28 39 40 34 27 42 40 27 25 6 18 35 33 24 26 32 29 15 26 22 26 27 16 34 21 26 19 31 12 28 29 17 34 37 36 26 22 25 35 21 29 13 25 32 25 13 36 33 27 19 27 35 33 31 33 22 27 17 11 7 24 30 12 33 14 24 25 35 27 19 29 20 15 16 32 26 19 35 26 17 14 29 12 12 29 11 34 30 3 11 13 33 20 30 17 30 11 17 32 30 20 7 12 16 31 17 27 18 17 28 12 30 29 22 20 30 18 20 23 18 19 15 18 11 33 27 31 16 32 22 31 22 9 0 37 20 33 25 28 14 14 36 20 17 32 39 20 37 27 19 19 22 14 19 32 29 13 35 25 33 26 25 35 34 14 23 32 38 18 33 25 17 37 18 30 21 35 33 11 20 26 26 32 20 6 15 31 36 32 34 30 24 19 25 33 28 29 10 37 25 30 24 30 27 12 26 22 1 27 10 28 38 31 32 33 24 21 20 35 26 24 29 32 29 31 32 30 43 23 25 27 17 17 20 27 41 33 24 29 39 26 29 25 28 31 6 16 30 26 16 22 26 21 4 3 22 16 6 35 25 19 22 28 24 15 16 10 28 20 27 21 10 17 16 18 34 8 9 26 13 18 37 29 14 37 37 26 31 26 1 21 27 22 4 9 13 5 12 29 15 31 20 40 33 15 16 26 21 32 35 15 10 37 23 27 30 32 19 36 17 5 20 24 14 30 16 14 26 22 13 20 33 34 27 17 23 14 40 28 22 18 15 32 38 29 29 26 37 21 23 37 30 29 36 13 24 10 25 27 29 35 27 26 32 40 22 25 15 31 30 13 30 38 9 25 31 35 29 19 30 37 32 27 26 25 28 17 28 31 14 9 28 28 21 17 7 12 8 8 7 31 14 32 29 30 30 13 11 33 32 27 15 29 40 17 29 35 19 28 10 30 13 32 30 22 10 25 20 29 34 25 14 11 13 31 27 24 28 40 29 14 16 32 31 20 31 30 18 38 17 10 22 20 20 34 14 35 25 9 29 27 36 21 21 11 17 6 27 34 24 24 18 9 16 16 8 18 30 7 12 34 44 15 27 32 11 21 22 28 10 28 39 16 22 24 22 36 30 23
6 80 59 56 48 41 26 54 47 15 66 43 35 18 55 30 55 6 61 53 26 44 51 40 52 50 46 73 45 71 5 20 26 7 47 28 18 52 60 46 12 49 64 27 53 18 37 5 53 56 60 52 53 64 32 33 21 40 68 58 62 62 60 37 42 50 17 39 29 67 36 50 49 51 39 9 9 49 12 73 42 35 21 13 49 47 56 36 33 50 57 34 57 50 63 47 63 71 62 44 53 31 41 36 30 42 28 17 26 41 31 58 14 49 63 54 18 57 39 40 9 24 20 72 54 47 45 59 43 26 11 48 71 57 36 44 46 67 54 29 50 66 29 52 66 54 54 41 45 52 7 43 26 20 53 51 48 66 65 56 52 10 29 54 50 44 23 45 48 31 36 21 38 34 51 53 67 58 29 37 0 50 5 18 56 48 44 43 37 25 25 54 53 54 48 55 21 17 27 29 40 35 43 57 39 39 40 50 3 70 42 60 33 3 42 53 60 38 73 52 66 28 56 9 45 24 57 47 52 43 34 23 58 72 34 49 49 23 30 45 10 49 26 45 54 23 52 32 56 63 26 60 59 38 34 28 62 54 49 57 67 59 38 56 54 25 36 43 13 65 37 52 57 55 47 61 64 25 28 54 10 5 6 43 65 45 59 58 30 39 64 42 49 65 32 37 23 29 22 35 37 56 41 38 71 18 53 22 60 26 29 48 44 22 18 57 39 27 53 45 53 35 44 29 52 26 50 73 59 26 4 72 12 66 52 36 48 39 16 33 44 26 37 37 56 50 46 42 76 59 27 28 46 34 40 71 23 41 51 23 42 61 20 19 52 29 40 35 40 24 8 33 26 12 30 28 17 4 41 12 33 60 43 4 34 37 45 41 67 48 64 64 40 57 18 55 49 55 47 55 47 46 28 25 20 53 69 58 20 68 49 57 58 40 48 24 50 57 5 29 13 52 51 56 54 55 74 52 16 48 44 17 37 33 68 46 28 60 18 45 20 39 44 33 34 32 55 49 66 62 56 58 25 47 68 59 29 38 34 48 52 63 57 26 24 29 51 45 30 58 54 44 30 19 42 7 30 34 35 48 57 56 24 54 5 24 35 35 65 40 18 38 65 52 46 21 46 20 28 46 52 50 51 38 29 13 64 51 57 57 32 46 31 11 38 18 43 25 36 51 30 29 51 53 32 28 46 54 25 31 42 44 53 56 57 28 59 48 34 26 60 18 48 8 33
55 34 55 34 5 14 34 11 16 45 29 49 29 35 41 32 21 50 13 8 41 19 4 20 3 13 28 26 12 25 47 35 36 45 50 28 40 43 10 21 49 17 19 37 47 36 47 53 28 49 11 31 27 20 25 24 30 29 20 29 23 13 38 14 44 35 35 21 34 18 18 41 31 17 12 42 43 4 50 28 29 24 39 40 23 7 42 32 23 19 33 32 51 49 19 6 17 30 14 49 18 23 20 35 30 14 43 37 29 27 34 30 36 24 24 8 47 18 33 34 48 45 36 29 38 30 6 10 9 28 44 15 27 42 19 9 8 18 9 31 28 28 30 23 17 44 6 22 26 18 44 33 30 31 19 44 18 20 30 9 3 42 36 7 37 8 28 30 32 20 30 45 27 17 18 3 25 22 24 20 50 0 46 42 9 8 30 29 17 35 35 26 5 23 13 22 36 34 24 23 27 26 8 18 19 28 44 40 48 23 9 20 31 50 35 49 14 35 27 8 19 25 18 49 10 27 36 13 48 37 18 33 44 28 29 22 47 30 23 43 49 44 32 11 53 31 14 43 43 25 30 12 22 20 46 25 33 24 48 14 18 26 40 14 20 30 21 21 48 26 27 17 43 30 38 17 25 25 23 27 40 55 45 42 19 31 9 41 26 47 14 21 27 18 26 34 40 28 39 24 22 28 10 15 23 43 26 40 10 28 34 28 11 46 35 9 15 25 23 5 24 31 19 24 40 25 30 25 39 33 49 24 41 18 9 21 35 46 37 22 22 31 16 30 11 22 20 37 29 15 24 35 15 20 26 24 28 27 24 42 19 12 38 32 23 22 21 19 17 28 43 35 32 39 24 23 35 47 28 39 36 19 8 54 26 18 34 32 18 28 17 32 20 53 33 32 26 44 46 52 9 40 28 29 45 44 20 9 33 21 30 25 8 11 48 33 15 11 52 26 40 47 51 10 9 12 29 48 37 42 42 37 35 27 29 27 25 36 46 37 32 14 26 28 27 20 45 22 18 35 42 11 27 18 21 13 45 13 27 31 11 33 18 25 32 22 15 27 33 11 5 23 26 36 47 46 45 33 30 10 13 7 29 42 54 33 33 16 16 25 34 26 31 27 29 33 12 31 39 8 20 19 22 20 23 39 24 23 24 14 19 31 24 39 30 34 15 37 28 8 21 26 27 45 26 31 25 33 26 27 24 24 4 30 39 26 9 29 35 27 26 33 25 43 42
10 76 55 54 44 38 21 50 44 11 62 39 34 16 51 25 52 6 57 49 22 41 47 36 49 47 41 69 41 66 1 18 22 7 43 25 14 48 56 42 10 46 60 23 49 16 33 7 51 52 57 50 50 59 30 29 17 39 64 54 58 58 56 34 38 46 14 37 25 63 33 46 45 49 35 5 4 45 10 69 41 33 17 8 47 43 52 32 31 47 53 30 53 46 59 43 58 67 59 40 51 28 38 32 26 37 24 16 22 39 26 53 11 47 59 50 15 52 34 35 6 20 15 67 50 43 41 56 39 21 7 43 66 53 32 40 42 63 50 28 45 61 25 48 62 50 50 37 40 48 5 39 24 15 49 47 44 61 60 52 48 8 25 50 45 40 20 41 44 27 34 17 36 31 48 49 63 54 25 33 5 46 0 14 52 44 40 42 34 20 23 52 49 52 45 50 16 13 23 25 38 33 39 54 36 37 36 46 5 66 38 55 31 7 38 49 56 34 68 48 61 25 53 7 41 21 53 44 48 39 30 18 54 68 33 47 46 21 26 40 8 44 24 41 50 20 49 28 52 59 22 56 54 33 30 23 57 52 45 53 63 55 34 51 51 22 33 41 10 61 35 50 53 53 43 57 59 22 24 50 7 9 5 38 61 43 55 53 28 35 60 37 44 61 30 33 18 26 18 30 32 52 38 34 66 15 49 17 56 24 24 44 39 19 14 54 36 23 49 41 49 33 39 25 48 22 45 69 55 22 7 68 8 61 49 32 43 35 12 29 40 22 33 33 52 46 44 38 72 56 23 24 43 31 38 66 19 36 49 20 39 57 19 15 50 25 35 32 37 20 4 29 21 8 27 24 13 1 39 9 29 55 39 8 31 34 41 37 63 46 60 60 37 53 14 50 47 51 44 51 43 42 24 23 16 49 65 54 17 63 48 53 54 36 44 23 45 54 7 24 9 48 47 53 49 51 69 49 14 44 39 15 33 31 63 42 24 55 14 41 16 35 40 28 30 27 51 45 62 58 52 54 20 43 64 56 25 34 32 46 48 59 54 23 22 25 48 41 28 55 50 39 28 14 38 7 26 29 30 44 54 52 22 50 9 22 30 32 61 37 13 36 61 48 45 17 42 17 24 42 49 46 49 35 25 11 59 49 52 53 28 41 27 8 36 15 40 21 32 47 26 25 47 49 27 23 43 52 21 28 39 40 49 52 53 23 55 47 30 23 56 14 45 4 30
20 68 42 58 41 38 10 49 45 4 52 26 39 22 39 14 53 13 51 43 8 42 42 27 44 46 30 62 41 58 13 24 10 19 30 30 2 35 50 32 8 47 52 10 35 22 20 17 53 38 51 54 53 51 32 20 16 43 57 43 49 54 44 32 25 34 20 39 13 58 33 33 33 49 31 11 11 40 10 60 45 35 4 8 49 41 40 20 33 48 41 18 40 33 50 40 51 58 55 27 51 30 39 19 15 30 11 24 13 42 14 42 15 49 49 43 5 44 22 23 10 8 7 59 37 31 36 51 34 14 7 35 58 41 25 35 36 57 44 33 34 51 15 38 56 37 44 27 30 39 15 26 28 14 39 34 35 54 50 46 43 17 12 44 33 38 20 29 32 24 39 5 39 30 49 44 54 44 19 25 18 42 14 0 49 38 28 46 34 9 30 54 44 53 45 41 7 14 22 26 41 36 34 54 37 41 23 33 18 58 34 47 36 19 26 36 49 22 60 42 54 27 53 10 35 23 41 44 35 26 25 10 41 59 38 48 33 25 27 28 10 32 29 34 37 25 48 15 39 49 13 50 45 25 17 17 46 53 32 52 57 45 21 44 52 27 34 42 8 51 39 50 40 56 30 49 50 21 24 39 14 20 17 26 53 48 50 41 31 22 54 28 34 54 33 21 6 30 5 21 24 41 35 28 59 2 38 5 51 27 13 33 33 7 9 50 36 18 39 37 39 39 30 18 35 18 34 62 43 11 20 61 7 55 47 24 31 22 7 22 30 12 27 22 50 36 45 25 64 54 22 12 43 32 41 59 17 25 51 7 40 53 27 14 51 25 26 32 38 15 14 17 11 12 29 22 10 15 43 15 16 47 35 20 35 35 28 25 56 49 53 49 38 40 14 39 50 38 31 38 37 29 15 26 5 36 59 50 23 56 51 43 49 34 31 29 37 51 16 17 7 34 34 50 43 50 61 36 20 31 27 22 20 35 54 31 17 43 4 28 12 29 29 18 20 22 38 35 56 46 39 51 16 34 57 53 13 32 35 50 41 48 53 23 27 21 48 30 34 51 45 29 31 6 25 19 13 17 19 37 52 49 25 37 19 28 18 31 56 41 11 39 50 37 49 10 34 20 11 40 50 37 50 36 20 19 50 51 42 45 25 30 19 14 41 19 40 9 21 40 26 17 36 36 19 13 46 56 19 32 43 30 44 40 40 16 51 50 18 25 46 17 48 13 17
61 34 64 28 9 15 42 4 13 52 35 57 29 39 49 41 15 56 15 15 48 17 11 29 8 9 37 28 13 28 53 38 43 49 58 31 47 52 12 29 55 13 22 45 56 40 56 59 23 57 12 27 22 24 27 33 36 27 21 37 29 8 45 19 53 43 40 21 43 15 21 50 40 11 19 48 49 13 57 31 26 25 47 47 19 9 50 41 25 15 41 40 59 58 24 10 20 33 8 57 12 26 19 44 38 22 51 41 37 25 42 37 42 20 30 14 54 24 41 43 54 53 43 32 46 39 15 7 17 36 51 24 30 50 27 17 16 18 15 33 36 34 38 31 16 53 13 30 34 26 49 42 33 37 27 52 27 23 36 14 10 47 45 13 46 12 33 39 40 26 30 53 26 22 13 8 28 29 31 28 56 9 52 49 0 16 38 26 20 43 37 20 12 17 10 29 43 39 29 27 26 27 15 11 20 27 52 49 53 24 16 26 32 56 44 57 18 43 30 15 22 29 11 55 19 32 44 11 57 46 26 40 52 31 30 18 55 34 27 51 56 53 34 20 61 35 8 51 51 31 38 15 29 28 54 33 40 18 56 5 17 33 48 20 14 33 22 19 55 31 27 12 51 25 47 22 30 31 28 34 46 60 51 50 22 28 10 49 28 55 13 29 35 20 27 43 48 30 47 32 30 35 15 23 25 50 34 48 8 31 42 36 19 54 42 4 18 32 30 12 32 31 28 32 48 32 38 25 47 41 54 24 48 20 4 29 44 54 44 30 30 39 24 39 3 30 17 45 30 6 30 43 13 23 25 25 34 36 20 50 18 9 41 38 18 27 30 22 18 35 48 43 40 45 28 29 41 52 26 44 44 25 15 59 27 20 43 41 18 25 20 38 20 61 39 40 23 52 54 60 17 49 36 33 53 52 18 8 37 23 25 32 10 16 57 36 23 2 58 34 46 55 60 1 15 5 32 56 41 51 51 41 44 28 34 36 33 44 53 46 39 22 35 36 35 28 53 30 19 42 50 3 34 26 22 4 54 19 28 28 18 40 10 30 35 29 11 35 34 3 10 31 29 43 56 51 53 41 38 19 5 4 33 50 60 36 41 21 16 24 40 26 37 35 26 40 20 36 47 10 15 27 18 21 30 44 29 19 31 19 25 40 31 45 29 39 15 45 36 15 26 34 35 54 34 38 22 28 32 29 23 33 10 38 47 34 7 26 43 31 32 38 22 49 50
53 33 48 40 11 18 29 18 22 41 25 42 32 35 34 27 28 47 14 5 35 24 6 14 9 20 21 26 18 24 45 34 30 43 43 30 36 36 13 14 45 23 17 31 40 35 41 50 34 42 14 37 33 17 27 19 27 33 20 23 19 19 31 15 38 28 34 25 29 21 21 34 24 23 11 40 40 4 46 26 33 27 35 37 29 13 34 26 26 25 26 25 44 42 17 11 15 26 20 42 25 24 24 29 24 8 37 37 25 31 28 23 34 30 20 6 42 12 26 27 45 40 32 26 31 23 4 16 6 24 41 8 25 35 13 4 3 20 7 33 20 23 24 16 19 37 7 15 18 12 42 26 31 29 13 36 11 19 25 9 7 40 31 7 30 12 26 23 24 18 33 40 31 17 25 9 22 17 20 14 48 8 44 38 16 0 22 33 20 30 36 32 7 30 19 16 31 32 22 23 31 30 8 25 23 32 37 33 46 23 10 16 34 49 28 42 13 28 26 5 18 25 25 45 4 27 29 19 41 30 14 28 37 26 33 28 39 30 23 36 46 37 33 4 46 31 21 37 36 20 25 13 17 14 40 22 26 30 41 21 20 20 33 10 27 31 24 25 44 22 31 24 36 37 31 15 21 24 22 20 38 52 44 35 18 36 13 34 27 40 17 14 20 17 28 28 35 29 34 18 16 21 11 10 23 38 19 35 15 28 28 20 5 41 32 15 19 21 16 8 17 35 12 20 33 22 23 25 33 28 47 25 38 18 16 15 28 39 34 17 15 26 11 24 18 15 26 30 29 22 23 29 20 22 30 23 25 20 31 37 23 17 38 29 29 22 15 21 21 25 41 28 27 37 25 21 32 44 32 37 29 15 8 51 29 20 27 25 19 34 17 26 24 45 31 25 32 37 39 44 1 33 23 30 41 37 22 13 33 20 35 19 12 13 41 34 8 18 50 22 37 39 44 17 6 19 27 41 36 35 35 36 29 30 25 20 21 29 41 30 29 9 19 22 21 17 38 15 19 28 35 18 24 10 21 20 40 14 30 37 6 27 25 25 33 19 22 20 35 17 8 16 28 32 41 44 39 26 23 3 20 14 29 35 52 34 27 17 18 29 31 30 26 20 34 29 5 30 33 13 26 12 29 24 19 38 20 30 18 10 17 24 19 37 34 33 19 32 22 3 21 21 20 38 20 25 30 39 24 29 29 17 8 24 32 22 14 35 29 27 20 31 31 41 36
48 44 27 59 32 35 19 40 42 32 25 21 46 39 14 15 49 41 32 25 22 42 27 11 31 40 3 38 37 34 40 40 19 42 21 39 27 15 33 10 36 43 30 19 18 40 21 45 54 20 34 56 53 28 39 14 29 49 36 15 23 40 17 29 16 8 38 41 16 40 35 13 6 44 25 36 36 26 37 35 50 40 25 32 48 33 15 9 39 45 13 11 22 20 27 31 30 32 41 21 45 35 40 10 15 18 22 42 20 47 14 15 35 49 24 26 31 21 7 7 38 26 25 33 12 4 24 37 23 21 35 15 33 16 17 22 22 38 26 44 7 25 16 12 38 16 27 9 5 16 40 4 40 29 16 15 13 31 22 28 28 40 17 27 9 31 31 1 4 24 47 28 45 30 45 31 30 19 21 14 44 30 40 28 38 22 0 50 34 20 44 52 28 50 40 15 24 32 27 32 46 43 25 47 39 47 17 12 43 35 27 22 46 46 6 20 28 9 36 24 32 34 47 38 20 33 14 39 19 9 20 22 18 35 46 47 17 37 33 14 38 15 42 19 24 38 42 19 16 23 19 31 20 14 21 21 19 51 19 43 37 18 13 22 48 39 38 43 35 26 45 45 17 56 9 27 24 29 30 12 36 48 42 14 31 52 33 16 38 20 37 10 6 33 40 9 24 40 24 13 13 14 29 20 36 28 11 24 35 37 16 5 20 28 27 37 35 22 13 28 13 48 11 20 12 25 6 39 16 19 45 39 32 34 38 14 7 19 29 16 8 19 19 7 40 11 44 8 41 44 28 17 39 35 45 36 27 5 50 24 40 37 44 30 49 30 10 34 38 23 39 13 19 34 36 26 29 41 48 37 13 23 27 47 42 36 5 5 37 52 32 22 40 24 31 11 51 16 17 23 22 11 18 38 29 15 40 35 38 34 54 17 32 29 19 42 17 40 44 19 31 18 22 39 25 41 36 19 38 13 14 40 10 42 27 4 20 16 30 8 26 20 4 13 11 21 17 11 36 18 16 39 24 13 35 42 24 28 43 54 22 20 46 32 40 22 43 3 46 39 30 7 39 26 19 43 22 11 10 20 42 36 36 14 46 41 10 30 37 45 29 44 23 10 52 24 18 34 19 33 47 13 49 39 21 40 25 49 16 24 25 3 17 36 48 36 37 20 9 24 30 18 8 17 15 17 48 58 27 40 46 6 29 13 15 20 36 53 12 35 19 32 49 38 17
49 60 76 13 24 16 43 22 14 47 57 64 8 27 64 45 15 47 40 36 49 11 32 40 29 18 50 53 17 53 43 25 45 36 67 17 44 64 37 44 49 14 47 47 67 27 60 48 10 70 37 9 10 48 14 39 30 3 46 56 51 33 63 22 61 57 28 10 46 41 16 62 54 16 26 39 40 31 50 56 1 11 45 40 9 22 65 48 14 13 58 46 72 68 48 24 45 58 32 65 17 17 10 51 42 34 52 26 38 4 46 56 32 8 52 36 50 45 50 51 46 52 41 57 61 52 30 32 29 36 44 40 55 65 34 31 32 43 37 14 51 56 41 49 41 66 35 42 47 44 38 53 19 32 45 64 43 48 58 37 32 35 48 36 59 22 26 51 53 27 9 51 7 21 14 30 53 50 32 36 43 29 42 46 26 33 50 0 16 43 20 12 34 14 17 49 41 32 26 21 5 10 27 20 12 6 59 61 40 50 25 48 12 43 54 69 41 51 55 36 47 20 19 47 33 23 60 17 68 56 31 39 67 56 9 10 66 22 20 61 48 64 19 35 72 22 19 54 66 53 39 40 50 37 58 34 59 13 66 23 42 53 55 42 15 20 13 9 49 54 8 16 66 12 58 46 53 26 24 52 36 48 39 59 47 3 35 65 16 61 38 41 50 45 13 51 47 16 46 39 38 54 23 31 50 47 51 47 34 19 45 51 33 52 38 30 16 33 48 26 50 10 41 34 62 30 53 51 64 42 41 50 41 45 23 37 57 60 39 35 44 40 32 47 25 47 10 55 55 25 26 45 14 16 5 51 31 46 10 49 11 34 25 32 12 23 40 17 13 34 38 49 41 36 17 27 36 42 4 34 49 47 26 47 11 15 54 51 43 5 45 59 11 73 32 57 6 66 64 71 34 59 38 20 50 65 44 33 25 48 6 51 35 22 66 19 40 27 48 36 40 67 70 26 37 23 57 68 29 62 60 28 51 12 57 49 35 61 50 57 35 31 48 42 42 31 67 46 44 61 65 28 33 42 48 27 55 22 11 5 38 60 21 23 21 30 16 49 15 29 32 44 15 40 63 38 55 47 45 36 24 29 21 64 48 21 48 20 41 6 35 7 59 52 3 38 36 27 49 22 14 44 11 12 32 32 52 10 50 42 27 52 36 35 7 28 15 45 44 35 23 37 51 66 39 41 5 11 29 14 5 46 32 56 63 35 33 5 49 21 53 30 6 39 55
42 50 60 26 13 5 29 17 11 36 43 49 14 20 48 30 20 38 29 23 36 9 19 24 19 14 34 43 8 42 35 19 31 30 52 12 32 48 27 28 39 13 35 32 52 21 46 40 21 54 27 23 21 35 8 23 18 15 36 41 38 27 47 6 45 41 21 7 31 33 2 46 38 16 10 30 31 18 40 44 16 7 32 30 16 11 49 32 7 15 43 31 56 52 35 12 33 45 27 50 18 7 7 35 27 19 38 22 23 13 31 41 23 16 39 23 39 32 34 36 37 39 28 45 45 36 16 25 15 22 34 25 43 50 18 17 17 35 24 14 35 43 26 33 33 50 23 26 31 30 30 37 14 20 31 48 27 36 44 25 20 28 33 24 43 9 15 35 38 12 15 38 12 5 16 20 40 36 17 20 37 17 34 34 20 20 34 16 0 29 19 21 22 20 12 34 28 22 13 9 13 10 12 21 5 13 44 45 34 39 10 35 15 37 38 53 30 36 44 23 36 9 20 38 19 13 45 11 52 40 15 25 51 44 13 15 50 15 8 45 39 48 15 20 56 15 16 40 50 40 25 29 36 21 43 19 44 20 51 20 34 39 40 29 19 14 4 10 39 41 12 17 50 24 43 33 40 13 10 37 27 41 32 44 35 19 25 49 9 46 30 26 35 34 9 35 34 11 33 23 23 39 9 15 40 35 36 33 25 12 30 35 18 39 26 22 3 18 33 13 34 15 26 19 46 16 37 41 48 28 35 40 31 35 16 21 41 45 28 20 28 26 16 32 19 32 12 39 46 22 13 31 10 3 12 40 18 30 18 36 7 27 22 21 18 9 24 3 5 20 30 34 26 27 8 13 24 34 14 26 34 34 12 40 10 2 38 35 34 18 34 45 6 57 22 41 18 50 49 56 19 44 23 13 38 49 36 24 18 37 20 37 25 7 51 17 26 21 40 21 30 51 54 20 24 18 45 52 22 46 44 22 36 11 44 34 20 46 38 41 23 16 32 26 26 15 51 31 34 46 49 22 19 26 38 23 41 7 11 20 25 45 21 12 16 15 15 33 16 23 22 29 10 28 48 32 41 32 30 22 21 21 14 48 42 17 33 5 32 11 23 11 45 37 18 25 21 17 35 10 17 29 17 5 17 25 39 18 36 29 11 37 20 26 15 20 7 32 29 22 9 22 36 50 23 26 15 25 16 10 12 30 20 40 47 21 25 20 34 12 39 20 16 31 40
28 60 37 55 34 33 2 43 40 13 43 23 37 23 32 6 48 21 43 35 7 38 34 19 37 41 22 53 35 50 20 25 3 23 26 28 8 29 43 24 17 42 44 4 30 24 18 25 50 33 44 51 49 43 30 12 14 41 49 35 40 47 36 26 20 26 22 35 5 50 29 27 25 43 25 17 17 32 18 52 42 32 5 13 45 35 33 12 30 43 33 10 34 28 42 33 43 49 48 24 45 27 35 12 7 23 9 26 7 40 7 34 17 45 41 36 13 35 15 16 18 10 5 50 30 23 29 44 27 8 15 27 50 34 17 27 28 49 36 32 26 43 6 30 49 31 36 19 21 30 21 19 27 13 31 28 26 45 41 38 35 22 6 37 26 32 18 21 24 18 37 11 37 25 44 37 46 36 13 17 25 35 20 9 43 30 20 43 29 0 31 50 36 49 39 32 4 15 17 23 39 34 28 48 33 39 18 26 24 50 27 38 35 26 19 31 41 15 52 34 46 24 47 19 27 21 33 38 30 19 18 5 35 51 36 44 27 24 24 22 18 26 29 26 33 25 43 12 33 41 5 42 37 17 15 11 38 49 27 46 49 36 15 35 47 26 31 39 16 43 36 44 34 52 24 41 42 18 20 31 18 28 23 20 45 45 42 34 28 19 47 20 25 46 30 14 6 29 5 13 15 33 29 21 51 9 30 6 44 25 5 25 25 12 9 43 31 12 30 31 30 37 22 12 29 14 26 53 35 3 26 53 13 47 41 16 24 19 9 14 22 4 20 13 43 27 41 18 56 48 18 4 38 28 38 50 13 17 47 7 36 46 28 14 47 21 18 28 33 10 20 9 3 16 26 17 11 21 40 19 10 38 29 27 33 31 21 17 48 46 45 41 35 35 14 31 46 32 25 33 29 23 8 25 11 30 51 42 23 48 48 35 41 28 26 29 29 45 24 9 12 29 30 44 35 44 52 30 22 25 21 23 13 33 45 22 11 36 12 22 9 22 21 10 11 16 32 27 48 38 33 45 11 25 49 47 13 26 33 48 33 39 48 20 27 15 42 22 34 45 38 21 29 6 22 25 12 10 11 29 46 42 24 31 26 28 11 25 48 38 11 37 42 29 46 6 26 19 6 34 45 28 46 33 14 22 42 46 34 37 19 22 12 18 39 20 35 3 13 32 22 10 27 30 10 5 43 53 15 30 39 21 36 32 33 10 43 48 10 23 37 17 45 19 13
29 68 67 31 31 23 31 34 26 30 59 53 12 9 58 34 32 28 47 40 36 22 37 36 37 30 45 61 25 59 24 7 33 18 57 7 29 57 45 41 31 28 52 34 59 9 48 29 29 62 45 28 29 53 11 31 17 17 54 55 54 44 60 22 50 52 10 18 35 51 17 55 49 30 25 22 22 35 32 62 19 13 31 24 26 29 59 39 13 28 56 37 64 58 52 30 51 62 44 54 32 13 19 41 32 33 39 8 27 17 35 54 15 26 55 41 34 48 42 43 28 37 27 62 56 47 32 43 31 26 26 40 60 60 30 33 34 53 42 6 48 59 31 48 51 59 40 38 43 45 19 45 6 19 46 56 42 54 59 43 38 16 36 41 52 27 14 45 48 21 12 35 14 19 29 38 57 51 24 32 25 35 23 30 37 36 44 20 19 31 0 31 39 32 28 49 28 17 18 14 16 12 29 35 18 15 49 54 22 57 27 51 9 23 46 60 48 43 61 40 53 12 34 29 34 12 57 27 59 48 26 27 61 62 11 26 57 8 14 51 31 55 4 35 63 7 32 42 60 56 28 47 51 33 45 25 59 31 57 37 52 54 45 45 32 6 15 21 32 57 13 31 60 31 51 50 56 16 15 50 18 28 20 50 53 20 43 60 10 49 48 38 47 52 10 42 33 8 32 32 33 53 26 29 58 32 49 32 44 9 34 47 33 37 23 40 20 23 48 30 49 10 38 25 56 20 49 59 60 31 21 58 24 52 34 32 50 49 24 29 41 29 29 39 37 46 24 47 64 39 17 34 25 16 16 58 19 40 28 35 20 45 5 18 29 16 36 17 20 22 19 39 29 19 11 19 21 23 17 16 39 50 29 27 11 18 47 44 52 24 51 60 18 64 18 54 25 59 55 63 36 51 28 7 35 58 54 42 8 55 26 52 43 25 56 2 41 39 29 27 24 58 60 38 41 35 63 60 11 53 51 9 42 10 60 45 25 59 34 49 22 30 43 33 34 25 60 45 52 60 59 39 22 41 56 40 42 23 11 23 41 60 36 14 5 23 30 44 5 40 39 41 9 26 52 19 42 38 37 38 37 39 9 58 30 4 39 20 50 17 20 14 60 50 23 25 36 12 36 29 30 44 28 17 24 13 55 28 51 46 22 47 28 17 14 12 23 33 37 39 17 28 49 58 31 30 22 29 18 9 19 42 38 54 59 26 43 25 39 10 54 15 24 21 43
59 53 78 9 21 18 49 16 11 55 54 69 19 37 65 50 5 57 34 33 56 12 29 42 26 13 51 47 16 47 53 35 51 47 71 27 52 66 31 44 58 10 41 52 70 37 66 58 4 72 31 8 3 43 22 43 38 15 40 54 48 25 62 25 65 58 38 16 51 34 21 64 55 9 28 49 50 29 59 50 13 19 52 49 6 20 66 52 22 8 58 51 74 71 43 22 40 53 25 69 9 25 15 55 47 35 58 37 44 14 51 55 42 5 49 32 59 43 54 55 56 59 48 51 62 54 29 26 29 42 53 40 49 66 37 31 31 37 33 25 52 53 46 48 35 68 31 44 49 43 48 55 29 40 44 66 43 42 55 32 28 45 53 32 61 22 34 53 55 32 20 58 17 26 8 26 48 47 38 39 54 26 52 54 20 32 52 12 21 50 31 0 30 3 13 47 48 41 33 28 15 20 27 11 17 16 64 63 51 44 26 45 23 53 57 71 37 55 49 33 41 28 9 57 33 32 60 14 71 59 35 46 68 50 20 6 69 32 27 64 58 67 29 35 75 32 12 60 67 50 45 34 47 40 64 39 58 2 70 16 36 51 59 39 7 30 20 12 58 50 18 9 67 6 61 41 50 33 30 52 45 58 49 63 41 13 29 65 24 66 32 43 51 39 23 55 54 26 53 42 41 53 24 33 44 55 51 54 28 28 50 51 33 59 45 24 19 38 47 25 49 21 42 39 63 36 54 43 64 48 51 42 50 39 18 40 58 65 47 39 45 46 34 51 18 47 9 58 48 17 33 51 13 22 15 45 38 49 3 56 14 28 35 40 3 29 42 22 17 40 48 53 47 46 26 33 44 52 14 44 54 44 26 57 21 19 56 54 37 8 39 57 16 76 41 57 6 68 68 74 33 62 43 30 58 67 37 27 35 42 8 50 29 24 70 30 39 20 58 41 49 69 73 20 34 16 51 71 39 64 64 38 55 22 53 51 40 61 58 59 43 33 49 46 45 35 68 46 38 60 66 21 39 42 42 19 62 25 21 10 36 58 12 31 31 35 11 50 26 22 28 46 25 48 67 48 61 52 49 35 17 23 30 66 59 31 52 25 35 15 43 17 56 52 10 45 35 36 55 20 6 44 4 18 37 42 48 4 49 38 31 54 40 44 18 37 16 52 48 33 29 42 52 68 43 47 9 8 36 24 13 47 28 55 64 41 27 8 54 30 51 39 7 49 60
58 29 53 38 10 19 35 15 21 47 25 47 34 39 38 33 26 53 8 3 41 24 3 19 5 18 26 22 17 20 50 39 36 48 48 33 42 41 7 19 51 21 14 37 45 40 47 56 32 46 8 36 32 15 29 25 33 34 15 25 18 13 34 18 43 32 39 26 35 15 23 39 29 21 15 45 46 5 52 23 34 28 41 43 27 12 39 32 28 24 29 32 48 47 14 11 12 25 14 48 22 27 25 35 30 14 43 41 31 32 34 26 39 28 19 3 48 13 32 33 50 46 38 24 35 28 8 10 10 30 47 13 22 39 19 9 8 15 4 36 25 23 30 20 14 42 1 21 24 15 47 32 34 34 15 41 16 15 26 4 2 45 37 2 35 13 31 28 29 23 35 46 32 21 23 4 20 18 26 20 53 5 49 44 12 7 28 34 22 36 39 30 0 27 18 18 37 37 27 27 32 31 11 22 24 33 43 38 51 18 13 15 36 54 33 47 9 34 23 4 14 29 22 51 10 31 32 18 46 36 20 34 40 23 34 26 45 34 27 41 51 42 36 11 51 35 18 43 40 20 31 8 17 20 45 27 29 28 46 17 14 22 39 9 24 34 25 26 50 21 32 22 40 35 36 12 20 29 27 23 43 58 49 41 14 36 7 38 30 46 11 20 24 13 30 34 41 32 40 24 22 24 14 16 19 44 23 41 8 32 34 25 11 47 37 9 20 27 19 9 20 36 18 26 37 28 27 20 36 34 52 20 44 14 13 21 33 45 39 23 20 32 17 30 14 19 25 35 25 18 27 35 20 24 31 19 30 26 29 43 24 10 42 35 27 26 20 23 22 31 46 35 33 42 29 26 37 50 33 42 36 14 11 57 31 22 32 31 14 33 13 27 25 50 36 29 31 41 44 49 8 38 29 33 47 41 16 8 37 16 34 20 6 15 47 38 12 13 55 27 42 44 50 13 4 15 24 46 40 40 41 40 35 32 24 25 27 32 47 35 34 15 25 28 27 22 42 19 14 30 39 13 30 15 17 15 46 17 32 36 7 29 21 29 36 24 20 25 37 12 3 21 31 38 46 49 45 33 30 9 16 9 33 39 57 37 32 20 13 30 37 31 26 24 34 35 10 34 39 13 24 16 27 25 25 43 19 28 20 9 22 29 25 42 35 37 20 38 27 5 25 27 24 43 26 32 30 37 29 32 29 22 3 27 36 28 9 34 34 31 21 36 30 46 41
60 50 76 12 19 17 48 13 9 55 51 67 21 37 63 48 2 57 31 30 55 12 26 40 23 10 49 44 14 44 53 35 50 47 69 27 51 64 28 42 58 8 39 51 68 37 64 58 7 70 28 11 6 40 23 41 38 16 37 52 45 22 60 23 63 56 38 16 50 31 21 62 53 7 26 49 50 26 59 47 15 20 52 49 6 17 63 50 22 6 55 49 72 69 40 20 37 50 22 68 6 24 14 53 45 33 57 38 43 15 50 52 42 6 46 30 58 40 52 53 56 58 47 48 60 51 27 23 27 41 53 37 46 64 35 29 29 34 30 26 49 50 45 45 32 66 28 42 47 41 48 53 29 40 42 64 40 39 52 30 26 45 52 29 59 20 34 51 53 31 21 58 18 25 5 24 45 45 37 37 54 23 52 53 17 30 50 14 20 49 32 3 27 0 11 45 48 41 32 28 16 20 25 8 17 17 62 61 51 41 24 42 24 54 55 70 34 53 46 31 38 27 6 57 31 31 58 12 69 57 33 45 66 47 22 6 67 32 27 62 57 65 30 32 73 32 9 59 65 47 44 32 44 38 62 38 55 1 68 13 33 49 58 36 4 30 19 12 58 47 19 6 65 9 59 38 47 33 30 49 46 59 49 61 38 15 26 63 25 64 29 41 49 36 23 53 53 26 52 41 40 50 22 32 41 54 48 53 25 29 49 49 31 59 45 21 18 37 45 23 46 22 40 38 61 35 51 40 62 47 52 39 50 36 15 38 56 64 47 38 43 45 32 49 15 45 8 57 45 14 32 50 12 22 16 42 37 47 5 55 14 25 36 40 3 29 40 22 16 40 48 52 46 46 26 32 44 52 16 44 53 41 24 58 21 19 55 52 34 10 36 54 15 74 41 55 8 66 66 72 30 60 42 30 57 65 34 24 35 39 10 47 26 22 68 31 37 17 58 40 49 67 72 17 31 13 48 69 39 63 62 38 54 22 50 49 39 59 57 58 42 31 47 44 44 34 66 44 35 57 64 18 39 39 39 16 61 24 21 13 33 56 9 31 31 34 8 48 27 19 26 44 25 47 66 49 60 50 48 33 14 20 31 63 59 32 51 24 32 15 43 18 53 50 12 44 33 36 54 18 4 41 4 17 36 42 45 4 46 35 30 52 39 45 19 38 14 51 46 30 28 40 49 66 42 45 10 11 35 24 13 45 25 53 61 40 24 11 52 30 48 38 8 49 59
54 44 66 21 9 8 38 7 3 47 42 57 19 31 52 38 10 50 24 20 45 7 16 29 14 3 39 37 4 37 46 30 41 42 59 22 43 54 21 32 50 4 31 42 57 32 54 52 15 59 21 19 14 32 18 31 30 17 30 42 36 17 50 14 53 46 32 11 40 25 13 52 42 5 16 41 42 16 51 40 17 15 43 41 10 7 53 40 16 6 45 39 61 59 32 9 29 42 17 57 7 18 10 43 35 23 48 33 33 15 40 42 35 11 37 20 50 30 41 43 48 49 39 41 49 41 16 16 17 32 45 27 38 54 25 18 18 27 21 23 39 41 35 35 25 55 19 31 36 31 42 43 24 32 31 54 30 31 43 21 16 39 42 20 48 9 26 40 42 22 20 49 17 15 6 15 37 35 27 27 48 13 45 45 10 19 40 17 12 39 28 13 18 11 0 34 39 33 24 20 16 18 15 9 10 17 52 51 45 34 14 33 22 48 44 59 26 43 39 21 31 21 9 49 20 25 48 1 58 47 23 36 55 40 20 9 56 26 19 52 50 54 25 22 63 26 5 49 54 38 34 23 35 27 52 29 45 12 57 9 26 39 47 27 9 25 14 9 50 38 17 6 54 18 48 30 38 25 22 39 39 53 43 51 30 19 19 52 19 54 22 30 38 29 18 43 44 21 43 30 29 40 12 21 34 46 38 44 18 23 39 39 20 50 37 14 10 28 35 13 36 22 29 28 51 27 41 34 51 37 46 33 42 29 7 28 46 53 39 27 32 35 22 39 9 34 7 46 39 11 24 40 3 14 15 35 29 36 12 46 8 19 32 32 10 21 30 14 9 31 41 42 36 38 19 23 36 45 16 37 43 32 13 52 17 11 44 42 27 16 29 45 10 63 33 44 14 55 55 62 20 50 33 24 49 54 28 17 29 32 17 37 19 12 58 27 27 11 51 30 41 57 61 11 21 8 41 58 33 52 51 33 43 19 41 38 29 48 49 47 33 21 37 34 34 24 56 33 28 47 54 12 30 29 32 13 51 14 18 19 23 46 10 23 27 25 4 37 25 13 17 33 20 39 56 43 50 40 37 22 10 13 25 53 53 27 40 14 25 14 35 16 44 39 17 36 23 29 44 8 8 31 10 12 26 36 36 11 36 26 21 42 29 38 19 31 6 41 36 20 20 31 39 56 32 36 12 20 27 20 13 34 16 42 51 30 17 17 42 23 38 31 13 42 49
59 29 37 55 26 33 31 33 37 44 12 35 47 45 21 27 43 53 19 15 35 39 19 15 23 35 13 23 33 19 51 46 32 51 34 43 39 25 21 9 49 38 15 32 29 46 36 56 49 30 22 52 48 14 41 22 36 48 22 8 9 29 16 29 31 17 44 40 29 26 35 24 13 38 25 46 47 19 50 21 48 41 37 43 44 28 22 23 40 40 12 24 32 33 13 26 16 18 30 35 39 37 39 25 26 17 36 48 29 46 28 8 43 45 9 16 44 7 22 22 50 40 36 19 19 14 19 26 20 30 46 9 18 22 20 18 17 24 15 46 10 11 27 4 24 25 17 14 12 5 49 19 44 37 4 26 8 17 11 17 20 49 30 17 20 27 37 15 15 28 48 42 45 31 40 22 15 4 27 19 55 22 50 41 29 16 15 49 34 32 49 47 18 45 34 0 35 40 32 36 46 44 22 40 37 46 31 23 53 21 24 8 48 56 21 31 15 23 21 15 17 38 40 50 16 38 15 34 31 23 23 33 23 20 47 43 30 42 36 28 50 28 46 15 35 43 36 34 23 9 29 18 5 18 36 28 11 45 32 34 24 5 28 10 42 43 38 41 48 11 45 39 23 52 21 13 10 34 34 6 46 59 51 28 16 51 22 20 40 34 24 14 10 19 42 24 37 43 37 21 19 6 26 21 22 41 6 37 24 41 29 11 17 42 37 27 33 29 3 23 3 49 12 27 21 31 11 25 18 30 55 25 44 20 30 19 18 33 39 22 11 30 21 21 32 5 41 23 26 35 33 30 35 36 45 21 34 16 46 38 38 26 50 38 44 34 16 35 36 32 48 27 30 44 39 31 39 51 47 46 27 8 23 58 43 35 19 20 23 49 18 11 39 34 39 12 48 25 30 33 15 25 27 42 42 25 26 24 44 20 51 3 21 27 33 47 9 31 55 27 42 29 35 30 15 33 21 30 46 26 28 46 25 44 13 12 27 15 44 22 35 20 13 23 22 25 26 6 22 13 22 30 31 9 21 32 38 28 44 52 12 12 39 36 45 28 37 13 48 30 20 12 41 37 34 53 37 25 23 13 34 27 41 23 58 46 24 31 23 44 38 44 12 8 50 34 14 40 33 28 41 6 44 38 27 48 10 45 2 12 28 16 24 45 48 43 34 33 20 15 33 26 8 27 24 28 45 54 33 43 44 12 20 9 19 28 25 50 26 39 6 40 46 48 32
25 62 41 53 35 32 6 43 39 10 46 26 34 19 36 10 47 18 44 36 9 37 36 21 38 41 26 55 35 52 17 21 7 19 30 25 5 33 44 27 14 41 46 8 34 20 21 22 48 37 45 49 48 45 28 14 11 39 51 38 43 48 40 26 24 30 18 33 9 52 27 31 29 43 25 13 13 33 15 54 40 30 5 9 43 35 37 16 28 42 37 14 38 32 45 34 45 52 49 27 45 25 34 16 10 24 12 22 7 38 11 38 13 44 44 37 12 38 19 20 15 11 1 53 34 27 30 45 28 8 11 29 52 38 18 28 30 51 38 30 30 46 9 33 50 35 38 22 25 33 17 23 25 10 34 32 29 48 45 39 37 18 10 38 30 32 16 25 28 17 35 11 35 24 43 38 49 39 13 19 21 36 16 7 43 31 24 41 28 4 28 48 37 48 39 35 0 11 16 21 37 32 28 48 32 36 22 30 20 52 28 41 33 22 23 34 43 19 54 35 48 22 47 15 28 19 37 38 33 23 18 4 39 54 34 43 31 21 22 26 15 30 26 28 37 22 43 15 37 44 7 43 39 19 18 11 42 48 31 46 51 39 19 38 46 23 29 37 14 46 34 44 38 51 28 43 44 16 19 34 14 24 19 24 47 43 43 38 26 22 48 22 29 48 28 18 6 26 5 15 18 36 29 22 53 8 33 6 45 23 9 28 27 12 5 44 30 12 33 31 34 35 25 12 33 13 30 55 39 6 22 55 9 49 41 18 28 22 5 15 25 6 21 17 44 30 40 22 58 48 16 8 37 27 36 53 11 21 45 9 35 47 25 10 46 19 20 26 32 9 16 13 5 12 24 16 7 17 38 15 14 41 29 24 31 29 25 21 50 44 47 44 33 39 10 35 45 36 29 37 30 27 9 23 10 34 53 44 20 50 47 38 42 28 30 26 31 45 21 10 8 33 34 44 37 44 55 34 18 29 25 20 17 30 48 26 11 39 11 26 6 23 24 13 14 16 36 30 50 42 37 45 10 28 51 47 15 25 31 46 35 43 48 18 24 15 42 25 31 45 39 24 27 2 25 21 15 14 14 31 46 42 21 35 23 25 15 25 49 36 8 34 45 32 44 4 28 16 9 34 44 31 45 31 14 18 44 45 37 39 18 25 13 14 37 16 34 6 16 34 20 11 31 34 13 8 41 51 13 28 38 24 37 36 37 10 44 46 14 21 40 13 43 15 16
22 64 52 44 31 26 15 38 33 15 51 37 25 9 45 19 41 17 44 37 20 29 35 25 36 35 33 57 29 55 14 10 17 12 41 16 13 42 43 32 18 35 48 18 44 9 32 20 40 47 44 40 40 48 19 19 5 29 51 44 47 46 48 21 35 38 7 26 19 51 21 40 37 37 22 9 10 33 18 57 31 22 15 9 36 31 46 25 20 36 44 23 49 43 47 30 47 56 46 38 39 17 27 26 18 25 23 11 12 29 20 44 4 36 48 37 19 41 28 29 16 21 10 56 43 35 29 43 27 12 12 32 55 47 20 28 29 51 38 19 36 51 17 38 50 44 37 27 31 37 10 32 14 4 38 41 33 49 50 39 35 9 20 38 39 28 8 33 36 15 25 19 26 19 37 37 52 43 13 22 17 34 13 14 39 32 32 32 22 15 17 41 37 41 33 40 11 0 11 14 28 23 26 42 24 27 33 40 15 54 25 44 22 17 32 45 44 28 57 36 49 14 41 17 29 10 45 32 44 33 18 11 48 56 24 36 42 11 15 36 18 40 15 29 47 11 37 26 46 48 14 44 43 22 29 12 48 41 41 41 50 45 29 40 40 13 22 30 18 50 25 38 47 42 37 45 48 9 12 40 7 21 13 34 49 34 42 47 17 33 47 27 35 49 19 27 17 17 15 20 22 42 25 22 54 16 39 16 43 13 18 35 27 21 7 41 24 12 38 29 39 25 29 13 42 10 37 56 48 15 16 56 10 49 37 21 37 33 8 18 30 14 21 26 40 36 33 32 60 43 10 19 31 20 27 54 7 28 38 19 27 45 14 3 39 13 25 20 26 9 10 23 14 6 16 11 5 14 29 6 24 44 27 20 21 23 34 30 50 36 48 50 26 49 1 42 36 45 40 47 31 36 15 13 19 43 53 42 9 51 38 43 41 24 41 15 34 41 19 14 9 43 44 40 37 39 58 44 8 39 35 9 27 21 52 33 13 47 18 35 7 23 31 20 21 15 45 35 50 49 46 42 9 32 52 43 25 22 22 37 36 49 42 11 13 13 36 32 20 42 38 30 17 10 36 14 25 23 23 32 41 40 11 44 21 14 24 19 49 27 4 25 51 39 35 9 30 6 20 30 38 35 38 24 14 9 48 38 42 41 15 34 16 6 27 5 28 17 24 34 14 15 37 44 18 16 33 42 8 19 29 30 36 42 45 13 43 37 24 12 45 3 35 10 27
32 55 51 38 21 16 17 28 24 24 43 39 20 13 41 19 32 27 34 27 24 21 25 18 26 26 28 48 20 45 24 14 19 22 42 13 20 40 33 25 27 26 39 21 43 14 35 30 33 46 34 34 32 38 13 14 7 24 42 38 38 35 43 11 35 35 13 18 20 40 12 38 32 28 12 19 20 22 28 48 25 15 20 18 28 20 42 23 13 27 39 21 48 43 38 20 37 47 36 39 30 10 19 25 16 17 26 16 12 23 20 38 13 28 39 27 27 32 26 27 25 27 16 47 39 30 19 33 17 10 22 24 46 43 13 18 20 41 28 17 31 43 15 31 40 42 27 21 26 29 20 29 13 9 30 40 25 40 42 29 25 19 22 28 36 18 5 28 31 5 21 26 20 9 28 26 43 35 7 14 27 24 23 22 29 22 27 26 13 17 18 33 27 32 24 32 16 11 0 6 22 17 16 33 16 22 34 38 25 44 15 35 19 28 30 44 34 27 47 26 40 8 31 26 19 6 40 23 43 31 10 13 44 47 20 27 41 10 7 36 27 39 15 20 47 11 28 29 43 40 13 34 35 15 32 8 42 32 41 31 40 37 30 31 31 12 14 22 27 41 20 29 44 35 35 36 40 3 3 34 17 32 23 34 39 28 32 43 12 35 37 20 30 39 14 26 22 13 20 15 16 36 15 13 45 23 33 21 33 10 19 30 18 27 13 31 15 7 31 19 32 21 22 9 39 4 32 47 43 16 26 46 19 39 26 15 33 34 16 12 23 14 12 23 30 29 24 31 50 33 1 20 22 11 21 45 5 23 30 24 19 35 18 9 30 4 19 11 17 8 20 23 15 16 10 1 13 24 23 16 24 35 16 31 16 14 31 27 40 29 38 43 18 49 10 37 29 43 39 47 21 35 13 11 26 41 42 32 12 42 31 35 31 13 41 16 25 31 30 10 18 42 45 30 28 29 49 44 14 37 35 15 26 16 44 28 9 42 26 33 11 14 26 17 17 7 43 28 40 43 43 32 7 24 42 33 30 11 17 31 27 43 33 5 14 6 26 27 19 32 28 24 13 16 37 23 29 22 20 22 31 30 10 41 31 15 23 10 39 21 12 20 43 32 29 13 21 9 23 19 29 27 29 16 7 17 39 30 34 32 5 30 11 16 22 11 19 20 20 25 5 11 32 42 14 15 26 36 3 14 22 25 26 36 41 10 32 31 24 8 38 10 28 20 29
34 56 57 32 20 13 23 26 20 28 46 44 15 13 46 25 27 30 35 28 29 17 25 23 25 22 33 49 16 47 26 12 25 22 47 8 24 46 33 29 30 22 40 26 49 13 40 32 28 51 34 28 27 40 8 20 11 18 42 42 41 34 47 10 41 40 13 13 26 40 8 43 37 24 13 22 23 23 32 49 20 10 25 21 23 19 47 29 8 22 43 27 53 48 39 19 38 49 34 45 26 4 14 31 22 20 32 15 18 17 26 42 15 23 42 28 31 35 31 32 29 32 21 49 44 35 20 32 18 16 26 27 48 48 17 20 21 41 29 12 35 45 21 34 39 47 28 25 30 32 22 34 9 13 33 45 29 41 46 30 25 20 28 29 41 16 6 33 36 9 15 31 15 7 24 26 45 38 13 19 29 23 25 26 27 23 32 21 9 23 14 28 27 28 20 36 21 14 6 0 16 12 17 29 12 16 39 43 26 45 15 38 14 29 35 50 35 32 49 27 41 2 28 30 21 5 44 19 49 37 14 19 50 49 14 23 47 8 1 41 31 45 11 22 53 9 24 34 48 42 19 34 38 20 38 14 46 28 47 28 40 41 35 32 27 8 9 17 31 44 14 25 49 30 40 38 43 6 3 38 19 33 24 40 40 23 32 48 6 41 37 25 34 40 8 31 27 8 26 20 20 40 14 16 45 27 37 26 32 6 25 34 20 32 18 30 11 13 35 18 35 16 26 14 44 10 36 47 48 22 27 46 22 40 24 19 39 40 20 17 28 20 15 28 27 33 20 36 51 31 5 25 18 6 16 46 10 28 25 29 15 34 15 13 26 3 23 7 13 14 22 29 20 19 4 7 17 26 18 18 29 37 16 32 10 10 36 32 40 24 39 47 13 54 13 41 24 48 45 52 23 40 18 7 31 47 42 31 10 43 26 39 31 13 47 12 28 29 32 16 22 48 50 28 29 26 50 49 14 43 40 14 32 10 47 33 15 46 30 38 15 17 31 22 22 12 48 32 40 47 48 30 13 28 43 31 35 10 11 25 28 46 29 3 10 11 23 32 14 30 28 28 7 20 43 24 35 28 26 25 29 28 6 46 33 11 28 8 39 15 16 14 47 37 23 18 23 9 29 18 24 31 25 11 12 17 42 25 38 33 9 35 17 18 17 12 15 25 26 26 3 17 36 48 19 21 21 30 9 9 17 29 26 41 46 15 32 25 30 4 41 12 23 22 35
45 59 72 17 22 14 39 22 13 42 55 60 5 23 60 40 17 43 38 33 45 9 30 36 28 17 46 52 15 51 39 20 41 33 63 13 39 60 35 40 44 14 45 42 63 22 56 44 14 66 36 13 14 46 9 35 26 3 45 52 49 33 59 18 56 53 24 7 42 40 12 58 50 16 22 35 36 29 45 54 4 7 41 36 11 20 61 44 9 13 55 42 68 64 46 22 43 56 32 61 17 13 7 46 37 31 48 23 33 1 42 53 28 10 50 34 46 43 46 47 42 47 36 55 57 48 27 32 26 32 39 37 53 62 30 28 29 43 35 11 48 54 37 45 41 62 33 38 43 41 34 49 15 28 42 60 39 46 55 35 30 30 43 34 55 20 22 47 50 23 5 46 2 17 15 29 51 47 28 32 40 27 38 41 26 31 46 5 13 39 16 15 32 16 16 46 37 28 22 16 0 6 24 21 9 2 55 57 37 49 22 46 8 39 50 65 40 47 53 34 45 15 20 43 30 19 57 15 64 52 27 35 63 54 6 11 62 18 15 56 44 60 15 32 68 18 19 50 62 51 35 38 47 33 54 30 56 16 62 24 42 51 51 40 17 16 9 7 45 52 3 17 62 16 54 44 51 22 19 49 32 44 35 55 45 7 33 61 11 57 37 38 47 43 9 47 43 12 41 35 34 50 20 27 49 43 48 42 33 15 40 47 30 48 33 29 13 28 45 24 46 7 38 29 58 25 49 50 61 38 37 49 37 43 22 33 53 56 35 31 40 35 28 43 24 44 10 51 54 25 21 41 13 12 1 50 26 42 12 45 9 34 21 27 14 18 36 13 11 29 34 44 36 32 13 23 32 38 2 30 45 45 23 43 7 11 50 47 42 9 43 56 8 69 28 53 10 62 60 67 31 55 34 16 46 61 43 32 21 46 11 49 33 19 62 16 37 26 43 32 36 63 66 26 34 22 55 64 25 58 56 23 47 8 55 46 30 58 45 53 31 28 44 37 37 27 63 43 43 58 61 27 29 38 47 27 51 19 7 9 36 57 22 19 16 26 16 45 11 28 31 41 11 36 59 34 50 43 41 33 24 28 17 60 45 17 44 17 40 2 31 3 56 49 8 34 33 22 44 20 15 41 13 8 27 27 50 13 48 39 23 49 32 31 4 24 13 41 40 33 18 32 48 62 34 37 7 15 24 10 3 42 30 52 60 31 32 10 45 17 50 25 9 35 50
40 59 68 22 22 13 34 24 15 37 53 56 4 17 57 36 21 38 38 33 40 11 29 33 28 20 43 52 15 51 34 16 36 28 59 8 35 57 36 38 39 17 45 38 60 18 52 39 18 62 36 18 19 45 5 31 21 7 45 50 48 34 57 16 52 50 19 7 37 42 10 54 47 19 20 30 31 28 40 54 9 3 36 31 15 20 58 40 5 17 52 38 64 60 45 21 43 55 34 56 21 8 8 42 33 28 43 18 29 7 37 51 23 15 49 33 41 42 42 44 37 43 31 54 54 45 26 33 25 27 34 35 53 59 27 27 27 43 34 6 45 53 32 43 42 58 32 35 40 40 28 45 9 23 41 56 37 46 54 34 29 26 39 33 51 19 17 44 47 19 5 41 4 14 18 29 50 46 24 29 35 26 33 36 27 30 43 10 10 34 12 20 31 20 18 44 32 23 17 12 6 0 22 24 8 5 51 54 32 49 20 45 5 34 46 61 40 43 53 33 45 10 23 38 29 14 54 17 60 48 24 30 60 54 3 15 58 13 11 53 39 56 10 30 64 13 21 45 59 50 30 38 46 30 49 25 54 20 58 26 43 49 47 39 21 11 6 10 40 51 3 20 59 21 51 43 50 17 15 47 27 39 30 51 45 12 34 58 6 52 39 35 44 44 4 43 38 7 36 31 31 48 19 25 49 38 46 37 34 10 36 44 28 43 28 31 12 24 43 23 44 5 35 25 55 21 46 50 58 33 32 49 32 44 24 30 49 51 30 27 37 31 25 39 26 41 13 47 55 28 17 37 15 9 5 50 21 39 17 40 10 35 16 22 18 14 33 10 10 25 29 40 32 27 8 18 26 32 7 25 41 44 22 38 2 10 47 43 43 14 43 55 8 65 23 51 14 59 56 64 29 52 29 11 41 57 44 33 16 47 16 47 34 17 58 11 36 28 39 27 31 59 62 28 34 25 55 60 19 54 52 19 43 2 54 43 26 56 40 49 26 25 41 33 34 23 59 41 44 56 58 29 24 36 47 30 46 17 1 14 35 55 25 14 12 22 19 42 8 30 31 38 6 31 54 29 46 39 37 32 27 29 12 57 40 12 40 14 41 6 26 3 55 46 13 29 31 17 40 19 18 39 17 7 23 23 49 17 46 39 19 45 28 26 5 19 13 36 37 32 14 28 45 58 30 32 12 20 20 5 8 39 30 50 57 27 33 15 41 12 49 20 14 30 46
48 40 52 35 8 11 27 16 17 37 31 43 26 28 38 26 24 43 19 12 33 17 9 15 10 16 25 32 12 30 40 28 28 37 45 23 33 39 18 18 41 18 24 30 43 29 41 45 29 45 18 32 28 24 20 18 22 26 26 29 26 20 36 8 39 32 28 18 28 25 14 37 28 19 5 35 35 7 42 33 27 19 32 33 23 9 39 26 19 20 32 25 47 45 24 7 22 33 21 43 21 17 17 29 23 8 36 31 22 24 27 29 29 24 27 12 39 20 27 29 40 38 28 33 35 27 4 18 3 21 37 13 32 40 12 5 5 25 13 26 25 31 23 22 24 41 12 17 22 18 36 29 24 24 19 40 16 25 32 14 10 34 30 13 34 6 20 26 28 12 27 38 24 10 20 11 29 24 16 13 43 8 39 34 15 8 25 27 12 28 29 27 11 25 15 22 28 26 16 17 24 22 0 22 16 25 38 37 40 29 2 23 27 43 30 45 19 29 33 11 25 18 22 41 7 20 34 14 44 32 11 25 41 33 25 23 42 24 16 38 42 40 26 8 49 25 17 36 40 28 23 18 24 13 39 18 33 26 43 19 25 27 34 17 23 24 16 19 41 29 24 20 40 32 34 22 28 18 16 26 33 47 38 37 24 29 16 39 20 41 21 16 24 24 21 29 33 22 32 17 15 27 5 8 29 35 25 33 17 22 27 25 6 39 27 16 12 17 22 3 23 27 15 17 37 17 27 31 38 26 42 30 34 24 14 14 32 40 30 15 18 24 9 25 17 21 20 32 35 21 17 28 15 15 23 30 20 22 25 35 17 19 31 24 25 15 16 14 14 21 35 28 25 32 19 15 27 39 25 32 29 22 2 46 22 14 30 27 25 28 23 33 17 49 26 31 27 41 41 48 7 36 21 23 38 40 27 16 26 27 30 25 15 5 44 27 14 17 45 19 32 43 47 16 13 17 34 44 30 38 37 30 30 23 32 24 18 35 38 33 24 7 22 21 20 13 42 20 25 34 40 18 20 15 27 19 39 7 23 30 13 33 22 18 26 14 18 23 28 18 12 19 21 29 42 39 38 26 24 10 19 15 22 39 47 27 27 10 23 22 26 23 33 26 28 25 9 24 32 8 22 18 24 17 15 32 27 25 24 17 11 27 16 32 27 27 13 30 22 10 14 19 25 42 19 23 24 34 19 22 23 20 10 29 37 19 17 29 29 20 27 25 25 36 35
62 43 73 19 15 17 47 8 10 56 45 65 25 40 59 47 6 59 25 25 54 14 21 37 18 8 46 37 13 37 55 38 49 50 67 30 52 61 22 38 59 8 32 51 65 40 63 60 14 66 21 18 13 34 26 39 39 22 30 47 39 16 55 23 61 53 40 18 49 23 22 59 49 6 24 50 51 22 60 40 20 23 52 50 11 14 59 48 24 8 51 47 69 66 34 16 30 43 14 65 4 26 17 51 44 30 57 41 42 20 48 47 43 12 40 24 59 34 49 51 57 58 48 42 56 48 23 16 24 41 54 33 40 60 33 25 25 27 25 30 45 44 44 41 25 62 23 39 43 36 50 50 32 41 37 61 36 33 47 24 20 48 51 24 55 17 35 47 49 31 26 58 23 24 7 18 38 39 36 35 57 18 54 54 11 25 47 20 21 48 35 11 22 8 9 40 48 42 33 29 21 24 22 0 19 22 60 58 54 34 22 36 28 56 52 66 28 51 39 25 32 29 2 58 27 33 54 10 66 54 32 45 61 40 26 10 64 34 28 60 59 62 33 29 70 35 6 58 61 41 43 25 39 35 61 38 50 9 65 6 26 44 56 31 5 33 22 15 59 41 23 5 61 15 55 32 41 34 31 44 48 61 52 59 32 21 20 58 27 63 22 38 45 29 26 51 53 29 52 39 37 45 20 29 34 55 44 53 18 31 48 45 27 59 46 14 19 37 40 20 42 27 37 37 58 36 47 34 57 46 55 33 51 29 10 36 53 62 48 36 39 44 30 47 9 40 12 54 39 6 33 49 12 23 20 35 38 44 11 55 16 18 40 41 9 30 38 23 17 40 50 50 45 47 28 32 45 54 21 46 51 35 21 60 25 20 51 49 27 17 30 49 18 70 42 50 15 62 63 69 26 57 41 32 58 61 26 18 37 32 17 42 20 21 65 34 32 10 60 39 50 64 69 10 25 7 41 65 42 59 59 41 52 26 44 45 38 54 58 54 42 29 44 43 42 33 63 39 28 52 60 11 39 35 32 10 60 23 25 20 28 50 1 32 35 34 7 44 31 12 20 40 28 48 64 51 59 48 45 28 7 14 33 60 62 35 49 23 25 20 44 22 48 45 18 45 29 37 53 15 7 37 9 20 35 45 39 10 41 30 30 49 38 47 25 40 15 50 44 25 29 39 45 63 40 44 15 19 36 27 18 42 20 48 57 39 17 18 50 32 42 40 14 51 57
44 52 64 22 14 6 33 17 9 39 47 53 11 22 52 34 17 41 31 26 39 5 22 28 20 13 38 45 8 44 37 20 35 32 56 12 35 53 28 32 42 11 37 36 56 22 50 42 17 58 29 18 17 38 8 27 22 11 38 44 41 27 51 10 50 45 22 3 35 34 5 50 42 13 14 33 34 21 42 47 12 5 36 33 12 12 53 37 6 12 47 35 60 56 38 14 35 48 27 54 15 9 3 40 31 22 42 23 27 9 35 44 26 12 42 26 42 35 39 40 40 43 32 47 49 40 19 25 18 26 36 29 45 54 23 20 21 36 27 13 39 46 30 37 34 54 25 30 35 33 32 41 14 24 34 52 31 38 47 27 22 30 37 26 47 12 18 39 42 16 12 42 8 10 13 21 43 39 22 25 39 19 36 37 20 23 39 12 5 33 18 17 24 17 10 37 32 24 16 12 9 8 16 19 0 10 48 50 36 41 14 38 13 38 42 57 32 40 46 26 38 12 17 41 22 16 49 10 56 44 20 29 55 46 11 12 54 16 11 49 42 52 15 23 61 17 14 44 54 43 29 31 39 25 48 23 48 17 55 19 35 42 44 31 16 15 4 6 42 43 9 14 54 20 47 36 43 17 14 41 30 43 34 48 37 14 26 53 9 50 31 30 39 36 8 39 37 11 36 27 27 42 12 19 42 38 40 37 26 13 34 39 21 43 29 23 5 22 37 15 38 13 30 23 50 20 41 43 52 32 37 42 34 36 16 25 45 49 31 24 32 30 20 36 19 36 9 44 47 21 16 35 8 6 8 42 21 35 14 40 3 27 22 24 15 13 29 6 3 24 32 38 30 30 10 17 28 36 10 28 39 36 15 42 8 3 43 39 35 14 36 48 2 61 25 45 14 54 53 60 23 48 27 14 41 53 37 25 19 39 16 40 26 11 55 17 29 21 42 25 33 55 58 20 27 18 48 56 24 50 49 23 40 9 46 38 24 50 41 45 26 20 36 30 30 20 55 35 36 50 53 22 23 30 39 22 45 11 9 16 28 49 19 15 17 19 13 37 15 23 23 33 10 31 52 33 45 36 34 25 20 22 15 52 44 17 37 9 34 7 27 7 48 40 14 29 24 20 39 12 14 33 14 2 21 27 41 14 39 32 15 41 25 29 11 22 5 35 33 24 12 26 40 55 28 31 10 20 19 10 8 34 22 44 51 25 26 15 38 14 42 23 12 33 44
44 60 72 18 23 14 38 23 14 42 56 60 4 22 60 40 19 42 39 35 45 10 31 36 29 19 47 53 16 52 38 20 40 32 63 12 39 60 37 41 44 15 46 42 64 22 56 42 15 66 37 14 15 47 9 35 26 3 46 53 50 34 60 19 56 54 23 7 42 42 13 58 51 18 23 34 35 29 44 55 5 7 40 35 12 21 61 44 9 15 56 42 68 64 47 23 44 57 34 61 19 13 9 47 37 31 47 22 33 3 42 53 27 12 51 35 45 44 46 48 41 47 36 56 58 49 28 33 27 32 39 38 54 62 31 29 30 44 36 10 48 55 37 46 42 62 34 39 44 42 33 49 14 27 43 60 40 47 56 36 31 30 43 35 55 20 21 48 50 23 4 46 2 17 16 30 52 48 28 33 39 28 37 41 27 32 47 6 13 39 15 16 33 17 17 46 36 27 22 16 2 5 25 22 10 0 55 58 36 50 23 47 7 38 50 65 41 47 54 34 46 15 21 42 31 18 58 17 64 52 27 34 64 55 5 13 62 17 15 57 43 60 13 32 68 17 20 50 62 52 35 39 48 34 53 29 57 17 62 25 43 51 51 41 18 15 9 9 44 53 3 18 63 16 55 45 52 21 19 50 31 43 33 55 46 7 35 61 11 56 39 38 47 44 9 47 42 11 41 35 35 51 21 28 50 42 49 42 34 14 40 48 30 47 33 31 14 28 46 25 47 5 38 29 58 25 50 51 61 38 36 50 36 45 23 33 53 56 34 31 41 35 28 43 26 44 11 51 56 27 21 41 14 12 3 51 26 43 13 44 10 35 20 27 15 18 37 13 11 29 33 44 36 31 13 22 31 37 2 29 45 46 24 42 6 12 50 47 44 9 44 57 8 69 27 54 11 62 60 68 32 55 34 15 45 61 45 33 20 48 12 49 34 20 62 15 38 28 43 32 35 63 66 27 36 24 56 64 24 58 56 23 47 7 56 46 30 59 45 53 31 28 44 37 38 27 63 44 44 58 62 29 28 39 48 29 50 19 6 10 37 58 23 19 16 26 18 45 10 30 32 41 10 35 58 33 50 43 41 34 26 29 16 61 44 15 44 17 42 4 30 3 57 49 9 33 33 22 44 21 16 42 14 9 27 27 51 14 48 41 23 49 32 30 3 23 14 41 40 34 18 32 49 62 35 37 8 16 24 9 5 43 31 53 60 31 33 11 45 16 51 25 10 34 50
42 60 20 70 45 46 18 54 53 25 39 5 54 41 19 15 61 35 47 41 15 52 42 24 46 53 19 54 48 50 36 43 16 40 9 45 23 14 49 25 29 55 46 15 14 42 5 39 65 17 50 66 64 44 46 22 32 57 52 30 39 55 27 40 2 17 39 50 14 55 44 13 19 56 37 33 33 41 30 51 59 49 20 29 59 46 20 13 46 57 26 14 17 11 43 45 46 47 56 6 58 43 50 9 18 31 12 43 23 56 14 29 35 60 39 42 23 37 12 11 32 17 23 49 19 18 38 52 37 24 30 31 49 21 27 36 37 54 42 50 22 40 19 28 54 16 43 23 21 32 37 13 45 31 32 13 28 47 37 44 43 39 13 43 15 43 35 17 18 33 54 20 54 39 57 45 45 35 27 26 40 44 36 23 52 37 17 59 44 18 49 64 43 62 52 31 22 33 34 39 55 51 38 60 48 55 0 13 40 51 39 38 52 42 11 13 45 10 52 40 48 41 60 32 34 38 24 51 12 9 30 22 21 50 53 58 11 42 40 6 31 10 47 33 15 42 55 8 19 39 21 46 36 25 7 26 32 63 10 56 54 33 5 39 60 44 47 54 28 41 53 57 20 67 12 43 40 35 37 27 35 42 39 5 47 61 49 22 45 4 53 24 22 49 47 10 18 46 19 22 23 29 41 31 52 22 27 19 51 43 15 21 34 19 26 51 45 27 29 41 28 54 26 26 16 30 21 55 25 19 42 55 29 50 51 25 14 3 27 25 24 20 30 14 54 27 55 9 57 58 34 15 51 44 54 52 30 18 61 17 51 53 46 31 61 37 23 43 48 27 36 11 20 33 43 33 29 37 56 36 10 39 39 42 49 45 13 12 53 62 48 35 50 18 32 24 61 17 9 16 36 9 22 43 21 15 56 50 41 50 64 32 48 40 9 47 33 54 38 24 28 13 12 53 41 55 51 14 40 10 5 41 9 49 42 20 25 27 23 11 27 32 20 19 19 29 17 27 52 30 19 54 28 29 51 56 12 39 50 64 38 33 60 37 45 30 55 20 51 54 45 23 46 24 4 41 11 13 15 35 56 51 41 17 40 45 12 40 53 54 29 53 37 25 62 24 33 37 13 45 59 30 60 48 28 40 40 61 32 41 33 16 24 35 56 38 49 17 17 39 37 23 24 14 21 19 58 68 32 47 55 21 44 26 22 25 51 63 10 40 35 34 60 35 7
53 49 15 71 43 47 26 51 53 36 28 14 57 48 6 22 60 46 41 35 25 53 38 22 42 52 13 45 48 41 46 49 25 49 13 50 33 3 43 20 40 54 38 24 7 49 18 50 65 9 44 67 64 36 50 24 38 60 44 19 30 50 14 40 12 7 46 52 21 49 46 1 10 55 37 43 43 37 41 41 61 51 30 39 59 45 7 16 49 56 14 18 11 10 35 43 38 36 51 14 57 46 52 14 23 29 24 51 28 58 21 18 43 60 30 36 34 29 13 12 42 28 31 38 6 11 35 47 35 29 40 26 39 8 28 33 34 46 36 54 14 29 24 20 46 5 38 20 15 25 47 9 50 37 24 4 23 39 25 38 39 48 22 37 4 42 41 11 9 35 58 31 56 41 56 41 36 26 31 25 50 40 46 33 49 33 12 61 45 26 54 63 38 61 51 23 30 40 38 43 57 54 37 58 50 58 13 0 50 42 38 30 56 52 9 9 37 13 42 35 40 45 58 43 31 43 12 50 9 7 31 30 9 40 56 58 7 47 43 8 42 6 52 30 13 48 53 20 7 29 27 40 27 25 20 30 20 62 10 53 46 23 13 32 59 49 49 54 39 31 56 56 8 68 4 35 30 39 40 18 44 53 49 9 39 64 43 9 49 16 46 21 14 41 51 14 28 50 29 23 24 19 40 31 43 32 18 29 45 47 23 13 31 31 35 47 46 32 21 39 20 58 22 30 3 35 12 46 12 26 52 47 39 42 49 25 5 15 35 27 19 27 30 15 51 19 56 8 47 55 39 22 51 46 57 43 36 15 61 27 52 47 53 38 61 41 22 45 49 33 46 17 27 42 47 37 37 47 59 45 18 31 38 52 52 47 8 11 45 63 40 24 51 13 39 13 62 6 8 12 32 5 26 48 32 4 48 45 47 42 65 22 42 40 11 52 27 51 49 28 38 7 13 50 35 52 41 8 47 4 8 48 13 53 31 14 29 14 34 6 34 31 15 22 21 31 6 20 44 18 7 50 33 23 43 52 24 40 53 65 32 21 57 42 50 33 54 14 56 50 40 18 50 32 14 51 23 18 18 31 53 47 46 5 51 51 17 41 45 56 37 55 26 16 63 32 29 43 23 44 58 23 60 50 31 48 31 61 23 33 35 10 27 44 59 44 49 26 18 34 40 27 15 5 24 25 59 69 37 51 57 17 40 16 9 29 46 64 16 45 25 41 61 45 18
9 78 59 53 45 39 25 51 44 15 65 43 32 15 55 29 52 8 59 51 26 41 49 39 50 48 45 71 42 69 5 17 26 4 47 25 17 52 57 45 14 46 62 27 53 15 37 8 50 56 58 49 50 62 29 32 19 37 66 57 60 59 59 35 42 50 14 36 29 65 33 50 48 49 36 8 8 47 13 71 39 32 20 12 46 44 56 35 30 47 56 33 57 50 61 44 61 70 60 44 50 28 38 36 29 40 28 14 25 38 30 57 12 46 61 51 19 55 38 39 10 24 19 70 53 46 43 57 41 24 11 46 69 57 34 42 44 65 52 26 49 64 28 51 64 54 51 40 44 50 5 42 23 18 51 51 46 64 63 54 50 7 29 52 49 41 21 44 47 29 33 21 35 32 48 50 65 57 27 35 3 48 5 18 53 46 43 40 34 24 22 51 51 51 45 53 20 15 25 26 37 32 40 54 36 36 40 50 0 68 39 58 30 3 42 53 58 38 71 50 63 25 53 10 43 22 56 45 52 43 32 22 58 70 31 46 50 20 27 45 12 49 23 43 54 20 50 32 56 62 25 58 57 36 34 26 61 51 49 54 64 58 37 54 51 22 33 40 14 63 34 50 57 52 47 59 62 23 25 53 8 8 3 43 63 42 56 57 27 39 61 40 48 63 29 37 23 26 21 33 35 55 39 36 68 19 52 22 57 23 28 47 42 23 17 55 36 25 51 43 52 32 42 27 52 24 49 71 59 25 2 70 12 63 50 35 47 39 15 32 43 25 35 37 53 49 43 42 74 56 24 28 43 32 37 68 21 40 48 24 39 59 17 17 49 26 38 32 37 22 5 33 25 10 27 25 15 4 38 9 33 58 40 7 31 35 44 40 64 45 62 63 37 57 15 54 46 55 48 55 45 46 27 22 20 53 67 56 17 66 46 56 55 37 48 21 48 55 8 27 13 52 51 54 51 52 72 53 13 48 44 14 37 30 66 45 27 59 19 45 19 37 43 32 33 30 55 48 64 61 56 55 23 45 66 56 29 35 31 45 50 62 54 23 21 27 48 44 27 56 52 43 27 18 42 4 30 33 34 46 54 53 21 54 8 21 34 33 63 37 16 35 64 51 43 20 44 17 27 43 49 49 48 35 28 10 62 48 55 55 30 45 30 9 35 15 40 25 35 49 27 28 50 52 30 27 43 51 22 28 39 43 50 55 56 26 57 45 34 23 59 15 45 6 34
75 11 55 52 28 36 49 28 37 62 17 55 51 57 40 46 39 69 11 18 54 40 21 32 21 33 33 4 34 4 66 56 50 65 55 51 57 45 14 27 66 37 6 50 49 57 56 72 47 49 14 51 46 8 47 39 49 50 5 25 14 19 33 36 51 37 56 43 47 12 41 43 34 35 33 61 62 22 67 7 50 46 55 59 43 30 40 42 46 39 30 43 51 52 9 28 8 11 20 55 36 45 42 45 44 29 55 59 45 48 46 26 56 44 14 17 62 15 41 42 66 59 53 9 38 34 26 19 28 45 62 24 7 40 35 26 25 8 16 53 30 16 44 24 10 45 17 32 32 21 63 39 52 51 20 46 25 5 20 15 20 62 49 17 40 31 48 35 35 40 52 60 49 39 37 20 8 18 42 34 70 23 66 58 24 23 35 50 39 50 57 44 18 41 34 21 52 54 44 45 49 49 29 34 41 50 51 42 68 0 31 14 53 71 41 51 10 43 6 18 5 47 35 67 25 49 33 34 51 43 36 49 41 7 52 42 49 52 44 48 67 48 54 25 55 53 32 54 42 15 46 11 17 34 56 43 25 42 52 29 9 21 48 15 38 52 43 42 65 13 49 36 41 49 42 9 14 46 44 26 60 74 66 48 5 52 16 38 48 55 13 31 30 6 48 44 55 50 54 37 35 25 32 32 1 58 26 55 16 50 47 31 27 60 53 20 38 43 23 27 24 54 29 42 41 44 32 4 35 48 69 5 59 6 28 35 39 54 55 38 30 47 33 40 27 25 41 43 7 28 45 48 36 42 48 1 47 36 44 56 41 17 60 51 42 44 33 41 39 47 63 46 47 58 47 43 54 66 49 59 47 13 29 73 48 40 39 40 8 49 6 22 42 53 53 31 47 44 50 53 23 45 44 51 61 45 9 18 55 3 49 20 16 33 53 56 22 25 71 43 58 49 55 25 17 29 8 50 58 46 48 58 44 50 14 32 42 31 62 42 50 31 33 41 39 39 45 25 7 28 41 24 46 25 2 25 58 35 49 52 18 25 33 47 54 41 35 33 55 23 19 31 49 53 54 66 56 44 41 22 28 22 51 42 73 55 44 38 10 47 53 48 20 28 50 50 25 52 51 30 39 23 42 43 41 60 13 43 21 13 39 36 40 59 52 55 37 51 39 20 42 42 29 47 40 45 46 52 46 49 46 31 20 28 37 43 17 50 45 49 19 53 46 63 52
47 41 53 33 7 9 27 16 15 37 33 44 24 27 40 26 23 42 20 13 34 16 10 16 11 15 26 34 10 32 39 26 29 36 46 21 32 41 19 19 40 17 26 30 44 28 42 44 27 46 20 30 27 26 18 18 21 24 28 31 28 21 38 6 40 33 27 16 28 26 12 39 30 18 4 34 34 9 42 35 25 17 32 32 22 8 40 27 17 19 34 26 49 46 25 6 24 35 22 44 20 15 15 30 23 10 36 29 22 22 27 31 28 23 29 14 39 22 28 30 39 37 28 35 37 28 6 18 5 21 36 15 33 41 12 7 7 27 15 24 27 33 23 24 25 42 14 18 23 20 35 30 22 23 21 41 18 27 34 16 11 33 30 14 35 5 19 27 30 11 25 38 22 9 19 12 31 26 16 14 42 9 38 34 16 10 27 25 10 27 27 26 13 24 14 24 28 25 15 15 22 20 2 22 14 23 39 38 39 31 0 25 25 42 31 46 21 30 35 13 26 17 21 40 9 19 36 13 45 34 11 25 43 35 23 21 43 22 14 39 41 41 24 10 50 23 17 36 42 30 22 20 26 14 40 18 35 25 44 19 26 29 35 19 22 22 14 17 40 31 22 19 42 30 35 24 30 17 15 27 32 46 37 38 26 27 18 40 18 41 23 17 26 25 19 30 33 20 32 18 16 29 3 8 31 35 26 33 19 20 27 26 8 39 27 17 10 17 24 4 25 25 17 17 38 17 29 33 39 26 40 32 33 26 14 15 33 40 29 15 20 23 9 26 16 22 18 33 37 21 15 28 13 13 21 31 19 23 24 34 15 20 30 23 23 14 17 12 12 20 34 29 24 31 17 14 26 38 23 30 30 24 2 45 20 12 31 29 26 26 25 35 15 50 25 32 25 42 42 49 9 37 21 21 38 42 28 17 25 28 28 27 17 3 45 26 16 18 44 18 32 44 48 17 14 17 36 45 28 39 38 28 30 21 34 25 18 37 38 34 24 8 24 21 21 13 43 22 26 36 41 18 19 17 29 20 39 5 21 29 15 35 21 17 24 14 17 25 26 18 13 20 19 28 43 37 38 27 24 12 19 15 21 40 46 25 27 8 25 20 26 21 35 27 26 25 11 22 32 7 20 19 22 15 15 31 29 23 26 19 10 29 17 31 25 25 11 30 23 12 13 19 27 43 19 24 22 32 17 20 21 22 12 31 39 19 18 27 29 19 29 24 24 35 36
64 22 43 53 25 33 37 30 36 50 10 42 48 48 27 34 40 58 13 13 42 38 17 20 20 32 20 16 32 13 56 49 38 56 42 44 45 32 16 15 54 36 9 38 36 49 43 61 47 36 17 51 46 6 42 27 40 48 15 13 3 24 21 30 38 24 48 40 35 20 36 31 21 36 26 51 52 18 56 14 48 42 43 48 42 27 28 30 41 38 18 31 39 40 5 25 9 12 25 42 37 39 39 32 32 19 43 51 34 46 34 13 47 43 4 13 50 4 28 29 55 46 42 13 25 21 20 22 21 35 51 13 12 28 24 19 18 17 12 48 17 9 32 11 18 32 14 20 19 8 54 26 46 41 8 33 13 9 11 13 17 53 37 13 27 27 40 22 22 31 49 48 46 32 38 19 8 5 32 23 60 20 55 47 26 16 22 48 35 38 51 45 15 42 33 8 41 44 35 38 46 45 23 36 38 47 38 30 58 14 25 0 49 61 28 38 10 30 14 13 11 40 37 56 17 41 21 33 38 30 26 38 29 13 48 41 37 45 38 35 56 35 48 16 42 46 33 41 30 6 34 13 4 23 43 33 15 43 39 31 18 9 35 7 39 45 39 40 54 7 45 36 29 50 29 6 5 38 37 13 50 64 56 35 10 50 18 26 42 41 19 19 17 12 43 31 43 44 43 26 24 12 27 23 15 47 12 43 20 43 35 18 18 48 42 23 33 33 10 23 11 50 17 31 28 35 19 18 24 36 60 18 49 13 28 24 26 41 44 27 17 35 24 27 28 12 40 30 19 31 36 36 34 37 45 14 38 23 44 44 38 21 52 42 42 36 21 36 36 36 53 33 36 49 40 35 43 56 47 50 34 2 24 63 44 36 26 27 16 48 11 13 39 41 43 18 46 31 36 40 16 32 32 44 49 32 19 20 47 12 49 8 17 28 39 49 11 27 61 32 47 36 42 27 12 30 15 37 49 32 35 50 32 45 10 19 32 20 50 29 40 22 20 29 28 29 32 13 15 17 29 26 36 13 13 28 45 29 45 51 10 15 35 39 47 31 35 19 50 25 17 18 43 42 41 57 43 31 29 14 30 23 44 29 63 48 31 32 17 44 43 45 12 14 49 39 15 43 39 27 39 10 42 38 31 51 5 43 8 7 31 23 29 50 49 46 34 39 27 14 35 31 16 34 29 34 44 52 37 44 44 18 18 15 25 33 20 49 33 41 7 44 45 53 39
38 64 70 24 26 18 35 28 20 37 58 57 4 16 60 38 25 36 43 37 41 15 33 36 32 24 46 57 20 56 32 14 37 26 60 8 35 59 40 41 38 21 49 39 62 16 53 37 21 65 41 19 21 50 8 33 22 9 50 54 52 39 60 19 54 53 17 11 39 46 14 57 50 23 24 29 30 32 39 58 11 8 36 30 18 24 61 42 8 20 56 40 66 62 49 26 47 59 39 58 25 11 13 44 35 32 44 16 30 9 39 54 22 18 53 37 41 46 44 46 36 43 32 59 57 48 30 37 29 29 33 39 57 62 30 31 32 48 38 4 48 57 34 47 46 61 37 38 44 44 27 47 9 23 45 59 41 50 58 39 34 24 40 38 54 23 17 47 50 22 3 41 6 18 22 33 54 49 26 32 33 31 31 36 32 34 46 12 15 35 9 23 36 24 22 48 33 22 19 14 8 5 27 28 13 7 52 56 30 53 25 49 0 32 48 63 44 45 58 37 50 12 27 37 32 15 58 21 62 50 27 31 63 58 3 19 60 12 13 55 38 58 8 34 66 12 25 46 61 54 32 43 50 33 50 27 58 23 60 30 47 53 48 43 24 10 11 14 39 55 5 24 62 23 53 47 54 18 17 50 25 37 28 53 49 13 39 61 8 54 43 38 47 48 7 45 38 7 37 34 34 52 23 28 54 38 49 38 39 10 37 47 32 43 29 35 16 26 47 27 48 3 38 27 57 23 50 55 61 34 30 54 31 48 28 32 52 53 30 30 41 32 28 42 30 45 17 49 59 32 19 38 19 12 9 54 22 42 20 40 14 39 14 23 22 16 36 13 15 26 27 42 33 26 10 20 27 31 9 23 43 48 26 36 6 14 49 46 48 16 48 59 12 67 23 54 17 61 58 66 34 54 31 10 41 60 49 37 14 51 18 51 38 22 60 9 40 33 37 29 30 61 64 32 38 29 59 62 18 56 54 17 45 4 58 46 28 59 40 51 27 29 44 35 36 26 62 44 48 59 61 34 25 40 51 34 47 20 5 16 39 59 29 15 10 24 23 45 4 34 35 41 7 31 56 26 47 41 39 36 31 34 12 60 38 10 42 18 46 9 26 7 59 50 15 30 35 17 41 24 22 43 21 11 26 21 53 20 50 43 22 48 30 25 5 18 17 37 39 36 17 30 49 61 33 34 14 22 21 6 11 42 34 53 60 29 38 17 43 13 53 20 16 28 47
6 81 61 54 48 41 27 54 47 17 67 45 35 17 57 32 54 9 61 54 27 43 52 41 53 50 47 74 44 71 6 19 28 7 49 27 20 54 60 48 14 49 65 29 54 17 39 6 52 57 61 51 52 64 32 34 22 40 68 60 63 62 62 37 44 52 17 39 31 68 35 52 51 51 39 10 10 49 14 74 42 34 23 14 48 47 58 38 33 49 59 36 59 52 64 47 63 72 62 46 53 31 40 38 32 42 30 17 27 40 32 59 15 48 64 54 20 58 41 41 11 26 21 73 56 49 46 60 44 27 12 49 72 59 37 45 46 68 55 29 51 67 31 54 67 56 54 43 46 53 8 45 25 20 54 53 49 66 66 56 52 9 31 55 51 44 24 47 50 32 35 23 37 35 50 53 68 59 30 38 3 50 7 19 56 49 46 43 37 26 23 53 54 54 48 56 22 17 28 29 39 34 43 56 38 38 42 52 3 71 42 61 32 0 44 55 61 40 74 53 66 28 55 11 46 24 59 47 54 45 35 24 60 73 34 49 52 23 30 47 13 51 25 46 56 22 52 34 58 64 28 61 60 39 36 29 63 53 51 56 67 60 40 57 53 24 35 43 15 66 36 52 59 54 49 62 65 25 28 56 11 5 5 45 66 43 59 60 30 41 64 43 50 66 31 39 25 28 24 36 38 58 42 39 71 21 55 24 60 26 30 50 44 24 19 58 39 28 54 45 55 33 45 30 54 27 51 73 61 28 2 73 14 66 52 37 50 41 18 34 46 27 38 39 56 51 46 44 77 59 27 30 45 34 39 71 24 42 50 26 41 62 18 20 51 29 41 35 40 25 8 35 27 13 29 28 18 6 40 12 35 60 43 4 33 37 47 43 67 47 65 66 39 59 18 56 48 57 50 57 48 48 30 25 22 55 69 59 19 68 49 59 58 40 50 24 50 57 7 30 15 53 53 56 54 55 75 55 15 50 46 16 39 32 69 48 29 61 20 47 22 40 46 34 35 32 57 51 67 63 58 58 25 48 69 59 31 38 33 46 53 65 57 26 23 30 50 47 28 58 55 45 29 20 44 6 32 35 36 49 57 56 24 56 7 23 36 35 66 39 19 37 67 54 46 22 47 20 30 46 51 51 51 37 30 12 65 50 58 58 32 47 32 12 37 17 43 27 38 51 30 31 52 55 33 29 45 52 25 30 41 46 53 58 59 29 59 48 36 26 61 18 47 9 36
46 50 23 63 37 39 18 45 46 29 30 15 49 39 14 13 54 38 38 31 18 46 33 16 37 45 9 44 41 40 38 41 17 42 15 42 25 11 39 16 33 48 36 16 14 40 15 43 58 17 40 60 57 34 42 16 29 52 42 20 29 46 19 33 10 9 38 44 14 46 38 9 9 49 30 35 35 32 35 41 53 44 22 31 52 38 15 8 42 50 17 10 19 15 33 36 36 37 47 15 50 38 44 7 15 22 18 42 20 50 13 19 35 53 29 32 28 27 5 3 35 22 24 39 12 8 30 43 28 21 33 21 39 16 20 27 28 44 32 46 12 30 16 18 44 13 33 14 11 22 39 2 42 29 22 11 19 37 27 34 34 39 14 33 8 36 32 7 8 27 50 25 49 33 50 36 35 25 23 18 42 35 38 26 44 28 6 54 38 19 46 57 33 55 44 21 23 32 30 35 50 46 30 52 42 50 11 9 42 41 31 28 48 44 0 15 34 5 42 30 38 37 52 36 26 35 16 44 15 3 23 22 16 40 49 52 13 39 35 8 35 10 44 24 19 40 47 15 15 29 19 37 25 18 16 22 22 55 14 48 43 23 8 28 52 40 41 47 32 31 48 50 15 61 6 33 30 31 32 17 36 45 41 8 37 56 39 16 41 14 43 15 12 39 43 6 21 42 21 15 16 19 33 24 42 25 17 22 41 39 15 11 25 24 26 42 39 23 19 33 18 50 16 22 10 26 11 45 18 17 44 45 31 40 43 17 6 13 28 19 14 19 23 7 45 17 49 2 46 49 30 15 44 38 49 41 28 9 54 21 44 43 45 30 54 33 15 38 42 24 38 10 19 34 39 29 29 39 51 37 10 29 32 45 45 39 3 3 43 56 38 26 44 20 31 15 55 14 11 18 27 6 18 39 26 12 46 41 39 40 58 22 38 33 14 44 23 45 42 20 30 13 17 45 31 46 41 15 39 8 8 40 6 45 32 10 21 19 27 4 26 24 10 13 13 24 14 17 42 22 14 45 25 19 41 47 19 32 45 58 28 24 51 34 42 25 47 9 48 45 36 13 42 25 13 43 17 9 10 25 48 42 38 13 44 43 8 34 43 48 29 48 28 15 56 24 24 35 16 37 51 19 53 42 23 40 30 54 22 30 28 6 19 35 51 36 42 18 10 29 32 19 13 13 16 17 52 62 28 43 49 12 35 17 15 21 41 57 9 37 25 33 54 37 13
55 57 8 78 52 54 30 59 61 38 36 11 64 53 12 26 68 48 49 44 28 61 47 30 50 60 21 52 56 48 49 54 28 53 8 56 36 7 51 29 42 62 46 27 2 54 17 52 73 4 52 75 72 44 57 30 43 67 52 26 38 58 20 48 11 15 51 59 26 57 53 8 19 63 44 46 46 45 43 49 68 58 33 42 67 53 12 22 56 64 22 23 4 4 43 51 46 44 60 10 65 53 59 19 29 37 25 56 34 65 25 25 47 68 38 45 36 37 19 18 45 30 35 46 13 19 44 56 43 35 43 34 47 12 35 42 42 54 45 61 23 37 30 28 55 7 46 28 24 33 50 17 56 42 33 6 31 47 33 46 47 51 25 46 12 50 47 19 18 42 65 33 63 48 65 50 43 34 37 33 53 49 49 36 57 42 20 69 53 31 60 71 47 70 59 31 34 45 44 50 65 61 45 66 57 65 13 9 53 51 46 38 63 55 15 0 46 18 50 43 48 51 66 45 40 49 19 58 1 13 38 34 12 48 63 66 4 53 50 9 44 5 58 38 5 54 62 21 10 36 32 48 35 32 20 36 27 70 5 62 55 31 16 40 67 55 56 62 41 39 63 64 11 76 11 43 37 45 47 26 47 55 52 11 47 71 52 14 55 15 55 29 23 49 57 19 31 57 32 30 31 27 48 39 52 35 26 32 54 53 27 22 39 32 39 56 54 38 29 47 28 65 30 36 11 41 20 55 17 30 55 55 42 50 57 32 14 15 39 34 27 32 38 22 59 28 63 14 55 63 45 27 59 53 64 51 42 23 69 30 59 56 58 43 69 47 30 52 56 38 49 22 32 45 53 43 41 50 66 49 22 39 46 55 59 54 15 18 53 71 48 31 59 5 44 21 70 8 6 3 41 10 32 54 34 6 56 53 52 50 73 31 51 48 6 58 35 59 51 34 41 3 5 58 44 60 49 1 52 8 10 53 18 60 39 22 35 21 36 13 39 39 23 28 28 38 7 28 52 25 11 59 39 32 51 61 25 47 60 73 40 28 66 48 56 39 62 22 62 58 49 27 56 36 12 54 24 23 24 39 61 55 52 10 53 57 22 49 54 63 41 63 33 24 71 36 38 48 26 52 66 32 68 57 38 52 39 69 31 42 43 18 34 48 66 50 56 29 25 43 47 33 23 4 31 30 67 77 43 58 64 25 48 24 15 35 54 72 21 51 33 46 68 48 20
65 21 51 45 19 27 39 21 29 52 18 49 42 47 36 37 32 59 4 8 45 32 11 23 12 25 27 14 26 12 56 46 41 55 49 41 47 40 7 20 56 29 6 41 44 47 49 62 40 45 8 43 39 7 37 30 39 42 9 22 12 15 30 26 44 31 46 34 39 12 31 38 28 28 23 51 52 13 58 15 42 37 46 49 35 21 36 34 36 31 26 35 47 47 7 19 4 17 16 49 29 35 33 37 35 19 47 49 36 40 37 22 47 36 13 7 53 9 34 35 56 50 43 16 33 28 16 13 18 36 53 15 14 37 25 16 15 10 6 44 24 17 35 18 10 40 8 23 25 14 54 32 43 41 14 41 17 7 20 6 11 52 41 7 34 21 38 29 29 30 43 51 40 29 30 11 12 14 32 25 60 14 56 49 18 13 28 41 30 41 48 37 9 34 26 15 43 44 34 35 40 40 19 28 32 41 45 37 58 10 21 10 44 61 34 46 0 36 14 8 6 37 28 57 15 39 30 26 46 37 26 40 38 15 42 34 44 42 34 42 57 42 44 15 50 43 25 46 38 14 36 3 13 24 48 33 24 35 46 22 9 18 41 6 31 42 34 34 56 14 40 28 38 42 36 5 14 36 34 21 50 64 56 42 6 44 9 35 38 48 9 22 24 5 38 36 46 40 45 28 26 21 22 22 11 49 20 46 10 40 38 25 17 52 43 14 28 33 17 18 18 44 20 32 36 34 26 13 33 39 59 13 50 6 20 26 33 47 45 28 22 37 23 32 20 19 33 36 17 22 35 39 27 32 39 11 37 28 36 47 32 12 50 42 34 34 24 32 30 37 53 38 38 49 37 33 44 56 41 49 39 8 19 63 39 31 33 33 9 41 5 22 33 49 43 26 39 40 44 48 13 39 34 41 51 40 12 11 45 8 42 17 8 23 47 46 13 18 62 33 48 44 49 18 7 22 16 45 48 40 42 48 37 40 17 26 33 29 52 36 40 21 26 32 31 29 41 19 8 26 37 17 36 17 9 19 49 25 40 44 9 24 27 37 44 31 27 25 46 17 9 23 39 44 47 56 48 36 33 13 22 14 41 37 64 45 35 28 9 38 43 39 20 22 42 41 15 42 43 21 31 15 34 33 31 50 12 35 16 4 29 30 30 49 43 45 28 42 31 10 32 32 23 42 31 36 38 45 36 40 38 24 11 24 34 34 11 42 37 39 16 43 38 53 44
42 52 25 62 36 38 13 45 45 25 33 14 46 36 18 10 52 34 39 32 14 44 33 15 36 44 11 46 40 42 34 37 13 38 16 39 21 15 40 17 29 46 38 12 17 37 14 38 56 20 41 58 55 36 39 13 26 49 43 23 31 46 23 31 10 13 34 42 10 47 36 13 13 48 28 31 31 31 30 43 51 41 18 27 50 37 19 4 39 48 20 6 22 17 35 35 37 40 47 15 49 35 42 3 11 22 14 39 16 48 8 22 31 51 32 33 24 28 2 2 31 18 20 41 16 11 29 43 27 18 28 21 41 20 19 27 27 45 33 43 15 33 12 20 45 17 34 14 12 23 35 5 39 25 23 14 20 39 30 35 34 36 10 34 12 34 29 9 11 25 47 21 46 31 49 36 38 27 20 17 38 35 34 22 43 28 9 51 36 15 43 55 34 53 43 23 19 28 27 32 47 43 29 51 40 47 10 13 38 43 30 30 45 40 5 18 36 0 44 31 40 34 51 32 25 32 20 42 17 6 21 18 21 43 46 50 15 35 33 10 31 13 40 24 21 36 46 11 18 31 15 38 28 16 13 19 26 54 15 47 45 26 5 30 51 37 39 45 28 34 45 48 20 59 9 34 32 28 29 20 31 41 37 8 39 54 40 20 38 13 43 15 14 40 40 1 17 39 17 13 14 22 32 22 44 21 19 18 42 36 10 14 25 20 23 42 37 20 21 32 21 47 17 19 15 23 14 47 22 14 40 47 27 41 42 16 10 12 24 17 15 15 22 5 45 19 47 5 49 49 27 11 42 36 47 44 24 8 53 17 42 44 41 26 52 30 14 35 40 21 34 6 15 29 36 26 25 35 49 33 6 31 30 41 42 37 7 4 44 54 39 29 42 22 27 18 53 18 13 21 27 9 15 36 22 16 47 41 35 42 56 25 39 32 15 41 24 45 37 17 26 16 19 44 32 45 44 17 35 11 9 36 2 42 35 12 18 22 23 7 22 23 11 10 10 21 18 18 43 25 19 45 21 20 43 47 15 30 43 56 28 27 51 31 39 22 46 11 45 45 36 14 39 21 13 39 14 6 7 26 47 41 35 16 40 39 5 32 44 46 25 45 31 18 54 20 24 31 12 36 50 21 52 40 20 36 33 52 24 32 25 9 16 32 48 33 40 14 8 30 30 16 16 16 13 13 50 60 25 40 47 13 35 20 19 17 42 55 5 34 27 29 52 33 9
78 9 54 57 32 41 50 34 42 64 15 55 56 60 38 47 44 71 16 22 56 45 25 34 26 38 34 4 39 3 69 60 52 68 54 55 59 44 19 29 68 42 9 52 48 61 56 75 52 48 18 56 51 10 51 41 53 55 10 24 13 24 31 40 51 36 60 48 49 17 45 43 33 41 37 64 65 26 69 2 55 50 57 61 47 34 39 43 50 43 29 44 50 52 10 33 11 7 25 55 41 49 46 46 45 32 56 63 48 53 48 25 60 48 13 21 64 17 42 43 68 60 55 5 37 34 30 24 31 48 65 26 3 39 37 30 28 13 20 58 30 14 46 24 15 44 22 34 33 22 67 40 56 54 22 45 26 8 18 19 25 65 51 21 39 35 52 36 35 43 57 62 54 43 43 25 7 18 44 37 73 27 68 60 30 26 36 55 44 52 61 49 23 46 39 21 54 57 47 49 53 53 33 39 46 54 52 42 71 6 35 14 58 74 42 50 14 44 0 22 9 51 40 69 29 52 31 39 50 43 39 51 40 3 56 46 49 56 48 48 69 47 58 28 54 57 38 55 41 14 48 16 17 36 57 46 24 47 51 34 14 20 49 18 43 56 48 47 67 12 54 41 40 54 41 12 13 50 48 25 63 77 69 48 9 57 21 37 52 55 18 33 30 11 52 44 57 54 56 40 37 24 36 35 6 60 25 57 22 54 49 31 30 62 56 26 42 46 23 32 24 58 30 44 40 48 32 8 34 50 72 8 62 10 33 37 38 54 58 40 31 49 36 41 32 26 46 44 5 33 48 50 41 46 52 5 50 37 49 58 45 22 64 55 47 48 35 45 44 49 66 47 50 61 51 47 56 69 54 63 48 14 33 76 53 44 39 40 13 54 11 20 47 52 56 30 51 42 49 51 27 44 46 55 62 44 14 22 58 7 55 20 21 37 52 60 24 30 74 45 61 48 54 30 21 34 3 49 61 45 48 62 45 54 12 33 45 30 64 42 53 34 34 43 41 42 43 26 12 26 40 29 49 27 8 30 59 39 54 57 21 23 38 50 58 44 39 33 60 28 23 32 53 56 54 70 57 45 43 25 33 26 55 41 76 59 45 42 15 51 56 53 18 27 55 53 28 55 53 34 44 24 47 47 44 64 12 48 20 16 42 36 42 62 57 58 41 53 40 23 46 44 29 46 42 48 51 57 49 54 51 32 24 27 36 46 23 54 47 52 18 56 51 66 53
57 29 49 41 13 20 32 18 24 45 22 44 36 39 34 30 29 51 9 1 39 26 5 17 8 21 23 22 20 20 49 39 34 47 45 33 40 37 10 15 49 24 13 35 41 40 44 55 35 43 11 39 35 13 30 23 32 36 16 22 16 16 30 19 40 29 39 27 32 17 24 35 25 24 15 44 45 5 50 22 36 30 39 41 30 15 35 29 29 26 26 29 45 44 13 13 11 23 17 44 25 28 27 31 28 12 40 41 29 34 31 23 39 31 17 2 46 10 29 30 49 43 36 22 32 24 8 13 10 28 45 10 21 35 17 8 7 16 3 37 21 21 28 16 15 38 4 17 20 11 46 28 35 33 12 38 12 14 23 5 5 44 34 3 31 14 30 25 26 22 37 44 34 21 26 8 18 15 24 18 52 8 48 42 15 5 24 36 23 34 40 33 4 31 21 15 35 36 26 27 34 33 11 25 26 34 40 35 50 18 13 13 37 53 30 43 8 31 22 0 14 29 25 50 8 31 29 20 43 32 18 32 37 22 36 29 41 34 27 38 50 39 37 8 47 35 22 40 37 18 29 9 14 17 43 26 25 31 43 20 16 19 36 7 27 35 27 28 48 19 34 25 36 38 32 11 18 28 27 20 42 56 48 37 14 38 10 34 31 43 14 16 21 13 31 31 39 33 38 21 19 20 15 15 19 42 19 39 12 32 32 22 9 45 36 13 22 25 15 11 17 38 15 24 34 27 23 21 32 32 51 20 42 14 16 19 30 42 38 21 17 30 15 26 17 16 27 32 25 21 27 33 22 25 33 19 29 23 32 40 26 14 42 34 30 26 18 24 23 29 45 32 31 41 29 25 36 49 35 42 33 12 12 56 32 24 29 28 15 36 13 24 26 47 35 25 34 38 40 46 5 35 27 34 45 38 18 11 37 16 37 17 9 16 43 38 8 17 54 26 41 41 46 16 2 19 23 42 40 37 37 40 32 33 22 22 25 29 45 32 33 13 21 25 24 21 39 15 15 27 36 16 28 12 17 19 43 18 33 39 3 26 25 29 37 23 23 21 39 16 6 18 32 36 43 49 42 30 27 6 20 13 33 35 56 38 30 21 14 32 35 33 24 20 36 33 8 34 36 15 27 12 30 27 23 43 17 31 16 7 21 26 23 42 37 37 22 35 25 2 25 25 21 39 24 29 32 40 28 33 32 19 6 23 33 26 12 37 32 31 18 35 33 45 39
71 15 53 49 24 33 44 26 34 57 16 52 48 52 37 42 36 64 7 14 50 37 17 28 18 30 30 8 31 7 62 52 46 61 51 47 52 42 11 24 62 34 2 46 46 53 52 68 44 46 11 48 43 5 43 35 45 47 5 22 11 17 31 32 48 34 52 39 43 11 37 41 30 33 29 57 58 18 63 10 47 42 51 54 40 26 38 38 42 36 27 39 49 50 6 24 3 12 18 52 33 41 38 41 39 25 51 55 41 45 42 23 52 41 12 13 58 12 38 38 62 55 49 11 35 31 22 16 24 41 58 20 9 38 30 22 20 8 12 50 27 15 40 21 9 42 13 28 28 17 59 36 48 46 17 43 21 2 19 11 16 58 45 13 37 27 44 32 32 35 49 56 45 34 35 17 8 15 37 30 66 19 61 54 22 18 32 47 36 46 53 41 14 38 31 17 48 49 40 41 45 45 25 32 38 46 48 40 63 5 26 11 50 66 38 48 6 40 9 14 0 43 32 63 21 45 31 31 48 40 32 45 39 9 48 39 47 48 40 45 63 45 50 21 52 49 30 50 40 13 42 8 14 29 52 39 24 39 49 26 8 18 44 11 35 48 39 39 61 12 46 33 39 46 38 6 12 42 40 23 56 70 61 45 1 49 13 36 44 51 11 27 27 3 44 40 51 46 50 33 31 22 28 28 5 54 23 51 14 46 43 28 22 56 49 18 34 39 20 23 20 50 25 37 38 40 28 8 33 44 65 8 55 3 25 31 35 50 51 33 26 42 29 36 24 22 38 40 11 26 40 44 33 38 44 5 43 32 41 52 37 14 56 47 39 40 29 37 35 42 58 42 43 54 43 39 49 62 46 55 43 9 25 69 44 36 36 36 7 46 2 21 38 51 49 28 44 41 47 50 19 42 39 47 56 42 9 15 50 3 47 18 12 29 50 51 17 22 67 38 54 46 52 22 13 26 11 47 54 43 45 54 41 46 14 29 38 29 57 39 46 27 29 37 35 34 42 22 5 26 39 21 42 21 4 23 54 31 45 49 14 23 31 42 50 37 32 29 51 20 15 27 45 49 51 62 52 40 37 18 25 19 47 39 69 51 40 34 8 43 49 44 19 25 46 46 20 48 48 26 36 19 39 39 37 56 11 40 18 9 35 33 35 55 48 50 33 47 35 15 38 38 25 44 36 41 43 49 42 45 43 27 16 25 35 39 15 47 42 44 16 49 43 58 48
33 57 58 32 21 14 24 26 20 28 48 46 13 11 48 26 28 30 37 30 30 17 27 25 27 23 35 50 17 48 26 10 26 22 49 6 25 47 35 31 31 22 42 28 50 12 42 32 27 53 35 27 27 42 6 22 11 17 44 44 43 35 49 11 42 42 12 13 27 42 8 45 39 24 14 22 23 25 32 51 19 9 26 22 23 20 49 30 7 23 45 29 55 50 41 20 40 51 35 47 26 3 13 33 23 22 33 13 19 16 27 44 15 23 44 30 32 37 33 34 29 33 22 51 46 37 22 33 20 17 26 29 49 50 19 22 23 43 31 10 37 47 23 36 41 49 30 27 32 34 21 36 7 13 35 47 31 43 48 32 27 19 29 31 43 17 7 35 38 11 14 32 14 9 24 28 46 40 14 21 28 25 25 27 29 25 34 20 9 24 12 28 29 27 21 38 22 14 8 2 15 10 18 29 12 15 41 45 25 47 17 40 12 28 37 51 37 34 51 29 43 0 28 30 23 4 46 20 50 39 16 20 51 51 13 23 48 6 3 43 30 46 9 24 54 7 25 35 50 44 20 36 40 22 39 15 48 28 49 29 42 43 37 34 27 6 8 17 31 46 13 25 50 30 42 39 45 7 5 40 19 32 23 41 42 22 33 50 5 42 38 27 36 41 7 33 28 6 26 22 22 42 15 18 47 28 39 27 34 4 26 36 22 33 19 31 12 14 37 20 37 14 28 16 46 11 38 49 50 23 26 48 23 42 25 21 40 42 20 19 30 21 17 30 28 35 19 38 53 31 7 27 18 7 15 48 11 30 25 30 15 35 14 13 26 5 25 7 13 15 21 30 22 19 3 9 17 25 17 17 31 39 18 32 9 10 38 34 42 23 41 49 12 56 14 43 23 50 47 54 25 42 20 5 31 48 44 32 9 44 25 41 33 14 48 10 30 30 31 18 22 49 52 29 30 27 52 51 13 44 42 13 34 9 49 34 16 48 31 40 16 19 33 24 24 14 50 34 42 49 50 31 14 30 45 32 36 12 10 24 30 48 30 4 8 13 23 33 12 31 29 30 5 21 44 23 36 29 27 26 30 30 5 48 33 9 30 9 40 14 16 13 49 39 22 19 25 9 30 19 25 33 25 10 14 16 44 25 40 35 11 37 18 18 15 11 15 26 27 28 5 19 38 49 21 22 20 30 10 7 16 31 28 43 48 17 33 24 31 3 43 11 22 22 36
61 44 73 18 15 15 46 8 9 55 46 64 24 38 59 46 4 57 25 25 53 13 21 36 18 7 45 38 13 38 54 37 49 49 66 29 51 60 22 38 58 7 33 50 64 39 62 59 13 66 22 17 12 34 24 39 38 20 31 47 39 16 55 22 60 52 39 17 48 25 21 59 49 5 24 49 50 22 59 41 19 22 51 49 10 14 59 48 23 7 51 47 68 66 35 16 31 44 16 65 3 25 16 51 43 30 56 39 41 19 48 48 42 11 40 24 58 35 49 50 56 57 47 42 56 48 23 17 24 40 53 33 40 60 33 25 25 28 25 29 45 44 43 41 26 62 23 38 43 36 49 50 31 40 37 61 36 33 47 24 20 46 50 24 55 17 34 47 49 30 25 57 21 24 5 19 39 40 35 35 56 18 53 53 11 25 47 19 20 47 34 9 22 6 9 40 47 41 31 28 20 23 22 2 17 21 60 58 53 35 21 37 27 55 52 66 28 51 40 25 32 28 0 57 27 32 54 10 65 54 31 44 61 41 25 9 63 33 27 59 58 61 32 28 70 33 5 57 61 42 42 26 39 35 60 37 50 7 65 7 27 44 55 31 4 32 20 14 58 42 22 4 61 15 55 33 41 33 30 44 46 60 50 58 33 20 20 58 26 62 23 37 44 30 25 50 52 28 51 38 37 45 19 29 35 54 44 52 19 30 47 45 27 58 44 15 18 36 40 19 42 26 36 36 57 35 47 34 57 45 53 33 50 30 10 35 53 61 47 35 39 43 30 46 9 40 10 53 39 8 32 48 11 22 19 36 36 44 10 54 14 19 39 40 8 29 37 22 16 39 49 50 44 46 26 32 44 53 20 45 50 35 21 59 23 19 51 49 28 16 30 49 17 70 41 50 13 62 62 69 26 57 41 31 57 61 28 18 36 33 16 42 21 20 65 33 32 11 59 38 49 64 68 11 26 7 42 65 40 59 59 40 51 25 45 45 37 54 57 54 42 28 44 42 41 32 62 39 29 52 60 12 38 35 33 10 59 22 24 19 28 50 3 31 33 33 5 44 30 13 20 40 26 47 63 50 58 48 45 28 8 14 32 59 60 34 48 23 26 18 43 20 48 45 17 44 29 36 52 15 5 37 8 19 34 44 40 9 41 30 29 49 37 45 23 39 14 49 43 25 28 39 45 63 39 44 14 17 34 26 17 41 20 48 57 38 18 16 50 30 43 39 13 50 56
11 77 51 59 47 42 20 54 49 7 61 35 39 21 48 24 57 3 58 50 18 46 49 36 51 51 40 70 45 67 6 23 20 13 39 31 11 44 58 42 4 51 61 20 45 21 29 8 56 48 59 55 56 60 35 29 20 44 65 53 58 61 54 37 34 44 20 41 23 65 37 42 43 53 37 9 8 47 3 69 46 38 14 9 52 46 49 30 36 52 51 28 49 41 59 46 60 67 62 36 55 33 43 29 25 39 20 22 22 44 24 52 16 52 59 51 10 53 32 33 1 15 15 68 47 41 43 58 41 22 5 44 67 50 33 42 44 65 52 33 44 61 24 48 64 46 52 37 39 48 11 36 29 18 49 43 44 62 59 53 50 14 22 52 43 44 24 39 42 30 40 12 41 34 53 51 63 54 26 33 9 49 7 10 55 45 38 47 38 19 29 57 51 57 49 50 15 17 26 30 43 38 41 58 41 42 32 43 10 67 40 56 37 11 36 45 57 32 69 50 63 30 57 0 42 26 51 48 44 36 32 18 51 68 38 51 42 26 31 37 2 41 29 42 46 26 53 24 49 59 22 58 54 34 26 24 56 56 41 57 65 54 30 52 56 28 38 45 5 61 40 54 50 58 40 58 59 25 28 49 12 11 11 35 62 49 57 51 33 31 62 37 43 62 35 31 15 32 15 30 32 51 41 35 68 11 48 14 58 29 22 43 41 14 14 57 40 25 48 44 48 39 39 26 45 24 44 70 53 20 12 69 8 63 52 32 41 30 12 30 40 21 35 31 56 45 49 35 73 59 26 22 47 36 43 67 22 35 54 16 44 60 25 18 54 29 35 36 42 21 10 26 20 11 31 27 14 8 44 14 26 56 42 10 37 39 38 35 64 51 61 59 42 48 17 49 52 47 40 46 45 38 24 28 11 45 67 57 23 65 53 53 56 39 39 29 46 57 7 25 9 44 43 56 51 55 70 45 19 40 36 20 30 36 63 40 25 53 9 38 17 37 39 28 29 29 47 45 64 56 49 57 22 43 65 59 21 37 37 51 49 57 58 27 27 27 52 40 34 58 52 39 33 14 34 13 21 27 29 45 57 55 27 47 9 27 28 35 63 43 15 41 60 47 50 17 43 21 20 45 54 46 53 40 27 17 59 54 52 54 31 39 28 13 41 20 44 18 31 48 30 25 45 45 27 23 49 57 24 34 45 39 51 50 50 24 58 52 27 27 55 19 51 9 26
50 36 46 41 13 18 25 20 23 38 26 39 32 32 32 24 29 44 17 9 32 24 8 11 12 21 19 29 18 26 42 32 27 40 40 28 33 34 16 12 42 24 20 28 38 33 38 47 35 40 17 38 34 19 26 16 25 33 23 23 20 21 30 13 35 26 32 24 26 24 20 32 22 25 10 37 37 7 43 29 33 26 32 34 29 14 33 23 24 26 26 23 42 40 19 12 18 28 23 39 26 23 24 26 21 5 34 35 22 31 25 23 32 30 21 9 39 14 23 25 42 36 29 28 29 21 5 18 5 21 38 7 27 34 10 3 3 23 10 32 19 25 21 16 22 35 10 12 16 12 39 24 29 26 13 34 10 21 26 12 9 38 28 10 28 12 24 21 23 15 33 37 30 16 26 12 24 17 17 11 45 10 41 35 19 4 20 33 19 27 34 33 10 31 20 16 28 29 19 21 30 29 7 27 22 31 34 31 43 25 9 17 32 46 26 40 15 25 29 8 21 23 27 42 0 25 28 20 39 28 11 25 35 28 32 29 37 28 21 33 43 35 31 2 44 29 23 33 34 22 22 16 18 11 37 19 26 32 39 23 23 21 30 12 28 29 23 26 41 23 30 25 34 38 29 17 22 22 20 19 35 49 41 32 20 36 16 33 26 37 20 11 18 20 27 25 32 28 31 15 13 21 11 8 26 35 18 32 18 26 25 19 2 38 29 18 18 18 15 8 17 34 10 17 31 20 21 28 32 25 44 28 35 21 18 12 26 36 31 13 13 23 8 21 20 14 26 27 32 24 20 26 21 20 29 26 22 18 31 33 23 20 36 27 30 20 12 19 20 22 38 26 24 34 24 19 29 42 32 35 27 16 8 49 28 20 25 23 22 34 20 27 23 44 28 24 33 35 36 42 3 31 20 28 37 35 25 17 30 23 36 19 15 12 39 33 8 20 47 18 34 37 42 19 9 21 30 39 33 33 33 34 26 28 26 18 18 29 38 28 25 6 17 19 18 14 36 14 22 28 34 20 21 9 24 22 37 12 29 37 8 27 27 22 31 16 23 18 34 20 12 14 27 29 38 42 36 24 21 4 22 17 27 33 49 32 24 16 22 28 28 29 27 19 35 26 3 27 30 13 27 11 30 23 16 36 21 30 18 13 14 22 16 34 33 30 19 28 19 6 19 18 19 36 17 22 30 40 21 28 29 15 10 23 31 19 18 35 26 25 21 28 31 38 33
30 60 56 35 24 18 21 30 24 24 49 43 16 8 47 24 32 26 39 32 27 21 29 24 29 27 34 52 21 50 22 8 23 18 46 8 21 46 37 31 27 26 44 25 48 9 39 28 31 51 38 31 31 43 10 20 8 21 46 44 44 39 49 14 40 41 8 17 25 44 12 44 38 28 16 18 19 27 28 53 22 13 22 18 27 23 48 28 11 27 45 26 53 48 43 23 42 52 39 44 30 7 17 31 21 22 30 11 16 20 25 44 11 27 45 32 28 38 31 32 25 29 18 52 45 36 24 36 22 15 22 29 51 49 19 23 25 45 33 12 37 48 20 37 44 48 32 27 32 34 18 34 7 9 35 45 31 45 48 34 30 15 26 33 41 20 3 34 37 11 17 28 17 11 28 30 48 41 13 20 24 27 21 23 32 27 33 23 13 21 12 32 31 31 25 38 19 10 6 5 19 14 20 33 16 18 38 43 22 49 19 41 15 24 35 49 39 32 52 31 45 4 32 26 25 0 46 24 48 37 16 17 50 52 15 27 46 4 6 41 26 44 9 25 52 5 29 32 49 45 18 38 41 21 36 13 48 32 46 33 44 43 34 36 31 6 12 21 27 47 16 29 49 33 40 41 46 5 5 40 15 29 19 39 44 25 36 49 8 39 41 26 36 44 10 31 24 8 23 21 22 42 18 18 49 24 39 24 37 5 23 36 23 29 15 34 15 12 37 22 38 17 28 14 44 9 38 51 49 20 22 50 19 44 29 21 39 39 16 18 29 18 18 28 32 35 23 36 55 35 5 24 22 11 19 50 8 29 29 27 19 38 12 9 30 5 25 11 17 12 17 28 19 15 7 7 13 21 20 13 29 40 20 28 13 14 36 32 44 27 43 49 16 54 10 43 27 48 44 52 26 40 17 5 27 47 46 35 6 47 29 41 35 17 46 10 31 34 27 16 18 47 50 33 32 31 54 49 10 43 40 10 31 12 50 34 14 48 27 38 13 19 32 22 23 13 49 34 45 49 48 34 11 30 47 35 33 15 13 28 32 49 33 3 8 12 27 33 14 35 32 30 9 17 42 19 33 27 26 28 33 33 4 47 29 9 28 12 43 18 12 17 49 38 26 15 26 5 27 22 29 33 29 14 13 13 45 29 40 37 11 35 17 14 19 7 19 23 26 30 7 17 38 48 19 20 24 33 7 10 20 31 30 42 47 15 36 28 29 3 43 7 26 18 33
61 39 23 68 40 45 32 46 50 44 18 26 57 51 7 28 57 53 33 30 34 51 33 22 37 48 12 35 45 31 53 53 32 55 24 51 40 13 35 17 48 51 29 31 17 52 29 58 62 17 36 65 62 26 50 26 42 59 35 9 20 43 4 39 23 8 51 51 28 40 45 13 9 52 35 49 49 32 50 31 60 51 37 45 57 41 8 22 50 54 4 24 19 21 25 39 29 26 45 25 53 47 51 22 28 27 33 54 33 57 27 8 48 58 20 30 43 21 19 18 50 37 38 28 6 11 32 41 32 34 47 21 28 8 28 30 30 37 30 56 10 19 29 13 38 13 32 20 15 18 53 15 52 42 18 14 19 29 15 31 34 53 29 31 10 40 44 13 10 36 58 40 56 41 53 36 26 17 34 26 57 36 53 41 44 29 14 60 45 33 57 60 32 58 48 15 37 45 40 44 57 54 34 54 49 58 24 12 56 33 36 21 58 59 16 19 30 20 31 29 31 46 54 51 28 46 0 47 19 16 31 35 9 30 57 56 18 50 45 19 50 17 54 27 23 51 49 30 10 19 32 32 18 25 30 33 9 59 20 49 38 13 23 24 55 51 49 53 47 21 56 52 9 65 13 26 20 42 42 10 49 60 55 20 30 63 37 6 50 27 39 20 11 32 51 21 36 52 36 26 25 9 38 30 34 40 10 37 39 49 29 11 28 40 40 41 45 35 14 36 13 59 20 33 9 38 9 37 4 32 58 37 45 33 44 26 10 26 42 29 17 32 30 20 46 14 53 17 36 49 41 29 48 46 56 33 39 18 59 36 50 40 57 43 58 42 22 45 47 37 52 25 32 47 48 39 42 54 58 50 25 22 35 60 53 46 13 17 37 61 31 13 50 21 44 4 60 11 19 20 28 15 31 50 41 13 39 39 51 32 63 13 36 39 22 55 22 45 57 32 44 17 23 44 29 47 31 18 52 15 19 53 21 54 21 13 32 3 43 14 39 30 15 26 25 33 12 15 35 7 9 45 37 19 33 47 34 39 54 64 26 10 53 44 53 35 50 14 58 44 35 17 51 39 25 57 33 24 23 26 48 41 49 10 59 54 23 41 37 55 42 55 15 9 62 37 26 47 31 41 55 18 57 49 34 53 21 58 14 26 36 12 30 49 59 49 47 33 22 29 41 31 9 15 28 30 58 67 40 52 56 16 34 6 5 33 39 63 24 47 15 46 59 51 28
53 44 65 22 8 7 37 8 4 46 42 56 19 30 51 37 11 49 24 20 44 7 16 28 14 4 38 37 3 37 45 29 40 41 58 21 42 53 21 31 49 5 30 41 57 31 53 51 16 59 21 19 15 32 17 30 29 17 30 41 35 18 49 13 52 45 31 10 39 26 12 51 42 6 15 41 41 16 50 40 17 15 42 40 10 6 52 39 15 7 45 38 61 58 32 9 28 42 18 56 8 17 9 42 34 22 47 32 32 15 39 42 34 11 36 20 49 30 40 42 47 48 38 40 49 40 15 17 16 31 44 26 39 53 24 18 18 28 21 22 38 41 34 35 26 54 19 30 35 30 41 42 24 31 31 53 29 32 43 21 16 38 41 20 47 8 25 39 42 21 20 48 16 14 7 15 37 35 26 26 47 13 44 44 11 19 39 17 11 38 27 14 18 12 1 34 38 32 23 19 15 17 14 10 10 17 51 50 45 34 13 33 21 47 44 58 26 42 39 20 31 20 10 48 20 24 47 0 58 46 22 35 54 40 19 9 55 25 18 51 49 53 25 21 62 26 6 48 54 38 33 24 34 27 51 28 45 13 57 10 27 39 47 26 9 24 13 9 49 38 17 7 54 19 47 30 37 24 21 38 38 52 42 50 31 18 19 52 19 53 23 30 37 29 18 42 43 20 42 30 28 39 11 20 34 45 37 43 18 22 38 38 20 49 36 14 9 27 34 12 35 21 29 27 50 26 40 35 51 36 45 34 41 29 7 27 45 52 38 26 32 34 21 38 10 34 8 45 40 12 23 39 3 13 14 35 28 35 12 45 8 19 31 31 11 20 29 13 8 30 40 41 35 37 18 22 35 44 16 36 42 31 13 51 17 10 43 41 27 16 29 44 10 62 32 44 14 54 54 61 19 49 32 23 48 54 28 17 28 32 17 37 19 11 57 26 26 12 50 29 40 56 60 11 21 8 41 57 32 51 50 32 43 18 41 37 28 48 48 46 32 20 36 33 33 23 55 33 28 47 53 13 29 28 32 13 50 13 18 19 23 45 11 22 26 24 5 37 24 14 17 32 19 38 55 42 49 39 36 22 10 13 24 52 52 26 39 13 25 13 34 15 44 39 17 35 22 28 43 7 8 30 10 11 25 35 36 11 36 26 20 41 28 37 19 30 5 40 35 20 19 30 38 55 31 35 13 21 26 19 13 34 16 42 50 29 17 17 41 22 38 30 13 41 48
54 57 9 78 51 54 29 59 60 37 36 10 63 52 12 26 68 47 49 44 27 60 46 30 50 59 21 53 55 49 48 53 27 52 7 55 35 6 51 28 41 62 46 26 3 53 16 51 72 5 52 74 71 44 56 30 42 66 52 27 38 58 20 47 10 15 50 59 25 57 52 8 18 63 44 45 45 45 42 49 67 58 32 41 66 52 12 21 55 64 22 22 5 3 43 50 46 44 59 9 64 52 58 18 28 36 24 55 33 64 24 26 46 67 37 45 35 37 18 17 44 29 34 46 14 19 43 55 42 34 42 34 47 13 34 41 41 54 44 60 22 37 29 28 55 7 46 28 23 33 49 16 55 41 33 6 31 47 33 46 47 51 24 45 12 50 46 19 18 41 64 32 63 47 64 49 44 34 37 32 52 48 48 35 57 41 19 68 52 30 59 71 46 69 58 31 33 44 43 49 64 60 44 66 56 64 12 9 52 51 45 38 62 54 15 1 46 17 50 43 48 50 65 44 39 48 19 58 0 13 37 33 12 48 62 66 3 52 49 8 43 5 57 38 5 53 61 20 10 37 31 48 35 32 19 35 27 70 4 61 54 30 15 40 66 54 55 61 40 39 62 64 12 75 11 43 38 44 46 26 46 54 51 10 47 70 51 14 55 14 54 29 23 49 57 18 30 56 31 30 30 27 47 38 52 34 26 31 54 52 26 22 39 31 38 55 53 37 29 47 28 64 30 35 10 40 20 55 18 29 54 55 41 50 57 32 13 14 38 33 27 31 37 21 59 28 63 13 55 63 44 26 58 52 63 51 41 23 69 29 58 56 57 42 68 47 29 52 56 37 48 21 31 44 52 42 40 49 65 48 21 39 45 54 59 54 15 17 53 70 48 31 58 6 43 20 69 8 5 4 40 9 31 53 33 7 56 53 52 50 72 31 50 47 5 57 35 59 50 33 40 2 5 58 43 60 49 2 51 7 9 52 17 59 39 22 35 21 35 12 38 38 22 27 27 38 7 28 52 25 11 58 38 31 51 60 24 46 59 72 40 28 65 47 55 39 61 22 61 58 48 26 55 35 11 53 23 22 24 39 61 55 51 10 52 56 21 48 54 62 40 62 33 24 70 35 37 48 25 51 65 31 67 56 37 51 38 68 31 42 42 17 33 47 65 49 56 28 24 42 46 32 23 5 30 29 66 76 42 57 64 25 48 23 15 34 54 71 20 50 32 45 68 47 19
46 51 20 66 39 42 19 47 48 30 31 12 51 41 13 15 56 39 40 33 19 48 35 18 39 48 10 46 43 42 39 42 18 42 13 43 26 10 41 18 33 50 38 17 12 42 14 43 60 15 42 62 59 36 44 18 31 54 44 21 31 48 19 35 9 9 40 47 14 48 40 8 10 51 32 36 36 34 35 43 55 45 23 32 54 40 14 9 44 52 18 11 17 13 35 39 38 39 49 13 53 40 46 7 16 25 17 44 21 52 14 20 36 55 31 34 28 29 6 5 36 22 24 40 12 10 32 45 31 23 33 23 40 15 22 30 30 45 34 48 14 31 17 20 46 12 35 16 13 23 40 5 43 30 24 9 21 39 28 36 36 41 15 35 7 38 34 8 9 29 52 25 50 35 52 38 37 26 25 20 43 37 39 26 46 30 9 56 40 19 48 59 36 57 47 23 23 33 31 37 52 48 32 54 44 52 9 7 43 43 34 30 50 45 3 13 37 6 43 32 40 39 54 36 28 37 16 46 13 0 25 23 16 42 50 54 10 40 37 6 35 8 45 26 17 41 49 14 14 30 20 39 27 20 15 24 23 58 11 50 46 24 7 31 55 42 43 49 32 32 50 52 15 63 5 35 31 33 34 19 37 46 42 5 39 58 41 15 43 12 45 17 14 41 45 7 21 44 22 18 18 20 35 26 44 25 18 22 43 41 16 13 27 24 28 44 41 25 21 35 20 52 19 23 10 28 12 47 17 19 45 47 32 42 45 20 6 11 28 21 16 20 25 9 48 19 51 1 48 52 32 15 46 40 51 43 29 11 57 21 46 45 46 31 56 35 17 40 44 26 39 10 20 35 40 31 30 40 53 38 11 31 34 46 47 42 5 5 44 58 40 27 46 18 32 15 57 13 9 16 29 4 20 41 26 11 47 43 40 42 60 24 40 35 12 46 25 48 42 22 31 11 15 47 33 48 43 13 40 6 6 41 6 47 34 11 23 19 27 3 27 26 12 15 15 25 13 18 44 22 14 47 26 21 43 50 18 34 47 60 30 25 54 35 44 27 50 12 50 47 38 15 44 25 12 44 17 11 12 28 50 44 40 12 44 45 10 36 45 50 30 50 29 16 58 25 26 36 16 40 54 22 55 44 25 41 32 56 23 33 30 8 21 37 53 38 44 19 12 32 34 21 15 11 18 18 54 64 30 45 51 14 37 18 15 22 44 59 9 39 26 34 56 38 12
39 47 45 41 18 17 16 26 24 27 34 35 27 23 34 16 32 34 27 19 24 23 18 10 20 25 20 39 19 37 31 23 19 30 37 21 23 34 26 15 31 26 30 20 37 24 32 37 35 39 27 37 35 30 20 9 14 29 34 29 29 30 34 10 31 27 22 22 18 34 15 31 24 27 8 26 27 16 33 39 30 21 22 24 30 18 35 18 19 28 30 17 41 37 29 17 29 38 31 35 29 16 22 21 13 8 26 25 12 28 17 28 21 30 30 20 29 23 20 21 31 28 19 38 31 22 12 27 10 11 27 14 37 35 4 11 12 34 20 25 22 33 13 22 33 35 20 12 17 19 28 22 22 15 20 33 16 32 33 22 19 27 20 21 28 15 14 21 23 5 28 28 26 10 28 20 34 26 6 6 34 18 30 25 26 14 20 31 15 18 26 35 20 33 23 23 18 18 10 14 27 24 11 32 20 27 30 31 32 36 11 26 27 35 23 38 26 21 39 18 32 16 31 32 11 16 31 22 37 25 0 15 37 39 26 29 35 20 14 30 32 33 24 11 42 21 26 26 35 31 13 26 26 7 30 8 33 34 36 29 33 28 25 22 31 20 19 25 31 32 26 28 36 38 28 28 31 12 11 24 25 39 30 29 31 33 26 35 19 32 30 12 21 31 21 20 23 21 22 8 8 27 12 4 37 25 23 23 27 19 17 21 10 29 18 26 16 8 22 14 23 28 12 7 31 9 23 39 35 15 34 38 24 32 24 6 26 31 20 5 15 14 3 17 27 20 26 25 42 31 11 18 22 16 26 37 12 16 32 25 22 29 27 16 32 12 10 15 19 11 27 19 15 23 17 9 18 31 29 24 20 26 11 38 22 17 24 20 33 33 30 34 21 42 18 28 32 35 34 41 13 29 10 19 28 34 35 26 21 34 35 26 25 11 36 24 16 28 36 9 23 36 39 27 20 27 40 37 23 31 30 24 21 23 35 19 8 33 28 26 15 5 18 12 11 3 36 19 33 34 35 28 10 15 34 30 29 10 23 35 18 34 31 14 23 5 26 19 27 28 21 15 20 19 33 31 28 17 15 14 29 25 19 34 38 24 18 11 32 25 18 25 34 24 33 16 12 18 22 17 30 18 31 20 5 26 30 32 25 23 6 22 7 24 29 20 19 19 14 17 11 8 23 35 9 14 29 39 11 21 27 16 20 28 33 9 27 34 20 16 28 18 31 27 26
27 59 41 51 32 29 5 40 36 13 44 27 33 19 34 9 44 20 41 33 11 34 32 18 35 38 24 53 32 49 19 21 7 21 31 24 8 32 41 24 17 38 43 8 34 20 22 24 46 37 42 47 45 42 26 11 10 37 48 36 40 45 38 23 24 29 18 31 9 48 25 30 27 40 22 14 15 30 19 51 38 28 7 11 41 32 35 14 26 40 35 12 38 32 42 31 42 49 46 28 42 22 32 16 8 21 14 22 4 35 10 35 14 41 41 34 15 35 17 19 17 14 4 50 33 25 27 42 25 5 14 26 49 36 15 25 26 48 34 28 27 44 7 30 47 34 35 19 22 30 18 22 23 9 31 31 26 45 42 36 33 19 10 35 28 29 14 23 26 15 33 13 33 21 40 35 46 36 10 15 23 33 18 10 40 28 22 39 25 5 27 46 34 45 36 33 4 11 13 19 35 30 25 45 29 34 22 30 22 49 25 38 31 24 22 34 40 18 51 32 45 20 44 18 25 17 35 35 33 23 15 0 38 51 32 40 31 20 20 26 18 30 25 25 37 20 40 16 36 41 4 40 37 16 20 8 39 45 31 43 47 37 19 35 43 22 27 35 17 43 32 41 37 48 27 40 42 14 16 32 15 27 20 24 44 41 40 37 24 23 45 20 26 45 26 17 9 25 8 13 15 34 26 19 50 11 31 9 42 21 8 26 24 15 6 41 27 8 31 28 31 33 22 9 32 10 28 52 38 5 24 52 11 45 38 15 27 23 7 12 22 4 18 16 41 28 37 22 55 45 14 8 34 24 34 50 9 19 43 11 32 44 24 9 43 17 18 24 30 6 17 13 3 13 22 13 7 19 36 15 13 38 26 26 29 27 24 20 47 42 44 42 31 39 10 33 42 35 29 37 27 26 6 21 14 33 50 40 19 47 44 35 39 24 30 25 28 42 23 7 10 33 34 41 34 41 52 34 18 28 25 19 17 28 45 24 8 38 14 25 5 20 22 10 12 13 35 27 47 40 36 42 7 25 48 44 17 23 29 44 32 41 45 16 23 11 39 23 30 42 36 22 25 5 26 22 16 13 13 27 43 39 20 34 25 24 14 22 46 34 8 32 43 30 42 2 25 15 10 31 41 28 42 29 11 19 42 43 34 36 16 24 10 15 35 16 31 7 14 31 18 8 29 33 10 6 39 49 11 26 35 22 34 34 36 7 41 43 14 19 38 13 41 16 17
61 47 15 75 47 52 34 54 57 45 26 21 63 55 4 29 64 54 42 38 33 58 41 28 45 56 17 43 53 39 54 56 33 58 18 56 41 8 44 24 48 59 37 32 10 56 26 58 70 9 45 72 69 35 56 31 45 65 43 17 28 52 9 46 19 10 54 57 30 49 51 9 14 59 42 51 51 40 50 39 66 57 38 47 64 49 3 24 56 61 12 26 11 15 34 47 38 33 53 20 61 52 57 23 31 34 32 58 36 64 29 16 51 65 28 39 43 30 21 19 51 37 40 36 6 15 39 49 39 37 48 29 37 2 34 37 37 46 38 61 17 27 32 21 47 6 40 26 20 26 55 17 57 45 26 9 26 38 23 40 42 55 30 39 10 47 48 17 14 41 64 39 62 47 61 44 34 25 38 31 58 44 54 41 52 37 18 67 51 35 61 68 40 66 55 23 39 48 44 50 63 60 41 61 55 64 21 9 58 41 43 29 63 60 16 12 38 21 40 37 39 51 61 51 35 50 9 54 12 16 37 38 0 38 63 63 13 54 50 15 50 12 59 34 15 55 57 28 3 27 35 41 26 30 28 37 17 66 15 57 46 21 21 33 63 56 55 60 47 29 62 60 1 72 12 35 28 46 47 18 52 61 57 17 38 69 45 4 55 24 47 26 18 41 57 22 36 57 37 30 30 18 45 36 42 41 19 37 47 54 31 17 35 39 42 49 51 39 22 43 21 65 26 37 6 42 15 45 6 33 60 45 47 42 52 31 12 23 44 33 24 35 36 23 54 22 60 17 45 58 45 31 55 52 62 41 43 22 66 36 57 49 60 46 65 47 27 51 54 40 54 26 35 50 53 44 45 55 65 53 26 31 43 61 59 52 15 19 45 68 40 20 57 13 47 12 67 5 14 13 36 13 34 55 40 7 48 47 54 41 70 22 44 45 16 59 30 53 57 35 46 10 16 53 37 55 39 11 55 12 16 56 22 59 29 18 36 11 42 14 42 36 20 29 28 38 5 22 44 14 2 53 40 27 42 55 32 45 60 71 34 17 61 49 57 39 58 19 63 52 43 23 56 41 21 59 31 25 26 34 56 49 53 5 59 58 24 47 46 61 45 61 22 17 68 40 33 50 31 48 62 25 64 56 38 56 29 65 22 34 42 15 34 51 65 52 54 34 25 37 47 34 17 8 31 33 65 74 44 58 62 22 43 15 5 36 48 70 25 52 23 49 66 53 26
77 10 52 58 33 41 50 35 43 63 13 53 57 60 37 46 45 71 16 22 55 46 25 33 27 39 32 6 40 4 69 60 50 68 52 55 58 42 20 28 67 43 10 51 46 61 55 74 53 45 20 57 52 9 52 40 52 56 11 22 12 25 29 40 50 34 60 48 48 18 45 41 32 42 37 64 64 27 69 1 56 51 56 61 49 35 36 42 50 45 27 43 48 50 10 33 12 5 27 53 42 50 47 44 45 31 55 63 47 54 47 23 59 50 11 21 63 16 41 41 68 59 54 3 35 32 30 25 31 47 64 25 2 37 37 30 28 15 20 58 28 11 45 23 17 42 22 33 31 21 66 38 57 53 20 43 25 9 16 20 25 65 50 21 37 35 52 34 33 43 58 61 54 43 44 26 5 16 44 36 72 28 68 59 31 26 35 56 44 51 62 50 23 47 40 20 54 56 47 49 54 54 33 40 46 55 50 40 70 7 35 13 58 73 40 48 15 43 3 22 9 51 41 68 28 52 30 40 48 42 39 51 38 0 57 48 47 56 48 46 68 45 58 28 52 57 39 53 38 12 47 17 15 35 55 45 22 48 49 35 16 18 47 17 44 56 48 48 66 10 54 42 38 55 40 12 11 49 48 24 63 76 68 46 10 58 22 35 52 53 19 32 29 12 53 43 55 55 55 39 37 22 36 35 8 60 24 56 23 54 48 30 30 61 55 27 43 45 22 32 22 59 30 44 38 47 30 10 32 49 72 10 61 12 34 37 37 52 57 39 30 48 36 40 33 25 47 42 8 34 48 49 42 47 53 6 50 35 50 57 46 23 64 54 48 47 34 46 44 49 65 46 49 61 51 46 56 69 55 62 47 13 33 76 53 45 37 39 14 55 11 18 47 50 55 28 53 41 47 50 26 43 45 55 61 42 16 24 58 9 56 19 21 37 50 60 23 31 73 44 60 46 52 31 21 35 2 47 61 43 46 61 44 54 10 31 44 28 63 40 52 34 32 42 40 41 42 25 13 24 37 30 48 26 9 31 57 39 54 58 21 21 39 50 58 44 41 32 60 29 24 31 53 55 52 69 56 44 42 25 34 28 55 39 76 59 44 42 16 52 55 53 16 26 55 52 27 55 52 35 45 23 48 48 43 63 10 49 19 16 42 35 42 62 57 58 42 52 39 23 46 44 27 44 42 47 52 58 49 54 52 31 25 25 33 45 24 56 45 52 16 56 52 65 51
40 62 70 22 25 16 36 26 18 38 56 58 1 18 60 38 22 38 41 36 42 13 32 36 31 22 46 55 18 54 34 16 38 27 61 9 36 59 39 41 40 19 48 39 62 18 54 39 19 65 39 18 19 48 7 33 23 6 48 53 51 37 60 19 54 53 19 9 39 44 13 57 50 21 23 30 31 31 41 57 8 6 37 32 16 23 61 42 8 18 55 40 67 62 48 24 46 58 37 59 23 11 11 45 35 31 45 17 31 7 39 53 24 16 52 36 42 45 45 46 37 44 33 57 57 48 29 35 28 29 35 38 56 61 30 30 30 46 37 5 48 56 35 46 44 61 35 38 43 43 29 48 10 24 44 59 40 49 57 37 32 26 41 36 54 22 18 47 49 22 2 43 4 17 20 32 53 49 26 32 34 29 33 38 30 33 46 9 13 36 11 20 34 22 20 47 34 24 20 14 6 3 25 26 11 5 53 56 31 52 23 48 3 34 49 63 42 46 56 36 48 13 25 38 32 15 57 19 62 50 26 32 63 57 0 17 60 13 14 55 40 58 10 33 66 13 23 47 61 53 32 41 49 33 51 28 57 21 60 28 45 52 49 42 22 11 9 12 40 54 3 22 62 21 53 46 53 19 17 50 27 39 30 53 48 11 37 61 8 54 41 37 47 46 6 45 39 8 38 34 34 51 22 27 52 39 49 39 37 11 38 47 31 44 30 33 15 26 46 26 47 2 38 28 57 23 49 53 61 35 32 52 32 47 26 32 52 54 31 30 40 33 28 42 29 44 15 50 58 30 19 39 17 12 6 53 23 42 18 42 12 38 16 24 19 16 36 13 13 27 29 42 34 28 10 20 28 33 7 25 43 47 25 38 5 13 49 46 46 14 46 58 10 68 24 54 15 61 59 66 32 54 32 12 42 60 47 35 16 50 15 50 37 20 60 10 39 31 39 30 32 61 64 30 37 27 58 63 20 56 54 19 45 4 57 45 28 58 41 52 28 28 44 36 36 26 62 43 46 59 61 32 26 39 50 32 48 20 4 14 38 58 27 16 12 24 21 45 6 32 34 41 8 32 56 29 48 41 39 35 29 32 13 60 39 12 42 17 44 7 27 5 58 49 12 30 34 18 42 22 20 42 18 10 26 23 52 18 49 42 22 48 30 26 4 19 16 38 39 35 17 30 48 61 33 34 12 20 22 6 9 42 33 53 59 29 36 14 43 13 52 22 14 30 48
54 51 73 13 17 13 44 14 6 50 50 63 16 32 60 44 6 52 32 29 50 7 25 37 22 10 47 45 11 45 48 30 46 42 66 22 46 61 29 40 53 6 39 47 65 32 60 53 7 67 28 10 6 40 18 37 33 12 38 50 44 24 58 19 60 54 33 10 46 32 16 59 50 7 23 44 45 25 54 48 10 15 47 44 1 15 61 47 17 3 53 45 69 66 40 17 37 50 23 64 7 20 10 50 41 30 53 33 38 10 46 51 37 2 45 29 53 39 48 50 50 54 43 49 57 49 24 24 25 37 48 35 47 62 32 26 27 35 30 21 47 49 41 44 33 63 27 39 44 39 43 50 24 35 40 61 38 40 51 29 25 40 48 28 56 17 29 48 50 27 16 53 13 20 5 23 45 44 32 34 49 22 47 48 18 28 47 10 15 44 26 6 26 6 9 43 43 36 27 23 11 15 23 10 12 13 58 58 46 42 21 41 19 49 52 66 34 50 46 29 39 23 9 51 29 27 56 9 66 54 29 40 63 48 17 0 64 27 22 59 53 61 25 30 70 27 10 55 62 46 39 32 43 35 58 34 54 5 65 14 34 48 54 35 6 25 15 6 53 47 14 7 62 10 56 38 46 28 25 47 41 53 44 58 39 11 27 60 20 61 30 38 46 37 18 49 49 21 47 37 36 48 19 28 42 50 46 48 26 24 45 47 28 54 40 22 14 33 43 21 44 18 37 34 59 31 49 42 60 43 47 41 45 36 15 35 54 60 42 34 40 40 29 45 16 42 4 53 47 16 27 46 8 17 11 43 32 44 3 51 9 26 31 35 3 24 37 17 11 35 43 48 41 40 20 28 39 47 11 39 49 40 21 52 16 14 51 49 35 8 37 53 11 71 36 52 5 63 62 69 28 57 38 25 53 62 35 24 30 39 9 46 27 19 65 26 35 18 53 36 44 64 68 18 30 14 49 66 34 59 58 33 50 17 50 46 35 57 52 54 37 28 44 40 40 30 63 42 36 56 62 19 34 37 40 18 56 20 16 11 32 54 11 26 26 30 7 45 22 20 25 41 20 42 62 43 56 46 44 31 15 20 26 61 54 26 47 19 33 10 38 13 52 47 9 40 31 30 49 16 4 39 2 13 31 37 45 3 45 35 26 49 35 40 15 33 10 46 43 29 23 36 47 63 38 41 5 12 30 19 9 42 24 51 59 35 25 8 49 24 47 34 5 44 55
52 56 11 76 49 51 27 57 58 36 35 9 61 50 12 23 66 45 48 42 25 58 44 28 48 57 19 52 53 48 46 51 25 50 6 53 33 6 49 26 39 60 45 24 4 50 14 49 70 7 50 72 69 43 54 28 40 64 51 26 37 56 20 45 9 14 48 56 23 55 50 6 17 61 42 43 43 43 40 48 65 55 30 39 64 50 12 19 53 62 21 20 8 3 42 48 45 43 58 8 62 50 56 16 26 34 23 52 30 62 22 25 44 65 37 43 33 36 16 15 42 27 32 45 13 17 41 54 40 32 40 32 46 13 32 39 39 53 43 57 21 36 26 27 53 7 44 26 22 31 47 14 53 39 31 5 29 46 32 44 45 48 22 44 11 48 43 17 16 39 62 30 60 45 62 48 43 33 34 30 49 47 46 33 55 39 17 66 50 27 57 69 45 67 56 30 31 42 41 47 62 58 42 64 54 62 11 7 50 49 43 37 60 52 13 4 44 15 49 41 47 48 63 42 37 46 18 55 3 10 35 31 13 47 60 64 0 50 47 6 41 3 55 36 7 51 59 19 10 36 29 47 34 30 17 33 26 68 3 60 53 30 13 38 64 51 53 59 38 38 60 62 12 73 9 42 37 42 44 25 44 52 49 8 46 68 50 14 52 12 53 27 21 48 54 16 28 53 29 27 28 26 45 36 50 31 25 29 52 50 24 20 37 29 36 53 51 35 28 45 27 62 28 33 10 38 19 53 17 27 52 54 39 49 55 29 12 12 36 31 25 29 35 19 57 26 61 11 54 61 42 24 56 50 61 50 39 20 66 26 56 54 55 40 66 44 27 49 54 35 46 19 28 42 50 40 38 47 63 46 19 38 44 52 56 51 13 15 52 68 47 31 56 8 41 20 67 8 2 6 39 7 29 51 31 6 55 51 49 49 70 29 49 45 4 55 33 57 48 31 38 3 6 56 42 58 48 3 49 5 7 50 15 57 38 20 32 21 33 10 36 36 21 25 25 35 8 26 51 25 11 56 35 30 50 59 22 44 57 70 38 28 63 45 53 36 59 20 59 56 47 24 53 33 9 51 21 20 21 37 59 53 49 9 50 54 19 46 52 60 38 60 33 23 68 33 35 45 23 49 63 30 65 54 35 49 38 66 30 40 40 16 30 44 63 46 54 26 22 40 44 30 22 5 28 27 64 74 39 55 61 23 46 23 15 32 52 69 18 48 32 43 66 45 16
28 63 60 34 27 19 24 32 25 25 53 46 14 6 51 27 32 25 42 35 29 21 32 28 32 28 38 56 22 54 22 5 26 16 50 6 23 50 40 35 27 27 47 28 52 6 42 27 31 55 41 30 31 47 10 24 10 19 49 48 48 41 53 17 43 44 7 17 28 47 14 47 42 29 20 18 19 30 28 56 21 13 25 19 27 25 52 32 11 27 49 30 56 51 47 26 45 56 41 47 31 9 18 34 25 26 32 8 20 19 28 48 11 27 49 35 29 42 35 36 25 31 20 56 49 40 27 39 25 18 22 33 55 53 23 27 28 48 36 9 41 52 24 41 47 51 35 31 36 38 17 38 4 12 39 49 35 48 52 37 33 14 29 36 45 23 7 38 41 15 15 30 16 14 28 33 52 45 17 24 23 30 21 25 34 30 37 22 15 24 8 32 34 32 26 42 21 11 10 8 18 13 24 34 16 17 42 47 20 52 22 45 12 23 39 53 42 35 56 34 48 6 33 26 28 4 50 25 52 40 20 20 54 56 13 27 50 0 8 44 27 48 5 29 56 1 30 35 52 49 21 42 45 25 39 17 52 32 50 34 47 47 38 39 31 3 13 21 27 51 15 30 53 33 44 45 50 9 9 44 15 27 18 43 48 24 39 52 8 43 44 30 40 47 9 35 27 7 25 25 26 46 21 22 53 26 43 26 39 4 27 40 27 31 17 37 17 16 41 25 42 14 32 18 48 13 42 54 53 24 21 54 19 47 31 25 43 42 18 22 33 22 22 32 34 39 24 39 58 37 9 27 23 12 18 53 12 33 29 29 19 41 8 11 30 9 29 13 18 15 17 31 22 15 7 11 15 21 19 12 32 44 24 26 12 15 40 36 48 26 46 53 17 57 11 47 27 52 48 56 30 44 21 2 29 50 49 38 4 50 28 45 38 20 49 6 35 36 27 19 19 51 53 35 36 33 57 52 8 46 43 7 35 11 54 38 18 52 28 42 15 23 36 26 26 17 52 38 48 53 52 36 15 34 50 37 35 18 12 26 35 53 35 7 4 16 28 37 10 37 35 34 7 20 45 18 35 30 29 32 35 35 2 50 28 5 31 15 46 18 14 16 53 42 25 18 30 5 30 25 29 37 29 15 17 11 49 29 44 40 15 39 21 14 17 7 21 26 30 33 10 20 42 51 23 23 24 32 11 9 20 35 33 46 51 19 39 27 32 4 47 9 26 17 36
35 55 57 31 19 12 24 25 19 29 46 45 14 13 47 25 26 31 34 27 30 16 24 23 25 21 33 48 15 46 27 13 26 23 48 7 25 46 33 29 31 21 39 27 49 14 41 33 27 52 33 27 26 39 7 20 12 18 42 42 41 33 47 9 42 40 14 12 27 39 7 44 37 23 12 23 24 22 33 49 19 9 26 22 22 18 48 29 7 21 43 28 53 49 39 18 38 49 34 46 25 3 13 32 22 20 33 15 18 16 27 42 16 22 41 28 32 34 32 33 30 33 22 49 44 35 19 31 18 17 27 27 47 49 17 19 21 40 29 12 35 45 22 35 39 48 27 25 31 32 23 34 9 14 33 46 28 41 46 30 25 21 28 28 41 15 7 34 37 9 15 32 14 6 23 25 44 38 13 19 30 23 26 27 27 23 33 20 8 24 14 27 27 27 19 36 22 15 7 1 15 11 16 28 11 15 40 43 27 44 14 38 13 30 35 50 34 33 48 27 40 3 27 31 21 6 45 18 49 37 14 20 50 48 14 22 47 8 0 42 32 45 11 22 53 9 23 35 48 42 20 34 38 20 39 15 46 27 48 27 40 41 36 32 26 8 8 16 32 44 13 24 49 29 40 37 42 7 4 38 20 34 25 40 40 22 31 48 6 42 36 25 34 39 8 32 28 8 26 21 21 40 13 15 45 28 37 27 32 6 25 34 20 33 19 29 10 13 34 18 36 15 26 15 44 10 37 47 48 23 28 46 23 40 23 19 39 41 21 17 28 20 16 29 26 33 19 37 51 30 6 26 17 5 15 45 11 29 24 30 14 33 16 14 25 3 23 6 12 14 23 29 21 20 4 8 18 27 17 19 30 37 16 33 10 9 36 33 40 23 39 47 12 55 14 41 23 48 45 53 23 41 19 7 32 47 42 30 11 42 25 39 30 12 47 12 28 28 33 17 23 48 51 27 28 26 50 50 15 43 41 15 33 10 47 33 15 46 31 39 16 17 31 23 23 13 49 32 40 47 48 29 14 27 43 30 36 10 10 24 28 47 28 4 10 11 22 32 14 29 27 28 7 21 44 25 35 28 26 24 28 28 7 47 34 11 29 7 38 14 17 13 47 37 22 19 23 10 29 17 23 31 24 10 13 18 42 24 38 33 9 35 17 19 16 13 14 26 26 26 4 18 36 48 20 22 20 30 9 8 16 29 25 41 47 16 31 24 30 5 41 13 22 23 35
47 55 16 71 45 47 21 53 54 31 35 8 55 44 13 18 61 40 45 39 20 53 41 23 44 53 16 50 49 46 41 46 20 45 8 48 28 8 46 23 34 55 43 19 9 45 11 44 65 12 47 67 65 41 48 22 35 59 49 25 35 53 21 40 5 12 43 51 17 53 45 7 15 56 37 38 38 39 35 47 60 50 25 34 60 46 14 13 48 57 21 15 13 8 40 44 42 43 54 8 58 45 51 11 20 30 18 47 25 57 17 24 39 60 35 40 28 33 11 10 37 22 27 44 13 14 37 50 36 26 35 28 45 15 28 35 35 51 39 52 19 35 21 25 51 10 41 22 18 29 42 10 48 34 29 7 26 44 32 41 42 43 17 41 9 43 38 14 14 34 56 25 55 40 57 44 41 31 29 25 45 43 40 28 51 36 14 61 45 22 51 64 41 62 52 28 26 36 36 41 56 53 38 60 49 57 6 8 45 48 39 35 55 47 8 9 42 10 48 38 45 43 59 37 33 41 19 51 8 6 30 26 15 46 55 59 6 44 42 0 36 4 49 32 12 45 55 14 13 34 24 44 32 25 13 28 26 63 6 56 51 28 8 36 60 46 48 54 33 37 55 57 14 68 7 40 35 37 39 23 39 47 44 2 44 63 47 16 47 9 50 22 18 45 49 10 22 48 24 22 23 24 41 31 49 27 23 23 49 45 19 17 33 24 30 50 46 29 26 40 25 57 24 28 10 32 17 52 19 22 47 52 34 46 51 25 10 8 31 26 21 23 30 14 53 24 56 6 52 57 37 18 51 45 56 48 33 16 62 22 51 51 50 35 61 39 22 44 49 30 41 13 23 37 45 35 33 41 58 40 13 36 39 47 51 46 10 11 50 63 44 30 51 13 35 19 62 11 4 12 35 4 24 45 26 9 53 48 44 47 65 28 46 40 6 50 30 53 43 26 33 8 10 52 38 54 47 9 44 4 1 45 10 51 37 17 27 21 28 6 30 32 17 20 20 30 11 24 49 25 14 53 30 26 48 55 18 40 52 65 35 28 59 40 47 31 55 17 54 52 43 20 48 28 7 46 16 14 16 33 55 49 44 11 45 48 14 41 50 55 33 54 32 21 63 28 32 40 18 45 59 27 60 49 30 44 36 61 28 38 34 13 25 39 58 41 49 21 17 37 39 25 20 9 23 22 59 69 34 49 56 19 43 22 16 27 49 64 13 43 30 38 61 40 12
12 77 50 61 48 43 20 55 50 6 61 34 41 22 48 24 58 5 59 51 17 47 50 36 52 52 40 70 46 67 8 25 19 15 38 32 11 43 58 42 2 52 61 20 44 23 28 8 57 47 59 56 57 60 36 29 21 45 65 52 58 62 53 38 33 43 21 43 22 66 38 42 43 54 38 10 9 47 2 69 47 39 14 10 53 47 49 29 37 53 51 27 48 41 59 47 60 67 62 35 56 33 43 29 25 39 19 23 22 45 24 52 17 53 58 52 8 53 32 32 3 15 15 68 46 41 44 59 42 22 6 44 67 50 33 43 44 65 52 35 44 61 24 47 65 45 52 37 39 48 12 36 30 19 49 42 44 63 59 54 51 15 22 52 42 44 25 39 41 30 41 12 42 35 54 52 63 54 26 33 10 49 8 10 56 46 38 48 39 18 31 58 51 57 50 50 15 18 27 31 44 39 42 59 42 43 31 42 12 67 41 56 38 13 35 44 57 31 69 50 63 30 58 2 43 26 50 49 43 35 32 18 50 68 40 53 41 27 32 36 0 40 31 42 45 27 54 23 48 59 22 58 54 34 24 25 56 58 40 58 65 54 29 53 57 29 38 47 3 61 41 55 49 59 39 58 59 26 29 49 13 11 13 34 62 50 57 50 34 29 62 37 43 62 36 30 15 33 14 30 32 51 41 36 68 10 48 14 59 30 22 42 41 12 15 57 41 25 48 45 48 40 39 26 44 25 44 70 52 20 14 70 9 63 53 33 40 30 13 30 39 21 35 31 56 45 49 34 73 60 27 22 48 37 44 68 22 35 55 15 45 61 26 19 56 30 35 37 43 22 12 26 20 13 33 27 15 9 45 15 26 56 42 12 38 40 38 34 65 52 62 59 42 48 18 48 53 47 39 46 45 38 24 29 11 44 67 57 24 65 54 52 56 40 39 30 46 58 7 25 10 43 42 57 51 56 70 44 20 39 35 22 30 37 63 40 25 53 9 37 18 37 39 27 29 30 46 44 64 56 48 58 22 43 66 60 19 38 38 53 49 57 59 28 28 28 53 39 35 58 53 39 34 14 32 15 21 27 29 45 58 56 28 46 10 29 28 36 64 44 16 42 60 47 51 17 43 23 20 46 55 46 55 40 27 18 59 55 52 54 31 39 28 14 43 21 45 18 30 49 31 25 45 44 27 22 50 59 24 35 46 39 51 50 50 24 58 53 27 29 55 19 52 10 25
51 54 13 73 47 49 25 55 56 35 33 10 59 48 10 22 64 44 45 40 24 56 42 25 46 55 17 50 51 46 45 50 24 49 8 51 32 5 47 24 38 58 43 23 5 49 14 48 68 8 48 70 67 41 52 25 38 62 49 24 35 54 19 43 8 11 47 54 21 53 48 5 15 59 39 42 42 41 39 46 63 53 29 38 62 48 11 17 51 60 19 18 9 6 40 46 43 41 56 9 60 48 54 14 24 32 22 51 29 60 20 23 43 63 35 41 32 34 14 13 41 26 31 43 11 15 39 51 38 30 39 30 44 12 30 37 37 51 40 56 19 34 25 25 51 6 42 24 19 29 46 12 51 37 29 3 27 44 31 42 43 47 21 42 8 45 42 15 14 37 60 29 58 43 60 45 41 30 32 28 49 44 44 32 53 37 15 64 48 26 55 67 42 65 54 28 30 40 39 45 60 56 40 62 52 60 10 6 49 48 41 35 58 51 10 5 42 13 47 39 45 46 61 41 35 44 17 53 5 8 33 30 12 45 58 61 3 48 45 4 40 0 53 34 9 49 57 18 10 34 27 44 31 27 17 31 25 65 4 57 51 28 12 36 62 50 51 57 37 36 58 59 11 71 7 40 35 40 42 22 43 51 48 6 44 66 48 13 50 12 51 24 19 46 52 14 26 52 28 25 26 24 43 34 49 31 23 27 50 48 22 18 35 28 34 51 49 33 26 42 25 60 26 31 8 36 17 52 16 25 51 51 38 47 52 27 10 12 35 29 23 27 33 17 55 24 59 9 52 59 40 22 54 48 59 48 37 18 64 26 54 52 53 38 64 42 25 47 51 33 45 17 27 41 48 38 36 45 61 44 17 36 41 51 54 49 11 13 50 66 45 29 54 10 39 18 65 8 3 8 36 5 27 49 30 5 53 49 48 47 68 28 47 43 6 53 31 55 47 29 37 4 8 54 39 56 46 5 47 3 5 49 13 55 36 18 31 19 32 8 34 34 18 23 23 33 7 24 49 23 10 54 34 27 48 56 21 42 55 68 36 26 61 43 51 34 57 18 57 54 45 22 51 32 10 50 20 18 19 35 57 51 47 8 49 52 17 44 50 58 37 58 31 21 66 32 33 44 22 47 61 27 63 52 33 48 36 64 27 38 38 13 29 43 61 45 51 25 20 38 42 28 20 5 26 25 62 72 38 53 59 21 44 21 14 30 50 67 16 46 30 42 63 44 16
31 65 65 31 28 20 29 32 24 30 56 51 11 9 56 32 30 29 44 37 34 20 34 33 34 28 42 58 22 56 25 7 31 19 55 4 28 54 42 39 31 26 49 33 57 9 47 29 28 60 42 27 28 50 8 29 15 16 51 51 51 42 57 19 48 49 10 15 33 48 14 52 46 28 22 21 22 32 32 59 18 11 30 23 24 26 57 37 10 26 53 35 61 56 49 27 48 59 42 52 30 9 17 39 30 30 37 9 25 16 33 52 15 24 52 38 34 45 39 41 28 36 25 59 53 44 29 40 28 23 26 37 57 58 27 30 31 50 39 5 45 55 29 45 48 56 37 35 40 42 20 43 2 17 43 54 39 51 56 39 34 17 34 38 50 24 12 43 46 19 11 34 13 16 27 35 54 48 21 29 26 32 24 29 34 33 42 19 15 29 4 29 36 30 25 46 26 15 15 11 15 10 26 33 15 13 47 52 23 54 24 48 8 25 44 58 44 40 58 37 50 9 32 29 31 9 54 25 57 45 24 25 59 58 10 25 55 5 11 49 31 53 0 32 61 5 29 40 57 52 26 43 48 30 44 22 55 29 55 34 49 51 43 42 30 4 13 19 32 54 12 29 58 29 49 47 53 13 13 48 18 30 20 48 50 20 40 57 7 48 45 35 44 49 8 39 32 5 30 29 30 49 23 26 55 31 47 31 40 5 32 44 30 36 22 37 18 21 45 27 46 10 36 23 53 18 46 56 57 29 23 55 24 49 31 29 48 47 23 26 38 27 26 37 34 42 22 44 60 36 14 32 23 13 15 55 17 38 26 34 18 42 7 16 27 12 33 14 18 20 20 36 27 19 8 16 20 24 15 16 37 47 26 29 9 15 45 41 49 22 48 57 16 62 16 51 24 57 53 60 33 49 26 5 34 55 51 39 7 52 25 49 40 22 54 2 38 36 30 24 23 56 58 35 38 33 60 57 11 51 48 10 40 8 57 42 23 56 33 47 20 27 40 31 31 22 57 41 49 57 57 37 20 38 52 37 40 20 9 23 38 57 34 11 3 20 27 41 5 37 36 38 6 25 50 20 40 35 34 34 35 36 6 55 31 2 36 17 47 15 19 13 57 47 22 23 33 10 35 25 27 41 26 14 21 14 52 26 48 43 18 44 25 17 13 11 20 31 34 36 14 25 46 56 28 28 21 29 16 6 17 39 35 51 56 23 40 24 37 8 51 13 23 21 41
50 36 45 42 14 19 25 22 24 37 25 38 33 33 31 23 31 44 17 9 31 25 10 10 13 22 18 29 19 26 42 33 26 40 39 29 32 33 17 10 41 25 20 27 37 34 37 47 36 38 18 39 35 19 26 15 25 34 24 21 19 23 29 15 34 25 32 25 25 25 21 31 21 26 10 37 37 8 43 29 34 27 31 34 31 15 32 22 26 28 24 21 40 39 19 13 18 28 24 38 27 24 25 25 20 4 33 35 21 32 24 22 32 32 20 10 39 13 22 23 41 36 28 28 28 20 6 20 6 21 38 6 27 32 10 4 4 24 10 33 18 24 20 14 23 34 11 11 15 11 39 22 30 26 12 33 9 21 24 12 11 38 27 11 27 14 24 19 21 15 34 37 31 17 27 13 23 17 17 10 45 11 41 34 20 4 19 35 20 26 35 35 11 32 22 15 28 29 20 22 32 30 8 29 23 32 33 30 43 25 10 16 34 46 24 38 15 24 28 8 21 24 28 42 2 25 27 21 38 26 11 25 34 28 33 30 36 29 22 32 42 34 32 0 42 30 24 33 33 21 22 16 17 10 36 18 25 33 37 24 23 20 29 11 29 29 24 27 41 22 31 27 33 39 27 17 21 22 21 18 35 49 41 31 20 37 17 31 27 36 21 10 17 20 27 24 31 29 31 14 12 19 12 8 26 35 17 32 19 27 24 17 2 37 28 19 19 18 14 10 15 35 9 17 30 20 20 28 30 24 45 28 35 21 19 11 25 35 30 13 11 22 8 20 22 13 27 26 32 26 21 25 22 22 31 26 23 16 33 33 24 21 37 27 32 20 11 21 22 22 38 24 23 34 25 19 29 42 33 35 25 16 9 49 29 21 23 22 23 35 20 26 25 42 28 23 34 34 35 41 3 30 19 28 37 33 26 17 31 23 37 18 16 13 38 33 6 22 47 18 33 36 41 21 9 22 29 37 34 31 32 34 25 30 25 17 18 27 38 26 25 6 16 18 17 14 35 12 22 27 32 21 21 8 24 24 36 14 30 38 8 26 28 23 32 16 25 16 35 21 12 12 28 29 37 42 35 22 19 3 24 18 28 32 49 33 23 16 22 30 28 30 25 18 36 26 1 28 29 15 29 10 31 24 16 36 20 32 17 13 15 21 15 35 34 31 21 28 18 7 19 17 18 35 16 22 32 41 21 29 30 14 12 22 30 19 18 37 25 25 19 29 33 38 32
55 61 5 82 55 58 32 63 65 40 40 11 67 55 16 29 72 49 53 48 29 64 51 34 54 64 25 57 60 53 50 57 31 55 7 59 37 11 55 33 43 66 50 29 7 56 17 53 76 7 56 78 76 48 60 34 46 70 56 31 42 63 24 51 13 19 54 63 28 61 56 12 23 67 48 48 47 49 43 53 71 62 34 44 71 57 16 25 60 68 25 26 5 5 47 55 50 48 64 10 69 56 63 22 32 41 27 58 36 69 28 30 50 71 42 49 37 41 22 21 46 31 37 50 18 23 48 60 47 38 44 38 51 16 39 45 46 59 49 63 27 41 32 33 59 10 50 32 28 37 52 20 59 45 37 10 35 51 37 50 51 53 27 50 16 54 49 23 22 45 68 34 67 51 68 54 48 38 40 37 54 53 50 37 61 46 24 72 56 33 63 75 51 73 63 35 37 47 47 53 68 64 49 70 61 68 15 13 54 55 50 42 66 56 19 5 50 21 54 47 52 54 70 46 44 52 23 62 5 17 42 37 15 52 66 70 7 56 53 12 45 9 61 42 0 56 65 23 14 41 35 52 39 36 21 39 31 74 6 66 59 35 18 44 71 57 59 66 42 42 66 68 15 79 15 47 42 48 50 30 49 56 53 14 51 74 56 18 59 16 59 33 27 53 60 22 32 60 33 34 34 31 52 42 56 36 30 33 58 56 30 26 43 33 41 60 57 41 33 51 32 68 34 39 15 44 25 59 21 33 56 59 43 54 61 36 18 16 41 37 31 34 42 25 63 32 67 17 59 67 48 29 62 56 67 55 44 27 73 31 63 60 61 46 72 50 33 56 60 41 51 25 34 47 56 46 43 51 69 51 24 43 50 56 63 58 19 22 58 74 52 35 62 4 46 25 73 12 8 3 45 13 35 57 35 11 61 58 55 54 76 35 55 52 7 61 39 63 52 37 43 7 3 62 48 64 53 6 54 11 13 56 21 63 43 26 39 25 37 16 41 43 27 31 31 42 11 32 56 29 15 63 41 36 55 65 26 51 63 76 45 32 70 51 59 43 66 26 65 62 53 31 59 38 13 56 25 26 28 43 65 59 55 13 53 60 25 52 58 66 44 66 37 28 74 39 42 51 28 56 70 36 72 61 41 54 43 72 35 46 46 22 37 50 69 52 60 31 28 47 50 36 27 9 34 33 71 80 45 61 68 29 52 28 19 38 58 75 24 54 37 49 72 50 21
28 64 61 34 27 20 25 32 25 26 54 47 14 6 52 28 32 26 43 36 30 21 33 29 33 29 39 57 23 55 21 4 27 16 50 5 24 50 41 36 27 27 48 28 53 6 42 27 31 56 42 30 30 48 10 25 11 19 50 49 49 42 54 18 44 45 6 17 29 48 14 48 43 29 21 18 19 31 28 57 21 13 25 19 27 26 53 33 11 27 50 31 57 52 48 27 46 57 42 48 31 9 18 35 26 27 33 7 21 19 29 49 11 27 50 36 30 43 36 37 25 32 21 57 50 41 28 39 26 19 22 34 56 54 24 28 29 49 37 9 42 53 25 42 47 52 36 32 37 39 17 39 4 13 40 50 36 49 53 38 34 14 30 37 46 24 8 39 42 16 14 30 16 15 29 34 52 46 18 25 23 31 20 25 35 31 38 22 15 25 7 32 35 32 26 43 22 11 11 9 18 13 25 35 17 17 42 48 20 53 23 46 12 22 40 54 43 36 57 35 49 7 33 26 29 5 51 26 53 41 21 20 55 57 13 27 51 1 9 45 27 49 5 30 56 0 30 36 53 50 22 42 46 26 39 18 53 32 51 35 48 48 39 40 32 2 13 21 28 52 15 30 54 33 45 46 50 10 10 45 15 27 18 43 48 23 40 53 8 43 44 31 41 48 10 35 27 6 26 26 27 47 22 23 53 27 44 27 40 4 27 41 28 32 18 37 18 17 42 26 43 14 33 19 49 14 43 55 54 24 20 54 20 48 31 26 44 43 19 23 34 22 23 33 34 40 24 40 59 37 10 28 24 13 18 54 13 34 29 30 19 42 7 12 30 10 30 13 18 16 16 32 23 15 8 12 15 21 19 13 33 45 24 26 11 16 41 37 48 26 47 54 17 58 12 48 27 53 49 56 31 45 22 3 30 51 50 39 3 51 28 46 39 20 50 5 36 36 27 20 19 52 54 35 37 33 58 53 8 47 44 7 36 11 55 39 19 53 29 43 16 24 37 27 27 18 53 39 49 54 53 37 16 35 51 38 36 19 12 26 36 54 35 8 3 17 29 38 10 38 35 35 8 20 46 17 36 31 30 32 35 36 3 51 28 4 32 15 47 17 15 16 54 43 25 19 31 6 30 25 29 38 29 15 18 11 50 29 45 41 16 40 22 14 16 7 21 27 31 34 11 21 43 52 24 24 23 32 12 8 19 36 34 47 52 19 39 27 33 5 48 9 25 18 37
58 42 68 20 10 12 42 4 6 51 42 60 23 35 54 42 8 54 23 21 49 10 17 32 14 2 41 36 9 36 50 34 44 46 62 26 46 56 20 34 54 5 30 45 60 36 58 56 15 62 20 19 14 31 22 34 34 20 29 43 36 15 51 18 56 48 36 15 44 23 17 54 44 3 19 46 47 18 55 39 19 19 47 45 11 9 55 43 20 7 47 42 64 62 32 11 28 41 14 60 4 22 13 46 39 25 51 37 37 18 43 44 39 12 37 21 53 31 44 46 52 53 43 40 51 43 18 15 19 36 49 29 38 56 28 20 20 26 22 27 41 41 39 37 24 57 19 34 38 32 46 45 28 36 33 56 32 31 43 21 17 43 46 20 50 12 30 43 45 26 23 53 20 20 5 15 36 36 31 30 52 14 49 48 8 21 42 19 16 43 32 12 18 9 5 36 43 37 28 24 19 21 17 6 14 20 55 53 50 32 17 33 25 52 47 62 25 46 38 22 30 25 5 53 23 29 49 6 61 49 26 40 57 39 23 10 59 30 23 55 54 57 29 24 65 30 0 52 56 38 38 23 35 30 56 33 46 10 60 5 25 40 51 27 6 29 17 12 54 38 20 4 56 17 51 30 38 29 26 40 43 57 47 54 30 20 18 54 23 58 21 33 40 28 22 46 48 25 47 34 32 41 15 24 33 50 40 48 16 27 43 41 23 54 41 12 14 32 36 15 38 25 32 32 53 30 43 33 53 41 50 32 46 28 6 31 48 57 43 31 35 39 25 42 7 36 9 49 38 8 28 44 7 19 18 33 33 39 12 50 12 17 36 36 10 25 33 18 13 35 45 45 40 42 23 28 40 50 19 41 46 32 16 56 21 15 47 44 26 17 28 45 14 65 37 46 15 57 58 64 22 53 36 28 53 57 26 16 33 31 17 38 18 16 61 31 28 9 56 34 45 59 64 9 22 5 40 61 37 55 54 37 47 23 41 40 33 50 52 50 38 24 39 37 37 28 58 35 27 48 56 10 34 31 30 9 55 18 22 20 24 47 5 27 31 29 3 40 28 11 17 35 24 42 59 47 54 43 40 24 6 12 29 55 57 31 44 19 24 17 39 19 44 41 18 40 25 33 48 10 7 32 10 16 30 40 37 11 37 26 25 44 33 42 22 35 10 45 39 21 24 34 41 58 35 39 14 20 31 24 16 37 16 44 53 34 15 18 45 27 39 35 14 46 52
34 63 28 65 43 43 12 51 50 17 44 12 48 34 26 11 58 27 48 41 7 48 41 24 45 50 22 57 45 53 28 36 10 33 16 39 15 21 49 27 21 52 48 8 22 35 7 31 60 25 50 62 60 46 41 19 25 52 53 34 42 54 33 36 10 23 32 46 9 56 39 20 23 53 34 25 25 40 22 54 54 44 12 21 55 44 27 12 41 53 31 12 25 19 45 42 47 51 56 13 55 38 46 9 14 30 4 36 17 51 10 33 28 56 43 42 15 39 13 13 24 9 16 52 25 22 37 51 35 19 22 31 52 28 25 35 36 55 42 44 26 44 14 31 54 23 43 23 22 33 29 16 39 24 34 20 30 49 41 44 42 31 7 43 21 41 29 20 22 28 49 12 48 35 54 45 48 38 23 24 32 43 28 15 51 37 19 54 40 12 42 60 43 59 49 34 15 26 29 34 50 45 36 58 44 50 8 20 32 54 36 41 46 34 15 21 46 11 55 40 50 35 57 24 33 32 30 48 20 14 26 16 28 53 47 55 19 35 35 14 23 18 40 33 23 36 52 0 26 42 16 47 39 24 4 21 37 59 18 54 54 37 8 40 57 37 42 49 20 44 48 54 27 63 18 45 43 29 31 31 27 34 31 12 49 56 49 29 40 8 53 24 25 50 42 11 10 40 11 20 22 33 38 29 55 14 30 11 51 37 10 24 33 11 19 51 41 22 32 39 31 49 26 22 23 25 25 57 31 13 34 57 21 51 49 23 20 8 19 22 25 15 28 14 52 29 51 13 59 56 29 9 48 39 49 54 25 19 57 9 47 53 39 25 57 32 23 39 44 21 28 9 14 25 38 28 22 29 51 29 8 41 37 34 44 41 17 15 54 57 49 40 45 26 25 29 57 25 17 24 36 16 17 37 13 22 57 50 34 52 59 35 48 37 17 40 33 53 30 19 20 21 20 52 41 52 55 22 33 17 13 34 10 44 46 22 21 33 15 16 20 30 22 16 17 25 24 29 53 36 26 53 22 29 53 55 5 36 45 59 38 38 57 32 38 25 52 22 45 53 45 24 40 17 11 33 3 11 14 35 54 50 35 24 32 39 11 36 53 49 22 48 42 29 57 18 33 30 6 43 55 31 56 44 24 32 43 57 35 42 29 20 20 27 50 31 45 10 16 39 32 19 27 22 18 14 54 64 26 42 50 23 43 31 28 20 51 58 9 34 38 28 56 27 3
59 48 14 74 46 50 31 54 56 42 27 19 62 53 3 28 63 52 42 37 31 57 40 27 44 55 16 44 52 40 52 55 31 56 16 55 39 5 44 23 46 58 38 30 8 54 24 56 69 7 45 71 68 35 55 29 43 64 44 18 29 51 11 45 17 9 52 56 28 49 50 7 13 58 41 49 49 40 47 39 65 56 36 45 63 48 2 22 54 60 13 24 10 13 34 46 38 35 53 18 60 51 56 21 29 33 30 56 34 62 26 17 49 64 29 38 40 30 19 18 49 34 38 37 5 14 39 49 38 35 46 28 38 3 32 37 37 46 38 59 16 27 30 21 47 4 40 24 19 26 53 15 55 43 26 7 25 38 24 39 41 54 28 39 8 46 46 15 13 40 63 37 61 45 60 44 35 25 36 30 56 43 52 39 51 36 16 66 50 33 60 67 40 65 54 23 37 46 43 48 62 59 40 61 54 62 19 7 56 42 42 30 61 58 15 10 38 18 41 37 40 50 61 49 34 49 10 54 10 14 35 36 3 38 61 62 10 52 48 13 48 10 57 33 14 53 56 26 0 28 33 41 26 29 26 36 18 66 13 56 47 22 19 33 62 54 53 59 45 30 60 59 2 71 9 35 29 44 45 18 49 59 55 15 39 68 45 5 54 21 47 25 17 41 56 19 34 55 35 28 28 18 44 35 43 38 18 35 47 52 28 16 34 37 41 49 50 37 22 42 21 63 25 35 5 40 14 46 8 32 58 46 45 42 52 30 10 21 42 32 23 33 35 21 53 21 60 15 46 57 44 29 54 51 61 42 41 20 65 33 56 49 59 44 64 46 26 50 53 38 52 24 33 47 52 42 43 53 63 51 24 31 42 59 57 51 13 17 45 67 40 22 55 12 45 12 66 3 12 12 35 11 32 53 38 5 48 47 53 41 69 22 44 44 14 58 29 53 55 33 44 9 14 52 37 55 40 9 53 9 14 54 20 58 30 17 35 12 40 11 40 35 19 27 26 36 4 22 44 16 1 52 38 26 42 55 30 44 58 70 34 19 60 47 56 38 57 18 61 52 42 22 55 39 19 57 29 24 24 33 55 49 52 2 57 57 23 46 46 60 43 60 24 17 67 38 32 49 29 47 61 25 64 54 37 54 30 64 23 35 40 14 32 50 64 50 53 32 23 36 45 33 16 6 30 31 64 73 42 56 61 20 42 15 5 34 48 69 23 50 24 47 65 51 24
68 21 41 58 30 38 39 35 41 53 5 42 52 53 26 36 45 61 18 18 44 43 22 24 25 37 21 16 37 12 59 53 40 60 41 49 48 31 20 18 57 41 11 40 34 54 44 65 52 35 21 56 51 9 47 30 44 53 17 10 3 28 18 35 38 23 52 45 37 24 41 30 20 41 31 55 55 23 58 13 53 47 46 51 47 32 26 31 46 44 16 33 37 39 8 30 13 9 30 41 42 44 44 33 34 24 44 56 38 51 36 11 51 48 2 18 53 8 30 30 58 48 45 10 23 21 24 26 26 38 55 17 11 26 28 24 23 20 17 53 17 3 35 12 21 31 19 23 20 12 57 27 51 45 11 32 16 12 6 18 22 57 39 19 26 32 44 23 22 35 53 50 51 37 43 24 7 5 35 27 63 25 59 49 31 20 23 53 40 41 56 50 20 47 38 9 44 48 40 42 51 50 28 41 43 52 39 29 62 15 30 6 54 64 29 36 14 31 14 18 13 44 42 59 22 45 19 38 37 30 31 41 27 12 53 46 36 49 42 34 59 34 52 21 41 50 38 42 28 0 38 17 5 26 44 36 11 48 38 36 21 7 36 12 44 50 44 45 56 3 51 41 27 55 28 10 1 42 41 12 54 67 60 35 12 55 22 24 47 42 22 22 17 15 48 32 45 49 45 29 27 11 31 28 16 49 13 46 24 48 37 18 23 50 46 27 39 37 11 28 11 55 20 35 27 39 19 19 21 39 63 19 52 16 33 27 25 41 48 31 20 38 28 29 33 14 45 31 19 36 41 38 39 42 50 15 42 25 49 46 43 25 57 46 47 41 24 41 41 40 57 35 39 52 45 39 47 60 52 54 36 7 28 67 49 40 26 28 19 53 14 8 44 39 47 17 51 30 36 39 21 31 35 49 51 30 22 24 51 14 54 7 22 33 39 54 15 32 64 35 50 35 41 31 17 35 13 35 53 32 35 54 33 50 5 20 35 17 52 29 43 26 21 32 30 33 31 15 18 13 27 31 39 17 15 33 46 34 50 56 16 11 40 43 52 35 40 21 55 30 22 20 48 45 41 61 45 33 31 19 35 28 48 28 66 53 33 37 20 49 46 50 7 14 54 43 20 48 41 32 44 14 47 44 35 56 3 48 8 12 35 23 32 53 54 50 39 42 29 19 40 34 16 32 32 37 50 57 41 49 49 20 23 14 23 36 25 54 34 46 5 48 50 56 40
31 56 39 50 29 28 5 38 35 16 40 26 33 21 32 6 43 24 38 30 12 33 30 15 32 36 20 49 30 46 22 23 7 24 29 25 11 29 38 20 20 37 40 8 32 22 22 28 45 34 39 46 45 39 26 8 11 37 44 32 37 42 35 21 23 26 20 31 8 45 24 27 24 39 20 18 18 27 22 48 38 28 10 14 40 30 33 12 26 38 32 10 36 31 38 28 39 46 43 27 41 23 31 13 4 18 14 24 2 35 8 32 16 40 37 31 18 32 15 16 21 15 8 46 29 22 24 39 22 3 18 23 46 34 12 22 24 45 31 29 24 40 3 27 44 31 32 15 19 27 21 19 24 11 27 29 22 41 39 33 31 22 9 32 26 27 15 20 23 13 34 16 33 20 39 32 42 33 8 12 26 30 22 13 38 25 19 39 25 5 28 45 31 44 34 29 7 14 13 19 35 30 23 43 29 35 21 27 25 46 22 34 32 28 19 32 36 15 48 29 42 20 42 22 22 18 32 33 31 20 13 4 35 47 32 39 29 21 20 24 22 27 26 22 35 22 38 16 33 38 0 37 33 13 19 6 36 44 29 41 44 33 17 31 42 23 27 34 20 40 32 40 34 48 24 37 38 14 16 28 18 30 24 22 41 41 37 33 25 22 42 16 23 41 27 14 11 25 10 9 11 30 24 16 47 13 27 11 39 22 6 23 21 17 9 38 26 7 27 26 27 34 18 7 29 10 24 49 35 4 27 49 15 42 36 11 24 22 11 9 19 1 15 12 38 24 36 19 52 43 14 7 33 24 34 46 10 15 42 12 31 41 26 12 42 17 14 23 29 6 20 11 2 16 22 13 11 23 36 19 11 34 24 30 29 26 21 17 44 42 40 39 30 37 13 29 42 32 27 35 24 24 3 22 16 30 47 38 21 44 44 32 36 23 29 26 25 40 27 4 14 31 32 39 30 39 49 32 21 26 23 22 14 29 42 20 6 34 17 22 7 17 19 7 8 11 32 24 43 36 33 40 7 22 45 42 17 21 29 44 28 37 43 17 24 10 37 19 31 40 33 18 25 8 25 25 17 10 9 24 41 37 21 31 29 25 11 21 43 34 11 33 39 26 42 6 22 17 10 29 40 25 41 28 9 21 38 42 31 33 14 21 7 18 35 18 30 8 11 28 17 5 25 31 6 3 39 49 11 27 35 18 32 30 33 5 39 43 12 20 34 15 40 20 16
65 22 54 43 17 25 40 19 26 53 21 51 41 46 39 38 30 59 1 8 47 30 10 24 11 23 29 15 24 14 57 46 42 55 51 40 48 42 4 21 57 27 8 43 46 47 51 63 37 47 5 41 36 9 36 31 39 40 8 24 15 12 33 25 47 34 46 32 40 9 30 41 30 26 23 52 53 12 58 17 40 35 47 49 33 19 39 36 35 29 29 36 50 50 9 17 6 19 13 51 26 34 31 39 36 20 48 49 37 38 39 25 46 34 15 7 54 12 36 37 57 51 44 18 36 30 15 10 17 36 53 17 15 39 26 16 15 8 6 43 26 19 36 20 8 43 7 25 27 16 54 35 42 41 16 43 18 8 23 5 9 52 42 6 37 20 38 31 31 29 42 52 38 28 28 10 14 16 32 26 60 12 56 50 15 13 31 40 29 42 47 34 8 32 23 18 43 44 34 34 38 38 18 25 31 39 46 40 58 11 20 13 43 61 37 48 3 38 16 9 8 36 26 58 16 38 32 24 48 39 26 40 41 17 41 32 47 42 34 44 58 44 43 16 52 42 23 47 41 17 37 0 15 25 50 34 27 33 48 20 8 20 43 9 28 41 32 32 56 17 39 26 40 40 38 8 16 36 34 23 50 64 56 44 7 42 6 38 37 50 7 24 26 6 37 38 47 39 46 29 27 23 21 23 12 50 23 47 8 39 39 27 17 53 44 11 27 34 19 17 21 43 22 32 38 35 28 13 35 39 59 13 50 6 18 26 35 49 46 29 24 38 24 34 17 21 30 39 17 20 34 40 26 31 37 12 37 30 34 48 30 9 49 42 32 33 25 30 28 37 53 39 39 49 36 33 44 57 39 49 40 11 19 64 37 29 35 34 7 39 6 25 31 51 43 29 37 42 46 51 14 41 35 40 52 43 10 8 44 9 40 19 6 22 49 45 15 16 62 34 49 46 52 15 7 19 18 47 47 42 44 48 39 39 19 28 33 32 53 38 41 21 28 33 32 29 43 21 7 29 40 15 36 19 9 17 51 24 38 42 10 27 24 36 44 31 25 28 45 14 8 25 38 44 50 56 50 37 34 13 19 12 40 40 64 44 37 27 7 36 43 37 23 25 40 41 16 42 44 19 29 18 32 32 31 50 15 33 19 7 29 32 31 49 41 44 26 43 32 10 32 33 25 44 32 37 35 42 36 39 36 25 9 26 36 34 9 40 39 38 19 43 36 53 46
63 25 40 55 27 34 35 32 37 49 9 39 49 48 24 32 43 57 16 15 40 40 19 19 22 35 18 19 33 15 55 49 36 55 39 45 44 29 19 13 53 38 12 36 33 49 40 60 49 33 20 53 48 10 43 26 39 49 18 9 4 27 18 31 35 20 48 41 33 23 36 28 18 38 27 50 51 19 54 16 49 43 42 47 44 29 25 27 42 40 14 29 35 37 9 26 12 13 28 39 39 40 40 30 30 19 40 51 33 47 32 10 47 45 5 15 49 5 26 26 54 44 40 14 22 18 21 25 21 34 50 12 14 25 24 19 19 20 14 49 14 8 31 8 21 29 17 18 17 7 53 24 46 40 6 30 11 13 9 15 19 52 35 16 23 28 40 19 19 31 50 46 47 33 40 21 10 1 31 22 59 22 54 45 29 17 20 50 36 37 51 47 17 44 35 5 39 43 35 38 47 46 24 39 39 48 36 27 57 17 26 4 50 60 25 35 13 28 17 14 14 40 39 54 18 41 18 34 35 27 26 37 26 15 49 43 34 45 38 32 54 31 48 17 39 46 35 39 26 5 33 15 0 22 40 32 12 45 35 34 21 5 32 9 41 45 40 41 52 7 47 39 26 52 26 9 5 37 37 9 49 63 55 32 13 52 20 23 43 39 22 18 14 15 44 28 41 45 41 25 23 9 28 23 18 45 10 42 22 43 33 15 19 46 41 25 35 32 7 24 8 51 15 31 25 35 16 21 21 34 59 20 48 16 30 23 23 38 43 26 15 34 24 25 31 10 41 27 21 34 36 34 36 38 46 17 37 21 46 42 39 24 52 41 44 36 20 37 37 35 52 31 34 48 41 34 42 55 48 49 32 5 25 62 44 37 23 24 19 50 14 10 40 37 43 15 48 28 34 37 17 29 31 44 47 29 22 22 47 16 51 5 20 29 37 49 11 30 60 31 46 33 39 29 14 32 17 34 49 30 32 50 29 46 9 17 31 17 48 26 39 22 17 27 26 29 29 10 18 14 25 29 35 12 17 31 43 30 45 52 12 12 38 39 48 31 37 17 51 28 19 16 44 41 38 56 41 29 27 14 33 25 44 26 62 49 29 33 20 45 42 46 10 12 50 38 16 43 37 28 41 9 44 40 30 51 5 45 4 10 31 20 28 49 50 46 35 37 25 15 35 30 13 31 28 32 46 54 36 45 45 16 20 12 22 32 23 51 31 41 4 43 47 52 37
42 44 39 46 21 22 16 29 29 29 29 30 33 28 27 14 37 36 26 18 22 29 19 3 22 29 13 37 24 34 34 29 17 34 32 27 24 28 26 10 33 31 28 18 31 29 28 39 41 33 27 43 40 27 26 6 19 35 32 23 25 32 28 16 26 21 27 28 16 34 22 25 18 32 13 29 30 16 34 36 37 27 22 26 35 22 28 13 26 33 24 13 35 32 26 20 27 34 32 30 34 23 28 16 11 6 24 31 13 34 15 23 26 36 26 19 30 20 14 16 33 26 20 35 25 16 14 29 12 13 29 10 34 29 4 12 12 33 19 31 16 29 11 16 32 29 20 6 11 15 32 16 28 19 16 27 11 29 28 21 20 31 18 20 22 19 20 14 17 12 34 27 32 17 33 21 30 21 10 1 38 20 33 25 28 14 14 37 21 17 33 40 20 38 27 18 19 22 15 20 33 30 13 35 25 34 25 25 36 34 14 23 33 39 18 32 24 16 36 17 29 22 35 34 11 21 25 27 32 20 7 16 30 35 33 35 30 25 20 25 34 27 30 10 36 26 30 24 29 26 13 25 22 0 27 11 27 39 30 32 32 23 21 19 35 27 25 30 32 28 32 33 30 44 22 25 27 18 18 19 28 42 34 24 29 39 26 28 25 28 30 5 15 29 27 16 22 27 22 5 2 21 16 7 34 26 18 22 28 25 15 15 9 28 20 28 22 11 16 16 17 35 7 9 25 14 17 37 28 15 38 36 27 30 27 2 20 27 22 5 8 14 6 12 29 14 32 19 40 33 16 16 27 22 32 34 16 10 37 24 27 30 33 20 37 18 4 21 25 14 31 16 14 27 23 14 21 34 35 28 17 22 15 41 29 23 18 15 32 39 28 28 27 37 22 22 38 29 28 35 13 23 10 26 28 28 35 27 27 32 41 21 25 16 31 31 13 30 39 10 25 30 34 29 19 30 37 32 28 25 24 29 17 29 31 13 10 27 29 20 18 7 11 9 7 8 30 13 31 28 29 30 14 10 32 32 27 15 30 41 16 28 35 20 29 11 31 12 33 30 22 9 26 20 29 35 26 14 11 12 32 27 25 27 41 30 14 17 31 32 21 31 29 17 39 17 10 23 20 21 34 13 36 26 10 30 26 37 20 21 12 16 7 28 35 25 25 19 9 16 17 9 17 30 7 13 35 45 16 28 33 10 21 21 27 10 28 40 16 23 23 23 37 31 23
36 65 26 69 47 46 15 55 53 20 45 10 52 37 26 14 62 29 51 44 10 52 45 26 48 54 23 59 49 55 30 39 13 35 14 43 18 21 52 29 22 55 50 12 20 38 4 32 64 23 53 65 64 49 45 22 29 55 56 35 44 58 33 39 9 23 36 49 13 59 43 19 24 57 37 28 28 43 24 56 57 47 15 24 59 47 27 15 45 57 32 15 24 17 48 46 50 52 59 11 59 41 50 12 18 33 7 40 21 54 13 34 31 59 44 45 16 41 15 14 26 11 19 54 25 23 40 55 38 22 24 34 54 27 28 38 39 57 45 47 27 45 18 33 57 22 46 26 25 36 32 17 42 27 36 19 32 51 42 47 46 34 11 46 21 44 33 22 23 32 52 14 52 39 58 48 50 39 26 27 34 46 30 17 54 40 21 58 43 15 45 64 45 62 52 36 18 29 32 38 54 49 39 61 48 53 7 20 34 56 40 43 50 36 16 20 48 13 57 43 52 39 60 26 37 36 30 51 19 15 30 20 28 55 51 58 17 39 39 13 24 17 44 36 21 39 56 4 26 44 19 50 40 27 0 25 38 63 16 58 57 38 9 42 60 41 45 53 21 46 51 58 27 67 18 47 45 33 35 32 30 35 34 11 51 60 52 29 43 5 56 27 27 53 45 13 13 44 14 23 25 34 41 32 57 16 32 14 53 40 14 26 36 12 23 54 45 26 34 42 33 52 29 25 23 29 26 60 31 16 36 59 24 54 53 26 20 6 22 25 27 19 31 17 55 31 55 14 61 60 33 13 51 43 53 56 28 21 61 11 50 55 42 28 61 36 25 42 47 25 31 12 18 28 41 32 25 31 55 32 11 44 41 36 48 45 19 17 56 61 52 41 49 24 28 30 61 24 15 22 39 15 21 40 15 22 59 53 38 54 63 37 51 41 15 44 36 56 31 23 23 19 18 55 44 56 56 20 36 17 12 37 12 47 48 24 24 33 17 17 24 33 24 19 20 29 23 31 55 37 26 56 25 32 55 58 5 39 48 62 41 39 61 35 42 29 56 24 49 56 48 26 44 20 8 36 5 14 17 38 58 53 39 24 34 42 13 39 56 52 25 51 43 30 60 21 35 34 10 46 59 33 60 47 27 35 45 60 37 44 33 21 24 30 54 34 48 13 18 42 36 22 29 21 21 17 57 67 30 45 54 25 47 32 28 23 54 62 11 38 40 31 59 30 4
32 54 44 45 25 22 10 32 30 20 39 31 28 18 34 11 38 26 35 27 17 28 26 13 28 31 21 47 25 44 24 20 12 24 34 20 15 33 34 20 24 32 37 13 35 19 27 29 40 38 35 41 39 37 21 7 9 32 41 33 35 38 37 16 27 28 18 25 13 42 19 31 26 33 15 19 20 23 25 46 33 23 15 16 35 24 35 15 21 33 33 14 40 35 36 24 36 44 39 32 35 17 26 18 8 15 19 21 5 30 13 32 15 35 36 27 22 30 18 19 24 21 11 45 32 24 20 35 18 3 20 20 44 36 9 18 20 41 28 25 25 39 8 26 40 35 28 15 20 25 22 21 20 9 26 32 21 39 38 30 26 21 14 28 28 21 11 22 25 8 29 21 28 14 34 28 40 31 2 10 28 25 23 17 33 22 21 34 19 11 25 39 27 38 29 28 11 12 8 14 30 25 18 38 23 29 26 30 26 43 18 33 27 29 22 36 33 19 46 26 39 15 37 24 19 13 33 28 35 24 8 8 37 45 28 34 33 17 15 28 25 31 22 18 39 18 33 21 36 36 6 34 32 11 25 0 36 39 34 35 41 33 22 29 37 19 21 29 23 38 27 34 36 43 27 34 37 9 11 28 18 32 24 26 38 36 33 36 20 28 38 15 24 38 22 18 16 21 14 9 10 31 18 12 44 18 27 15 35 17 11 24 17 21 10 33 21 2 26 21 27 29 17 2 32 5 26 46 37 9 27 45 17 39 31 9 26 27 13 6 18 7 11 15 34 24 31 23 49 38 9 12 27 19 29 44 6 17 37 18 26 37 24 10 37 12 13 18 23 4 21 15 8 16 18 8 11 24 31 18 16 33 19 31 24 21 23 19 40 37 38 38 25 41 11 31 36 35 32 39 21 27 5 18 21 34 43 33 18 41 39 31 32 18 33 23 23 35 29 3 15 34 37 34 27 33 47 36 19 30 27 20 19 24 41 22 1 36 21 25 8 13 20 9 10 6 36 23 40 37 35 35 4 20 42 37 23 16 25 38 25 38 38 12 20 5 32 21 26 35 29 18 20 11 29 25 22 14 13 21 36 32 17 34 31 21 15 15 39 28 10 27 39 27 36 8 19 14 16 23 35 23 36 23 3 20 37 36 30 30 9 23 5 17 30 16 25 13 13 24 12 4 26 35 7 8 33 43 7 22 30 19 27 31 35 2 34 38 16 15 34 13 35 20 21
66 31 31 66 37 44 37 43 48 50 9 34 57 54 16 33 53 59 28 26 40 50 30 24 33 45 17 27 44 23 58 55 37 59 32 53 45 21 30 18 54 49 22 37 25 55 37 63 60 25 31 63 59 20 51 30 44 58 28 4 13 38 8 39 31 15 53 50 34 34 45 21 14 49 35 53 54 30 55 23 59 51 43 50 55 39 16 27 50 51 6 29 26 29 19 37 23 18 39 33 50 48 50 28 32 27 39 57 37 57 32 5 51 56 13 26 49 16 25 25 56 44 43 19 14 15 30 36 31 37 52 20 21 15 30 29 28 31 25 57 13 11 33 12 32 21 28 22 18 15 57 21 53 45 14 22 18 22 6 27 30 57 35 27 17 38 46 18 15 38 58 46 56 41 51 32 18 11 36 28 62 33 57 46 40 26 19 59 44 38 59 58 29 55 45 11 42 48 42 46 56 54 33 50 48 57 32 20 61 25 35 15 58 63 22 27 24 26 24 25 24 48 50 56 26 48 9 45 27 23 33 39 17 22 57 54 26 52 46 26 56 25 55 25 31 53 46 37 18 11 36 27 12 27 38 36 0 56 29 45 31 7 30 20 52 53 48 51 53 13 56 49 16 63 20 20 12 44 44 9 53 65 59 27 23 62 32 13 51 35 33 22 13 26 52 27 42 53 42 28 27 6 37 31 26 46 10 42 34 50 34 14 27 46 45 37 44 37 12 34 11 59 21 35 17 40 13 29 11 36 63 30 50 26 41 28 18 34 46 31 19 36 31 25 42 13 52 24 29 45 43 35 46 46 55 25 42 22 56 42 49 35 59 46 55 43 24 45 46 40 56 30 37 51 49 41 46 58 58 54 31 16 34 65 53 46 20 23 30 60 25 5 49 28 47 8 58 20 27 29 26 23 34 52 47 21 33 34 53 25 61 9 31 38 30 57 19 41 62 35 49 25 31 40 25 44 22 26 54 23 27 55 27 54 12 16 35 6 49 21 43 30 18 30 28 35 21 14 29 3 17 40 40 19 26 42 41 38 54 63 22 2 49 46 55 37 48 17 59 39 30 19 52 43 33 61 39 29 28 24 44 37 51 18 64 56 29 41 31 54 46 55 7 10 60 41 24 49 37 39 52 16 55 49 36 56 13 56 9 21 37 18 32 53 59 51 45 38 26 26 43 34 11 23 31 35 56 65 42 53 55 18 31 6 13 36 34 61 30 49 8 49 57 55 34
59 51 77 11 20 17 48 14 10 55 52 68 20 37 63 49 3 57 32 31 55 12 27 40 24 11 50 45 15 45 53 35 50 47 70 27 51 65 29 43 58 8 40 52 69 37 65 58 6 71 29 10 5 41 23 42 38 16 38 53 46 23 61 24 64 57 38 15 51 32 21 63 54 8 27 49 50 27 59 48 14 20 52 49 6 18 64 51 22 6 56 50 73 70 41 20 38 51 23 68 7 25 15 54 46 34 58 37 43 15 50 53 42 6 47 30 58 41 52 54 55 58 48 49 61 52 27 24 28 42 53 38 47 65 36 29 30 35 31 26 50 51 45 46 33 66 29 42 47 42 48 54 29 40 42 65 41 40 53 31 26 45 52 30 59 20 34 51 54 32 21 58 18 25 6 25 46 46 37 38 54 24 52 53 18 30 51 13 20 49 31 2 28 1 12 45 48 41 32 28 16 20 26 9 17 17 63 62 51 42 25 43 23 53 55 70 35 54 47 31 39 28 7 56 32 32 59 13 70 58 34 45 66 48 21 5 68 32 27 63 58 65 29 33 74 32 10 59 66 48 44 33 45 39 63 39 56 0 69 14 34 50 58 37 5 30 20 11 58 48 19 7 66 8 59 39 48 33 30 50 46 58 49 62 39 14 27 64 25 65 30 42 49 37 23 53 53 26 52 41 40 51 23 32 42 54 49 53 26 29 49 50 32 59 45 22 19 37 46 24 47 22 41 38 62 36 52 41 63 47 51 40 50 37 16 39 57 64 47 38 44 45 33 50 16 45 9 57 46 15 32 50 12 22 15 43 37 48 4 56 14 26 36 40 2 29 41 22 16 40 48 52 46 45 25 33 44 52 15 44 53 42 25 57 21 19 55 53 35 10 37 55 16 74 41 55 8 66 66 73 31 61 43 30 58 66 35 25 35 40 9 48 27 23 69 31 38 18 58 40 49 68 72 18 32 14 49 69 39 63 62 38 54 22 51 49 39 59 57 58 42 32 48 45 44 35 67 45 36 58 65 19 39 40 40 17 61 24 21 12 34 56 10 31 31 35 9 49 26 20 26 44 25 47 66 48 60 51 48 33 15 21 31 64 59 31 51 24 33 15 43 17 54 50 11 45 34 35 54 19 5 42 3 18 36 42 46 4 47 36 31 53 39 45 19 38 15 51 47 31 28 41 50 67 42 46 9 10 35 24 13 46 26 54 62 40 25 10 53 29 49 39 8 49 59
51 58 11 76 50 52 26 58 59 35 37 7 61 49 14 23 67 44 49 44 24 59 46 29 49 58 20 54 54 50 45 51 25 49 4 53 32 8 51 28 38 61 47 24 5 50 13 48 71 8 52 73 70 45 54 28 40 64 53 28 39 58 22 46 8 15 48 57 22 57 51 9 19 62 43 42 42 44 39 50 66 56 29 38 65 51 14 19 54 63 23 20 9 2 44 49 47 45 59 6 63 50 57 16 26 35 22 52 31 63 22 27 44 66 39 44 32 38 17 15 40 26 32 47 15 19 43 55 41 32 39 33 48 15 33 40 41 55 44 58 23 38 27 29 55 9 46 27 23 33 46 15 53 39 33 7 31 48 34 46 47 48 22 45 12 49 44 19 18 39 62 29 61 46 63 49 45 34 35 31 49 48 45 32 56 41 19 66 51 27 57 70 46 68 57 32 31 41 41 47 62 58 43 65 55 62 10 10 49 52 44 39 60 51 14 5 46 15 51 43 49 49 65 41 39 46 20 57 4 11 36 31 15 49 60 65 3 50 48 6 40 4 55 37 6 51 60 18 13 38 29 48 35 30 16 34 29 69 0 61 55 32 13 40 65 52 54 60 37 40 60 63 14 74 11 44 39 42 44 26 44 51 48 8 48 68 51 17 53 11 55 28 23 50 55 16 27 54 28 28 29 28 46 37 53 31 27 28 54 50 24 22 38 28 35 55 51 35 30 46 29 62 29 33 12 38 21 56 20 27 51 55 38 51 56 30 14 11 36 32 26 29 36 20 58 28 62 12 56 62 42 23 57 51 61 52 39 22 67 26 57 56 55 40 67 45 28 50 54 35 45 19 28 42 50 40 37 46 64 45 18 40 45 51 57 52 14 16 54 68 49 33 56 9 40 22 68 10 3 7 40 8 29 51 30 9 57 53 49 51 71 32 50 46 2 55 35 58 47 31 37 5 4 57 43 59 50 5 49 7 7 50 15 57 40 21 33 23 32 11 35 37 22 25 25 36 10 28 53 27 14 58 35 31 52 60 21 45 58 71 40 30 65 45 53 37 60 22 59 58 48 26 54 33 8 50 20 20 22 38 60 54 49 12 49 54 19 46 54 61 38 60 35 25 68 33 37 45 22 50 64 31 66 55 35 49 40 67 31 42 40 17 31 44 63 46 55 25 22 42 45 30 24 7 28 27 65 75 40 55 62 24 48 25 17 32 54 70 18 48 34 43 66 44 16
62 38 68 24 12 16 45 3 11 54 40 61 28 40 54 44 11 58 19 20 52 15 16 33 13 7 41 32 13 32 54 39 47 50 63 31 50 56 16 34 57 10 27 48 60 40 59 60 18 62 16 23 17 28 26 36 37 25 25 42 34 11 50 21 57 48 40 20 46 19 22 54 44 8 22 50 50 17 59 35 24 24 50 49 15 11 55 44 25 11 46 44 64 62 29 13 25 38 10 62 8 26 18 48 41 26 54 41 40 23 45 42 43 16 34 19 57 29 45 47 56 56 46 36 51 43 19 11 20 38 53 29 34 55 30 21 21 21 20 32 40 39 41 36 19 57 18 35 39 31 50 46 33 39 32 57 31 27 41 19 15 48 48 18 50 14 34 43 45 29 28 56 25 23 10 13 33 34 33 32 57 14 53 52 5 21 43 23 20 46 37 16 17 13 9 34 46 41 31 28 24 26 19 6 19 25 56 53 54 29 19 31 30 56 48 62 22 47 34 20 26 29 7 57 23 33 49 10 61 50 29 43 57 35 28 14 60 34 27 56 58 57 34 24 66 35 5 54 56 36 41 20 34 32 58 35 45 14 61 0 20 38 52 25 9 33 22 17 57 36 25 8 56 21 51 27 35 33 30 39 47 61 52 55 26 25 14 54 28 59 17 34 40 24 27 47 51 30 49 35 34 40 17 26 29 53 39 50 13 31 45 41 23 56 44 9 18 35 35 16 37 30 32 35 53 34 43 29 52 44 55 28 50 24 6 33 49 58 46 33 35 42 27 43 3 35 14 50 34 3 31 46 12 23 23 30 36 40 16 53 17 13 41 40 14 29 34 22 17 38 50 47 43 46 28 31 43 54 24 45 48 30 18 60 26 20 47 45 22 21 24 43 19 66 41 45 19 57 59 65 22 53 39 33 56 57 22 12 38 27 22 37 15 19 61 35 28 5 60 37 48 60 64 5 20 2 36 61 42 55 55 41 48 27 39 40 36 49 56 50 41 25 39 39 39 31 58 35 23 47 55 6 37 31 27 5 57 21 27 24 23 45 5 31 35 32 8 40 33 7 15 36 29 46 60 51 56 45 42 24 1 9 33 55 61 36 45 22 20 22 42 24 42 40 22 43 25 37 50 12 11 32 14 20 32 45 34 15 36 24 28 44 35 46 27 39 14 48 40 20 27 37 40 58 37 42 19 24 34 28 21 37 15 43 52 37 12 22 47 31 37 39 18 50 54
72 18 60 44 22 30 48 21 29 60 24 58 45 52 44 45 31 66 7 15 54 33 16 32 15 25 36 12 28 13 64 52 49 61 58 45 55 49 8 29 64 29 10 50 53 53 58 69 38 53 7 43 37 12 41 38 46 43 5 30 19 11 38 31 53 40 52 36 47 3 35 47 37 28 29 59 59 18 65 15 43 40 54 56 35 23 45 43 40 31 35 43 56 56 13 22 9 19 12 58 28 40 35 46 43 27 55 54 44 41 46 31 53 36 19 14 61 18 43 44 64 58 51 17 42 37 22 11 24 43 60 24 15 45 33 23 22 1 13 48 33 23 43 27 1 49 14 32 34 23 60 41 47 48 23 49 26 10 26 12 15 59 49 13 43 25 44 38 38 36 46 59 42 34 30 15 15 22 39 33 67 18 63 57 17 20 37 42 34 49 52 36 14 33 26 24 51 50 40 40 42 43 25 26 35 43 54 46 64 9 26 18 47 67 43 55 9 45 14 16 8 42 27 65 23 44 38 27 54 46 33 47 46 16 45 34 53 47 40 51 65 51 49 23 59 48 25 54 47 21 44 8 21 32 57 41 31 34 55 20 0 26 50 15 29 47 37 35 64 20 43 28 46 41 45 12 20 42 40 29 57 71 62 51 9 44 9 43 42 57 5 31 33 6 42 45 54 45 53 37 34 29 27 30 9 57 29 54 9 45 47 34 24 60 51 13 32 40 26 22 27 47 29 39 45 41 35 9 41 47 66 8 57 5 20 34 42 56 53 36 31 45 31 41 19 28 33 45 14 20 41 48 29 37 41 10 44 37 36 56 34 9 55 48 34 39 33 36 33 44 60 46 46 55 41 40 51 63 42 56 47 16 25 70 42 34 42 42 2 41 7 29 35 58 50 35 39 48 53 57 21 48 42 46 60 49 3 10 50 8 42 25 10 28 56 50 22 17 69 41 56 52 58 17 14 21 16 54 54 49 51 54 46 43 22 35 40 37 61 45 48 28 35 40 39 36 49 28 3 34 46 16 43 26 7 17 58 30 43 44 17 31 25 42 49 38 27 34 49 15 13 32 43 51 56 63 57 44 41 21 19 14 46 46 71 50 44 33 2 40 50 41 27 31 42 48 23 48 51 24 31 24 34 36 38 56 19 35 25 13 35 39 38 56 45 51 30 50 39 17 38 40 32 51 39 45 38 44 43 44 39 33 15 32 42 41 10 42 46 44 24 49 38 60 53
63 27 35 60 31 38 35 37 42 48 8 36 52 50 20 31 47 57 21 19 39 44 23 20 27 39 15 23 37 19 55 51 35 56 35 48 43 24 24 13 52 43 16 35 29 51 38 60 54 29 25 57 53 14 46 26 41 53 22 5 8 32 13 34 32 17 49 44 32 28 40 24 14 43 30 51 51 23 54 19 53 46 41 47 48 33 20 26 45 45 10 27 31 33 13 31 17 15 33 35 44 42 44 28 30 22 39 53 34 51 31 6 48 49 7 20 48 10 24 24 54 43 40 16 18 15 24 29 25 34 50 14 17 20 25 23 22 25 19 51 11 8 31 7 26 25 21 18 15 10 54 21 49 41 9 26 13 17 6 20 24 53 34 20 20 32 41 17 16 33 53 45 50 36 44 26 14 5 32 24 59 26 55 45 33 20 18 53 39 36 54 51 22 49 39 5 39 45 37 41 51 49 27 44 42 51 33 23 58 21 29 9 53 60 23 31 18 26 20 19 18 43 44 54 21 43 13 39 30 24 28 37 21 18 52 48 30 47 41 28 54 28 51 20 35 48 40 37 22 7 33 20 5 23 38 33 7 50 32 38 26 0 30 13 46 48 43 45 52 9 50 43 21 56 22 14 8 39 39 6 50 63 56 29 17 56 25 18 45 36 27 18 12 20 47 26 40 48 40 25 23 5 31 26 22 44 7 41 27 46 32 13 22 45 42 30 38 33 7 28 6 54 16 32 20 36 13 25 16 34 60 25 48 21 35 24 19 35 44 27 15 34 26 24 35 9 45 25 25 39 38 33 40 41 50 21 38 20 50 41 43 29 54 42 49 39 20 40 41 36 53 30 34 48 44 36 43 56 52 50 30 10 28 62 48 40 20 22 24 54 19 6 43 33 44 10 52 24 30 33 20 25 31 47 46 25 27 27 49 20 55 2 25 32 33 52 14 35 60 31 46 28 35 34 19 37 19 30 50 26 29 51 27 49 10 15 32 12 47 23 39 25 16 27 26 30 25 10 23 9 21 34 36 14 21 36 41 33 49 56 16 7 43 41 50 33 41 15 53 33 24 16 46 41 35 57 39 28 26 18 38 30 46 22 62 51 27 36 25 49 43 49 7 9 54 39 19 45 36 32 46 11 48 43 32 52 8 49 3 15 33 17 29 50 53 47 39 37 24 19 38 30 10 27 28 32 50 59 38 48 49 15 24 7 17 32 28 55 29 44 2 45 51 52 35
40 57 23 65 41 42 14 49 49 24 37 10 49 37 19 11 57 33 44 37 13 48 38 20 41 49 15 51 44 47 34 39 13 38 13 41 20 15 45 22 27 51 42 12 16 38 9 37 60 19 46 62 60 41 42 17 28 53 48 27 36 51 25 35 6 15 36 46 10 52 40 13 16 52 32 31 31 36 29 48 54 44 17 27 55 42 20 8 42 52 24 9 20 14 40 40 42 44 52 10 54 39 46 5 14 26 11 40 19 51 10 26 32 55 36 38 22 33 7 7 30 16 20 46 18 15 34 48 32 20 28 26 46 21 23 32 32 50 38 46 19 37 15 25 50 17 39 19 17 28 35 9 41 27 28 14 25 44 34 40 39 36 10 39 14 39 32 13 15 28 50 19 49 35 53 41 42 32 23 21 38 40 34 21 48 33 13 55 40 15 45 59 39 58 47 28 19 29 30 35 51 47 34 56 44 51 5 13 37 48 35 35 48 40 8 16 41 5 49 36 44 37 55 30 30 34 23 47 15 7 25 19 21 47 49 54 13 38 36 8 29 12 43 29 18 39 51 8 19 36 17 43 32 21 9 22 30 58 13 52 50 30 0 35 56 40 42 49 26 38 49 53 20 63 11 39 37 30 32 24 32 40 37 6 43 57 45 22 41 8 48 20 19 45 43 6 16 42 16 17 19 26 36 27 49 20 24 17 47 39 12 18 29 18 23 47 41 23 26 37 25 50 22 22 16 26 18 52 24 15 39 52 27 46 47 20 13 7 24 21 20 17 26 10 50 23 51 6 53 54 30 11 47 39 50 48 27 13 57 15 46 49 43 28 57 33 19 39 44 23 34 7 16 30 39 29 25 35 52 33 6 36 35 40 45 41 10 9 49 57 44 33 45 20 28 22 57 18 11 19 32 9 18 39 19 16 52 46 37 47 60 29 44 36 12 43 29 50 36 20 26 15 16 49 37 50 48 16 37 11 7 38 5 45 39 16 21 25 21 9 23 27 16 14 14 25 18 23 48 29 19 50 24 25 48 52 12 35 46 59 33 31 55 33 41 25 51 16 47 50 41 19 42 21 9 39 10 8 11 31 52 46 37 17 38 42 8 35 49 49 26 49 35 22 57 21 29 33 10 41 54 26 56 44 24 37 37 56 29 37 29 13 20 32 51 34 44 14 12 35 33 19 21 15 17 15 54 64 28 43 51 18 40 24 21 20 47 59 6 36 32 31 55 33 5
61 25 46 47 19 27 34 24 30 47 16 43 42 43 30 31 34 54 10 7 40 32 11 17 14 26 21 18 26 15 52 43 35 51 43 39 42 34 12 14 51 30 9 36 38 44 43 58 41 39 13 45 40 8 36 24 35 42 14 17 10 19 25 24 38 25 43 34 33 18 30 33 22 30 20 47 48 12 53 18 42 36 40 44 36 21 31 28 35 32 21 29 41 41 8 19 8 17 21 43 31 33 33 31 29 15 41 46 31 40 32 18 43 37 11 7 48 4 28 29 52 44 38 17 28 22 14 17 15 31 48 9 16 31 20 13 12 16 6 42 18 15 30 12 16 35 9 18 19 8 50 26 40 37 8 35 11 10 17 8 11 49 35 8 28 21 35 23 23 26 43 46 39 26 32 13 13 9 27 20 56 14 51 44 20 10 22 42 29 35 45 39 9 36 27 10 38 40 31 32 40 39 17 31 31 41 39 32 54 15 19 7 43 57 28 40 6 30 18 7 11 34 31 52 12 36 24 26 40 31 22 35 33 17 42 35 38 39 32 36 53 36 42 11 44 40 27 40 33 12 31 9 9 19 42 29 20 37 40 25 15 13 35 0 33 40 33 34 51 12 40 30 32 44 30 6 12 33 31 15 46 60 52 36 10 44 13 30 36 42 15 17 18 11 37 30 40 39 40 23 21 15 21 19 16 44 15 41 15 37 33 19 13 46 39 17 28 29 11 16 13 44 14 27 30 30 20 18 28 33 55 18 45 12 22 20 27 41 41 23 16 32 19 26 23 13 33 30 21 26 31 34 28 31 39 15 33 22 38 42 32 17 47 38 36 31 18 30 30 32 49 32 33 44 35 30 39 52 41 45 33 5 18 59 38 30 27 27 15 42 10 18 33 43 39 21 40 34 38 43 10 33 29 39 46 34 18 15 42 13 43 12 12 22 41 44 7 22 57 28 44 38 43 21 6 24 19 39 44 34 36 45 31 39 15 20 28 24 47 30 36 17 20 26 25 25 35 13 14 22 32 21 32 11 14 23 44 23 39 45 5 20 30 34 42 27 29 19 44 20 11 17 37 39 41 53 42 30 27 9 25 18 38 32 59 43 30 26 15 38 39 38 18 17 42 36 10 39 37 21 33 9 36 33 27 47 10 37 11 2 26 24 25 45 42 41 28 37 25 7 30 28 17 36 26 31 38 46 32 38 38 18 12 19 28 29 15 43 32 36 12 39 39 49 38
59 47 74 15 16 15 46 10 8 54 48 65 21 37 60 46 2 56 28 27 53 11 23 37 20 8 47 41 12 41 52 35 48 47 67 27 50 62 25 39 57 6 35 50 65 37 62 58 9 67 25 14 8 37 22 39 37 17 34 49 42 20 57 21 61 54 37 15 48 28 19 60 50 4 24 48 49 23 58 44 16 19 50 48 7 15 61 48 21 5 53 47 69 67 37 17 33 47 19 65 3 24 14 51 43 30 56 37 41 16 48 49 41 8 43 26 57 37 49 51 55 57 46 45 57 49 24 20 25 40 52 34 43 61 33 26 26 30 27 26 46 47 43 43 28 63 25 39 44 38 47 51 29 39 39 62 37 36 49 26 22 45 50 26 56 17 33 48 50 29 22 56 19 23 3 21 42 42 35 35 54 20 51 52 14 27 48 15 19 47 32 7 24 4 9 42 46 40 31 27 17 21 23 5 16 18 60 59 51 38 22 39 24 53 52 67 31 51 43 27 35 27 4 56 28 31 55 9 66 55 31 43 63 44 22 6 64 31 26 60 57 62 30 29 71 32 6 57 62 44 42 28 41 35 60 37 52 5 65 9 29 46 56 33 0 30 19 11 56 44 19 3 62 12 56 35 44 32 29 46 45 58 49 59 35 17 23 60 24 62 26 38 46 33 23 51 51 26 50 39 37 47 20 29 38 53 45 51 22 28 47 46 28 57 44 18 17 35 42 20 43 23 37 36 59 34 49 38 59 45 51 37 49 33 12 36 54 61 46 35 40 43 30 47 12 42 8 54 43 11 31 48 10 21 16 39 36 44 7 54 13 22 36 38 5 28 38 20 14 38 47 50 44 45 25 31 43 51 17 43 51 38 21 57 21 17 52 50 31 13 33 51 15 71 40 52 10 63 63 70 27 58 40 29 56 62 31 21 34 36 13 44 23 20 66 31 34 14 57 38 47 65 69 14 28 10 45 66 39 60 59 38 51 22 47 46 37 55 56 55 41 29 45 42 42 32 64 41 32 54 61 15 37 37 36 14 59 22 22 15 30 52 6 30 31 33 5 45 27 16 22 41 25 46 64 48 58 48 45 30 10 17 30 61 59 32 48 22 29 16 42 18 50 47 14 43 30 35 52 15 3 38 5 17 34 42 42 6 43 32 28 50 37 44 20 37 13 49 44 27 27 38 47 64 39 44 11 15 34 24 14 42 22 50 59 38 21 13 50 29 45 38 10 48 57
30 63 62 32 26 18 26 31 23 27 53 48 12 8 52 29 30 28 42 35 32 19 32 30 32 27 39 56 21 54 23 6 28 18 52 3 25 51 40 35 29 25 47 30 54 8 44 29 29 56 40 28 28 47 8 25 13 17 49 49 48 40 54 17 45 46 8 15 30 47 13 49 43 27 20 20 21 30 30 56 19 11 27 21 25 25 53 34 9 25 50 32 58 53 47 25 45 56 40 49 29 8 16 36 26 27 34 9 22 17 30 48 13 25 49 35 31 42 36 38 27 34 23 56 50 41 27 38 25 20 24 34 55 54 24 27 28 48 36 7 42 53 26 42 46 53 35 32 37 39 19 40 2 14 40 51 36 48 53 37 32 16 31 36 47 23 9 40 42 15 13 32 14 14 27 33 52 45 18 26 25 30 22 27 33 31 39 20 14 26 6 30 34 30 25 43 23 13 12 8 16 11 24 33 15 15 44 49 22 52 22 45 10 24 40 55 42 37 56 35 48 6 32 28 29 6 51 24 54 42 20 22 56 56 11 25 51 3 8 46 29 50 4 29 57 2 29 37 54 50 23 41 45 27 41 19 53 30 52 33 47 48 40 40 30 0 12 19 30 51 13 28 55 31 45 45 50 10 9 44 17 29 20 44 47 21 38 54 6 45 43 32 41 47 8 36 29 4 28 26 27 47 21 23 52 28 43 28 39 3 29 41 27 33 19 36 16 18 42 25 43 12 32 19 50 14 43 54 54 25 22 53 22 47 30 26 44 44 20 23 35 24 23 34 33 40 22 41 58 35 11 29 22 11 16 53 14 34 27 31 18 40 8 13 28 10 30 12 17 17 18 33 24 17 6 13 17 23 17 15 34 44 23 28 9 14 42 38 47 24 46 54 15 59 14 48 25 54 50 57 30 46 23 1 31 52 49 37 5 50 26 46 38 19 51 4 35 35 29 21 21 53 55 34 36 32 57 54 10 48 45 9 37 9 54 39 20 53 30 44 17 24 37 27 28 19 54 39 47 54 54 35 17 35 50 36 37 17 10 24 36 54 33 8 3 17 27 38 8 36 34 35 6 22 47 19 37 32 31 32 34 34 3 52 30 4 33 14 45 15 16 14 54 44 23 20 30 8 32 24 27 38 27 13 18 13 49 27 45 40 16 41 22 16 14 9 19 28 31 33 11 22 43 53 25 25 21 30 13 6 17 36 33 48 53 20 38 25 34 4 48 11 23 20 38
41 54 63 24 16 8 31 20 12 36 47 52 10 19 51 32 20 38 33 27 37 9 23 27 22 16 38 47 10 45 34 17 33 29 54 9 33 52 30 32 39 14 39 34 55 19 48 39 19 57 31 20 19 39 5 26 19 11 40 44 42 30 51 10 48 45 19 5 34 37 4 49 42 16 14 30 31 22 40 48 13 3 33 30 15 14 52 35 3 15 47 34 59 55 39 16 37 49 29 52 18 5 5 38 29 22 40 20 25 10 33 45 23 15 43 27 39 36 37 39 37 40 29 49 49 40 20 28 19 24 34 29 47 53 22 21 21 38 28 11 39 47 28 37 36 53 26 30 35 34 29 40 11 21 35 51 31 40 48 29 24 26 35 27 46 13 15 39 41 15 11 39 8 9 16 23 44 40 20 24 36 21 33 34 22 24 38 13 4 31 15 20 25 19 14 38 29 22 14 9 9 6 16 22 4 9 47 49 33 43 14 39 11 35 41 56 34 39 48 27 39 8 20 38 23 12 49 13 55 43 19 27 55 48 9 15 53 13 8 48 38 51 13 24 59 13 17 42 53 44 27 32 40 25 45 21 48 20 54 22 37 43 42 33 19 12 0 9 39 45 8 17 54 22 46 37 44 14 11 41 27 40 31 46 39 15 29 52 6 48 33 29 38 38 5 38 35 8 34 26 26 42 13 19 44 36 40 35 29 10 32 39 22 40 26 25 6 20 37 17 38 11 29 21 49 17 41 45 52 30 33 44 31 38 19 24 44 48 28 23 32 27 19 35 22 36 11 42 49 24 13 33 11 3 8 44 19 34 17 37 7 30 19 21 18 10 28 4 5 22 29 36 28 27 7 14 25 33 10 25 37 38 16 39 6 4 42 38 38 16 37 49 4 60 22 45 16 53 51 59 23 47 25 11 39 52 39 27 16 41 18 41 28 11 54 14 30 24 39 23 30 54 57 23 28 20 49 55 20 49 47 20 39 7 48 37 22 50 38 44 24 19 35 29 29 18 54 35 38 50 53 25 21 30 41 25 43 11 7 18 29 49 22 12 14 18 16 36 13 25 25 32 7 29 50 30 43 34 32 26 23 24 12 52 41 14 35 8 36 8 24 7 49 40 15 26 25 17 36 14 17 33 17 2 19 24 43 17 40 33 14 40 23 26 11 19 8 33 32 26 10 24 40 54 26 29 13 22 17 7 9 34 24 44 51 23 28 17 37 11 43 19 14 30 42
49 52 69 17 16 9 38 15 6 44 49 59 11 26 57 39 12 46 32 28 45 2 24 33 22 11 43 45 9 45 42 24 40 36 61 16 41 57 29 36 47 8 39 42 61 26 55 47 12 63 29 13 11 39 12 33 27 9 38 48 43 26 55 15 55 50 27 4 41 34 10 55 47 10 18 38 39 23 48 48 8 9 41 38 7 14 57 42 11 7 51 40 65 61 40 16 37 49 26 59 11 14 4 45 36 27 48 27 33 7 40 48 31 7 44 28 47 37 44 45 44 48 37 49 54 45 22 25 22 31 42 32 47 58 27 23 24 36 29 16 44 48 35 41 34 59 27 35 40 37 37 46 18 29 37 57 35 40 50 28 24 34 43 28 52 14 23 44 46 22 12 47 8 15 9 23 44 42 27 29 43 21 41 42 19 25 43 9 10 39 21 12 26 12 9 41 37 30 22 17 7 10 19 15 6 9 54 54 40 42 17 40 14 43 47 62 34 45 47 28 39 17 14 45 26 21 53 9 61 49 25 35 60 48 12 6 59 21 16 54 47 57 19 27 66 21 12 49 59 45 34 32 41 30 53 29 51 11 60 17 35 45 49 34 11 19 9 0 47 46 9 10 59 14 51 38 45 22 19 44 35 48 38 53 39 11 27 57 14 55 31 34 43 37 12 45 43 15 42 32 32 46 15 24 42 44 43 43 26 18 39 43 25 48 34 23 9 27 40 18 42 13 34 28 55 25 45 43 56 37 41 42 39 37 15 30 50 55 36 29 37 35 25 41 17 39 4 49 48 19 21 40 7 11 6 43 26 39 9 45 3 27 26 29 9 18 33 11 6 29 37 43 36 34 14 22 33 41 8 33 44 39 18 47 10 9 47 44 36 9 37 51 5 66 30 49 8 59 58 65 26 53 33 19 47 58 37 25 24 40 11 44 27 15 60 20 32 20 47 31 38 60 64 19 29 16 49 61 28 55 54 27 45 12 49 42 29 54 46 50 32 24 40 35 35 25 60 39 36 53 58 21 28 34 40 21 51 15 11 12 30 52 15 20 20 25 10 41 17 22 25 37 14 37 57 38 50 41 39 28 18 21 20 57 48 21 42 14 34 5 32 8 51 44 9 34 28 24 44 14 9 36 8 7 26 31 44 9 43 34 21 45 30 34 11 27 7 41 38 27 18 31 44 59 33 36 5 15 25 13 5 39 23 48 56 30 25 10 44 18 45 28 7 38 49
15 75 47 61 47 43 17 54 50 4 59 31 41 23 45 21 58 8 57 49 14 47 48 34 50 52 37 69 46 65 10 26 17 17 35 33 9 41 57 39 1 52 59 17 41 24 25 11 57 44 58 57 57 58 36 27 21 46 64 50 56 61 51 37 30 40 22 43 20 64 37 39 40 54 37 11 10 46 3 67 48 39 11 10 53 46 46 27 37 53 48 25 45 38 58 46 58 65 61 32 56 34 44 26 22 37 16 25 20 46 21 49 17 53 56 50 5 51 29 30 5 12 13 66 44 38 43 58 40 21 6 42 65 47 31 41 43 64 51 36 41 59 22 45 63 42 51 34 37 46 14 33 31 19 47 39 42 61 57 52 49 17 19 51 39 43 25 36 39 29 42 9 43 35 53 51 61 51 25 32 13 48 10 8 55 44 35 49 39 16 32 58 50 58 50 48 14 18 27 31 45 40 41 59 42 44 28 39 14 65 40 54 39 15 32 41 56 28 67 48 61 31 58 5 41 27 47 49 40 32 31 17 47 66 40 53 38 27 32 33 3 37 32 41 42 28 54 20 45 56 20 56 52 32 21 23 53 58 37 57 64 52 26 51 56 30 39 47 0 58 42 55 46 60 37 56 57 26 29 46 14 14 15 31 60 50 56 47 34 26 61 35 40 61 36 27 12 33 12 28 30 48 41 35 66 8 45 11 58 30 20 40 40 9 14 56 41 24 46 44 46 41 37 25 42 24 41 68 49 18 16 68 9 62 52 31 38 27 12 28 37 19 34 29 56 43 50 32 71 59 27 19 48 37 44 66 22 33 55 12 45 59 27 18 56 30 33 36 42 20 13 23 18 13 33 27 15 11 46 16 23 54 41 15 38 39 35 31 63 53 60 56 43 45 18 46 53 44 36 43 43 35 22 29 8 41 66 56 25 63 55 50 55 39 36 31 44 57 10 23 9 40 39 56 50 55 68 41 22 36 32 23 27 38 61 38 24 50 6 35 17 36 36 25 27 28 43 42 63 53 45 57 21 41 64 59 16 37 39 53 48 55 59 28 29 27 53 37 36 58 52 37 34 13 29 17 18 24 26 44 57 55 28 43 13 30 25 36 62 44 16 42 58 44 52 16 41 23 17 45 55 44 55 41 26 19 57 55 49 52 30 36 26 15 44 21 45 15 28 47 31 24 43 41 25 20 50 59 24 35 46 37 50 47 47 23 57 54 24 29 53 20 52 12 22
70 19 43 58 31 39 42 35 41 55 5 44 54 54 28 38 45 63 17 19 46 44 23 25 25 38 23 15 38 11 61 55 42 61 43 51 50 33 20 20 59 42 10 42 37 55 46 67 53 37 21 56 52 8 48 33 46 54 16 13 4 28 20 36 40 25 54 46 40 23 42 32 23 41 32 57 57 24 61 11 54 48 48 53 48 33 28 34 47 44 17 35 39 41 8 31 12 7 29 44 42 45 45 35 37 25 47 57 40 52 38 14 53 49 3 19 55 10 32 32 60 50 47 8 26 23 26 26 27 40 57 18 9 28 30 25 24 19 18 54 19 3 37 14 20 32 20 25 23 14 59 29 52 47 13 34 18 10 7 18 23 59 41 19 28 33 46 25 24 37 55 52 51 38 43 24 6 8 37 29 65 26 61 51 31 22 26 54 41 43 57 50 21 47 38 11 46 50 41 44 52 51 29 41 43 53 41 31 63 13 31 7 55 66 31 39 14 34 12 19 12 46 42 61 23 47 21 38 39 32 32 43 29 10 54 47 38 51 44 37 61 36 54 22 42 52 38 44 30 3 40 17 7 28 46 38 13 48 40 36 20 9 38 12 44 51 45 46 58 0 52 42 29 55 30 9 2 44 43 14 56 69 62 37 11 56 22 26 48 44 22 24 20 14 49 34 47 50 47 31 29 13 33 29 14 51 15 48 24 49 39 21 24 53 48 27 40 39 13 28 14 56 22 37 29 41 21 17 23 41 65 17 54 15 33 29 27 43 50 32 22 40 30 31 33 16 45 33 17 36 42 40 40 43 51 13 43 27 49 48 44 25 58 48 48 42 26 42 42 42 58 37 41 54 46 40 49 62 53 56 38 7 30 69 50 42 28 30 18 53 13 9 45 41 49 19 52 32 38 41 22 33 38 50 53 33 21 24 53 13 55 9 22 34 41 55 17 32 66 37 53 37 43 31 18 35 11 38 55 34 37 56 35 51 3 22 37 19 54 31 45 28 24 34 32 35 33 17 17 15 29 31 41 19 14 33 49 35 51 56 17 12 40 45 53 37 40 23 56 30 22 22 49 47 43 63 47 35 33 20 35 28 50 29 68 54 35 38 20 50 48 50 8 17 54 45 21 49 43 33 44 15 47 45 37 57 2 48 10 13 37 26 34 55 54 52 40 44 31 19 41 36 18 35 34 39 50 58 43 50 50 23 23 16 25 38 25 55 37 47 7 50 51 58 43
42 60 70 20 22 14 36 24 15 39 55 58 3 20 59 38 20 40 39 34 42 10 30 35 28 19 45 53 15 52 36 17 38 30 61 10 37 58 36 39 41 16 45 40 62 19 54 41 17 64 37 16 17 46 7 33 23 5 46 52 48 34 58 17 54 52 21 7 39 42 11 56 49 18 21 32 33 29 42 55 7 5 38 33 13 20 60 42 7 15 54 40 66 62 46 22 43 56 34 58 20 10 8 44 35 30 45 20 31 4 39 52 25 13 49 34 43 43 44 45 39 45 34 55 56 47 27 33 26 30 36 36 53 60 29 28 29 44 35 8 46 54 34 45 42 60 33 37 42 41 31 47 12 25 42 58 39 46 55 35 30 27 41 34 53 20 19 46 48 21 4 43 1 16 17 29 51 47 26 31 37 27 35 39 27 31 45 8 12 36 13 18 32 19 17 45 34 25 20 14 3 3 24 23 9 3 53 56 34 49 22 45 5 36 48 63 40 45 54 34 46 13 22 40 30 16 56 17 62 50 26 32 62 54 3 14 60 15 13 55 41 58 12 31 66 15 20 48 60 51 32 39 47 32 51 27 56 19 60 25 43 50 49 40 19 13 8 9 42 52 0 19 61 19 53 44 50 19 17 48 29 41 32 53 45 9 34 60 9 54 39 36 45 44 6 45 40 9 39 33 33 50 20 26 50 40 47 39 34 12 38 46 29 45 30 30 12 26 44 24 46 5 37 27 56 23 48 50 59 35 34 50 34 44 23 31 51 54 32 29 39 33 26 41 26 43 12 49 55 27 19 39 14 10 4 50 24 41 15 42 9 35 18 25 17 16 35 11 11 27 31 42 34 29 10 20 29 35 5 27 43 45 23 40 4 11 49 45 43 12 44 56 8 67 25 52 13 61 58 65 31 54 32 13 43 59 44 33 18 47 14 48 34 19 60 13 37 28 40 29 33 61 64 27 35 24 56 62 22 56 54 20 45 5 55 44 28 57 42 51 28 27 43 35 35 25 61 42 44 57 60 29 26 38 47 29 48 18 4 12 35 56 24 16 13 24 18 43 9 30 31 39 8 33 56 31 48 41 39 33 26 29 14 59 42 14 42 15 41 4 28 2 56 48 11 31 32 19 42 20 17 40 16 7 25 24 50 15 47 40 21 47 30 28 4 21 13 39 39 33 16 30 47 60 33 34 10 18 22 7 6 41 30 51 58 29 33 13 43 14 50 23 12 32 48
58 45 71 17 13 13 44 8 6 51 45 62 21 35 57 44 5 54 26 24 51 9 20 34 17 5 44 39 10 39 51 34 46 46 64 26 48 59 23 37 55 4 33 47 63 36 60 56 12 64 23 16 11 34 21 36 35 18 31 46 39 18 54 19 58 51 36 14 46 26 18 57 47 1 21 46 47 20 56 42 17 18 48 46 8 12 58 45 20 4 50 44 67 64 35 14 31 44 17 63 1 22 13 48 41 28 53 36 38 16 45 47 39 9 40 24 55 34 47 48 53 54 44 43 54 46 21 17 22 37 50 32 41 58 30 23 23 29 25 26 44 44 40 40 27 60 22 36 41 35 46 48 28 37 36 59 34 34 47 24 20 43 48 23 53 14 31 45 47 27 22 54 18 21 3 18 39 39 32 32 52 17 50 50 12 24 45 16 17 44 31 9 22 6 6 39 44 38 29 25 17 20 20 5 14 18 57 56 50 36 19 36 24 52 50 64 28 48 41 25 33 25 4 54 25 29 52 7 64 52 28 41 60 42 22 7 62 30 24 57 55 59 29 27 68 30 4 54 59 41 40 26 39 33 58 34 49 7 63 8 28 43 53 30 3 28 17 10 55 42 19 0 59 14 53 33 41 30 27 43 43 57 47 56 33 18 21 57 23 60 24 35 43 31 22 48 49 25 48 36 34 44 17 26 35 51 43 49 20 27 44 44 25 55 42 16 14 33 39 18 40 23 35 33 56 32 46 36 56 43 50 35 47 31 9 33 51 59 43 33 37 41 27 44 9 39 8 51 41 9 28 45 7 19 16 37 34 42 8 51 11 20 35 37 7 26 35 19 13 36 46 47 41 43 23 29 41 50 17 41 48 35 19 56 20 16 49 47 29 14 31 48 13 68 38 49 12 60 60 67 25 55 38 28 54 59 29 19 33 34 15 41 21 18 63 30 31 12 56 36 46 62 66 11 25 7 43 63 37 57 57 37 49 22 44 43 34 53 54 52 39 26 42 39 39 30 61 38 29 51 58 13 35 34 34 12 56 19 21 17 27 50 5 28 30 30 3 42 27 14 20 38 23 44 61 47 56 45 43 27 9 15 29 58 57 30 46 20 27 15 40 18 48 44 15 41 27 33 49 13 3 35 6 15 31 40 40 7 40 30 26 47 34 42 20 35 10 47 41 24 24 36 44 61 37 41 12 17 32 23 14 40 19 47 56 35 19 15 48 27 42 36 11 46 54
60 47 15 75 46 51 33 54 57 44 25 20 62 54 3 28 63 53 41 37 33 57 40 27 44 55 17 43 52 39 53 55 32 57 18 56 40 7 43 23 47 58 37 31 9 55 25 57 69 9 44 71 68 35 55 30 44 65 43 17 28 51 10 45 19 9 53 57 29 49 51 8 13 58 41 50 50 39 49 39 65 56 37 46 63 48 2 23 55 60 12 25 10 14 34 46 37 34 52 20 60 52 56 22 30 33 31 57 35 63 28 16 50 64 28 38 42 29 20 18 50 36 39 35 5 14 39 49 38 36 47 28 37 1 33 37 37 46 37 60 16 27 31 21 46 5 39 25 19 26 54 16 56 44 25 8 25 38 22 39 41 54 29 39 9 46 47 16 13 40 63 38 61 46 60 43 34 25 37 30 57 43 53 40 51 36 17 66 50 34 60 67 40 65 54 23 38 47 44 49 62 59 40 61 54 63 20 8 57 41 42 29 62 59 15 11 38 20 40 36 39 50 61 50 34 49 9 54 12 15 36 37 1 38 62 62 12 53 49 14 49 11 58 33 15 54 56 27 2 27 34 40 26 30 27 36 16 66 14 56 46 21 20 32 62 55 54 59 46 29 61 59 0 72 11 34 28 45 46 17 51 60 56 16 38 68 44 3 54 23 47 25 17 40 56 21 35 56 36 29 29 18 44 35 42 40 18 36 47 53 30 16 35 38 41 49 50 38 22 42 20 64 25 36 5 41 14 45 7 32 59 45 46 41 51 30 11 22 43 32 23 34 35 22 53 21 60 16 45 57 44 30 55 51 61 41 42 21 65 35 56 48 59 45 64 46 26 50 53 39 53 25 34 49 52 43 44 54 64 52 25 30 42 60 58 52 14 18 45 67 39 21 56 12 46 12 66 4 13 13 35 12 33 54 39 6 48 46 53 41 69 22 44 44 15 58 29 53 56 34 45 10 16 52 37 54 38 10 54 11 15 55 21 58 28 17 35 10 41 13 41 35 19 28 27 37 5 22 44 15 1 52 39 26 41 54 31 44 59 70 34 18 60 48 56 38 57 18 62 52 42 22 55 40 20 58 30 24 25 33 55 49 52 4 58 57 23 46 45 61 44 60 23 16 68 39 32 49 30 47 61 25 64 55 37 55 29 64 22 34 41 14 33 50 64 51 53 33 24 36 46 33 16 8 30 32 64 73 43 57 62 21 42 14 5 35 47 69 24 51 23 48 65 52 25
60 58 83 4 26 22 52 21 15 57 59 72 20 38 69 53 11 58 39 38 59 15 34 46 31 18 56 52 20 52 54 36 54 48 75 28 54 71 36 49 59 14 47 56 74 38 69 58 3 76 36 4 4 48 24 46 40 15 45 59 53 31 67 28 69 63 39 18 55 38 24 68 59 14 32 50 51 34 60 55 13 21 55 51 9 24 70 55 23 12 63 54 78 75 48 27 45 58 29 73 14 27 17 59 50 39 61 38 47 15 54 60 43 8 54 37 61 48 57 59 57 62 50 56 67 58 34 31 34 45 54 44 54 71 41 35 36 42 38 26 56 58 49 53 40 72 36 48 53 48 49 59 30 42 49 71 47 47 60 37 33 46 56 37 65 26 36 57 59 35 20 61 18 29 13 32 53 52 41 43 55 30 53 56 25 37 56 12 24 52 31 6 35 9 18 52 51 42 35 30 16 21 32 15 20 16 67 68 52 49 30 50 23 54 61 76 42 59 54 38 46 30 15 58 38 33 65 19 75 63 38 48 72 55 21 10 73 33 29 68 59 71 29 39 79 33 17 63 71 55 48 40 52 44 67 43 63 8 74 21 41 56 63 44 12 31 22 14 60 55 19 14 72 0 65 46 55 36 33 56 47 59 49 67 46 11 34 70 26 69 37 47 55 44 24 58 57 27 55 46 45 57 28 37 49 57 55 56 33 30 53 56 38 62 48 29 23 41 52 30 53 21 47 42 68 39 58 49 69 51 52 48 51 44 23 44 63 68 49 43 49 49 38 55 23 52 13 62 54 21 35 54 18 25 16 50 40 53 7 59 17 33 36 42 8 32 46 25 20 43 49 57 50 47 27 36 46 53 14 45 58 49 30 58 22 22 61 58 42 7 44 62 18 80 43 62 7 72 71 78 37 66 47 31 60 71 41 32 36 47 6 55 34 28 74 31 44 25 59 44 51 73 77 25 39 21 56 75 40 68 67 39 59 23 58 55 43 66 60 63 45 37 54 49 49 39 73 51 43 65 71 26 42 46 47 25 64 29 22 8 41 63 16 33 32 39 16 54 26 27 33 50 26 50 71 49 64 55 53 40 22 28 32 70 60 31 56 28 40 16 45 18 61 57 9 48 40 37 58 25 11 48 9 20 40 43 53 8 54 43 35 58 44 46 18 39 20 55 52 38 31 45 56 73 47 50 10 4 38 25 14 51 33 60 68 44 32 7 57 31 56 40 8 50 63
50 49 18 68 41 44 22 49 50 34 28 14 54 44 9 19 58 43 39 33 23 50 36 20 39 49 10 44 45 40 43 46 22 47 13 47 30 6 41 18 37 52 36 21 10 45 17 47 62 12 42 64 61 35 47 21 34 57 43 19 29 48 15 37 11 6 43 49 19 47 43 4 8 53 34 40 40 34 39 41 58 48 27 36 56 42 10 13 46 54 14 15 14 12 34 40 37 36 49 14 54 43 49 12 20 26 22 47 25 55 17 18 40 57 29 34 32 28 10 9 40 26 29 38 8 9 33 45 32 26 37 23 38 11 25 31 31 45 34 51 13 29 21 19 45 8 36 18 13 23 44 6 47 34 23 6 21 38 26 36 37 45 19 35 3 40 37 9 8 32 55 29 53 38 54 39 35 25 28 23 47 38 43 30 47 31 9 58 43 24 51 61 36 59 48 21 28 37 35 40 54 51 34 55 47 55 12 4 47 42 35 29 53 49 6 11 36 9 41 32 38 42 55 40 29 40 13 47 11 5 28 27 12 40 53 56 9 44 40 7 39 7 49 27 15 45 51 18 9 28 24 38 26 22 18 27 20 59 11 51 45 22 11 30 56 45 46 51 37 30 53 53 11 65 0 34 29 36 37 17 40 50 46 8 37 60 41 11 46 15 44 18 13 40 48 10 25 47 26 20 20 18 37 28 43 30 17 26 44 44 19 12 29 28 32 45 43 28 20 36 18 55 19 26 6 32 10 46 14 23 49 46 36 41 46 22 3 14 33 24 17 24 27 12 48 18 53 6 46 52 35 20 48 43 54 42 33 13 58 25 49 45 50 35 58 38 19 42 46 29 43 15 24 38 43 34 34 44 56 42 15 29 35 50 49 44 5 8 44 60 39 24 48 15 36 13 59 9 9 14 30 4 23 45 30 7 47 43 44 41 62 22 40 37 12 49 25 48 46 25 35 9 14 47 33 49 41 10 44 5 7 45 11 50 31 11 26 15 32 2 31 28 12 19 18 28 9 18 43 19 10 48 30 21 42 50 22 37 50 62 30 22 55 39 47 30 51 12 53 48 38 16 47 30 13 48 21 15 15 28 51 44 43 7 48 48 14 38 44 53 34 52 26 15 60 29 27 40 20 41 55 21 57 47 28 45 30 58 22 32 32 7 24 41 56 41 46 23 15 32 37 24 13 8 21 22 56 66 33 48 54 14 38 15 11 26 44 61 14 42 24 38 58 42 16
66 20 48 50 22 31 40 26 33 53 14 47 46 49 33 37 37 60 8 11 45 36 15 23 17 29 25 13 29 10 58 49 41 57 47 44 48 37 11 19 57 33 4 41 41 50 47 63 44 42 12 48 43 3 41 30 41 46 9 18 8 19 26 29 43 29 49 38 39 15 34 36 26 33 26 53 54 16 58 12 46 40 46 50 39 24 33 33 40 35 23 34 44 45 2 23 4 13 20 47 33 38 37 36 35 20 46 51 37 44 37 19 48 40 8 11 53 7 33 33 57 50 44 12 30 26 19 17 20 37 54 15 10 33 26 18 17 12 10 47 21 12 35 15 13 37 11 23 23 12 55 31 45 42 12 38 16 5 15 10 14 54 40 10 32 25 40 27 26 32 47 51 44 32 34 16 8 10 33 25 61 17 57 49 22 15 27 46 33 41 50 41 12 38 30 13 43 45 36 38 44 43 22 32 36 45 43 35 59 9 24 6 47 62 33 43 5 34 12 11 6 39 33 58 17 41 26 30 43 35 28 40 35 12 46 38 42 45 37 40 58 40 47 17 47 46 30 45 35 10 37 8 9 25 47 34 20 39 44 27 12 14 39 6 35 45 37 38 56 9 44 33 34 46 34 0 9 38 37 18 52 66 57 40 5 48 13 32 41 46 13 22 22 7 42 35 46 44 45 29 26 17 25 24 10 50 18 46 15 43 38 23 19 51 44 18 32 34 14 21 16 48 20 33 33 36 24 13 29 39 61 13 51 8 24 26 31 45 47 29 21 38 25 31 24 17 37 35 15 27 37 39 32 36 43 10 39 27 41 47 36 16 52 43 39 36 24 35 34 38 54 37 39 50 40 35 45 58 45 51 38 5 22 65 42 34 31 31 11 45 6 17 37 46 45 23 43 37 42 45 15 36 35 44 52 37 14 15 47 8 46 13 13 26 45 49 13 23 63 34 49 41 47 22 10 26 13 42 50 38 40 50 36 43 12 24 34 25 53 34 42 23 24 32 31 30 38 17 10 22 34 22 37 16 9 24 49 28 43 48 10 20 31 39 47 33 31 24 49 21 14 22 42 45 46 58 47 35 32 14 26 19 43 34 65 48 35 31 12 42 44 43 16 20 46 42 16 44 43 25 36 14 39 37 32 52 8 40 13 5 31 28 31 51 47 47 32 42 30 12 35 33 21 39 31 37 42 49 38 43 41 22 15 20 30 34 16 46 37 41 12 45 42 54 43
68 20 42 58 30 38 40 34 41 54 5 43 53 53 27 37 45 62 17 18 45 43 22 24 25 37 22 15 37 11 60 53 41 60 42 49 49 32 20 18 58 41 10 41 35 54 45 65 52 36 20 56 51 8 47 31 44 53 16 11 2 28 19 35 39 24 52 45 38 23 41 31 21 41 31 55 56 23 59 12 53 47 46 52 47 32 27 32 46 43 17 33 38 40 8 30 12 8 29 42 41 44 44 34 35 24 45 56 38 51 37 12 51 48 1 18 54 9 31 31 59 49 45 9 24 22 25 26 26 39 55 17 10 27 29 24 23 19 17 53 18 4 36 13 20 32 19 23 21 12 58 28 51 45 11 33 16 11 7 18 22 57 40 18 27 32 45 24 23 36 54 51 51 37 43 24 6 6 36 27 64 25 59 50 30 21 24 53 40 42 56 50 20 47 38 10 44 48 40 43 51 50 28 41 43 52 40 30 62 14 30 5 54 65 30 37 14 32 13 18 12 45 41 59 22 46 20 37 38 31 31 42 28 11 53 46 37 50 42 35 59 35 53 21 42 50 38 43 29 1 38 16 5 27 45 37 12 48 39 35 20 8 37 12 44 50 44 45 57 2 50 41 28 55 29 9 0 42 41 13 54 68 60 36 11 55 22 25 47 43 22 23 18 14 48 33 46 49 46 30 28 12 32 28 15 50 13 47 24 48 38 19 23 51 46 27 38 37 12 28 12 55 20 35 28 39 19 18 22 39 64 18 53 15 32 28 26 42 48 31 20 39 28 30 33 15 44 32 18 35 41 39 39 42 50 14 42 25 49 47 43 25 57 46 47 41 25 41 41 40 57 36 39 53 45 39 47 60 52 54 37 7 29 67 49 41 27 29 19 53 13 9 44 40 48 18 51 31 37 40 21 32 36 49 52 31 21 24 51 13 54 8 21 33 40 54 15 31 65 36 51 36 42 31 17 35 12 36 54 33 36 54 34 50 5 21 36 18 53 30 44 27 22 32 31 34 32 15 17 14 28 31 40 17 14 32 47 34 50 56 15 12 40 44 52 36 39 22 55 30 22 21 48 46 42 61 46 34 32 19 34 27 48 29 67 53 34 37 20 49 47 50 8 15 53 43 20 48 42 32 44 14 47 43 35 56 2 48 9 12 35 24 33 54 54 51 39 42 30 19 40 35 17 33 33 37 49 57 41 49 49 21 22 15 24 37 24 54 35 46 6 48 50 57 41
31 57 52 38 23 18 18 30 24 23 45 39 20 11 43 20 33 26 37 29 24 22 27 21 28 27 30 50 21 47 22 12 20 20 43 11 19 42 35 27 26 26 41 21 44 12 35 28 33 47 36 34 33 40 13 16 5 24 44 40 40 37 45 13 36 36 11 18 21 43 13 39 34 29 14 18 19 25 27 50 25 15 20 17 28 22 44 24 13 28 41 22 49 44 40 22 39 49 38 40 31 9 19 27 17 19 27 14 13 22 21 40 11 28 41 30 26 35 27 28 24 26 15 49 41 32 21 35 19 11 21 26 48 45 15 20 22 43 30 16 33 45 16 33 42 44 29 22 28 31 19 30 11 7 32 41 27 42 45 32 27 17 22 30 37 19 3 30 33 7 20 25 20 10 29 28 45 37 9 17 25 25 22 21 31 24 29 26 13 18 16 33 29 33 25 34 16 9 3 6 22 17 18 34 17 21 35 39 23 46 17 38 18 25 31 45 36 28 50 28 42 7 33 25 22 5 42 24 44 33 12 14 46 49 19 28 42 9 7 37 26 40 13 22 48 10 29 29 44 42 14 36 37 18 33 9 44 33 42 33 42 39 30 33 32 10 14 22 26 44 19 30 45 36 36 38 42 0 3 36 15 30 20 35 41 28 34 44 11 36 39 23 32 41 13 27 22 12 20 17 18 38 17 15 47 22 35 21 35 9 20 32 20 27 13 33 16 8 33 20 34 20 24 10 40 5 34 49 45 17 24 48 18 42 28 16 35 35 15 14 26 15 14 24 31 31 25 32 53 35 2 20 23 12 21 47 5 25 30 24 20 37 16 8 31 4 20 12 18 8 18 24 15 14 9 4 11 22 23 14 25 37 18 29 15 15 32 28 42 29 40 45 18 50 9 39 29 44 40 48 24 36 14 9 25 43 44 34 10 44 31 37 33 15 42 14 27 33 28 12 17 43 46 32 30 31 51 45 12 39 36 13 27 15 46 30 10 44 25 34 10 16 28 18 19 10 45 30 42 45 44 33 8 26 45 35 30 13 16 31 29 45 34 3 12 7 28 29 17 34 30 25 12 15 38 21 29 23 22 25 33 31 8 43 30 13 24 11 41 21 10 19 46 35 29 13 23 6 23 21 30 29 30 16 9 15 42 30 36 34 8 31 13 14 22 9 20 20 22 27 6 13 33 43 15 16 26 36 3 13 22 27 28 39 43 11 34 30 25 6 40 8 28 18 29
33 55 54 35 20 15 20 27 21 26 45 42 18 13 44 22 30 29 35 27 26 19 25 21 25 24 30 48 18 46 25 13 22 22 44 10 22 43 33 26 29 23 39 24 46 14 38 31 30 48 34 31 30 39 10 17 8 21 42 40 39 35 45 10 38 37 13 15 23 40 10 41 34 26 12 20 21 23 30 48 23 13 23 20 25 19 45 26 10 25 41 24 50 45 39 19 37 48 35 42 28 7 16 28 19 18 29 15 15 20 23 39 14 25 40 28 29 33 28 30 27 29 18 48 41 33 19 32 17 13 24 25 47 46 15 19 20 41 29 14 33 44 18 33 39 45 28 23 28 30 21 31 11 10 31 43 27 40 44 30 25 19 25 28 38 17 5 31 34 6 18 28 18 7 26 26 43 36 10 17 28 23 24 24 28 22 30 24 10 20 15 30 27 30 22 34 19 12 3 3 19 15 16 31 14 19 37 40 25 44 15 37 17 28 32 47 34 29 48 27 40 5 30 28 20 5 42 21 46 34 11 16 47 48 17 25 44 9 4 39 29 42 13 21 50 10 26 31 45 41 16 34 37 18 35 11 44 30 44 30 40 39 32 31 29 9 11 19 29 43 17 27 46 33 37 37 41 3 0 35 18 32 23 37 40 25 32 45 9 38 37 23 32 39 11 29 24 10 23 18 18 38 14 14 45 25 34 24 33 8 22 32 19 30 16 30 13 10 33 18 34 19 23 11 41 7 34 47 45 19 26 46 21 40 25 17 36 37 18 14 26 17 14 26 28 31 22 33 51 32 3 23 20 9 19 45 8 26 27 26 17 34 16 11 28 1 21 9 15 11 21 26 18 17 7 4 14 25 20 17 27 36 16 31 13 12 33 30 40 26 39 45 15 51 12 39 26 45 42 50 22 38 15 8 28 44 42 31 11 42 29 37 31 13 44 13 26 30 31 13 20 45 48 29 28 28 49 46 14 40 38 14 29 13 45 30 12 44 28 35 13 15 28 19 20 10 46 30 40 45 45 30 10 26 43 32 32 10 14 28 27 45 31 3 12 8 25 29 16 31 27 26 10 18 40 23 32 25 23 23 30 29 8 44 32 13 25 8 39 18 13 17 45 35 26 15 22 8 26 18 27 29 27 13 9 17 41 27 36 32 7 32 14 17 20 11 17 22 23 25 3 14 34 45 17 18 23 33 6 11 20 27 26 39 44 13 32 28 27 5 39 10 25 21 32
58 33 31 59 31 36 29 37 41 43 13 30 50 46 16 25 48 51 24 20 33 43 24 16 27 39 10 28 37 24 50 47 30 51 30 45 38 20 26 9 47 42 21 30 24 47 32 55 53 25 27 56 53 19 43 22 36 51 27 5 13 34 11 32 26 11 45 43 27 32 38 19 9 43 27 46 46 23 48 25 52 44 35 42 48 32 16 20 42 45 7 22 27 28 18 30 21 21 35 30 44 40 42 22 25 19 33 49 29 49 25 4 43 49 13 21 42 12 18 19 48 37 35 22 13 9 23 32 23 29 45 13 22 17 22 22 21 29 20 49 5 14 26 4 30 20 23 14 10 9 49 15 46 37 8 21 10 22 11 22 25 49 28 22 14 31 38 11 10 29 51 39 48 33 44 27 19 8 28 20 54 27 50 39 34 20 12 52 37 31 50 52 23 49 39 6 34 40 34 38 49 47 26 44 41 50 27 18 53 26 27 13 50 56 17 26 21 20 25 20 23 40 44 49 19 40 10 38 26 19 24 32 18 24 50 47 25 44 38 23 49 22 48 18 30 45 40 31 18 12 28 23 9 19 32 28 9 50 26 39 29 6 24 15 46 44 41 44 46 14 48 43 17 56 17 18 13 36 35 0 45 58 51 23 22 54 27 15 43 30 30 14 6 24 44 20 35 45 35 20 19 3 30 23 27 39 1 35 30 43 27 7 20 39 37 32 37 29 5 27 3 51 12 27 16 32 7 30 13 29 55 29 43 25 35 20 14 29 39 23 11 29 23 18 37 6 45 19 30 40 35 28 39 38 48 26 34 14 50 35 42 31 51 38 49 36 16 37 39 32 48 24 29 44 41 33 38 51 50 46 25 14 27 57 45 38 14 16 28 53 23 11 42 29 39 6 51 19 25 28 19 20 26 43 40 20 31 29 45 25 55 6 27 30 28 48 13 36 54 27 41 24 30 35 20 38 25 25 46 21 23 47 21 46 16 9 27 10 42 17 35 22 10 22 21 27 20 7 27 10 17 35 32 11 26 38 35 31 46 56 17 10 44 38 47 29 41 10 51 35 25 11 44 36 29 53 34 22 20 17 39 32 43 17 57 48 22 33 29 47 38 47 12 3 53 34 17 41 30 32 46 9 48 41 28 48 14 49 5 17 30 12 24 45 51 43 38 31 19 20 35 26 4 22 23 27 49 58 34 45 48 10 25 4 14 28 30 54 23 40 8 41 50 48 29
16 71 54 48 38 32 18 44 38 13 57 39 28 10 49 23 46 12 51 43 21 35 41 31 42 41 38 63 35 61 8 12 20 7 43 20 13 46 50 37 13 40 54 21 47 10 33 13 45 50 50 44 45 54 23 24 11 33 58 50 53 52 52 27 37 43 9 31 23 57 26 44 41 42 29 4 5 39 14 63 35 26 15 6 41 37 50 29 25 41 49 27 51 45 53 37 53 62 52 40 44 22 32 30 22 32 23 11 17 33 23 49 5 40 53 44 17 47 32 33 11 21 13 62 47 39 35 49 33 17 9 38 61 51 26 34 36 57 44 22 41 56 21 43 56 48 44 32 36 43 4 36 18 10 44 45 39 56 56 46 42 5 23 44 43 34 13 37 40 21 28 18 30 25 42 43 58 49 19 27 10 40 7 14 46 38 36 36 27 18 18 45 43 46 39 46 14 7 17 19 32 27 33 48 30 31 35 44 8 60 32 50 25 11 36 47 50 31 63 42 56 19 46 12 35 15 49 38 46 37 25 15 52 63 27 41 44 15 20 39 13 43 18 35 49 15 43 27 49 54 18 50 49 28 30 18 53 46 44 47 57 50 32 46 45 17 27 35 14 56 29 43 51 47 40 52 54 15 18 45 0 15 6 37 55 37 49 51 21 35 54 33 40 55 24 30 18 21 16 26 27 48 31 28 61 15 45 17 50 17 21 40 34 20 10 48 30 18 44 35 44 28 34 19 46 16 42 63 52 19 10 62 7 56 43 27 41 34 9 24 35 18 27 30 46 41 38 36 66 49 17 22 36 25 32 61 13 33 42 19 33 51 14 9 44 19 30 25 31 14 3 27 18 2 21 18 8 7 33 3 27 50 33 14 26 28 38 34 57 40 54 56 31 52 8 47 41 49 42 50 37 40 19 17 18 47 59 48 12 58 42 48 48 30 43 18 40 48 13 19 7 46 46 47 44 45 64 47 8 42 38 9 31 25 58 38 19 52 16 38 11 29 36 24 25 22 49 40 56 54 50 48 15 38 58 49 26 28 26 40 42 55 48 16 16 20 41 37 23 48 44 35 22 12 37 8 26 27 27 38 47 46 15 47 15 16 28 26 55 32 8 30 56 44 39 13 36 11 22 36 43 41 43 29 20 6 54 43 47 47 22 38 22 1 30 8 33 19 28 41 20 20 43 47 23 20 38 46 15 23 34 36 43 48 50 18 49 41 28 17 51 8 40 4 29
1 85 61 59 52 46 29 58 52 17 70 45 40 22 58 33 59 8 65 57 28 48 55 44 57 55 49 78 49 75 8 24 29 12 49 32 21 54 64 50 13 54 68 30 55 22 39 3 57 58 65 56 57 68 36 37 25 45 72 62 66 66 63 42 44 53 21 44 32 72 40 52 52 56 43 13 13 53 13 77 47 39 24 16 53 51 59 39 38 54 61 37 59 52 67 51 67 75 67 46 58 35 45 39 34 46 30 22 30 45 34 61 19 53 67 58 19 61 42 43 11 26 23 76 57 51 50 64 48 30 13 52 75 60 40 49 50 72 59 34 53 70 33 56 70 56 58 45 48 56 12 46 30 24 57 53 52 70 68 60 56 14 32 59 52 48 28 48 51 35 40 23 42 39 55 57 71 62 33 41 5 55 9 20 60 52 48 48 41 28 28 58 58 59 53 59 24 21 32 33 44 39 47 61 43 43 42 53 8 74 46 64 37 5 45 55 64 41 77 56 70 32 60 11 49 29 60 52 54 46 39 27 61 76 39 53 52 27 34 47 11 51 30 49 56 27 57 34 59 67 30 64 63 42 35 32 65 58 51 61 71 63 40 60 58 29 40 48 14 69 41 57 60 59 50 66 68 30 32 58 15 0 10 45 69 48 63 61 34 40 68 46 52 69 36 40 25 33 25 39 40 60 46 42 75 21 57 24 64 31 32 52 48 23 22 62 44 32 57 50 57 38 48 33 55 30 53 77 62 30 7 76 16 70 57 40 51 41 20 37 48 30 42 41 60 54 51 45 80 63 31 32 50 39 44 75 28 44 55 26 46 66 23 23 56 33 44 39 45 28 12 36 29 16 34 32 21 8 45 16 36 64 47 1 38 42 48 44 71 52 68 68 44 59 22 58 53 57 50 57 51 48 32 29 22 55 73 63 24 72 54 61 62 44 50 29 54 62 4 33 17 54 53 61 58 59 78 55 20 50 46 21 40 37 72 50 32 63 20 48 25 44 48 36 38 36 57 53 71 65 59 62 29 51 73 64 30 42 38 51 56 67 62 30 28 34 55 49 33 63 59 48 34 22 43 11 32 37 38 52 61 61 29 57 3 28 38 40 70 44 22 42 69 56 51 25 50 25 30 50 56 54 55 42 34 17 68 55 60 61 36 49 35 16 42 22 47 28 40 55 34 33 55 55 36 31 50 57 29 35 46 48 57 60 60 32 63 53 37 30 64 22 52 12 36
11 76 58 51 43 36 24 49 42 15 63 43 31 13 54 28 50 9 56 49 25 39 47 37 48 45 43 69 39 67 5 15 25 3 47 23 17 50 55 43 14 44 60 25 52 13 37 9 48 55 56 47 48 60 27 30 17 36 63 55 58 57 58 32 41 48 12 34 28 63 31 49 47 46 34 6 7 44 14 69 38 30 20 10 44 42 55 34 28 45 55 32 56 49 59 42 59 68 57 44 48 26 35 35 27 38 27 13 23 36 29 55 10 44 59 49 19 53 37 38 10 24 18 68 52 45 41 55 39 22 10 44 67 56 32 40 42 63 50 25 47 62 26 49 62 52 49 38 42 49 3 41 21 15 49 50 44 61 61 51 47 5 27 50 48 39 19 43 46 27 31 21 33 30 46 48 64 55 25 33 6 45 5 17 51 44 42 39 32 23 20 49 49 49 43 51 19 13 23 24 35 30 38 52 34 33 39 49 3 66 37 56 28 5 41 52 56 37 69 48 61 23 50 11 41 19 55 42 51 42 30 20 57 68 30 44 49 18 25 44 13 48 20 41 53 18 47 31 55 60 24 56 55 34 34 24 59 49 48 52 62 56 37 52 49 20 31 38 15 62 32 47 56 49 46 57 60 20 23 51 6 10 0 42 61 40 54 56 25 39 59 39 46 61 27 36 22 24 21 31 33 53 37 34 66 18 50 21 55 21 27 46 39 22 15 53 34 24 50 40 50 30 40 25 51 22 47 68 57 24 4 68 11 61 47 33 46 38 14 30 41 23 33 35 51 47 41 41 72 54 22 27 41 29 35 66 19 38 46 23 37 57 15 15 47 24 36 30 35 20 4 32 23 8 25 23 13 4 35 7 32 56 38 9 29 32 43 39 62 42 60 61 34 56 13 52 44 54 47 54 43 44 25 20 20 51 64 54 15 63 45 54 53 35 47 20 46 52 10 25 11 51 51 51 49 50 70 52 11 47 43 12 36 28 64 44 25 57 18 44 17 35 42 30 31 28 53 46 62 59 55 53 21 44 64 54 29 33 29 43 48 60 52 21 19 25 46 43 25 53 50 41 25 17 41 3 30 32 32 44 52 51 19 53 11 18 33 31 61 35 14 33 62 50 42 18 42 15 27 41 47 47 46 33 25 8 60 46 53 53 27 43 28 7 33 13 38 23 34 46 25 26 48 52 29 25 41 49 20 26 37 41 48 53 55 24 54 44 33 21 57 13 43 4 33
45 56 18 69 44 45 19 52 52 29 35 7 54 42 15 16 60 38 45 38 18 52 40 22 44 52 15 51 47 47 39 44 18 43 9 46 26 10 46 23 32 54 43 17 11 43 10 42 64 14 47 66 63 41 47 21 33 57 49 26 35 53 22 39 4 13 41 50 15 53 44 9 15 55 36 36 36 38 33 47 58 49 23 32 58 45 16 12 47 56 22 13 15 9 40 43 43 43 54 8 57 43 50 9 19 29 16 45 23 56 15 25 37 59 36 39 26 34 10 9 35 20 25 45 15 15 36 50 35 25 33 28 45 17 26 34 35 50 39 50 19 36 19 25 51 12 40 21 18 28 40 10 46 32 29 9 26 44 33 41 41 41 15 40 10 42 36 13 14 32 55 23 54 39 56 43 42 31 28 24 43 42 38 26 50 35 14 59 44 20 50 63 41 61 51 28 24 34 34 40 55 51 37 59 48 55 5 9 43 48 38 35 53 45 8 11 42 8 48 37 45 41 58 35 32 39 20 50 10 5 29 24 17 46 53 58 8 43 40 2 34 6 48 31 14 43 54 12 15 35 22 44 32 24 11 26 27 62 8 55 51 29 6 36 59 44 46 53 31 37 53 56 16 67 8 40 36 35 37 23 37 45 42 0 44 61 46 18 45 8 50 22 19 46 48 9 20 47 22 21 22 25 40 30 49 25 23 21 48 43 17 18 32 22 28 49 45 28 26 39 25 55 23 26 12 31 17 52 20 20 45 52 32 47 50 24 10 7 29 25 21 22 29 13 52 24 55 6 53 56 35 16 50 44 54 48 31 15 60 20 50 50 48 33 60 38 22 43 47 28 39 12 21 35 43 33 31 39 56 38 11 36 38 45 50 45 10 10 49 61 45 31 49 15 33 20 61 13 6 13 34 5 22 44 24 11 52 48 42 47 64 28 45 39 8 48 30 52 41 24 31 10 11 51 38 53 48 11 42 6 1 43 8 50 38 16 25 23 26 7 28 31 17 18 18 29 13 23 49 26 15 52 28 26 48 54 16 38 50 63 35 29 58 38 46 30 54 17 52 52 43 20 46 26 7 44 14 13 15 33 54 49 42 13 43 47 12 39 50 54 31 53 33 21 61 26 31 38 16 44 58 27 59 48 28 42 37 60 28 38 33 13 24 37 56 39 48 19 15 36 37 23 20 11 21 20 58 68 32 48 55 19 42 22 18 25 49 63 11 41 31 36 59 38 10
70 16 52 50 24 32 44 26 33 57 15 51 48 52 36 41 36 64 8 13 49 37 16 27 18 30 29 9 31 7 61 52 45 60 50 46 52 41 11 23 61 34 1 45 45 53 51 67 44 45 11 48 43 4 43 34 44 47 6 21 10 17 30 31 47 33 52 39 43 12 37 40 29 33 28 56 57 18 62 10 47 42 50 54 40 26 37 37 42 36 26 38 48 49 5 24 3 12 19 51 33 41 38 40 39 24 50 54 40 45 41 22 52 41 11 13 57 11 37 37 61 54 48 11 34 30 21 16 23 40 57 19 8 37 30 21 20 9 12 49 26 14 39 20 10 41 13 27 27 16 59 35 48 46 16 42 20 1 18 11 16 57 44 12 36 26 44 31 31 35 49 55 45 34 35 17 7 14 37 29 65 19 61 53 22 18 31 47 35 45 53 41 14 38 30 16 47 49 39 40 45 45 24 32 37 46 47 39 63 5 26 10 49 66 37 47 6 39 9 14 1 42 33 62 20 44 30 31 47 39 31 44 38 10 48 39 46 48 40 44 62 44 50 20 51 48 30 49 39 12 41 7 13 29 51 38 23 39 48 26 9 17 43 10 35 47 39 39 60 11 45 33 38 46 37 5 11 41 40 22 55 69 61 44 0 49 13 35 44 50 11 26 26 3 44 39 50 46 49 32 30 21 27 27 6 53 22 50 14 45 42 27 22 56 48 18 34 38 19 23 19 50 24 37 37 39 27 9 32 43 64 9 54 4 25 30 34 49 50 33 25 42 28 35 24 21 37 39 12 26 40 43 33 38 44 6 42 31 41 51 37 15 55 47 39 39 28 37 35 42 58 41 42 54 42 38 49 61 46 54 42 8 25 68 44 36 35 35 8 46 3 20 38 50 48 27 44 40 46 49 18 41 39 47 56 41 10 15 50 4 47 17 13 29 49 51 17 22 66 38 53 45 51 22 12 26 11 46 53 42 44 53 40 45 13 28 37 28 57 38 45 26 28 36 34 34 41 21 6 25 38 21 41 20 5 23 53 30 45 49 13 22 31 42 50 36 32 28 51 20 15 26 45 48 50 62 51 39 36 17 25 19 46 38 68 51 39 34 9 43 48 44 18 24 47 45 20 47 47 26 36 18 39 39 36 55 10 40 17 8 34 32 35 54 48 50 33 46 34 15 38 37 24 43 35 40 42 49 41 45 43 26 16 24 34 38 15 47 41 44 15 48 43 58 47
49 61 78 11 26 19 45 24 16 48 59 66 10 28 66 47 16 48 42 38 51 13 34 42 32 20 52 55 19 55 44 26 47 38 69 19 46 66 39 46 50 16 48 49 70 28 63 49 10 72 39 8 10 50 16 41 32 5 48 58 53 35 65 24 63 59 29 12 48 43 18 64 56 17 28 41 41 33 51 58 3 13 47 42 10 24 67 50 15 14 61 49 74 70 50 26 46 60 34 67 18 19 13 53 44 36 54 28 40 6 48 58 34 9 54 38 52 47 52 54 48 54 43 58 63 54 32 34 32 38 45 42 57 68 36 33 34 45 39 16 53 58 43 51 43 68 37 44 49 47 39 55 20 34 48 66 45 50 60 39 34 36 50 38 61 24 28 53 56 29 10 52 9 23 15 33 55 52 34 39 45 31 43 48 28 36 52 3 19 45 20 13 36 15 19 51 43 34 28 23 7 12 29 21 14 7 61 64 42 52 27 50 13 43 56 71 44 54 57 38 49 22 20 49 36 25 63 18 70 58 33 41 69 58 11 11 68 24 22 63 50 66 20 37 74 23 20 56 68 55 41 42 52 39 60 36 62 14 68 25 44 56 57 44 17 21 15 11 50 56 9 18 68 11 60 48 55 28 25 54 37 48 40 61 49 0 37 67 17 63 40 44 52 47 15 53 49 18 48 41 40 56 25 33 52 49 53 48 36 21 47 53 35 54 39 32 18 35 50 28 52 10 43 36 64 32 55 52 66 44 41 51 43 47 25 39 59 62 41 37 46 42 34 49 26 49 12 57 57 26 28 48 17 18 8 53 32 49 10 51 13 36 25 34 13 25 42 19 16 36 39 51 43 38 19 29 38 43 5 35 51 49 28 47 13 17 56 53 45 5 47 61 13 75 34 59 7 68 66 74 36 62 40 22 52 67 46 35 26 50 6 54 37 25 68 21 43 28 49 38 42 69 72 28 39 24 59 70 30 64 62 29 54 13 59 52 37 64 51 59 37 34 50 44 44 33 69 48 46 63 67 29 35 44 50 29 57 25 13 3 40 62 22 25 22 32 18 51 15 30 35 47 17 42 65 39 57 49 47 38 26 31 23 66 50 22 50 23 43 8 37 9 61 54 3 40 38 28 51 24 15 46 12 14 34 33 54 11 53 44 29 55 38 36 8 30 17 47 47 37 25 39 54 68 41 43 7 9 31 16 7 48 34 58 65 37 35 5 51 23 55 32 7 40 57
64 26 58 37 13 22 41 14 22 52 26 53 37 44 43 39 24 58 6 9 47 25 8 26 7 17 32 19 19 18 55 43 42 53 54 37 48 46 2 24 56 21 13 43 50 44 53 61 32 51 3 36 31 14 33 31 38 35 12 29 20 7 38 22 49 37 44 28 41 9 27 44 34 21 20 50 51 10 58 21 35 31 47 48 28 15 43 37 31 24 34 38 53 53 15 14 11 24 9 53 21 31 27 41 36 20 49 46 37 33 40 30 45 29 21 8 54 16 38 39 56 52 44 23 40 33 14 5 16 36 52 19 21 44 25 15 14 10 8 39 30 25 36 24 8 47 6 27 29 19 52 37 39 40 20 46 21 14 28 6 7 50 43 7 40 16 36 33 34 28 37 52 34 25 23 6 19 21 31 26 59 9 55 50 10 13 33 35 25 42 43 29 7 26 19 22 43 42 32 32 33 34 16 20 26 35 49 43 56 16 18 18 39 59 39 52 9 40 21 10 13 33 20 57 16 36 37 19 51 41 26 40 45 22 37 27 50 39 31 47 57 48 40 17 56 40 18 49 45 22 37 6 20 26 52 33 32 27 51 14 9 25 45 13 23 38 29 27 56 22 34 21 44 34 41 13 22 34 32 27 49 63 54 46 13 37 0 42 34 52 5 26 29 10 34 40 47 36 46 30 28 28 18 22 16 50 27 47 3 36 40 30 17 53 43 6 23 33 23 14 25 39 24 32 42 33 32 17 40 40 57 16 49 11 12 27 38 51 45 29 26 38 23 36 12 24 26 41 21 14 33 41 21 28 33 17 36 32 29 49 25 5 46 40 27 31 27 27 24 36 51 41 39 47 33 31 43 55 34 48 42 16 16 62 34 26 38 37 9 33 11 30 27 55 42 33 32 46 49 54 14 44 35 38 53 46 11 3 42 14 35 24 1 20 52 42 17 10 61 33 48 50 55 10 9 14 22 51 45 45 46 45 41 35 25 31 33 36 53 41 40 21 30 34 33 28 47 24 10 34 44 9 35 21 14 11 52 22 35 36 12 32 19 34 40 30 20 30 41 9 5 27 35 44 52 54 51 39 36 14 13 7 37 44 63 41 39 25 8 32 42 33 29 29 35 41 17 39 45 15 24 21 27 28 30 48 20 28 23 11 27 35 31 48 37 42 22 44 34 10 29 33 29 48 32 38 31 37 34 35 31 28 6 31 40 34 3 35 41 35 24 41 30 52 48
61 44 18 73 44 49 33 51 55 44 22 23 61 54 3 29 61 54 39 35 33 55 38 26 42 53 15 40 50 36 54 55 32 57 20 55 41 9 41 21 48 56 34 31 12 55 27 58 67 12 42 70 66 32 54 29 44 63 40 14 25 49 7 43 20 9 53 55 29 46 49 10 11 56 39 50 50 37 50 36 64 55 38 46 61 46 3 23 53 58 9 25 13 17 31 44 35 31 50 22 58 50 55 22 29 31 32 57 35 61 28 13 49 62 25 35 43 26 20 19 50 37 39 32 4 13 37 46 36 36 48 26 34 2 32 35 35 43 35 59 14 24 30 18 44 8 37 23 18 23 54 16 55 44 23 10 23 35 19 37 39 55 29 36 9 44 46 15 12 39 62 39 60 44 58 41 31 22 36 29 58 41 53 41 49 34 16 65 49 34 60 65 38 63 52 20 38 47 43 48 61 58 39 58 53 61 22 9 57 38 40 26 61 60 16 14 35 20 37 34 36 50 58 51 33 49 6 52 14 15 35 37 4 35 61 60 14 52 48 16 50 13 57 31 18 53 54 29 5 24 33 38 23 28 29 36 13 64 17 54 43 18 22 30 60 54 52 57 47 26 60 57 3 70 11 32 25 44 45 15 51 61 56 18 35 67 42 0 53 25 44 24 15 37 55 21 36 55 37 28 28 15 42 34 39 40 15 37 44 52 30 14 33 39 42 46 49 37 19 40 18 63 24 35 6 40 12 42 4 33 59 42 46 38 49 29 11 24 43 32 21 34 34 21 51 19 58 16 42 55 44 30 53 50 60 38 42 20 63 36 54 46 59 45 62 45 25 49 52 39 53 25 34 49 51 42 44 54 62 52 25 27 40 60 57 50 14 18 42 66 37 18 54 15 46 9 65 7 15 16 33 14 33 53 40 9 45 44 53 38 68 19 41 43 18 58 27 50 57 34 45 13 19 50 34 52 35 13 54 13 17 55 21 57 25 16 35 7 42 13 40 34 18 28 27 36 8 20 41 12 4 50 39 24 39 52 33 43 58 68 31 15 58 47 56 38 55 17 61 49 40 21 54 40 22 58 31 25 24 31 53 46 52 5 59 57 24 45 43 59 44 59 20 14 66 39 30 49 31 45 59 22 62 53 36 54 26 63 19 31 40 14 32 51 63 51 51 33 24 34 45 33 14 10 30 32 62 72 42 56 60 19 40 12 2 35 45 67 24 50 20 48 63 52 26
35 59 63 28 21 13 28 25 18 32 51 50 9 13 52 30 25 33 38 31 34 14 28 28 27 22 38 51 16 50 29 11 30 23 53 3 29 51 35 34 34 20 43 32 54 13 46 34 24 57 36 24 24 44 2 26 15 13 45 47 45 35 53 13 47 45 14 10 32 42 8 49 43 22 17 25 26 26 35 53 15 5 30 25 20 20 53 34 4 20 48 33 59 54 43 21 41 53 35 51 24 3 11 37 28 25 37 14 23 12 32 47 18 19 46 32 35 39 37 38 32 37 26 53 50 41 23 33 22 22 29 31 51 54 22 24 25 43 32 6 41 50 27 40 42 53 31 31 36 37 24 40 5 17 38 51 34 45 51 33 28 21 33 32 47 18 11 39 42 14 10 35 9 11 21 28 48 43 19 25 30 26 28 31 28 27 38 16 9 28 10 24 30 25 19 40 26 17 12 6 11 6 20 27 9 11 45 49 27 48 18 42 8 30 41 55 38 38 52 31 44 5 26 33 26 8 50 19 55 43 19 24 55 52 8 20 52 8 6 47 34 50 7 27 59 8 23 40 54 47 25 37 43 25 43 20 51 25 53 28 42 45 41 36 24 6 6 14 34 48 9 23 54 26 46 41 47 11 9 43 21 34 25 45 44 17 34 53 0 46 39 30 40 43 3 37 32 3 31 26 26 45 17 21 48 32 42 31 34 4 30 40 25 37 22 31 11 18 40 21 41 10 31 20 50 15 42 50 53 27 28 49 26 43 25 25 44 46 24 22 33 25 21 34 28 38 17 42 54 30 11 31 17 6 11 49 15 34 21 34 12 35 13 17 23 9 29 7 11 19 24 35 26 22 3 13 21 28 13 20 35 41 19 33 5 9 42 38 43 19 42 51 10 60 17 47 20 54 51 58 27 46 24 6 35 52 44 33 11 46 21 43 33 15 53 8 33 30 34 22 25 53 56 29 32 26 54 55 15 49 46 14 38 5 51 38 20 51 34 44 20 22 36 28 28 18 54 37 43 52 53 30 18 33 46 31 40 14 5 20 32 52 28 8 8 17 22 37 8 31 30 33 1 25 49 25 40 33 32 29 29 30 6 52 35 8 34 11 41 11 20 9 52 42 19 23 28 12 34 19 22 36 22 8 18 18 46 22 42 37 14 40 22 20 11 13 14 30 31 30 9 23 41 53 25 27 17 26 14 3 13 35 29 46 52 21 33 20 35 6 46 15 19 25 40
41 63 21 72 48 48 19 56 56 25 43 5 55 41 22 17 64 34 51 44 14 54 45 27 48 56 22 57 51 53 35 43 17 40 9 47 23 16 52 29 27 57 49 15 15 42 3 37 67 18 53 68 66 47 48 24 33 59 55 33 42 58 30 42 5 20 40 52 15 59 46 15 22 59 39 33 33 43 29 54 60 50 20 29 61 49 23 15 48 59 29 16 19 12 46 47 49 50 59 6 61 44 52 12 20 33 12 44 24 57 15 32 35 62 43 45 21 40 15 13 31 16 23 52 22 21 41 55 39 25 29 34 52 23 30 39 39 57 45 51 25 43 20 31 57 18 46 26 24 35 37 16 46 31 35 15 32 50 40 47 46 39 14 46 18 46 37 20 21 34 56 19 55 41 60 48 49 38 29 28 39 47 35 22 55 40 20 61 46 19 49 66 46 64 54 34 22 33 35 41 57 52 41 63 50 56 4 16 39 55 41 41 54 41 14 15 48 13 55 43 51 42 62 31 37 39 27 53 14 12 32 23 24 53 54 61 12 43 42 9 29 12 48 36 16 43 58 8 21 42 22 50 39 28 5 28 35 65 11 59 57 36 8 42 62 45 48 55 26 44 54 60 23 69 15 46 43 36 38 30 35 40 39 8 50 63 52 25 46 0 56 27 25 52 49 13 18 47 19 24 26 32 43 34 56 21 30 19 54 44 17 24 36 17 27 54 47 29 32 44 32 56 29 28 19 32 24 59 27 20 41 58 29 53 54 27 17 1 27 27 26 22 33 17 57 30 57 12 60 61 36 16 53 45 56 55 32 21 63 16 53 56 47 32 63 39 26 45 50 28 36 13 21 33 44 35 29 36 58 36 12 42 42 41 51 47 16 16 56 64 51 39 52 19 32 27 63 19 10 17 39 12 23 44 20 17 59 53 42 53 66 35 51 43 10 48 35 57 36 25 28 14 13 56 44 57 55 15 40 13 8 42 12 51 45 23 27 30 22 14 28 34 23 21 21 31 19 30 55 34 22 57 29 31 54 59 10 41 51 65 41 36 62 39 45 31 57 23 52 57 48 25 47 24 3 41 10 15 18 38 59 53 42 20 39 46 14 42 56 55 30 54 40 28 63 25 36 38 14 48 61 33 62 50 30 40 44 63 35 44 35 19 26 35 57 38 51 17 19 42 39 25 27 16 23 20 60 70 33 49 57 25 47 30 25 26 54 65 13 42 38 35 62 35 7
69 22 60 40 18 26 45 17 25 57 26 57 41 49 45 43 27 63 6 13 52 29 13 30 12 21 35 15 24 16 60 48 47 58 57 41 52 49 5 28 61 25 12 48 53 49 57 66 35 54 4 38 34 14 37 36 43 39 9 31 20 7 39 27 53 40 49 32 45 4 31 47 37 24 25 55 56 15 63 19 39 36 51 53 31 19 45 42 36 27 35 42 56 56 15 18 10 22 8 57 23 36 31 45 41 25 53 51 41 37 44 31 50 32 21 12 59 18 41 43 61 56 48 21 42 36 19 7 21 41 57 22 19 46 30 20 19 6 12 44 33 25 41 27 4 49 11 31 33 22 57 41 43 45 22 49 25 12 28 10 12 55 47 11 43 21 41 37 37 33 42 57 38 30 26 11 18 22 36 31 64 14 60 54 13 17 37 38 30 47 48 32 11 29 22 24 48 47 37 37 37 39 21 22 31 39 53 46 61 13 23 19 43 64 43 55 9 43 18 14 11 38 23 62 20 41 39 23 54 45 30 45 47 19 41 30 53 44 36 50 62 51 45 21 59 44 21 53 47 22 42 7 22 30 56 38 33 30 55 17 5 27 48 15 26 43 33 31 61 22 39 24 47 37 44 13 22 39 37 30 54 68 59 50 11 40 5 44 39 56 0 30 32 9 38 44 52 41 51 34 32 30 23 27 13 55 29 52 5 41 45 33 22 58 48 9 28 38 26 19 27 43 28 37 45 38 35 13 42 44 62 12 54 8 16 32 41 55 50 33 30 43 28 40 15 27 29 45 18 16 38 46 25 33 37 14 41 35 32 53 30 4 51 45 29 36 31 32 29 41 56 45 44 52 38 36 48 60 38 53 46 17 21 67 38 30 41 41 5 37 9 30 31 58 47 35 35 49 52 57 18 47 40 42 57 49 6 6 46 11 38 26 6 25 55 46 21 12 66 38 53 52 58 13 13 17 20 54 50 49 50 50 45 39 24 34 38 38 58 44 45 26 34 38 37 33 50 27 7 35 46 11 40 25 11 13 56 27 39 40 15 33 21 39 45 35 23 34 45 10 10 31 39 49 56 59 55 43 40 19 16 10 42 46 68 46 43 29 3 36 47 37 29 31 38 46 21 44 50 20 27 24 30 32 35 53 20 31 25 13 32 38 36 53 41 47 26 48 38 15 34 38 32 51 37 42 34 40 39 40 35 32 11 33 43 39 6 38 45 40 25 46 34 57 52
46 41 36 50 23 26 18 31 32 32 25 28 38 33 23 15 40 40 25 17 24 33 19 2 22 31 9 34 27 31 38 34 19 39 30 32 27 24 26 5 36 34 25 20 28 34 28 43 44 29 27 47 44 24 31 9 23 40 30 18 21 32 23 20 24 16 32 32 17 33 26 22 13 35 16 33 34 17 37 33 41 32 25 30 39 24 24 13 30 36 19 13 32 29 23 22 24 30 33 29 36 27 32 15 13 8 25 36 16 38 16 18 30 39 22 18 32 16 13 14 37 28 23 31 20 11 15 29 14 17 33 8 30 25 9 13 13 31 19 36 11 24 14 11 31 25 20 1 6 11 36 13 33 24 12 24 7 26 23 21 20 36 19 19 18 22 25 10 13 17 39 30 37 21 36 22 27 17 15 6 42 21 37 28 29 14 10 41 26 20 38 43 20 41 30 14 22 27 20 25 38 35 16 38 30 38 24 21 40 31 17 19 38 43 15 29 22 15 33 16 27 27 37 37 11 26 20 30 29 17 12 20 26 32 37 38 27 30 25 22 37 24 35 10 33 31 33 24 25 22 16 24 18 5 27 15 22 42 28 34 31 18 20 17 38 32 29 34 35 24 36 35 25 47 18 22 23 23 23 14 33 46 39 22 26 44 26 24 30 27 30 0 10 27 32 15 24 32 24 8 6 16 20 11 32 28 13 25 28 30 17 10 11 30 24 28 26 16 12 19 12 39 3 14 21 19 12 35 24 18 42 34 30 28 29 7 16 26 26 10 3 17 10 10 31 9 35 17 37 35 21 17 30 26 37 31 21 7 41 26 31 30 38 25 40 23 3 26 29 19 35 16 17 31 28 19 26 38 39 33 17 19 18 45 33 27 14 12 30 43 26 24 31 33 26 17 42 25 26 32 13 20 14 31 30 25 33 27 32 29 45 16 25 20 28 36 10 31 43 14 29 27 31 30 18 32 33 28 33 22 22 34 16 34 26 9 14 22 31 17 22 10 7 10 9 13 26 8 30 23 24 31 19 6 30 33 27 19 34 45 15 23 37 25 34 16 33 8 38 31 22 4 31 24 27 40 26 14 11 12 33 27 30 23 45 35 14 22 30 36 25 36 24 12 43 21 10 28 21 23 37 9 39 30 15 35 22 40 15 19 17 12 11 32 39 30 28 21 9 16 22 13 12 26 10 15 39 49 21 33 37 5 21 16 22 15 28 44 16 28 19 27 40 35 23
53 38 29 58 30 35 24 38 40 37 19 26 47 42 15 20 47 46 27 22 27 41 24 12 28 39 4 33 35 29 45 43 24 46 26 41 32 17 29 7 41 42 25 24 21 43 27 50 53 22 30 55 52 23 40 17 32 49 31 10 18 36 14 29 22 9 41 41 21 35 35 15 5 42 25 40 41 23 43 30 50 41 30 37 47 32 15 15 39 44 9 16 25 24 22 29 24 26 37 26 44 37 40 16 19 17 28 45 24 47 20 9 38 48 18 22 37 15 13 13 43 32 30 27 12 4 22 33 22 24 39 12 27 16 18 20 20 33 22 45 1 19 20 7 33 18 24 10 5 11 44 10 42 32 11 18 9 26 17 24 25 44 22 23 11 30 33 6 6 26 48 34 46 30 44 27 24 13 24 16 49 27 44 34 35 20 6 50 35 25 47 51 24 49 38 10 29 35 30 34 47 44 24 45 39 47 22 14 48 30 26 17 47 50 12 23 24 14 30 21 27 36 44 43 18 36 11 37 23 14 21 26 18 29 47 46 21 40 34 18 43 19 44 17 27 41 40 25 17 17 23 26 14 15 27 24 13 49 23 40 33 12 19 18 46 41 38 43 40 20 45 43 17 55 13 22 18 32 32 6 40 52 46 19 26 52 29 15 40 25 32 10 0 27 41 15 29 41 29 16 14 8 28 20 31 33 5 30 32 39 21 1 18 34 32 33 34 25 8 26 7 49 9 23 14 28 3 34 14 23 50 34 37 28 35 16 10 24 33 18 7 23 19 13 37 6 44 14 35 41 31 22 38 36 46 30 30 9 49 29 40 33 47 33 48 32 12 35 37 27 43 18 24 38 37 29 33 45 48 41 19 18 25 52 43 36 10 11 32 51 26 16 40 26 34 8 50 18 21 26 19 16 21 40 34 17 35 31 41 29 53 11 28 28 24 45 13 37 49 22 36 21 26 36 21 38 30 22 42 17 19 43 16 43 21 3 23 13 36 12 30 19 5 17 15 23 19 6 31 14 16 36 27 10 30 39 29 28 44 54 18 15 44 34 43 25 41 4 47 36 26 7 41 30 25 48 28 17 15 17 39 33 39 15 51 44 16 31 32 45 33 45 18 4 52 28 16 37 25 31 45 9 47 39 23 43 19 48 10 20 26 7 20 40 49 39 37 25 13 20 31 21 3 19 18 22 48 57 30 42 46 5 26 8 14 23 32 53 18 37 14 36 49 42 23
70 17 54 47 22 31 44 24 32 57 18 53 46 51 39 42 34 64 6 13 50 35 15 28 16 27 31 9 29 8 61 51 46 60 53 45 52 43 8 24 61 31 4 46 47 52 53 67 42 48 9 46 41 6 42 34 44 45 4 24 13 15 32 31 49 35 51 38 44 9 35 42 32 31 28 56 57 17 63 11 45 41 51 54 38 24 39 39 40 34 29 39 50 51 7 23 3 14 16 53 31 40 36 41 39 24 51 54 41 43 42 25 51 39 14 12 58 12 38 39 61 55 48 13 36 31 20 14 23 41 58 20 11 39 30 21 20 6 11 48 28 17 40 22 7 43 12 28 29 18 58 37 47 46 18 44 21 4 20 10 15 57 45 11 38 25 43 33 33 34 47 56 44 33 33 15 10 16 37 30 65 18 61 54 20 17 33 45 34 46 52 39 13 36 29 19 48 49 39 40 43 44 24 29 36 44 49 41 63 6 25 12 48 66 39 49 5 40 11 13 3 41 30 62 20 44 32 29 49 41 31 45 41 12 46 37 48 47 39 45 62 46 49 20 53 48 28 50 41 15 41 6 15 29 53 38 26 37 50 24 6 20 45 11 33 47 38 37 61 14 44 31 40 44 40 7 14 41 39 24 55 69 61 46 3 47 10 37 43 52 9 27 27 0 43 40 51 45 50 33 31 23 26 27 6 54 24 51 12 44 43 28 22 56 48 16 32 38 21 22 22 48 25 37 39 39 30 8 35 43 64 8 55 1 22 31 37 51 50 33 26 42 28 37 22 23 36 41 12 24 40 44 31 37 42 7 42 32 39 52 35 12 54 46 37 39 29 36 34 42 58 42 43 54 41 38 49 61 44 54 43 11 24 68 43 35 37 37 5 43 1 23 37 52 48 29 42 43 48 51 18 43 39 46 56 43 8 13 49 4 45 19 11 28 51 50 18 20 67 38 53 47 53 20 12 24 12 48 53 44 46 53 41 44 16 30 38 31 57 39 45 26 30 37 35 34 44 23 4 28 40 19 41 21 4 20 54 30 44 46 14 25 28 41 49 36 30 30 50 18 13 27 43 49 52 61 53 40 37 18 23 17 45 41 69 50 40 33 6 41 48 43 21 26 45 46 20 47 48 25 34 20 37 37 36 55 13 38 19 9 34 34 35 54 47 50 31 47 35 15 37 37 27 45 36 41 41 47 41 44 41 28 14 26 36 39 13 45 42 43 18 48 40 58 49
37 59 65 25 21 13 30 25 17 34 52 52 7 15 54 32 23 34 38 32 37 13 28 30 27 20 40 52 15 50 31 13 33 25 55 5 31 53 35 35 36 18 44 34 56 15 48 36 22 59 36 21 22 44 1 27 17 11 45 48 46 35 54 14 49 47 16 8 34 42 8 51 44 21 17 27 28 26 37 53 13 4 32 27 18 19 55 36 3 19 50 35 61 56 44 21 42 54 34 53 22 5 9 39 30 26 39 15 25 10 34 48 20 18 47 32 37 40 39 40 34 39 28 53 51 42 24 33 23 24 31 33 51 56 24 25 26 43 33 6 42 51 29 41 41 55 31 32 37 38 26 42 7 19 39 53 35 45 51 33 28 23 35 32 48 18 13 41 44 16 8 38 7 12 20 28 49 44 20 26 32 26 30 33 27 28 40 13 9 30 10 23 30 23 18 42 28 19 14 8 9 4 21 26 8 9 47 51 29 48 19 43 7 31 43 57 38 40 52 31 44 7 25 35 27 10 51 18 57 45 21 26 57 53 6 18 54 9 8 49 36 52 8 27 60 10 22 42 56 48 27 37 44 27 45 22 52 23 55 27 42 47 43 37 23 8 5 12 36 49 6 22 56 24 48 42 48 13 11 44 24 36 27 48 44 15 34 55 3 49 38 32 41 43 0 39 34 4 33 28 28 46 17 22 48 34 43 34 34 7 32 41 25 39 25 30 11 20 41 21 42 8 32 22 51 17 44 50 55 30 29 49 28 43 24 26 46 48 26 24 35 27 22 36 27 39 15 44 54 29 13 33 15 7 9 49 18 36 20 36 11 35 14 19 21 10 30 8 10 21 26 37 28 24 5 15 23 30 10 21 37 42 20 35 3 9 43 40 43 17 42 53 9 62 19 48 18 56 53 60 28 48 26 7 37 54 44 32 13 46 19 45 33 16 55 9 33 29 36 24 27 55 58 28 33 25 54 57 17 50 48 16 40 3 52 40 23 53 37 46 22 23 38 30 30 20 56 38 43 53 55 29 20 34 46 30 42 15 3 18 33 53 26 10 9 19 20 39 8 30 30 35 2 27 51 26 42 35 34 30 28 29 9 54 37 9 36 11 41 9 22 7 52 43 16 25 28 14 36 19 20 37 20 7 20 20 47 20 44 37 16 42 24 23 9 16 13 33 33 30 11 25 43 55 27 29 15 24 16 2 11 36 29 47 54 23 33 18 37 8 46 17 17 26 42
41 52 26 61 36 37 12 44 44 24 33 15 45 35 19 9 52 33 39 32 14 43 33 15 36 44 11 46 39 43 33 36 12 37 17 38 20 16 39 17 28 46 38 11 18 36 13 37 55 21 40 57 55 36 38 13 25 49 43 24 32 46 24 30 11 13 33 42 9 47 35 14 13 47 27 30 30 31 30 44 50 40 17 26 50 37 20 3 38 48 21 5 22 18 35 35 37 40 47 15 49 35 42 2 10 21 13 38 15 47 7 23 30 50 32 33 23 29 3 3 30 18 19 42 17 12 29 43 27 17 27 22 42 21 18 26 27 45 32 42 15 34 11 21 45 18 34 14 12 23 34 6 38 24 24 15 20 39 31 34 34 35 9 34 13 34 28 10 12 24 46 20 45 30 48 36 38 27 19 16 37 34 33 21 43 28 9 51 35 14 42 55 34 53 43 24 18 27 26 31 47 43 29 51 39 47 10 14 37 44 30 31 45 39 6 19 36 1 44 31 40 33 50 31 25 31 21 42 18 7 20 17 22 43 45 49 16 35 32 10 30 14 39 24 22 35 46 11 19 32 14 38 28 16 13 18 27 53 16 47 45 26 6 30 51 36 38 45 27 34 45 48 21 58 10 35 33 27 29 20 30 40 36 9 39 53 40 21 37 13 44 15 15 40 39 0 16 38 16 13 14 23 31 22 44 20 20 17 42 35 9 14 24 20 22 42 36 19 22 32 21 47 16 18 16 22 15 47 23 13 39 47 26 41 42 15 11 12 23 16 15 14 21 5 44 19 46 6 49 49 27 10 42 35 46 44 23 9 52 16 42 44 40 25 52 29 14 34 39 20 33 5 14 28 35 25 24 34 48 32 5 31 30 40 41 37 8 5 44 53 39 30 41 23 26 19 52 19 14 22 27 10 14 35 21 17 47 41 34 42 55 25 39 31 16 40 24 45 37 16 25 17 20 44 31 45 44 18 34 12 10 35 1 41 36 12 17 23 22 8 21 22 11 10 10 20 19 19 43 26 20 45 20 20 43 47 15 30 42 55 29 28 50 30 38 21 46 12 44 44 36 14 38 20 13 38 14 5 6 26 47 41 34 17 39 39 4 31 44 45 24 44 32 18 53 19 24 30 11 36 49 21 51 39 20 35 33 52 25 32 25 10 15 31 48 32 39 13 7 30 29 15 17 17 13 12 49 59 24 39 46 13 35 21 20 17 42 54 4 33 28 28 51 32 9
25 65 37 59 40 37 7 48 44 9 47 22 40 25 33 10 53 18 48 40 4 42 40 23 42 46 25 58 40 55 19 27 5 23 25 31 6 30 48 28 13 46 49 5 31 25 16 22 54 34 49 55 54 48 34 17 17 44 54 38 45 52 39 31 20 29 23 39 8 55 33 28 28 48 29 16 16 37 14 56 46 36 3 12 49 40 34 15 34 48 36 13 35 28 47 39 48 54 53 23 50 30 40 14 12 28 6 27 11 43 10 38 19 49 45 41 8 40 17 18 15 6 7 55 32 27 34 49 32 13 13 31 54 35 22 32 33 54 41 35 30 47 11 34 54 32 41 24 25 35 20 22 30 15 35 29 31 50 45 43 41 22 7 42 28 37 22 24 27 23 41 6 41 29 49 42 50 40 18 22 23 40 18 6 48 35 24 47 34 6 33 54 41 53 44 37 6 17 22 27 43 38 33 53 37 42 18 28 23 55 33 43 38 25 21 31 46 17 57 39 51 28 52 15 32 24 36 43 30 21 23 9 36 55 39 49 28 27 28 22 15 26 32 31 32 27 48 10 34 45 11 47 41 22 13 16 42 53 27 51 54 40 16 40 51 29 35 43 12 47 40 49 35 57 25 46 46 22 24 35 18 25 22 20 50 49 47 36 32 18 52 24 29 51 34 16 0 32 2 18 20 37 34 26 56 5 34 1 49 29 8 28 31 7 10 48 35 17 34 36 34 40 27 16 30 18 29 58 38 8 25 58 12 51 45 21 26 17 10 19 26 10 25 17 49 32 45 20 61 52 22 8 42 32 42 55 17 21 51 3 40 51 30 16 51 25 22 32 38 14 19 12 9 16 30 21 13 19 44 19 11 43 34 25 36 35 23 20 53 50 50 45 39 35 16 34 50 33 26 33 34 24 13 28 6 31 56 48 25 53 52 39 46 33 26 32 34 50 21 15 11 30 29 49 40 49 57 31 24 26 21 25 15 36 49 26 15 39 8 23 12 27 25 14 16 20 33 31 53 41 34 50 15 30 54 52 9 31 37 51 38 43 53 24 29 20 47 25 37 50 43 25 32 8 20 24 9 13 15 34 50 47 27 32 24 30 14 30 53 42 13 40 46 33 50 9 32 22 6 39 50 33 50 37 19 23 46 51 38 42 24 25 17 18 42 22 39 4 17 37 26 15 31 31 15 10 47 57 19 34 43 25 41 36 35 14 49 51 13 27 42 19 49 18 12
34 61 64 28 24 15 29 28 20 31 53 51 9 12 54 31 26 32 40 33 35 16 30 30 30 24 40 54 18 52 27 10 31 22 54 1 29 53 38 36 33 22 45 32 56 12 46 33 25 58 38 24 24 46 4 27 15 13 47 49 47 37 54 15 48 47 12 11 32 44 10 51 44 24 19 24 25 28 34 55 15 7 30 25 21 22 55 35 5 22 50 34 60 55 45 23 44 55 37 52 26 6 13 38 29 26 38 12 24 13 33 49 17 21 48 34 35 41 38 39 31 37 26 55 51 42 25 35 24 23 28 34 53 56 24 26 27 45 35 5 42 52 28 42 44 55 33 32 38 39 23 41 4 17 40 52 36 47 53 35 30 20 34 34 48 20 11 41 44 16 9 35 10 13 23 31 50 45 20 26 29 28 26 30 30 29 40 16 11 29 8 26 32 26 21 43 26 17 13 8 12 7 22 29 11 11 46 50 26 50 20 44 7 28 42 57 40 39 54 33 46 6 28 32 28 8 52 20 56 44 21 25 57 55 8 21 53 7 8 48 33 52 5 29 60 6 25 40 55 49 25 39 45 27 44 21 53 26 54 30 45 48 42 39 26 4 8 15 33 50 9 25 56 27 47 44 49 12 10 45 21 33 24 47 46 18 36 55 3 47 41 32 41 45 4 38 32 0 31 27 28 47 19 23 51 32 44 32 36 4 31 41 27 37 22 33 13 19 42 23 43 9 33 21 51 16 44 52 55 28 26 51 25 45 27 26 46 47 24 24 35 26 23 35 30 40 18 43 56 32 12 32 19 9 12 51 16 36 23 34 14 38 11 17 24 10 30 9 13 20 22 35 27 21 4 14 21 27 13 19 36 43 22 32 5 11 43 39 45 20 44 54 12 61 17 48 21 55 52 59 29 48 25 5 35 54 47 35 9 48 22 46 35 18 54 6 35 32 33 23 25 55 57 31 34 28 56 56 14 50 47 13 39 5 53 40 22 53 34 45 20 23 38 29 30 19 56 39 45 54 55 32 19 35 48 33 40 16 6 20 34 54 30 9 6 18 23 39 7 33 32 35 2 25 49 23 40 34 33 31 30 32 6 53 34 6 35 13 43 11 20 10 54 44 19 23 30 11 34 21 24 37 23 10 19 17 48 23 45 39 16 42 24 20 11 13 16 31 33 32 11 24 43 55 26 28 17 26 15 2 13 36 31 48 54 22 35 21 36 6 48 14 19 24 41
25 64 38 57 39 36 6 46 43 9 47 23 39 23 34 10 51 18 47 39 5 41 39 23 41 45 26 58 39 54 18 25 5 22 27 30 4 31 47 28 13 45 49 6 32 24 17 22 53 35 48 53 52 47 32 16 16 43 53 39 44 51 39 30 21 29 22 38 9 55 32 29 29 47 29 15 15 37 14 56 45 35 1 11 48 38 35 15 33 47 37 14 36 29 47 38 48 54 52 24 49 29 38 15 11 27 8 26 11 42 10 38 17 48 45 40 9 40 18 19 14 7 5 54 33 27 33 49 31 11 12 31 54 36 21 32 33 54 40 34 30 47 11 34 53 33 41 23 25 35 19 22 29 14 35 30 30 50 45 42 40 20 8 41 28 35 20 25 27 22 39 7 39 28 47 41 50 40 16 21 22 39 18 5 47 34 24 46 33 5 32 53 40 52 43 37 5 15 20 26 41 36 32 52 36 41 19 29 21 54 32 43 37 24 21 32 45 17 56 38 50 26 51 15 31 23 36 42 31 22 22 8 37 55 38 47 29 25 26 24 14 28 30 31 33 26 47 11 35 45 10 46 41 22 14 14 42 52 28 49 53 40 16 40 50 28 34 42 12 47 39 48 36 55 26 45 46 20 23 35 16 25 21 22 49 48 46 37 31 19 51 24 29 50 33 16 2 31 0 17 20 37 32 25 55 5 34 1 48 27 8 29 30 7 9 47 34 16 34 35 34 39 26 16 31 17 30 58 38 7 23 57 11 51 45 20 27 19 9 18 26 9 24 17 48 32 44 21 60 52 21 8 41 31 41 55 16 21 50 4 39 50 29 15 50 24 22 31 37 13 18 12 8 14 29 20 11 19 43 18 12 43 33 24 35 34 24 20 53 49 49 45 37 36 15 34 49 34 27 34 33 25 12 27 7 32 56 47 24 52 51 39 45 32 27 30 33 49 21 14 10 31 31 48 39 47 57 32 22 27 23 24 16 35 49 26 15 39 8 24 11 26 25 14 15 20 34 31 52 42 35 49 14 30 53 51 10 30 35 50 37 43 52 23 28 19 46 25 35 49 42 25 31 6 22 23 10 13 15 33 50 46 25 33 23 29 14 29 52 40 12 39 46 33 48 8 31 20 6 37 49 33 49 36 17 22 46 50 38 42 23 25 16 17 41 20 38 4 17 37 25 14 31 31 15 9 46 56 18 32 42 25 41 36 36 14 48 50 13 25 42 17 48 17 13
39 48 38 49 24 25 12 33 32 25 32 27 34 27 27 10 40 32 30 22 18 31 23 6 25 32 14 41 27 38 31 28 13 32 29 27 20 26 30 12 29 34 32 14 29 28 25 36 43 32 31 45 43 30 27 2 17 37 36 25 28 36 28 18 23 20 26 29 12 38 23 24 18 35 15 26 27 21 30 39 38 29 18 23 38 25 28 10 27 35 25 9 34 29 30 23 31 37 37 27 37 23 29 13 7 11 20 30 9 35 10 24 23 38 29 23 26 23 12 13 29 22 16 38 24 16 18 33 16 9 26 14 37 29 6 15 17 37 24 32 17 32 7 18 36 28 24 7 12 18 29 14 27 17 19 26 14 33 30 25 24 29 14 24 21 22 19 14 17 12 35 23 34 18 36 26 34 24 9 4 35 24 30 21 32 18 13 39 23 13 32 42 24 41 30 21 15 20 15 20 35 31 17 39 27 35 22 23 33 37 18 26 34 36 15 30 28 13 40 21 33 22 38 30 15 21 26 30 30 18 8 13 30 39 34 37 27 25 21 22 30 25 29 14 34 26 34 20 28 29 9 29 25 5 23 9 28 41 28 35 37 25 17 23 39 26 26 32 28 31 33 36 29 46 20 29 30 17 18 20 26 39 31 21 32 41 30 28 26 24 34 8 16 33 28 13 18 27 17 0 3 23 19 10 38 22 19 18 32 25 11 16 14 24 17 31 24 9 19 20 19 35 10 7 24 13 17 41 29 11 35 40 23 34 30 3 19 23 19 4 10 10 9 9 33 16 34 17 44 37 16 12 30 23 34 38 15 9 40 19 30 34 32 18 40 18 5 23 27 12 28 12 10 24 24 14 18 31 36 26 13 26 18 38 30 25 16 13 36 41 32 31 29 35 19 23 40 28 26 33 17 21 7 25 24 27 39 31 26 35 43 23 29 19 28 30 16 34 35 7 22 28 32 33 23 33 40 30 27 23 22 28 14 30 34 13 8 28 25 19 15 11 11 4 4 9 29 15 35 29 28 34 12 13 36 36 23 18 31 43 20 30 38 19 28 10 34 12 33 34 26 10 27 17 26 33 21 10 7 16 35 31 24 26 38 29 10 19 35 33 18 33 31 19 41 14 14 21 16 24 37 16 39 27 9 28 30 39 22 25 13 15 4 25 36 24 27 14 6 20 17 6 18 28 3 9 37 47 15 28 34 11 25 23 27 8 32 42 12 22 26 21 39 28 19
41 45 38 48 23 24 14 31 31 27 30 28 34 28 26 12 39 34 28 20 20 30 21 4 24 30 13 39 26 35 33 29 15 33 30 27 22 26 28 10 31 32 29 16 30 29 26 38 42 32 29 44 42 28 27 4 18 37 34 23 26 34 28 17 24 20 27 29 14 36 23 24 17 34 14 28 29 18 33 37 38 28 20 25 37 23 27 11 26 34 23 11 34 30 28 22 28 35 34 29 35 23 29 14 9 8 22 31 11 35 13 23 25 37 27 21 28 21 13 14 32 25 18 36 24 15 16 31 14 11 28 12 35 28 5 14 14 35 21 32 15 30 9 17 34 28 22 6 11 16 31 15 28 19 17 26 12 31 29 23 22 31 16 22 21 21 19 13 16 12 35 26 33 18 35 23 32 22 10 3 37 22 32 24 30 16 13 38 23 15 33 41 22 40 29 19 18 22 16 20 34 31 15 37 27 35 23 24 35 35 16 24 34 38 16 31 26 14 37 19 31 22 37 32 13 22 25 28 30 18 8 15 30 37 34 36 28 26 21 23 32 26 30 12 34 27 32 22 28 27 11 27 23 2 25 10 27 40 29 34 34 23 19 21 37 27 26 32 30 29 33 34 29 45 20 26 28 18 18 19 27 40 33 22 30 40 28 28 26 26 32 6 14 31 28 14 20 28 20 3 0 21 18 9 36 24 18 21 30 25 13 15 11 26 19 30 23 11 17 18 18 35 8 9 24 14 17 39 28 13 37 38 25 32 29 2 19 25 21 4 9 12 8 10 31 14 33 18 41 35 17 14 29 23 34 36 16 9 39 22 29 32 33 19 39 18 4 22 26 13 30 14 13 26 24 15 20 33 36 27 15 24 17 40 30 24 16 13 34 40 30 29 28 35 21 22 39 28 27 34 15 22 9 26 26 27 37 29 27 33 42 22 27 18 29 31 14 32 37 9 24 29 33 31 20 32 38 30 28 24 23 29 15 30 32 13 9 27 27 19 17 9 11 7 5 9 29 13 33 28 28 32 13 11 34 34 25 17 30 42 18 28 37 20 29 11 32 12 34 32 24 9 27 19 27 35 24 12 9 14 33 29 25 26 40 30 12 18 33 33 20 32 30 18 40 16 12 23 18 22 36 14 38 27 9 30 28 38 21 22 13 15 6 27 36 25 26 17 7 18 18 8 17 28 5 11 37 46 16 28 34 9 23 22 26 9 30 42 14 23 24 22 38 30 21
61 32 32 61 32 38 32 38 43 45 11 32 51 48 16 28 49 53 24 21 35 44 25 18 28 40 12 27 38 23 52 49 32 54 31 47 40 21 27 12 49 44 20 32 25 49 34 57 55 25 27 58 54 18 45 24 39 53 26 2 11 34 10 33 28 13 47 44 29 32 39 20 10 44 29 48 48 24 50 23 53 45 38 44 49 34 16 22 44 46 6 24 27 29 17 31 20 19 36 31 45 42 44 24 27 21 35 51 31 51 28 3 45 50 12 22 44 12 20 20 50 39 37 20 14 11 25 32 25 32 47 14 21 17 24 23 22 29 21 51 8 12 28 6 29 21 23 16 12 10 51 17 47 39 9 21 12 21 9 23 25 51 30 22 16 32 40 13 12 32 52 42 50 35 45 27 18 8 30 22 56 28 52 41 35 21 14 54 39 33 53 53 24 50 40 6 36 42 36 40 50 48 27 45 42 51 29 19 55 25 29 12 52 58 19 27 21 22 24 20 22 42 45 51 21 42 9 39 27 20 27 34 18 22 51 48 26 46 40 24 51 24 49 19 31 47 41 33 18 11 30 23 9 21 34 31 6 51 28 40 29 5 26 15 47 47 42 46 48 13 50 44 18 57 18 17 12 38 38 3 48 60 53 25 21 56 28 15 45 32 30 16 8 23 46 23 37 47 37 23 21 0 31 25 26 41 4 38 30 44 29 9 21 42 39 32 38 31 6 28 5 53 15 29 17 34 9 29 13 31 57 29 45 24 36 22 15 31 41 25 13 31 25 20 37 7 46 21 29 41 37 30 41 40 50 24 36 16 51 37 43 32 53 40 50 37 18 39 41 34 50 26 31 46 43 35 40 53 52 48 27 13 28 60 47 40 16 18 28 54 22 9 44 29 41 7 53 20 26 29 21 21 29 46 42 21 31 30 47 24 56 5 27 32 29 51 14 37 57 29 43 25 30 36 20 39 23 26 49 22 25 49 23 48 14 11 30 9 44 19 37 24 13 24 23 29 21 8 26 8 17 36 34 13 25 38 37 32 48 57 18 8 44 40 49 31 42 12 53 35 26 13 46 38 31 55 35 25 23 18 39 32 45 18 59 50 24 35 28 49 40 49 10 5 55 36 19 43 32 33 47 10 49 43 30 50 13 50 5 17 31 14 26 47 53 45 39 33 21 20 37 28 6 23 25 29 51 60 36 47 49 13 26 4 13 30 30 56 25 43 7 43 51 50 31
47 43 55 31 7 7 28 14 13 37 36 46 21 26 42 27 21 42 22 15 35 14 12 18 12 13 28 35 8 34 39 25 30 35 48 19 33 43 20 22 41 15 27 31 47 27 43 44 25 49 20 28 25 27 16 20 21 22 29 33 30 21 40 5 42 35 26 14 29 27 10 41 32 16 5 34 35 10 42 37 23 16 33 32 20 6 43 29 15 17 36 28 51 48 27 6 25 37 22 46 18 14 13 32 24 12 37 28 23 20 29 33 27 20 31 15 40 23 30 32 40 39 29 37 39 30 7 19 7 21 36 18 35 44 14 9 10 28 16 22 29 34 24 26 26 44 15 20 25 22 35 32 21 23 23 43 20 28 36 17 12 33 31 16 37 3 19 29 32 12 22 39 20 8 17 13 32 28 16 16 41 10 38 35 15 11 29 23 9 29 26 24 14 22 12 26 29 25 15 14 20 19 5 20 12 21 41 40 39 32 3 27 23 42 33 48 22 32 36 15 28 15 19 41 11 18 38 11 47 35 12 26 45 36 22 19 45 21 13 41 41 43 23 12 52 22 15 38 44 31 24 21 28 16 41 18 37 23 46 17 27 31 36 21 20 21 13 15 41 33 20 17 44 28 37 25 32 17 14 30 31 46 37 40 27 25 18 42 17 43 23 20 28 26 17 31 34 19 32 19 18 31 0 10 32 36 29 33 19 19 28 29 10 39 27 17 8 18 26 5 27 24 19 18 40 17 31 34 42 27 40 33 33 27 13 17 35 42 29 16 22 25 11 27 16 25 16 35 38 20 15 29 11 11 19 33 19 25 22 36 13 20 29 23 21 13 19 10 10 21 34 31 26 30 15 14 27 38 21 30 32 26 3 45 18 9 33 30 27 24 26 37 13 52 25 34 23 44 44 51 12 39 22 20 39 44 29 18 24 30 26 29 18 2 47 24 18 17 44 20 32 46 50 16 16 15 37 47 27 41 40 27 32 19 36 28 19 39 39 36 24 10 26 23 22 14 45 24 27 38 43 17 20 19 30 19 40 4 19 26 17 38 20 16 23 15 15 27 24 18 14 23 18 29 44 37 39 29 26 14 18 15 20 42 46 24 29 7 25 18 26 19 37 30 24 26 13 22 33 5 19 22 20 13 15 30 31 21 28 21 11 31 18 31 23 25 9 31 25 14 12 20 29 45 20 25 20 30 18 18 19 24 13 33 41 20 18 25 31 18 31 24 21 34 37
43 43 46 40 15 16 20 23 23 31 31 36 28 26 33 19 31 37 24 15 27 22 14 9 17 22 19 36 18 33 35 26 22 33 38 22 26 34 23 14 35 24 27 22 37 26 34 40 34 39 24 37 34 26 21 11 18 30 30 27 26 27 33 10 32 27 25 22 21 30 16 32 23 26 6 30 30 12 36 36 31 22 25 27 29 15 34 19 20 26 28 19 42 38 26 14 25 35 28 37 27 18 21 22 16 5 29 28 15 28 20 27 25 29 27 16 33 20 21 22 35 31 22 35 31 22 9 24 7 14 31 12 34 35 5 7 9 30 17 27 21 31 15 20 29 35 17 11 17 17 32 22 24 19 18 34 13 28 31 19 15 30 23 17 28 13 17 20 23 8 29 31 26 11 27 17 31 23 10 6 38 15 34 28 23 10 20 31 15 21 29 33 16 32 21 21 22 22 13 16 27 25 8 29 19 28 31 31 36 32 8 23 28 39 24 39 22 22 35 15 28 18 29 35 8 18 30 20 38 26 4 19 36 35 27 28 36 22 15 31 36 34 26 8 42 23 24 29 35 28 16 23 23 7 32 12 31 32 37 26 30 26 27 19 29 23 19 24 35 29 26 26 35 37 28 24 28 15 14 23 28 42 34 30 27 33 22 34 21 34 27 11 20 27 22 22 26 23 25 10 9 25 10 0 33 29 22 26 24 21 20 20 6 32 22 23 15 11 19 11 21 29 11 10 31 13 22 35 34 19 37 35 28 28 21 7 26 33 24 7 13 17 1 18 24 18 25 25 39 28 13 21 20 16 26 33 15 16 31 28 21 25 30 20 30 14 10 15 18 15 31 21 18 27 19 12 22 34 29 28 22 23 9 42 23 17 24 21 29 33 27 32 21 43 21 27 32 35 35 42 10 30 14 22 31 35 32 22 24 30 35 24 21 10 37 27 13 25 40 12 27 37 40 24 16 24 37 38 26 32 31 27 23 24 32 19 11 32 32 27 19 2 17 14 13 7 36 17 29 32 35 24 14 12 31 27 32 9 24 35 15 32 29 16 25 9 24 18 29 25 18 14 22 22 35 35 31 19 17 10 26 22 21 34 42 26 20 11 28 26 21 26 32 22 33 19 9 21 25 14 28 16 30 20 9 29 27 30 23 20 8 22 10 27 29 23 18 23 15 13 13 12 21 36 12 17 29 39 14 23 27 15 16 26 33 12 23 34 22 19 26 21 30 31 28
76 11 56 52 28 37 49 29 37 62 18 56 52 57 41 47 39 69 11 18 55 40 21 33 22 33 34 4 35 5 67 57 51 66 56 51 57 46 14 28 67 37 7 51 50 58 57 73 47 50 14 51 46 9 48 40 50 51 4 26 15 19 33 36 52 38 57 43 48 11 41 44 35 36 34 62 63 23 68 7 50 46 56 59 43 30 41 43 46 39 31 44 52 53 10 28 8 12 20 56 36 46 42 46 44 30 56 60 46 49 47 27 57 44 15 18 63 16 42 43 67 60 54 10 39 35 26 18 28 46 63 25 8 41 35 27 25 8 17 54 31 17 45 25 10 46 18 33 33 22 64 40 53 51 21 47 26 6 21 16 21 63 50 17 41 31 49 36 36 40 53 61 49 39 38 21 9 19 42 35 71 23 66 59 25 23 36 50 40 51 58 44 19 41 34 22 53 54 45 45 49 49 29 34 42 50 52 43 68 1 31 15 54 71 42 52 11 44 6 19 5 47 35 68 26 49 34 34 52 44 37 50 42 8 52 42 50 53 45 49 68 49 55 26 56 53 33 55 43 16 47 12 18 34 57 44 26 42 53 29 9 22 49 16 38 52 44 42 66 14 50 35 42 49 43 10 15 47 45 27 61 75 66 49 6 52 16 39 48 56 13 32 31 6 48 44 56 51 55 38 36 26 32 33 0 59 27 56 17 50 48 32 27 61 54 21 38 44 24 28 25 54 30 42 42 45 33 3 36 49 70 4 60 6 28 36 40 55 56 38 31 47 34 41 26 26 41 44 6 28 45 49 36 43 48 2 48 37 43 57 41 17 60 52 42 44 34 42 39 47 63 47 48 59 47 44 54 67 50 60 48 14 30 74 49 40 40 41 8 49 7 23 42 54 54 32 47 45 51 54 24 46 44 52 61 46 9 18 55 3 50 21 16 34 54 56 22 25 72 43 59 50 56 24 18 28 8 51 58 47 49 59 45 50 15 33 43 32 62 43 51 32 34 42 40 39 46 26 6 29 42 24 47 26 3 25 58 35 50 52 19 26 33 47 55 42 35 33 56 23 19 32 49 54 55 67 57 45 42 23 28 22 51 43 74 56 45 39 10 47 54 48 21 29 50 51 25 53 52 30 38 24 41 43 42 61 14 42 22 14 40 37 40 60 52 55 37 52 40 20 43 43 30 48 41 46 46 52 47 50 46 32 20 29 38 44 18 50 46 49 20 54 46 63 53
21 69 41 59 42 39 10 50 46 5 51 25 40 23 38 14 54 14 51 43 8 43 43 27 45 48 30 62 42 59 15 25 10 20 29 31 4 34 51 32 9 48 53 10 35 24 19 18 55 38 52 55 54 52 34 20 17 44 57 43 49 55 43 32 24 33 22 40 13 58 34 32 33 50 32 13 12 40 10 60 46 37 4 9 50 42 39 19 34 49 41 18 39 32 51 41 52 58 56 26 52 31 41 19 15 31 10 25 14 44 14 42 17 50 49 44 5 44 22 22 11 6 7 59 37 31 37 52 35 15 9 35 58 40 25 35 37 58 44 35 34 51 15 38 57 36 45 28 30 39 17 26 30 15 40 33 35 54 50 46 44 19 12 45 32 39 22 29 31 25 40 4 41 31 50 45 55 44 20 25 18 43 15 2 50 38 28 47 35 9 32 55 44 54 46 41 8 16 23 27 43 38 35 55 38 42 22 32 19 58 35 47 38 21 25 35 49 21 60 42 54 28 54 11 35 24 40 45 34 25 25 11 41 60 39 50 31 26 28 27 10 31 31 35 36 27 50 14 38 49 13 50 45 26 16 18 46 54 31 53 57 44 20 44 53 28 36 44 8 51 40 51 40 57 30 50 50 22 25 39 15 21 18 25 53 49 50 40 32 21 55 28 33 54 34 20 5 32 5 22 24 41 36 29 59 0 38 4 52 28 13 33 34 5 10 51 37 19 39 38 39 40 30 19 35 20 34 62 42 11 21 61 9 55 48 24 31 21 9 22 30 13 28 21 51 36 46 25 65 55 23 12 44 33 42 59 18 25 52 5 41 54 28 16 52 26 26 33 39 15 16 16 12 13 30 23 12 16 44 17 16 47 36 21 36 36 28 24 57 50 53 49 40 39 15 39 51 37 29 37 37 28 16 28 4 35 60 50 24 57 53 43 49 35 30 30 37 52 17 17 8 34 33 51 43 51 61 34 22 30 26 23 20 36 54 30 18 43 4 28 13 30 29 18 20 23 37 35 56 46 39 52 16 34 57 54 11 33 37 52 41 47 55 25 29 22 49 30 36 52 46 29 32 8 24 20 12 17 19 37 53 50 26 36 19 29 18 32 56 42 13 40 50 37 50 10 35 21 10 41 51 37 51 38 21 20 50 52 42 46 26 29 20 15 42 20 41 8 21 41 27 18 35 35 19 14 48 57 20 34 44 29 44 40 40 17 51 52 17 26 46 18 50 14 15
57 33 32 58 30 35 29 37 40 42 14 30 49 45 16 25 47 50 24 20 32 42 23 15 27 38 9 28 36 24 49 46 29 50 30 44 37 20 26 8 46 42 21 29 24 46 32 54 53 25 27 56 52 18 42 21 35 50 27 6 13 34 12 31 26 12 44 42 26 32 37 19 9 42 26 45 45 23 48 25 51 43 35 41 47 32 17 20 41 44 8 21 27 28 17 29 21 21 35 30 43 39 41 21 24 18 33 48 28 48 25 5 42 48 13 20 42 12 18 18 47 37 34 22 13 9 22 31 22 28 44 12 23 17 21 21 20 29 20 48 5 14 25 3 29 20 22 13 9 8 48 15 45 36 8 21 9 21 12 22 24 48 27 21 15 30 37 11 10 28 50 39 47 32 44 26 19 9 27 19 53 26 49 38 34 19 11 51 36 30 49 51 23 48 38 6 33 39 33 37 48 46 25 44 40 49 27 18 52 26 26 12 49 55 17 26 20 19 25 19 23 39 44 48 18 39 10 37 26 18 23 31 19 24 49 46 25 43 37 23 48 23 47 17 30 44 40 30 18 13 27 23 10 18 32 27 10 49 27 39 29 7 24 15 45 43 40 43 45 15 47 43 18 55 17 18 13 35 34 1 45 57 50 23 22 53 27 15 42 30 29 13 5 24 43 20 34 44 34 19 18 4 29 22 27 38 0 35 29 42 26 6 19 39 36 31 36 28 4 26 3 51 11 26 16 31 7 30 14 28 54 30 42 25 34 19 14 29 38 22 10 28 22 17 36 5 44 19 30 40 34 27 39 37 47 26 33 13 49 34 41 31 50 37 48 35 15 36 38 31 47 23 28 43 40 32 37 50 49 45 24 14 26 56 44 37 14 16 28 52 23 12 41 29 38 7 51 20 24 28 19 20 26 42 39 20 31 29 44 24 54 6 26 29 27 47 12 35 53 26 40 24 30 35 19 37 25 25 45 20 23 46 21 45 16 8 26 11 41 17 34 21 10 21 20 26 21 6 27 11 17 35 31 10 25 37 34 30 45 55 16 11 43 37 46 28 40 9 50 34 25 10 43 35 29 52 33 22 20 16 38 31 42 18 56 47 21 32 28 46 37 46 13 2 52 33 16 40 29 31 45 8 47 40 27 47 14 48 6 17 29 11 23 44 50 42 37 30 18 19 34 25 4 22 22 26 48 57 33 44 47 9 25 5 14 27 30 53 23 39 9 40 49 47 28
25 65 38 58 40 37 7 47 44 8 48 23 40 24 34 10 52 17 48 40 5 42 40 24 42 46 26 58 40 55 18 26 6 22 26 31 5 31 48 29 12 46 49 6 32 25 17 21 54 35 49 54 53 48 33 17 17 44 54 39 45 52 40 31 21 30 23 39 9 56 33 29 29 48 30 15 15 38 14 57 46 36 2 11 49 39 35 16 34 48 37 14 36 29 47 39 48 54 53 24 50 30 39 15 12 28 7 26 12 43 10 39 18 49 46 41 8 41 18 19 14 6 6 55 33 27 34 50 32 12 12 32 55 36 22 33 34 55 41 35 30 48 12 34 54 33 42 24 26 35 19 22 30 15 36 30 31 51 46 43 41 21 8 42 29 36 21 25 28 23 40 6 40 29 48 42 51 41 17 22 22 40 17 5 48 35 24 47 33 6 32 54 41 53 44 37 6 16 21 26 42 37 33 53 37 42 19 29 22 55 33 43 38 24 22 32 46 18 57 39 51 27 52 14 32 24 37 43 31 22 23 9 37 56 39 48 29 26 27 23 14 27 31 32 33 27 48 11 35 46 11 47 42 22 14 15 42 53 28 50 54 41 17 41 51 28 35 43 11 48 39 49 36 56 26 46 47 21 24 35 17 24 21 21 50 48 47 37 31 19 52 25 30 51 34 17 1 32 1 18 21 38 33 26 56 4 35 0 49 28 9 29 31 6 10 48 35 17 35 36 35 40 27 17 31 18 30 59 39 8 24 58 11 52 46 21 27 18 9 19 27 10 25 18 49 32 45 21 61 53 22 8 42 32 42 56 17 22 51 3 40 51 29 15 51 25 23 32 38 14 18 13 9 15 30 21 12 18 43 18 12 44 34 24 36 35 24 21 54 50 50 45 38 36 15 35 50 34 27 34 34 25 13 28 6 32 57 48 25 53 52 39 46 33 27 31 34 50 20 15 10 31 30 49 40 48 58 32 23 27 22 24 16 35 50 27 16 39 7 24 12 27 25 15 16 21 34 32 53 42 35 50 15 31 54 52 10 31 36 51 38 44 53 24 29 20 47 26 36 50 43 26 32 7 21 23 10 14 15 34 51 47 26 33 23 29 14 30 53 41 13 40 47 33 49 9 32 21 7 38 50 33 50 37 18 22 47 50 39 43 24 26 17 17 42 21 39 5 17 38 25 15 32 32 16 10 47 56 19 33 43 26 42 37 36 15 49 51 13 26 42 18 49 17 13
65 26 60 36 13 22 42 12 21 54 28 55 36 44 45 41 23 60 7 11 49 25 10 27 8 17 34 20 19 20 57 44 44 54 56 37 49 48 4 26 58 21 14 45 52 45 55 62 31 53 4 35 30 16 33 33 39 35 13 31 22 5 40 23 51 39 44 28 43 8 27 46 36 19 22 52 52 12 59 23 34 31 48 50 27 15 45 40 32 23 36 40 56 55 17 14 13 25 6 55 20 32 26 43 38 22 51 46 38 33 42 32 46 28 23 10 56 18 40 41 57 53 45 24 42 35 15 3 18 37 54 21 22 46 27 17 16 10 10 39 32 27 38 26 8 49 9 29 31 22 53 39 39 41 22 49 23 15 30 8 9 51 45 9 42 17 37 36 37 29 37 54 34 26 21 7 21 23 33 28 60 10 56 51 8 15 35 34 25 44 44 28 8 25 18 24 45 43 33 32 33 34 17 18 26 34 51 45 57 16 19 20 39 60 41 54 10 42 22 12 14 34 19 58 18 37 39 18 54 43 27 42 47 23 37 26 52 39 32 49 59 50 40 19 58 40 16 51 47 24 39 8 22 28 53 35 34 26 54 13 9 27 47 15 22 39 29 26 58 24 34 20 47 33 44 15 24 35 33 30 50 64 55 48 14 36 3 44 34 54 5 28 32 12 34 42 49 36 48 32 30 30 19 24 17 52 29 49 0 37 42 32 19 55 44 4 24 34 26 15 27 39 26 33 44 34 34 17 42 41 58 16 51 12 12 29 41 53 47 30 28 40 25 38 11 26 25 43 22 13 34 43 20 28 32 17 37 34 28 51 25 2 47 41 26 32 28 28 24 38 52 43 41 49 33 32 44 56 34 49 44 18 17 63 34 26 40 39 10 33 12 32 27 57 43 35 31 48 51 57 16 46 37 38 54 48 11 2 42 15 33 26 4 20 54 42 19 9 62 35 49 52 57 9 11 13 24 53 46 48 49 46 43 35 26 33 34 38 55 43 41 22 32 36 35 30 49 26 11 36 46 8 37 23 14 9 54 23 34 36 14 34 17 35 41 31 19 33 41 7 7 29 35 45 54 55 53 41 38 17 12 6 38 46 64 42 40 25 8 31 43 33 30 31 34 42 18 40 47 15 23 23 26 28 32 49 22 27 25 13 28 37 33 49 37 43 22 45 35 13 30 35 31 50 34 39 30 36 35 35 31 30 8 33 43 35 1 34 42 36 26 42 30 53 49
32 61 61 32 24 16 25 29 22 28 51 47 12 9 51 28 29 29 40 33 31 18 30 28 30 25 37 53 19 51 25 8 27 19 50 3 25 50 38 34 30 24 45 29 52 9 43 30 28 55 38 27 28 45 6 24 12 17 47 46 46 38 52 14 44 44 10 14 29 44 10 48 41 26 18 21 22 28 31 54 19 9 27 21 24 22 52 32 8 24 48 31 57 52 45 23 43 54 38 48 28 5 15 35 25 25 34 10 20 16 29 47 14 23 47 33 32 40 35 36 28 33 22 54 48 40 25 36 23 19 25 32 52 53 22 25 26 45 34 8 40 51 24 40 44 52 33 30 35 37 20 38 3 14 38 49 34 46 51 35 30 17 30 34 45 20 8 38 41 14 13 32 13 12 25 30 50 43 17 24 26 28 24 27 31 28 37 19 12 25 9 28 32 29 23 41 23 13 10 6 15 10 22 31 13 14 43 47 23 50 20 43 10 26 39 53 40 36 54 32 46 4 30 29 26 5 49 22 52 41 19 21 54 54 11 24 50 4 6 45 30 48 5 27 56 4 27 37 52 48 22 39 43 25 40 17 50 29 50 31 45 46 39 37 28 3 10 18 30 49 12 27 53 30 44 43 48 9 8 43 17 31 21 43 45 21 36 52 4 44 41 30 39 44 7 35 29 4 27 25 25 44 19 21 50 28 42 28 37 0 28 39 25 33 19 34 14 16 40 23 41 13 31 18 48 13 41 52 52 25 24 51 22 45 28 24 43 43 20 21 33 23 21 32 31 37 21 40 56 34 9 28 20 9 15 51 13 33 25 31 16 38 10 13 27 7 28 10 15 16 20 32 23 18 4 11 17 24 16 16 33 42 21 30 9 12 40 36 45 23 44 52 14 58 13 46 24 52 49 56 28 44 22 2 31 51 47 35 7 48 25 44 35 17 50 7 33 33 30 20 21 51 54 32 34 30 55 53 11 47 44 10 35 8 52 37 18 51 31 42 17 22 35 26 26 17 52 36 45 52 52 33 15 33 48 34 37 15 9 24 33 52 32 6 5 15 25 36 9 34 32 33 5 22 46 21 37 31 30 30 32 32 2 50 31 6 32 12 43 15 16 13 52 42 22 20 28 8 31 22 26 36 26 12 16 14 47 26 43 38 13 39 21 16 14 9 17 27 30 31 9 21 41 51 23 24 21 30 11 6 17 34 31 46 51 19 36 24 33 3 46 11 23 21 37
32 57 34 56 34 33 3 42 40 16 39 20 39 26 28 2 48 25 40 33 8 39 33 16 36 41 18 50 35 47 25 28 3 28 24 30 12 25 41 20 20 42 41 4 26 27 16 29 51 29 41 52 50 40 32 10 17 42 46 31 37 46 32 26 17 22 25 36 2 48 30 23 21 44 24 21 21 31 22 49 44 34 9 17 45 34 29 8 32 44 29 6 31 25 39 33 40 46 47 21 45 28 36 9 4 21 9 29 8 41 2 30 21 46 37 33 16 32 11 12 22 12 10 47 26 19 28 43 25 9 19 24 46 30 15 26 27 47 34 35 22 39 5 26 46 27 34 16 18 27 25 15 30 16 28 24 23 43 38 36 34 26 4 34 22 31 20 17 20 18 39 14 39 25 44 36 43 32 13 15 29 34 24 13 42 28 16 45 30 5 34 50 34 49 39 29 9 18 19 25 40 36 27 48 34 40 15 23 28 47 27 35 37 30 15 27 38 10 49 32 43 26 47 22 25 23 29 38 26 16 17 8 31 48 38 45 24 27 25 19 22 22 32 24 30 27 43 10 28 37 6 39 33 15 14 11 34 49 24 45 47 32 12 33 47 29 32 39 20 39 38 44 30 53 19 38 38 20 22 27 21 32 27 17 42 47 40 30 30 17 45 17 21 43 32 9 8 31 8 11 13 29 28 20 48 13 26 9 42 28 0 21 24 14 13 42 31 13 27 30 27 39 19 12 25 15 22 51 31 4 30 50 17 44 40 14 20 16 14 13 18 5 19 9 43 24 42 15 53 47 20 1 38 29 40 48 15 13 47 9 37 44 32 17 48 23 15 29 34 12 24 6 5 19 28 18 15 25 42 23 6 35 28 32 34 31 17 13 46 47 42 37 35 32 17 27 47 28 22 30 27 19 7 28 14 26 49 41 26 45 50 31 39 27 23 32 26 44 28 9 16 25 27 43 33 43 49 27 25 21 18 27 10 34 42 19 11 32 15 17 12 20 17 7 8 15 28 23 45 34 29 44 13 22 46 46 13 26 35 49 30 35 48 22 30 15 42 18 36 43 36 18 31 11 19 29 12 6 7 26 45 41 26 26 30 31 7 26 45 39 15 38 38 25 47 10 24 22 5 33 45 25 47 34 14 26 38 47 30 35 19 18 11 22 41 23 35 5 9 30 23 9 24 26 8 4 44 54 17 32 41 17 35 28 29 10 42 49 7 25 34 20 46 23 10
52 39 28 59 31 35 23 38 41 37 20 25 47 42 14 19 48 45 28 22 27 42 25 12 29 39 3 33 36 30 44 42 24 46 25 41 32 16 30 8 41 42 26 23 20 43 26 49 53 22 31 56 52 24 40 17 32 49 32 10 19 37 14 30 21 8 41 41 20 36 35 14 4 43 26 40 40 24 42 31 50 41 29 36 48 32 15 14 40 44 10 15 24 23 23 30 25 27 38 25 44 37 41 15 19 17 27 45 23 47 19 10 38 48 19 23 36 16 12 12 42 31 29 28 11 3 23 34 23 24 39 13 28 15 18 21 21 34 23 46 2 20 20 8 34 17 25 10 4 12 44 9 42 32 12 17 10 27 17 25 26 44 22 24 10 30 34 5 5 26 48 33 46 31 44 28 25 14 23 16 48 28 44 33 36 20 5 51 35 25 47 51 25 49 39 11 28 35 30 34 47 44 25 45 39 48 21 13 47 31 26 18 47 50 11 22 25 14 31 22 28 36 45 43 19 36 11 38 22 13 21 26 17 30 47 47 20 40 34 17 42 18 44 17 26 41 41 24 16 18 23 27 15 15 26 24 14 50 22 41 34 13 18 19 46 41 39 43 40 21 46 44 16 56 12 23 19 32 32 7 40 52 46 18 27 53 30 14 40 24 33 10 1 28 41 14 28 41 29 16 15 9 29 20 32 33 6 29 32 39 21 0 19 33 31 34 35 25 9 27 8 49 10 23 13 27 3 35 14 23 49 35 37 29 36 16 9 23 33 19 7 23 20 12 38 7 44 13 36 42 31 21 39 36 46 31 30 8 50 29 40 34 46 33 49 32 12 35 38 27 43 17 23 38 38 29 33 45 48 41 18 19 26 51 43 36 9 10 33 52 27 17 40 26 34 7 51 17 20 25 20 15 21 40 34 17 36 32 40 30 54 12 29 29 23 45 14 38 48 22 35 20 25 37 22 39 31 21 42 16 18 43 15 44 22 3 23 12 35 11 29 20 5 16 15 23 18 7 32 14 15 37 27 10 31 39 29 29 44 54 19 15 45 34 43 25 42 4 48 37 27 7 41 30 24 47 27 16 14 18 40 34 39 15 51 44 15 31 33 45 33 45 18 5 52 28 17 37 24 32 46 10 48 39 24 43 20 49 11 21 26 6 20 40 49 39 37 25 13 21 31 21 3 18 18 21 48 58 29 42 46 6 27 8 13 23 33 53 17 37 14 36 49 42 22
49 37 46 40 13 17 24 21 23 36 27 38 31 31 32 23 30 43 18 10 31 23 10 10 13 21 19 30 18 28 40 31 26 39 40 27 31 34 18 12 40 24 21 27 38 32 37 46 35 40 19 37 34 21 24 15 23 32 25 23 21 23 30 13 34 26 31 24 25 25 19 32 22 25 8 35 36 7 42 30 32 25 30 33 29 14 33 22 24 26 26 22 42 39 20 12 20 30 23 39 26 22 23 25 20 3 33 34 20 30 24 24 30 30 22 11 38 15 23 24 40 35 27 30 30 21 5 20 4 20 37 8 28 34 9 3 3 25 11 31 19 26 20 16 24 35 11 12 16 13 37 23 28 25 14 34 10 23 26 13 11 36 27 12 28 12 22 20 22 14 32 36 29 15 26 12 25 19 15 10 44 11 39 33 19 5 20 33 18 25 33 33 11 31 20 17 27 27 18 20 30 28 6 27 21 30 34 31 42 27 8 18 32 44 25 39 17 25 30 9 22 22 27 41 2 23 28 20 39 27 10 24 35 30 31 28 37 27 20 33 41 35 30 2 43 28 23 33 34 23 21 17 19 9 36 17 27 32 38 23 24 22 29 13 28 27 22 25 40 24 29 25 35 38 29 19 23 20 19 20 34 48 39 32 22 35 17 33 25 36 22 11 18 22 25 24 31 27 30 14 11 21 10 6 27 34 19 31 19 25 24 19 0 37 27 19 17 17 16 8 17 33 10 16 31 18 21 30 32 23 43 29 34 23 18 11 26 35 29 12 13 22 7 20 21 15 26 27 33 25 19 25 20 20 29 27 21 17 31 32 22 21 35 25 30 19 11 19 20 20 37 25 23 32 23 17 28 40 31 33 26 18 8 47 27 19 24 22 24 34 21 28 23 43 27 25 32 35 36 42 4 31 19 26 36 35 26 18 29 25 35 20 16 11 39 31 8 21 45 17 32 37 42 20 10 22 31 39 32 32 32 32 25 28 27 18 17 29 37 27 24 5 17 18 16 13 36 14 24 29 34 21 20 9 25 23 36 12 28 36 9 28 27 21 30 15 23 18 33 21 13 13 26 28 37 40 35 23 20 5 23 18 26 33 47 31 23 14 23 28 27 28 27 20 34 25 3 26 29 13 27 12 30 22 15 34 22 30 19 14 13 22 14 33 32 29 19 27 18 8 17 17 19 36 16 21 30 39 20 27 28 15 12 23 31 17 19 35 25 24 21 27 31 37 32
24 70 38 64 46 43 13 53 50 8 52 22 45 28 36 15 58 17 54 46 7 48 46 29 48 52 30 64 46 60 18 30 11 24 26 36 9 32 54 34 10 52 55 11 32 29 16 20 59 35 55 60 59 53 39 23 22 49 60 43 50 58 43 37 21 32 27 44 14 61 39 30 33 54 36 17 17 43 12 62 51 41 8 14 54 45 37 20 39 53 40 18 36 29 52 45 54 59 59 23 56 36 45 18 18 34 7 30 18 48 15 42 22 55 50 47 4 46 22 22 14 3 12 60 35 31 40 55 38 18 13 37 60 38 28 38 40 60 47 40 34 52 17 39 60 34 47 29 30 40 21 25 35 20 41 31 36 56 50 49 47 24 12 48 31 42 26 29 31 29 45 2 46 35 54 48 56 45 23 28 22 46 19 7 54 41 28 52 39 12 37 59 47 59 50 42 12 21 27 32 48 43 39 59 43 47 19 31 23 60 39 48 43 24 24 32 52 20 62 45 56 33 58 14 38 29 40 49 31 24 29 15 39 61 44 54 29 31 33 24 12 28 36 37 33 32 54 11 37 50 17 53 46 28 12 21 46 59 28 56 60 45 18 46 57 33 40 48 9 53 45 55 38 62 28 51 51 27 30 39 20 23 22 22 56 54 53 39 37 17 58 30 34 56 39 20 7 37 7 24 26 42 39 32 61 5 39 6 55 33 14 33 37 0 15 54 41 23 40 42 40 45 32 23 33 24 34 64 41 14 25 64 13 57 52 27 30 18 14 25 32 16 31 22 55 37 51 23 66 59 27 13 48 38 47 61 22 26 57 5 46 57 33 21 57 31 28 38 43 20 20 16 15 18 35 27 17 19 49 22 15 49 40 24 41 41 27 24 59 55 56 49 44 36 20 38 56 35 27 34 40 26 19 33 3 33 62 54 29 59 58 44 52 39 27 35 39 56 19 21 13 31 30 55 46 54 62 32 27 28 23 28 19 41 54 31 22 42 5 26 17 33 30 20 22 27 35 36 59 45 37 56 21 36 60 58 7 37 42 56 44 47 59 29 34 26 53 30 41 56 49 31 37 12 20 25 9 18 20 40 57 53 31 35 22 34 18 36 59 47 17 45 51 37 55 15 37 26 10 44 55 38 56 42 24 25 51 56 43 48 30 29 23 20 47 25 45 10 22 44 31 21 36 32 21 16 52 62 24 39 49 30 48 40 39 21 55 57 17 31 47 23 54 19 13
23 63 46 50 33 29 10 41 37 11 49 31 31 15 40 13 45 16 45 37 13 34 35 23 37 39 29 56 33 54 14 17 11 16 35 22 7 37 44 29 14 39 47 12 38 16 26 20 45 41 45 45 45 46 24 16 8 35 51 41 45 47 43 24 28 34 14 30 14 51 25 35 32 41 24 9 10 33 15 56 37 27 8 6 40 33 41 20 25 40 40 18 43 37 46 33 46 54 48 32 43 21 31 21 13 25 16 17 9 34 15 40 9 41 45 37 14 39 23 23 14 15 4 54 38 30 30 45 27 8 10 30 54 42 19 28 30 51 38 25 32 48 12 35 50 39 38 24 27 35 13 27 20 6 35 36 30 49 47 40 36 13 14 38 34 30 12 28 31 16 31 13 31 22 41 38 50 41 12 20 18 35 14 9 42 32 27 38 26 9 23 45 37 45 37 37 5 7 13 18 33 28 27 46 29 33 26 35 17 53 27 42 29 19 26 39 43 23 56 36 49 19 44 14 29 15 40 36 38 28 18 6 42 55 30 40 36 17 19 30 15 34 22 28 41 18 41 19 41 46 9 44 41 20 23 10 45 45 35 44 51 42 23 39 44 19 26 34 14 48 30 42 41 48 32 44 46 13 16 37 10 22 15 28 48 39 43 42 22 27 48 24 32 48 25 22 10 22 9 17 19 39 27 22 54 10 36 10 44 19 13 31 27 15 0 43 28 11 35 30 36 31 26 12 36 11 33 56 43 9 19 55 7 49 39 19 32 26 3 16 27 9 21 21 42 33 37 27 59 46 14 13 35 24 33 54 8 24 42 13 32 46 20 6 43 17 22 24 30 7 12 18 9 8 21 14 3 14 35 11 18 42 28 21 27 27 29 25 50 41 48 47 30 43 6 38 41 40 34 41 31 31 11 19 13 38 53 43 15 51 43 40 42 26 35 22 32 44 19 11 5 37 38 43 37 42 56 39 14 33 29 15 22 26 50 29 11 43 13 30 4 23 27 15 17 15 40 32 50 45 40 44 8 30 52 46 19 24 27 42 35 46 46 15 20 13 39 28 27 44 39 26 23 3 30 17 19 17 18 31 44 42 17 39 21 20 18 23 49 32 3 31 48 35 40 4 29 12 14 32 42 33 42 28 13 14 46 42 39 40 17 29 14 9 33 12 32 10 19 34 18 12 34 38 14 11 38 48 10 24 34 27 37 39 41 10 44 42 19 17 43 9 40 11 21
63 30 62 32 10 18 42 8 17 53 31 56 33 42 47 41 19 58 11 12 49 21 10 28 6 13 35 24 16 24 55 41 44 52 57 34 48 50 8 27 56 17 18 45 54 42 55 60 27 55 8 31 26 20 30 33 37 31 17 34 25 5 42 21 52 41 42 24 43 12 24 48 38 15 20 50 51 12 58 27 30 28 47 48 23 12 47 40 28 19 38 40 57 56 20 11 16 29 6 56 16 29 23 43 38 22 51 44 37 29 41 34 44 24 26 11 55 21 40 41 56 53 44 28 44 37 15 3 17 36 52 22 26 48 27 16 16 14 12 36 34 30 38 29 12 51 10 29 32 24 51 40 36 39 24 50 25 19 33 10 9 49 45 10 44 14 35 37 38 27 34 53 30 24 17 7 25 26 32 27 57 9 54 50 4 15 37 30 22 43 40 24 9 21 14 27 44 41 31 30 29 31 16 14 23 31 51 47 55 20 17 23 35 58 42 56 14 42 26 13 18 31 15 57 18 34 41 14 55 44 26 41 49 27 33 22 53 37 29 50 57 51 37 19 60 37 12 51 49 27 38 11 25 28 54 33 37 22 55 9 13 30 47 17 18 36 25 23 56 27 30 16 49 29 45 18 27 33 30 32 48 62 53 49 18 32 6 46 31 54 9 28 33 16 30 42 48 33 47 31 30 32 17 23 21 51 31 48 4 34 42 34 19 54 43 0 20 33 28 13 29 35 26 32 46 33 36 21 45 41 56 20 49 16 8 28 42 53 45 30 29 39 24 38 7 28 21 44 26 9 31 43 17 25 28 21 35 34 24 50 22 5 44 39 22 29 29 25 21 36 50 43 40 47 30 30 43 54 30 46 44 21 15 61 30 23 41 40 14 29 16 35 23 59 41 38 27 50 53 58 16 47 36 35 53 50 14 4 40 19 29 29 6 18 56 39 21 5 60 34 48 53 58 5 13 9 28 55 43 49 50 43 43 32 30 34 33 41 54 44 40 22 33 35 35 28 51 28 15 39 48 4 35 24 18 6 54 20 31 32 16 37 13 32 38 30 15 34 37 3 7 30 32 44 55 53 52 41 38 17 8 2 35 48 62 39 41 23 12 27 42 29 34 33 30 41 19 38 47 13 19 25 22 24 31 46 26 23 28 16 26 38 32 47 33 41 18 45 36 13 28 34 33 52 34 39 26 32 34 32 27 31 8 35 45 34 3 30 43 33 29 40 26 51 50
45 48 61 25 11 3 30 15 10 37 43 50 15 22 48 31 18 41 27 22 37 8 18 24 17 12 34 41 6 40 37 21 32 33 53 14 34 49 25 28 41 12 33 34 52 23 47 43 20 54 26 22 19 34 10 24 21 15 35 40 36 25 47 6 46 42 23 7 33 31 4 47 38 13 10 32 33 17 42 43 16 9 34 32 14 9 49 33 9 13 43 32 56 53 34 10 32 44 25 51 15 9 6 36 28 18 40 24 25 13 32 40 25 15 37 22 41 31 35 37 39 41 30 43 45 37 15 23 14 24 36 25 41 50 19 16 17 33 23 16 35 42 27 33 31 50 21 26 32 29 32 37 16 23 30 49 27 35 43 23 18 30 35 22 43 8 17 35 38 13 16 40 13 7 14 18 39 35 19 21 39 15 36 36 18 19 35 16 3 31 20 19 20 18 10 33 30 24 15 11 13 12 12 19 5 14 45 46 36 38 10 33 16 39 39 54 28 37 42 22 34 12 18 40 18 15 45 9 53 41 16 27 51 43 15 14 51 17 10 46 41 49 18 19 57 18 14 41 50 39 26 27 35 22 45 21 44 19 51 18 32 38 41 28 17 16 6 9 41 40 12 14 50 23 43 32 38 16 13 37 30 44 34 45 34 18 23 49 11 47 28 26 34 32 11 36 35 13 34 24 23 38 8 15 38 37 36 35 24 14 31 35 17 41 28 20 0 19 33 12 34 17 26 20 46 18 37 39 48 29 37 39 33 33 14 22 41 46 29 20 28 27 16 32 17 32 11 40 44 20 14 32 7 5 12 39 20 31 17 38 6 25 24 23 17 12 25 5 3 22 32 35 28 29 10 15 27 36 14 28 35 33 11 43 11 3 39 36 32 18 32 44 6 58 24 41 17 50 49 56 19 44 25 15 40 50 34 22 20 36 20 36 23 7 52 19 25 19 42 22 32 51 55 18 23 16 44 53 24 46 45 24 37 12 43 34 21 46 40 42 25 16 32 27 27 17 51 31 33 45 50 20 21 26 36 21 43 7 12 20 23 45 19 14 18 17 13 33 18 20 20 29 12 30 49 34 42 33 30 21 18 19 16 49 44 19 34 6 31 11 26 12 44 36 18 27 20 19 36 9 15 29 16 5 18 27 38 16 35 28 13 37 22 29 16 22 4 33 30 21 10 23 36 51 24 28 14 24 18 12 12 30 19 40 48 22 23 19 35 14 38 22 15 33 41
32 54 45 44 24 21 11 32 28 20 40 32 27 18 35 13 37 26 34 26 18 26 25 14 27 30 23 46 24 44 24 19 13 23 35 19 16 34 34 20 24 30 37 15 37 19 29 30 39 39 34 40 38 37 20 9 8 30 41 33 35 37 37 15 29 29 17 24 14 41 17 32 27 32 14 19 20 23 26 46 32 22 15 16 33 24 36 17 20 32 34 15 41 36 36 23 36 45 38 33 34 16 24 19 10 15 21 21 6 29 14 33 15 34 36 27 23 30 19 21 24 22 12 45 33 25 19 34 17 5 20 21 44 37 9 18 19 41 28 23 26 39 9 27 40 36 27 16 21 26 21 23 19 9 26 34 22 39 39 29 26 21 16 28 30 21 10 23 26 7 28 21 27 13 33 27 40 32 2 10 27 25 23 18 32 21 22 33 18 12 23 38 27 37 28 29 12 12 7 13 28 24 17 37 22 28 27 32 25 43 17 33 26 28 23 38 33 20 46 25 39 14 36 25 18 12 35 27 37 25 8 8 39 45 26 33 35 16 13 29 25 33 21 18 41 17 32 22 37 37 7 34 32 11 26 2 37 37 35 35 40 33 23 29 35 18 20 27 24 39 26 33 38 41 28 34 37 8 10 29 18 32 24 28 38 35 33 37 18 29 38 16 25 38 20 19 17 19 16 9 11 31 18 11 44 19 28 17 34 16 13 25 17 23 11 33 19 0 27 20 28 28 18 2 33 4 26 46 38 10 27 45 17 39 30 10 27 28 13 7 19 8 10 17 33 25 30 24 49 37 8 14 26 17 28 44 6 18 35 19 25 36 23 9 36 10 14 17 22 4 20 17 9 16 16 6 11 24 30 17 17 33 18 31 22 19 25 21 40 35 37 39 23 42 11 32 35 37 33 40 20 29 6 17 22 35 43 33 17 41 37 32 32 16 35 21 23 34 29 4 16 36 38 33 27 33 47 37 18 31 29 19 20 23 41 22 3 37 22 26 8 13 20 10 11 5 37 24 40 38 37 34 3 21 42 36 24 15 23 37 25 38 37 11 19 3 31 21 25 34 28 19 19 12 31 25 23 15 14 21 35 32 15 35 31 20 16 14 39 27 10 26 40 28 35 9 19 12 17 23 34 24 35 22 3 19 37 35 31 30 8 24 5 17 29 15 23 14 14 24 10 5 27 36 8 9 32 42 6 20 29 20 27 32 36 3 34 37 18 14 34 12 34 20 23
57 31 35 55 27 32 29 33 37 42 14 33 46 44 20 25 43 50 20 16 33 39 20 13 23 35 11 25 33 22 49 44 29 50 33 41 37 23 22 7 47 38 18 30 27 45 34 54 49 28 23 52 49 16 40 20 34 47 23 8 11 30 15 28 29 15 43 39 27 28 34 22 12 39 24 44 45 19 48 23 48 40 35 41 44 28 20 21 39 40 11 22 31 31 15 26 18 20 31 33 40 37 38 23 24 16 34 47 27 45 25 8 41 45 11 17 42 9 19 20 48 38 34 21 17 12 19 27 19 28 44 9 21 21 19 18 17 26 16 46 7 13 25 1 26 24 18 12 10 5 47 17 43 35 4 24 6 19 12 18 20 47 28 18 18 27 35 13 12 27 47 40 45 30 40 22 17 6 26 17 53 23 49 39 30 16 13 48 33 30 48 47 19 45 35 3 33 38 31 35 45 43 22 40 37 46 29 21 51 23 24 10 47 54 19 29 17 21 23 15 20 37 40 48 15 37 14 34 29 21 22 31 22 22 46 43 28 41 34 26 48 26 45 14 33 42 36 32 22 11 27 19 7 16 34 26 12 46 30 35 26 7 26 11 42 42 37 40 46 13 44 39 22 52 20 14 12 33 33 5 44 57 50 26 19 50 23 19 40 32 26 12 8 21 41 22 34 42 34 19 17 6 26 19 24 39 4 35 26 40 27 9 16 40 35 28 33 27 0 23 2 48 10 25 19 30 10 27 17 28 53 27 42 22 31 18 17 31 37 21 9 28 20 19 32 3 41 21 28 36 32 27 35 35 44 23 32 14 46 35 38 27 48 36 45 33 14 34 35 30 47 24 28 42 38 30 37 49 46 44 25 11 23 56 42 34 17 18 25 49 20 13 38 32 37 10 47 23 28 32 15 22 25 41 40 24 28 25 42 22 51 5 22 26 31 46 9 32 54 25 40 27 33 31 15 34 23 28 44 24 26 45 22 43 15 10 26 14 42 20 33 19 11 21 20 24 24 4 24 13 21 31 30 7 23 33 36 27 43 52 13 13 39 35 44 26 37 10 48 30 21 10 41 35 32 51 34 23 20 13 34 28 40 21 56 45 22 30 25 43 36 44 13 6 49 32 13 39 30 28 42 5 44 38 25 46 12 45 4 13 27 14 22 43 48 41 34 31 18 15 32 24 7 25 22 26 45 54 32 42 44 10 21 8 18 26 26 50 24 38 8 38 46 46 30
50 38 54 33 5 11 30 13 15 40 32 46 26 30 40 29 22 45 17 11 36 16 7 17 8 13 27 31 10 29 42 30 31 40 47 24 35 42 15 20 44 16 23 33 45 31 44 48 27 47 16 30 26 23 20 21 25 26 24 30 26 18 38 9 42 34 30 18 31 23 14 40 30 17 7 37 38 6 45 32 26 20 35 35 22 6 41 29 19 18 33 28 50 47 23 4 21 33 18 46 18 18 17 32 26 11 39 33 25 24 30 30 31 22 27 11 42 20 30 31 43 41 31 32 37 29 4 15 5 24 39 15 31 42 15 6 6 23 12 27 27 31 26 23 22 43 10 19 24 19 39 31 26 26 20 42 18 24 32 13 8 37 33 11 36 5 23 28 30 15 27 41 23 12 18 8 28 24 19 16 45 5 41 37 12 8 28 26 13 31 30 25 9 23 13 23 31 29 19 18 24 23 3 20 15 25 41 39 43 27 4 23 27 45 33 47 18 32 32 11 23 20 19 44 8 22 36 12 47 35 14 28 43 32 26 21 45 25 18 40 45 42 27 10 51 26 15 39 42 28 26 17 24 16 42 21 34 24 46 16 22 28 37 16 20 25 17 18 44 28 24 18 42 30 36 21 28 20 18 27 35 50 40 39 23 28 14 40 21 44 19 19 26 22 21 32 36 23 35 20 18 28 5 11 28 38 26 36 15 23 30 27 8 42 30 13 12 20 23 0 24 28 18 20 39 20 29 29 39 29 44 29 36 22 11 17 34 43 32 18 20 27 12 27 14 22 18 34 34 18 19 31 13 15 23 28 23 25 24 38 16 17 33 27 23 17 18 14 14 24 38 31 28 34 20 18 30 42 25 34 32 21 3 49 22 14 32 30 23 26 22 33 17 51 28 32 25 43 44 50 8 38 24 24 41 42 25 14 28 25 28 26 13 6 46 29 15 14 48 22 35 45 49 13 12 14 33 46 32 40 40 32 32 23 31 26 21 36 41 35 27 10 25 24 23 16 44 21 23 35 42 15 23 17 26 16 42 8 23 29 13 34 19 20 27 17 15 25 29 15 10 21 22 32 45 41 41 29 26 10 16 12 24 41 49 28 30 11 21 22 29 22 33 27 27 28 10 26 35 5 20 19 22 17 18 34 26 23 25 17 14 30 19 34 26 29 12 33 25 9 16 22 27 44 22 26 23 32 21 23 22 23 8 31 39 22 14 28 32 22 27 28 24 38 38
58 32 34 57 28 34 29 34 39 42 13 32 47 44 18 25 45 51 22 18 33 40 21 14 25 36 10 26 34 22 49 45 29 50 31 43 38 22 24 8 47 40 18 29 26 45 33 55 51 27 25 54 50 17 41 21 35 49 25 7 11 31 14 29 28 14 44 40 27 29 35 21 10 40 25 45 45 20 48 23 49 41 35 41 45 30 19 20 40 42 10 22 29 30 16 27 19 20 33 32 41 38 40 22 24 17 34 47 28 47 25 7 42 46 12 18 42 10 19 19 48 38 34 21 16 11 21 29 21 28 44 10 21 19 20 19 18 27 18 47 7 13 25 1 27 23 20 13 10 6 48 16 44 36 5 23 8 20 12 19 22 48 28 19 17 28 36 12 12 28 48 39 46 31 42 24 18 7 26 18 53 24 49 39 32 17 13 50 34 30 49 49 20 46 36 3 34 39 32 35 46 44 23 42 38 47 28 20 52 24 25 11 48 55 18 28 18 21 24 17 20 37 42 48 17 38 13 35 28 20 23 31 21 22 47 44 27 42 36 25 48 25 46 15 32 43 38 31 21 11 27 21 8 17 33 27 11 47 29 37 27 6 25 13 43 43 38 42 46 14 46 40 20 53 18 16 12 34 34 3 44 57 50 25 19 52 25 18 41 32 27 12 7 22 42 21 34 43 34 19 18 5 27 21 25 39 3 35 27 41 27 8 17 40 36 29 34 28 2 24 0 49 11 26 18 30 8 28 16 28 54 28 42 23 32 18 15 31 38 21 9 28 20 18 34 4 42 20 29 37 33 27 37 36 45 24 33 14 47 35 39 29 49 37 46 34 14 35 37 31 47 24 29 43 39 31 37 50 48 45 25 11 24 57 43 36 16 17 26 50 21 12 39 31 38 9 49 22 27 31 17 22 26 42 40 22 29 27 43 23 52 5 24 28 30 47 10 33 54 26 40 26 32 32 17 35 24 27 45 23 25 46 22 44 15 9 26 13 42 19 34 20 10 21 20 25 23 5 25 12 20 33 30 9 24 35 35 28 44 53 14 11 41 36 45 27 39 10 49 32 23 10 42 35 31 52 34 23 20 14 36 29 41 20 56 46 22 31 26 44 37 45 13 5 51 33 14 39 30 29 43 6 45 39 26 47 13 46 4 14 28 13 23 44 49 42 35 31 18 17 32 25 5 24 22 26 47 56 32 43 45 10 22 7 16 26 27 51 24 39 8 39 47 47 30
39 64 72 21 26 18 37 28 19 39 58 59 3 18 61 40 24 38 43 38 43 15 34 37 33 24 48 57 20 56 34 16 39 28 62 10 37 61 41 43 41 20 50 41 64 18 55 39 19 66 41 18 19 50 9 35 24 7 50 55 53 39 62 21 56 55 19 11 41 46 15 59 52 22 25 31 32 33 41 59 9 8 39 32 17 25 62 44 10 20 57 42 68 64 50 26 48 60 38 60 24 13 13 46 37 33 46 18 32 8 41 55 24 17 54 38 43 47 46 48 38 45 34 59 59 50 31 37 30 31 36 40 58 63 32 32 32 48 39 6 50 58 36 48 46 63 37 40 45 45 29 49 11 25 46 61 42 51 59 39 34 26 42 38 56 24 20 48 51 24 2 44 5 19 21 34 55 51 28 34 35 31 33 39 31 35 48 10 15 37 10 21 36 22 22 49 35 25 21 16 7 5 27 27 13 5 54 58 32 54 25 50 3 33 50 65 44 47 58 38 50 14 26 39 34 17 59 21 64 52 28 33 65 59 2 18 62 14 15 57 40 60 10 35 68 14 25 49 63 55 34 43 51 35 52 29 59 22 62 30 47 54 50 44 23 12 11 13 41 56 5 23 64 21 55 48 55 20 19 51 28 38 30 55 50 10 39 63 10 56 43 39 49 48 8 47 40 9 39 35 35 53 24 29 54 40 51 40 39 13 39 49 33 45 31 35 17 28 48 28 49 0 40 29 59 25 51 55 62 37 31 54 33 49 28 34 54 55 32 32 42 34 30 44 30 46 16 51 60 32 20 40 19 14 8 55 25 43 18 43 14 39 15 25 20 18 38 15 15 28 29 44 35 28 12 22 29 33 7 25 45 49 27 37 7 15 51 48 48 14 48 60 12 69 25 56 15 63 60 68 34 56 33 13 43 62 49 37 17 51 16 52 38 22 62 11 41 32 39 31 33 63 65 32 39 29 60 64 20 58 56 19 47 6 59 47 30 60 42 53 29 30 45 37 38 27 64 45 48 61 63 33 27 41 52 34 49 22 6 13 40 60 28 18 12 26 23 46 5 34 36 43 9 34 58 29 49 43 41 37 30 34 14 61 40 12 44 19 46 8 28 6 60 51 13 32 36 19 43 24 21 44 19 12 27 23 54 19 51 44 23 50 32 27 4 20 18 39 41 37 18 32 50 63 35 36 13 19 23 8 10 44 34 55 61 30 38 15 45 15 54 22 15 30 49
48 39 37 50 22 26 20 30 32 34 23 30 38 34 23 17 39 42 23 16 26 32 17 4 21 30 10 32 27 29 40 35 22 40 31 33 29 25 23 3 38 33 23 22 29 35 29 45 44 30 24 46 43 22 31 11 25 40 28 17 19 30 22 20 26 17 33 32 19 31 26 23 13 34 16 35 36 16 39 30 41 32 27 32 38 23 24 15 31 35 18 15 33 30 21 21 22 28 31 30 35 28 31 18 15 8 27 37 18 38 18 16 32 39 20 17 34 14 15 16 39 30 25 29 20 12 14 27 13 19 35 6 28 25 10 12 12 29 16 37 10 22 16 10 29 26 18 4 7 9 38 14 34 26 10 25 5 24 22 18 18 38 21 18 19 21 26 11 13 17 39 32 37 21 35 20 25 15 16 8 44 19 39 30 28 12 11 41 26 22 38 42 18 40 29 12 25 29 22 26 38 35 15 37 30 38 26 22 42 29 17 17 38 45 16 30 20 17 30 15 25 28 36 39 10 28 20 29 30 19 12 22 26 30 38 37 28 32 26 24 39 26 36 9 34 33 32 26 25 20 18 22 15 7 29 17 21 41 29 32 29 16 22 14 37 32 29 34 37 22 37 35 25 47 19 20 20 24 23 12 34 48 40 23 24 43 24 24 31 29 28 3 9 25 32 16 27 33 26 10 8 15 19 11 30 30 11 27 26 31 19 10 10 32 26 26 26 18 10 18 11 40 0 16 22 20 12 32 23 20 44 32 33 26 27 8 17 28 28 11 3 19 11 13 30 8 35 18 35 34 23 20 30 27 37 29 23 9 40 28 31 28 39 26 39 24 5 26 28 21 37 18 20 33 29 21 27 40 39 35 19 17 17 47 34 27 15 14 28 42 24 22 31 34 28 16 41 26 27 33 11 22 16 31 32 25 31 25 33 27 44 14 23 19 30 36 8 30 45 16 31 28 33 29 15 31 31 29 35 23 24 35 17 34 24 9 16 21 34 18 24 10 8 13 11 15 27 7 27 22 25 29 20 4 28 32 30 19 35 45 13 22 36 26 35 17 32 8 39 29 20 4 32 26 29 42 28 16 13 10 32 26 31 24 47 36 16 22 28 36 27 36 23 12 43 23 8 29 23 22 37 7 39 30 16 37 20 39 13 16 18 13 13 34 40 32 28 23 11 14 23 15 11 27 13 18 39 48 22 33 37 5 19 16 22 17 26 44 18 28 17 29 40 37 25
34 52 43 45 24 22 11 32 29 21 38 31 28 20 33 11 37 28 33 25 18 27 24 12 26 30 21 45 24 42 25 21 13 25 34 21 16 32 33 19 25 31 36 14 35 21 27 31 39 38 34 41 39 35 21 7 10 32 40 31 34 37 35 15 27 27 19 25 13 40 19 30 25 33 13 20 21 22 26 44 33 23 16 18 34 24 34 15 21 32 32 13 39 35 34 23 35 43 37 32 34 18 25 18 8 13 20 23 5 30 13 31 17 34 35 26 23 28 17 19 25 22 12 43 31 23 19 34 16 5 21 19 42 35 8 17 18 40 27 25 24 38 8 25 39 34 26 14 19 24 23 21 21 10 25 32 20 37 37 28 25 22 15 27 28 21 12 21 24 7 29 22 28 14 33 27 39 30 2 9 29 24 25 18 32 20 20 34 19 12 25 39 26 38 28 27 12 13 9 14 29 25 17 37 23 29 26 30 27 42 17 31 27 30 22 36 32 19 44 24 37 16 36 26 17 14 33 27 35 23 7 9 37 44 28 34 33 18 15 28 26 31 23 17 39 19 32 22 35 35 7 32 31 9 25 2 35 38 33 35 39 32 22 27 36 19 21 28 25 37 27 33 36 42 26 33 35 10 11 27 19 33 25 26 37 36 32 35 20 28 37 14 23 37 22 18 16 21 16 7 9 29 18 10 42 19 26 17 33 18 12 23 16 23 12 32 20 2 25 20 26 29 16 0 31 6 24 45 36 10 29 44 18 38 29 8 25 27 14 5 17 8 9 15 33 23 30 22 48 36 9 13 27 18 29 42 8 16 36 19 26 35 25 11 36 12 12 18 23 5 22 15 9 18 18 8 13 25 31 19 16 31 18 32 24 20 23 19 39 36 36 37 24 40 13 30 36 35 31 39 19 27 5 19 22 33 42 32 19 40 39 30 31 17 33 23 21 34 30 3 17 34 37 33 26 33 45 35 20 29 27 21 18 24 39 20 1 35 22 25 9 12 18 9 9 4 35 22 39 36 35 34 5 19 40 36 23 15 25 38 24 36 37 13 21 4 31 19 27 34 27 17 21 13 30 26 23 14 12 20 34 31 17 33 32 22 15 15 38 28 12 27 38 26 36 9 18 14 16 23 34 22 35 23 3 21 35 36 29 29 8 22 3 19 30 17 24 14 12 23 12 3 25 34 6 8 33 43 8 22 30 18 26 30 34 2 33 38 16 16 32 14 35 22 22
55 47 16 71 43 47 28 50 53 39 26 17 58 49 4 23 60 48 39 34 28 53 37 23 41 51 13 43 48 39 48 51 27 52 15 51 35 4 41 20 43 54 36 26 9 50 21 52 65 9 42 67 64 34 51 25 39 60 42 17 28 49 11 41 15 5 48 52 24 47 46 4 9 55 37 45 45 36 44 39 61 52 32 41 59 44 5 18 50 56 12 20 12 13 33 42 36 34 50 17 56 47 52 17 25 29 26 52 30 58 23 16 45 60 27 35 37 27 15 13 45 31 34 36 4 10 35 46 34 31 42 25 37 6 28 33 33 44 35 55 13 27 26 19 45 5 37 20 15 23 49 11 51 39 23 6 22 37 23 37 38 49 24 36 4 42 42 11 9 36 59 34 57 41 56 40 34 24 32 26 52 40 48 35 48 33 12 62 46 29 56 63 37 61 51 21 33 42 39 44 58 55 37 58 50 58 16 3 52 41 38 28 57 54 10 11 36 15 40 34 38 46 57 45 31 44 9 50 10 10 31 32 6 38 57 59 10 48 44 10 44 8 53 30 15 49 53 23 5 27 29 38 25 25 23 32 17 62 12 53 45 20 16 30 59 50 49 55 42 29 56 56 5 68 6 33 28 40 41 16 46 55 51 12 37 64 42 6 50 19 45 21 14 39 51 16 30 51 31 24 24 17 40 31 42 35 16 31 44 48 25 13 31 33 36 46 46 33 19 39 18 59 22 31 0 36 11 45 9 27 54 45 41 40 48 26 6 18 38 28 19 29 31 17 50 18 56 11 45 54 40 25 51 47 57 41 37 16 61 30 52 46 54 40 61 42 22 46 49 34 48 20 29 44 48 38 39 49 59 47 20 29 38 55 53 47 9 13 43 63 38 21 52 13 41 10 62 5 10 13 32 8 28 49 35 5 46 44 49 40 65 21 41 40 13 54 26 50 51 29 40 8 15 49 34 51 39 10 49 7 11 50 16 54 29 13 31 12 37 8 36 31 15 23 22 32 5 19 42 16 4 49 34 23 41 52 27 40 54 66 31 19 57 43 51 34 54 14 57 49 39 18 51 35 17 53 26 19 20 30 52 46 48 3 53 52 18 42 44 56 39 56 23 14 64 34 29 44 25 44 58 22 60 50 32 50 28 61 21 32 36 10 28 45 60 46 49 28 19 33 41 28 13 7 25 27 60 69 38 52 57 17 39 13 6 30 45 65 19 46 22 43 61 47 21
31 55 48 41 23 20 14 31 27 21 42 35 24 15 39 15 35 26 35 27 20 25 26 17 27 28 26 48 23 45 23 15 16 21 38 16 16 37 34 23 24 29 39 17 40 16 31 29 36 43 35 37 36 38 17 12 5 28 42 36 38 37 41 14 32 32 14 22 17 42 15 35 30 31 13 18 19 24 25 48 29 19 17 16 31 23 40 20 17 30 37 18 44 39 38 22 37 47 38 36 33 13 22 22 13 16 23 18 8 26 17 36 13 32 39 28 23 32 22 24 23 23 13 47 36 28 20 35 18 7 20 23 46 41 11 19 20 42 29 20 29 42 12 29 41 39 28 19 23 28 20 26 16 7 29 37 24 40 41 30 27 19 18 29 33 20 7 26 29 6 25 23 24 12 31 28 42 34 4 13 26 25 22 18 32 22 25 30 16 14 20 36 28 35 27 31 13 10 4 10 25 21 17 36 20 25 30 35 24 44 17 35 23 27 26 41 34 23 48 27 40 11 35 24 20 9 38 26 40 28 9 10 42 47 23 31 38 13 10 32 25 36 18 20 44 14 30 25 40 39 10 35 35 14 29 5 40 36 38 34 41 36 26 30 34 14 17 25 24 41 23 32 41 39 32 36 39 5 7 32 16 30 22 31 39 32 33 40 15 32 38 19 28 39 17 22 18 16 17 13 14 34 17 13 45 20 31 18 34 13 15 27 18 24 11 33 18 4 30 20 30 25 20 6 36 0 30 47 41 13 25 47 17 40 29 13 31 31 13 10 22 10 12 20 32 27 28 27 51 36 5 16 25 15 25 45 3 21 33 20 23 36 19 8 34 8 17 14 20 5 19 20 11 15 13 4 10 23 27 15 20 35 18 30 20 17 28 24 41 33 39 42 21 45 9 34 33 40 36 44 22 32 9 13 23 38 44 33 13 42 35 34 32 16 38 18 25 33 28 7 15 39 41 33 28 32 49 40 15 34 32 16 23 20 43 26 6 39 22 30 8 14 24 13 14 6 40 26 41 41 40 34 4 23 43 35 26 14 20 34 27 41 35 8 16 4 30 25 22 34 29 22 16 12 34 23 26 19 17 23 34 32 12 38 30 17 19 13 40 24 9 23 42 31 32 10 20 10 19 22 32 26 33 19 5 17 39 33 33 32 7 27 9 15 26 12 22 16 17 25 8 8 30 39 11 12 30 39 2 18 26 23 27 35 39 6 34 34 20 11 37 9 31 19 25
54 39 26 61 33 37 25 40 43 38 19 24 50 44 12 21 50 47 29 24 28 44 27 14 31 42 5 34 38 30 46 45 25 48 23 43 33 14 31 10 42 44 26 24 19 45 26 51 55 20 32 58 55 25 43 19 34 51 33 10 19 39 11 32 20 6 43 43 22 37 38 13 2 45 28 42 42 26 43 31 52 44 31 38 50 34 13 15 42 47 8 17 22 22 24 32 27 27 40 24 46 39 43 16 20 19 27 47 25 50 20 9 40 50 19 25 37 18 13 13 43 32 31 28 9 3 25 36 25 26 40 15 29 13 20 23 23 35 25 48 3 20 21 9 35 15 26 12 7 13 45 9 44 34 13 15 12 28 17 26 28 45 23 26 9 33 36 5 4 28 50 34 48 33 47 30 25 15 26 18 50 30 45 34 38 23 6 53 37 26 49 54 27 51 41 11 30 37 32 36 49 46 27 47 41 50 21 12 49 32 29 19 50 51 11 20 26 14 32 23 28 38 47 44 21 38 9 40 20 12 23 28 15 30 49 49 19 42 37 17 44 17 46 20 25 43 43 25 14 19 24 28 16 17 26 26 13 52 21 43 35 13 18 20 49 43 41 45 41 21 48 46 14 58 10 24 19 34 34 7 42 53 47 17 27 55 32 12 42 24 35 12 3 30 44 15 29 44 30 17 17 9 31 22 33 34 7 30 34 41 22 3 21 34 33 36 37 26 10 29 8 51 12 24 11 30 0 36 12 24 51 36 38 31 38 18 7 23 34 21 9 25 22 13 40 8 46 13 36 44 33 22 41 38 48 32 32 10 52 30 43 36 49 35 51 34 14 37 40 29 44 18 25 40 40 31 34 46 51 42 19 19 28 53 45 39 8 10 34 54 29 16 43 24 36 6 53 15 19 23 22 14 23 42 35 15 37 34 43 31 56 12 31 31 22 47 16 40 50 24 37 18 24 39 24 41 31 19 44 15 17 45 15 46 22 4 25 11 36 11 31 22 6 18 17 25 16 9 33 13 13 39 29 13 32 41 29 31 46 57 21 14 47 36 45 27 44 5 50 39 29 9 43 32 23 49 28 17 16 20 42 35 41 13 52 46 16 33 34 47 34 48 18 5 54 30 19 38 25 34 48 12 50 42 26 45 20 51 12 22 28 5 21 41 51 41 39 26 14 23 33 23 3 17 20 23 50 60 32 44 48 8 29 7 11 25 35 55 18 39 14 38 52 44 23
78 10 59 52 29 38 52 29 37 65 21 59 53 59 44 49 38 72 13 20 58 41 23 35 23 33 37 4 36 7 69 59 53 68 59 52 60 49 15 31 69 37 10 54 53 60 60 75 47 53 14 51 46 12 49 42 52 51 5 29 18 18 36 38 55 41 59 44 51 11 43 47 38 36 35 64 65 25 70 9 51 48 58 62 43 31 44 46 47 39 34 47 55 56 13 30 11 14 20 59 36 47 43 49 47 32 59 61 49 49 50 30 59 44 18 20 66 19 45 46 69 62 56 12 42 38 28 19 30 49 65 27 10 44 38 29 27 8 19 55 34 19 48 28 10 49 20 35 36 25 66 43 54 54 24 50 28 9 24 18 22 65 53 19 44 32 51 39 39 42 54 64 50 41 38 22 12 22 45 37 73 25 69 62 25 25 39 51 41 53 59 43 20 40 34 25 55 56 47 47 50 50 31 34 43 51 55 46 71 4 33 18 55 73 45 55 13 47 8 21 8 49 34 70 28 51 37 35 55 47 39 52 45 10 53 42 53 54 47 52 70 52 56 28 59 55 33 57 46 19 49 13 21 37 60 46 29 41 56 29 9 25 52 18 38 54 45 43 68 17 50 36 45 49 46 13 18 49 47 30 63 77 68 52 9 52 17 42 50 59 13 35 34 8 50 47 58 52 58 41 39 29 34 35 3 62 30 59 17 52 51 35 30 64 56 21 39 46 27 29 28 55 32 45 45 47 36 0 39 51 72 1 63 8 28 38 43 58 58 41 33 50 36 44 27 29 41 47 5 28 47 51 37 44 49 5 50 39 44 60 42 17 62 54 42 46 36 43 40 50 66 50 51 61 49 46 57 69 50 62 50 17 31 76 50 42 43 44 8 49 9 26 43 57 56 35 47 48 54 57 26 49 47 53 64 49 8 18 57 6 50 24 17 35 57 57 25 25 74 46 61 53 59 25 20 29 10 54 60 50 52 60 48 51 18 36 45 35 65 46 53 34 37 44 43 42 49 29 7 32 45 24 49 29 5 24 61 37 51 52 21 29 33 49 56 44 35 36 57 23 20 34 51 57 58 69 60 48 45 25 28 22 53 46 76 57 47 40 10 48 56 49 24 32 50 54 28 54 55 31 39 27 42 44 44 63 17 43 25 17 42 40 43 62 53 57 38 55 43 22 45 45 33 51 44 49 46 51 49 51 47 35 22 32 41 46 18 50 49 51 23 56 46 66 56
63 41 21 72 43 48 34 50 54 46 20 25 61 55 6 30 60 56 36 33 35 55 37 25 40 52 16 37 49 33 55 56 34 58 23 55 42 12 39 21 50 55 32 33 15 56 29 60 66 15 40 69 65 29 54 30 45 63 37 12 23 47 3 43 23 10 54 55 31 43 49 13 12 55 39 51 52 36 52 33 64 55 39 48 60 45 6 24 53 57 7 26 17 20 28 43 32 27 48 25 57 50 54 24 31 30 34 58 36 61 29 11 51 61 22 34 45 24 21 20 52 39 40 30 6 14 36 44 35 37 50 25 31 6 32 34 34 40 33 59 13 21 32 17 41 11 35 23 18 22 55 17 55 45 21 14 22 32 17 35 37 56 31 35 11 43 47 15 12 40 62 42 60 44 57 39 28 20 37 29 59 39 55 43 47 33 16 64 48 35 60 64 36 62 51 18 39 48 43 48 61 58 38 57 52 61 25 12 59 35 39 24 61 61 18 17 33 22 34 32 33 50 57 53 32 49 4 51 18 17 35 38 6 32 61 60 17 53 48 19 52 16 57 30 21 54 53 31 8 21 35 35 21 28 31 37 11 63 20 52 41 16 24 28 59 54 52 56 49 23 59 56 7 69 14 29 22 45 45 13 52 62 57 20 32 66 40 4 53 27 42 24 14 35 55 23 38 55 38 29 28 13 42 34 36 42 14 39 42 52 31 14 32 41 43 45 48 38 17 39 16 62 23 36 9 41 12 39 0 34 61 40 48 36 48 29 12 27 44 32 21 35 33 23 49 18 57 18 39 53 44 32 52 50 60 35 43 21 62 38 54 44 60 46 61 46 25 49 51 39 54 27 35 50 51 42 45 56 62 53 27 25 39 62 56 50 15 19 39 65 34 14 54 19 47 8 64 10 19 19 32 16 34 53 43 12 42 42 54 35 67 17 39 42 21 58 25 49 59 35 47 16 22 48 32 51 33 16 54 15 20 56 23 57 23 16 36 5 44 15 42 33 18 29 27 36 11 19 38 8 7 48 40 23 36 50 35 42 57 68 29 11 56 47 56 38 54 17 61 47 38 20 54 41 25 59 34 26 26 30 51 44 52 9 61 57 25 45 40 59 45 59 16 13 65 40 29 50 33 44 58 21 61 53 37 56 23 62 17 29 40 15 33 52 63 52 50 35 25 32 45 34 13 13 31 33 61 71 43 56 60 19 38 10 3 36 43 66 26 50 18 48 62 53 29
30 58 37 53 33 31 1 41 38 15 41 23 36 23 31 4 46 23 40 32 9 36 32 16 35 39 20 51 33 48 22 25 4 25 27 27 10 28 40 22 19 40 42 5 30 24 19 27 48 33 41 49 48 41 29 9 14 40 47 33 38 45 35 24 20 25 22 34 5 48 27 26 24 42 23 18 18 30 20 50 41 31 8 14 43 33 32 11 29 42 32 9 34 28 40 32 41 47 46 24 44 25 34 12 5 20 11 26 5 39 6 32 18 43 39 33 15 33 14 14 20 13 7 48 29 22 27 42 25 6 17 24 47 33 15 25 26 47 34 32 24 41 4 28 46 30 34 17 19 28 22 18 27 13 29 27 24 43 39 36 33 22 6 34 25 30 18 19 22 16 37 13 36 23 42 35 44 34 11 14 26 33 22 11 41 28 19 42 28 3 31 48 34 47 37 30 6 15 16 22 38 33 26 46 32 38 19 26 25 48 26 36 34 28 17 30 39 14 50 32 44 23 45 20 25 20 32 36 29 19 15 5 33 49 35 43 27 24 23 22 20 25 29 24 33 24 41 13 32 39 4 39 34 15 16 9 36 47 27 44 47 34 15 33 45 25 30 37 18 41 35 43 32 51 23 39 39 17 19 29 19 30 24 20 43 44 40 33 27 20 44 18 23 43 30 13 8 28 7 11 13 31 27 19 49 11 28 8 41 25 4 23 23 14 9 41 29 10 28 29 28 37 20 10 27 13 24 51 34 0 27 51 14 44 39 13 23 19 11 12 20 3 18 12 42 25 39 18 54 46 17 4 36 27 37 48 13 15 45 10 35 43 28 13 45 20 15 26 32 9 21 9 2 17 25 16 12 23 39 20 9 36 26 29 32 29 20 16 46 45 43 39 33 35 14 29 45 31 25 33 27 22 5 25 13 29 49 40 23 46 47 33 39 26 26 29 27 43 26 8 13 29 30 42 33 42 50 30 22 24 21 24 13 32 43 21 9 34 14 21 9 20 19 8 9 14 31 25 46 36 31 43 10 23 47 45 14 24 32 47 30 38 46 20 27 13 41 20 33 43 35 19 28 8 22 26 13 8 9 26 44 40 23 30 28 27 9 24 45 37 12 35 40 27 45 7 24 19 7 32 44 26 45 31 12 23 39 45 32 35 17 20 10 18 38 20 33 4 11 30 20 7 26 29 8 3 42 52 14 29 38 19 34 30 32 8 41 46 10 22 35 17 43 20 13
8 80 61 52 46 39 27 52 45 17 66 45 33 15 57 31 52 10 60 52 28 41 50 40 51 48 47 73 43 70 7 17 28 5 49 25 19 54 59 47 15 47 64 29 55 15 39 8 50 58 59 49 50 63 30 34 20 38 67 59 62 60 61 36 44 51 15 37 31 66 34 52 50 49 37 10 10 48 15 73 40 33 22 14 46 45 58 37 31 47 58 35 59 52 63 45 62 71 61 46 51 29 38 38 31 41 30 15 26 38 32 58 13 46 63 53 21 57 40 41 12 26 21 72 55 48 44 58 42 26 13 47 70 59 36 44 45 66 54 27 50 66 30 53 65 56 53 42 45 52 6 44 23 19 53 53 48 65 65 55 51 8 31 54 51 42 22 46 49 30 33 23 35 33 49 52 67 58 29 37 4 49 7 20 54 47 45 41 35 26 21 51 52 52 46 55 22 16 26 27 37 32 42 55 37 36 42 52 2 69 40 60 30 2 44 55 59 40 72 51 65 26 53 12 44 22 58 45 54 45 34 24 60 72 32 47 52 21 28 47 14 51 23 45 56 20 50 34 58 63 27 59 59 38 36 27 63 51 51 55 66 60 39 55 51 22 33 41 16 65 34 50 59 52 49 61 64 24 26 55 10 7 4 45 64 41 57 59 28 41 62 42 50 64 29 39 25 26 23 35 37 57 40 37 70 21 54 24 58 24 30 49 43 25 19 56 37 27 53 44 54 31 44 29 54 25 51 72 61 27 0 71 14 65 51 36 49 41 17 33 45 27 37 39 54 51 44 44 76 57 25 30 44 32 37 70 23 42 48 26 39 60 16 18 50 27 40 33 38 24 7 35 26 12 27 27 17 6 38 10 35 59 42 6 31 35 46 42 66 45 63 65 37 59 17 56 46 57 50 57 47 48 29 23 22 55 68 57 18 67 47 58 57 39 50 22 49 56 9 29 15 54 53 55 53 53 73 55 13 50 46 14 39 30 68 47 28 61 20 47 21 39 45 33 35 31 57 50 66 63 58 56 24 47 68 57 31 36 31 44 52 64 55 24 21 29 49 46 26 57 53 44 27 20 44 4 32 35 36 47 55 55 22 56 9 21 36 34 64 37 17 35 66 53 44 22 45 19 29 44 49 50 49 35 29 10 63 48 57 57 31 47 31 10 35 16 41 27 37 50 29 30 52 54 32 29 43 50 24 28 39 45 52 57 58 28 58 46 36 24 60 17 45 8 36
77 11 59 51 28 37 51 28 36 64 21 59 52 58 44 49 37 71 12 20 57 40 22 35 22 32 37 5 35 8 69 58 53 67 59 52 59 49 14 31 68 36 10 53 53 59 60 74 46 53 13 50 45 12 48 42 51 50 5 29 18 17 37 37 55 40 58 43 51 10 42 48 38 35 35 64 64 24 70 10 50 47 58 61 42 30 44 46 47 38 34 46 55 57 13 29 10 15 19 59 35 46 42 48 47 31 58 60 48 48 49 30 58 43 18 19 65 19 45 46 69 62 55 13 42 38 27 18 29 48 65 27 10 44 37 28 27 7 18 54 34 20 47 28 9 49 19 35 35 24 66 43 53 53 24 50 28 9 24 17 21 64 52 18 43 31 50 39 39 42 53 63 49 40 37 21 12 21 44 37 72 24 68 61 24 25 39 50 40 53 58 42 20 39 33 25 55 56 46 46 49 49 30 33 42 50 55 47 70 5 32 18 54 73 45 55 13 47 8 20 8 48 33 69 28 50 37 34 55 47 38 52 45 10 52 41 54 54 46 52 70 51 55 28 59 54 32 57 46 19 49 13 20 36 59 45 30 40 55 28 8 25 52 18 37 53 44 42 68 17 50 35 45 48 46 13 18 48 46 29 62 76 68 52 9 51 16 42 49 58 12 34 34 8 49 47 58 51 57 40 38 29 33 35 4 61 30 58 16 51 50 35 29 64 55 20 39 45 27 29 28 54 32 44 45 47 36 1 40 51 71 0 62 7 27 38 43 57 58 40 33 49 35 44 26 29 40 47 6 27 47 51 36 43 48 5 49 39 43 59 41 16 61 54 41 45 36 42 39 49 65 49 50 61 48 45 56 69 49 61 50 17 30 76 49 41 43 43 7 48 9 26 42 57 55 35 46 48 54 57 25 49 46 52 64 49 7 17 56 6 49 25 16 34 57 57 25 24 74 45 60 53 59 24 19 28 10 54 59 50 52 60 48 50 18 36 45 35 65 46 53 33 36 44 43 41 49 29 6 32 45 23 48 28 5 23 61 36 50 51 21 29 32 48 55 43 34 36 56 22 19 34 50 56 58 68 60 47 45 25 27 21 52 46 76 56 47 39 9 47 55 48 24 32 49 53 27 54 55 30 38 26 41 43 43 62 17 42 24 16 41 40 42 61 52 56 37 54 42 22 44 45 33 51 43 48 45 50 48 50 46 35 21 32 41 46 17 49 49 50 23 55 45 65 56
16 70 48 53 39 35 14 47 42 6 55 33 33 16 44 18 49 10 51 43 15 39 42 29 43 44 34 63 38 60 8 18 15 12 37 25 7 41 50 35 8 44 54 16 42 16 27 13 49 45 51 49 49 53 28 22 13 38 58 47 51 53 49 29 31 39 14 35 18 58 30 39 37 46 30 5 4 39 10 62 40 31 10 1 45 39 45 24 29 44 45 22 46 39 52 38 52 60 54 34 48 26 36 25 18 31 17 18 15 38 19 46 9 45 52 44 10 46 27 28 7 14 8 61 42 36 36 51 34 15 4 37 60 46 25 35 36 58 44 28 38 54 17 41 57 43 44 30 33 41 9 31 23 11 42 39 37 55 53 46 43 11 18 45 38 36 16 33 36 22 34 12 35 27 46 44 56 47 19 26 12 41 8 7 48 38 32 41 31 13 24 50 44 50 42 44 9 10 19 22 37 32 34 51 34 36 29 39 12 59 33 49 31 14 31 42 50 27 62 42 55 23 50 8 35 19 45 41 41 32 24 11 47 61 32 45 39 19 23 34 9 38 24 35 43 20 46 21 45 52 15 50 48 27 24 17 50 50 38 50 57 48 27 45 49 22 31 39 9 54 34 47 46 51 36 51 53 18 21 43 7 16 11 32 54 43 49 46 26 29 54 30 37 55 28 26 12 25 11 23 25 45 33 28 60 9 42 11 51 22 17 37 34 13 7 49 33 17 42 36 42 33 33 18 41 17 38 63 48 14 14 62 0 55 45 25 36 28 5 22 33 14 27 26 48 39 42 31 66 52 19 17 40 28 36 60 14 29 47 13 37 52 20 11 48 22 28 29 35 14 8 22 14 5 25 19 7 9 38 9 22 49 34 15 30 32 33 29 57 45 54 53 35 46 9 43 45 44 37 44 37 35 17 21 11 42 59 49 17 57 47 46 48 32 37 23 39 50 13 17 2 41 41 49 44 48 63 42 14 36 33 15 26 30 56 35 18 48 10 34 10 29 33 21 22 22 44 38 57 50 45 50 14 36 58 51 19 30 31 45 42 51 51 19 22 20 45 34 29 50 45 32 26 7 32 13 20 22 23 38 50 48 20 43 15 22 23 28 56 36 8 34 54 41 44 10 35 15 17 38 46 39 47 33 19 13 52 47 45 47 23 34 20 8 36 13 37 14 25 41 23 18 39 42 20 16 42 51 16 27 38 33 43 44 45 17 50 46 23 21 49 12 44 7 23
71 16 55 47 23 31 45 24 32 58 19 54 46 52 40 43 34 65 6 13 51 35 16 29 16 28 32 9 29 9 62 52 47 61 54 46 53 44 9 25 62 32 5 47 48 53 54 68 42 49 8 46 41 7 42 35 45 45 3 25 14 14 33 31 50 36 52 38 45 8 36 43 33 31 28 57 58 18 63 12 45 41 51 55 37 25 40 40 41 33 30 40 51 52 8 23 4 15 16 54 31 40 37 42 40 25 52 54 42 43 43 26 52 38 14 13 59 13 39 40 62 56 49 13 37 32 21 14 23 42 59 21 11 40 31 22 20 5 12 48 29 18 41 23 6 44 13 29 30 19 59 38 48 47 19 45 22 5 21 10 15 58 46 12 39 26 44 34 34 35 47 57 44 34 33 15 10 17 38 31 66 18 61 55 20 18 34 45 35 47 52 39 14 36 29 20 49 49 39 40 43 44 24 29 36 45 50 42 63 6 26 13 48 66 40 50 6 41 10 14 3 42 30 63 21 44 33 29 50 42 32 45 42 12 47 36 49 47 40 46 63 47 49 21 54 48 28 51 42 16 42 6 16 30 54 39 26 37 51 24 5 21 46 12 33 47 38 37 62 15 44 31 41 44 41 8 15 42 40 25 56 70 61 47 4 47 11 38 43 53 8 28 28 1 43 41 51 45 51 34 32 24 27 28 6 55 25 52 12 45 44 29 23 57 49 16 33 39 22 22 23 49 26 38 40 40 31 8 36 44 65 7 55 0 23 31 38 52 51 34 27 43 29 38 22 24 36 42 12 23 40 45 31 37 42 7 43 33 39 53 35 12 55 47 37 39 30 36 34 43 58 43 44 54 42 39 50 62 44 55 44 12 24 69 43 35 38 38 4 44 2 24 37 53 49 30 41 44 49 52 19 44 40 46 57 44 7 12 50 3 45 20 11 28 52 51 19 20 67 39 54 48 54 20 13 24 13 49 53 45 47 53 42 45 17 31 39 32 58 40 46 27 31 38 36 35 45 24 3 29 41 19 42 22 4 20 55 30 44 47 14 26 28 42 49 37 29 31 50 18 13 28 44 50 53 62 54 41 38 19 23 16 46 41 69 50 41 33 5 41 49 43 22 27 45 47 21 47 49 25 34 21 37 37 37 56 14 38 20 10 34 35 36 55 47 50 32 48 36 15 38 38 28 46 37 42 41 47 42 44 41 29 15 27 37 39 13 44 43 44 19 49 41 59 50
58 37 64 26 7 12 40 3 10 49 37 56 26 36 49 39 13 53 18 16 47 13 12 28 9 5 37 31 9 30 50 35 42 46 58 27 45 52 14 29 53 9 25 43 55 37 54 56 20 57 15 24 19 26 23 31 33 24 24 38 31 11 46 16 52 43 36 17 41 19 18 50 40 9 16 45 46 13 54 33 23 21 45 44 16 7 50 39 22 12 42 39 59 57 26 8 23 36 11 57 9 23 16 43 36 21 49 38 34 22 40 38 39 17 32 15 52 26 40 42 51 51 41 35 47 39 14 10 15 34 48 24 33 51 25 16 16 21 16 29 36 36 36 32 19 53 14 30 34 27 46 41 30 35 28 52 27 26 38 15 11 43 43 15 46 10 30 38 40 24 26 51 23 19 11 9 31 31 29 26 52 9 49 47 4 16 38 23 16 41 34 18 13 15 7 30 41 37 26 24 22 24 14 10 16 23 51 49 50 28 14 28 28 52 43 57 20 42 33 16 25 25 10 52 18 29 44 7 57 45 24 38 52 34 26 15 55 31 23 51 53 52 31 19 61 31 6 49 52 33 36 18 30 27 53 31 41 16 56 6 20 35 47 22 12 30 19 15 52 33 23 9 51 23 46 24 32 28 25 35 43 57 47 50 25 25 12 49 25 54 16 29 35 22 24 42 45 27 45 30 29 36 13 21 28 48 34 46 12 28 40 36 18 52 39 8 14 30 31 11 32 28 27 29 48 29 38 28 48 39 51 27 45 23 0 27 44 53 41 28 30 37 22 38 4 31 14 45 33 7 27 41 9 19 21 29 31 35 17 48 14 12 37 35 15 24 29 19 14 33 45 42 38 42 24 26 39 49 23 41 43 26 13 56 23 16 42 40 21 21 23 40 16 61 36 41 20 53 54 60 17 48 34 29 51 52 22 11 34 26 23 33 13 14 56 32 23 5 55 32 44 55 60 5 17 4 34 56 38 50 50 37 43 25 36 36 30 45 51 45 36 20 35 34 33 25 53 30 22 43 51 6 32 26 26 7 52 16 24 24 19 41 9 27 32 27 8 35 30 7 11 31 25 41 55 48 51 40 37 19 5 7 29 50 57 32 40 18 19 20 38 22 39 36 23 38 20 33 45 8 12 27 15 18 28 41 31 16 32 21 23 40 30 42 26 35 11 43 35 16 23 32 36 54 32 37 19 25 29 25 19 32 11 39 48 31 11 23 42 27 34 35 18 46 49
41 45 39 47 21 23 14 30 29 27 30 30 33 27 28 13 37 34 27 19 21 29 20 5 22 29 14 38 24 35 33 28 16 33 32 26 22 28 27 11 31 31 29 17 31 28 27 38 41 33 28 43 40 28 26 5 17 35 34 24 26 33 29 16 26 21 26 28 15 35 21 25 18 32 13 28 28 18 33 37 36 27 21 25 35 22 29 13 25 33 25 12 35 32 27 20 28 35 34 30 34 22 27 16 10 8 23 30 11 34 13 24 24 36 27 20 28 21 14 15 32 25 18 36 25 16 15 30 13 11 28 12 35 30 3 12 14 34 21 31 17 30 10 17 33 29 21 6 12 16 31 16 27 18 17 28 12 30 29 23 21 30 17 21 22 19 19 15 18 11 34 26 32 16 33 23 32 22 9 1 36 21 32 24 29 15 14 37 21 16 32 40 21 38 28 19 18 21 15 19 33 30 14 36 25 33 25 25 35 35 15 24 32 37 17 32 26 16 37 19 31 21 35 32 12 21 26 27 32 20 6 15 31 37 32 35 29 25 19 25 33 27 29 11 36 26 31 23 30 27 11 26 23 2 26 9 28 39 30 33 34 24 20 20 36 26 24 30 31 29 31 33 30 44 22 26 28 16 17 20 27 40 33 24 30 39 27 29 25 27 32 7 16 31 26 15 21 26 20 3 2 22 17 7 36 24 19 21 29 24 14 16 11 27 19 28 22 10 18 17 18 34 8 8 26 13 18 38 29 13 36 38 25 31 27 0 20 26 21 4 10 12 6 11 30 15 32 19 41 34 16 15 27 22 32 35 15 10 38 22 27 31 32 19 37 17 4 21 25 13 30 15 13 25 23 14 20 33 34 27 16 24 15 40 28 23 18 15 33 39 30 30 27 37 20 23 38 30 28 35 14 23 9 25 26 29 36 28 26 33 41 22 26 16 30 30 14 31 37 8 24 30 34 30 20 31 38 32 27 25 24 28 16 29 32 14 9 28 27 20 16 8 12 7 7 8 30 14 33 29 29 31 13 11 34 33 26 15 29 41 17 29 36 19 28 9 31 13 33 31 23 9 26 19 28 34 24 13 10 13 32 28 24 28 39 29 13 17 32 31 19 31 30 19 39 16 11 22 19 21 35 14 36 25 9 29 28 37 21 22 11 16 5 26 34 24 25 17 9 17 16 8 17 30 6 11 35 45 15 27 33 11 22 23 28 9 29 40 15 22 25 21 37 29 22
51 46 20 66 38 42 23 46 48 35 26 17 52 44 9 19 55 44 36 31 24 48 33 18 37 47 8 41 43 37 44 45 22 47 16 45 31 8 38 15 39 49 33 21 12 45 19 48 60 14 39 62 59 32 45 19 34 55 40 16 26 45 14 35 13 3 43 47 19 44 41 6 5 50 32 40 40 32 40 38 56 47 28 36 54 40 10 13 45 51 12 15 16 15 31 38 34 33 46 17 52 42 47 12 20 24 23 47 25 53 18 15 40 55 26 32 33 25 10 9 41 27 29 35 7 6 30 42 30 26 38 21 35 11 23 28 29 42 31 50 10 26 21 16 42 10 33 15 10 20 44 5 46 34 20 9 18 35 23 33 34 45 19 32 3 37 37 6 5 30 53 30 52 36 51 36 32 22 27 21 48 35 43 31 44 28 7 57 41 24 50 58 33 56 46 18 28 37 33 39 53 49 32 53 45 53 14 5 47 39 33 26 52 50 6 14 33 10 38 30 35 40 53 41 26 39 10 45 13 6 26 27 12 37 52 54 12 43 39 10 40 10 48 25 18 44 48 20 10 25 24 35 23 20 20 26 18 57 14 49 42 19 13 27 54 44 44 50 38 27 51 51 11 63 3 31 26 35 36 14 41 51 46 10 34 59 38 11 44 17 41 16 10 37 46 11 26 46 27 19 19 15 35 26 40 31 14 27 41 43 20 9 26 30 32 42 41 27 17 34 15 54 17 25 6 31 7 43 12 23 49 43 36 38 44 20 0 17 33 22 14 23 25 12 46 15 51 7 43 50 34 20 46 41 52 39 32 11 56 26 47 43 49 35 56 36 17 40 44 29 43 15 24 39 42 32 34 44 54 42 15 26 33 50 48 42 3 7 41 58 36 22 46 18 36 10 57 10 12 17 27 7 23 44 31 9 44 40 43 38 60 19 37 35 15 48 22 46 47 24 35 12 17 45 30 47 38 13 44 8 10 45 11 48 28 9 25 13 33 4 31 26 10 18 17 27 10 15 40 17 10 45 29 18 39 47 24 35 49 60 27 19 52 37 46 28 49 9 52 45 35 13 45 30 16 48 23 15 15 26 48 42 42 8 49 47 14 37 41 51 33 51 23 12 58 29 24 39 21 39 53 18 55 45 27 45 27 56 19 29 31 5 23 41 54 41 44 23 14 29 36 23 10 10 20 21 55 64 33 47 52 12 35 13 10 25 41 60 14 41 21 38 56 42 18
41 62 21 71 47 48 18 55 55 25 42 5 54 41 21 16 63 33 50 43 14 53 44 26 47 55 21 56 50 52 35 43 16 40 9 46 22 16 51 28 28 56 48 15 15 42 3 38 66 18 52 67 65 46 47 23 32 58 54 32 41 57 29 41 4 19 39 51 15 58 45 15 21 58 38 33 32 42 29 53 59 49 19 29 60 48 22 14 47 58 28 15 19 11 45 46 48 49 58 6 60 44 52 11 19 33 12 43 23 57 15 31 35 61 42 44 22 39 14 12 31 15 23 51 21 20 40 54 38 25 29 33 51 23 29 38 38 56 44 50 25 42 20 30 56 17 45 25 23 34 37 15 45 31 34 14 31 49 39 46 45 38 13 45 17 45 36 19 20 34 55 18 54 40 59 47 48 37 28 27 39 46 35 22 54 39 19 60 45 19 49 65 45 64 53 33 22 33 34 40 56 51 40 62 49 56 3 15 39 54 40 41 53 41 13 15 47 12 54 42 50 42 61 30 36 39 26 52 14 11 31 23 23 52 54 60 12 42 41 8 30 12 47 35 16 43 57 8 21 41 22 49 38 27 6 27 34 64 11 58 56 35 7 41 61 44 48 55 27 43 54 59 22 68 14 45 42 35 37 29 34 41 38 7 49 62 51 24 46 1 55 26 24 51 48 12 17 47 19 23 25 31 42 33 55 21 29 18 53 43 16 23 35 18 26 53 46 28 31 43 31 55 28 27 18 31 23 58 27 19 41 57 28 52 53 26 17 0 26 26 25 21 32 16 56 29 57 11 59 60 35 15 52 45 55 54 31 20 62 16 52 55 46 32 62 38 25 44 49 27 36 12 20 32 44 34 29 36 57 36 11 41 41 40 50 47 15 15 55 63 50 38 51 18 32 26 62 19 10 16 38 11 23 43 19 17 58 52 41 52 65 34 50 42 9 47 34 56 37 25 28 14 13 55 43 56 54 15 40 12 8 41 11 50 44 22 26 29 21 13 27 33 22 20 20 30 18 29 54 33 21 56 28 30 53 58 11 40 51 65 40 35 61 38 45 30 56 22 52 56 47 24 46 24 4 41 9 14 17 37 58 52 42 19 39 46 13 41 55 55 29 54 39 27 63 24 35 37 13 47 60 32 61 49 29 39 43 62 34 43 34 18 25 35 56 38 50 17 18 41 38 24 26 16 22 20 59 69 32 48 56 24 46 29 24 25 53 64 12 41 37 35 61 34 6
20 66 46 51 36 32 11 43 39 8 50 31 32 15 41 15 47 14 47 39 13 36 38 25 39 41 30 59 35 56 12 17 12 14 35 23 5 38 46 31 12 41 49 13 39 16 26 18 47 42 47 47 47 49 26 18 10 36 54 43 47 50 45 26 29 35 14 32 14 54 27 36 34 42 26 8 8 35 13 58 38 29 8 4 42 35 42 21 26 42 42 19 43 37 48 35 48 56 50 32 44 23 33 21 14 27 16 18 10 36 16 42 9 42 48 40 12 42 24 25 11 14 4 56 39 32 32 47 30 10 8 32 56 43 21 31 32 53 40 27 34 50 13 37 52 40 40 26 29 37 12 28 22 8 38 37 33 51 49 42 39 13 15 40 35 32 14 30 33 18 32 12 33 24 43 40 52 43 14 22 16 37 12 7 44 34 29 39 28 9 24 47 39 47 39 39 5 8 16 20 35 30 30 48 31 34 27 35 15 55 29 44 30 18 28 39 45 24 58 38 51 20 47 12 31 16 42 38 38 28 20 7 44 57 31 42 36 18 21 31 13 35 23 30 41 19 43 19 42 48 11 46 43 22 22 13 46 47 36 46 53 44 24 41 46 20 28 36 12 50 32 43 43 49 33 47 48 15 18 39 9 20 14 29 50 41 45 43 24 27 50 26 33 50 26 23 10 24 9 19 21 41 29 24 56 9 38 9 47 20 14 33 29 14 3 45 29 13 37 32 38 32 28 14 38 13 34 58 44 11 17 58 5 51 41 21 33 26 0 18 29 10 23 22 44 35 39 27 61 48 15 13 36 26 34 56 11 25 44 12 34 48 20 8 45 19 24 26 32 9 11 18 10 7 22 16 4 13 36 10 19 44 30 19 28 29 30 26 53 43 50 49 32 44 7 39 43 41 34 42 33 32 13 20 12 39 55 45 16 53 45 42 44 28 35 23 34 46 17 13 3 38 38 45 39 44 58 39 14 34 30 15 22 28 52 31 13 44 11 31 6 25 29 17 18 17 41 34 52 46 42 46 10 32 54 48 18 26 29 44 38 48 48 17 20 16 42 30 28 46 41 28 24 3 30 16 19 19 19 33 46 44 18 40 19 21 20 25 52 34 5 32 50 37 42 5 31 13 14 34 44 35 44 30 15 13 48 44 41 42 19 30 16 9 34 13 33 11 21 37 19 14 35 39 16 12 40 49 13 26 36 29 39 40 42 13 46 44 19 19 45 10 42 10 21
38 48 41 45 22 22 13 30 29 25 34 30 31 24 30 12 37 32 30 22 20 28 21 8 24 29 17 41 24 38 30 25 15 30 33 24 20 30 29 14 29 30 32 15 33 25 27 35 40 35 30 42 39 31 23 4 14 33 36 27 29 34 32 15 26 24 23 26 14 37 20 27 21 32 12 25 25 19 30 40 35 25 19 22 34 22 31 13 23 32 27 12 37 33 30 21 30 39 35 31 34 20 26 16 9 9 22 27 9 32 13 27 21 35 30 22 26 24 15 17 29 24 16 39 28 19 16 31 14 8 25 15 38 32 4 14 15 36 23 28 19 33 8 20 35 31 23 10 15 19 27 18 24 15 20 29 15 33 32 25 22 27 16 23 25 19 15 17 20 9 31 24 30 15 33 24 35 26 6 4 33 22 29 22 30 17 16 35 20 14 29 39 23 38 27 22 15 18 12 17 31 27 15 36 24 31 25 27 32 38 15 27 30 34 19 34 28 17 40 21 33 19 35 30 13 18 29 26 33 21 5 12 33 39 30 34 31 22 17 26 30 29 26 13 37 23 31 22 32 31 9 29 26 5 25 6 31 38 32 33 36 27 21 23 35 23 23 29 28 32 29 33 32 43 24 29 31 14 14 23 24 37 30 25 33 37 29 32 22 27 33 10 18 33 24 16 19 24 18 4 4 25 16 7 38 22 22 19 30 21 13 19 12 25 16 30 20 7 21 18 21 32 11 5 28 10 21 41 32 12 33 40 22 34 28 4 22 26 18 0 13 10 6 13 31 18 31 20 44 35 13 14 26 20 30 38 12 12 37 21 26 32 29 16 36 14 8 19 23 10 27 15 11 22 20 11 17 30 33 24 16 27 16 37 26 21 20 16 35 37 32 33 25 38 17 26 37 32 29 37 16 25 7 22 25 31 38 29 23 35 39 25 28 16 32 27 17 32 34 5 21 32 35 31 22 31 41 33 24 27 25 25 17 26 35 17 5 31 25 22 13 9 15 7 7 5 32 17 35 32 32 31 9 14 36 34 25 14 27 39 20 32 36 16 25 7 31 16 30 32 24 13 23 16 29 31 24 13 10 16 33 29 21 30 37 26 14 15 35 30 16 29 33 22 37 13 14 19 18 21 34 17 35 24 5 26 31 36 24 25 9 19 3 23 32 21 24 16 10 19 14 5 21 32 5 10 34 44 12 25 31 13 23 26 30 6 30 39 15 19 28 18 35 26 22
49 39 34 52 25 29 20 32 34 34 22 28 41 36 20 17 42 42 25 18 25 35 20 5 23 33 7 33 30 29 40 37 21 41 29 35 29 22 26 3 38 36 24 21 26 37 28 46 47 28 27 49 46 22 34 12 26 43 29 15 19 32 20 23 24 14 35 34 19 33 29 20 10 37 19 36 36 18 39 31 43 35 27 32 41 26 21 13 33 38 16 14 30 28 22 24 23 28 33 28 38 30 34 16 15 10 26 39 19 41 17 15 33 42 20 19 34 15 13 13 39 30 25 29 18 9 17 29 16 19 35 8 29 22 12 15 15 31 19 39 8 22 16 9 31 23 20 4 4 9 39 12 36 27 10 22 6 25 21 21 21 39 20 20 16 24 28 9 10 20 42 31 39 24 38 23 25 15 18 9 44 22 40 30 30 15 8 44 28 22 41 45 20 43 32 11 25 30 23 28 40 37 18 39 32 41 24 19 43 30 20 17 41 46 14 27 22 15 31 17 26 30 39 40 13 29 17 32 27 16 15 22 24 30 40 40 25 33 28 21 39 23 38 11 31 34 35 25 23 20 19 24 15 8 27 18 19 44 26 35 31 15 20 16 40 35 32 37 37 22 39 37 23 49 17 21 20 26 26 11 35 48 41 21 25 46 26 21 33 26 30 3 7 26 35 15 26 35 26 10 9 13 22 13 31 30 10 27 28 33 18 7 13 32 27 29 28 19 9 20 9 42 3 17 19 22 9 33 21 20 45 33 33 27 30 10 14 25 29 13 0 19 13 11 32 6 38 16 35 36 24 19 32 29 39 30 24 7 43 27 34 30 41 28 42 26 6 28 31 22 38 17 20 34 31 22 28 41 42 36 18 17 20 48 36 30 13 12 30 45 25 21 34 31 29 14 44 23 24 30 14 19 17 34 32 23 33 27 35 28 47 14 25 22 27 39 9 32 45 17 32 25 30 31 18 33 31 27 36 21 21 37 16 37 24 6 17 19 33 16 25 13 5 13 11 16 24 5 29 20 22 32 21 5 29 34 28 22 37 48 15 20 39 28 37 19 35 5 41 32 22 1 34 26 27 43 27 15 12 12 34 28 33 21 47 38 14 24 30 39 28 39 22 9 45 24 11 31 22 25 39 7 42 33 18 38 20 42 13 18 20 10 14 35 42 33 30 23 10 16 25 16 9 24 13 18 42 51 24 35 39 3 22 13 20 18 28 47 16 31 16 30 43 38 23
30 57 39 51 30 29 4 39 36 15 41 25 34 21 32 6 44 23 39 31 11 34 31 15 33 37 20 50 31 47 22 23 6 24 29 25 10 29 39 21 20 38 41 7 31 22 21 27 46 34 40 47 46 40 27 8 12 38 45 33 37 43 35 22 22 26 20 31 7 46 25 27 24 40 21 18 18 28 21 49 39 29 9 14 41 31 33 12 27 39 32 10 36 30 39 29 40 47 44 26 41 23 32 13 5 19 13 24 3 36 7 32 17 41 38 32 17 32 15 16 20 14 7 47 30 22 25 40 23 4 17 23 47 34 13 23 25 46 32 30 24 40 4 27 45 31 32 16 19 27 21 18 25 11 28 28 23 42 39 34 32 22 8 33 26 28 15 20 23 14 34 15 34 21 40 33 43 33 9 13 26 31 22 12 39 26 19 40 26 4 29 46 32 45 35 30 6 14 14 20 35 31 24 44 30 35 20 27 25 47 23 35 32 27 19 32 37 15 49 30 42 21 43 21 23 18 32 34 31 20 14 4 35 48 33 40 29 22 20 23 21 27 27 22 34 22 39 15 33 38 1 38 34 14 19 7 36 45 29 42 45 34 17 32 43 24 27 35 19 40 33 41 34 49 24 38 39 15 17 29 18 30 23 22 42 42 38 34 25 22 43 17 23 42 27 14 10 26 9 10 12 31 25 17 47 13 28 10 40 23 5 23 22 16 9 39 27 8 28 27 28 34 19 8 29 10 25 50 35 3 27 49 14 43 37 12 23 21 10 10 19 0 16 13 39 25 37 19 53 44 15 6 34 25 35 47 10 15 43 11 32 42 27 12 43 18 15 24 30 7 20 10 1 16 23 14 11 22 37 19 11 35 25 29 30 27 20 16 45 43 41 39 31 36 13 30 43 32 27 35 25 23 4 23 15 30 48 39 21 45 45 32 37 24 28 27 25 41 26 5 13 30 32 40 31 40 49 32 21 25 22 22 14 29 43 21 7 34 16 22 8 18 19 7 9 12 32 24 44 37 33 41 8 22 45 43 16 22 30 44 29 38 44 17 25 11 38 20 31 41 34 19 26 8 24 25 16 10 10 25 42 38 21 31 29 26 11 22 44 34 10 33 40 27 42 6 23 17 9 30 41 25 42 29 10 22 39 43 31 34 15 21 8 18 36 18 31 7 11 29 18 6 26 31 7 2 39 49 12 27 36 19 33 31 33 6 40 44 11 20 35 15 41 19 15
42 44 45 41 16 17 19 24 24 30 32 35 28 25 33 18 31 36 24 16 26 23 15 9 18 23 19 37 19 34 34 25 21 33 37 23 25 33 24 14 34 25 27 21 37 26 33 40 35 39 25 37 35 27 21 10 17 30 31 27 26 28 33 10 31 26 25 22 20 31 16 31 23 26 7 29 30 13 35 36 31 22 24 26 30 16 34 18 20 27 28 18 41 38 26 15 26 35 29 36 28 18 22 22 15 5 28 28 14 28 19 27 24 30 27 17 32 21 20 21 34 30 21 35 30 21 10 25 8 13 30 12 34 34 4 8 9 31 18 27 20 31 14 19 30 35 17 11 16 17 31 22 24 18 18 33 14 29 31 19 16 30 22 18 28 13 17 20 22 8 29 30 27 11 27 18 31 23 9 5 37 16 33 27 24 11 19 32 16 20 29 34 17 32 22 21 21 21 12 15 28 25 9 30 20 28 30 30 35 33 9 24 28 38 23 38 23 22 36 15 29 17 30 35 8 18 30 21 37 25 3 18 36 36 28 29 35 22 16 30 35 33 26 8 42 23 25 28 35 28 15 24 24 6 31 11 31 33 36 27 31 26 26 19 30 23 19 25 34 30 26 27 35 38 27 25 28 14 14 23 27 42 33 29 28 34 23 34 21 33 28 10 19 28 22 21 25 23 24 9 8 25 11 1 34 28 22 25 25 21 19 20 7 31 21 24 16 10 20 12 20 30 11 9 31 12 22 36 33 18 37 35 27 29 22 6 25 32 23 6 13 16 0 17 25 18 26 25 39 29 13 20 21 17 27 34 15 15 32 27 22 26 29 19 31 14 9 16 19 14 30 20 17 26 19 11 21 34 29 27 21 23 10 41 24 17 23 20 30 33 27 32 21 42 20 26 32 35 34 41 10 29 13 22 30 34 33 23 24 31 35 24 22 10 36 27 13 26 39 11 26 36 40 25 17 25 37 37 26 31 30 26 22 24 32 18 10 31 31 26 18 3 17 13 12 6 35 17 30 32 34 25 13 13 32 28 31 10 25 35 15 31 30 16 25 8 25 17 29 26 19 13 22 22 34 34 30 19 16 11 27 23 21 33 41 26 19 12 29 26 20 26 32 22 33 18 9 20 24 15 29 16 30 20 8 28 28 31 23 20 8 21 9 27 30 23 19 22 14 14 12 11 21 35 11 16 30 39 14 23 27 15 17 26 32 11 24 35 21 19 26 21 31 30 27
41 49 29 57 32 33 12 40 40 25 31 19 42 33 20 8 48 34 35 27 15 40 29 11 32 40 9 43 35 39 33 34 12 36 21 35 21 18 36 13 29 42 34 12 21 34 18 38 52 23 37 54 51 33 35 9 23 45 40 22 29 42 23 27 15 14 32 38 9 43 32 16 12 43 24 29 30 27 31 41 47 37 18 25 46 33 21 3 35 44 20 4 25 21 32 31 34 38 43 19 45 32 38 5 8 17 16 36 14 44 8 21 28 47 29 28 25 25 3 5 31 20 18 39 17 10 25 39 23 15 28 18 39 22 14 22 23 41 29 39 13 31 9 18 41 20 30 9 9 20 33 7 35 23 20 17 16 36 29 31 30 34 10 29 14 30 26 8 11 20 43 22 42 27 44 32 35 24 16 12 37 30 33 22 39 24 7 47 32 13 39 51 30 49 39 21 17 26 23 28 43 39 25 47 36 43 14 15 37 40 26 27 42 39 7 22 32 5 41 26 36 30 46 31 21 28 20 38 21 9 17 16 23 40 42 45 19 32 29 14 31 17 37 20 25 33 42 14 21 29 12 34 25 12 17 15 25 50 20 43 41 24 10 26 47 34 35 41 29 31 41 44 22 55 12 31 30 24 26 18 30 41 35 13 35 49 36 21 34 17 40 10 13 37 36 5 17 35 17 9 10 20 27 18 41 21 17 18 38 32 9 12 20 22 21 38 32 17 19 27 18 44 13 15 17 20 13 44 23 12 39 44 26 38 38 11 12 16 22 13 11 13 17 0 40 16 43 8 46 44 24 10 38 32 42 40 21 5 48 17 38 40 38 24 48 26 10 31 35 18 32 6 13 28 32 22 23 34 45 31 7 28 26 40 38 33 9 5 40 49 36 28 37 26 25 18 49 20 17 25 23 13 12 33 22 19 43 37 32 38 51 23 35 27 20 37 20 41 37 13 25 20 23 40 28 41 41 21 33 15 13 34 6 38 33 10 14 23 24 10 19 18 8 7 6 17 21 15 39 25 21 41 18 16 39 43 18 26 39 51 25 27 46 27 35 18 42 9 41 40 32 10 35 19 18 37 17 5 3 22 43 37 32 19 39 36 4 27 40 42 23 41 30 16 49 18 20 28 13 32 45 18 47 36 17 33 30 48 22 28 21 9 12 30 44 30 35 14 3 26 26 12 15 20 9 11 46 56 22 36 43 9 31 19 21 14 38 51 6 30 25 27 47 31 13
61 36 66 26 9 15 43 3 12 52 37 59 28 39 51 42 13 56 17 17 50 16 13 30 10 7 39 30 12 30 53 38 45 49 60 30 48 53 14 31 56 11 24 46 57 40 57 59 21 59 14 25 20 26 26 34 36 26 22 39 31 9 47 19 55 45 39 20 44 17 21 52 42 10 20 48 49 14 57 33 25 24 48 47 17 10 52 42 25 13 43 41 61 60 26 10 22 35 9 59 10 26 18 45 39 24 52 41 38 24 43 39 42 18 32 16 55 26 43 44 55 53 44 34 48 40 16 8 18 37 51 26 32 52 28 19 18 20 17 32 38 36 39 33 18 55 15 32 36 28 49 43 33 38 29 54 29 25 39 16 13 47 46 15 48 13 33 40 42 27 29 54 25 22 12 10 31 31 32 29 56 11 52 50 3 18 40 25 19 43 37 18 14 15 9 32 44 40 30 27 24 26 17 9 19 26 54 51 53 27 16 28 30 56 45 59 20 45 32 17 24 28 9 56 20 32 46 10 59 48 27 41 54 33 29 16 57 34 26 53 56 55 34 22 63 34 7 52 53 33 38 17 31 29 55 34 42 16 58 3 19 35 50 23 12 33 22 17 56 33 26 9 53 23 48 24 33 31 28 37 46 60 51 52 24 26 12 51 28 57 15 31 37 22 27 44 49 30 48 33 31 37 16 24 26 51 36 49 11 31 43 38 21 55 42 7 17 33 32 14 34 30 30 33 50 32 40 27 49 42 54 26 48 22 4 30 46 56 44 31 32 39 25 40 0 33 15 47 32 5 30 44 12 22 23 28 34 37 17 50 17 11 40 38 16 27 31 22 17 36 48 44 40 45 27 29 42 52 25 44 45 27 16 59 26 19 44 43 20 23 22 40 19 63 39 42 21 54 56 62 19 51 37 32 54 54 20 10 37 25 24 34 12 17 59 35 25 3 58 34 47 57 62 2 18 2 34 58 41 52 52 40 45 27 36 38 34 46 54 47 39 23 37 37 36 29 55 32 20 44 53 4 35 28 25 4 55 19 27 26 20 42 8 30 35 30 9 37 33 5 12 33 28 44 57 51 54 42 40 21 3 6 32 52 60 35 43 21 18 22 41 24 39 37 24 41 22 36 48 11 12 29 15 20 31 44 31 16 33 22 26 42 33 45 28 39 14 46 38 18 26 35 38 56 35 40 20 26 33 28 22 34 12 40 49 35 10 24 45 31 34 38 20 49 51
55 34 34 55 26 31 26 33 37 39 16 31 45 41 19 22 43 48 22 17 30 38 20 11 23 35 9 28 32 24 46 42 27 47 31 40 35 22 24 5 44 38 20 27 26 42 31 52 49 27 25 52 48 18 38 17 32 46 26 9 14 31 16 26 27 13 41 38 24 30 33 20 10 38 22 42 42 19 45 26 47 39 32 38 43 28 20 18 37 40 12 19 30 29 17 25 20 23 32 30 39 35 37 20 21 14 31 44 25 44 23 10 39 44 14 17 39 11 17 17 45 35 31 24 16 10 19 28 18 25 41 8 23 20 17 17 16 28 17 44 6 16 22 3 28 23 19 9 7 6 45 15 40 32 5 23 5 21 15 19 20 45 25 18 16 26 33 11 11 25 46 37 43 28 40 23 20 9 23 15 50 22 46 36 30 15 11 47 32 27 46 47 19 45 34 5 30 36 29 33 44 41 21 40 36 44 27 19 49 25 22 12 45 51 17 28 19 19 26 16 22 35 40 45 14 35 14 34 28 19 20 28 22 25 44 42 26 39 33 24 45 24 42 13 32 40 36 29 21 14 24 21 10 14 31 24 13 45 28 35 28 9 23 13 42 40 36 39 43 16 43 39 21 52 18 17 15 31 31 6 41 54 47 24 21 49 24 19 38 30 27 9 6 23 39 19 32 40 32 16 14 7 25 18 26 36 5 32 26 37 24 7 15 37 33 28 32 25 3 22 4 46 8 23 18 27 8 29 18 25 51 29 39 24 31 15 15 29 35 18 6 25 18 16 33 0 40 19 31 36 30 25 35 33 43 25 30 11 45 33 37 28 46 33 44 30 11 32 34 27 44 22 25 39 36 28 34 47 45 41 22 13 22 53 40 33 14 15 27 48 22 15 37 31 35 10 47 22 26 31 15 21 22 39 37 22 30 26 40 24 50 8 23 25 29 44 8 32 51 22 37 26 31 31 16 34 26 27 42 22 23 42 20 41 18 8 23 15 39 18 30 17 8 18 17 22 23 1 25 15 20 32 27 6 25 34 33 25 41 51 13 15 39 33 42 24 37 8 46 31 22 7 39 32 30 48 32 20 18 13 35 28 38 20 53 43 19 28 27 42 34 42 16 5 48 30 12 36 28 27 41 4 44 36 23 44 15 44 7 15 24 11 20 41 46 39 33 28 15 15 30 22 5 24 19 23 44 53 29 40 43 7 21 9 17 23 27 49 21 36 10 36 45 43 27
52 51 71 15 15 10 40 13 4 47 49 60 14 29 58 41 9 49 31 27 47 4 23 34 21 9 44 44 9 44 45 27 43 40 63 19 43 58 28 37 50 5 38 44 62 29 57 50 10 64 28 12 9 39 15 34 30 11 37 48 42 24 56 16 57 51 30 8 43 32 13 56 48 7 20 41 42 23 51 47 10 12 44 41 4 13 58 44 14 4 51 42 66 63 39 15 36 49 23 61 8 16 6 47 38 28 50 30 35 9 43 48 34 5 43 27 50 37 45 47 48 50 40 48 55 46 22 23 22 34 45 33 45 59 29 24 24 34 28 19 44 48 38 41 32 60 26 36 41 37 40 47 21 32 38 58 35 38 50 28 23 37 45 27 53 14 26 45 47 24 15 50 11 17 5 22 44 42 29 31 46 20 44 45 17 26 44 10 12 41 24 9 25 8 7 41 40 33 24 20 10 13 20 12 9 11 55 56 43 41 18 40 17 46 49 63 33 47 46 27 38 19 10 49 26 23 53 8 63 51 26 37 60 47 15 4 61 24 19 56 49 59 22 27 67 24 9 51 60 45 36 30 41 32 55 31 52 9 62 14 33 45 51 33 8 22 11 4 50 45 12 8 60 13 53 37 44 25 22 45 38 51 41 55 37 12 26 58 17 57 29 35 44 36 15 46 45 18 44 34 33 46 16 25 41 46 44 45 25 21 42 44 26 51 37 21 11 30 41 18 42 16 35 30 56 28 46 41 57 39 44 40 42 36 14 32 51 57 39 31 38 37 26 43 15 40 0 50 46 16 24 43 6 14 9 42 29 41 6 48 6 25 29 32 7 21 34 14 8 32 40 45 38 38 18 25 36 44 10 36 46 38 19 50 13 11 49 46 34 9 36 51 7 68 33 50 7 60 59 66 26 54 35 22 50 59 35 24 27 39 10 44 26 16 62 23 33 18 50 33 41 61 65 17 28 13 48 63 31 56 55 30 47 15 48 43 31 54 49 51 34 25 42 37 37 27 61 39 35 53 59 19 31 35 39 18 53 17 14 12 30 52 13 23 24 27 7 42 20 19 24 38 17 39 59 41 52 43 41 28 15 20 23 58 51 24 44 16 32 8 35 10 50 45 10 37 28 28 46 13 6 37 6 9 28 34 43 6 43 33 23 47 32 37 13 30 8 43 40 27 20 33 45 61 35 38 5 14 27 16 7 40 23 48 57 32 24 10 45 22 45 30 6 41 51
45 51 21 65 39 41 18 47 48 29 31 13 50 40 14 14 55 38 40 33 18 47 35 17 38 47 11 46 43 42 38 41 17 41 13 43 25 11 41 18 32 49 38 16 13 41 13 42 59 16 42 61 59 36 43 17 30 53 44 22 31 48 20 34 8 10 39 46 13 48 39 9 11 50 31 35 35 33 34 43 54 45 22 31 54 40 15 8 43 51 18 10 17 13 35 38 38 39 49 13 52 39 46 6 15 24 17 43 20 52 13 21 35 54 31 34 27 29 5 4 35 21 23 40 13 10 31 45 30 22 32 23 41 16 22 29 30 46 34 47 14 32 16 20 46 13 35 16 13 24 39 4 43 29 24 10 21 39 29 36 36 40 14 35 8 37 33 9 9 28 51 24 50 34 52 38 37 26 24 20 42 37 38 25 45 30 8 55 39 18 47 58 35 57 46 23 22 32 31 36 51 47 32 54 44 51 9 8 42 43 33 30 49 44 2 14 36 5 44 32 40 38 53 35 27 36 17 45 13 1 25 22 17 42 50 53 11 39 37 6 34 9 44 26 17 40 49 13 15 31 19 39 27 19 14 23 24 57 12 50 45 25 6 30 54 41 42 49 32 33 49 51 16 62 6 35 32 32 33 19 36 45 41 6 39 57 41 16 42 12 45 17 14 41 44 6 20 43 21 17 18 21 35 25 44 25 19 21 43 40 15 13 27 23 27 44 40 24 21 34 20 51 18 22 11 27 13 47 18 18 44 47 31 42 45 19 7 11 27 20 16 19 25 8 47 19 50 0 48 51 31 14 45 40 50 43 28 10 56 20 46 45 45 30 55 34 17 39 43 25 38 9 19 34 40 30 29 39 52 37 10 31 33 45 46 41 5 5 45 57 40 28 45 19 31 16 56 14 10 17 29 5 19 40 25 12 48 42 39 42 59 24 40 35 12 45 25 47 41 21 30 12 15 46 33 48 43 14 39 7 6 41 5 46 34 12 22 20 26 4 26 26 12 14 14 25 14 19 44 23 15 47 25 21 43 49 18 34 47 59 30 25 53 34 43 26 49 11 49 47 38 15 43 24 11 43 16 10 11 27 49 44 39 13 43 44 9 35 45 49 29 49 29 17 57 24 26 35 15 39 53 21 55 44 24 40 32 55 24 32 29 8 20 36 52 37 43 18 11 31 34 20 15 12 17 17 54 63 29 44 51 14 37 19 16 22 43 58 8 38 26 33 55 37 11
81 5 59 57 34 42 55 34 42 68 20 60 57 63 43 52 43 75 17 24 60 46 27 38 27 38 38 3 40 7 73 63 56 71 59 57 63 49 19 33 72 42 13 56 53 64 61 78 52 53 19 56 51 14 53 45 56 56 10 29 18 23 36 42 56 41 63 49 53 16 47 48 38 41 39 68 68 29 73 7 56 52 61 65 48 36 44 48 52 44 34 49 55 57 14 34 14 12 25 60 41 51 48 50 50 35 61 65 52 54 52 30 63 49 18 24 68 21 47 47 72 65 59 10 42 39 32 24 34 52 69 30 8 44 41 33 31 13 23 60 35 19 50 29 15 49 24 38 37 26 70 44 59 57 26 50 31 11 23 22 26 69 55 23 44 37 55 40 40 46 58 66 55 45 43 26 12 22 48 40 76 29 72 64 30 29 41 55 46 56 64 48 25 45 39 26 58 60 50 51 54 55 35 39 47 56 57 47 74 7 37 19 59 77 46 55 17 49 5 25 11 53 39 73 32 55 36 40 55 48 42 55 45 8 58 47 54 58 51 52 73 52 60 32 59 59 38 59 46 19 52 17 21 40 61 49 29 46 56 34 14 25 53 21 43 58 49 48 71 17 55 41 45 54 46 15 18 53 51 30 66 80 72 53 12 57 21 42 54 60 18 37 35 12 54 49 61 56 60 44 41 29 38 39 6 65 30 61 22 56 53 36 33 66 59 26 44 49 28 34 29 60 35 48 45 51 36 5 39 54 76 6 66 12 33 41 43 59 61 44 35 53 39 46 32 31 46 48 0 33 51 54 42 48 53 6 54 41 49 62 46 22 66 58 47 50 39 47 45 53 69 51 54 65 53 50 60 73 55 66 52 18 35 80 54 46 44 45 13 54 13 25 48 57 59 35 52 47 54 56 30 49 50 57 67 49 13 23 61 9 55 25 22 39 57 62 28 30 78 49 64 53 59 30 23 34 7 54 64 50 53 64 50 56 17 37 49 35 68 47 56 37 38 47 45 45 48 31 12 31 45 29 52 31 9 29 63 41 55 57 25 28 38 53 61 47 40 38 61 28 25 36 55 60 59 73 62 50 47 29 33 27 57 46 80 61 49 44 15 52 59 54 23 32 55 57 31 58 57 36 44 29 47 49 47 67 17 48 25 20 45 41 46 66 58 61 43 57 45 26 49 48 33 51 46 52 51 56 52 56 52 37 26 32 41 49 23 55 51 55 23 59 51 69 58
64 37 70 25 14 18 47 6 13 56 40 63 30 42 55 46 12 60 19 20 54 17 17 34 14 9 43 31 15 31 56 41 49 52 64 33 52 57 16 35 60 12 26 50 61 43 61 62 20 63 16 24 19 28 29 38 40 27 24 42 34 10 51 23 59 49 43 22 48 17 24 56 45 10 23 52 53 18 61 34 26 26 52 51 17 14 55 46 27 13 47 46 65 64 29 15 25 37 8 63 9 29 20 49 43 28 56 44 41 25 47 43 45 18 35 20 59 30 47 48 58 58 48 36 52 44 20 10 22 41 55 30 34 56 32 23 22 21 20 34 42 39 43 37 19 58 18 36 40 32 52 48 35 41 32 58 32 27 42 19 16 50 50 19 52 17 36 44 46 31 30 58 27 25 12 14 33 35 36 33 59 15 56 54 6 22 44 25 22 48 39 17 18 14 11 35 48 43 33 31 25 28 21 6 21 27 58 55 56 28 21 31 32 59 49 63 22 49 33 21 26 31 8 59 24 35 49 12 63 52 31 45 58 34 30 16 61 37 30 57 60 59 36 26 67 37 8 56 57 36 43 20 34 33 60 38 45 15 62 3 20 39 54 26 11 35 24 19 59 36 27 9 57 21 52 27 35 35 32 40 49 63 54 56 26 26 14 55 30 61 16 35 41 24 29 49 52 32 52 37 35 41 20 28 28 55 40 53 13 34 47 42 25 59 46 9 20 37 36 18 37 32 34 36 54 36 44 28 53 46 57 27 52 23 7 34 50 60 48 35 36 44 29 44 5 36 16 51 33 0 33 48 14 25 25 29 38 41 17 55 19 12 43 42 15 31 35 25 19 40 52 49 45 49 30 33 45 56 26 48 50 30 20 62 28 22 48 47 21 23 24 44 21 67 43 46 20 58 60 66 23 55 41 35 58 58 20 12 40 26 23 37 15 21 63 38 29 5 62 39 51 61 66 5 21 5 35 62 44 56 57 43 50 30 39 42 37 49 58 51 43 27 41 41 40 32 59 36 22 47 56 5 39 32 26 4 59 23 29 25 24 45 5 33 37 34 10 41 35 6 15 37 31 48 62 54 58 47 44 25 2 9 35 56 63 38 47 24 19 24 44 26 42 41 24 45 26 39 52 15 12 33 15 23 35 47 34 16 37 25 30 46 37 48 29 42 17 50 42 21 30 39 41 60 39 44 21 25 36 30 23 39 15 44 53 38 12 23 49 34 38 42 20 52 56
32 55 52 37 22 17 18 28 24 23 44 39 20 13 42 20 32 27 35 28 24 21 25 19 26 26 29 48 20 46 24 13 20 21 42 12 20 41 34 26 27 26 39 21 44 13 35 30 32 47 35 33 32 39 13 15 7 23 42 39 39 36 44 11 36 36 12 18 21 41 12 39 33 27 13 19 20 23 28 49 25 15 20 18 27 21 43 24 13 27 40 22 48 44 39 21 38 48 36 40 29 9 18 26 17 18 27 15 13 22 21 39 13 28 40 28 27 33 26 28 25 27 16 48 40 31 20 33 18 11 22 25 47 44 14 19 20 42 29 16 32 44 16 32 40 43 28 22 27 30 20 30 12 9 31 41 26 41 43 30 26 18 23 29 37 18 4 29 32 6 20 26 20 9 28 27 43 36 8 15 27 24 23 22 30 23 28 26 13 18 17 33 27 32 24 33 16 10 1 5 21 17 17 33 16 21 34 39 24 45 15 36 19 27 30 45 35 27 48 27 40 7 32 26 20 5 41 23 44 32 11 14 45 48 19 27 42 9 6 37 27 40 14 21 48 10 28 29 44 41 14 34 36 16 33 9 43 32 42 31 41 38 30 31 31 11 13 21 27 42 19 28 44 35 35 37 41 2 3 35 17 31 22 35 40 28 33 44 11 36 38 21 31 40 13 27 22 12 21 16 17 37 15 13 45 23 34 22 34 9 20 31 19 27 14 31 14 8 32 19 33 20 23 9 40 5 33 47 44 17 25 47 19 40 27 16 34 35 15 13 24 15 13 24 30 30 24 31 51 33 0 20 21 11 21 45 6 24 30 24 19 35 17 9 30 4 20 11 17 9 19 24 15 16 9 2 13 23 23 15 25 36 17 30 15 14 32 28 41 29 39 44 17 49 10 38 29 44 40 48 22 36 13 10 26 42 43 32 11 43 31 36 32 14 42 15 26 32 29 11 18 43 45 31 28 29 49 44 14 38 36 14 27 15 45 29 10 43 26 34 11 15 27 17 18 8 44 29 41 44 44 32 8 25 43 33 30 12 16 30 27 44 33 4 13 7 27 28 18 32 28 25 12 16 38 22 30 23 21 23 32 30 9 42 31 14 24 10 39 20 12 19 44 33 28 13 22 8 24 20 29 28 29 15 8 16 40 29 35 32 6 31 12 16 22 10 18 20 21 25 4 12 33 43 15 16 26 35 4 13 22 26 27 37 42 10 33 30 25 7 39 9 27 20 30
32 58 34 57 35 34 4 43 41 16 40 20 39 26 28 3 49 25 41 33 7 39 34 17 37 42 19 51 36 48 24 28 3 27 23 31 11 25 41 21 20 43 42 3 26 27 15 29 51 29 42 53 51 41 32 11 17 43 47 31 38 47 32 27 17 22 25 37 1 49 31 23 22 44 25 21 21 32 21 49 45 35 9 17 46 35 29 8 33 45 30 6 31 25 40 34 41 47 48 20 46 29 37 8 5 22 8 29 8 42 3 31 21 47 38 34 15 33 11 12 22 11 9 48 26 20 29 44 26 10 19 25 47 30 16 27 28 48 35 35 23 40 6 27 47 27 35 17 18 28 25 15 30 16 29 24 24 43 38 37 35 26 3 35 22 32 21 17 20 19 40 13 40 26 45 37 44 33 14 16 28 35 24 12 43 29 17 45 31 4 34 51 35 50 40 30 8 19 20 25 41 37 28 49 35 41 15 22 28 48 28 36 38 30 15 27 39 11 50 33 44 27 48 22 26 24 29 39 26 15 18 8 31 49 39 46 24 27 26 18 22 22 32 25 29 28 44 9 29 38 7 40 34 16 13 12 35 50 23 46 48 33 11 34 48 29 33 40 19 40 39 45 30 54 20 39 39 20 23 28 22 32 27 16 43 48 41 30 31 16 46 17 22 44 33 10 8 32 8 12 14 30 29 21 49 12 27 8 43 28 1 21 25 13 13 43 32 14 27 31 27 40 20 13 25 16 22 51 32 4 30 51 17 45 41 15 20 15 13 14 19 6 20 10 44 25 43 14 54 48 20 0 39 30 40 48 16 14 48 9 38 45 32 17 48 23 16 30 35 13 24 5 5 20 29 19 15 25 43 23 6 36 29 31 35 32 17 13 47 48 43 38 36 31 18 27 48 28 22 29 28 19 8 28 13 26 50 42 26 46 50 32 40 28 23 32 27 45 28 10 16 25 26 44 34 44 50 26 26 21 17 27 9 35 42 19 12 32 15 18 13 21 18 8 9 16 28 24 46 34 29 45 13 23 47 47 12 27 36 50 31 36 49 23 30 16 43 18 37 44 37 18 32 10 18 29 11 6 8 27 46 42 27 27 30 31 7 27 46 40 15 39 39 25 48 10 25 22 4 34 46 26 48 35 15 26 39 48 31 35 20 18 12 22 42 23 36 4 10 31 24 10 24 26 9 5 45 55 17 33 42 18 36 29 29 11 43 50 6 26 34 20 47 23 10
51 46 66 20 10 6 37 10 3 44 43 56 17 29 52 37 11 47 26 22 44 5 18 29 15 5 39 39 3 39 44 27 39 39 58 19 41 54 23 32 48 5 33 40 57 29 53 49 15 59 23 17 14 34 15 30 28 15 32 43 37 20 50 12 52 46 29 8 39 28 11 51 42 6 15 39 40 17 49 42 15 13 41 39 9 8 53 39 14 6 46 38 61 58 34 10 31 44 20 57 8 15 7 42 34 22 46 30 32 13 39 43 32 10 38 22 48 32 41 42 46 47 37 43 50 41 17 19 17 30 43 27 41 54 24 19 19 30 23 20 39 42 34 36 28 55 21 31 36 31 39 42 22 30 32 54 30 34 44 23 18 37 41 22 48 9 24 40 42 20 17 47 14 14 7 16 39 36 25 26 46 15 43 43 13 20 39 14 10 38 25 13 20 12 3 35 37 31 22 18 13 15 15 12 8 14 51 51 43 36 13 34 19 45 44 59 27 42 41 22 33 18 11 47 21 22 48 3 58 46 22 34 55 42 17 8 56 23 17 51 48 54 23 22 62 24 7 48 54 39 33 26 36 27 51 27 46 12 57 12 29 40 47 28 10 22 11 7 48 40 14 7 55 18 48 32 39 23 20 39 36 50 41 50 33 17 21 53 17 53 25 30 38 31 15 42 42 19 41 30 29 41 11 20 36 44 39 42 20 20 38 39 20 48 35 17 7 26 35 13 37 19 30 27 51 25 41 37 52 36 44 36 40 31 9 27 46 52 36 26 32 34 21 38 12 35 6 45 42 14 21 39 0 12 12 37 27 36 11 44 5 21 29 30 10 19 30 12 6 29 39 41 35 36 17 22 34 43 14 35 42 33 13 49 15 9 44 41 30 14 31 46 8 63 31 45 13 55 55 61 21 50 31 22 47 54 31 19 26 34 16 38 21 11 57 24 27 14 49 29 39 56 60 14 23 10 43 58 31 52 51 30 43 16 43 38 28 49 47 47 32 20 37 33 33 23 56 34 30 48 54 15 28 29 34 15 50 13 15 17 25 47 12 21 24 23 6 37 22 16 18 33 17 37 55 40 49 39 36 23 13 15 22 53 50 24 39 13 28 11 33 13 45 40 15 34 23 26 43 8 8 31 10 9 25 34 38 10 37 28 19 42 28 35 17 29 3 40 35 21 17 29 39 56 30 34 11 19 25 17 11 34 18 43 51 29 19 15 41 20 39 29 11 40 48
40 53 60 27 15 8 28 20 14 34 46 49 12 17 49 29 21 36 32 25 35 11 22 25 22 17 35 46 11 44 32 16 30 28 51 9 30 49 30 30 36 16 37 31 52 18 45 38 22 54 30 23 22 38 6 23 17 14 39 42 40 29 49 7 45 42 18 7 31 36 2 47 39 18 12 28 29 20 38 47 15 6 31 27 17 14 50 32 4 16 44 31 56 52 38 15 36 48 30 49 20 4 8 35 26 20 37 19 22 13 30 42 21 17 41 26 37 34 35 36 35 37 26 47 46 37 18 27 17 21 32 27 45 51 19 19 20 37 27 12 37 45 25 35 36 50 25 27 32 32 28 37 11 19 33 49 29 39 46 27 22 25 32 26 44 12 12 36 39 12 13 37 11 6 18 22 43 37 17 21 34 20 31 32 23 22 35 16 3 28 16 22 24 22 14 36 27 20 11 6 12 9 15 23 6 12 44 46 32 42 13 37 12 34 38 53 32 36 46 25 38 7 22 36 20 11 46 13 52 40 16 24 52 47 12 17 50 12 5 45 37 48 13 22 56 13 19 39 51 42 24 31 38 22 43 19 46 22 51 23 37 41 39 31 21 11 3 11 37 43 10 19 51 25 43 36 42 12 9 38 25 39 29 44 38 18 28 50 6 45 33 26 36 37 7 35 32 9 31 23 23 40 11 16 43 33 37 32 28 9 29 36 20 38 24 25 5 17 35 15 36 14 27 18 47 15 38 44 50 27 32 43 28 37 19 22 41 45 26 20 29 25 17 32 22 33 14 40 48 25 11 30 12 0 11 43 16 31 19 35 9 30 19 19 20 8 25 1 7 19 27 33 26 25 5 12 23 32 13 23 34 36 14 38 8 4 39 35 37 19 36 47 7 58 19 43 18 51 49 56 22 44 23 10 36 50 39 27 15 40 21 39 27 10 51 14 28 24 38 20 28 51 54 23 26 21 48 53 19 46 44 19 36 8 46 35 19 47 36 41 21 17 33 26 26 15 51 32 37 47 50 25 18 28 40 26 40 8 9 20 27 47 23 9 13 15 17 34 14 25 24 30 7 26 47 29 40 32 29 24 23 24 11 49 39 14 32 6 35 10 22 10 47 38 18 24 23 15 34 13 18 31 19 5 16 22 41 19 38 31 11 37 20 24 13 17 9 30 29 24 7 21 37 51 23 26 15 25 14 8 12 31 23 42 48 20 28 20 34 9 41 18 17 28 39
45 58 71 17 21 13 38 21 12 42 54 59 5 22 59 40 17 43 37 32 44 8 29 35 27 17 45 51 14 50 39 21 40 33 62 13 39 59 34 39 44 13 44 42 63 23 55 44 13 65 35 13 14 45 9 34 26 4 44 51 48 32 58 17 56 52 24 6 41 39 11 57 49 15 21 35 36 28 45 53 5 6 40 35 10 19 60 43 9 13 54 42 67 63 45 21 42 55 31 60 17 12 6 46 37 30 47 23 33 2 41 52 28 10 49 33 46 42 45 47 42 47 36 54 56 48 26 31 25 31 39 36 52 61 29 27 28 42 34 11 47 53 36 44 40 61 32 37 43 41 33 48 14 27 41 59 38 45 54 34 29 31 43 33 54 19 21 46 49 22 6 46 3 16 14 28 50 46 27 32 40 26 38 41 25 30 45 5 12 38 16 15 31 16 15 45 36 27 21 16 1 5 23 20 8 3 54 57 37 48 21 45 9 39 49 64 39 47 52 33 44 15 19 43 29 19 56 14 63 51 26 34 62 53 6 11 61 18 15 56 44 59 15 31 67 18 18 49 61 50 34 37 46 32 53 29 55 15 61 23 41 50 50 39 16 16 8 6 44 51 4 16 61 16 54 43 50 21 19 48 32 44 35 54 44 8 33 60 11 56 37 37 46 42 9 46 42 12 41 34 34 50 19 26 48 42 47 42 32 15 40 46 29 47 33 28 12 28 44 23 45 8 37 29 57 25 48 49 60 37 37 48 36 42 21 32 52 55 34 30 39 35 27 42 23 43 9 50 53 25 21 40 12 11 0 49 26 42 12 44 8 33 21 27 13 18 35 12 10 29 34 44 36 32 13 22 31 37 3 30 44 44 22 43 7 10 49 46 41 9 42 55 7 68 28 52 9 61 59 67 30 55 33 16 45 60 42 31 21 45 11 48 32 18 61 16 36 26 44 31 36 62 65 25 33 22 54 63 24 57 55 24 46 7 54 45 30 57 45 52 30 27 43 37 37 26 62 42 42 57 61 26 28 37 46 27 50 18 6 10 35 56 21 18 17 25 15 44 12 27 30 40 11 35 58 34 50 42 40 32 24 27 17 59 45 17 43 16 39 1 30 2 55 48 8 33 32 22 44 19 14 40 13 7 27 28 49 12 47 38 22 48 31 31 5 24 12 40 40 32 18 32 47 61 34 36 7 15 24 10 3 41 29 51 59 30 31 10 44 16 49 25 9 35 50
75 10 55 53 29 37 49 29 38 62 17 55 52 57 40 46 40 69 12 19 55 41 22 32 22 34 33 3 35 3 67 57 50 66 55 51 57 45 15 28 66 38 7 51 49 58 56 73 48 49 15 52 47 8 48 39 50 51 6 25 13 20 32 37 51 37 57 44 48 13 42 44 34 36 34 62 63 23 68 6 51 47 55 59 44 31 40 43 47 40 30 43 51 53 9 29 8 10 21 55 37 46 43 45 44 29 56 60 46 49 47 26 57 45 14 18 63 16 42 42 67 59 53 8 38 34 27 20 29 46 63 24 6 40 35 27 25 9 17 54 30 15 45 24 11 45 18 32 32 21 64 40 53 51 21 45 25 5 19 16 21 63 50 17 40 32 49 35 35 40 53 61 50 39 38 21 8 18 42 35 71 24 66 59 25 23 36 51 40 50 58 45 19 42 35 21 53 54 45 46 50 50 30 35 42 51 52 43 68 1 31 14 54 71 41 51 11 44 5 19 5 48 36 67 26 50 33 35 51 43 37 50 41 6 53 43 50 53 45 48 68 48 55 26 55 54 33 54 42 15 46 12 17 34 56 44 25 43 52 30 10 21 48 15 39 53 44 43 66 13 50 37 41 50 42 10 14 47 45 26 61 75 66 48 6 53 17 38 49 55 14 31 30 7 49 44 55 51 55 38 36 24 33 33 2 59 26 56 17 51 48 31 27 61 54 21 39 44 23 28 24 55 29 42 41 45 32 5 35 48 70 5 60 7 29 35 39 54 56 38 30 47 34 40 28 25 42 43 6 29 45 48 37 43 49 0 48 36 45 56 41 18 61 52 43 45 33 42 40 47 63 46 48 59 47 44 54 67 50 60 47 13 30 74 49 41 39 40 9 50 7 22 43 53 54 31 48 44 50 53 24 45 44 52 61 45 10 19 55 4 50 21 17 34 53 56 22 26 72 43 59 49 54 26 18 30 7 50 59 46 48 59 45 50 14 33 43 31 62 42 51 32 33 41 40 39 45 26 8 27 41 25 46 26 3 26 58 36 50 53 19 25 34 47 55 42 36 33 56 24 19 31 50 54 54 67 57 44 42 23 29 23 52 42 74 56 44 39 11 48 54 49 20 28 51 51 25 53 52 31 40 23 43 44 42 61 13 44 21 14 40 36 40 60 53 55 38 52 39 20 43 43 29 47 41 46 47 53 47 50 47 32 21 28 37 44 18 51 46 49 19 54 47 63 52
28 58 49 42 26 21 13 33 29 19 45 35 24 12 40 16 37 23 38 30 19 26 29 19 30 31 27 51 25 48 20 14 15 19 39 15 15 38 37 25 22 31 42 17 41 13 31 26 37 44 38 38 37 41 17 13 3 28 45 38 40 40 43 16 32 34 12 23 17 45 17 36 32 33 16 15 16 26 23 50 30 20 15 13 33 25 41 21 17 32 39 19 45 40 40 25 40 49 40 36 35 14 23 23 13 19 22 15 9 27 17 38 10 33 41 31 22 35 24 25 21 22 11 50 38 30 23 37 20 7 17 26 49 42 14 22 23 45 32 20 31 44 13 32 44 40 31 21 26 30 17 27 15 4 31 38 26 43 44 33 29 16 18 32 34 22 5 28 31 9 25 21 24 14 33 31 45 37 7 15 23 28 19 17 34 25 27 31 18 13 19 38 30 37 29 34 11 7 5 10 26 21 20 38 21 26 30 36 21 47 19 38 22 24 28 42 37 24 50 29 43 11 36 22 22 8 39 28 41 29 12 9 43 50 23 32 39 12 11 33 22 37 17 23 44 13 33 25 41 42 10 37 37 16 28 6 42 37 39 36 44 38 27 33 36 14 19 26 22 43 24 34 42 40 33 39 42 5 8 34 13 28 19 31 42 32 36 42 15 32 41 21 30 42 18 23 17 16 16 15 16 36 19 15 48 18 33 17 37 13 15 30 21 22 8 35 20 6 32 23 33 25 23 8 37 3 32 50 43 13 23 49 14 43 31 15 32 31 11 12 24 10 15 21 34 30 29 28 54 38 6 16 27 16 26 48 0 23 35 19 24 39 18 5 35 9 19 16 22 4 16 20 11 12 14 6 8 20 27 13 21 37 21 27 20 19 29 25 44 34 42 44 22 46 6 37 34 41 37 44 25 33 10 13 21 39 46 36 12 45 36 37 35 18 38 17 27 36 25 9 13 40 42 35 31 34 51 41 13 35 32 14 24 20 46 28 7 42 21 31 6 17 26 15 16 9 41 29 44 43 41 36 4 26 46 38 25 16 20 35 30 43 38 8 15 7 31 27 21 37 32 24 16 11 34 20 25 19 18 25 36 34 11 40 27 16 20 15 43 25 7 24 45 33 33 8 23 8 19 24 34 29 34 20 7 14 42 34 36 35 9 29 11 13 26 10 24 15 19 28 10 10 32 40 13 12 31 40 2 18 27 25 30 37 41 8 37 35 21 10 39 7 32 16 25
45 45 30 56 29 32 16 37 38 29 27 22 42 35 19 12 46 38 31 24 20 38 25 8 29 37 6 39 33 35 37 36 16 39 23 35 24 18 32 9 33 40 30 16 22 36 22 42 50 24 33 52 49 28 35 10 24 45 35 18 24 38 21 25 18 12 33 37 13 39 31 16 9 41 22 32 33 24 35 36 46 36 22 29 44 30 19 7 34 42 17 8 26 23 27 28 29 33 39 22 42 31 37 10 11 14 20 38 16 43 12 17 31 45 25 25 29 21 6 8 35 24 22 34 16 7 22 35 20 17 31 13 34 20 13 19 20 37 25 40 9 27 12 13 37 20 26 6 5 15 36 7 36 25 16 18 12 31 25 27 26 36 15 26 13 28 27 6 9 20 43 26 41 26 42 28 31 20 17 10 41 27 36 25 36 20 5 46 30 17 40 49 26 47 36 16 21 28 23 28 42 39 22 44 35 43 18 15 40 36 23 23 42 42 9 23 28 8 37 23 32 30 44 35 18 29 18 35 23 11 16 19 22 35 42 44 20 33 29 16 35 18 38 16 27 34 39 19 20 25 15 30 21 10 21 17 22 48 22 40 37 20 13 22 44 34 34 39 33 27 41 42 21 53 13 27 25 25 26 14 33 44 38 15 31 49 32 20 34 21 35 7 9 32 36 9 21 36 21 9 9 16 25 16 37 25 13 22 34 33 13 8 17 26 24 34 31 18 14 25 14 43 9 16 16 21 10 39 21 15 42 39 29 33 35 10 11 20 25 12 7 15 15 5 37 11 41 10 41 41 24 14 36 31 42 36 23 0 47 22 37 36 40 26 46 26 7 30 34 20 35 11 16 31 32 22 25 37 44 33 12 23 24 44 38 32 8 6 36 48 31 24 36 27 27 15 47 20 19 26 19 14 14 33 27 19 39 33 34 34 50 18 31 25 22 38 16 37 41 14 28 21 25 37 24 38 37 22 35 16 16 35 10 38 29 6 16 20 28 11 22 16 4 9 8 17 21 11 35 22 20 37 19 12 35 39 22 25 39 50 20 23 43 27 36 18 39 5 42 37 28 6 35 22 21 40 21 9 7 18 39 34 32 18 43 37 9 26 36 41 25 40 25 12 48 20 16 30 17 29 43 13 45 35 17 36 26 46 18 24 21 7 13 32 44 31 34 18 5 22 26 13 11 20 10 13 44 54 23 36 42 5 27 16 19 15 34 49 10 31 21 29 46 34 17
56 53 76 10 20 15 46 16 9 52 53 66 17 34 63 47 6 54 34 32 53 9 27 39 25 12 49 47 14 47 50 32 48 44 69 24 49 64 31 43 55 8 41 50 68 34 63 55 4 70 31 8 3 42 19 40 35 12 39 53 47 26 61 22 62 56 35 13 49 34 19 62 53 9 25 46 47 27 56 50 10 16 50 46 3 18 64 49 19 6 56 48 72 69 42 20 39 52 25 67 9 22 12 52 44 33 56 34 41 11 48 53 39 2 48 31 56 41 51 53 53 56 45 51 60 51 27 25 28 39 50 38 49 65 35 29 29 37 32 22 50 52 43 46 35 66 30 42 47 42 45 53 26 37 43 64 41 42 54 32 27 42 51 31 58 20 31 51 53 30 17 55 14 23 7 25 47 46 35 37 51 24 49 51 20 31 50 10 18 47 28 3 29 5 12 46 45 38 30 25 12 17 25 11 14 13 61 61 48 44 24 44 20 50 54 69 36 53 49 32 41 25 10 54 31 29 59 12 69 57 32 43 66 50 18 3 66 29 24 62 55 64 26 33 73 29 12 57 65 49 42 34 46 37 61 37 56 4 67 16 36 50 57 38 7 27 17 9 55 49 15 8 65 7 58 41 49 30 27 50 42 55 46 60 41 10 29 63 21 63 32 41 49 39 20 52 51 23 50 40 39 51 22 31 43 52 49 51 28 25 47 50 31 57 42 24 17 35 46 24 47 18 40 36 61 33 52 44 62 45 48 43 47 39 17 38 56 62 44 37 43 43 32 48 17 45 6 56 49 17 30 48 11 19 12 45 35 47 0 53 11 28 33 37 3 26 40 19 14 37 45 51 44 43 23 30 41 49 12 41 52 43 24 54 18 17 54 52 37 6 39 56 13 73 38 55 4 66 65 72 31 60 41 27 55 65 37 27 32 42 7 48 29 22 68 27 38 20 55 39 46 67 71 19 32 15 51 68 36 62 61 35 53 19 52 49 37 59 55 57 40 31 47 43 43 33 66 44 37 58 64 21 37 40 42 20 59 23 18 9 35 57 12 28 28 33 10 48 23 22 27 44 22 45 65 45 58 49 47 33 17 23 27 64 56 28 50 22 35 12 40 14 55 50 8 42 34 33 52 19 5 42 2 15 34 39 47 1 47 37 29 52 38 41 15 34 13 49 45 31 26 39 50 66 40 44 6 9 33 21 10 45 27 53 62 38 27 7 51 27 49 36 4 46 57
26 66 36 61 41 39 9 50 47 10 48 20 42 27 33 11 55 19 49 41 3 44 41 25 44 48 26 59 42 56 20 29 7 25 24 34 7 29 49 29 13 49 50 6 30 28 14 23 56 33 50 57 56 49 36 18 19 47 55 39 45 54 39 33 19 29 25 41 9 57 35 27 29 50 32 17 17 39 14 57 48 39 5 13 51 42 34 15 36 50 37 14 34 27 48 40 49 55 55 21 52 33 42 14 13 29 5 29 14 46 10 38 20 51 46 42 8 41 18 18 16 3 9 55 32 27 36 51 34 15 14 33 55 35 24 34 35 56 43 38 30 48 13 35 55 31 43 25 26 36 21 22 33 18 37 28 32 51 46 44 42 23 8 43 27 39 24 25 27 25 43 5 43 31 51 44 52 41 20 23 23 42 20 7 50 37 24 49 36 7 35 56 43 55 46 38 9 19 24 29 45 40 35 55 40 44 17 27 24 56 34 44 40 26 21 30 47 17 58 40 52 30 54 16 33 27 36 45 29 21 25 11 36 57 42 51 26 29 30 22 15 26 34 33 31 30 50 9 33 46 12 48 42 24 11 18 42 56 26 53 56 41 15 42 54 31 37 45 12 48 42 51 35 59 25 47 47 24 26 35 19 26 23 20 51 51 49 36 34 16 53 26 29 52 36 16 3 34 4 19 22 37 36 28 57 5 34 3 51 31 9 29 32 5 13 50 38 19 35 38 35 43 28 19 30 20 30 60 38 10 26 59 13 53 48 22 26 16 12 21 27 11 27 17 50 33 48 20 62 55 24 9 44 35 44 56 19 22 53 0 43 52 32 18 54 27 24 34 40 16 20 12 10 17 32 24 15 21 46 21 11 44 36 26 39 37 23 20 55 52 51 45 41 34 18 34 52 32 24 32 36 23 15 30 5 30 58 49 27 54 55 39 48 35 25 34 35 52 22 16 13 29 28 51 42 51 58 29 25 25 21 27 15 38 50 27 18 39 7 23 14 29 25 16 17 23 32 32 54 42 34 52 17 31 55 54 7 33 39 54 39 43 55 26 32 22 49 26 39 52 44 26 35 10 19 25 7 13 15 35 53 49 29 32 24 32 14 32 54 44 15 43 47 33 52 12 33 24 5 41 52 34 53 39 21 25 47 53 39 43 26 25 19 20 45 24 41 6 18 39 28 17 32 30 17 12 49 59 21 36 46 26 43 36 35 17 50 54 13 29 42 21 51 19 10
47 51 66 20 14 6 35 15 6 42 47 56 12 25 54 36 14 44 30 26 42 2 21 30 20 10 40 44 7 43 40 23 38 35 58 15 38 54 27 34 45 8 37 39 58 25 52 45 14 60 28 16 14 38 10 30 25 10 37 45 41 25 52 12 52 47 25 3 38 33 8 52 44 10 15 36 37 21 45 46 11 8 39 36 9 12 55 39 9 9 48 38 62 59 38 13 35 48 25 56 12 12 2 42 33 24 45 26 30 8 38 45 29 9 42 25 45 35 41 42 43 45 34 47 51 42 19 24 19 29 39 30 45 55 25 21 21 35 26 15 41 46 33 38 33 56 25 32 37 34 35 43 17 27 35 54 32 38 47 27 22 33 40 26 49 12 21 41 44 19 13 45 9 12 10 21 43 39 24 27 42 19 39 40 18 23 40 11 7 36 20 14 24 14 8 38 35 27 19 15 9 10 17 16 3 10 51 52 39 41 15 38 14 41 44 59 32 42 45 26 37 15 14 44 23 19 50 8 58 46 22 32 57 46 12 9 56 19 14 51 45 54 18 24 63 19 12 47 56 43 31 30 39 27 50 26 49 14 57 17 34 43 46 32 13 18 7 3 45 44 9 11 56 17 49 36 43 20 17 42 33 46 37 50 37 13 25 54 12 53 30 31 40 35 11 42 40 14 39 30 29 43 13 21 41 41 41 40 25 16 37 40 22 46 32 22 6 25 38 16 39 14 31 26 52 23 43 42 54 35 39 41 37 35 14 27 47 52 34 26 34 32 22 38 17 37 6 46 46 19 19 38 5 9 8 41 24 37 11 43 0 26 25 27 12 16 30 9 3 27 35 40 33 33 13 19 31 39 9 31 41 37 15 45 10 6 44 42 34 12 35 49 3 63 28 47 11 56 55 62 23 50 30 17 44 55 35 24 22 38 14 41 25 12 57 19 30 19 45 28 36 57 61 19 27 15 47 58 26 52 51 26 43 11 47 39 26 51 44 47 29 21 38 33 33 22 57 36 35 50 55 20 26 31 39 20 48 13 10 14 28 50 16 18 19 22 10 39 17 21 23 34 13 34 54 36 48 39 36 25 17 20 18 54 47 20 39 11 32 7 30 8 48 42 12 32 25 23 41 11 11 34 11 5 23 30 42 11 40 32 18 43 27 32 12 25 4 38 35 25 15 28 41 56 30 33 8 18 22 12 7 36 22 45 53 27 24 13 41 17 42 26 10 36 47
67 26 62 36 15 23 44 13 21 56 29 57 37 46 47 43 23 61 8 13 51 25 12 29 9 17 36 19 20 20 58 45 46 55 58 38 51 50 5 28 60 21 15 47 54 47 57 64 31 55 5 34 30 17 34 35 41 35 13 33 23 3 41 25 53 41 46 29 45 7 28 48 38 20 23 53 54 14 61 23 35 32 50 51 27 16 47 42 33 23 37 42 57 57 18 15 14 26 5 57 19 33 27 45 40 24 53 48 40 33 44 34 47 28 24 12 58 20 42 43 59 55 47 25 44 37 17 3 19 39 56 23 22 48 29 19 18 10 12 40 34 28 40 28 8 51 11 31 33 23 55 41 40 43 24 50 25 16 31 10 11 53 47 11 44 18 39 38 38 31 38 56 35 28 22 9 22 25 35 30 61 12 57 53 9 17 37 34 27 46 45 28 10 25 19 26 47 45 35 34 34 35 19 18 27 35 53 47 59 17 20 21 39 62 43 56 12 44 22 14 14 35 19 60 20 38 40 19 56 45 29 44 49 23 38 26 54 41 33 51 61 52 42 21 60 42 17 53 49 25 41 9 24 30 55 37 35 26 56 13 9 29 49 17 22 40 30 27 59 25 35 20 48 33 45 16 25 37 34 31 51 66 57 50 15 36 5 46 35 56 4 30 33 12 35 44 51 38 50 34 32 32 20 25 17 54 31 51 2 38 44 34 21 57 46 5 25 36 27 17 29 39 28 35 46 36 36 17 44 43 60 16 52 12 12 31 43 55 48 32 30 42 26 40 11 28 25 45 22 12 35 45 21 30 33 18 39 36 28 52 26 0 48 43 25 33 30 29 25 39 54 45 43 50 34 34 46 58 34 50 46 20 19 65 35 27 42 41 9 33 13 33 28 59 44 37 31 50 53 58 18 48 39 39 56 50 10 4 44 15 34 28 6 22 56 43 21 8 64 37 51 54 59 9 13 13 24 55 47 50 51 47 45 36 27 35 36 40 57 45 43 24 34 38 37 32 51 28 11 37 48 7 39 25 15 9 56 24 35 36 16 35 17 36 42 33 19 34 42 6 9 31 36 47 56 57 55 43 40 19 12 6 39 48 65 43 42 27 7 32 45 34 32 33 34 44 20 42 49 17 23 25 26 29 34 50 23 27 27 15 30 39 34 50 37 45 22 47 37 15 32 37 33 52 36 41 30 36 37 36 31 32 10 35 44 37 3 34 44 37 27 44 30 54 51
24 70 65 36 34 26 29 38 31 26 60 51 17 6 57 32 37 24 50 43 33 26 40 36 40 34 45 63 29 61 19 4 30 13 54 10 25 55 48 42 27 32 55 32 57 5 45 24 34 60 48 33 34 55 15 31 16 22 57 55 55 48 60 24 48 51 7 22 33 54 20 53 49 34 27 17 18 38 27 64 24 17 28 20 31 32 58 38 16 32 56 36 62 56 54 33 53 64 48 51 36 15 23 39 30 34 36 3 25 22 33 55 12 31 56 43 30 49 41 42 24 34 24 64 55 47 34 46 33 24 22 41 62 59 30 35 36 55 44 11 48 60 29 48 54 57 43 38 42 46 14 44 8 16 47 55 42 56 60 45 40 11 34 44 51 30 14 45 48 22 17 32 19 22 34 40 59 52 23 32 20 38 19 27 41 38 44 25 22 28 5 35 42 36 32 50 25 14 18 15 21 16 31 40 22 20 46 53 17 60 30 52 14 18 45 58 50 41 64 42 56 14 39 25 36 12 57 31 57 46 27 24 60 64 16 31 55 8 16 50 26 53 7 37 61 7 36 39 59 57 26 49 52 33 42 24 59 36 55 41 55 54 43 47 36 8 19 26 27 58 18 35 59 36 50 52 57 16 16 51 14 23 15 48 55 25 46 59 13 47 51 38 47 54 14 40 30 11 29 32 33 53 29 30 60 28 50 29 47 10 32 46 35 33 20 44 24 23 48 33 49 15 39 25 54 19 49 62 60 28 16 61 20 55 37 32 49 46 20 29 41 27 29 38 40 46 29 45 66 43 17 32 29 19 21 61 18 40 33 32 25 48 0 15 34 17 36 20 24 21 15 37 27 15 14 19 18 18 22 12 37 52 31 22 16 22 46 42 55 29 54 60 22 63 15 53 30 58 53 61 38 50 27 9 31 56 57 45 6 57 31 52 45 27 54 6 42 42 24 26 20 56 58 42 43 39 65 58 7 52 49 5 40 14 61 45 25 58 30 48 20 31 43 32 33 25 58 45 55 60 58 43 21 41 58 44 38 25 15 28 43 60 40 14 6 23 34 44 10 44 42 41 13 23 49 14 39 36 35 39 41 42 9 57 25 5 37 22 53 21 17 19 61 50 28 22 37 11 34 32 34 44 33 21 24 9 56 33 51 48 22 46 28 13 19 9 27 30 36 41 18 27 49 57 30 29 27 34 17 13 23 42 41 54 58 25 46 30 37 12 55 12 29 16 40
24 62 50 44 30 25 14 37 32 16 49 36 25 10 43 17 40 19 42 34 19 29 33 23 34 34 31 55 28 52 16 12 16 14 39 16 13 41 41 29 19 34 46 17 43 11 31 22 40 45 42 40 39 45 19 17 3 29 49 42 44 44 46 19 33 37 9 25 18 49 19 38 35 36 20 11 12 30 20 55 31 21 14 10 35 29 44 23 19 35 42 21 47 41 45 29 44 53 44 37 38 16 26 25 16 23 22 13 11 28 19 42 6 35 45 35 19 39 26 27 17 21 10 54 41 33 27 41 25 9 14 30 53 45 18 26 27 49 36 20 34 48 15 36 48 42 35 25 29 34 13 30 15 1 35 40 30 47 48 37 34 12 19 36 37 26 7 31 34 13 25 19 26 17 35 35 49 41 11 19 19 32 15 14 38 29 30 32 21 14 18 40 35 40 32 38 10 3 9 13 27 22 24 41 24 27 31 38 17 51 23 42 23 20 30 43 42 26 55 34 47 13 40 18 27 9 43 31 42 31 16 9 46 54 24 35 40 11 14 35 19 38 16 27 46 12 36 25 44 46 12 42 41 20 28 10 46 40 40 40 48 42 28 38 38 13 21 29 18 48 25 37 45 42 35 43 46 8 11 38 9 23 15 33 47 34 40 45 17 32 45 25 33 46 19 25 16 17 15 18 19 40 23 20 52 16 37 15 41 13 17 33 25 21 6 39 23 9 36 27 37 25 26 11 40 8 35 54 46 13 18 54 11 47 35 19 35 32 8 16 28 12 19 24 38 33 32 30 58 42 9 17 30 19 27 52 5 26 37 18 27 43 15 0 38 12 23 18 24 7 12 22 12 8 15 9 5 15 29 9 22 42 25 23 21 21 32 28 48 35 46 48 25 48 2 40 36 43 38 46 29 35 12 13 19 41 50 40 10 49 37 40 39 22 39 16 32 40 21 12 9 42 43 39 35 38 55 43 10 37 34 11 25 21 50 31 11 45 18 33 5 21 29 17 19 13 43 32 48 46 44 40 7 30 50 42 25 20 22 36 34 47 41 10 14 11 35 30 21 40 36 27 17 9 35 16 25 21 21 30 40 38 11 42 23 15 22 18 47 27 4 25 49 36 35 8 28 6 19 28 37 33 37 23 11 11 46 37 39 39 14 31 14 8 27 7 27 15 21 32 13 13 35 42 16 14 33 42 6 18 29 28 34 40 44 11 41 37 23 11 43 4 34 12 26
57 51 76 11 19 15 46 14 8 53 51 66 18 35 62 47 4 55 32 30 53 10 26 39 23 10 49 44 13 45 51 33 49 45 68 25 49 63 29 42 56 7 39 50 67 35 63 56 6 69 29 9 5 41 21 40 36 14 38 52 45 24 60 22 62 56 36 13 49 32 19 61 52 7 25 47 48 26 57 48 13 18 50 47 4 17 63 49 20 5 55 48 71 68 41 19 37 50 23 67 6 23 13 52 44 32 56 35 41 13 48 52 40 4 46 30 56 40 51 52 53 57 46 49 59 51 26 24 27 40 51 37 47 64 34 28 28 35 31 24 49 50 43 45 33 65 28 41 46 40 46 52 27 38 41 64 40 40 52 30 26 43 51 29 58 19 32 50 52 30 19 56 16 23 5 24 45 45 35 36 52 23 50 51 18 29 49 12 18 47 29 3 27 3 10 44 46 39 30 26 14 18 25 9 15 15 61 61 49 42 23 42 22 51 54 69 34 52 47 30 39 26 8 54 30 30 58 11 68 56 32 43 65 48 19 3 66 30 25 61 56 64 27 32 72 30 10 57 64 47 42 32 44 37 61 37 55 2 67 14 34 49 57 36 5 28 18 9 56 48 17 7 64 8 58 39 47 31 28 49 44 56 47 60 39 13 27 62 23 63 29 40 48 37 21 52 51 24 50 40 39 50 21 30 42 52 48 51 26 27 48 49 30 57 43 22 17 36 45 23 46 20 39 36 61 34 51 42 61 45 50 41 48 37 15 37 56 62 45 36 42 43 31 48 16 44 7 55 47 15 30 48 10 20 13 43 35 46 3 54 12 25 34 38 0 27 40 20 14 38 46 51 44 43 23 31 42 50 14 42 51 41 23 55 19 17 54 51 34 9 37 54 14 73 39 54 6 65 65 71 30 60 41 28 56 64 35 25 33 40 9 47 27 21 67 29 37 17 56 39 47 66 70 18 31 14 49 68 37 62 61 36 53 20 50 48 37 58 55 57 40 30 46 43 43 33 66 43 36 57 64 18 37 39 40 18 59 22 19 11 33 56 10 29 29 33 8 47 25 19 26 43 23 45 65 46 58 49 46 32 15 21 29 63 57 29 49 22 32 13 41 15 53 49 10 43 33 33 52 18 4 41 1 16 34 40 46 2 46 36 29 51 38 43 17 36 13 49 45 30 26 39 49 66 40 44 8 11 33 22 11 44 25 52 61 38 25 9 51 27 48 37 6 47 57
34 55 55 34 19 14 21 26 20 27 44 42 17 13 44 22 29 30 34 27 27 18 24 21 25 23 31 47 17 45 26 13 23 23 45 10 23 43 32 27 30 22 39 24 46 14 38 32 29 49 33 30 29 39 10 17 9 20 41 39 39 34 45 9 39 37 13 14 24 39 9 41 35 25 11 21 22 22 31 48 22 12 24 21 24 18 45 26 10 24 41 25 51 46 38 19 37 48 34 43 27 6 15 29 20 18 30 16 15 19 24 40 15 25 40 27 30 33 29 30 28 30 19 48 42 33 19 31 17 14 25 25 46 46 15 18 20 40 28 14 33 44 19 33 39 45 27 23 28 30 22 32 10 11 31 43 27 40 44 29 25 20 25 28 39 16 6 31 34 7 18 29 17 6 25 25 43 36 10 17 29 22 25 25 27 22 30 23 9 21 16 29 26 29 21 34 19 13 4 3 18 14 15 30 13 18 37 41 26 44 14 36 16 29 33 47 34 30 48 26 40 5 29 29 20 5 42 20 47 35 12 17 47 47 16 24 44 9 3 39 30 42 12 20 50 10 25 32 46 41 17 33 36 18 36 12 43 29 45 29 39 39 33 31 28 10 10 18 30 42 16 26 46 32 38 36 41 4 1 36 19 33 24 38 39 25 31 45 9 39 36 23 32 39 10 29 25 10 24 18 18 37 13 14 44 26 35 25 32 7 23 32 19 31 17 29 12 10 33 17 34 18 24 12 42 8 34 46 46 20 27 45 22 39 24 17 36 38 19 14 26 18 14 26 27 30 21 34 50 31 4 23 19 8 18 45 9 26 26 27 16 33 17 12 27 0 21 8 14 12 22 27 19 18 6 5 15 26 20 17 27 36 15 32 13 11 34 30 39 26 38 45 14 52 13 39 26 46 43 50 22 38 16 9 29 44 42 30 11 42 28 37 30 12 45 14 26 29 32 14 21 45 48 28 27 27 49 47 15 40 38 15 30 13 45 30 13 44 29 36 14 15 28 20 20 10 46 29 40 45 45 30 11 26 42 31 33 10 13 27 27 45 30 3 12 9 24 29 16 30 27 26 9 19 41 24 33 25 24 23 29 28 8 44 33 13 26 7 38 17 14 16 45 35 25 16 21 9 27 17 26 29 26 12 10 18 40 26 36 32 6 32 14 18 19 12 16 23 23 25 2 15 34 45 17 19 22 32 7 11 19 27 25 39 44 13 31 27 27 6 39 11 24 22 33
44 43 37 49 23 25 16 31 32 30 27 28 36 31 24 13 39 37 26 19 22 32 20 1 23 31 10 36 27 33 36 32 17 36 30 30 25 25 27 7 34 33 27 18 28 32 27 41 44 30 28 46 43 26 29 7 21 39 32 20 23 33 25 19 24 17 30 31 15 34 25 22 14 34 15 31 32 18 35 35 40 30 23 28 38 24 25 12 29 35 21 12 32 29 25 22 26 32 34 28 36 26 30 15 11 8 23 34 14 37 14 20 28 39 24 20 30 18 12 13 34 26 21 33 22 13 15 30 14 14 31 9 32 26 7 13 14 33 20 34 13 27 12 13 32 26 21 2 8 13 34 13 31 22 14 25 9 28 26 22 21 34 17 21 19 21 23 11 14 15 37 28 35 20 35 23 29 19 13 5 40 21 35 26 30 15 10 40 24 18 36 42 20 40 30 16 20 25 19 23 36 33 16 38 29 37 23 22 38 33 17 21 36 41 15 30 24 14 35 18 29 25 37 35 12 25 22 29 29 17 10 18 27 34 36 37 27 29 23 22 35 25 33 11 33 30 33 23 26 24 14 25 20 4 25 13 24 41 28 34 33 20 19 18 38 30 28 33 33 26 35 35 26 46 19 24 25 20 21 16 30 44 36 22 28 42 27 25 29 26 31 3 12 29 30 14 22 30 22 5 4 18 19 10 34 26 15 23 28 28 15 12 11 28 22 29 25 14 14 18 14 38 5 12 22 17 14 36 25 15 40 36 28 30 29 4 17 25 24 8 6 15 9 10 31 11 34 17 39 35 20 16 30 25 35 33 19 7 40 24 30 30 36 23 40 21 0 24 28 17 33 15 15 29 26 18 23 36 38 31 16 21 17 43 32 26 15 12 32 42 28 26 30 34 24 19 41 26 26 32 14 20 12 29 28 25 35 28 30 31 44 18 26 19 28 34 12 32 40 12 27 27 32 31 19 32 35 29 31 23 22 32 15 32 29 10 12 24 29 18 20 10 8 9 7 12 27 10 31 25 26 31 16 8 32 33 26 18 33 44 16 25 37 23 32 13 33 9 36 31 23 5 30 22 27 38 25 13 10 13 33 28 28 24 43 33 12 20 31 35 23 34 26 15 42 19 10 26 19 23 37 11 39 29 13 33 25 39 17 20 15 13 9 30 38 28 27 19 7 17 20 11 13 27 8 13 38 48 19 31 36 7 22 19 24 13 29 43 14 26 21 25 39 33 21
40 52 60 27 15 7 27 20 14 34 45 48 13 18 48 29 22 36 31 25 34 11 21 24 21 16 34 45 10 43 33 17 30 28 51 10 30 48 29 29 37 16 37 31 51 19 45 38 22 54 29 24 22 37 7 22 17 15 38 41 39 29 48 6 44 41 18 8 30 35 1 46 38 18 11 28 29 19 38 46 16 7 31 28 17 13 49 32 5 17 43 30 55 51 37 14 35 47 29 49 20 5 8 34 25 19 37 20 22 13 30 41 21 18 40 25 37 33 34 35 35 37 26 46 45 36 17 27 16 21 32 26 44 50 18 18 19 37 26 13 36 44 25 34 35 50 24 26 31 31 28 36 12 19 32 48 28 38 45 26 22 26 32 25 43 11 13 35 38 11 14 36 12 5 17 22 42 36 16 20 35 19 32 32 22 21 34 17 3 28 17 22 23 22 14 35 26 20 11 7 13 10 14 23 6 13 43 45 32 41 12 36 13 35 38 52 32 35 45 24 37 7 22 36 19 11 45 13 52 40 15 24 51 46 13 17 49 13 6 44 37 47 14 21 56 13 18 39 50 41 23 30 37 21 42 18 45 22 50 22 36 40 39 30 20 12 4 11 36 42 11 19 50 25 42 35 41 12 9 37 25 39 30 43 37 19 27 49 7 45 32 26 35 36 8 34 32 9 31 23 22 39 10 15 42 33 36 32 28 10 29 35 19 38 24 25 5 17 34 14 35 15 26 18 46 14 37 43 49 26 33 42 29 36 19 21 40 44 26 19 28 24 16 31 22 32 14 39 47 25 11 30 12 1 12 42 16 30 19 34 9 29 20 18 20 8 24 0 6 19 28 33 25 25 6 11 23 32 14 24 33 35 13 38 9 3 38 35 36 19 35 46 7 57 20 42 19 50 48 55 21 43 22 11 36 49 38 26 16 39 21 38 27 9 50 15 27 24 38 20 27 50 54 23 25 21 47 52 20 45 44 19 35 9 45 34 19 46 36 40 21 16 32 25 25 15 50 31 36 46 49 24 18 27 39 25 40 7 10 21 26 46 23 10 14 14 17 33 15 25 23 29 8 26 47 30 39 31 29 23 23 23 11 48 39 15 32 5 34 11 22 11 46 37 19 23 22 15 33 13 19 30 19 5 15 23 40 19 37 30 10 36 20 24 14 18 9 30 28 23 7 20 36 50 22 25 16 26 14 9 13 30 22 41 48 19 27 20 33 9 40 18 17 28 39
46 50 63 23 12 3 33 15 8 40 45 53 13 23 51 34 16 42 29 24 40 5 20 27 18 11 37 43 5 41 38 22 35 34 55 14 36 52 26 31 43 10 35 36 55 24 50 44 17 57 26 19 17 36 10 27 23 13 36 43 39 25 50 9 49 44 24 4 35 32 5 49 41 12 13 34 35 18 44 44 13 8 36 34 12 10 52 36 8 11 45 35 59 56 36 12 33 46 25 54 14 10 4 39 31 21 42 25 27 11 35 43 27 12 40 24 43 33 38 39 41 43 32 45 48 39 17 23 16 26 38 27 43 53 22 18 19 34 25 15 38 44 30 36 32 53 23 29 34 32 34 40 16 25 33 51 30 36 45 25 20 31 37 24 46 9 19 38 41 16 14 42 11 9 11 19 41 37 22 24 40 17 37 38 18 21 38 13 5 33 20 17 22 16 9 36 32 26 17 13 11 10 14 17 3 11 48 49 37 39 12 36 15 40 42 56 30 40 44 23 35 13 16 42 20 17 47 8 56 44 19 30 54 44 13 11 54 18 12 49 43 51 18 22 60 18 13 44 53 41 29 28 37 25 47 23 46 16 54 17 33 41 44 30 14 17 5 6 42 42 11 13 53 20 46 34 41 18 15 39 31 45 35 47 35 16 24 52 11 50 29 29 37 34 10 39 38 13 37 27 26 41 10 18 39 39 38 38 24 15 34 38 20 43 30 21 3 22 35 14 37 15 28 23 49 20 40 40 51 32 38 39 35 34 14 25 44 49 32 23 31 30 19 35 17 34 8 43 45 19 17 35 6 7 10 40 22 34 14 40 3 25 24 24 14 14 28 6 0 24 33 37 31 31 11 17 29 38 12 29 38 35 13 44 10 3 42 39 33 15 33 46 3 61 26 44 14 53 52 59 21 47 27 16 42 52 34 23 21 37 17 39 24 9 54 19 27 19 44 25 33 54 58 18 25 15 45 56 25 49 48 25 40 11 45 37 24 48 42 44 27 19 35 30 30 19 54 33 34 48 52 20 23 29 37 20 45 10 11 17 26 47 17 16 19 19 11 36 17 20 21 32 12 32 52 35 45 36 33 23 18 19 17 51 45 19 36 9 31 9 28 10 46 39 15 29 23 21 39 10 13 31 13 4 21 28 40 13 38 30 15 40 24 30 14 23 3 36 32 23 13 26 39 54 27 30 11 21 20 12 9 33 20 43 50 25 23 16 38 15 40 24 13 34 44
29 57 45 45 27 24 10 35 31 17 43 32 27 16 37 12 39 23 38 30 16 29 29 17 31 33 25 50 27 47 20 17 12 20 35 19 13 35 37 23 21 33 41 13 37 17 27 26 40 40 38 41 40 40 20 11 6 31 45 36 39 41 40 17 29 31 15 26 13 45 19 33 29 35 17 15 16 26 22 49 33 23 13 13 35 27 38 17 21 34 36 15 42 36 39 26 39 48 41 33 37 17 26 19 10 18 19 19 5 30 14 36 12 36 40 31 20 33 20 21 20 19 8 48 35 27 23 38 21 4 17 24 47 39 13 22 23 45 31 23 28 43 9 30 44 37 31 19 23 29 18 24 19 6 30 34 25 42 42 33 30 18 15 32 31 24 9 24 27 10 28 19 28 16 35 31 44 35 5 14 24 28 20 15 35 25 23 34 20 10 22 40 31 40 31 32 9 9 8 14 29 25 21 40 24 29 27 33 22 47 20 36 26 25 24 38 37 21 49 29 42 15 39 21 22 12 37 30 37 26 11 6 40 49 27 35 35 15 14 30 22 33 20 22 41 16 35 21 38 40 6 37 35 14 25 4 40 40 35 38 44 36 23 32 38 17 22 29 20 42 27 36 39 43 29 38 40 8 11 32 14 28 20 28 42 36 36 39 19 28 41 19 27 42 21 20 14 20 13 12 13 34 21 15 47 15 31 14 38 16 12 27 20 20 7 36 22 4 30 24 31 28 21 5 34 5 29 50 39 9 24 49 14 43 33 13 29 27 9 10 22 7 14 18 36 27 32 25 53 40 9 13 29 19 29 47 4 20 37 16 27 39 21 7 38 12 17 19 24 0 17 17 8 13 17 8 8 20 31 14 17 36 21 27 23 21 26 22 44 37 41 42 25 43 8 34 37 38 33 41 24 29 7 16 19 36 46 36 15 44 39 35 35 20 35 21 26 37 25 6 12 36 38 36 30 36 50 38 15 32 29 17 20 23 44 25 5 39 19 27 4 16 23 12 12 9 38 26 44 40 38 37 1 24 45 39 22 18 24 38 29 41 40 11 18 7 34 24 25 38 32 21 20 9 30 22 22 16 15 25 38 35 15 36 27 19 17 17 43 28 7 27 43 30 36 5 22 11 15 26 36 27 37 23 6 17 40 37 34 34 11 26 8 14 30 13 26 12 16 28 12 7 29 37 10 9 34 43 5 21 30 22 30 34 38 5 37 38 17 14 37 9 35 17 22
13 73 56 50 40 34 21 47 41 13 60 40 30 12 51 25 48 10 54 46 22 37 44 34 45 44 40 66 37 64 5 14 21 5 44 21 14 48 53 40 13 42 57 23 49 12 34 11 47 52 53 46 46 57 26 27 14 35 61 52 55 55 55 30 38 45 10 33 25 60 29 45 44 45 31 4 4 42 13 66 37 29 17 8 43 39 52 31 27 43 51 29 53 46 56 39 56 65 55 41 47 24 34 32 24 35 25 12 20 35 26 52 7 43 56 47 17 50 34 35 9 22 15 65 49 42 38 52 36 19 8 41 64 53 29 37 39 60 47 24 44 59 23 46 59 50 47 35 39 45 1 38 20 13 46 47 41 59 58 49 45 4 25 47 45 37 16 40 42 24 30 19 32 27 44 46 60 52 22 30 8 43 4 14 48 41 39 38 30 20 19 48 46 48 41 48 16 10 20 22 34 29 35 50 32 33 36 46 5 63 34 53 27 8 38 49 53 34 66 45 58 21 49 10 38 17 52 40 48 39 27 17 54 65 29 43 46 17 23 41 12 45 20 38 51 16 45 28 52 57 20 53 52 31 31 21 56 48 45 50 60 53 34 49 47 18 29 37 13 58 31 46 53 49 43 54 57 18 21 48 3 12 4 39 58 39 51 53 24 36 56 35 43 58 26 33 19 22 18 28 30 50 34 31 63 16 47 18 52 20 24 43 37 20 12 50 32 20 47 38 47 29 37 22 48 19 44 66 54 21 7 65 8 58 45 30 43 36 11 27 38 20 30 32 48 44 40 38 69 52 19 24 39 27 34 63 16 35 45 20 35 54 15 12 46 22 33 28 33 17 0 29 20 5 23 20 10 5 35 5 28 53 36 11 27 31 40 36 59 42 57 58 33 53 10 49 43 50 44 51 40 42 22 19 18 49 62 51 13 61 44 51 50 33 44 19 43 50 11 22 9 48 48 49 46 48 67 49 10 44 40 11 33 27 61 40 22 54 16 41 14 32 38 27 28 25 51 43 59 56 52 51 18 40 61 52 26 31 28 42 45 57 50 19 18 22 44 39 24 51 47 38 24 14 39 5 27 29 29 41 50 49 18 50 12 18 30 28 58 33 11 32 59 46 41 15 39 13 24 39 45 44 45 31 23 7 57 45 50 50 25 40 25 4 32 11 36 21 31 44 23 23 45 49 26 22 39 48 18 24 35 38 45 50 52 21 52 43 30 19 54 11 41 2 30
37 55 29 59 36 36 9 44 43 20 37 16 43 31 23 5 51 29 40 33 10 42 34 16 37 43 15 49 38 45 29 33 8 32 19 35 16 20 41 19 24 45 40 7 21 32 13 33 54 24 42 55 53 39 36 11 22 46 45 27 35 47 28 29 13 18 30 40 4 48 33 18 17 46 26 26 26 32 26 47 48 38 13 22 49 36 24 4 36 47 25 3 26 20 38 35 39 44 48 17 48 32 40 3 8 22 10 34 12 45 4 27 26 49 35 34 19 31 6 7 26 14 14 45 21 15 29 44 27 14 23 23 44 25 17 27 28 47 34 39 19 37 8 24 46 22 35 15 15 26 30 10 35 21 26 19 22 41 34 36 35 31 5 35 17 33 25 13 16 22 44 16 43 29 47 37 41 30 17 16 33 35 29 17 43 28 13 49 34 9 39 53 35 52 42 27 13 23 23 29 44 40 28 50 38 44 11 17 33 46 29 33 42 35 10 22 38 6 47 32 42 30 50 26 26 28 25 41 21 10 19 13 26 46 42 48 19 31 29 13 26 17 36 24 25 32 45 9 24 35 11 39 31 16 12 15 30 52 19 47 46 30 7 32 50 33 36 43 23 37 42 47 25 57 15 37 36 24 26 24 27 36 32 12 41 51 41 25 35 13 45 16 18 42 37 5 12 35 12 12 14 26 31 21 47 16 23 13 43 32 6 17 25 16 18 43 35 17 24 31 24 44 18 15 20 20 18 50 27 9 35 49 22 43 42 15 15 12 18 15 17 10 20 6 44 22 45 9 51 49 24 5 41 33 44 46 20 11 51 12 40 45 37 22 51 27 15 33 37 17 29 0 10 25 32 22 20 30 46 28 1 34 30 36 39 35 12 9 46 51 41 34 39 26 22 23 51 23 17 25 27 14 11 32 17 21 49 41 31 44 53 28 40 30 19 37 25 45 32 13 21 20 22 44 33 45 47 22 31 16 13 32 4 39 39 15 15 27 19 13 17 22 14 8 9 19 23 21 45 30 24 45 17 21 45 47 12 29 39 53 30 32 50 27 34 19 45 15 41 45 36 16 35 15 15 34 11 2 5 27 47 42 31 22 35 35 3 29 45 43 20 42 35 22 51 15 25 27 7 35 48 23 50 38 18 31 36 50 28 34 23 14 14 27 45 28 38 9 8 31 27 13 20 21 11 9 48 58 21 37 45 15 36 25 24 14 42 53 1 30 31 25 49 28 8
30 58 39 52 31 30 3 40 37 15 41 25 34 22 31 6 45 23 40 32 10 35 32 16 34 38 21 51 32 48 22 23 5 24 28 26 10 29 40 22 19 39 42 6 31 23 20 27 47 34 41 48 47 40 28 9 12 38 46 33 38 44 35 23 22 26 20 32 6 47 26 27 24 41 22 17 18 29 20 49 40 30 8 13 42 32 32 11 28 40 32 9 35 30 40 30 40 47 45 25 42 24 33 13 5 20 12 25 4 37 7 33 17 42 39 33 16 33 14 16 20 13 6 48 30 22 26 41 24 5 16 24 47 33 14 24 25 47 33 30 25 41 4 28 46 31 33 17 20 28 21 19 25 11 29 28 24 43 40 35 33 22 8 34 25 29 16 20 23 15 35 14 35 22 41 34 44 34 10 14 26 32 21 11 40 27 19 41 26 3 29 47 33 46 36 30 5 14 15 20 36 32 25 45 30 36 20 27 25 47 24 36 33 27 19 32 38 15 50 31 43 22 44 20 24 19 32 35 31 20 15 3 35 49 34 41 28 22 21 23 20 27 27 23 34 23 40 14 33 39 2 39 34 14 18 8 37 46 28 43 46 34 16 33 44 24 28 36 18 41 34 41 34 50 24 39 39 15 18 29 18 29 23 21 42 43 39 34 26 21 44 17 24 43 28 14 9 27 8 10 13 31 26 18 48 12 28 9 41 23 5 23 23 15 9 40 28 9 28 28 29 35 20 9 29 11 25 51 35 2 26 50 14 44 38 13 24 20 10 11 20 1 17 13 40 25 38 19 54 45 15 5 35 26 36 48 11 16 44 10 33 43 27 12 44 19 15 25 31 8 20 10 0 16 24 14 10 22 38 18 10 36 26 29 30 28 21 17 46 44 42 39 32 36 13 30 43 32 26 34 26 23 5 23 14 30 48 40 22 45 46 33 38 25 28 27 26 42 26 6 13 30 31 41 32 41 50 31 21 25 22 22 14 30 43 21 8 35 15 22 8 19 19 8 9 13 32 25 45 37 33 42 8 23 46 44 15 23 31 45 30 38 45 18 25 12 39 20 32 42 35 19 27 7 23 25 15 10 10 26 43 39 22 31 28 26 11 23 45 35 11 34 40 27 43 5 24 17 9 31 42 26 43 30 11 22 39 44 32 35 16 21 9 18 37 19 32 6 11 30 19 7 26 30 8 3 40 50 13 28 37 19 33 31 33 7 41 45 11 21 35 15 42 19 15
17 69 52 49 37 31 16 44 38 11 55 37 29 11 47 21 46 12 50 42 19 35 40 29 41 41 36 62 34 59 9 13 18 9 41 20 11 44 49 35 13 40 53 19 45 11 31 14 45 48 49 44 45 52 24 22 10 33 56 48 51 51 51 26 35 41 9 30 21 56 26 42 39 42 27 4 5 38 14 62 35 27 13 5 41 36 48 27 25 41 47 25 49 43 52 36 51 60 51 38 44 22 32 28 20 30 22 13 15 33 21 47 5 41 52 42 15 45 30 31 10 19 11 60 45 37 34 48 32 15 8 36 60 49 25 33 35 56 43 23 39 55 19 42 55 46 43 30 34 41 6 34 18 8 42 43 37 54 54 45 41 7 21 43 41 33 13 35 38 20 29 17 30 24 42 42 56 47 18 26 12 39 8 12 45 37 34 36 27 16 19 46 42 46 38 44 12 6 16 19 32 27 32 47 30 31 33 42 10 58 31 49 26 13 34 45 49 29 61 41 54 19 46 11 34 15 47 37 44 35 23 13 50 61 28 40 42 15 20 37 13 41 19 34 47 15 42 25 47 52 16 49 48 27 28 16 51 45 42 46 55 48 30 44 45 17 27 34 13 54 29 43 49 47 38 50 53 14 17 44 2 16 8 35 54 38 47 49 22 33 52 31 38 54 24 28 16 21 14 24 26 46 30 27 59 13 43 15 49 18 19 38 32 18 8 47 29 16 42 34 43 28 33 18 44 15 40 61 50 17 12 61 5 54 42 25 39 32 7 22 34 16 26 28 45 39 38 34 65 49 16 20 36 25 32 59 12 31 43 17 33 50 15 8 43 18 29 25 31 13 5 25 16 0 20 17 6 8 33 4 25 48 32 15 26 28 36 32 55 40 53 54 31 50 6 45 41 47 40 48 36 38 18 17 16 45 58 47 12 56 42 47 47 29 41 18 38 47 14 17 5 44 44 46 42 44 62 45 9 40 36 10 29 25 57 36 17 50 15 36 9 28 34 22 24 20 47 39 55 52 48 47 13 36 57 49 24 27 26 41 41 53 47 16 17 18 41 35 24 48 43 33 22 10 36 10 24 25 25 37 47 45 16 45 16 17 26 25 54 32 6 30 55 42 39 11 34 10 20 35 43 39 42 29 18 8 52 43 46 46 21 36 20 3 31 9 33 17 26 39 19 18 41 45 21 18 38 47 14 23 34 34 42 46 48 17 48 41 26 16 49 8 40 5 27
35 57 60 29 20 13 26 25 18 30 49 48 11 13 50 28 26 32 36 30 32 15 26 26 26 22 36 50 16 48 28 11 28 23 51 5 27 49 34 32 33 20 42 30 52 13 44 33 25 55 35 25 25 42 4 23 13 15 44 45 43 34 51 11 44 43 13 10 29 41 7 47 40 22 15 24 25 25 34 51 17 7 28 24 21 19 51 32 5 21 46 30 57 52 42 20 40 51 35 49 24 2 12 35 25 22 35 14 21 14 29 45 17 21 44 30 34 37 35 36 30 35 24 51 47 38 22 32 20 20 28 30 50 52 20 22 23 42 31 9 38 48 25 38 40 51 30 28 34 35 23 38 6 15 36 49 32 43 49 32 27 20 31 30 44 17 9 37 40 12 12 34 11 9 22 27 47 41 16 22 30 24 27 29 28 25 36 17 8 26 11 26 29 26 19 39 24 16 10 4 13 8 19 28 10 13 43 47 27 47 17 40 10 29 39 53 37 36 51 29 43 3 26 31 24 7 48 18 52 40 17 22 53 51 10 20 50 7 4 45 33 48 8 25 56 8 23 38 52 45 22 36 41 23 41 18 49 25 50 28 41 44 39 35 25 6 7 14 33 46 10 23 52 27 43 40 45 9 7 41 21 34 25 43 42 19 33 51 3 44 38 28 37 41 5 35 30 4 29 24 24 43 15 19 47 30 40 30 33 4 28 38 23 35 21 30 10 16 38 20 39 12 29 18 48 13 40 49 51 25 27 48 25 42 24 23 42 44 22 20 31 23 19 32 27 36 18 40 53 30 9 29 17 5 13 47 14 32 23 32 13 34 14 15 23 6 26 6 11 17 23 32 24 20 0 10 19 27 14 19 33 40 18 33 7 9 39 36 42 21 41 50 11 58 16 44 21 51 49 56 25 44 22 5 33 50 43 32 10 44 23 42 32 14 50 9 31 29 33 20 24 51 54 28 31 26 52 53 14 46 44 14 35 7 49 36 18 49 33 42 18 19 34 26 26 16 52 35 42 50 51 30 16 31 45 31 38 12 8 22 31 50 28 6 8 14 22 35 11 30 29 31 4 23 46 24 38 31 29 27 28 29 6 50 34 9 32 9 40 12 18 11 50 40 20 21 26 10 32 18 23 33 22 9 16 18 44 23 41 35 12 38 20 20 13 13 14 29 29 28 7 20 39 51 23 25 18 27 12 5 14 33 27 44 50 19 32 22 33 4 44 14 20 24 38
33 54 50 38 21 17 17 28 24 24 42 38 21 14 40 18 32 28 34 26 23 21 24 17 25 26 27 47 19 44 25 15 19 22 41 13 20 39 33 24 27 26 38 20 42 15 34 31 33 45 33 34 33 37 14 13 7 25 41 37 37 35 42 11 34 34 14 18 20 40 12 37 31 28 11 20 21 22 28 47 26 16 20 18 28 20 41 22 14 27 38 20 47 42 37 20 36 46 35 39 30 10 19 25 15 16 26 17 11 23 20 37 14 28 38 27 27 31 25 26 26 26 16 46 38 29 18 32 16 10 22 23 45 42 12 18 19 40 27 18 30 42 15 30 39 41 27 20 25 28 21 28 14 9 29 39 24 39 41 29 25 20 21 27 35 17 6 27 30 4 22 26 21 8 28 26 42 34 6 13 28 23 24 22 29 21 26 27 13 17 19 33 26 32 23 31 16 11 1 7 23 18 15 32 17 22 33 37 25 43 14 35 20 28 29 43 33 26 47 25 39 9 32 27 19 7 39 22 42 31 9 13 44 46 20 28 40 11 8 35 27 38 16 19 46 12 28 28 42 39 13 33 34 14 32 8 41 33 40 31 40 36 29 30 31 13 14 22 27 40 20 29 43 36 34 35 39 4 4 33 18 32 23 33 38 29 31 42 13 35 36 19 29 38 15 25 21 14 20 14 15 35 14 12 44 23 32 21 32 11 18 29 17 27 14 30 15 6 30 18 31 22 21 8 38 4 31 46 42 16 27 45 19 39 26 14 32 34 16 11 22 14 11 22 29 28 25 30 50 33 2 19 22 12 22 44 6 22 30 24 19 34 19 9 31 5 18 11 17 8 20 22 14 17 10 0 13 24 24 17 23 34 16 31 17 14 30 26 39 30 37 42 18 48 11 36 30 42 39 46 20 34 12 12 26 40 42 31 13 41 32 34 30 13 40 17 24 31 30 10 18 41 44 30 27 29 48 43 15 36 34 16 25 17 43 27 8 41 26 32 10 13 25 16 16 6 42 27 39 42 42 31 7 23 42 33 29 11 18 31 26 42 33 6 15 5 27 26 20 32 27 23 14 16 37 24 29 21 19 22 31 29 11 40 32 16 22 9 38 21 12 20 42 31 29 13 20 9 22 19 29 26 30 16 6 18 39 30 33 31 5 29 10 17 23 12 19 19 19 24 5 10 31 41 13 15 26 36 4 15 23 24 25 35 41 9 32 31 23 9 37 10 28 21 28
22 64 48 48 33 29 12 40 35 12 50 33 29 13 41 16 44 16 45 37 15 33 35 24 37 38 30 57 32 54 13 15 13 14 37 20 9 39 44 30 15 37 48 14 41 14 28 19 44 43 45 44 43 47 23 17 6 33 52 42 46 47 45 23 31 36 11 29 16 52 24 37 34 40 23 8 9 33 16 56 35 25 10 6 39 33 42 21 23 39 42 19 45 39 47 32 47 55 48 34 42 20 30 23 15 25 18 15 10 32 17 42 7 39 47 38 15 40 24 26 13 17 6 55 40 32 30 44 27 9 10 31 54 43 20 29 30 52 38 24 34 49 14 36 50 41 38 25 29 36 11 29 19 4 37 38 32 49 48 40 36 12 16 39 35 30 11 30 33 16 29 15 30 21 40 38 51 42 13 20 17 35 13 10 41 32 29 36 24 11 21 44 37 44 36 39 7 5 13 17 32 26 27 45 28 31 29 37 15 54 26 43 27 18 29 41 44 25 56 36 49 17 44 14 29 13 42 35 40 30 18 7 45 56 28 39 38 15 18 33 15 36 20 29 43 15 40 22 43 47 11 44 42 21 25 11 46 44 37 43 51 43 25 39 43 17 25 33 15 49 29 41 44 46 34 45 47 11 14 38 8 21 13 31 49 38 43 44 21 29 48 26 33 49 23 24 13 21 11 18 20 40 27 22 54 12 37 12 44 17 15 33 28 17 3 43 27 11 37 30 37 29 27 13 39 10 34 57 45 12 17 56 7 50 39 20 34 29 4 17 28 11 21 23 42 34 36 29 60 45 13 15 34 23 31 54 8 25 41 15 31 46 18 5 42 15 23 23 29 8 10 20 10 6 19 13 0 13 33 8 20 43 28 20 25 26 31 27 51 39 48 48 29 45 4 40 40 42 36 44 31 33 12 17 15 40 53 43 13 51 42 41 42 25 37 20 33 43 18 12 6 40 40 42 38 41 57 41 12 35 32 13 24 25 51 31 12 44 14 32 4 23 29 17 18 15 42 33 50 46 43 44 8 31 52 45 21 23 26 40 36 47 45 14 18 14 39 30 25 44 39 28 21 5 32 15 21 20 20 32 43 41 15 41 20 18 21 22 50 31 1 29 49 37 39 5 29 10 16 32 41 34 41 27 13 12 47 41 40 41 17 31 15 8 31 10 31 13 21 35 17 13 35 40 16 13 37 46 10 22 33 28 37 40 43 11 44 41 21 15 44 7 39 10 23
9 77 56 54 44 38 22 51 45 12 62 40 34 15 52 26 52 6 57 49 23 41 48 37 49 48 42 70 42 67 2 18 23 6 44 26 15 49 56 43 10 47 61 24 50 16 34 7 50 53 57 50 51 60 30 30 18 39 64 55 59 59 57 34 39 47 15 37 26 64 33 47 46 49 35 5 5 45 10 69 41 33 18 9 47 43 53 33 31 47 54 31 54 47 59 43 59 68 59 41 51 28 38 33 26 38 25 16 22 39 27 54 11 47 59 50 16 53 35 36 7 21 16 68 51 44 42 56 40 22 8 44 67 54 32 41 42 64 51 28 46 62 26 49 63 51 50 38 41 49 4 40 23 16 49 48 44 62 61 52 49 8 26 51 46 41 20 42 44 28 34 18 36 31 48 50 64 55 25 33 4 47 1 15 52 44 41 42 34 21 23 52 50 52 45 51 17 14 24 26 38 32 39 54 36 37 37 47 4 66 38 56 31 6 39 50 56 35 69 49 62 25 53 8 42 21 54 44 49 40 31 19 55 69 33 47 47 21 27 41 9 45 24 42 51 21 50 29 53 60 23 57 55 34 31 24 58 52 46 54 63 56 35 52 51 23 33 41 11 62 35 50 54 53 44 58 60 22 25 51 7 8 4 39 61 43 55 54 28 36 60 38 45 61 30 34 19 27 19 31 33 53 38 34 67 16 50 18 56 24 25 45 40 19 14 54 36 24 49 42 50 33 40 25 49 23 46 69 56 23 6 69 9 62 49 33 44 36 13 30 41 22 34 34 52 47 44 39 73 56 23 25 43 32 37 67 20 37 49 21 39 58 18 15 50 26 36 32 38 20 5 30 22 8 27 24 13 0 39 9 30 56 40 8 32 35 41 38 63 46 61 61 37 54 14 51 46 52 45 52 44 43 25 23 17 50 65 55 18 64 48 54 54 37 45 23 46 54 7 25 10 49 48 53 50 52 70 50 13 45 40 15 34 30 64 43 25 56 15 42 17 36 41 29 30 28 52 46 63 58 53 55 21 44 65 56 26 34 31 46 49 60 54 23 22 26 48 42 28 55 51 40 28 15 39 6 27 30 31 44 54 53 22 51 8 22 31 32 62 38 14 35 62 49 45 17 42 17 25 43 49 47 49 35 26 11 60 49 53 54 29 42 28 8 36 15 40 22 33 47 27 26 48 50 28 24 44 52 21 29 40 41 49 52 54 24 56 47 31 23 57 15 46 4 31
46 59 73 16 23 15 40 22 13 44 56 61 6 24 61 42 17 44 39 35 46 10 30 37 29 18 48 53 16 52 40 22 42 34 64 14 41 62 36 42 46 14 46 44 65 24 58 44 13 67 36 12 13 47 11 36 27 1 46 54 50 33 61 19 58 55 25 8 43 41 14 59 51 16 23 36 37 30 46 55 3 8 42 37 10 21 62 45 10 13 56 44 69 65 47 22 44 57 33 62 18 14 9 48 39 32 49 24 35 1 43 54 29 10 51 34 47 44 47 49 43 49 38 56 59 50 28 32 27 33 41 38 54 63 32 29 30 43 35 12 49 55 38 47 41 63 34 39 45 43 35 50 16 29 44 61 41 47 56 36 31 32 45 35 56 21 23 49 51 25 6 48 4 19 15 30 52 48 29 34 41 28 39 43 26 32 48 4 14 40 17 14 33 16 16 47 38 29 23 18 2 7 25 21 10 2 56 59 38 49 23 47 9 40 51 66 41 49 54 35 46 17 20 44 32 20 58 16 65 53 29 36 65 55 7 11 63 19 17 58 45 61 15 33 69 19 19 51 63 52 36 39 48 35 55 31 58 15 64 24 42 52 52 41 17 17 10 8 46 53 5 17 64 14 56 45 52 23 20 50 33 45 35 56 46 5 34 62 13 58 38 39 48 44 10 48 44 13 43 36 36 52 21 29 50 44 49 43 34 16 42 48 31 49 35 30 14 30 46 25 48 7 39 31 59 27 51 50 62 39 38 49 38 44 23 34 54 57 36 33 42 37 29 45 25 45 10 52 55 26 23 43 14 13 3 50 27 44 12 46 9 34 22 29 14 20 38 14 12 31 35 46 38 33 14 24 33 39 0 31 47 46 24 44 8 13 52 48 43 7 44 58 9 70 29 55 9 63 61 69 32 57 35 17 47 62 44 33 22 47 10 50 34 20 63 17 39 27 45 33 37 64 67 26 36 23 56 65 26 59 57 25 49 9 56 47 32 59 46 54 32 29 45 39 39 28 64 44 44 59 63 28 30 40 47 28 52 20 8 8 37 58 22 20 18 27 17 46 12 29 32 42 12 37 60 35 52 44 42 34 25 29 18 62 46 17 45 18 41 4 32 4 57 50 7 35 34 24 46 20 15 42 13 9 29 29 51 12 49 41 24 50 33 32 4 25 13 42 42 34 20 34 49 64 36 38 6 14 26 11 4 43 31 54 61 32 33 9 46 18 51 27 8 36 52
17 70 56 46 36 30 20 43 36 15 57 40 26 8 49 24 44 13 50 42 22 33 40 31 41 39 38 63 33 60 10 10 21 6 44 18 14 47 49 37 16 38 54 22 48 8 35 15 43 51 50 42 43 53 22 25 10 31 57 50 52 51 53 26 38 44 7 29 24 56 25 45 42 41 28 6 7 38 16 63 33 25 17 8 39 35 50 29 23 39 50 27 53 46 53 35 52 62 51 41 42 20 30 31 23 31 25 9 18 31 25 50 3 39 53 43 19 47 32 34 13 23 14 62 48 40 34 48 32 17 11 38 61 51 26 34 35 56 44 20 42 56 22 44 55 49 43 32 37 43 5 37 16 9 43 46 39 55 56 45 41 4 24 44 43 33 12 38 41 20 26 20 28 23 40 42 57 49 19 27 12 39 9 15 44 37 37 34 26 19 16 44 42 44 37 46 15 6 16 18 30 25 32 46 28 29 36 45 9 59 30 50 23 12 37 49 49 33 63 42 55 17 45 14 35 13 50 36 48 38 24 15 53 62 25 39 46 12 19 40 15 44 16 35 51 13 41 29 51 54 19 49 49 28 32 18 54 44 45 45 56 50 33 45 43 15 25 33 16 56 27 41 52 45 42 51 54 14 17 46 3 16 7 38 54 35 48 52 20 36 53 33 41 54 21 32 19 19 18 26 27 48 30 28 60 17 45 18 49 16 23 41 33 22 11 46 28 17 44 34 45 25 35 19 47 15 42 62 53 20 10 61 9 55 41 27 42 36 10 24 36 19 27 31 44 41 36 37 66 48 15 23 35 23 30 60 13 33 41 21 31 50 12 9 42 17 31 24 29 14 5 28 18 4 19 17 8 9 31 0 28 50 32 15 24 26 39 35 56 38 54 56 29 53 7 47 39 50 44 51 37 41 20 14 20 48 58 47 10 57 40 48 47 29 44 15 40 46 15 19 9 47 48 45 43 44 64 49 6 43 39 7 32 23 58 38 19 52 18 40 12 29 36 25 26 21 50 40 56 54 51 47 15 38 58 48 27 27 24 38 42 55 46 15 14 19 40 37 21 47 43 35 19 13 39 8 28 28 28 38 46 45 14 49 16 14 29 24 54 30 9 28 57 44 37 13 35 9 24 34 41 41 41 27 19 4 54 41 48 47 21 39 22 2 28 7 32 20 29 40 19 20 43 48 23 21 36 44 14 21 32 36 42 48 51 19 48 39 29 15 51 7 38 5 30
36 56 29 60 37 37 9 45 44 20 37 15 44 32 23 5 52 29 41 34 9 43 35 17 38 44 15 50 39 46 29 33 7 33 18 35 16 20 42 20 24 46 41 7 21 32 12 33 55 24 43 56 54 39 37 12 22 47 46 28 35 48 28 30 12 18 30 40 5 49 34 17 18 47 27 26 26 33 25 48 49 39 13 22 49 37 24 5 37 47 26 4 25 20 39 36 40 44 49 16 49 33 41 4 8 23 9 34 13 46 4 27 26 50 36 35 19 32 7 7 26 13 15 45 21 16 30 45 28 14 23 24 45 25 18 28 29 48 35 40 20 38 9 24 47 22 36 16 16 26 29 11 35 21 27 19 23 42 35 37 36 31 5 36 17 34 26 14 16 23 44 15 44 29 48 38 42 31 18 17 33 36 29 16 44 29 13 49 34 10 39 54 36 53 43 27 14 24 24 29 45 41 29 51 39 45 10 18 33 47 30 34 43 35 10 22 39 6 48 33 43 31 50 26 27 29 25 42 21 11 20 13 26 47 43 49 19 32 30 13 26 17 37 25 24 33 46 8 24 36 11 40 32 17 11 16 31 53 18 48 47 30 6 33 51 34 37 44 23 38 43 48 25 58 15 38 37 25 27 25 27 36 32 11 42 51 42 25 35 12 46 17 19 43 37 5 11 36 12 13 15 27 32 22 48 16 24 12 44 33 6 18 26 15 18 44 35 17 25 32 25 45 19 16 20 20 19 50 27 9 35 50 22 44 43 16 15 11 19 16 18 11 21 7 45 22 46 10 52 50 25 6 42 34 44 47 21 12 52 11 41 46 37 22 51 27 16 33 38 17 28 1 10 25 33 23 20 30 47 28 0 35 31 36 39 36 13 9 47 52 42 34 40 26 23 24 52 22 17 24 28 14 12 33 16 21 50 42 31 45 54 29 41 31 18 37 26 46 32 14 21 20 22 45 34 46 48 21 31 16 12 32 5 39 40 16 15 28 18 13 18 23 15 9 10 19 23 22 46 31 24 46 18 22 46 48 11 30 40 54 31 33 51 28 35 20 46 15 42 46 37 17 36 16 14 33 10 3 6 28 48 43 32 22 34 36 4 30 46 44 20 43 36 22 52 15 26 27 6 36 49 24 51 38 18 31 37 51 29 35 24 14 14 27 46 28 39 9 9 32 27 13 21 21 12 9 49 59 22 37 45 16 37 25 25 15 43 53 2 30 32 25 50 28 7
64 22 44 52 24 32 37 28 34 50 11 43 47 48 29 34 39 58 12 12 42 37 16 20 19 31 21 16 31 12 56 48 38 55 42 44 45 33 15 15 54 35 7 38 37 49 44 61 46 38 15 50 45 6 41 27 40 47 14 14 5 22 22 29 39 25 47 39 35 19 35 32 21 35 25 51 52 17 56 14 47 41 43 48 41 26 29 30 40 37 19 31 40 41 5 24 8 13 24 43 35 38 38 32 32 19 43 51 34 45 34 15 47 42 6 12 51 3 29 30 55 47 42 13 26 22 19 20 20 34 51 13 12 29 24 18 17 16 11 47 18 10 33 12 17 33 13 20 19 9 54 27 45 41 8 34 13 9 12 12 16 53 37 12 28 26 39 23 23 30 48 48 44 31 37 18 8 6 31 23 60 19 55 47 25 15 23 47 34 38 50 44 14 41 32 8 41 44 35 37 45 44 22 35 36 46 39 31 58 13 24 2 48 60 29 39 8 31 14 12 9 39 35 56 16 40 22 31 39 31 26 38 31 13 47 40 38 44 37 36 56 36 47 16 43 45 32 41 31 7 34 11 5 22 44 33 16 42 40 30 16 10 36 5 38 44 38 39 54 7 45 35 30 49 29 5 7 37 36 14 50 64 56 36 8 49 16 27 41 42 17 19 18 11 42 31 43 43 43 26 24 13 26 23 14 47 14 44 18 42 35 19 18 49 42 21 33 33 11 21 11 49 17 31 29 35 19 17 25 36 59 17 49 12 26 24 26 41 44 27 17 35 23 28 27 13 38 31 18 30 36 36 33 36 44 13 37 23 43 44 37 20 52 42 41 36 21 35 35 36 53 34 36 48 40 34 43 56 46 50 35 0 23 63 43 35 27 27 15 47 10 14 38 42 43 19 45 33 38 41 15 33 32 44 49 33 18 18 46 12 48 9 15 27 41 48 10 26 61 32 47 37 43 25 11 29 15 38 49 34 36 49 32 44 10 20 32 21 50 30 40 22 20 29 28 29 33 13 14 18 30 25 35 13 13 27 45 28 44 50 10 16 34 38 47 31 33 20 49 24 16 18 42 42 42 57 44 32 29 13 29 22 43 30 63 48 31 31 16 43 43 43 13 16 47 39 15 43 39 26 38 11 41 38 31 51 5 42 9 6 30 24 29 49 47 46 33 39 27 12 34 31 16 35 29 34 43 51 36 43 43 19 16 16 26 32 19 48 33 41 8 44 44 53 40
48 40 53 33 7 10 27 15 15 38 33 44 24 28 40 27 23 43 19 12 35 16 9 16 10 14 26 33 10 31 40 28 30 37 46 22 33 41 17 19 42 17 24 31 45 29 42 46 28 47 18 30 27 25 19 19 22 25 26 30 27 20 38 7 40 33 28 17 29 25 13 39 30 18 5 35 36 7 43 34 25 19 33 33 22 7 40 27 18 19 33 27 49 46 24 6 22 34 20 45 19 17 16 31 24 10 37 30 23 23 28 31 29 23 28 13 40 20 29 30 41 39 29 34 37 28 4 17 4 22 37 15 32 41 13 6 7 25 13 25 26 31 24 23 24 42 12 18 23 19 36 30 24 24 20 41 17 26 33 14 10 35 31 13 35 5 20 27 29 13 25 39 23 10 19 10 29 25 17 14 43 8 39 35 15 8 27 26 12 29 29 26 11 24 13 23 29 27 16 16 23 22 2 21 15 24 39 38 40 29 2 24 26 43 32 46 19 30 33 12 25 18 21 42 8 20 35 13 45 34 11 26 43 33 25 21 44 24 16 39 42 41 26 9 50 24 16 37 42 28 24 19 25 15 41 19 34 25 45 18 25 28 35 18 21 23 16 18 41 30 23 19 42 30 35 22 29 18 16 27 33 47 38 38 25 28 16 40 19 42 21 18 25 24 20 30 34 22 33 18 17 28 3 9 30 36 26 34 17 21 28 26 8 40 28 15 11 18 23 3 24 27 17 18 38 18 28 31 39 26 42 30 34 24 13 15 33 41 30 16 20 25 10 26 16 22 19 33 35 20 17 29 13 14 22 30 21 24 24 36 15 19 31 25 23 15 17 13 13 21 36 30 26 32 18 16 28 40 24 32 31 23 0 47 21 12 31 29 25 26 23 34 16 50 26 32 25 42 42 49 9 37 21 22 39 42 27 16 26 27 28 26 15 5 45 27 15 17 45 20 33 44 48 16 13 16 35 45 29 39 39 30 31 22 33 25 19 36 39 34 25 8 24 22 21 14 43 21 25 36 41 17 20 17 27 19 40 6 22 29 14 35 21 18 26 15 16 25 27 17 12 20 20 29 43 39 39 28 25 11 18 14 22 40 47 26 28 9 23 21 27 22 34 27 27 26 10 24 33 6 20 19 22 16 16 32 28 23 25 18 12 29 18 32 26 27 12 30 23 11 14 19 27 43 20 25 23 32 19 21 21 22 10 30 39 20 17 28 30 20 28 25 24 36 37
2 84 61 58 51 45 29 57 51 17 69 45 39 21 58 33 58 7 64 56 28 47 55 44 56 54 49 77 48 74 8 23 29 11 49 31 20 54 63 50 14 53 68 30 55 21 39 4 56 58 64 55 56 67 35 37 25 44 71 61 65 65 63 41 44 53 20 43 32 71 39 52 52 55 42 13 12 53 13 76 46 38 23 16 52 50 59 39 37 53 60 37 59 51 66 50 66 75 66 46 57 34 44 39 33 45 30 21 29 44 33 61 18 52 66 57 20 60 42 42 11 25 23 75 57 50 49 63 47 29 13 51 74 60 39 48 49 71 58 33 53 69 32 56 70 56 57 45 48 55 11 46 29 23 56 53 51 69 68 59 55 13 32 58 52 48 27 48 51 35 39 22 41 38 54 57 71 62 32 40 4 54 8 20 59 51 47 47 40 27 27 57 57 58 52 58 24 20 31 32 43 38 46 60 42 42 42 52 7 73 45 63 36 4 45 55 63 41 76 56 69 32 59 10 49 28 60 51 54 46 38 26 61 76 38 52 52 26 33 47 12 51 29 49 56 26 56 34 59 67 30 64 62 41 36 31 65 57 51 60 70 62 40 59 57 28 39 47 15 69 40 56 60 58 50 65 67 29 31 57 14 1 9 45 68 47 62 60 33 41 67 45 52 68 35 40 25 32 24 38 40 60 45 42 74 21 56 24 63 30 32 51 47 24 21 61 43 31 56 49 57 37 47 32 55 30 53 76 62 29 6 76 15 69 56 40 50 40 19 37 48 29 41 40 59 53 50 45 80 62 30 31 49 38 43 74 27 44 54 26 45 65 22 23 55 32 43 38 44 27 11 36 29 15 33 31 20 8 44 15 36 63 47 0 37 41 48 44 70 51 68 68 43 58 21 58 52 57 50 56 51 48 32 28 21 55 73 62 23 71 53 61 61 44 49 28 53 61 5 32 17 54 53 60 57 58 77 55 19 50 46 20 40 36 71 49 32 63 19 48 24 43 47 36 37 35 57 53 70 65 59 61 28 50 72 63 31 41 37 50 56 66 61 30 27 33 54 48 32 62 58 47 33 22 44 10 31 37 38 51 61 60 28 57 3 27 37 39 69 43 21 41 69 56 50 24 49 24 30 49 55 54 54 41 33 16 67 54 60 61 35 49 35 15 41 21 46 28 39 54 34 33 54 55 35 31 49 56 28 34 45 48 56 59 60 31 63 52 37 29 63 22 51 11 36
39 59 67 23 21 13 33 24 15 36 53 54 5 17 56 34 22 37 38 32 39 11 28 32 27 20 42 52 15 50 32 15 35 27 57 6 33 55 35 37 38 17 44 36 58 17 50 38 20 61 36 19 19 44 3 29 20 9 45 49 47 34 56 15 51 49 17 7 36 41 8 53 46 19 19 29 30 27 39 53 10 3 34 29 16 19 56 38 4 17 51 37 63 58 44 21 42 54 34 55 21 7 8 41 32 27 42 17 27 8 36 49 22 16 48 32 40 41 41 42 36 41 30 54 53 44 25 32 23 26 33 34 52 57 26 25 27 43 33 6 44 52 31 42 41 57 32 34 39 39 28 44 9 22 40 55 36 45 53 34 29 25 37 33 50 18 15 43 45 18 6 40 5 13 18 28 49 45 23 28 34 26 31 35 27 29 42 11 10 33 11 21 31 21 17 43 31 21 16 10 7 2 22 25 8 6 49 52 31 48 20 44 6 33 45 59 39 42 53 32 44 9 23 37 28 13 53 17 59 47 22 29 59 53 5 16 56 12 10 51 38 54 9 29 63 11 21 44 57 49 29 37 44 29 48 24 53 21 57 26 42 48 45 38 21 9 6 10 38 50 4 20 58 22 49 42 49 15 13 45 26 38 29 50 44 13 34 57 5 51 38 33 43 43 3 41 36 5 35 30 30 47 18 23 49 36 44 36 34 9 34 43 27 41 27 30 11 22 42 22 43 7 34 24 53 20 45 50 56 32 31 49 30 43 23 28 48 50 28 26 36 30 24 38 26 40 13 46 54 28 15 35 15 8 7 49 20 38 18 39 10 35 16 21 19 13 32 9 10 23 27 39 30 26 7 17 25 32 8 24 39 43 21 37 0 9 45 42 43 15 43 54 8 64 22 50 16 57 55 62 29 50 28 10 39 56 44 32 14 46 17 46 33 17 57 10 35 28 38 26 30 57 60 28 33 25 54 59 19 52 50 18 42 2 53 41 25 54 39 48 25 24 39 32 32 22 58 39 43 54 57 29 23 35 46 29 45 16 1 16 34 54 25 13 11 20 19 40 8 30 30 37 5 30 53 28 44 37 35 30 27 29 11 56 39 11 38 13 41 6 24 5 54 45 14 27 30 16 38 19 19 38 18 6 22 22 48 18 45 38 17 44 26 25 7 18 13 35 35 31 13 27 44 57 29 31 12 21 18 3 8 38 29 49 55 25 33 16 39 10 48 19 14 29 44
43 51 61 25 13 5 30 17 11 37 45 50 12 21 49 31 19 39 30 24 37 8 20 25 19 13 35 44 8 42 35 19 32 31 53 12 33 50 27 30 40 13 36 34 53 21 47 41 20 55 28 21 19 36 8 25 20 13 37 42 39 27 49 7 47 43 21 5 33 34 2 48 39 15 11 31 32 19 41 45 14 7 33 31 14 11 50 34 6 14 44 33 57 54 36 13 34 46 27 51 17 7 5 37 28 20 39 22 25 12 32 42 24 15 40 24 40 32 36 37 38 40 29 45 47 38 16 25 16 23 35 26 44 51 20 18 19 35 25 14 37 43 27 35 33 51 23 27 33 31 31 38 14 22 32 50 29 37 45 25 20 28 34 24 44 10 16 37 39 14 13 39 11 7 14 20 41 37 19 22 37 18 34 35 20 20 36 15 2 31 18 19 22 19 11 35 29 23 14 10 11 10 14 20 3 12 45 47 35 40 12 36 14 37 39 54 31 37 44 24 36 10 19 39 20 14 46 10 54 42 17 27 52 45 13 14 51 15 9 46 40 49 15 21 58 16 15 41 51 40 26 29 37 23 45 21 46 19 52 20 34 40 41 30 17 14 4 9 39 42 11 16 52 22 44 34 41 15 12 38 28 42 32 45 36 17 26 50 9 47 30 27 36 35 9 37 35 11 34 25 24 40 9 17 40 36 37 35 26 12 31 36 19 41 27 23 3 19 34 14 36 15 27 20 47 17 39 42 50 29 35 41 32 35 16 23 42 47 29 21 30 27 17 33 19 33 11 41 46 22 14 32 9 4 10 41 19 32 17 37 6 27 22 21 17 11 26 3 3 21 31 35 28 28 9 14 26 35 13 26 36 35 12 41 9 0 40 37 34 17 34 46 5 59 23 43 16 52 50 57 21 45 25 14 39 50 36 24 18 38 19 38 25 9 52 17 27 21 41 22 30 52 56 20 25 18 46 54 22 47 46 22 37 10 45 35 21 47 39 42 24 17 33 28 27 17 52 32 35 47 51 22 20 28 38 23 43 8 10 19 26 46 20 13 16 17 14 34 16 22 22 30 10 29 49 32 42 33 31 23 20 21 14 50 42 17 34 6 33 9 25 10 46 38 17 26 22 18 36 11 16 30 16 4 18 26 40 16 37 30 13 38 22 27 14 20 6 33 30 23 10 23 37 52 25 28 13 23 17 10 10 31 21 42 49 22 25 18 35 12 40 21 15 31 41
48 47 22 63 37 39 20 44 46 32 27 17 50 41 12 16 53 41 36 30 21 46 32 15 35 45 7 41 41 38 41 42 19 44 17 43 28 10 37 14 36 47 34 19 14 42 18 45 58 16 38 60 57 32 43 17 31 52 40 17 26 44 16 33 13 6 40 45 16 44 39 8 6 48 29 37 37 30 37 38 54 44 25 33 52 38 13 10 42 49 14 12 18 16 31 36 34 35 45 16 50 39 45 9 17 22 20 44 22 51 15 16 37 53 27 31 31 25 7 6 38 25 26 36 10 6 29 41 28 23 35 19 36 14 20 27 27 42 30 47 10 27 18 16 42 12 32 13 9 20 41 2 43 31 19 10 17 35 24 32 33 42 17 32 6 35 34 5 5 28 51 27 49 34 50 35 33 22 24 18 45 34 41 28 43 27 5 54 38 21 47 56 32 55 44 19 25 34 31 36 50 47 30 51 43 50 13 8 44 39 31 26 49 47 3 15 33 7 39 29 36 38 51 38 25 36 13 43 15 5 24 24 15 37 49 51 13 40 36 10 38 11 45 23 19 41 47 17 13 26 21 35 23 18 19 23 20 55 14 47 42 20 10 27 52 42 42 47 35 28 49 49 14 61 5 31 27 32 33 14 38 48 43 10 35 56 38 14 42 16 41 14 10 37 43 8 23 43 24 16 16 16 33 24 40 28 14 24 40 40 17 9 24 27 29 41 39 25 17 32 16 51 15 23 9 28 8 43 15 20 46 43 33 38 42 18 3 15 30 20 13 20 23 9 44 14 49 5 44 48 32 17 44 39 49 39 29 8 54 23 44 42 46 32 54 34 15 38 42 26 40 12 21 36 39 30 31 41 52 39 13 27 31 48 45 40 0 4 41 56 36 23 44 20 33 12 55 13 12 18 26 7 20 41 28 11 44 39 40 38 58 19 37 33 15 45 21 44 44 21 32 13 18 43 29 45 39 15 41 9 9 42 9 46 30 8 22 16 30 4 28 24 8 15 14 24 13 15 39 19 13 44 26 17 39 46 22 32 46 58 26 21 51 35 43 26 47 8 49 44 34 12 43 27 16 45 20 12 12 24 47 40 39 11 46 44 11 34 41 49 30 48 25 12 56 26 23 36 18 37 51 18 53 43 24 42 28 54 19 29 28 3 20 38 52 38 42 20 11 28 33 20 11 13 17 18 52 62 30 44 50 10 34 14 13 22 40 57 11 38 22 35 54 39 15
45 48 25 61 34 37 16 43 43 28 29 17 46 37 16 12 51 37 35 29 18 43 31 13 34 43 7 43 38 39 37 38 15 40 18 39 24 14 37 13 32 45 34 15 17 38 17 41 55 19 38 57 54 33 39 13 27 49 40 20 28 43 20 30 13 10 36 42 12 43 35 12 9 46 27 33 33 29 34 40 50 41 21 29 49 35 17 6 39 47 17 8 21 18 32 34 34 36 44 17 48 35 42 6 13 20 17 40 18 48 11 19 33 50 28 30 27 25 3 3 34 22 22 38 14 8 27 40 26 19 31 19 38 18 17 25 25 42 30 43 11 29 14 17 42 16 31 11 9 20 37 2 39 27 20 14 16 35 27 32 32 38 13 31 10 33 30 5 8 24 47 24 46 30 47 34 34 23 20 15 41 32 37 25 41 25 5 51 35 17 44 54 31 52 42 20 21 30 27 32 47 43 27 49 39 47 12 11 40 40 29 27 46 43 3 18 33 4 40 28 36 34 49 35 23 32 17 41 17 5 20 20 19 39 46 49 15 36 33 11 34 13 41 22 22 37 44 15 17 28 17 34 24 15 17 19 23 53 16 45 42 22 9 27 50 38 38 44 31 30 45 47 18 58 8 31 29 28 30 16 34 44 39 10 35 53 37 18 38 16 41 12 11 37 40 5 20 39 20 13 13 18 30 21 41 24 16 21 39 36 13 10 22 24 25 40 36 21 18 30 17 48 14 19 13 24 10 44 19 16 42 43 29 38 40 15 7 15 26 16 12 16 20 5 43 15 46 5 45 47 28 13 41 35 46 40 25 6 52 20 42 41 42 28 51 30 12 35 39 22 36 9 17 32 36 26 27 38 48 35 9 27 29 44 42 37 4 0 41 53 36 26 41 23 29 15 52 16 14 21 25 9 16 37 25 15 44 38 36 38 55 21 36 30 17 42 21 43 40 17 28 16 20 42 29 43 40 18 37 11 10 38 5 42 32 8 19 19 27 6 24 21 8 11 10 21 17 15 40 22 17 43 22 17 39 45 19 29 43 55 26 24 49 31 39 22 45 8 45 42 33 11 39 23 16 41 18 8 8 23 45 39 36 15 43 40 7 31 41 45 26 45 27 14 53 22 21 32 15 35 49 18 50 40 21 38 29 51 21 29 25 5 16 34 48 34 39 17 7 27 30 16 13 16 13 14 49 59 26 40 47 9 33 17 17 18 39 54 8 34 24 31 51 35 13
72 17 59 45 22 30 47 22 30 60 23 56 45 52 43 45 32 66 6 14 53 34 16 31 16 26 34 10 28 11 63 52 49 61 57 45 55 47 8 28 64 30 9 49 51 53 57 69 40 52 7 43 39 11 42 37 46 44 4 28 17 12 37 31 53 39 52 37 47 5 35 46 36 29 29 58 59 18 65 14 43 40 53 56 36 24 44 42 40 32 33 43 54 55 12 22 8 18 13 57 28 40 36 45 42 26 55 55 43 42 45 29 53 37 18 14 61 17 42 43 63 58 51 16 41 36 22 12 24 43 60 23 14 44 32 23 21 1 13 48 32 21 43 26 3 48 13 31 33 21 60 41 47 48 22 48 25 8 25 11 15 58 49 13 42 25 44 36 37 36 46 59 43 34 31 15 14 20 39 32 67 18 63 56 18 19 37 43 34 48 52 37 14 34 27 23 50 50 40 40 42 43 25 27 35 44 53 45 64 8 26 16 48 67 43 53 9 44 13 15 7 42 28 64 22 44 37 27 53 44 33 47 45 14 46 35 52 48 40 50 65 50 49 23 58 48 26 54 45 19 44 7 19 32 56 40 30 35 54 22 2 24 49 15 31 47 38 36 63 18 43 29 45 42 44 11 19 42 40 28 57 71 62 49 8 45 9 42 43 56 5 30 32 5 43 44 53 45 53 36 34 28 27 29 8 57 28 54 10 45 46 33 24 59 50 14 32 40 25 23 26 48 28 39 43 41 34 8 39 46 66 7 57 4 21 33 41 55 53 35 30 45 30 40 20 27 34 45 13 21 41 47 30 37 41 9 44 36 37 55 34 9 55 48 34 39 32 36 33 44 59 46 46 55 42 39 51 63 43 56 47 15 25 70 43 34 41 41 0 42 6 27 36 56 50 34 40 47 52 56 20 47 42 46 59 48 3 11 50 6 43 24 10 28 55 50 21 17 69 40 55 51 57 18 14 22 15 52 54 48 50 54 45 44 20 33 40 35 60 44 47 28 34 40 38 36 48 26 2 32 44 16 43 25 6 18 57 30 43 45 16 30 26 42 49 38 28 34 50 15 13 31 44 51 56 63 56 44 41 20 21 15 46 45 70 50 43 33 2 40 50 42 25 30 43 48 22 48 51 24 32 24 35 37 38 56 17 36 23 13 35 38 38 56 46 51 31 50 39 17 38 40 31 50 39 44 39 45 42 44 40 32 15 31 41 41 11 43 45 44 22 49 39 60 52
53 58 78 9 23 17 46 21 13 50 57 67 13 31 65 47 12 51 39 35 52 11 31 41 29 16 51 52 17 51 47 29 48 41 69 21 47 66 35 45 52 12 46 49 69 31 63 51 6 71 36 5 6 47 17 41 34 8 45 56 51 31 64 23 63 59 32 12 49 39 18 64 55 14 27 43 44 31 53 54 6 14 48 44 7 21 66 50 17 11 59 49 73 70 47 24 44 57 30 67 14 20 12 53 44 35 55 31 40 8 49 56 36 6 52 35 54 45 52 54 50 55 44 56 62 54 30 31 30 39 47 41 54 67 36 32 32 42 36 19 52 56 44 49 40 67 34 43 49 45 42 54 23 36 46 66 43 47 58 36 31 39 50 35 60 22 29 53 55 30 13 54 11 23 12 30 52 50 35 38 48 28 46 49 25 34 52 5 18 46 24 8 33 10 16 49 44 36 29 24 9 14 28 17 14 9 62 63 45 49 26 48 16 47 56 71 41 54 54 36 46 23 16 51 34 27 61 16 70 58 33 42 68 55 14 8 68 26 23 63 52 66 22 35 74 26 17 57 67 53 42 39 50 39 61 37 60 10 68 21 41 54 57 42 13 24 16 9 53 53 12 14 67 7 60 45 53 29 26 53 40 52 42 61 46 5 33 66 19 64 37 43 51 43 17 53 50 20 49 41 40 54 24 33 49 50 52 50 33 23 47 52 34 55 41 29 18 35 49 26 50 14 42 36 63 33 54 49 65 45 45 48 45 44 21 39 58 63 43 37 45 43 33 49 23 48 9 57 54 23 29 48 14 19 9 50 34 48 6 52 12 33 29 35 9 26 42 19 15 37 42 51 44 40 21 30 39 46 7 38 52 47 26 51 15 17 56 53 42 0 44 59 13 75 36 58 3 68 66 73 34 61 41 24 54 67 42 32 29 47 3 52 34 24 68 24 41 25 52 39 44 68 72 25 36 21 55 70 33 63 62 32 54 16 56 51 37 62 53 59 39 33 49 44 44 33 68 47 43 61 67 26 36 43 47 25 58 24 15 3 38 60 18 26 25 33 15 50 19 27 32 46 19 44 65 42 58 50 47 36 22 28 25 65 53 24 50 22 40 9 38 11 59 53 2 41 36 30 52 22 11 45 8 14 34 36 51 7 51 41 29 54 38 39 11 32 15 48 46 35 25 39 52 68 41 44 4 7 32 18 7 47 31 56 64 38 32 2 52 25 53 33 3 43 57
69 17 53 47 22 31 43 24 32 56 17 52 46 51 38 41 34 63 5 12 49 35 15 27 16 28 30 10 29 9 61 50 45 59 52 45 51 42 9 23 60 32 3 45 46 52 52 66 42 47 9 46 41 5 41 34 44 45 5 23 12 15 31 30 48 34 50 37 43 10 35 41 31 31 27 56 56 17 62 12 45 40 50 53 38 24 38 38 40 34 28 38 49 50 6 22 2 14 17 52 31 39 36 41 39 23 50 53 40 43 41 24 51 39 13 11 57 11 37 38 60 54 47 13 35 30 20 14 22 40 57 19 11 38 29 20 19 7 10 48 27 16 39 21 8 42 12 27 28 17 58 36 47 45 17 43 20 4 20 9 14 56 45 11 37 25 43 32 32 34 47 55 43 33 33 15 9 15 36 29 64 17 60 53 20 17 32 45 34 45 51 39 13 36 29 18 47 48 38 39 43 43 23 30 36 44 48 40 62 6 25 11 48 65 38 48 5 39 11 13 2 41 30 61 20 43 31 29 48 40 30 44 40 11 46 37 47 46 39 44 62 45 48 20 52 47 28 49 40 14 40 6 14 28 52 38 25 37 49 24 7 19 44 10 33 46 37 37 60 13 44 31 39 44 39 6 13 40 39 23 54 68 60 45 3 47 11 37 42 51 9 26 26 1 42 39 50 44 49 32 30 22 26 27 7 53 23 50 12 44 42 27 21 56 48 16 32 37 20 22 21 48 24 36 38 39 29 9 34 43 63 9 54 2 23 30 36 50 50 32 25 41 27 36 22 22 36 40 13 24 39 43 31 36 42 7 42 31 39 51 35 13 54 46 37 38 28 35 33 41 57 41 42 53 41 37 48 61 44 54 42 10 23 68 43 34 36 36 6 44 0 22 36 51 47 28 42 42 47 51 17 42 38 45 56 42 9 13 49 4 45 18 10 27 50 50 17 20 66 37 53 46 52 20 11 24 13 47 52 43 45 52 40 44 15 29 37 30 56 38 45 25 29 36 35 33 43 22 5 27 39 19 40 20 5 21 53 29 44 47 13 24 29 41 48 35 30 29 50 18 13 26 43 48 51 61 52 39 37 17 23 17 45 40 68 49 39 32 7 41 47 42 20 25 44 45 19 46 47 24 34 19 37 37 35 55 12 38 18 8 33 33 34 54 46 49 31 46 34 14 37 37 26 44 35 40 41 47 40 44 41 27 14 25 35 38 13 45 41 43 17 47 41 57 48
69 27 35 65 37 43 40 42 47 53 6 38 58 56 20 36 52 62 25 25 43 49 29 25 32 44 20 23 43 19 60 56 40 62 36 54 48 25 28 19 57 48 19 40 29 57 40 65 59 29 29 63 58 17 52 32 46 59 25 7 10 36 11 40 34 19 55 50 37 31 46 25 18 48 36 56 56 29 59 19 59 52 46 52 54 38 20 30 51 50 10 32 31 33 16 36 20 13 37 37 49 48 50 32 35 28 43 59 39 57 35 8 53 55 10 25 52 15 28 28 58 47 45 16 18 19 30 34 31 39 55 20 17 20 31 29 28 28 24 57 15 7 36 13 29 25 26 24 20 16 59 25 55 47 15 26 19 19 3 25 29 59 38 26 22 38 47 21 19 39 59 49 56 42 50 31 14 10 38 29 64 32 60 49 38 26 22 59 45 41 60 57 27 54 45 11 44 50 43 47 56 55 33 49 48 57 35 24 63 22 35 13 59 66 26 31 22 29 20 24 21 49 49 59 27 49 13 44 31 27 34 42 20 18 58 53 31 53 47 30 59 29 57 26 35 54 45 40 22 8 39 25 10 28 41 38 5 55 33 43 29 6 33 18 51 54 49 51 56 9 56 48 21 62 24 17 9 45 45 11 56 68 61 31 20 61 30 18 51 39 30 24 16 23 53 30 45 54 45 31 29 9 37 32 23 49 12 45 32 52 37 17 28 49 47 35 44 39 13 33 12 60 22 37 21 42 16 26 14 39 65 26 53 24 40 30 22 38 49 33 21 39 32 28 40 15 51 28 25 44 44 38 46 47 55 22 44 24 56 45 49 33 60 48 54 45 26 46 46 42 58 34 39 54 50 42 48 61 58 56 34 14 34 68 54 46 23 26 27 59 22 0 49 33 49 12 58 24 31 33 26 27 37 53 50 25 30 32 54 22 61 8 29 38 34 58 20 39 65 37 51 29 35 39 24 42 19 30 56 27 31 57 31 55 9 19 37 11 52 25 45 31 21 32 31 36 25 16 26 6 21 39 42 20 23 40 44 39 55 62 22 3 48 47 56 38 47 20 59 38 29 21 52 46 37 63 43 33 31 24 42 35 52 22 67 57 32 42 28 54 48 55 2 13 60 44 25 51 40 38 51 17 54 49 38 58 10 55 9 19 39 21 34 55 59 53 45 41 29 25 44 36 14 27 33 37 56 64 44 54 55 21 30 10 17 38 33 61 33 50 7 50 56 58 38
45 52 66 21 15 6 34 17 9 40 48 55 10 22 53 35 16 42 32 27 41 5 23 29 21 13 40 45 8 44 38 21 36 33 57 13 36 54 29 34 43 10 38 38 57 23 51 43 16 60 29 17 15 39 8 29 23 10 38 45 42 27 52 11 51 47 23 1 37 34 6 52 44 13 15 34 35 21 44 47 10 5 37 34 11 13 54 38 7 11 48 37 62 58 39 15 36 49 27 55 14 9 1 41 32 24 43 23 29 8 37 46 27 11 43 27 43 36 40 42 41 44 33 48 51 42 20 26 19 27 38 30 46 55 24 21 22 36 28 13 41 47 32 38 35 55 26 32 37 34 33 42 15 25 35 54 32 39 48 28 23 30 39 27 49 12 19 41 43 18 11 43 8 11 12 22 44 40 23 26 40 20 37 38 20 24 40 11 6 35 18 16 25 15 10 39 33 26 18 13 8 8 17 18 2 8 50 51 37 42 15 39 12 39 44 59 33 42 47 26 38 12 17 42 23 16 50 10 58 46 21 31 57 47 10 11 56 17 12 51 42 54 16 25 62 17 14 45 55 44 30 31 40 27 49 25 49 16 56 19 35 43 45 33 15 15 4 5 43 45 8 13 56 18 48 37 44 18 15 42 31 44 34 49 38 13 27 54 10 52 31 31 40 37 9 41 39 12 37 29 28 44 13 21 42 40 41 38 27 14 35 40 23 44 30 23 6 23 38 17 39 12 31 24 52 21 43 43 54 33 37 42 35 37 16 27 46 51 32 25 34 31 21 37 19 37 7 45 48 21 17 36 8 7 7 43 22 36 13 41 3 28 22 25 14 14 30 7 3 25 33 39 32 31 11 18 29 37 9 29 40 38 16 43 8 5 44 41 36 13 36 49 0 63 26 47 12 56 54 61 24 49 29 15 43 55 37 26 20 40 15 41 27 12 56 17 30 21 43 27 34 56 60 20 28 17 48 58 24 51 50 24 42 9 48 39 25 51 42 47 27 21 37 32 32 21 56 36 37 51 55 22 24 32 40 22 47 12 8 15 29 50 18 16 17 21 12 38 15 23 24 34 10 33 53 34 46 38 35 26 20 22 16 54 44 17 38 10 34 6 28 7 49 42 13 30 25 21 40 13 13 34 13 2 22 27 43 13 41 33 17 42 26 30 11 23 6 37 34 26 13 27 41 56 29 32 9 19 20 10 6 35 23 45 53 26 26 14 40 15 43 23 11 34 45
59 59 3 83 55 58 34 63 65 43 37 15 68 57 14 31 72 51 52 47 32 65 50 34 54 64 25 55 60 51 53 59 33 57 11 61 40 10 54 32 46 66 49 32 6 58 21 56 77 5 55 79 76 46 61 35 48 71 55 29 40 62 22 52 16 18 56 64 30 60 57 12 22 67 49 50 50 49 47 51 72 63 37 46 71 57 14 26 61 69 24 28 2 7 45 55 49 46 63 14 69 57 64 24 33 41 30 60 38 70 30 28 52 72 40 48 40 40 24 22 49 33 40 47 16 23 48 59 47 39 47 38 49 13 39 45 46 57 48 65 26 39 34 32 58 9 50 32 28 36 54 21 60 47 36 10 35 49 34 50 51 56 30 49 16 54 51 23 22 46 69 36 68 52 69 53 46 36 42 37 57 53 53 40 61 45 24 73 57 35 64 76 50 74 63 34 39 49 49 54 69 65 49 70 61 69 18 13 57 53 50 41 67 59 20 5 49 22 52 47 51 56 70 48 44 54 21 62 6 18 42 39 13 50 68 71 8 57 55 13 48 10 62 42 4 58 65 26 12 39 37 51 37 37 24 41 28 74 9 66 58 33 20 43 71 59 60 66 45 41 67 68 12 80 15 46 40 50 51 29 52 59 56 15 50 75 55 15 60 19 58 33 26 52 62 23 35 61 36 35 35 29 52 43 54 39 29 36 57 58 32 26 43 36 43 59 58 42 32 51 31 69 34 40 13 45 24 57 19 35 59 57 46 53 61 37 18 18 44 38 31 36 42 26 63 31 68 19 57 67 49 31 63 58 68 53 46 27 73 34 63 59 63 48 73 52 34 57 61 43 53 26 36 50 58 48 45 54 70 53 26 42 50 58 64 59 20 23 56 75 51 33 63 0 48 23 74 10 10 2 45 14 37 58 37 9 59 57 57 52 77 33 54 52 9 63 39 63 55 39 45 7 7 62 47 64 50 5 56 12 14 58 23 64 40 26 40 22 39 17 43 43 27 32 32 43 9 32 55 27 13 62 43 35 53 65 29 51 65 77 44 30 70 52 60 44 66 26 67 62 52 30 61 41 16 58 27 27 29 43 65 59 57 12 57 61 26 53 57 67 46 67 35 27 75 41 42 53 30 56 70 35 72 62 42 57 41 73 33 45 47 22 38 52 70 54 61 33 29 46 52 38 26 8 35 35 71 81 47 62 69 29 52 26 17 39 58 76 26 56 35 51 73 52 24
23 64 51 44 31 26 14 38 33 15 50 36 25 9 44 18 40 18 44 36 19 30 34 24 35 35 32 56 29 54 14 11 16 13 40 16 12 41 43 31 17 35 47 17 43 10 31 20 40 46 44 40 40 47 19 18 4 30 51 43 46 45 47 21 34 37 8 26 19 50 21 39 36 37 22 9 10 32 19 56 32 22 14 8 36 30 45 24 20 35 43 22 48 42 46 30 46 55 46 37 39 17 27 25 17 25 22 12 11 29 19 43 5 36 47 37 19 40 27 28 16 20 10 55 42 34 28 43 26 11 13 31 54 46 19 27 29 50 37 20 35 50 16 37 49 43 37 26 30 36 11 31 15 3 37 41 32 49 49 39 35 10 19 37 38 27 7 32 35 14 26 19 26 18 37 36 51 42 12 21 18 33 14 14 39 31 31 32 22 14 18 41 36 41 33 39 10 1 10 13 28 23 26 42 25 27 32 39 15 53 25 43 23 18 31 44 43 27 56 35 49 14 41 17 28 10 44 32 43 32 18 10 47 55 24 36 41 11 14 35 18 39 16 28 46 12 37 25 45 47 13 43 43 22 28 11 47 41 40 41 50 44 28 39 40 14 22 30 18 49 25 38 46 43 36 45 48 9 12 39 8 22 13 33 48 34 42 46 17 32 47 26 34 48 19 26 16 17 15 19 21 41 25 21 54 15 38 15 43 13 17 34 27 20 6 41 24 11 37 28 38 25 28 13 41 9 36 56 47 14 17 55 9 49 36 20 36 32 7 17 29 13 20 25 39 35 33 31 59 43 10 18 31 19 28 54 6 27 38 18 28 44 15 2 39 13 24 20 26 8 10 22 13 6 16 11 4 14 29 7 23 43 26 21 22 23 33 29 50 36 47 49 26 48 0 41 36 44 39 46 30 35 14 13 18 42 52 41 10 51 38 42 41 23 40 16 33 41 20 13 9 42 43 40 37 39 57 44 9 38 34 10 26 21 51 32 12 46 18 34 6 22 30 19 20 15 44 34 49 48 45 41 8 31 51 43 25 21 22 37 35 48 42 10 14 13 36 31 21 42 37 29 18 9 35 14 25 22 22 31 41 39 12 43 22 15 23 19 48 27 3 26 50 38 35 8 29 6 19 29 37 34 38 24 13 10 47 38 41 40 15 33 15 7 27 6 28 16 23 34 14 14 36 43 17 15 33 43 8 19 29 29 36 41 44 12 42 37 23 12 44 3 35 10 26
59 37 25 65 36 41 30 43 47 43 16 26 54 49 10 26 53 51 30 26 32 48 29 19 33 45 10 33 42 29 51 49 30 53 25 48 38 14 32 13 47 48 26 29 19 50 29 56 59 19 33 62 58 24 47 24 39 56 32 7 18 40 7 36 23 7 48 48 26 37 42 14 6 48 32 47 47 29 48 29 56 48 35 43 53 38 10 20 46 50 3 22 21 23 23 35 26 24 41 26 49 44 47 20 25 23 32 52 30 54 25 6 45 54 17 27 42 18 17 17 48 36 36 26 8 8 29 37 28 31 45 18 27 11 25 27 26 35 26 52 7 17 26 10 35 15 28 17 11 15 50 13 49 39 14 16 15 27 13 28 30 51 27 28 10 36 41 10 8 33 55 39 53 37 50 32 24 14 30 23 55 32 50 39 40 25 11 57 41 31 54 57 29 55 44 12 35 42 37 41 53 51 31 50 45 54 24 13 54 31 32 18 54 56 15 21 26 18 30 25 28 43 50 49 24 43 4 44 20 15 28 33 12 28 54 52 20 47 41 19 48 18 51 23 25 48 46 29 12 17 29 29 15 22 30 31 8 55 22 45 35 10 22 21 52 48 45 49 46 19 52 49 12 62 13 23 18 39 39 6 47 58 52 20 27 59 33 9 47 27 35 17 8 29 48 19 34 48 34 23 22 7 34 27 32 39 7 35 35 46 27 7 25 38 38 38 41 32 10 32 9 56 16 30 10 34 6 35 8 29 56 35 43 30 41 23 10 26 39 26 14 30 26 18 42 10 50 16 35 46 38 27 45 43 52 31 37 15 55 34 47 37 53 40 54 39 19 42 44 34 49 23 30 45 44 36 40 51 55 47 24 19 32 58 50 43 12 15 34 58 28 12 47 23 41 0 57 14 20 23 25 16 28 47 39 15 37 35 47 30 60 11 32 35 23 52 18 42 55 29 42 18 25 41 25 44 29 20 49 16 19 50 20 50 19 10 30 5 41 14 36 26 12 23 22 30 15 11 33 8 11 41 34 16 31 43 33 35 50 60 23 10 49 41 50 32 47 11 54 40 31 14 48 37 26 54 32 22 21 23 44 38 46 12 57 51 21 37 34 52 39 52 14 5 58 35 22 44 29 37 51 14 54 46 31 50 18 54 11 23 33 10 27 47 56 46 43 31 19 25 38 28 6 17 25 28 54 63 36 49 52 13 31 3 8 30 36 59 22 44 12 43 55 49 27
54 56 77 9 22 16 46 19 11 51 55 66 14 31 64 47 10 52 37 34 52 10 30 40 27 15 50 50 15 50 48 30 48 42 69 22 48 65 34 44 53 11 44 49 68 32 63 53 4 71 33 5 5 45 18 40 34 9 43 55 49 29 62 22 63 58 33 12 49 37 18 63 54 12 26 44 45 29 54 53 7 15 49 44 4 20 65 50 17 8 58 48 73 69 45 22 42 55 28 67 12 20 11 53 44 34 55 32 40 9 48 55 37 3 50 33 54 44 51 53 51 55 44 54 61 53 29 29 29 39 48 39 52 66 35 31 31 40 34 20 51 54 43 48 38 66 32 42 48 43 42 54 23 36 44 65 42 45 56 34 29 40 50 33 59 21 30 52 54 29 14 54 12 23 10 28 50 48 35 37 49 26 47 50 23 32 51 6 18 46 25 6 31 8 14 48 45 36 29 24 10 14 27 15 14 11 61 62 46 47 25 46 17 48 55 70 39 53 51 34 44 23 13 52 33 27 60 14 69 57 32 42 67 53 15 5 67 27 23 62 53 65 24 34 73 27 15 57 66 51 42 37 48 38 61 36 58 8 68 19 39 52 57 40 10 25 16 8 53 52 13 12 66 7 59 43 51 29 26 51 41 53 44 61 44 7 32 65 20 63 35 42 50 42 18 52 50 21 49 40 39 53 23 32 47 51 51 50 31 24 47 51 32 56 41 27 17 35 47 25 49 15 41 36 62 33 53 47 64 45 46 46 45 41 20 38 57 62 43 37 44 43 32 49 21 47 7 56 52 20 29 48 13 18 9 48 34 47 4 52 11 31 30 36 6 26 41 19 14 37 43 51 43 41 21 30 40 46 9 39 52 45 25 52 16 16 55 52 40 3 42 58 12 74 36 57 0 67 66 73 33 61 40 25 54 66 40 29 30 44 4 50 32 23 68 25 39 23 53 38 44 68 71 23 35 19 54 69 33 63 61 33 53 16 55 50 37 61 53 58 39 32 48 43 43 33 67 46 41 60 65 24 36 41 45 23 58 23 15 6 37 59 16 27 26 32 12 49 20 25 30 45 20 44 65 43 58 49 47 35 20 25 26 65 54 26 50 22 38 10 39 11 57 52 4 41 35 31 51 20 9 43 6 14 34 37 50 5 49 40 29 53 38 40 12 33 14 48 46 33 25 39 51 67 40 44 4 8 32 19 8 46 29 55 63 38 30 3 51 25 51 34 2 44 57
58 50 12 75 47 51 31 55 57 41 29 17 62 53 4 27 64 50 43 39 30 57 42 27 45 56 17 46 52 42 51 54 29 55 14 55 38 4 45 24 45 58 39 29 6 54 22 54 69 6 46 72 68 37 55 29 43 64 45 20 31 53 13 45 15 10 51 57 27 51 50 5 13 59 41 48 48 40 46 42 65 56 35 44 64 49 5 21 54 61 15 23 8 11 36 47 40 37 54 16 61 51 56 20 28 33 28 56 33 63 26 19 48 64 31 39 39 31 18 17 47 33 37 39 7 15 39 50 39 34 45 29 39 5 32 37 37 48 39 59 17 30 29 22 49 2 41 25 20 27 51 14 55 42 27 5 26 40 26 41 42 53 27 40 8 46 46 15 13 40 63 36 61 45 61 45 37 27 36 30 55 44 51 38 52 37 16 66 50 32 59 68 41 66 55 25 36 45 43 48 62 59 41 62 54 62 17 6 55 44 42 31 61 57 14 8 40 18 42 38 41 50 62 47 35 48 11 54 8 13 35 35 5 41 61 63 8 52 48 11 47 8 57 34 12 53 57 25 3 30 32 42 28 29 24 35 20 66 10 57 48 24 18 34 63 54 53 59 44 32 61 60 4 72 9 37 31 44 45 19 49 57 54 13 40 68 46 7 54 19 49 25 18 43 56 19 33 55 34 28 28 20 44 35 45 37 20 34 48 52 28 17 35 35 40 50 50 37 23 43 22 63 26 35 5 40 15 48 10 31 57 48 44 44 53 30 10 19 41 32 23 32 35 20 54 22 60 14 47 58 44 28 55 51 61 44 41 20 66 32 56 50 58 43 65 46 26 50 53 38 50 23 32 47 51 42 42 52 63 50 22 33 42 57 57 52 13 16 47 68 42 24 56 10 44 14 67 0 10 9 36 10 32 53 37 3 50 48 52 43 70 24 45 45 12 57 30 54 53 33 43 6 12 53 38 55 42 7 52 8 12 53 19 58 32 17 34 14 39 11 39 35 19 27 26 36 1 23 46 18 4 53 38 27 44 56 28 44 58 70 35 21 61 47 55 38 58 18 61 53 44 22 55 38 17 55 27 23 23 34 57 50 51 3 56 56 22 46 48 60 42 60 26 18 68 37 33 48 28 48 62 26 64 55 36 53 32 65 24 36 40 14 32 49 64 50 53 31 23 37 45 32 17 4 29 30 64 74 42 56 62 21 43 17 8 34 49 69 22 50 26 46 65 50 22
50 57 13 74 48 50 25 56 57 34 36 8 59 48 13 22 65 43 47 41 23 56 44 27 47 56 18 52 52 48 44 49 23 48 6 51 31 7 49 26 37 59 45 22 6 49 13 47 69 9 50 71 68 42 52 26 38 62 51 26 37 56 21 44 7 14 46 55 21 55 49 7 17 60 40 41 41 42 38 48 64 54 28 37 63 49 13 17 52 60 21 19 10 4 41 47 45 44 57 7 61 48 55 14 24 33 21 50 29 61 20 25 42 64 37 42 31 36 15 13 40 25 30 45 13 17 40 53 39 30 38 31 46 14 31 38 39 53 42 56 21 36 25 27 53 8 44 25 21 31 45 13 51 37 31 5 29 45 33 44 45 46 20 43 11 47 42 16 16 37 60 28 59 44 61 47 43 33 33 29 47 46 44 31 54 39 17 64 49 25 55 68 44 66 55 30 29 40 39 45 60 56 41 63 53 60 9 8 48 50 42 36 58 50 11 6 44 13 49 40 47 47 62 40 36 44 19 54 5 9 34 29 14 47 59 62 2 48 45 4 39 3 53 35 8 49 58 17 12 36 27 46 34 28 15 32 27 66 3 59 53 30 11 38 63 50 51 58 36 38 58 60 13 71 9 42 37 40 42 25 42 50 47 6 46 66 49 15 51 10 52 26 21 48 53 14 26 52 27 26 27 26 44 35 51 29 24 27 51 49 22 20 36 27 34 53 49 33 28 44 27 60 27 31 10 36 19 54 19 25 50 54 37 49 54 28 12 10 34 29 24 27 34 17 56 26 59 10 54 60 40 22 55 49 59 50 37 19 65 24 55 53 53 38 65 43 26 48 52 33 44 17 26 40 49 39 36 45 61 44 17 38 42 50 55 50 12 14 52 66 47 31 54 10 39 20 66 10 0 8 38 6 27 49 29 8 55 51 48 48 68 30 48 44 3 53 33 56 46 29 36 5 6 55 41 57 48 5 47 4 5 48 14 55 39 19 31 22 31 9 34 35 20 23 23 34 9 26 51 26 13 56 34 29 49 58 20 43 55 68 38 28 62 43 51 35 58 19 57 55 46 23 52 31 8 49 19 18 20 36 58 52 48 10 48 52 17 44 52 59 36 58 33 22 66 31 35 43 21 48 62 29 64 53 33 47 38 65 30 40 38 15 29 42 61 45 52 24 20 40 43 29 22 6 26 25 63 73 38 53 60 22 45 23 16 30 52 68 16 46 32 41 64 43 14
57 59 5 81 54 57 32 62 64 41 38 13 67 55 13 29 71 49 52 47 30 63 49 33 53 63 24 55 59 51 51 57 31 55 9 59 38 9 54 31 44 65 48 30 5 56 19 54 76 5 55 78 75 46 59 33 46 70 54 29 40 61 22 51 14 18 54 62 28 59 56 11 21 66 47 48 48 48 45 51 71 61 35 44 70 55 14 24 59 67 24 26 3 5 45 54 49 46 62 12 68 56 62 22 31 40 28 58 36 68 28 28 50 71 40 48 38 40 22 20 47 31 38 48 16 22 47 58 45 38 45 37 48 14 38 44 45 57 47 63 25 39 32 31 57 9 49 31 27 36 52 20 59 45 35 9 34 49 35 49 50 54 28 48 15 53 49 22 21 45 67 34 66 51 67 52 46 36 40 36 55 52 51 38 60 44 23 71 56 33 63 74 49 72 62 33 37 47 47 52 67 64 48 69 60 68 16 12 55 53 49 40 66 57 18 3 48 21 51 46 50 54 69 46 42 52 20 61 4 16 41 37 13 50 66 69 6 56 53 12 46 8 60 41 3 56 64 24 12 39 35 51 37 35 22 39 29 73 7 65 57 33 19 43 70 57 59 65 43 41 65 67 13 78 14 45 40 48 50 28 50 57 54 13 49 74 54 16 58 17 57 32 26 51 60 22 33 59 34 33 34 29 51 42 54 37 28 34 57 56 30 25 42 34 41 58 56 40 32 50 31 68 33 39 13 44 23 57 19 33 57 57 44 52 60 35 17 16 42 37 30 35 41 25 62 31 66 17 56 66 48 29 61 56 67 53 44 26 72 32 62 58 61 46 71 50 32 55 59 41 51 25 34 48 56 46 44 52 69 51 24 41 49 56 62 57 18 21 56 73 51 33 61 2 46 23 73 9 8 0 44 13 35 56 35 9 59 56 55 52 75 33 53 51 7 61 38 62 53 37 43 5 5 61 46 63 51 4 55 10 13 56 21 62 41 25 38 23 37 15 41 42 26 31 30 41 8 31 55 27 13 61 41 34 53 64 27 50 63 76 43 30 68 51 59 42 65 25 65 61 51 29 59 39 14 56 25 26 27 42 64 58 55 12 55 60 25 51 56 66 44 65 35 26 73 39 40 51 28 55 69 34 71 60 41 55 41 71 33 44 45 21 36 50 69 52 59 32 28 45 50 36 26 7 34 33 70 80 45 60 67 28 51 26 17 38 57 75 24 54 35 49 71 50 22
52 34 47 40 12 18 28 19 22 40 24 41 33 34 33 26 29 46 14 6 34 24 7 13 10 20 20 27 18 24 44 34 29 42 42 29 35 35 14 13 44 24 18 30 39 35 40 50 35 41 15 38 34 17 27 18 27 33 21 22 19 20 30 15 37 27 34 25 28 22 21 33 23 24 11 39 40 5 45 27 33 26 34 36 29 14 34 25 26 26 26 24 43 41 17 11 16 27 21 41 25 24 24 28 23 7 36 37 24 31 27 23 34 30 20 7 41 13 25 26 44 39 31 26 30 22 5 17 6 23 40 8 25 34 13 4 2 21 8 33 20 24 23 16 20 36 8 14 17 11 41 25 31 28 12 35 10 19 25 9 8 40 30 8 29 12 26 22 24 17 34 39 31 17 25 10 22 17 19 13 47 9 43 37 17 1 22 34 19 29 36 33 8 30 20 15 30 31 21 23 31 29 7 26 23 32 36 32 45 23 9 16 34 48 27 41 13 27 27 5 19 25 26 45 3 26 28 19 40 29 13 27 36 26 32 28 39 30 23 35 45 36 33 3 45 31 22 36 35 21 24 14 17 13 39 21 26 31 40 22 21 20 32 10 27 30 23 26 43 22 31 25 35 37 30 15 21 24 22 19 37 51 43 34 18 36 14 33 27 39 18 13 19 18 28 27 34 29 33 17 15 21 12 10 24 37 19 34 16 28 27 20 4 40 31 16 19 20 15 8 17 34 11 19 32 22 22 26 32 27 47 25 37 19 17 14 27 38 33 16 14 25 10 23 19 15 26 29 30 23 22 28 21 22 30 24 25 19 31 36 23 18 38 29 30 22 14 21 21 24 40 27 26 36 25 20 31 44 32 37 28 15 9 51 29 21 26 25 20 34 17 26 24 45 30 25 33 36 38 44 0 32 22 29 40 36 23 14 32 21 36 18 13 12 40 34 7 19 49 21 36 39 43 18 7 20 28 40 35 34 34 35 28 30 25 19 20 29 40 29 28 8 18 21 20 16 37 14 20 28 34 19 23 10 22 21 39 14 30 37 6 27 25 24 32 18 23 19 35 18 9 15 28 31 40 44 38 25 22 3 21 15 29 34 51 33 26 17 19 29 30 30 26 20 35 28 4 29 32 13 27 11 29 24 18 38 20 30 17 11 16 23 18 37 34 32 19 31 21 4 20 20 20 37 19 25 31 39 23 29 29 16 9 23 32 21 15 35 28 26 20 30 31 40 35
49 52 17 69 43 45 22 51 52 32 32 11 55 44 11 18 59 41 42 36 21 51 38 21 42 51 13 47 47 43 42 46 21 46 11 47 29 6 43 20 36 53 40 19 9 45 14 45 64 11 44 66 63 38 47 21 34 58 45 22 32 50 18 39 8 9 43 50 18 50 44 5 12 54 35 38 39 37 37 44 59 49 26 34 58 44 12 13 47 55 17 14 13 9 37 42 40 39 52 11 56 44 50 11 20 28 19 47 25 56 17 21 39 59 32 37 30 31 10 9 38 24 28 41 10 12 35 48 34 26 36 26 41 13 26 33 33 48 37 51 15 32 21 21 48 8 38 19 15 26 43 8 47 34 26 6 23 41 29 39 39 44 17 38 6 41 38 11 10 33 55 27 54 39 55 41 38 28 28 24 46 40 42 29 49 33 11 59 44 23 51 62 38 60 50 25 27 36 35 40 55 52 36 57 48 55 9 5 46 45 37 32 54 48 6 10 39 9 44 35 42 42 57 38 31 40 15 49 9 4 29 26 13 43 54 57 7 44 41 4 38 5 49 30 13 45 53 16 11 31 24 41 29 23 15 27 23 61 8 53 48 25 9 33 58 46 47 53 35 33 54 55 12 66 4 36 32 36 38 20 40 48 44 5 41 62 44 14 46 12 47 20 16 43 48 10 24 48 25 21 22 21 39 30 46 28 20 25 46 44 19 15 31 26 31 47 44 29 22 38 22 56 22 27 8 32 14 49 16 22 48 49 35 44 48 23 7 11 32 25 19 23 29 13 51 21 54 5 49 55 36 19 50 44 55 45 33 14 60 23 50 48 50 35 60 38 20 43 47 29 42 14 23 38 44 34 33 43 57 41 14 33 37 48 50 45 7 9 47 61 42 27 49 14 35 16 61 10 6 13 32 0 23 45 28 7 50 45 44 44 63 25 43 39 9 49 27 51 44 25 33 8 12 50 36 51 44 9 44 3 4 45 10 50 34 14 26 18 30 4 30 30 14 19 19 29 9 21 46 22 11 50 30 24 45 52 20 38 51 64 33 25 57 39 47 30 53 14 53 50 41 18 47 29 10 47 18 14 15 31 53 47 43 9 47 48 13 39 47 54 33 53 29 18 61 28 29 40 19 43 57 24 59 48 29 44 33 59 25 35 33 10 24 40 57 41 47 21 15 34 38 24 17 8 22 21 58 68 34 49 55 17 40 19 13 26 46 63 13 42 27 38 59 40 13
33 54 39 49 28 26 6 36 33 19 38 27 32 22 31 7 42 26 36 28 14 32 27 13 30 34 19 47 29 44 24 23 9 25 30 24 14 29 36 19 23 35 38 10 31 23 23 30 44 34 37 45 43 37 25 5 12 36 42 31 35 40 34 19 23 25 21 29 9 43 23 27 23 37 18 20 20 25 24 46 37 27 12 16 39 28 32 11 25 37 30 9 36 31 36 27 37 44 41 27 39 22 30 14 4 16 16 25 3 35 8 30 18 39 35 29 20 29 14 15 23 18 10 44 29 21 22 37 20 3 20 20 44 33 10 20 21 43 29 29 22 38 3 25 42 31 29 14 17 25 23 18 24 11 25 28 20 39 37 31 28 23 10 30 25 25 15 19 22 12 33 18 32 18 37 30 40 30 6 10 28 28 24 15 36 23 18 38 23 8 28 43 29 42 33 27 9 15 13 18 34 29 21 41 27 34 22 26 27 44 21 32 31 30 18 32 34 15 46 27 39 20 41 24 20 17 31 32 31 20 10 6 34 45 32 38 29 21 19 24 24 27 26 19 35 22 36 17 32 35 3 35 31 10 21 5 34 43 29 39 42 31 18 29 40 23 25 33 22 38 32 38 33 47 23 35 36 14 15 26 19 32 25 22 39 40 35 33 24 23 40 14 21 39 26 14 13 25 12 7 9 29 22 14 44 16 26 13 37 22 7 21 19 19 11 36 25 6 25 24 26 33 16 5 28 9 23 47 34 5 29 46 17 40 34 9 23 23 13 7 17 4 13 12 37 22 35 19 50 41 13 8 31 23 33 44 10 14 41 15 30 39 27 12 41 16 12 22 27 7 22 11 5 18 22 12 12 25 35 20 12 32 21 32 28 25 20 16 42 41 38 37 29 37 14 28 40 32 27 35 22 23 0 22 18 30 44 35 21 42 43 30 34 21 29 26 23 38 29 3 15 30 33 37 28 37 46 32 22 26 23 23 14 28 40 19 4 33 19 21 9 15 17 5 7 9 32 22 41 35 32 38 7 20 42 40 19 19 29 43 26 36 41 16 24 9 36 18 31 38 31 16 25 10 25 27 18 10 9 22 39 35 21 30 31 25 11 19 41 33 12 32 38 25 40 8 20 17 12 27 39 23 40 27 7 23 36 40 29 31 13 19 5 19 34 19 28 9 9 26 16 2 24 31 4 4 37 47 11 26 34 17 29 29 32 3 36 42 12 19 32 16 39 22 17
30 62 61 32 25 18 25 30 23 27 52 48 13 8 51 28 30 27 41 34 31 19 31 29 31 26 38 55 21 53 24 6 27 18 51 4 25 50 39 34 29 25 46 29 53 8 43 29 29 56 40 28 29 46 8 25 12 17 48 48 47 39 53 16 44 45 9 15 29 46 12 48 42 27 19 20 21 29 30 56 19 11 26 20 25 24 52 33 9 25 49 31 57 52 46 25 44 56 40 48 29 7 16 35 26 26 34 9 21 17 29 47 13 25 48 34 31 41 35 37 27 33 22 55 49 40 26 37 24 19 24 33 54 53 23 26 27 47 35 8 41 52 25 41 45 52 34 31 36 38 19 39 3 13 39 50 35 47 52 36 32 16 30 35 46 22 8 39 41 14 13 31 14 13 26 32 51 44 17 25 25 29 23 26 33 30 38 20 13 25 7 30 33 30 24 42 23 13 11 7 16 11 23 32 14 15 43 48 22 51 21 44 10 25 39 54 41 36 55 34 47 5 31 28 28 5 50 23 53 41 19 21 55 55 12 25 51 2 7 45 29 49 5 28 57 3 28 37 53 49 22 40 44 26 40 18 52 30 51 33 46 47 39 39 29 1 11 19 29 50 13 28 54 31 45 44 49 9 8 43 17 29 20 44 47 22 38 53 6 44 42 31 40 46 7 35 28 5 27 25 26 46 20 22 52 28 42 28 38 2 28 40 26 33 19 35 15 17 41 24 42 13 31 19 49 13 42 53 53 25 23 52 21 46 29 25 44 43 20 22 34 23 22 33 32 39 22 40 57 35 10 28 22 10 16 52 13 33 27 30 17 39 9 13 28 9 29 11 16 16 19 32 23 17 5 12 17 23 17 14 33 44 22 28 10 14 41 37 46 24 45 53 15 58 13 47 25 53 49 56 29 45 22 0 31 51 48 37 6 49 26 45 37 19 50 5 34 34 29 20 21 52 54 33 35 31 56 53 10 47 44 9 36 9 53 38 19 52 30 43 17 23 36 26 27 18 53 38 47 53 53 35 16 34 49 36 37 17 10 25 35 53 33 7 4 16 26 37 9 35 34 34 5 21 46 19 37 31 30 31 33 34 2 51 30 5 32 14 45 16 16 14 53 43 23 20 29 7 31 23 27 37 27 13 17 13 48 27 44 39 15 40 21 16 15 9 19 27 30 32 10 21 42 52 24 24 22 30 12 7 18 35 32 47 52 19 37 25 33 3 47 10 24 19 37
22 70 40 62 45 42 13 53 49 6 53 24 43 26 38 15 57 14 53 45 8 46 45 29 48 51 31 64 45 60 16 28 11 22 28 34 7 33 53 34 9 51 55 11 34 27 18 19 58 37 54 58 58 53 37 22 20 48 60 44 50 58 44 36 23 34 25 43 14 61 37 32 34 53 35 15 14 43 10 62 49 40 7 12 53 45 39 20 37 52 42 19 38 30 53 44 54 59 59 25 55 34 44 19 17 33 9 28 17 47 15 43 20 53 51 46 3 46 23 23 12 4 11 60 37 32 40 55 37 18 10 37 60 40 28 38 39 60 47 38 35 53 17 39 59 35 47 29 31 41 19 27 33 19 41 32 37 56 51 49 46 21 13 47 32 42 25 30 32 27 43 1 44 34 53 48 56 46 23 27 20 45 16 5 53 41 29 50 38 11 35 58 47 57 49 42 10 19 26 31 46 41 38 58 41 45 21 32 20 61 38 49 41 22 26 34 51 22 62 45 56 31 57 11 37 27 41 48 33 26 28 14 40 61 42 53 31 29 32 26 11 30 34 37 35 30 53 13 38 51 16 52 47 28 15 21 47 58 30 56 60 46 19 46 56 31 39 47 8 53 43 54 39 60 30 52 52 25 28 40 18 22 20 24 56 52 53 40 35 20 57 30 34 56 37 21 6 35 7 24 26 42 39 31 61 4 39 6 54 31 14 34 36 3 13 53 40 22 40 41 40 43 32 22 35 23 35 64 43 13 22 64 11 57 51 26 31 19 12 25 32 15 30 22 54 37 50 25 67 58 26 13 47 36 45 61 21 27 55 5 44 56 31 19 56 29 28 36 42 19 18 17 14 16 33 26 15 17 47 20 16 49 39 21 39 39 28 25 59 54 56 50 43 37 18 39 54 37 29 35 40 28 18 31 0 34 62 53 27 59 56 44 52 38 28 34 39 55 18 20 11 33 32 54 46 54 63 34 25 29 25 26 20 39 55 32 21 44 2 28 16 33 30 20 22 26 36 37 59 47 38 55 20 36 60 57 10 35 40 55 43 48 58 28 32 25 52 31 39 55 48 31 35 11 23 22 10 18 20 39 56 52 30 36 20 32 19 35 58 45 16 44 51 38 53 14 37 24 10 44 54 39 55 41 24 23 52 55 44 48 28 30 22 18 45 24 44 10 23 43 30 20 37 34 21 16 51 60 23 37 47 31 47 41 40 20 54 55 18 30 47 21 53 17 15
55 51 12 74 47 50 29 54 56 39 30 15 61 51 6 25 64 48 44 39 28 56 41 26 45 55 16 46 51 42 49 52 28 53 12 53 36 1 45 24 42 58 40 26 4 52 19 52 68 5 46 71 68 38 53 27 41 63 46 20 32 53 14 44 13 9 50 55 25 51 49 4 13 59 40 45 46 40 44 43 64 55 33 41 63 48 6 19 53 60 16 21 8 9 37 46 40 38 54 14 60 50 55 18 26 32 26 54 32 62 24 19 46 63 32 39 37 32 16 15 45 31 35 40 7 14 39 50 38 33 43 29 41 7 31 37 37 49 39 58 17 31 27 23 49 1 41 24 19 27 50 13 53 41 27 3 26 41 27 41 42 51 24 40 7 46 44 15 13 39 61 33 60 44 60 44 37 28 35 29 53 44 49 36 52 37 15 65 49 30 58 67 41 65 54 25 34 43 41 47 61 57 40 61 53 61 15 4 53 45 42 32 60 55 12 6 40 16 44 38 42 48 61 45 35 47 13 54 7 11 34 33 7 42 60 62 6 50 47 9 44 5 55 33 11 51 57 22 5 30 30 43 29 28 22 34 21 66 9 57 49 25 16 34 62 52 52 58 41 33 59 59 6 71 7 37 31 43 44 20 47 55 51 11 41 67 46 9 52 17 49 25 17 43 54 17 31 54 32 27 27 21 44 35 46 35 20 32 48 51 26 17 35 33 38 50 50 35 24 42 22 62 25 33 5 38 15 49 12 29 55 49 42 44 52 29 9 17 39 31 23 30 34 19 54 22 59 12 49 58 42 26 54 50 60 45 39 19 65 30 55 50 56 41 64 44 25 49 52 36 49 21 30 45 50 40 40 50 62 48 21 33 42 55 56 50 11 15 48 67 42 25 55 9 42 15 66 3 8 9 36 7 30 51 34 0 51 48 50 44 69 25 45 44 10 56 30 54 51 32 40 5 11 53 38 55 43 5 51 6 10 52 17 56 33 17 33 15 36 9 37 34 18 25 25 35 2 23 46 19 5 53 36 27 45 56 26 43 57 69 35 22 61 45 54 36 57 18 60 53 43 22 53 36 15 54 25 21 22 34 56 50 50 4 53 55 20 45 48 59 40 59 27 18 67 35 33 46 26 47 61 26 63 54 35 51 33 64 25 36 39 13 30 47 62 48 52 28 22 37 44 31 18 2 28 28 63 73 40 55 60 20 43 18 9 32 49 68 20 48 27 45 64 47 20
74 17 62 45 24 32 50 22 31 62 25 59 47 54 46 48 32 68 9 17 56 35 18 34 18 26 37 11 30 13 66 54 51 64 60 47 57 50 10 31 66 30 11 52 54 55 60 72 40 55 9 44 39 13 43 40 48 45 5 31 20 12 39 33 56 42 54 38 50 3 37 49 39 29 31 61 62 20 68 15 44 42 56 58 36 25 46 45 42 32 36 46 57 58 14 24 11 20 12 60 29 42 37 48 45 29 58 56 46 43 48 32 55 37 21 16 64 20 45 46 66 61 53 18 44 39 24 12 26 46 62 26 15 47 35 25 24 2 16 49 35 24 45 29 3 51 16 34 36 24 62 44 49 50 25 51 28 11 27 14 18 61 51 15 45 27 47 39 40 38 48 62 44 36 31 17 16 23 41 35 69 20 65 59 18 22 40 44 36 51 54 37 16 34 28 26 53 53 42 42 43 44 27 26 37 45 56 48 67 9 28 19 49 69 46 56 12 47 14 18 9 44 28 67 25 46 39 28 56 47 35 50 48 16 47 35 55 49 42 53 67 53 51 26 61 50 26 57 48 22 47 10 22 35 59 43 33 35 57 22 3 27 52 18 31 49 39 37 66 21 44 29 48 41 47 14 21 44 42 31 59 73 64 52 10 46 11 45 44 59 6 33 35 8 44 47 56 47 56 39 37 31 29 32 9 60 31 57 11 47 49 36 26 62 53 14 34 43 28 25 29 49 31 42 46 44 37 8 42 49 68 7 59 7 22 36 44 58 55 38 33 48 33 43 20 30 35 48 13 20 43 50 31 39 42 10 46 39 37 58 35 10 57 50 35 42 35 38 34 46 62 49 48 58 43 42 53 65 44 58 50 18 27 73 44 36 44 44 3 42 9 30 37 59 52 37 40 50 55 59 23 50 44 48 62 51 0 12 52 8 43 26 12 30 58 52 24 18 71 43 58 54 60 18 17 22 16 55 56 51 53 56 48 45 23 36 43 38 63 47 50 31 37 43 41 38 51 29 5 35 47 17 45 28 8 18 60 32 45 45 19 32 25 44 51 40 28 37 51 16 15 34 45 54 59 65 59 47 44 23 21 16 48 48 73 52 46 35 4 41 52 43 28 33 43 51 25 50 54 26 32 27 35 38 40 58 20 36 26 16 38 41 40 58 47 53 32 53 41 19 40 43 34 52 41 47 40 45 45 45 41 35 17 34 44 43 12 43 48 46 25 52 39 62 55
63 27 60 35 12 20 41 12 20 53 28 54 35 43 44 40 22 58 8 10 48 23 9 27 6 16 33 21 18 21 55 42 43 53 55 35 48 48 5 25 57 20 15 44 52 44 54 61 30 53 4 34 29 17 32 32 38 33 14 31 22 6 40 22 50 39 43 26 42 10 25 46 35 19 20 50 51 11 58 24 33 30 47 48 25 14 45 39 30 21 35 38 55 54 17 13 13 26 7 55 19 30 25 42 37 21 50 45 37 32 41 32 44 26 23 9 55 18 39 40 56 52 44 25 42 35 14 3 16 36 52 20 23 45 26 16 15 11 9 38 31 27 37 26 9 48 8 28 31 21 52 39 38 39 22 48 23 16 30 8 8 50 44 8 42 15 35 35 36 28 36 53 32 25 21 6 21 23 32 27 58 9 54 50 8 13 35 33 24 42 42 27 8 24 17 24 44 42 32 31 32 33 16 18 25 33 50 45 56 18 17 20 37 59 41 53 11 41 22 11 15 32 18 57 17 35 39 17 53 43 26 40 47 24 35 24 51 38 30 48 57 49 39 17 58 39 16 50 47 24 38 8 22 27 53 33 34 25 53 12 10 27 46 15 21 37 27 25 56 24 33 19 46 32 43 15 24 34 31 29 48 63 54 48 15 35 3 44 33 53 6 27 31 13 32 41 48 35 47 31 29 30 18 22 18 50 29 48 2 35 41 32 18 54 43 4 22 33 25 14 27 37 25 32 44 33 34 18 42 40 57 17 49 12 11 28 40 52 45 29 27 39 23 37 10 26 24 42 23 12 32 42 19 27 31 19 36 33 27 49 24 4 45 40 25 30 28 26 23 36 51 41 40 47 32 31 43 55 33 47 42 18 16 62 32 24 39 38 11 32 13 32 26 57 41 35 29 48 51 56 14 45 35 37 53 48 12 0 41 15 33 26 3 19 54 40 19 8 61 34 48 51 56 8 10 12 25 52 44 47 48 44 42 34 27 32 33 38 54 42 40 21 32 35 34 28 49 26 12 36 46 7 35 22 16 9 53 21 33 35 13 34 17 33 40 30 17 32 39 6 5 28 34 44 53 54 52 39 36 16 11 4 37 46 62 40 40 24 9 30 42 32 31 31 33 41 18 39 46 14 22 22 25 26 31 47 22 26 25 13 27 36 31 47 35 42 20 44 35 12 29 33 31 50 33 38 29 35 34 34 29 29 7 33 42 34 1 32 42 34 26 41 29 51 49
25 65 60 37 30 22 23 35 28 23 55 45 17 3 51 26 35 23 45 37 28 24 35 30 35 31 39 58 26 56 18 2 25 13 49 8 21 50 43 36 25 30 49 27 52 3 40 24 34 55 44 33 33 49 13 25 10 22 52 49 50 44 54 20 43 45 3 20 27 50 17 47 43 32 22 15 16 33 25 59 24 16 23 16 30 28 52 32 14 30 50 30 56 51 49 29 48 58 44 46 34 12 21 34 25 28 31 5 19 22 28 49 8 30 50 38 27 44 35 36 22 30 19 58 49 41 29 42 27 18 19 35 57 53 24 29 31 51 39 11 42 54 24 42 49 51 38 32 36 40 14 38 7 11 41 49 36 51 54 40 35 11 28 39 45 26 8 39 42 16 17 28 19 17 32 36 54 46 17 26 20 33 17 23 37 33 38 25 18 23 8 35 37 35 29 44 20 9 12 10 21 16 26 37 19 20 41 47 17 55 25 47 14 19 39 52 45 35 58 37 50 9 36 23 30 6 51 28 52 40 21 19 54 58 16 30 49 4 11 44 24 48 7 31 55 3 33 34 53 51 21 44 47 27 38 18 53 35 49 38 50 49 37 42 34 5 16 24 25 53 18 33 53 36 44 47 51 10 11 45 12 24 15 42 50 26 42 53 11 42 46 32 41 49 13 34 25 9 24 26 27 47 24 24 55 24 44 25 42 7 26 40 29 29 15 40 20 17 42 28 43 17 33 19 49 13 43 57 54 23 18 56 17 50 34 26 43 41 16 23 35 21 24 32 37 40 27 39 61 40 11 26 26 15 21 55 12 34 32 27 22 44 6 10 33 11 30 16 21 15 13 31 22 12 10 13 13 18 22 10 31 46 26 23 14 18 40 36 50 29 49 54 20 57 10 47 30 52 48 55 32 44 21 6 27 50 52 41 0 52 31 47 41 22 49 7 37 39 24 20 17 51 52 38 38 36 60 52 5 46 43 4 35 14 56 39 19 52 26 42 14 25 37 26 27 19 52 39 50 54 52 39 15 35 53 40 34 20 15 29 38 54 38 9 5 17 32 38 12 40 37 35 11 18 44 14 34 30 29 34 38 38 5 51 25 5 31 17 49 20 13 19 55 44 28 17 32 5 29 28 32 39 32 18 18 8 51 32 46 43 17 40 22 11 19 4 24 25 30 35 13 21 43 51 24 23 26 35 11 11 22 36 36 48 52 19 42 30 32 7 49 7 28 15 35
73 14 55 50 25 34 47 27 35 60 17 54 49 54 39 44 37 67 9 15 52 38 18 30 19 31 32 6 32 6 64 54 48 63 54 48 55 44 12 26 64 35 5 48 48 55 55 70 45 48 11 49 44 6 45 37 47 48 3 24 13 17 32 34 50 36 54 41 46 10 39 43 33 34 31 59 60 20 65 9 48 44 53 57 40 27 39 41 44 36 29 41 50 52 7 26 5 12 19 54 34 43 40 43 42 27 53 57 44 46 44 25 54 41 13 15 61 14 40 41 64 57 51 10 37 33 24 17 25 43 60 22 8 40 33 24 23 7 14 51 29 16 42 23 9 44 15 30 30 19 61 38 50 49 19 45 23 3 20 13 18 60 48 14 39 28 46 34 34 37 50 58 47 36 36 18 8 17 39 32 68 21 63 56 23 20 34 48 37 48 55 42 16 39 32 20 50 51 42 43 46 47 27 32 39 48 50 42 66 3 28 12 51 68 40 50 8 42 7 16 3 44 33 65 23 47 32 32 50 42 34 47 41 9 50 39 49 50 42 47 65 47 52 23 54 51 31 52 41 14 44 9 16 32 54 41 25 40 51 27 8 20 47 13 36 50 41 40 63 13 47 34 41 47 41 8 13 44 42 25 58 72 63 47 4 50 14 38 46 53 11 29 29 4 46 42 53 48 52 35 33 24 30 30 3 57 24 53 15 48 45 30 25 59 51 19 36 41 22 25 23 51 27 40 40 42 31 6 35 46 67 6 57 3 26 33 38 52 53 35 28 45 31 38 25 24 39 42 9 26 43 46 34 40 45 4 45 34 42 54 38 15 57 49 40 42 31 39 37 44 61 44 45 56 44 41 51 64 47 57 45 12 27 71 46 38 38 38 6 47 4 22 40 52 51 30 44 43 48 52 21 44 42 49 59 44 8 15 52 0 48 20 14 31 51 53 20 23 69 40 56 48 54 23 15 27 10 49 55 44 47 56 43 47 15 31 40 31 60 41 48 29 31 39 38 37 44 24 5 27 40 22 44 23 1 23 56 33 47 50 16 25 31 44 52 39 32 31 53 21 16 29 47 51 53 64 55 42 39 20 26 19 49 41 71 53 42 36 8 44 51 46 20 26 48 48 23 50 50 28 37 21 40 40 39 58 12 41 20 11 37 35 38 57 50 53 34 49 37 18 40 40 28 46 38 44 44 50 44 47 44 30 18 27 36 41 16 47 44 46 18 51 44 61 50
55 59 80 7 25 19 48 21 14 52 58 69 14 33 67 49 12 53 40 37 55 13 33 43 30 18 53 53 18 53 49 31 50 42 71 23 50 68 37 47 55 14 47 52 71 33 65 54 5 73 37 3 5 48 19 43 36 9 46 58 52 32 65 25 65 60 34 14 51 40 20 66 57 14 29 45 46 32 55 56 7 17 51 46 8 23 68 52 19 12 61 51 76 72 48 25 45 58 31 70 15 22 14 55 46 37 57 32 43 10 51 58 38 7 53 37 56 47 54 56 52 57 46 57 64 55 32 32 32 41 50 43 55 69 38 34 34 43 38 20 54 57 46 51 41 69 35 45 50 47 44 56 25 38 48 68 45 48 59 37 33 41 53 36 62 24 32 55 57 32 15 56 13 25 12 31 53 51 37 40 49 30 48 51 25 35 54 6 20 48 26 8 34 10 17 51 47 38 31 26 11 16 30 17 16 12 64 65 46 49 28 49 18 49 58 73 42 56 55 37 47 25 16 53 36 29 63 17 72 60 35 44 70 56 15 9 70 28 25 65 54 68 25 37 76 28 17 59 69 54 44 40 51 41 63 39 61 9 71 22 42 55 60 43 13 26 18 11 55 55 14 15 69 6 62 46 54 31 29 55 42 54 45 64 47 6 35 68 21 66 38 45 53 45 19 55 52 22 51 43 42 56 26 35 50 53 54 52 33 25 50 54 35 58 43 29 20 37 51 28 52 16 44 39 65 35 56 50 67 47 47 49 47 45 23 41 60 65 45 39 47 45 35 51 24 50 10 59 55 23 31 50 16 21 11 50 36 50 7 55 14 34 31 37 9 28 44 21 17 39 44 53 46 42 23 32 42 48 10 40 54 48 28 53 17 19 58 55 43 3 45 61 15 77 38 60 4 70 68 75 36 63 43 26 56 69 43 33 31 48 0 53 35 25 71 25 43 26 54 41 46 71 74 26 38 22 57 72 35 66 64 34 56 18 58 53 39 64 55 61 41 35 51 46 46 35 70 49 44 63 69 27 38 44 47 26 60 26 17 3 40 62 18 29 27 35 16 52 21 28 33 48 21 46 68 44 60 52 49 38 23 29 27 68 54 27 52 25 41 11 41 13 60 55 3 43 38 33 54 23 12 47 9 16 36 38 53 8 52 43 31 56 40 41 13 34 17 51 49 37 27 41 54 70 43 46 6 5 34 20 9 49 32 58 66 40 32 1 54 27 55 36 5 45 60
62 28 36 58 29 36 33 35 40 47 9 35 50 48 20 29 45 55 20 18 37 42 22 18 25 37 14 23 36 19 53 49 34 54 35 46 42 25 23 12 51 41 16 34 29 49 37 59 52 29 24 55 51 14 44 25 39 51 22 5 8 30 14 32 32 17 47 42 31 27 38 23 14 41 28 49 49 22 52 19 51 44 39 45 47 31 20 25 43 43 10 26 31 32 13 29 16 16 32 35 42 40 42 27 28 20 38 51 32 49 29 6 46 48 8 18 46 8 23 23 52 42 39 17 18 14 22 28 23 32 49 12 17 21 23 21 20 25 18 49 10 9 29 5 25 25 20 17 14 8 52 20 47 39 7 26 11 17 8 19 22 52 32 19 20 30 40 16 15 31 51 44 48 34 43 24 14 4 30 22 57 25 53 43 32 19 17 51 37 35 52 50 20 47 37 3 38 43 35 39 49 47 25 42 40 49 32 22 56 20 27 8 51 59 22 31 17 25 20 17 18 41 42 53 19 41 13 37 31 24 26 35 22 19 50 46 29 45 39 28 52 28 49 18 35 46 38 35 22 7 32 19 5 21 37 31 9 48 32 37 25 2 29 12 44 46 41 44 50 9 48 41 22 55 22 13 8 37 37 6 48 61 54 28 17 54 24 19 43 35 26 16 11 19 45 25 39 46 39 23 22 5 29 24 21 43 6 39 26 44 31 12 20 44 40 29 36 32 5 26 5 52 14 30 21 34 12 24 17 33 58 25 46 20 33 22 19 34 42 25 14 32 24 23 34 8 44 24 25 37 36 32 38 39 48 21 37 18 48 39 41 28 52 40 47 37 18 38 39 35 51 28 33 47 42 34 41 54 50 48 29 9 26 61 46 38 19 21 24 52 18 8 41 33 42 11 50 24 30 33 18 25 30 45 44 25 26 26 47 20 53 0 23 30 33 50 12 33 58 30 45 29 35 32 17 35 20 30 49 26 28 49 26 47 11 14 30 13 46 22 38 23 15 25 24 28 25 9 22 10 21 32 34 12 21 34 40 31 47 55 14 9 41 39 48 31 39 14 51 32 23 14 44 39 34 56 38 27 25 16 36 29 44 22 60 49 26 34 24 47 41 47 9 8 52 37 17 43 35 31 44 9 47 41 30 50 9 47 1 13 31 17 27 48 51 45 37 35 22 17 36 29 9 27 26 30 48 57 36 46 47 14 23 8 18 30 27 53 28 42 3 43 49 51 34
63 26 57 38 13 21 40 14 22 52 26 52 36 43 42 38 25 57 5 8 46 25 7 25 6 18 31 19 19 19 55 42 41 52 53 36 47 45 3 23 56 22 13 42 49 44 52 60 32 50 3 36 31 14 32 30 37 35 12 28 19 8 37 22 48 36 43 28 40 10 26 43 33 21 20 50 50 9 57 22 35 31 46 48 28 14 42 36 31 24 33 37 52 52 14 13 11 24 9 52 21 31 26 40 35 19 48 45 36 33 39 29 44 29 20 7 53 15 37 38 55 51 43 23 39 32 13 5 15 35 51 18 21 43 25 14 13 10 7 39 29 24 35 23 9 46 5 26 28 18 51 36 38 39 19 45 20 14 27 5 6 49 42 6 39 16 35 33 33 27 37 51 34 25 23 5 19 20 30 25 58 8 54 49 10 12 32 35 25 41 43 29 6 26 19 21 42 41 31 31 33 34 15 20 26 34 48 42 55 16 17 17 38 58 38 51 8 39 21 9 12 33 21 56 15 35 36 19 50 40 25 39 44 21 37 27 49 38 30 46 56 47 40 16 55 39 18 48 44 22 36 6 20 25 51 32 31 27 50 15 10 25 44 12 23 38 28 27 55 22 34 21 44 34 40 13 21 33 31 27 48 62 53 45 13 37 1 41 33 51 6 25 28 11 33 39 46 35 45 29 27 27 18 21 16 49 26 46 4 35 39 29 16 52 42 6 23 32 22 13 24 38 23 31 41 32 31 17 39 39 57 16 48 11 13 26 37 50 44 28 25 37 22 35 12 23 26 40 22 15 32 40 21 27 32 17 35 31 29 48 25 6 45 39 27 30 26 27 24 35 50 40 38 47 32 30 42 54 34 47 41 15 15 61 33 25 37 36 10 34 10 29 27 54 41 32 32 45 48 53 13 43 34 37 52 45 12 3 41 14 35 23 0 19 51 41 16 11 60 32 47 49 54 10 8 14 23 50 44 44 45 44 40 35 24 30 32 35 52 40 39 20 29 33 32 27 46 23 10 33 43 10 34 20 14 12 51 21 34 37 11 31 19 33 40 29 20 29 40 9 4 26 34 43 51 54 50 38 35 13 14 7 37 43 62 41 38 24 8 31 41 33 28 28 34 40 16 39 44 15 24 20 27 27 30 47 20 28 23 10 26 34 30 47 37 42 21 43 33 9 29 32 28 47 31 37 31 37 34 34 31 27 5 30 40 33 4 35 40 35 23 40 31 51 47
45 44 55 31 8 7 27 16 14 36 36 45 21 25 42 27 22 40 23 16 34 13 13 18 13 14 28 37 9 35 37 24 29 34 47 18 32 43 21 22 40 15 28 30 46 25 43 43 25 49 22 28 25 29 15 19 20 21 30 34 31 22 41 3 41 35 25 13 29 28 9 41 32 17 4 32 33 11 41 38 22 14 31 31 20 8 43 28 14 17 36 27 51 48 28 7 26 38 23 46 19 13 13 31 24 12 36 27 22 19 28 34 26 20 32 17 39 25 30 31 38 38 28 38 39 30 9 20 8 21 35 18 36 44 14 10 10 29 18 21 29 36 23 27 27 44 16 20 25 23 33 32 20 22 24 43 21 30 37 18 14 31 31 17 37 5 17 30 32 11 22 37 19 6 17 14 33 29 16 15 40 11 36 34 16 13 29 22 7 28 25 24 15 22 12 27 28 24 13 13 19 17 5 21 11 20 40 40 37 33 3 28 22 40 33 48 23 32 37 16 29 14 20 39 12 17 39 11 47 35 11 24 45 37 20 19 45 20 12 40 40 43 22 13 52 20 16 37 44 33 23 22 29 16 41 18 38 23 46 19 28 32 36 22 20 19 11 15 39 34 19 18 44 28 37 26 33 15 13 30 30 44 35 39 29 25 20 43 15 43 25 20 28 28 16 31 33 18 32 19 18 32 2 10 34 35 29 33 20 17 27 29 11 39 26 18 7 16 26 6 28 22 19 17 40 16 31 35 42 26 39 34 32 28 14 16 35 42 28 16 22 24 10 27 17 25 16 35 39 21 14 28 11 10 18 34 18 25 22 35 12 22 27 22 21 12 19 9 9 20 33 30 25 29 14 13 25 37 20 29 31 27 5 44 17 9 33 30 28 24 27 38 12 52 23 35 23 45 44 51 12 39 21 19 38 44 30 19 22 31 25 30 19 0 46 23 19 18 43 19 31 46 50 17 17 17 39 47 26 41 40 26 32 18 37 28 18 39 38 36 23 10 26 22 22 13 45 24 29 39 44 19 19 20 31 20 39 3 18 26 18 38 21 15 22 13 15 27 23 19 15 23 16 28 44 35 39 28 26 15 19 17 18 43 44 22 29 5 27 17 25 18 38 30 24 25 14 20 32 7 19 22 20 12 15 29 32 21 29 22 10 31 17 29 22 23 9 30 24 15 10 19 30 45 20 24 20 30 16 17 18 24 14 34 41 19 20 25 30 16 32 22 21 33 37
50 60 12 76 51 53 26 59 59 34 39 6 61 49 15 23 67 42 50 44 23 59 46 29 50 59 21 55 54 51 44 51 24 49 3 53 31 9 52 29 37 61 48 23 7 50 12 47 71 9 53 73 70 45 54 28 39 64 54 29 40 59 24 46 7 17 48 57 22 58 51 10 20 62 43 41 41 45 38 51 66 56 28 37 65 52 16 19 54 63 24 20 10 2 44 50 48 47 60 5 64 50 57 16 25 36 21 52 30 63 22 28 43 66 40 45 31 39 17 15 40 24 31 48 16 20 43 56 42 32 38 34 49 16 33 41 41 56 45 57 24 39 26 30 56 10 46 27 24 34 45 16 53 39 34 8 32 48 36 47 47 47 21 46 14 49 43 19 19 39 62 27 61 46 63 50 46 36 35 31 48 48 44 31 57 41 19 66 51 26 56 70 47 68 58 33 30 41 41 47 62 58 44 65 55 62 9 11 48 53 45 39 60 50 14 6 47 15 52 43 50 48 65 39 39 46 22 57 5 12 36 30 16 50 60 65 4 49 47 6 39 6 54 38 7 50 61 17 14 39 29 49 37 31 15 33 30 69 2 61 56 33 12 41 66 51 54 60 36 41 60 63 15 74 12 45 40 42 44 28 43 50 47 8 49 68 52 18 53 10 55 28 24 51 55 16 26 54 27 28 29 29 47 37 54 30 27 27 54 50 23 23 39 27 35 56 52 35 31 46 30 62 30 33 13 38 22 57 21 26 50 57 37 52 56 30 15 9 35 32 27 28 36 20 59 29 62 12 57 63 42 23 57 51 61 53 38 22 68 25 57 56 54 39 67 45 28 50 54 35 44 19 28 41 50 40 37 45 63 44 18 41 45 49 57 52 15 17 55 68 50 34 56 9 40 23 68 12 3 7 40 9 29 50 28 10 58 54 49 51 71 33 51 46 0 55 36 59 46 31 36 6 4 58 44 60 51 6 48 7 7 49 15 57 41 22 33 24 30 12 35 37 23 25 25 36 11 29 54 28 15 58 35 32 52 61 20 45 57 71 41 31 65 45 52 37 61 22 59 58 49 26 53 32 7 49 18 20 22 39 61 55 49 13 48 53 19 47 55 61 37 60 36 25 68 32 37 45 21 51 65 32 66 55 35 48 41 67 33 43 40 18 31 43 63 46 55 25 23 43 44 30 25 8 28 27 65 75 39 55 62 25 48 26 18 32 55 70 18 48 35 43 66 43 15
30 66 65 32 29 21 29 33 25 29 57 52 11 8 56 32 32 28 45 39 34 21 35 34 35 29 43 59 24 57 24 6 31 17 55 5 28 55 43 39 31 27 51 33 57 8 47 29 29 60 44 28 29 51 10 29 16 16 52 53 52 43 58 20 49 50 9 17 33 50 15 53 47 29 24 21 22 34 31 60 18 12 29 22 25 28 57 37 11 27 54 35 62 56 50 29 49 60 43 52 31 11 18 39 30 31 37 7 25 17 34 52 14 25 53 39 33 46 40 41 28 36 25 60 54 45 31 41 29 24 26 38 58 58 28 31 32 51 40 5 46 57 29 46 49 57 39 36 41 43 19 44 4 17 44 54 40 52 57 41 36 16 34 39 50 26 12 43 46 19 12 34 14 18 28 36 56 49 22 30 24 33 23 29 36 34 42 19 17 29 2 30 38 31 27 47 26 15 16 12 16 11 27 34 17 15 47 52 21 56 26 49 9 24 44 58 46 41 60 38 51 10 33 29 33 10 55 26 57 46 24 25 59 60 10 26 55 6 12 50 30 53 2 33 61 5 31 40 58 54 26 45 49 31 44 23 57 31 55 35 50 52 43 44 31 4 14 20 31 55 13 30 58 31 49 49 54 14 13 48 18 29 20 48 51 21 42 58 8 48 46 36 45 50 9 40 32 6 30 30 31 51 24 27 56 30 47 31 42 7 32 45 31 35 22 39 19 21 46 29 47 11 36 23 54 18 47 57 58 29 22 57 23 51 32 30 48 47 23 27 39 27 27 37 35 44 23 45 62 38 15 32 24 14 16 56 17 38 27 34 19 43 6 16 29 14 34 15 19 21 19 37 27 18 9 17 20 23 17 15 37 48 27 28 10 17 45 42 50 24 50 58 17 63 16 52 25 57 53 61 34 49 26 5 34 56 52 40 7 53 25 50 41 23 55 0 39 37 29 25 23 56 58 37 39 34 61 58 10 52 49 9 40 9 58 43 24 57 32 47 20 28 41 31 32 23 58 43 51 58 58 38 20 39 54 39 40 21 10 24 39 58 35 12 3 21 29 42 6 39 38 39 8 25 50 19 40 36 35 36 36 37 7 56 29 2 37 18 49 16 19 14 58 48 22 23 34 10 35 27 29 42 28 15 22 13 53 27 49 44 20 45 26 17 14 10 22 31 35 37 15 26 47 57 29 29 22 30 16 8 18 40 36 52 57 24 41 24 38 8 52 13 24 20 41
54 32 42 47 19 25 27 25 29 40 19 37 39 38 27 25 35 48 16 9 33 31 12 11 15 27 15 25 25 22 46 38 29 45 37 35 35 30 17 8 45 30 16 29 34 39 37 51 41 35 18 44 40 15 32 18 30 40 21 16 13 24 24 21 33 21 38 31 26 24 27 28 17 30 16 41 42 11 46 24 40 33 34 38 36 20 28 22 32 32 19 22 37 36 14 18 15 22 25 37 32 30 31 25 22 9 34 41 25 38 25 16 37 37 14 10 41 8 22 22 45 38 32 23 24 17 11 21 12 25 42 3 22 28 14 10 9 22 10 39 14 18 23 9 22 31 11 11 13 5 44 21 36 31 6 30 5 17 18 12 13 43 28 11 24 19 30 17 18 21 40 39 37 23 32 15 18 11 21 13 50 15 45 37 23 8 17 40 26 29 41 39 12 37 27 9 31 34 25 28 37 36 14 32 29 38 33 27 48 22 16 11 40 50 23 35 13 24 24 8 17 30 32 46 8 31 22 26 35 25 16 28 30 23 39 35 33 35 28 30 46 31 38 6 39 36 28 33 29 15 25 15 11 13 36 23 19 38 35 28 22 14 29 7 34 35 30 32 44 17 37 31 29 44 25 13 15 27 26 13 40 54 46 30 17 43 17 27 33 35 21 10 13 18 33 24 34 35 33 16 14 14 18 13 22 37 12 34 19 33 26 14 8 39 32 21 25 23 9 15 10 41 8 21 26 25 16 25 25 27 49 25 39 19 23 14 22 34 34 17 9 25 13 20 25 8 33 25 28 29 26 27 27 28 36 22 27 16 38 35 30 21 42 32 37 26 12 27 27 26 43 25 26 38 31 24 33 46 39 40 26 10 15 53 35 27 21 21 21 41 17 20 30 39 33 18 39 30 33 38 7 27 23 34 39 30 24 19 37 20 43 12 16 19 36 39 0 24 51 22 37 33 38 24 9 26 25 35 39 29 30 39 25 36 19 14 22 22 40 24 30 12 14 20 18 19 31 8 20 21 28 24 25 4 21 26 37 20 36 44 6 20 32 29 37 21 29 14 41 23 14 10 34 32 36 47 36 23 20 5 27 20 33 28 53 38 23 22 21 35 33 36 19 13 41 29 5 33 31 20 34 5 36 30 21 41 15 37 11 9 20 18 19 39 40 36 26 30 18 8 25 21 13 32 19 24 37 46 26 35 36 12 14 16 25 22 19 42 25 31 13 34 38 43 32
63 34 65 28 11 17 44 5 14 54 36 59 30 41 51 43 15 58 15 16 50 18 13 31 9 9 39 27 14 28 55 40 45 51 60 32 49 53 12 31 57 13 23 47 57 42 58 61 23 59 12 26 22 24 28 35 37 28 21 38 30 7 46 21 55 45 41 22 45 15 23 51 41 12 21 50 51 14 58 31 27 26 49 49 19 11 51 42 27 15 42 42 61 60 25 12 21 34 6 59 11 28 20 46 40 24 53 43 39 26 44 39 43 20 31 15 56 25 43 44 56 55 45 32 48 40 17 7 19 38 53 26 30 52 29 19 18 18 16 34 37 34 40 33 16 54 14 32 36 28 51 44 35 39 28 54 28 23 37 15 12 48 47 15 48 14 35 40 42 28 31 55 27 23 14 10 29 30 33 30 57 11 54 51 2 18 40 27 21 45 39 20 13 17 11 31 45 41 31 29 26 28 17 10 21 28 54 51 55 25 18 27 33 57 45 59 18 45 30 17 22 30 11 57 20 34 45 12 59 48 28 42 53 31 31 18 57 36 28 53 58 55 36 22 63 36 9 53 53 32 40 16 30 30 56 35 41 18 58 5 17 35 50 22 14 35 24 20 57 32 28 12 53 25 48 23 31 33 30 36 48 62 52 52 22 28 10 50 30 57 12 31 37 20 29 45 50 32 49 34 32 37 17 25 25 52 35 50 9 33 44 38 21 56 44 5 19 34 32 14 33 32 30 34 50 33 40 25 49 43 56 24 50 20 5 31 46 56 46 32 32 41 26 41 3 32 18 47 30 5 32 45 14 24 26 26 36 37 20 52 19 8 42 40 17 29 32 24 19 37 50 45 42 47 29 31 43 54 27 46 46 26 17 61 28 21 44 43 17 25 20 39 21 63 41 42 23 54 56 62 19 51 38 34 55 54 18 8 39 23 26 33 11 18 59 37 24 0 60 36 48 57 62 1 17 5 32 58 43 52 53 42 46 30 35 38 35 45 55 48 41 24 37 38 37 30 55 32 19 43 52 1 36 28 23 2 56 20 29 28 20 41 9 32 37 31 11 37 35 2 11 33 30 45 58 52 55 43 40 21 4 5 34 52 62 37 43 22 15 25 42 27 38 37 26 42 22 38 49 12 15 29 18 22 32 46 30 19 32 20 27 42 33 47 30 40 16 47 38 17 28 36 37 56 36 40 22 28 34 30 24 35 11 39 49 36 8 26 45 32 33 40 22 51 52
5 82 57 60 50 44 26 57 51 13 67 41 40 22 54 30 58 4 63 55 24 47 53 41 55 54 46 75 48 72 6 23 26 12 45 32 17 50 62 47 9 53 66 26 51 21 35 1 57 54 63 56 57 65 36 34 23 45 70 58 63 64 60 40 40 50 21 43 29 69 39 49 49 55 41 11 10 51 9 74 47 39 20 13 53 49 55 35 37 53 57 34 55 48 64 49 64 72 65 42 57 34 44 35 30 43 26 22 27 44 30 58 17 53 64 55 15 58 38 39 7 22 20 73 53 47 47 62 45 27 10 49 72 56 37 46 48 69 56 34 50 66 29 53 68 52 56 42 45 53 11 42 30 22 54 49 49 67 65 58 54 13 28 56 49 47 26 45 48 33 40 19 41 37 54 55 68 59 30 38 5 52 7 16 58 50 44 48 40 24 29 58 55 58 51 55 21 19 30 32 43 39 45 60 42 43 38 49 8 71 44 61 37 7 42 51 62 37 74 54 67 31 59 7 47 27 57 50 50 42 36 23 57 73 39 53 48 27 33 43 7 47 30 47 52 27 56 30 55 64 27 62 60 39 31 29 62 58 47 60 69 60 36 57 57 29 39 47 10 66 40 56 56 59 46 63 65 28 31 54 13 4 10 41 66 49 61 57 34 36 66 43 49 67 36 37 21 33 21 35 37 57 44 40 72 17 53 20 62 30 28 48 45 19 19 60 42 29 54 48 54 39 45 30 51 28 50 74 59 26 9 74 13 67 55 37 47 37 17 34 45 26 39 37 58 51 50 41 78 62 29 28 49 38 44 72 25 41 55 22 45 64 24 21 56 32 40 38 44 25 11 32 26 14 33 30 18 7 45 15 32 61 45 5 38 41 44 40 69 52 66 65 43 55 20 55 53 53 46 53 49 44 29 29 18 51 71 61 24 69 54 58 60 43 46 29 51 60 0 29 14 50 49 59 55 58 75 51 20 46 42 20 36 37 68 46 29 59 16 44 22 41 44 33 34 33 53 50 68 62 55 61 26 48 70 62 26 40 38 52 54 63 60 29 27 31 54 45 34 61 56 44 34 19 39 11 28 33 34 49 60 59 28 53 3 28 34 38 67 44 19 42 66 52 51 22 47 23 26 48 55 51 55 41 31 16 64 55 57 59 34 45 32 14 42 21 46 24 36 53 33 30 51 51 33 28 50 58 27 35 46 45 55 56 56 29 61 53 33 29 61 21 52 10 32
33 53 41 47 25 24 9 34 31 20 38 29 30 21 32 9 39 27 34 26 16 30 26 12 28 32 20 46 26 43 25 22 11 25 32 22 15 31 34 18 24 33 37 12 33 22 25 30 42 36 35 43 41 36 23 6 10 34 41 31 34 38 35 17 25 26 19 27 11 42 21 28 23 35 16 20 20 24 25 45 35 25 14 17 36 26 33 13 23 35 31 11 38 33 35 24 35 43 39 29 37 20 27 15 6 14 18 24 4 32 10 31 17 37 35 27 21 29 16 17 24 19 11 44 30 21 20 35 18 3 20 20 43 34 9 19 20 41 28 27 23 38 5 25 40 32 28 13 18 24 23 19 22 11 25 30 20 38 37 30 27 23 13 28 26 23 13 20 23 9 31 20 30 16 35 28 39 30 4 9 29 26 24 17 34 22 19 36 21 9 27 41 27 40 30 27 10 14 10 16 32 27 19 39 25 32 24 28 27 43 18 32 29 30 20 34 33 17 45 26 38 18 38 25 18 16 32 29 33 22 9 7 35 44 30 36 31 19 17 26 25 29 24 18 37 20 34 19 33 35 4 34 31 10 23 3 35 40 31 37 41 31 20 28 38 21 23 31 23 37 29 36 34 44 25 34 36 12 13 27 19 33 25 24 38 38 33 34 22 25 38 14 22 38 24 16 15 23 14 7 9 29 20 12 43 17 26 15 35 20 9 22 17 21 11 34 22 4 25 22 26 31 16 3 29 7 24 46 35 8 29 45 17 39 32 8 24 25 13 5 17 5 11 13 34 22 33 21 49 39 11 10 29 20 31 43 9 14 39 16 28 37 26 12 39 14 12 20 25 6 22 13 6 17 20 10 12 25 33 19 14 32 20 32 26 22 21 17 40 39 37 37 27 39 13 29 38 33 29 37 21 25 3 20 20 32 43 34 20 40 41 30 32 19 31 25 22 36 29 0 16 32 35 35 27 35 46 34 21 27 25 21 16 26 40 20 2 34 20 23 9 13 18 7 8 7 33 22 40 35 33 36 5 19 41 38 21 17 27 40 25 36 39 14 23 6 33 19 29 36 29 16 23 11 27 26 20 12 10 21 37 33 19 32 32 24 13 17 39 30 12 29 38 25 38 8 19 16 14 25 37 22 38 25 5 22 35 38 29 30 10 21 3 19 32 17 26 12 11 24 14 1 24 32 4 6 35 45 9 24 32 17 28 29 33 1 35 40 14 17 32 15 37 22 19
18 68 48 52 38 34 13 45 41 7 53 32 33 15 43 17 49 11 50 42 14 38 40 28 42 43 33 61 37 58 9 18 14 13 36 24 6 39 49 34 10 43 52 14 41 16 26 15 48 44 50 48 48 51 27 20 12 37 56 45 50 52 47 28 30 37 14 34 17 56 28 38 36 45 28 5 6 38 11 61 39 30 9 1 44 38 44 23 28 44 44 21 45 38 51 37 51 59 53 33 47 25 35 24 17 30 17 17 13 37 18 45 9 44 50 42 11 44 26 27 9 14 7 59 41 34 34 49 32 13 5 35 58 45 24 33 35 56 43 27 37 53 16 40 55 41 43 29 32 40 10 30 22 10 40 39 35 54 52 45 41 11 16 43 37 35 16 32 35 21 33 12 34 26 44 43 55 45 17 25 13 40 9 7 46 37 31 40 30 12 24 49 42 49 41 42 8 9 18 22 36 31 32 50 33 35 28 38 13 58 32 47 30 15 30 41 48 26 61 41 54 22 49 9 34 18 44 40 40 31 23 10 46 60 32 44 38 19 23 33 10 37 23 33 43 19 45 20 44 50 14 49 46 25 23 15 49 49 37 48 56 46 26 44 47 21 30 38 9 53 33 46 45 51 35 49 51 17 20 41 7 17 11 31 53 42 48 45 25 28 53 29 36 53 27 25 11 25 10 22 24 43 32 27 59 8 40 10 49 21 16 35 32 13 5 48 32 16 40 35 40 33 31 17 40 15 37 61 47 13 15 60 2 54 44 24 35 28 3 21 32 13 26 25 47 37 41 30 64 51 18 16 39 28 36 59 13 28 46 13 36 51 20 9 47 21 27 27 33 12 9 21 13 5 24 18 6 10 37 9 21 47 33 17 30 30 32 28 55 44 53 51 34 45 9 42 44 43 36 43 36 33 15 21 11 40 58 48 17 56 46 45 47 31 36 23 37 48 14 16 0 40 40 47 42 46 61 41 14 36 32 15 25 29 55 33 16 47 10 33 9 28 31 20 21 20 42 37 55 49 44 49 13 35 57 50 19 28 30 45 40 50 50 19 21 18 44 32 28 49 43 31 25 6 31 14 19 21 22 36 49 46 19 42 16 22 22 27 54 35 7 34 52 39 43 8 34 14 16 37 46 38 46 32 18 13 51 46 44 45 22 33 19 8 35 13 36 12 23 39 22 17 38 41 19 15 41 50 15 27 37 31 42 43 44 15 49 45 22 20 47 11 43 7 22
54 55 10 76 49 52 28 57 59 38 34 11 62 51 10 25 66 47 47 42 26 58 44 28 48 58 19 51 54 47 47 53 27 52 8 54 35 4 49 26 41 60 44 26 1 52 17 51 71 4 50 73 70 42 55 29 41 65 50 25 36 56 19 46 11 13 50 57 24 55 51 6 16 61 42 45 45 43 42 47 66 56 32 41 65 50 10 20 54 62 20 22 6 5 41 49 44 42 58 10 63 51 57 18 27 35 25 54 32 63 24 24 46 66 35 43 35 35 17 16 44 29 34 44 12 17 42 53 40 33 41 32 45 11 33 39 40 52 42 59 20 35 28 26 53 5 44 26 22 31 49 15 54 41 31 4 29 45 31 44 45 50 24 44 10 48 45 17 16 40 63 32 61 46 62 47 42 32 35 31 52 47 48 34 55 39 18 67 51 29 58 69 44 67 57 29 33 43 42 48 63 59 43 64 55 63 13 7 52 49 44 36 61 53 13 3 44 16 48 41 46 49 64 44 37 47 17 56 2 11 36 33 10 46 61 64 3 51 48 8 43 4 56 36 7 52 59 21 9 35 31 46 33 30 19 34 25 68 5 60 52 28 15 38 65 53 54 60 40 37 61 62 10 73 9 41 36 43 45 24 46 54 51 10 45 69 50 13 53 14 52 27 21 47 55 17 30 55 31 28 29 25 46 37 50 34 24 31 52 51 25 20 37 31 37 53 51 36 27 45 26 63 28 34 8 39 18 53 16 29 54 53 41 48 55 30 12 14 38 32 25 30 36 20 57 26 61 12 53 61 43 25 56 51 62 49 40 21 67 29 57 54 56 42 66 45 27 50 54 36 48 20 30 44 51 41 40 49 64 47 20 37 44 54 57 52 13 16 51 68 46 29 56 7 42 18 68 6 5 5 39 8 30 52 33 5 54 51 51 48 71 29 49 46 6 56 33 57 50 32 40 0 7 56 41 58 47 2 50 5 9 52 17 58 37 20 34 19 35 10 37 37 21 26 26 36 5 26 50 23 9 56 37 30 49 59 24 45 58 71 38 26 63 46 54 37 60 20 60 56 47 24 54 35 12 53 23 21 22 37 59 53 51 8 52 55 20 47 52 61 40 60 31 22 69 35 35 47 25 50 64 29 66 55 36 51 36 66 29 40 40 16 32 46 64 48 54 28 23 40 45 31 21 3 29 28 65 75 41 56 62 23 46 21 13 33 52 70 19 49 30 45 66 47 19
52 61 8 80 54 56 30 62 63 37 40 8 65 52 16 27 70 46 53 47 26 62 49 32 53 62 24 57 58 53 47 54 28 52 4 57 34 11 54 32 40 64 50 26 7 53 14 50 74 8 55 76 74 48 57 32 43 68 56 31 41 62 25 49 10 19 51 61 26 61 54 12 22 65 46 45 44 48 40 53 69 59 32 41 69 55 16 22 57 66 26 24 8 3 47 53 50 48 63 7 67 54 61 20 29 39 24 55 34 66 25 30 47 69 42 48 34 41 20 19 43 28 35 50 18 22 46 59 45 35 41 37 51 17 37 44 44 58 48 61 26 41 30 32 58 11 49 31 26 36 49 19 56 42 36 9 34 51 37 50 50 50 25 49 16 52 47 22 21 43 65 31 64 49 67 52 48 38 38 35 51 51 47 34 60 44 22 70 54 30 60 73 50 72 61 35 34 44 45 50 66 62 47 69 58 66 12 13 51 55 48 42 64 53 17 5 49 19 54 46 52 52 68 43 42 50 23 60 5 15 39 34 16 52 64 68 6 53 51 10 42 8 58 41 3 54 64 20 14 41 32 52 39 34 18 37 31 72 4 64 58 35 16 43 69 55 57 64 39 43 64 66 16 77 14 47 42 46 48 30 46 53 51 11 51 72 55 19 56 13 58 31 26 53 58 20 29 57 31 32 33 30 50 40 56 33 30 30 57 54 27 25 42 30 38 58 55 38 33 49 32 65 33 37 15 41 24 59 22 30 53 59 41 54 60 34 17 13 38 35 30 32 40 23 62 31 65 15 59 66 45 26 60 54 65 54 42 25 71 28 61 59 58 43 70 48 32 54 58 38 48 22 31 44 54 44 40 48 67 48 22 43 48 53 60 56 18 20 57 72 52 35 60 7 43 25 71 12 6 5 43 12 33 54 32 11 60 56 52 54 74 35 54 50 4 58 38 62 49 35 40 7 0 61 47 63 53 6 52 10 10 53 19 60 43 25 36 25 34 15 39 41 26 29 29 39 11 32 56 29 15 61 39 35 55 64 23 49 61 74 44 32 68 49 56 40 64 25 63 61 52 29 57 36 10 53 22 23 25 42 64 58 53 14 50 57 23 50 57 64 41 64 37 28 72 36 40 48 25 54 68 35 70 58 39 51 43 70 35 45 44 21 34 47 67 49 58 28 26 45 48 34 27 9 32 30 68 78 43 58 66 28 51 28 19 35 57 73 21 52 37 46 70 47 18
62 34 65 28 10 16 43 5 13 53 35 58 30 40 50 42 15 57 15 15 49 17 12 30 9 9 38 28 13 28 54 39 44 50 59 32 48 52 12 30 56 13 22 46 56 41 57 60 23 58 12 27 22 24 27 34 37 27 20 37 29 7 46 20 54 44 40 21 44 15 22 51 40 12 20 49 50 13 58 31 27 25 48 48 19 10 50 41 26 15 42 41 60 59 24 11 20 33 7 58 12 27 20 45 39 23 52 42 38 26 43 38 43 20 30 15 55 25 42 44 55 54 44 32 47 39 16 6 18 37 52 25 30 51 28 18 17 18 15 33 37 34 39 32 16 53 13 31 35 27 50 43 34 38 27 53 27 23 37 14 11 48 46 14 47 13 34 39 41 27 31 54 27 22 14 9 29 30 32 29 56 10 53 50 1 17 39 26 20 44 38 20 13 17 11 30 44 40 30 28 26 28 16 10 20 27 53 50 54 25 17 27 32 56 45 58 18 44 30 16 22 29 11 56 19 33 44 11 58 47 27 41 53 31 30 18 56 35 27 52 57 54 35 21 62 35 9 52 52 31 39 15 29 29 55 34 40 18 57 5 17 34 49 21 14 34 23 19 56 31 27 11 52 25 47 22 31 32 29 35 47 61 51 51 22 28 10 50 29 56 13 30 36 20 28 44 49 31 48 33 31 36 16 24 24 51 35 49 9 32 43 37 20 55 43 5 18 33 31 13 32 32 29 33 49 33 39 25 48 42 55 24 49 20 5 30 45 55 45 31 31 40 25 40 2 31 17 46 30 5 31 44 14 23 25 26 35 37 19 51 19 9 42 39 18 28 31 23 18 36 49 44 41 46 28 30 42 53 26 45 45 25 16 60 28 20 43 42 18 25 20 39 20 62 40 41 23 53 55 61 18 50 37 33 54 53 18 8 38 23 26 32 10 17 58 37 24 1 59 35 47 56 61 0 16 4 32 57 42 51 52 42 45 29 34 37 34 44 54 47 40 23 36 37 36 29 54 31 18 42 51 2 35 27 23 3 55 19 28 28 19 40 9 31 36 30 11 36 35 3 10 32 29 44 57 52 54 42 39 20 4 4 34 51 61 37 42 22 16 24 41 26 38 36 26 41 21 37 48 11 14 28 17 22 31 45 30 18 32 20 26 41 32 46 30 39 15 46 37 16 27 35 36 55 35 39 22 28 33 29 23 34 10 39 48 35 8 26 44 32 33 39 22 50 51
59 28 50 42 14 22 34 19 24 46 21 45 37 40 35 32 29 53 8 1 40 27 6 18 9 21 23 20 21 18 50 40 35 49 46 35 41 38 8 16 50 25 12 36 42 41 44 56 36 43 9 39 35 12 32 24 33 37 15 22 15 15 30 20 41 29 40 29 33 16 25 36 26 25 17 45 46 7 52 21 37 31 40 43 31 16 35 30 30 27 26 30 45 44 12 14 10 22 17 45 26 29 27 33 29 13 41 43 30 35 32 22 40 32 16 2 48 9 30 31 50 44 37 21 32 25 9 13 11 30 47 11 19 36 19 10 8 15 1 38 22 20 29 16 14 39 3 19 21 11 47 29 36 34 12 38 13 13 22 3 6 46 35 3 32 16 32 25 26 23 38 45 35 22 26 8 17 14 25 19 54 9 49 43 15 6 25 37 24 35 41 34 4 31 21 15 37 37 28 29 34 34 13 25 27 36 41 35 51 17 14 12 38 54 31 44 7 32 21 2 13 30 26 51 9 32 29 21 43 33 20 34 37 21 37 30 42 36 28 38 51 39 38 9 48 37 22 41 37 17 30 7 14 19 44 27 25 32 43 20 14 19 37 6 28 36 28 29 50 18 35 25 37 39 33 10 17 30 28 20 44 58 49 38 12 39 9 34 32 44 13 18 21 12 33 31 40 34 39 23 20 20 16 16 18 43 19 40 11 34 33 22 10 46 37 13 23 27 15 12 17 39 15 26 34 28 24 20 32 33 53 19 44 13 17 20 30 43 39 22 18 31 17 28 18 16 28 33 23 21 28 34 23 26 33 18 31 24 32 42 27 13 43 35 31 27 19 25 25 30 46 33 32 42 31 27 38 50 36 43 34 11 13 57 33 25 29 29 14 36 11 24 28 47 37 25 35 38 41 46 7 36 28 35 46 38 17 10 38 15 38 17 8 17 44 39 9 17 55 27 42 41 47 16 0 19 22 43 41 37 38 42 32 34 21 22 27 29 47 33 34 15 22 26 25 23 39 16 14 27 36 16 30 13 15 18 44 19 34 39 4 25 25 30 38 25 23 22 40 15 6 19 33 38 44 50 43 31 28 7 20 13 34 36 57 39 31 22 13 32 37 34 23 21 37 35 9 35 38 16 28 13 31 28 25 44 16 32 16 5 23 26 24 43 38 38 23 37 26 3 26 26 21 40 25 31 33 41 29 34 33 20 6 23 33 27 11 38 33 32 17 37 33 47 40
60 38 67 24 10 14 43 1 10 52 39 59 26 38 52 42 11 56 19 18 50 14 15 31 11 5 40 32 11 32 52 37 45 48 61 29 48 55 16 32 55 9 26 46 58 39 58 58 19 60 16 23 18 28 25 34 35 24 24 40 33 11 49 19 55 46 39 18 44 19 20 53 43 8 20 48 49 15 57 35 23 22 48 47 15 9 53 43 23 11 44 42 62 60 28 11 24 37 10 60 8 25 17 46 39 24 52 40 38 22 43 41 41 16 34 18 55 28 44 45 54 54 44 36 50 42 17 10 19 36 51 27 34 54 28 19 19 22 19 30 39 38 39 34 20 56 16 33 37 29 48 44 31 37 30 55 30 27 40 17 14 46 46 17 49 12 32 41 43 27 27 54 24 21 10 12 33 33 31 30 55 12 51 50 5 19 41 23 18 44 35 16 15 13 8 33 44 39 29 26 22 25 17 7 18 24 55 52 52 29 17 30 29 55 46 60 22 45 34 19 26 27 7 55 21 31 47 8 60 48 27 41 55 35 27 14 58 33 26 54 56 56 33 22 64 33 5 52 55 35 39 19 32 30 56 33 44 14 59 2 21 37 50 24 10 32 20 16 55 35 24 7 54 21 49 26 35 31 28 38 45 59 50 53 26 24 14 52 26 57 17 32 38 24 25 45 49 28 47 33 32 39 15 24 28 51 37 48 13 30 43 39 22 54 42 9 16 33 34 14 35 29 31 33 51 32 41 29 51 42 53 28 48 24 4 31 47 56 44 31 33 40 25 41 2 34 13 48 34 5 29 44 10 21 22 30 34 38 15 51 15 13 39 38 14 27 32 21 15 36 48 45 41 44 26 29 41 52 23 44 46 29 16 58 25 18 45 43 22 21 24 42 17 64 39 44 19 55 57 63 20 51 37 31 54 55 22 12 36 27 22 35 14 17 60 34 26 5 58 35 46 58 63 4 19 0 36 59 40 53 53 39 46 26 38 39 34 47 54 48 39 23 38 37 37 29 56 33 22 45 54 6 35 29 27 5 55 19 25 24 22 44 6 29 34 30 7 38 32 7 14 34 27 44 58 50 54 43 40 22 3 8 31 53 59 34 43 20 20 21 40 23 41 39 22 41 23 35 48 10 10 30 13 19 30 43 33 14 35 23 26 43 33 44 26 38 13 46 38 19 25 35 39 57 35 40 18 24 32 27 20 35 13 42 51 35 12 22 45 30 36 37 18 48 52
78 9 53 59 34 42 51 36 44 64 13 54 58 61 38 48 46 72 18 23 56 47 26 34 28 39 34 6 41 4 70 61 52 69 53 56 59 43 20 29 69 43 11 52 47 62 56 76 54 47 21 58 53 11 53 42 54 57 12 23 13 26 30 41 51 35 61 49 49 19 47 42 33 43 38 65 66 28 70 1 57 52 57 62 50 36 38 44 52 46 28 45 48 51 11 34 13 6 27 54 43 51 48 46 46 33 57 64 49 55 48 24 61 51 13 23 65 17 42 43 69 60 56 3 36 34 31 26 33 49 66 27 3 37 38 31 30 15 22 59 30 13 47 24 17 43 23 34 33 23 68 39 58 55 22 44 27 10 16 21 26 67 51 22 38 37 53 35 34 44 59 62 55 44 45 27 7 17 45 37 74 29 69 61 32 27 36 57 45 52 63 51 24 48 41 21 55 58 49 50 55 55 34 41 48 56 51 41 72 8 36 15 59 75 41 49 16 44 3 23 11 52 42 70 30 54 31 41 49 43 40 52 39 2 58 49 48 57 50 47 70 46 60 29 53 58 40 55 40 13 49 18 17 37 56 47 22 49 50 36 16 19 48 19 45 57 49 49 68 11 56 43 38 56 41 13 12 51 49 25 64 78 70 48 11 59 22 35 54 55 20 33 30 12 54 44 57 56 57 40 38 23 37 37 8 61 25 58 24 55 49 31 31 62 56 28 44 47 23 33 24 60 31 45 39 49 31 10 33 50 73 10 63 13 34 38 38 54 58 41 31 49 37 41 34 26 48 43 7 35 49 50 43 48 54 7 51 37 51 58 47 24 65 55 49 49 35 47 45 50 67 47 50 62 52 48 57 70 56 64 48 15 35 77 54 46 39 40 15 55 13 19 48 50 57 29 54 42 48 51 28 44 46 56 63 43 16 25 60 10 57 20 23 39 51 61 25 32 75 46 61 47 53 32 22 36 0 48 62 44 47 63 45 56 10 33 46 28 64 41 54 35 34 43 42 43 43 27 14 25 39 31 50 27 10 32 59 40 55 58 22 22 40 51 60 45 42 33 61 30 25 32 55 56 54 71 57 45 43 27 35 29 56 40 77 61 45 44 17 53 57 54 17 27 57 54 29 57 53 36 46 25 49 49 45 65 12 50 20 17 44 36 43 63 58 59 43 53 41 25 47 45 28 45 43 48 53 59 50 55 53 32 26 26 35 47 25 57 47 54 17 57 52 67 53
55 56 8 78 51 54 30 58 60 39 35 12 63 52 11 26 68 48 48 43 28 60 46 30 49 59 20 51 55 47 49 54 28 53 8 56 36 6 50 28 42 62 45 27 1 53 17 52 72 4 51 74 71 43 56 30 43 66 51 25 37 58 19 47 12 14 51 59 25 56 52 7 18 63 44 46 46 44 43 48 67 58 33 42 66 52 11 21 56 64 21 23 5 5 42 50 45 43 59 11 64 52 59 19 28 36 26 55 33 65 25 24 47 67 37 44 36 36 19 17 45 30 35 45 12 18 43 55 42 35 43 33 46 11 34 41 41 53 44 60 22 36 29 27 54 6 45 28 23 32 50 16 56 42 32 5 30 46 32 45 47 51 25 45 11 50 46 19 17 41 64 33 63 47 64 49 42 33 37 32 52 48 49 36 56 41 19 68 52 30 60 71 46 69 58 30 34 44 44 49 64 60 44 65 56 64 14 8 53 50 45 37 62 55 15 1 45 17 49 42 47 51 65 45 39 49 18 57 2 13 37 34 11 47 63 66 3 52 50 9 44 5 57 37 6 53 61 22 9 35 32 47 34 32 20 36 26 69 5 61 54 30 16 39 66 54 55 61 41 38 62 63 10 75 10 42 36 45 46 25 47 55 52 11 46 70 51 13 55 15 54 28 22 48 57 18 31 56 32 30 30 26 47 38 51 34 25 32 53 53 27 21 39 32 39 55 53 37 28 46 27 64 29 35 10 40 19 54 16 30 55 54 42 49 56 32 13 15 39 33 27 32 37 21 58 27 63 14 54 62 44 26 58 53 63 50 41 22 68 29 58 55 58 43 68 47 29 52 56 38 49 22 31 45 53 43 41 50 65 49 21 38 45 55 59 54 15 18 52 70 47 30 58 5 44 20 69 7 5 4 40 9 32 53 34 5 55 52 52 49 72 30 50 47 6 58 35 58 51 34 41 2 6 57 43 59 48 0 52 7 10 53 18 59 38 21 35 20 36 12 38 38 22 27 27 38 6 27 51 24 10 58 38 31 50 60 25 46 60 72 39 27 65 48 56 39 61 22 62 57 48 26 56 36 12 54 24 22 24 38 61 54 52 9 53 56 22 48 53 62 41 62 32 23 70 36 37 48 26 51 65 31 67 57 37 52 38 68 30 41 42 17 33 47 65 49 56 29 24 42 47 33 22 3 30 30 66 76 42 57 64 24 47 23 14 34 53 71 21 51 32 46 68 48 19
21 69 59 41 33 26 23 39 32 20 57 44 21 2 52 26 39 19 48 40 27 28 38 31 39 35 40 61 30 59 15 5 24 9 48 13 19 50 46 38 21 34 52 26 51 3 39 20 37 54 47 37 38 52 17 26 11 26 55 51 52 48 55 23 42 46 2 24 27 54 21 47 44 36 25 11 12 36 22 62 28 20 21 13 34 32 53 32 18 34 51 30 56 50 52 33 51 61 48 45 38 16 25 33 25 30 29 4 20 26 27 50 5 34 53 41 24 46 35 36 18 27 17 61 50 42 33 45 30 19 16 37 60 54 26 32 34 54 42 15 43 56 24 44 53 51 41 33 38 42 9 39 10 11 43 49 38 54 56 43 39 7 27 42 46 30 10 39 42 19 21 25 23 20 36 39 56 49 19 27 16 37 14 20 41 36 38 29 22 22 11 39 40 39 33 46 18 8 14 14 25 19 30 42 24 24 40 47 13 58 28 49 18 15 39 52 48 35 61 40 54 13 40 19 33 10 52 32 51 40 23 18 55 61 20 34 49 8 15 44 20 47 11 34 54 8 37 33 53 53 21 47 49 28 36 19 54 39 49 42 54 50 37 44 39 10 20 28 22 55 22 37 54 40 44 50 54 12 14 46 8 20 11 42 53 30 45 54 15 40 50 33 42 53 17 34 24 14 22 27 28 49 27 26 58 22 45 23 46 11 25 42 32 27 14 43 24 18 44 32 45 20 35 20 49 15 44 60 54 22 13 59 14 53 38 27 44 40 14 24 36 21 26 33 41 42 31 39 64 44 14 26 31 19 24 59 13 35 36 25 26 47 7 10 37 15 31 20 25 15 10 31 21 9 14 15 12 13 26 6 31 49 29 19 19 22 41 37 54 33 52 56 24 56 9 49 33 52 47 55 35 44 22 10 25 51 56 44 5 55 35 49 44 26 48 10 39 43 20 21 14 50 52 42 41 40 62 52 0 46 43 2 34 17 58 40 20 54 23 42 14 28 38 27 27 21 52 41 54 55 53 43 16 37 56 44 32 24 18 33 40 56 42 12 9 19 36 39 15 44 41 36 15 17 43 10 32 30 30 36 42 42 9 51 21 9 31 21 52 25 11 22 57 45 32 16 34 6 27 31 36 41 36 22 19 4 53 36 48 45 19 41 23 7 23 4 28 24 31 39 16 22 44 51 25 23 31 39 13 16 27 37 39 49 53 20 45 34 32 11 51 6 33 11 34
50 53 15 71 45 47 24 52 54 34 32 11 57 46 10 20 61 43 43 37 23 54 40 23 43 53 14 48 49 44 44 48 23 48 10 49 31 5 45 22 37 55 41 22 6 47 15 47 66 9 46 68 65 38 50 24 37 60 47 22 33 52 18 41 8 10 45 52 20 51 46 3 13 56 37 41 40 39 39 44 61 51 28 37 60 46 10 15 49 57 18 17 11 8 37 44 41 40 53 10 58 46 52 13 22 30 21 49 27 58 19 21 41 61 33 38 32 32 12 11 40 25 30 41 10 13 37 49 36 28 38 27 42 11 28 35 35 49 38 54 17 33 23 23 49 7 40 21 17 27 45 10 49 36 27 3 25 41 29 40 41 46 20 39 7 43 40 13 12 35 58 28 56 41 58 43 39 29 31 26 48 42 44 31 51 35 13 62 46 25 53 64 40 63 52 26 29 39 37 43 58 54 38 59 50 58 10 4 48 46 39 32 56 50 8 8 40 11 45 37 43 44 59 40 33 43 15 51 7 6 31 28 12 43 56 59 5 46 43 4 39 3 51 31 11 47 55 17 9 32 26 42 30 25 17 30 23 63 7 55 49 26 11 34 60 48 49 55 36 34 56 57 11 68 5 38 33 39 40 21 42 50 47 6 42 64 45 13 49 13 49 22 17 44 50 12 26 50 27 23 24 22 41 32 47 30 20 27 48 47 21 16 32 28 33 49 46 31 24 40 23 58 23 29 7 34 15 50 15 24 50 50 36 45 50 25 8 12 34 27 21 25 31 15 52 22 56 7 50 56 38 21 52 46 57 46 35 16 62 25 52 50 52 37 62 40 23 45 49 32 44 16 25 40 46 36 35 45 59 43 16 34 39 50 52 47 9 11 48 63 43 27 51 12 38 16 63 8 4 10 34 3 26 47 29 6 51 47 46 44 66 26 44 41 7 52 29 52 46 27 36 5 10 51 37 53 44 7 46 0 5 47 12 53 35 15 29 18 31 5 33 32 16 21 21 31 8 22 47 22 10 52 32 25 45 54 21 40 53 66 34 25 59 41 49 32 55 16 56 52 42 20 49 31 10 49 20 16 17 32 55 48 46 8 48 50 15 42 48 56 35 55 29 18 64 30 31 42 21 45 59 25 61 50 31 46 34 61 26 36 35 11 27 42 59 43 49 24 18 36 40 26 18 6 24 24 60 70 36 51 57 18 42 19 13 28 48 65 15 44 28 40 61 43 15
46 56 17 70 44 46 20 52 53 30 35 8 55 43 14 17 61 39 45 38 19 52 40 23 44 52 16 50 48 46 40 45 19 44 8 47 27 9 46 23 33 55 43 18 10 44 10 43 65 13 47 66 64 41 48 22 34 58 49 25 35 53 22 40 4 13 42 51 16 53 44 8 15 56 36 37 37 39 34 47 59 49 24 33 59 45 15 13 47 57 21 14 14 8 40 43 43 43 54 7 57 44 51 10 19 30 17 46 24 56 16 24 38 60 35 39 27 34 10 9 36 21 26 44 14 15 37 50 35 26 34 28 45 16 27 35 35 51 39 51 19 36 20 25 51 11 41 21 18 29 41 10 47 33 28 8 26 44 32 41 41 42 16 40 10 43 37 14 14 33 55 24 54 39 57 44 41 31 28 25 44 42 39 27 51 35 14 60 44 21 51 64 41 62 51 28 25 35 35 40 56 52 37 59 49 56 5 8 44 48 38 35 54 46 8 10 42 9 48 37 45 42 59 36 33 40 19 50 9 6 30 25 16 46 54 58 7 43 41 1 35 5 48 32 13 44 54 13 14 35 23 44 32 24 12 27 27 62 7 55 51 29 7 36 59 45 47 54 32 37 54 57 15 67 7 40 36 36 38 23 38 46 43 1 44 62 46 17 46 8 50 22 19 46 48 10 21 47 23 22 23 25 40 31 49 26 23 22 49 44 18 18 32 23 29 50 45 29 26 40 25 56 24 27 11 32 17 52 20 21 46 52 33 47 50 24 10 8 30 25 21 22 30 13 52 23 55 6 53 57 36 17 51 44 55 48 32 16 61 21 51 51 49 34 61 38 22 44 48 29 40 13 22 36 44 34 32 40 57 39 12 36 39 46 50 46 9 10 50 62 45 31 50 14 34 19 61 12 5 13 34 4 23 44 25 10 53 48 43 47 64 28 45 40 7 49 30 53 42 25 32 9 10 52 38 53 47 10 43 5 0 44 9 50 38 17 26 22 27 7 29 31 17 19 19 29 12 24 48 26 14 52 29 26 48 55 17 39 51 64 35 28 59 39 47 30 54 17 53 52 43 20 47 27 7 45 15 14 15 33 55 49 43 12 44 47 13 40 50 54 32 54 33 21 62 27 31 39 17 44 58 27 60 49 29 43 36 60 28 38 34 12 25 38 57 40 48 20 16 37 38 24 20 10 22 21 59 69 33 49 56 19 42 22 17 26 49 63 12 42 31 37 60 39 11
22 69 60 40 33 26 24 39 32 21 57 46 20 2 53 27 39 20 48 41 28 28 38 32 39 35 41 62 29 59 16 3 26 10 49 12 20 51 47 38 22 33 53 27 53 1 40 21 37 56 47 36 37 52 16 27 11 25 55 51 52 48 56 23 43 47 2 23 28 54 20 49 44 36 25 13 13 36 23 62 27 19 23 15 33 32 54 33 17 34 52 31 57 51 52 32 51 61 48 47 37 15 25 35 26 31 31 3 21 24 29 51 7 33 53 41 25 47 36 37 19 29 19 61 51 42 33 45 31 20 17 38 60 55 26 32 34 54 42 14 44 57 25 45 53 53 41 34 39 43 11 40 10 12 44 50 39 54 57 43 39 7 29 42 47 30 10 41 44 19 20 27 21 20 35 39 57 49 20 28 17 37 15 22 41 36 40 28 22 23 9 38 40 38 33 46 20 9 15 14 23 19 30 41 23 23 41 48 14 58 28 50 17 16 40 53 48 36 62 40 54 13 40 20 34 10 53 32 52 41 24 19 56 61 19 33 50 7 15 45 22 49 10 34 56 7 37 34 54 54 22 48 50 29 37 20 55 38 50 41 54 51 38 45 38 9 20 27 23 56 20 37 55 39 45 50 54 13 14 47 9 21 12 43 53 29 45 55 14 42 50 34 43 53 16 35 25 13 24 28 29 49 27 27 59 23 46 24 46 10 27 43 32 28 15 43 24 19 45 32 46 19 35 21 50 16 45 60 56 24 14 60 15 53 37 28 45 41 15 25 37 22 26 34 40 42 30 41 64 43 14 27 30 19 24 59 14 35 35 27 26 47 5 11 36 15 32 19 25 17 11 32 22 10 14 16 13 15 25 7 32 49 30 20 18 22 42 38 54 32 52 57 24 58 10 50 33 53 48 56 35 45 23 9 26 52 56 44 4 56 34 49 44 26 49 9 39 42 20 21 15 52 53 42 42 39 63 53 2 47 44 0 36 17 58 41 21 55 25 43 15 28 39 28 29 21 54 41 54 56 54 43 16 38 56 44 33 24 18 32 41 56 41 12 7 19 35 40 14 44 41 37 14 18 44 11 34 31 31 37 42 42 9 52 22 8 32 21 52 24 13 22 58 46 31 18 35 7 29 31 36 41 35 22 20 4 54 35 48 46 20 42 24 9 22 4 27 25 32 39 16 22 45 52 25 24 30 38 14 15 26 38 39 50 54 20 45 33 33 10 52 8 32 12 35
40 53 26 62 37 38 13 45 45 24 34 14 46 35 19 9 53 33 40 33 13 44 34 16 37 45 12 47 40 44 33 37 12 36 16 38 20 16 40 18 28 47 39 11 18 36 12 37 56 20 41 58 56 37 39 13 25 49 44 25 33 47 24 31 10 14 34 42 8 48 36 14 14 48 28 30 30 32 29 45 51 41 17 26 51 38 20 4 39 49 22 5 22 17 36 36 38 41 48 14 50 35 42 1 11 22 13 38 16 48 8 24 30 51 33 34 22 30 4 3 30 17 18 43 17 13 30 44 28 17 27 23 43 21 19 27 28 46 33 43 16 34 12 22 46 18 35 15 13 24 34 7 38 25 25 15 21 40 32 35 35 35 9 35 13 35 29 10 13 25 47 19 46 31 49 37 39 28 20 17 37 35 33 20 44 29 10 51 36 13 42 55 35 54 43 25 17 27 26 32 47 43 30 52 40 47 9 13 37 44 30 32 45 39 6 18 37 2 45 32 41 34 51 30 26 31 21 43 17 6 21 17 22 44 45 50 15 35 33 10 30 13 40 25 21 36 47 10 20 33 14 39 29 17 12 19 27 54 15 48 46 27 5 31 51 37 39 45 27 35 45 49 21 59 11 36 34 27 29 21 31 40 36 8 40 54 41 21 38 12 45 16 16 41 40 1 15 39 16 14 15 23 32 23 45 20 21 16 43 35 10 15 25 19 22 43 37 20 22 32 22 47 17 18 16 23 15 48 23 13 39 48 26 42 43 16 11 11 22 17 16 14 22 6 45 20 47 5 50 50 27 9 43 36 46 45 24 10 53 15 43 45 40 25 53 30 15 35 40 20 33 4 14 29 35 25 24 34 49 32 5 32 31 40 42 37 9 5 45 54 40 31 42 23 26 20 53 19 14 21 28 10 14 36 20 17 48 42 35 43 56 26 40 32 15 40 25 46 36 16 25 17 19 45 32 46 45 18 34 12 9 36 0 42 37 13 18 24 22 9 21 23 12 10 10 21 19 19 44 27 20 46 21 21 44 48 14 31 43 56 30 29 51 30 38 22 47 13 44 45 37 15 39 19 13 38 13 5 7 27 48 42 34 18 38 39 4 32 45 46 24 45 32 19 54 19 25 31 10 37 50 22 52 40 20 35 34 52 26 33 25 10 16 31 48 32 40 13 8 31 30 15 18 17 13 12 50 60 25 40 47 14 36 22 20 17 43 55 3 33 29 29 52 32 8
38 60 67 24 22 14 32 25 17 35 54 54 5 15 56 34 23 36 39 33 39 13 30 32 29 21 42 53 16 52 32 14 35 26 57 6 33 56 37 37 37 19 45 36 58 16 50 37 20 61 37 20 21 46 4 30 19 9 46 50 48 35 56 15 51 49 17 8 36 43 10 53 46 21 20 28 29 28 38 55 11 4 34 29 17 21 57 39 4 18 52 37 63 58 45 22 43 55 35 55 22 7 10 41 32 28 41 16 27 9 36 50 21 17 49 33 39 42 41 42 35 41 30 55 53 45 26 34 25 26 32 35 53 58 26 27 28 44 34 5 44 53 31 43 43 57 33 34 40 40 26 44 7 21 41 55 37 46 54 35 30 24 37 34 51 19 15 43 46 18 5 39 6 14 20 30 51 45 23 28 33 27 31 35 28 30 42 12 11 33 10 22 32 22 19 44 30 21 16 10 8 2 23 26 9 7 49 53 30 50 21 45 4 32 45 60 40 42 54 33 46 9 25 36 28 12 54 18 59 47 23 28 59 54 4 17 57 11 10 51 37 55 8 30 63 11 23 44 58 50 29 39 46 29 47 24 54 22 57 27 43 49 45 39 22 9 7 12 38 51 5 22 58 23 50 43 50 15 13 46 25 37 28 50 45 13 35 57 5 51 39 34 43 44 3 41 36 5 35 30 30 48 19 24 50 36 45 35 35 8 34 44 28 41 26 32 12 23 43 23 44 6 34 24 54 20 46 51 57 32 30 50 30 45 25 29 48 50 28 26 37 29 24 38 27 41 15 46 56 30 15 35 16 8 7 50 20 38 19 38 11 36 14 21 20 13 32 9 11 23 27 39 30 25 7 17 25 30 9 23 39 44 22 36 2 10 46 42 44 16 44 55 9 64 21 50 16 58 55 62 30 50 28 9 39 56 45 34 14 47 18 47 35 18 57 9 36 30 37 26 29 58 60 29 34 26 56 59 17 53 50 17 42 0 54 42 25 55 38 48 24 25 40 32 32 22 58 40 44 55 57 30 22 36 48 31 44 16 1 16 35 55 27 13 10 21 20 41 6 31 32 37 4 29 53 27 44 38 36 32 28 30 10 56 38 10 38 14 42 8 24 5 55 46 15 27 31 15 38 20 20 39 19 8 22 21 49 19 46 39 18 44 27 24 7 17 14 35 35 32 13 27 45 57 29 31 14 22 18 3 10 38 30 50 56 25 34 17 40 10 49 19 16 28 44
72 19 43 61 34 42 44 37 44 57 3 45 57 57 28 40 48 65 20 22 48 47 26 28 28 41 25 15 41 11 64 57 44 64 44 53 52 33 23 22 61 45 13 44 37 58 47 69 56 37 23 59 55 11 51 35 48 57 18 13 7 30 20 39 41 26 57 49 42 25 45 32 24 44 35 59 60 27 63 11 57 51 50 56 51 36 28 35 50 47 18 37 38 41 10 34 14 6 32 44 45 48 48 37 39 28 48 60 42 55 40 14 56 52 6 22 57 13 34 34 62 52 49 7 26 25 29 29 30 42 59 21 9 27 33 28 27 21 21 57 21 3 40 16 22 33 23 27 25 16 62 31 55 49 15 34 20 13 6 21 26 61 43 22 29 36 49 27 25 40 58 54 54 41 46 27 7 10 40 31 68 29 63 54 34 25 27 57 44 45 60 53 24 50 41 13 48 52 44 47 55 54 32 44 46 56 42 31 66 14 34 10 58 69 32 39 17 35 12 22 14 49 45 63 26 50 21 41 39 34 35 45 29 10 57 50 38 54 47 37 63 36 57 25 43 55 41 46 30 5 42 19 9 31 48 41 12 51 40 39 22 10 39 15 47 54 48 49 61 3 55 44 28 58 31 12 5 46 45 16 58 72 64 38 13 59 25 25 51 45 24 26 21 16 52 36 49 53 49 34 32 14 36 32 15 54 16 50 26 52 42 22 27 54 50 30 43 41 15 31 15 59 24 39 29 43 22 18 23 43 68 18 56 17 36 32 28 44 52 35 24 43 32 33 36 18 48 34 17 39 45 42 43 46 54 14 46 29 52 50 47 27 61 50 50 45 29 45 45 44 61 39 43 57 49 43 51 64 56 58 40 10 33 71 53 45 30 32 20 56 15 9 48 40 51 19 55 32 39 41 25 34 40 53 55 33 23 27 56 15 58 11 24 37 41 58 19 35 68 40 55 37 43 34 21 38 10 38 58 35 38 58 37 54 0 24 40 18 56 32 48 31 25 36 35 38 33 19 19 15 29 34 44 21 15 35 50 38 54 59 20 12 43 48 56 40 43 25 59 33 25 25 52 50 44 65 49 37 35 23 38 31 52 30 70 57 37 41 22 53 51 53 7 18 57 47 24 52 45 36 47 18 50 48 39 60 5 51 12 16 39 27 37 58 57 55 43 46 33 22 44 39 19 35 36 41 53 61 45 53 53 25 26 16 25 40 27 58 38 50 8 52 53 61 44
50 41 29 58 30 34 21 38 40 34 22 23 46 40 15 17 47 43 29 23 25 40 25 10 29 39 1 35 35 31 42 41 21 44 24 40 30 16 30 7 39 42 27 21 20 41 24 47 52 22 31 55 51 25 39 15 30 48 33 13 20 37 15 28 20 8 39 40 18 37 34 14 5 42 24 38 38 24 40 32 49 40 27 34 47 32 16 12 38 44 12 13 24 23 24 30 27 29 38 24 44 35 40 14 17 16 25 43 21 46 17 12 36 47 21 24 34 18 10 10 40 29 27 30 12 3 23 34 22 22 37 13 30 17 16 20 20 34 23 44 4 22 18 9 35 18 25 8 3 12 41 8 40 30 13 17 10 28 20 25 26 41 20 25 10 29 32 3 5 24 47 31 45 29 44 28 26 16 22 14 46 27 42 31 36 20 4 49 34 22 45 51 25 49 38 12 26 33 28 33 46 43 24 45 38 46 20 14 45 32 25 19 46 48 10 22 26 12 33 22 29 34 45 40 18 34 13 37 22 11 19 24 18 31 45 46 20 38 33 17 40 18 42 17 26 39 40 22 17 20 20 28 17 13 24 22 16 49 21 40 35 15 16 20 46 39 37 42 38 22 44 43 17 55 11 24 21 30 30 9 38 50 44 16 28 52 31 16 38 23 34 9 3 30 40 12 26 40 26 13 13 11 28 19 33 30 8 27 33 37 19 3 18 31 29 34 34 22 10 26 9 47 9 20 13 26 4 36 16 21 47 36 35 31 36 14 9 22 31 17 6 21 18 10 38 8 43 12 37 42 29 19 38 35 45 33 28 6 49 27 39 35 45 31 48 30 10 34 37 25 40 15 21 36 36 27 31 43 47 38 16 20 25 49 41 35 8 8 33 51 29 19 39 26 32 10 50 17 19 25 19 14 19 38 32 17 36 32 39 31 53 14 30 28 22 43 14 38 46 20 33 20 25 37 22 39 33 21 40 15 17 41 13 42 24 0 21 15 33 11 27 19 2 14 13 21 18 7 33 16 16 37 25 10 32 39 27 27 42 53 19 17 44 32 41 23 41 1 46 37 27 5 39 28 23 45 25 14 12 17 40 34 37 15 48 42 13 30 34 44 30 44 20 7 51 26 16 34 22 31 45 11 47 38 22 41 22 48 13 22 25 5 17 38 48 37 36 23 10 21 30 19 5 19 16 19 47 57 28 40 45 4 27 10 14 21 33 52 15 35 16 34 48 40 21
33 53 43 45 25 23 10 33 30 20 39 30 29 19 33 10 38 27 34 26 17 28 25 13 27 31 20 46 25 43 25 21 12 25 33 21 15 32 34 19 24 32 37 13 34 20 27 30 40 37 35 42 40 36 22 6 10 32 41 32 34 38 36 16 27 27 19 26 12 41 19 30 25 33 14 20 20 23 26 45 34 24 15 17 35 25 34 14 22 33 32 13 39 34 35 24 35 44 38 31 35 18 26 17 8 14 19 22 4 31 12 31 16 35 35 27 22 29 17 18 24 21 11 44 31 23 19 35 17 4 20 20 43 35 8 18 19 41 27 26 24 38 7 25 40 34 27 14 19 24 22 20 21 10 25 31 20 38 37 29 26 22 14 28 27 22 12 21 24 8 30 21 29 15 34 28 40 31 3 9 28 25 24 17 33 21 20 35 20 11 25 40 27 39 29 27 11 13 9 15 30 26 18 38 24 30 25 29 27 42 18 32 28 29 21 35 33 18 45 25 38 16 37 25 18 14 32 28 35 23 8 8 36 44 28 35 32 18 15 27 25 31 23 18 39 19 33 21 35 35 6 33 31 10 24 1 35 39 33 36 40 32 21 28 37 20 22 29 24 37 28 34 35 43 26 34 36 10 12 27 19 32 25 25 37 37 33 35 20 27 38 14 23 38 23 17 15 22 15 8 9 30 19 11 43 18 26 16 34 18 11 23 17 22 11 33 21 3 26 21 26 30 16 1 31 6 25 45 36 9 28 45 18 39 30 9 25 26 13 5 17 7 10 14 34 23 31 22 49 37 10 12 28 19 30 43 7 16 37 18 26 36 25 11 37 13 12 19 24 5 22 15 8 17 18 8 12 25 32 19 15 32 19 32 25 21 22 19 40 37 37 37 25 40 12 30 37 34 31 38 20 26 4 19 21 33 43 33 19 40 39 30 32 18 33 24 22 35 29 2 16 34 36 34 27 34 46 35 20 29 26 21 18 25 40 21 0 35 21 24 8 13 19 8 9 5 35 22 40 36 34 35 5 19 41 37 22 16 25 39 25 37 38 13 21 5 32 20 27 35 28 17 21 12 29 26 22 13 12 20 35 32 18 33 32 22 14 16 39 29 11 28 38 26 37 9 18 15 15 24 35 22 36 24 4 21 36 37 29 30 9 22 4 18 31 17 25 13 12 24 13 3 25 34 6 7 34 44 8 23 30 18 27 30 34 1 34 39 15 16 33 14 35 21 21
63 37 25 69 40 46 34 47 51 47 15 28 59 54 10 30 57 56 32 29 36 52 33 24 37 49 15 33 46 29 56 54 34 58 26 53 43 15 35 18 51 52 27 34 19 55 32 60 63 19 36 66 62 25 52 29 44 60 33 8 19 43 2 41 25 10 53 52 31 39 47 15 11 52 37 51 52 33 52 29 61 53 40 48 57 42 10 24 51 54 4 26 20 24 24 40 28 24 44 28 53 49 52 25 30 28 36 57 35 58 30 7 50 58 18 30 46 20 22 21 53 40 40 25 9 13 33 40 33 36 50 22 27 9 30 31 31 36 29 57 12 17 31 14 37 15 32 22 16 18 55 17 54 44 18 17 19 28 12 31 34 55 32 31 13 40 46 15 12 38 60 43 57 42 54 36 24 16 35 28 60 36 55 43 44 29 16 61 46 36 59 61 32 59 48 15 39 47 42 46 58 56 35 54 50 59 27 14 59 31 37 20 59 61 19 21 29 22 30 29 29 48 54 53 29 48 3 48 21 19 33 38 11 28 58 57 21 52 46 21 53 19 56 27 25 53 50 33 12 17 34 32 17 27 33 36 6 59 23 49 37 12 25 24 55 53 50 54 50 19 57 53 10 66 15 25 18 44 44 10 52 63 57 23 28 64 36 7 51 30 38 22 13 31 53 23 39 53 39 28 27 9 39 32 32 43 11 39 38 51 32 12 29 42 43 41 46 37 14 36 13 60 21 35 12 39 11 35 5 34 61 35 48 32 45 28 13 29 44 31 19 34 31 23 46 15 54 20 35 49 43 32 49 47 57 31 42 20 59 39 51 40 58 45 58 44 24 46 48 39 54 27 35 50 49 41 44 56 59 52 28 21 36 63 54 47 16 19 35 62 30 11 51 22 46 5 61 14 22 23 29 18 33 52 44 15 38 38 52 31 64 13 35 39 24 57 22 45 59 34 47 19 25 44 29 47 28 20 54 18 22 55 24 55 18 15 35 0 45 17 41 31 17 28 27 35 15 16 34 5 11 44 39 20 32 47 37 40 55 65 26 8 53 46 55 37 51 16 59 44 34 19 52 41 28 59 35 26 25 27 48 41 51 12 61 56 26 42 36 56 44 56 13 10 63 40 26 49 34 41 55 18 58 50 36 55 19 58 13 25 38 14 32 51 60 51 47 35 24 29 43 33 11 17 30 33 59 68 41 54 57 18 34 6 7 35 39 64 26 49 13 48 60 53 30
20 72 42 62 45 42 14 53 49 4 54 26 42 25 40 17 57 12 54 46 9 46 46 30 48 50 33 65 45 62 14 27 13 20 30 33 6 35 54 35 7 51 56 13 36 25 20 17 57 39 55 57 57 55 36 23 20 47 60 45 52 58 46 36 25 35 24 42 15 62 37 34 35 53 35 13 13 44 8 63 49 39 7 10 52 45 41 22 37 52 43 20 40 32 54 44 55 61 59 27 55 33 43 21 19 34 11 27 17 46 17 45 19 53 52 47 1 47 24 25 10 6 11 62 39 34 40 55 38 18 9 38 61 42 28 38 40 61 48 37 37 54 18 41 60 37 48 30 32 42 17 28 32 18 43 34 38 57 52 49 47 20 14 48 34 42 24 31 34 28 43 3 43 34 53 48 58 47 23 28 18 46 14 4 53 41 30 50 38 12 34 58 47 57 49 44 11 18 26 30 45 40 38 58 41 45 23 34 19 62 38 50 40 20 27 36 52 23 64 45 57 31 57 9 38 27 43 48 35 27 28 14 42 63 41 52 33 28 31 28 9 32 33 38 37 29 52 15 40 52 17 53 48 29 17 21 49 57 32 56 61 47 21 47 56 30 38 46 6 54 42 54 41 60 32 53 53 25 28 42 16 20 18 26 57 51 53 42 34 22 58 31 36 57 37 22 8 34 8 25 27 44 39 32 62 4 41 7 55 31 15 35 37 5 13 54 40 22 42 41 42 42 34 22 37 22 36 65 44 14 20 65 10 58 51 27 33 21 11 25 33 16 31 24 54 39 49 26 68 58 26 15 47 36 45 62 21 28 55 7 44 57 30 18 55 29 29 36 42 19 16 19 15 15 33 26 14 15 46 18 18 50 39 19 39 39 30 27 60 53 56 52 42 39 18 41 53 39 31 37 40 30 19 30 2 36 63 54 26 60 55 46 52 38 30 32 40 55 16 20 10 35 34 54 47 54 64 36 23 31 27 25 22 38 56 33 21 45 0 30 16 33 32 21 23 26 38 38 60 48 40 55 20 37 61 57 12 36 39 54 44 50 57 27 31 25 52 32 38 55 49 32 35 10 25 21 12 20 22 40 56 53 29 38 18 31 20 35 59 44 15 43 53 40 52 14 38 23 12 44 54 40 54 40 24 22 53 54 45 49 29 32 23 17 44 22 44 11 24 44 30 21 38 36 22 17 50 60 23 36 46 32 48 43 42 20 55 54 19 29 49 20 52 15 17
48 50 20 66 40 42 20 48 49 32 29 14 52 42 11 17 56 41 39 33 21 49 35 18 39 48 10 44 44 40 41 44 20 45 14 45 28 8 40 17 36 50 37 19 11 43 16 45 61 14 41 63 60 35 45 19 33 55 43 19 29 47 17 36 10 7 41 47 17 47 41 6 9 51 32 38 38 34 37 41 56 47 25 34 55 41 12 11 45 52 15 13 15 13 34 39 36 37 49 14 53 41 47 10 18 25 20 45 23 53 15 18 38 56 29 34 30 27 8 7 38 24 27 38 9 8 32 44 31 24 35 23 39 13 23 30 30 45 33 49 13 30 19 19 45 10 35 16 12 23 42 5 45 32 23 8 20 38 26 35 36 43 17 35 5 38 36 8 8 30 53 27 52 36 53 38 35 25 26 21 45 37 41 28 46 30 8 57 41 22 49 59 35 58 47 22 26 35 33 38 53 49 33 54 45 53 11 6 45 42 34 29 51 47 4 13 36 7 42 32 39 40 54 38 28 38 14 46 12 3 26 25 14 40 52 54 10 42 39 6 37 8 47 26 16 43 50 16 11 29 22 38 26 20 17 25 21 58 11 50 45 23 9 30 55 44 44 50 35 31 51 52 13 63 2 34 30 34 35 17 38 48 44 7 38 59 41 13 44 14 44 17 12 39 46 8 23 45 24 19 19 19 36 27 43 28 17 24 43 42 17 11 27 26 30 44 42 26 20 35 19 53 18 25 8 30 11 46 15 21 47 46 34 40 45 20 4 13 31 22 16 22 26 10 47 18 51 4 47 51 34 18 47 41 52 42 31 11 57 23 47 45 48 33 57 36 18 40 44 27 41 13 22 36 42 32 32 42 54 40 13 30 34 48 48 42 4 6 44 59 38 25 47 17 34 14 58 11 9 15 29 4 21 43 28 9 47 42 42 41 61 22 40 36 12 47 24 48 44 23 33 10 15 47 33 48 41 12 42 5 7 43 9 48 32 11 24 17 30 0 29 27 11 17 16 27 11 18 43 20 12 47 28 20 42 49 20 35 49 61 29 23 54 37 45 28 50 11 51 47 37 15 45 28 13 46 19 13 13 27 50 44 41 9 46 46 12 37 44 51 32 51 27 15 59 27 26 38 18 40 54 21 56 45 26 43 30 56 22 32 31 7 22 39 54 39 44 21 13 31 35 22 14 10 19 20 55 65 32 46 52 13 37 16 13 24 43 60 12 40 25 36 56 40 14
25 61 46 47 30 27 9 38 34 14 46 32 29 14 39 13 42 19 42 34 15 31 32 20 34 36 27 54 29 51 17 16 11 17 35 20 10 36 41 26 17 36 44 13 38 15 27 22 43 41 42 43 42 44 22 13 5 33 48 39 42 44 42 21 29 33 13 28 13 48 22 34 31 38 20 12 13 30 19 53 34 25 10 9 38 30 40 19 22 37 38 17 43 37 43 29 43 51 45 32 40 19 28 20 11 22 18 17 7 32 14 38 9 38 43 34 17 37 22 23 17 17 6 52 36 29 26 41 24 6 13 28 51 41 16 25 27 48 35 24 31 46 10 33 47 38 35 22 25 32 15 26 19 4 33 35 28 46 45 37 33 15 14 35 33 27 10 27 30 13 29 16 29 18 38 35 47 38 9 17 20 32 16 12 39 29 26 35 23 9 22 43 34 42 33 35 6 7 11 15 31 26 24 42 26 31 27 34 19 50 24 40 27 22 26 39 40 22 53 33 46 16 42 17 25 13 39 32 38 27 15 5 42 52 28 37 36 15 16 30 18 34 20 25 41 16 38 20 40 43 7 41 39 18 24 8 43 42 35 41 48 39 23 36 41 17 24 32 17 45 28 39 41 45 31 42 44 10 13 35 11 25 17 28 45 37 40 40 20 28 45 22 30 45 22 21 12 20 11 15 17 37 24 19 51 13 34 12 41 17 12 29 24 17 4 40 25 8 33 27 34 29 24 9 36 8 31 53 42 9 21 53 10 46 36 16 31 27 6 13 25 8 18 19 39 30 34 26 56 43 11 13 32 21 30 51 6 22 40 14 29 43 20 5 40 14 20 21 27 4 14 17 8 9 18 10 4 17 32 12 18 40 25 24 25 24 28 24 47 39 45 45 27 43 6 36 39 39 34 41 28 30 9 17 16 37 50 40 14 48 41 38 39 23 35 20 30 41 22 9 9 37 39 40 34 39 54 38 14 33 29 15 21 24 48 27 8 41 16 29 0 20 25 14 15 12 39 30 47 43 40 41 5 27 49 42 20 21 25 40 32 44 43 13 18 10 37 26 25 41 35 24 21 6 30 19 20 17 16 28 41 38 15 38 24 19 18 19 46 30 4 29 46 33 38 3 26 10 15 29 39 30 39 25 10 14 44 40 37 37 14 28 11 11 31 11 29 11 18 31 15 9 32 38 12 10 36 45 8 22 32 25 34 37 40 8 41 40 18 15 40 8 37 14 21
44 42 46 40 14 16 21 22 23 32 30 37 28 27 33 20 30 39 22 14 28 23 13 9 16 22 19 34 18 32 36 27 23 35 39 24 27 34 22 13 36 24 25 24 37 28 35 42 34 39 22 37 34 25 22 12 19 30 29 26 25 26 32 10 33 26 26 22 22 29 16 32 23 25 6 31 32 11 38 34 31 22 26 29 29 15 34 20 21 26 28 19 42 39 24 13 24 34 27 37 27 19 22 23 16 3 29 30 16 28 21 26 26 29 26 15 34 19 21 22 36 32 23 34 30 21 8 23 5 16 32 11 32 35 5 6 7 29 15 28 20 29 17 19 28 35 15 11 16 16 33 23 25 20 17 34 13 27 30 17 14 32 24 16 28 12 18 20 23 9 29 32 27 12 26 16 29 22 11 7 39 14 35 29 22 9 20 31 16 22 30 33 15 31 21 20 23 23 14 17 28 25 7 29 20 28 32 31 37 31 8 22 29 40 24 39 21 23 34 13 27 19 28 37 6 19 30 20 38 26 5 20 36 34 28 28 36 23 17 32 37 34 27 6 43 24 24 30 35 26 17 21 22 7 33 13 30 32 37 25 28 25 27 17 29 24 19 24 36 28 27 26 35 37 28 23 27 16 15 22 29 44 35 31 26 34 21 34 22 34 26 10 19 26 23 22 27 23 26 11 9 24 10 2 32 30 21 27 22 22 20 20 5 33 23 22 16 13 19 10 20 30 10 12 31 14 22 34 33 20 39 33 29 27 20 8 26 33 25 9 13 18 3 18 23 17 25 26 37 27 15 21 20 17 27 32 17 16 31 29 21 24 31 21 30 15 10 16 19 16 32 22 19 28 19 13 23 36 29 29 23 22 8 43 24 17 24 21 28 33 25 31 21 43 22 26 32 35 35 42 8 30 15 23 33 34 31 21 25 29 35 23 20 10 37 28 12 24 41 13 28 37 41 23 15 23 35 38 28 32 31 28 23 25 31 19 13 31 33 27 20 0 17 15 14 8 36 16 28 31 34 24 15 12 29 26 33 9 25 35 13 31 28 17 26 10 24 18 30 23 16 14 23 24 35 36 32 20 17 9 25 21 22 33 43 27 20 12 27 26 23 26 31 21 33 21 7 22 25 14 28 14 30 20 10 30 26 30 22 18 9 22 11 29 30 25 18 24 16 12 14 13 21 36 12 18 29 39 15 24 27 15 15 25 32 13 22 34 22 20 25 23 30 32 29
48 42 30 56 29 33 19 37 39 33 23 24 44 38 17 15 46 41 29 22 23 39 24 9 28 38 3 36 34 32 40 39 20 42 24 38 28 18 30 7 37 40 27 20 21 39 24 45 51 23 31 53 50 25 37 13 28 46 33 14 21 37 17 27 20 10 37 38 17 37 32 15 7 41 23 36 36 23 38 33 47 38 25 32 45 30 17 10 36 42 14 12 25 23 25 28 27 30 38 24 43 33 38 13 15 15 24 41 19 44 15 14 34 46 22 23 32 18 9 10 38 28 25 31 14 5 21 34 20 20 35 12 31 18 14 19 19 35 23 42 6 23 16 10 34 19 24 6 1 13 39 8 38 28 13 18 10 28 21 25 25 40 18 24 12 28 30 4 6 22 45 29 43 27 42 27 27 17 20 12 44 26 40 29 35 19 4 48 32 21 43 49 25 47 37 13 24 31 26 31 44 41 22 44 36 44 20 15 43 33 24 20 44 46 10 23 26 11 34 21 29 33 44 39 17 32 15 36 22 12 18 22 20 32 44 44 21 36 31 17 39 18 40 16 27 37 39 22 19 21 19 28 17 11 24 20 18 48 22 39 35 16 16 20 45 37 35 40 36 24 43 42 19 54 12 24 22 28 28 10 36 48 42 17 28 50 30 18 36 23 34 7 5 30 38 11 25 38 25 11 11 13 26 17 34 29 10 25 32 35 17 5 17 30 27 33 32 20 11 25 10 45 8 18 15 24 6 37 18 19 45 36 33 31 35 12 10 22 29 15 5 19 17 8 37 8 42 12 38 41 27 18 37 33 43 33 26 4 47 25 38 34 43 29 46 28 8 32 35 23 38 14 19 34 34 25 29 41 45 36 15 20 24 47 39 33 8 8 34 49 29 21 37 27 30 12 48 19 20 26 18 14 17 36 30 18 37 32 37 31 51 15 29 26 23 41 14 37 44 18 31 21 26 36 22 38 34 22 38 16 17 39 12 40 25 2 19 17 32 11 25 17 0 12 11 19 20 8 33 18 18 36 23 10 32 39 26 26 40 52 19 19 43 30 39 21 40 1 44 36 27 4 37 26 23 43 24 13 10 17 39 33 35 17 47 40 12 28 33 42 28 42 22 9 49 24 15 32 20 30 44 11 46 36 20 39 22 46 14 22 23 5 15 36 46 35 35 21 9 20 28 17 7 20 14 17 45 55 26 38 43 3 26 12 16 19 33 50 14 33 18 32 47 38 20
37 51 35 52 28 28 8 36 35 22 34 24 36 27 26 6 43 30 34 26 14 34 27 9 29 36 14 44 30 41 29 28 9 30 26 29 17 24 34 15 26 37 35 10 27 28 21 34 47 30 35 48 46 34 29 4 17 39 40 26 31 40 29 22 20 20 26 32 8 42 26 22 18 39 19 24 25 25 27 43 41 31 15 21 41 29 27 7 29 39 25 5 31 27 33 27 34 40 41 24 40 25 33 10 3 15 16 30 8 38 6 26 23 42 32 27 22 26 9 11 27 19 14 41 24 16 22 37 20 8 24 17 40 28 10 19 21 41 27 33 18 34 4 20 40 26 28 10 13 21 28 13 29 16 22 24 17 36 32 29 28 28 10 28 20 26 19 14 17 15 37 20 36 21 39 30 37 27 10 8 33 28 28 18 36 22 13 42 26 10 33 46 28 44 34 23 13 20 17 22 37 33 21 43 30 37 19 22 32 41 21 29 35 34 13 28 32 10 43 25 37 24 42 28 19 22 26 33 27 15 12 10 29 42 36 40 25 26 23 20 27 23 31 18 31 27 37 16 27 32 7 33 27 9 19 9 30 45 25 39 40 27 14 26 42 27 29 35 25 34 35 39 28 49 19 32 32 18 19 22 24 36 30 18 36 44 34 28 28 21 38 10 17 37 30 10 14 29 14 4 7 24 23 14 42 18 21 15 36 26 7 16 18 20 15 35 27 10 21 24 21 37 13 9 23 13 18 44 29 8 33 44 21 38 34 7 18 20 17 7 13 7 13 7 37 18 37 14 47 41 17 8 33 26 37 41 15 9 43 16 33 38 32 17 43 20 9 25 30 12 27 8 8 22 26 16 17 29 39 25 9 29 22 36 32 28 15 11 40 44 36 32 32 32 19 23 43 27 23 31 21 19 5 26 20 25 43 35 26 39 46 25 33 22 25 31 20 38 33 7 20 26 29 37 26 37 43 27 27 21 19 28 10 32 36 14 8 28 21 17 14 15 12 0 2 11 27 18 39 30 27 38 12 16 40 40 19 21 33 46 24 31 42 21 29 12 37 13 35 38 30 12 29 14 22 32 17 6 4 20 39 35 25 25 35 30 7 22 39 36 17 35 33 20 44 12 18 22 12 28 41 19 42 30 10 28 32 43 25 28 15 14 6 24 38 24 31 11 4 24 20 6 19 26 3 5 40 50 15 30 37 12 29 24 27 8 36 45 9 24 28 21 42 26 15
38 49 35 52 27 28 10 36 35 23 33 24 37 28 25 7 43 31 33 25 15 34 26 8 29 35 13 43 30 39 30 29 11 32 26 29 18 24 33 13 27 37 34 11 27 29 21 35 46 29 34 48 46 32 29 3 18 40 39 25 29 39 28 21 20 19 27 32 9 41 26 22 17 38 18 26 26 23 29 41 41 31 16 22 41 28 26 7 29 39 24 6 31 27 32 26 33 39 39 24 40 26 32 10 5 13 17 31 9 38 8 24 24 41 30 26 24 25 9 10 28 20 15 39 23 15 21 36 19 10 25 16 39 27 9 19 19 39 26 34 16 33 5 19 39 26 27 8 11 20 29 12 29 18 20 23 15 35 31 28 27 29 11 27 19 25 20 12 15 15 37 21 36 21 39 28 35 25 10 8 34 27 30 20 35 21 11 42 26 11 34 45 27 44 34 22 14 21 17 22 37 34 20 42 30 38 19 21 33 39 21 28 36 35 13 28 31 10 41 24 35 24 41 29 18 23 25 33 27 15 11 12 28 40 36 40 25 26 23 20 29 23 31 17 31 27 37 17 26 30 8 32 26 7 20 10 28 44 25 39 39 26 14 25 42 28 29 35 27 32 35 39 27 49 18 31 31 19 20 21 25 38 31 18 34 44 33 27 28 21 37 9 15 35 30 10 16 30 15 4 5 23 22 13 40 20 20 16 35 26 8 15 16 22 17 35 27 11 20 23 20 38 11 9 22 14 17 43 27 9 35 43 22 36 33 7 17 20 18 7 11 9 12 6 36 17 37 14 45 40 18 9 33 26 37 40 16 8 43 17 33 37 33 19 43 20 7 25 30 12 28 9 9 24 26 16 18 30 39 26 10 28 21 37 32 27 14 10 38 44 35 31 32 32 20 22 43 26 23 30 20 19 7 27 22 25 41 34 27 38 46 24 32 22 25 32 18 37 34 8 21 26 29 36 25 37 42 27 27 21 19 29 10 32 35 13 9 27 23 16 15 14 11 2 0 11 26 16 38 29 26 37 13 15 39 39 20 21 33 46 23 30 42 21 30 12 37 12 35 37 29 10 29 16 22 33 19 7 4 19 38 34 26 25 37 31 7 22 38 36 18 35 32 19 44 13 17 23 13 27 40 18 42 30 11 29 31 42 23 27 15 14 6 25 39 25 30 12 4 23 20 7 18 26 4 7 40 50 16 31 37 11 28 23 26 9 35 45 9 24 27 21 42 27 16
37 49 45 41 20 18 15 28 25 25 37 34 26 20 35 15 33 31 30 22 22 24 21 11 23 26 21 42 20 40 28 21 17 27 37 19 20 34 29 18 29 27 33 18 37 21 31 34 36 40 30 38 35 33 19 8 11 29 37 31 32 33 36 11 30 28 19 22 17 37 15 32 25 29 9 23 24 18 30 42 30 20 20 21 31 20 36 17 19 29 32 16 42 37 32 19 32 41 33 35 31 15 22 20 12 10 24 23 9 27 16 31 19 31 33 23 27 26 20 21 28 26 16 41 32 23 15 30 13 9 25 17 40 37 6 14 15 37 23 24 24 36 11 24 35 36 23 14 19 22 25 22 20 13 23 34 18 34 36 25 22 24 19 24 29 17 12 22 25 4 27 26 25 10 29 23 37 28 4 7 32 20 27 22 28 17 21 31 15 16 25 35 22 34 24 25 16 15 7 12 27 23 13 33 20 27 29 31 30 39 13 29 26 32 24 38 29 21 42 21 34 14 32 29 14 13 33 23 38 25 3 13 38 41 26 30 35 17 13 30 30 33 22 14 42 18 28 25 36 33 11 29 29 8 29 6 35 35 36 31 36 30 25 25 32 19 18 25 28 35 25 30 37 39 28 30 34 10 10 27 22 36 28 29 34 33 28 36 18 31 33 13 23 34 20 20 20 19 20 9 9 29 14 7 39 23 26 21 30 17 15 23 13 27 15 28 17 5 24 16 25 27 15 4 32 6 25 42 36 14 31 41 22 35 25 8 27 30 17 5 16 12 6 17 29 22 27 25 45 32 8 16 23 15 26 39 9 17 33 23 22 32 25 13 33 10 12 15 19 9 25 19 13 20 16 6 15 28 28 21 19 29 14 35 22 17 24 21 36 33 33 36 21 43 15 30 33 36 34 41 16 29 9 18 26 35 38 28 19 37 35 28 27 13 36 23 19 30 33 7 20 36 39 29 23 29 43 38 21 31 29 21 21 22 38 21 5 35 26 27 12 8 19 11 11 0 37 21 35 36 36 30 8 17 37 32 27 11 22 35 21 36 33 12 21 3 27 20 25 30 24 17 19 16 33 29 26 17 15 17 30 27 17 35 35 22 18 11 35 25 15 25 37 25 33 13 15 15 20 19 31 20 32 20 3 23 33 32 27 26 5 23 5 21 28 18 20 18 14 20 9 7 25 36 8 12 30 40 8 20 27 18 22 29 35 6 29 35 19 15 31 15 31 25 25
57 51 11 76 48 52 31 55 58 41 30 16 62 53 5 27 65 50 44 39 30 58 42 28 46 56 17 47 53 43 51 54 30 55 13 55 38 3 46 25 44 59 40 28 5 54 21 54 70 5 47 72 69 38 55 29 43 65 46 21 32 54 14 45 15 10 52 57 27 52 51 6 14 60 42 47 48 41 46 43 66 57 35 43 64 49 6 21 55 61 16 23 7 10 37 47 41 38 55 15 61 51 57 20 28 34 28 56 33 63 26 20 48 65 32 40 39 32 18 17 47 33 37 40 8 15 40 51 39 35 45 30 40 6 33 38 38 49 40 60 18 31 29 23 50 1 42 25 20 28 52 15 55 42 28 5 27 41 27 42 43 53 26 41 8 47 46 16 14 40 63 35 62 46 61 45 38 28 36 31 55 45 51 38 53 38 17 67 51 32 60 68 42 66 56 26 36 45 43 48 63 59 42 63 55 63 17 6 55 45 43 32 62 57 14 7 41 18 43 39 42 50 62 47 36 49 12 55 7 13 36 35 5 42 62 63 8 52 49 11 46 7 57 35 11 53 58 24 4 31 32 43 29 30 23 36 21 67 10 58 49 25 18 35 64 54 54 60 43 33 61 61 5 73 9 38 32 45 46 20 49 57 53 13 41 69 47 8 54 19 50 26 19 44 56 19 33 56 34 29 29 21 45 36 46 37 21 34 49 52 28 18 36 35 40 51 51 37 24 44 23 64 27 35 5 40 16 49 11 31 57 49 44 45 53 30 10 18 41 32 24 32 35 21 55 23 61 14 48 59 44 28 56 51 62 45 41 21 66 32 57 51 58 43 66 46 27 50 54 38 51 23 32 47 52 42 42 52 64 50 23 33 43 57 58 52 13 17 48 68 43 25 56 9 44 15 67 1 9 8 37 9 32 53 36 2 51 49 52 44 70 25 46 45 11 58 31 55 53 33 42 5 11 54 39 56 43 6 52 8 12 54 19 58 33 18 35 15 38 11 39 36 20 27 26 37 0 24 47 19 5 54 38 28 45 57 28 45 59 70 36 22 62 47 56 38 59 19 61 54 44 23 55 38 16 56 27 23 24 35 57 51 52 4 55 56 22 47 49 61 42 61 27 19 68 37 34 48 28 49 63 27 65 55 37 53 33 66 25 37 41 15 32 49 64 50 54 30 23 38 46 32 18 3 30 30 65 74 42 56 62 22 44 18 9 34 50 70 22 50 27 47 66 49 22
54 34 34 54 25 30 25 32 36 39 17 30 44 40 20 22 42 47 22 16 30 37 19 10 23 34 8 28 31 25 45 41 26 46 31 39 34 22 23 4 43 37 20 26 26 41 31 51 48 28 24 51 47 18 37 17 31 45 26 10 14 31 17 25 27 14 40 37 23 30 32 21 10 37 21 41 41 18 44 26 46 38 32 37 42 27 20 17 36 39 13 19 30 29 17 25 20 23 32 31 39 34 36 20 20 13 31 43 24 43 22 11 38 43 15 17 39 11 16 17 44 34 30 24 17 10 18 28 17 24 40 7 24 21 16 16 15 27 17 43 6 17 21 4 28 23 18 9 7 5 44 15 39 32 6 23 4 21 16 19 20 44 25 18 17 25 32 10 11 24 45 36 42 27 39 22 20 10 22 14 49 22 45 35 30 15 11 46 31 27 45 46 19 44 33 6 30 35 28 32 43 41 20 39 35 44 27 20 48 25 22 13 44 51 17 28 19 18 26 15 22 34 39 45 14 34 15 33 28 18 19 27 22 25 43 42 26 38 32 24 44 24 41 12 32 39 35 29 22 15 24 21 10 13 31 23 14 45 28 35 28 10 23 13 41 39 35 39 42 17 42 38 22 51 18 17 15 30 30 7 40 53 46 23 21 48 24 20 37 30 27 8 6 23 38 19 31 39 31 15 13 8 24 17 26 35 6 32 26 36 23 7 14 36 32 28 31 24 4 21 5 45 7 22 19 26 9 29 19 25 50 29 38 24 30 14 15 29 34 17 5 24 17 15 32 1 39 19 31 36 29 24 34 32 42 26 29 11 44 32 36 28 45 32 43 29 10 31 33 26 43 21 25 39 35 27 33 46 44 40 22 13 21 53 39 32 15 15 26 47 22 16 36 32 34 11 46 23 26 31 14 21 22 38 37 23 29 26 39 24 49 9 23 24 29 43 8 32 50 22 37 26 32 31 16 33 27 27 41 22 24 41 19 40 19 7 22 16 38 18 30 16 8 18 16 21 24 0 26 16 21 31 26 5 25 33 33 25 40 50 13 16 39 32 41 23 36 8 45 31 21 6 38 31 30 48 31 19 17 12 34 27 37 21 52 42 19 27 27 41 33 41 17 6 47 29 11 35 27 26 40 4 43 35 22 43 15 44 8 15 23 12 19 40 45 38 32 27 15 15 29 21 6 25 18 23 43 53 28 39 42 6 21 10 18 22 26 48 21 35 11 35 44 43 27
72 16 58 46 22 31 47 23 31 59 21 56 46 52 42 44 33 66 6 14 53 34 16 30 16 27 34 10 29 10 63 52 48 61 56 46 54 46 8 27 63 31 7 49 50 53 56 69 41 51 8 45 40 9 42 37 46 45 2 27 16 13 35 31 52 38 52 37 46 6 36 45 35 30 29 58 59 18 65 13 44 41 53 56 37 24 42 41 41 33 32 42 53 54 10 23 7 17 14 55 30 40 36 44 42 26 54 55 43 43 45 28 53 38 17 13 60 16 41 42 63 57 50 15 40 35 22 12 24 43 60 22 13 43 32 23 21 3 13 48 31 20 42 25 4 47 13 31 32 21 60 40 48 47 20 47 24 7 24 11 15 58 48 13 41 26 44 36 36 36 47 58 44 34 32 15 13 19 39 32 66 18 62 56 19 19 36 44 34 48 52 38 14 35 28 22 50 50 40 40 43 44 25 28 36 44 52 44 64 7 26 15 48 67 42 52 8 43 12 15 5 42 29 64 22 45 35 28 52 44 33 47 44 13 46 36 51 48 40 49 64 49 49 22 56 49 27 53 44 18 43 7 18 31 55 40 29 36 53 23 3 23 48 14 32 47 38 36 63 17 44 29 44 43 43 10 17 42 40 27 56 71 62 49 6 46 10 41 43 55 7 30 31 4 43 43 53 45 52 35 33 26 27 29 6 56 27 53 11 45 45 32 24 59 50 15 33 40 24 23 25 48 27 39 42 41 33 7 38 46 66 6 57 3 22 33 40 54 52 35 29 44 30 39 20 25 35 44 12 22 41 46 30 37 42 8 44 35 37 54 35 11 55 48 36 40 31 36 34 44 59 45 45 55 42 39 50 63 44 56 46 14 25 70 43 35 39 40 2 43 5 26 37 55 49 33 41 46 51 55 20 46 41 47 59 46 5 12 50 5 44 22 10 29 54 51 20 19 68 40 55 50 56 18 14 22 14 51 54 47 48 54 44 44 19 33 40 34 60 43 47 28 33 39 38 35 47 26 0 31 43 18 43 24 5 19 57 30 44 46 16 28 27 42 50 38 29 33 50 17 14 30 44 51 55 63 55 43 40 20 22 16 46 44 70 50 43 34 4 41 50 43 24 29 44 48 22 48 50 25 32 23 35 37 38 56 16 36 22 12 35 36 37 56 46 51 31 49 38 16 38 39 30 48 38 43 40 46 42 44 41 31 15 30 39 40 12 44 45 44 21 49 40 59 51
66 33 29 68 39 45 37 45 50 50 12 32 59 55 14 33 55 59 30 28 39 51 32 25 35 47 17 29 45 25 58 56 37 60 31 54 45 19 32 19 54 51 24 36 23 56 35 63 62 23 33 65 61 22 52 30 45 60 30 6 15 40 5 41 29 14 54 52 34 36 47 19 14 51 36 54 54 31 55 25 61 53 43 50 56 41 14 27 51 53 5 29 25 28 21 39 25 19 42 32 52 49 51 28 32 28 39 58 37 58 32 6 52 57 15 28 49 18 24 24 56 43 43 22 13 15 32 38 32 38 52 21 23 14 30 30 30 33 28 58 13 13 33 13 34 19 30 23 18 17 57 20 55 45 16 21 19 25 9 29 32 57 35 29 16 39 47 17 15 39 60 46 57 42 52 34 20 13 37 29 62 35 58 46 42 28 18 61 46 38 60 60 30 57 47 13 42 49 43 47 58 56 34 52 50 58 30 18 61 28 36 17 59 63 22 25 26 25 26 27 26 49 52 56 28 49 7 47 25 22 34 40 14 24 59 56 25 53 47 25 56 23 57 27 29 54 48 36 16 13 36 29 14 28 37 37 3 58 27 47 34 9 29 22 54 54 50 53 53 15 57 51 15 65 19 22 14 45 45 10 54 65 59 26 25 63 34 12 52 34 35 23 14 28 53 26 41 54 42 29 28 8 38 32 29 46 11 42 36 52 34 14 29 45 45 39 45 38 13 35 12 61 22 36 16 41 13 32 8 36 63 32 50 29 43 29 17 33 46 32 20 37 32 25 44 15 53 23 31 47 44 34 48 47 57 27 43 22 58 42 50 37 60 46 57 45 25 46 48 40 56 30 37 52 50 42 46 58 59 54 31 18 36 65 54 47 19 22 32 61 27 6 51 27 48 8 60 18 26 27 28 22 35 53 47 19 35 36 54 27 63 10 33 39 28 58 21 43 62 35 49 23 29 42 27 45 25 24 55 22 26 56 27 55 15 16 36 5 48 20 43 31 18 30 29 36 19 16 31 0 15 42 40 20 28 44 40 40 55 64 24 3 51 46 55 38 49 17 60 42 33 20 53 44 32 61 39 29 28 26 46 39 51 16 64 56 28 42 33 56 46 56 8 11 62 42 26 50 37 40 54 17 56 50 37 57 16 57 11 23 39 17 33 53 60 52 47 38 26 27 44 34 12 21 31 35 58 67 43 54 56 19 33 7 11 36 37 63 29 50 10 49 59 56 34
59 47 15 74 46 50 32 53 56 43 26 20 61 53 2 27 63 52 41 37 32 56 40 26 43 54 16 43 51 39 52 54 31 56 17 55 39 6 43 22 46 57 37 30 9 54 24 56 68 8 44 70 67 34 54 29 43 64 43 17 28 51 10 44 18 9 52 56 28 48 50 7 12 58 40 49 49 39 48 38 65 56 36 45 62 47 1 22 54 59 12 24 11 14 33 45 37 34 52 19 59 51 55 21 29 32 30 56 34 62 27 16 49 63 28 37 41 29 19 17 49 35 38 36 5 14 38 48 37 35 46 27 37 2 32 36 36 45 37 59 15 26 30 20 46 5 39 24 19 25 53 15 55 43 25 8 25 37 23 39 40 53 28 38 8 45 46 15 12 39 62 37 60 45 59 43 34 25 36 30 56 42 52 39 50 35 16 65 49 33 59 66 39 64 54 22 37 46 43 48 61 58 40 60 53 62 19 7 56 41 41 29 61 58 14 11 37 19 40 36 39 50 60 49 34 48 9 53 11 14 35 36 2 37 61 62 11 52 48 14 48 10 57 32 15 53 56 26 1 27 33 40 25 29 26 35 17 65 14 55 46 21 19 32 61 54 53 58 45 29 60 58 1 71 10 34 28 44 45 17 50 59 55 15 38 67 44 4 53 22 46 24 16 40 55 20 34 55 35 28 28 17 43 35 42 39 17 35 46 52 29 15 34 37 40 48 50 37 21 42 20 63 25 35 4 40 13 45 7 31 58 45 45 41 51 29 10 21 42 32 22 33 34 21 53 20 59 15 45 56 44 29 54 50 61 41 41 20 64 34 55 48 58 44 64 45 26 49 52 38 52 24 33 48 51 42 43 53 63 51 24 30 41 59 57 51 13 17 44 67 39 21 55 13 45 11 65 4 13 13 34 11 32 53 38 5 47 46 52 40 69 21 43 44 15 58 28 52 55 33 44 9 15 51 36 54 39 10 53 10 14 54 20 57 29 16 34 11 40 12 40 34 18 27 26 36 5 21 43 15 0 52 38 25 41 54 30 43 58 69 33 18 59 47 55 37 56 17 61 51 42 21 54 39 20 57 29 23 24 32 55 48 51 3 57 56 22 45 45 60 43 60 23 16 67 38 32 48 29 47 61 24 63 54 36 54 29 64 22 34 40 13 32 49 63 50 52 32 23 35 45 32 15 7 29 31 63 73 42 56 61 20 41 14 4 34 47 68 23 50 23 47 64 51 24
63 33 65 29 11 18 44 6 15 54 35 59 31 42 50 43 16 58 14 15 51 19 13 30 9 10 38 26 15 27 55 40 46 52 60 33 49 53 11 30 58 14 22 46 57 42 57 61 24 58 11 27 23 23 29 35 38 29 20 37 29 6 46 21 55 44 42 23 45 14 23 51 41 13 21 50 51 14 59 30 28 27 49 49 20 12 51 42 27 16 42 42 61 59 24 12 20 33 5 59 12 28 21 45 40 24 53 43 39 27 44 38 44 21 30 15 56 25 43 44 56 55 45 31 47 40 17 6 19 38 53 25 29 51 29 19 18 17 15 35 37 34 39 32 15 54 13 32 35 27 51 43 35 40 28 53 28 22 37 14 12 49 47 14 47 14 35 40 41 28 32 55 28 24 15 9 28 30 33 30 58 11 54 51 3 18 39 28 22 45 39 21 13 18 12 30 45 42 32 30 27 29 18 11 22 29 54 50 55 24 18 26 34 58 45 59 17 45 29 16 21 31 12 57 20 34 45 13 58 47 28 42 53 30 32 19 56 36 29 53 58 54 37 21 63 37 10 53 52 31 40 15 29 30 56 35 40 19 58 6 16 34 50 21 15 35 25 21 57 31 29 13 52 26 48 22 31 33 30 35 48 62 53 52 21 29 9 50 30 57 11 31 36 19 29 45 50 32 49 34 32 36 17 24 24 52 35 50 8 33 44 37 21 56 44 4 20 34 31 15 33 33 29 34 49 34 39 24 48 43 56 23 50 19 6 31 45 56 46 31 32 41 25 41 4 32 19 47 29 5 32 45 15 25 26 25 36 37 21 52 20 7 43 40 18 30 31 24 20 37 51 45 42 47 30 31 44 55 28 47 46 25 17 61 29 22 44 43 16 26 19 39 22 62 41 41 24 53 56 61 19 50 38 35 55 53 17 7 39 22 27 32 10 19 58 38 24 1 61 36 49 56 61 2 16 6 31 58 43 52 52 43 46 30 34 37 35 44 55 47 41 24 36 38 37 30 54 31 18 42 52 0 36 27 22 3 56 21 30 29 19 40 10 32 37 31 12 37 36 1 10 33 31 45 58 53 55 43 40 20 5 4 35 51 62 38 43 23 14 26 43 27 37 36 27 42 22 38 49 13 16 28 19 23 32 46 29 20 32 20 27 41 34 47 31 41 17 47 38 17 28 36 37 55 36 41 23 29 34 31 25 34 11 39 48 36 7 27 45 33 33 40 23 51 52
29 56 46 44 26 23 10 34 30 18 43 32 27 16 37 13 38 24 37 29 17 28 28 17 30 32 25 49 26 47 21 17 13 21 35 18 14 35 36 23 22 32 40 14 38 17 28 27 39 40 37 40 39 39 20 11 5 30 44 36 38 40 40 16 29 31 14 25 14 44 19 33 28 34 16 16 17 26 23 49 32 22 14 14 34 26 38 18 20 33 36 16 42 37 39 25 39 47 40 33 36 16 25 20 10 17 20 19 5 29 14 35 12 35 39 30 21 33 20 22 21 20 9 48 35 26 22 37 20 4 17 24 47 39 12 21 22 44 30 23 28 42 9 29 43 37 30 18 23 28 19 24 18 6 29 35 24 42 41 32 29 18 15 31 31 23 9 25 28 9 27 20 27 15 34 30 43 34 5 13 25 27 20 16 34 24 24 33 19 11 22 39 30 39 30 31 10 9 7 13 29 24 20 39 23 28 28 33 23 46 19 36 25 25 25 39 36 21 49 28 42 14 38 22 21 11 37 29 38 26 10 7 40 48 26 34 35 15 14 30 22 34 20 21 41 16 34 22 38 39 7 36 35 14 25 4 40 39 35 37 43 36 24 32 37 17 21 28 21 41 26 35 39 42 30 37 40 8 10 32 15 29 21 28 41 35 35 39 18 29 40 19 27 41 20 20 15 19 14 12 13 34 20 14 47 16 31 15 37 15 13 27 20 21 8 35 21 3 30 23 30 27 20 5 34 4 29 49 40 10 24 48 14 42 32 13 29 28 10 9 21 8 13 18 35 27 31 25 52 39 8 13 28 18 28 46 4 19 37 17 26 39 21 7 37 11 16 18 23 1 18 17 8 13 16 7 8 21 30 15 18 35 20 28 23 20 26 22 43 36 40 42 24 43 8 34 36 38 34 41 23 30 7 16 20 36 45 35 15 44 38 34 34 19 35 20 25 36 26 5 13 37 39 35 30 35 50 38 16 32 29 16 21 22 44 25 5 39 20 28 5 15 23 12 13 8 38 26 43 40 38 36 0 23 44 38 23 17 23 37 28 41 39 10 18 6 33 24 24 37 31 21 19 10 31 22 22 16 15 24 37 34 14 36 28 19 17 16 42 27 8 26 42 30 35 6 22 11 16 25 35 26 36 22 5 17 40 36 33 33 10 26 8 14 29 12 25 13 16 27 11 6 29 37 9 9 33 43 5 20 29 22 30 34 38 4 36 37 18 13 37 10 35 18 22
52 35 38 49 21 26 24 28 31 37 20 33 39 37 24 21 38 45 20 13 30 32 15 8 19 29 11 28 27 25 43 37 25 43 33 34 32 26 21 4 42 33 19 26 30 38 33 49 44 32 22 46 43 18 33 15 28 41 25 15 15 27 22 21 29 18 36 32 23 28 27 24 14 33 17 39 39 14 43 27 41 33 30 35 38 23 25 18 32 35 17 19 34 32 17 20 19 25 29 33 34 30 32 21 19 9 31 40 22 39 22 15 35 39 16 14 38 10 18 18 42 34 29 25 21 13 13 25 13 22 39 3 25 25 12 11 11 26 14 39 10 19 20 8 26 27 15 7 9 5 41 17 36 29 6 26 1 21 19 16 16 41 25 15 20 21 28 13 14 20 40 35 38 23 35 18 21 12 19 11 47 18 43 34 26 10 13 42 26 25 41 42 15 39 29 9 28 32 24 28 38 36 15 35 30 39 29 23 45 25 17 13 40 48 19 32 17 20 27 12 21 30 35 43 9 30 19 28 31 21 15 25 27 26 39 37 30 34 27 26 43 27 38 8 36 35 31 29 26 17 22 19 12 10 32 20 19 40 31 31 26 14 25 11 37 35 30 34 41 19 38 34 26 46 21 16 17 26 26 11 38 51 44 26 20 44 21 24 33 31 25 6 10 21 34 20 30 35 30 13 11 13 19 12 26 34 10 31 23 33 22 10 9 36 30 24 26 21 7 17 9 41 4 19 23 23 13 29 23 23 47 28 36 22 26 11 18 30 32 14 5 22 13 16 28 6 35 21 31 32 25 23 29 28 37 26 26 12 40 31 31 25 41 30 39 26 8 27 29 24 40 21 23 36 31 23 31 44 40 38 22 13 17 50 35 28 17 17 25 43 20 20 32 35 31 16 41 27 29 34 10 24 20 34 36 27 28 22 35 23 44 12 20 20 32 39 4 28 48 19 35 30 35 27 13 29 27 31 37 25 26 38 21 36 21 10 19 20 37 20 27 12 10 16 15 17 28 5 24 20 25 27 23 0 24 30 33 20 36 45 10 20 35 28 37 19 32 10 41 27 18 6 34 29 32 45 32 19 17 8 30 24 33 25 50 38 19 23 25 37 30 37 20 11 43 27 7 32 27 22 36 4 38 31 19 39 17 39 11 13 20 14 16 37 41 34 28 27 14 11 25 18 10 28 16 21 39 48 25 35 37 8 17 14 23 20 23 44 21 31 14 32 40 40 28
73 13 56 50 26 34 48 26 35 60 18 55 50 55 40 45 37 67 9 16 53 38 19 31 19 31 33 6 33 6 65 55 49 64 55 49 55 45 12 27 65 35 6 49 49 56 56 71 45 49 12 49 44 7 45 38 48 48 3 25 14 17 33 34 51 37 55 41 47 10 39 44 34 33 31 60 61 21 66 9 48 44 54 57 41 28 40 42 44 37 30 42 51 53 8 26 6 13 18 55 34 43 40 44 43 28 54 57 44 46 45 26 55 42 14 15 61 15 41 41 65 58 52 11 38 34 24 17 26 44 61 23 9 41 33 25 23 6 15 52 30 17 43 24 8 45 16 31 31 20 62 39 51 49 20 46 24 4 21 14 18 61 48 15 40 29 47 35 35 38 50 59 47 37 35 19 9 18 40 33 68 21 64 57 22 21 35 48 38 49 56 42 17 39 32 21 51 52 42 43 47 47 27 32 39 48 51 43 66 2 29 13 51 69 41 51 9 43 8 17 4 45 33 65 24 47 33 32 51 43 34 48 42 9 50 40 50 50 43 48 66 48 52 24 55 51 30 53 42 15 45 9 17 32 55 42 26 40 52 27 7 21 48 14 36 50 41 40 64 14 47 34 41 47 42 9 14 45 43 26 58 73 64 48 5 50 14 39 46 54 11 30 30 4 46 43 54 48 53 36 34 25 30 31 3 57 25 54 14 48 46 31 25 60 52 18 36 42 23 26 24 52 28 40 41 43 32 5 36 47 68 5 58 4 26 34 39 53 54 36 29 45 32 39 25 25 39 43 9 26 43 47 34 40 46 3 46 35 42 55 39 15 58 50 40 42 32 39 37 45 61 45 46 57 45 42 52 65 47 58 46 13 27 72 46 38 39 39 6 47 5 23 40 53 51 31 45 44 49 53 22 45 42 49 60 45 8 16 53 1 47 21 14 31 52 54 21 23 70 41 57 49 55 23 15 27 10 50 56 45 48 56 44 48 15 32 41 32 61 42 49 29 32 40 39 37 45 25 5 28 41 22 44 24 0 23 57 33 47 50 17 26 31 45 52 39 33 32 53 21 17 30 47 52 54 65 56 43 40 21 26 20 49 42 72 53 43 36 8 45 51 46 21 27 48 49 23 50 51 28 37 22 40 41 39 59 13 41 21 12 37 36 39 58 50 53 35 50 38 18 41 41 29 47 39 44 44 50 44 48 44 31 18 28 37 42 15 48 45 47 19 51 44 61 51
64 34 67 28 13 19 46 6 15 56 37 61 31 43 52 45 14 60 16 18 52 19 15 33 11 10 40 28 15 28 57 42 47 53 62 34 51 55 13 33 59 14 23 49 59 43 60 62 23 61 13 27 22 25 30 37 39 29 21 39 31 6 48 23 57 47 43 23 47 15 24 53 43 12 23 52 53 16 60 31 28 27 51 50 19 13 53 44 28 15 44 44 63 61 26 14 22 34 6 61 12 29 22 48 42 26 55 44 41 27 46 40 45 20 32 17 58 27 45 46 58 57 47 33 50 42 19 7 21 40 55 27 31 54 31 21 20 18 18 35 39 35 42 34 16 56 15 34 38 29 52 45 36 41 30 56 30 24 39 16 14 50 49 16 49 16 36 42 43 30 32 57 29 25 14 12 30 32 35 32 59 13 56 53 4 20 42 27 23 47 40 19 15 16 13 32 47 43 33 31 27 30 19 10 22 29 56 52 56 25 20 28 34 59 47 61 19 47 30 19 23 32 10 59 22 35 47 13 60 50 30 44 55 31 32 18 59 37 30 55 60 56 37 24 65 38 9 55 55 33 42 17 31 32 58 37 42 17 60 5 17 36 52 23 14 36 25 21 59 33 29 12 54 25 50 24 32 35 32 38 49 64 54 54 23 29 11 52 31 59 13 33 39 20 30 47 52 33 51 36 34 38 19 27 25 54 37 52 9 34 46 39 23 58 46 6 21 36 33 16 35 34 32 36 52 35 41 24 50 45 57 23 51 20 7 33 47 58 48 34 34 43 28 43 4 34 18 49 29 4 33 47 15 26 27 26 38 39 20 54 20 9 44 42 18 31 33 25 20 39 52 47 44 49 31 33 45 56 28 48 48 27 19 63 29 23 46 45 18 25 21 40 22 65 43 43 23 56 58 64 21 52 40 36 57 56 18 9 40 23 26 34 12 20 61 39 26 2 62 38 50 59 64 3 18 5 32 60 44 54 55 44 48 31 35 39 37 47 57 49 42 26 39 40 39 32 57 33 19 44 54 3 38 30 23 0 58 22 30 28 21 42 9 34 38 33 12 39 37 3 13 35 32 47 60 54 57 45 42 22 4 6 36 53 64 39 45 24 16 26 44 28 39 39 26 44 24 39 51 14 15 30 18 24 34 48 31 19 34 22 29 43 35 48 31 42 18 49 40 19 30 38 39 57 38 42 23 27 36 32 25 36 13 41 50 38 9 26 47 34 35 42 22 52 54
31 67 31 67 46 44 13 54 52 15 48 15 49 33 30 13 60 24 52 44 6 50 45 27 48 53 26 61 47 57 25 35 11 31 19 40 14 25 52 31 17 54 52 10 25 34 9 27 62 28 53 63 61 50 42 21 25 53 57 38 46 58 37 38 14 27 32 47 11 60 41 24 27 55 36 23 23 43 19 58 54 44 11 20 57 46 31 16 42 55 35 15 29 22 49 45 51 55 59 16 57 39 48 14 17 33 4 35 19 52 13 37 27 57 47 45 11 43 17 17 21 6 15 56 29 26 39 55 38 20 19 35 56 32 28 38 39 58 45 44 30 48 17 35 58 27 46 26 26 37 27 20 39 24 38 24 33 53 45 47 46 30 9 46 25 43 30 24 26 30 49 9 49 37 56 48 52 42 25 27 29 45 25 13 54 40 24 55 41 13 42 62 46 61 51 38 15 25 30 35 51 46 39 60 45 50 12 24 29 58 39 45 47 31 19 25 49 15 59 43 54 36 59 21 37 33 34 50 24 18 29 17 32 57 48 56 22 35 36 18 19 21 40 36 26 36 55 5 30 46 17 51 43 27 5 23 41 61 21 57 58 41 12 44 59 37 43 51 16 49 48 56 31 64 22 49 47 30 32 35 26 30 29 16 53 57 52 33 40 10 56 27 29 54 42 15 9 40 10 23 25 37 40 32 58 11 34 10 54 37 13 29 36 7 19 54 43 24 36 42 35 49 30 23 27 26 29 61 35 14 31 61 19 55 52 26 24 11 18 25 28 16 31 18 55 33 53 18 63 59 30 12 50 40 50 58 25 22 59 7 48 56 38 25 59 33 26 40 45 22 26 12 15 24 38 29 21 26 52 27 11 45 40 31 45 43 22 19 57 58 53 44 47 29 25 33 58 28 20 27 39 20 19 37 10 26 60 53 34 56 60 40 51 39 20 40 37 56 26 21 19 24 23 55 44 55 59 25 32 21 17 33 14 44 50 27 22 37 12 20 20 33 26 19 20 27 28 33 57 40 30 56 23 33 57 58 0 38 45 60 41 42 60 32 38 27 54 26 45 56 48 27 41 16 13 31 2 14 17 38 57 52 35 28 29 39 14 37 57 50 22 49 46 33 58 18 36 30 8 45 57 35 58 45 25 31 48 58 39 45 31 24 23 26 51 30 47 10 19 42 34 21 31 25 21 16 55 65 27 42 51 27 47 35 32 21 54 60 13 35 42 27 57 25 7
43 46 54 32 10 8 25 18 15 34 38 44 20 22 42 25 23 38 25 18 32 14 15 18 15 16 28 39 10 37 35 22 27 32 46 16 30 42 23 22 37 17 30 28 46 23 41 41 26 48 24 28 25 30 14 18 18 21 32 34 32 25 41 1 40 35 22 13 27 30 8 40 32 18 4 30 31 13 39 39 22 14 30 29 20 10 43 27 12 18 37 26 50 47 30 9 28 40 25 45 20 11 13 30 22 12 34 25 20 19 26 34 24 21 33 18 37 26 29 30 36 36 26 39 39 30 10 22 9 19 33 19 38 44 13 11 12 31 19 20 29 37 22 27 29 44 18 20 25 24 31 31 18 19 25 42 21 31 38 20 15 29 29 19 37 7 15 29 32 8 21 36 18 4 19 16 35 29 14 15 38 13 34 32 19 14 28 22 7 26 23 25 17 24 14 28 25 22 11 10 19 17 7 23 11 19 39 40 35 35 5 29 20 38 32 47 25 30 39 18 31 12 22 37 12 15 39 13 46 34 10 23 45 39 20 20 44 18 10 40 38 42 20 14 51 19 18 36 44 34 21 24 30 15 39 16 38 24 45 21 30 33 35 23 22 17 11 15 37 35 18 19 44 29 37 28 34 13 10 31 28 42 33 38 30 25 22 43 14 41 27 19 28 30 15 30 31 16 30 18 17 32 4 9 35 33 30 31 23 15 26 29 12 37 24 20 7 15 27 8 28 22 19 15 40 14 31 37 42 24 36 36 30 30 16 15 35 40 26 14 22 22 10 26 19 25 17 34 41 23 12 27 13 8 18 36 16 25 23 33 13 24 25 20 22 10 18 7 10 18 31 29 23 27 12 11 23 34 20 27 30 28 6 41 16 8 32 29 30 24 29 39 12 51 21 35 23 44 43 50 14 38 19 17 35 43 32 21 20 33 26 31 21 3 45 21 20 20 40 17 28 45 49 19 19 19 40 46 24 40 39 24 31 16 38 27 16 40 36 35 21 9 26 21 21 11 45 25 30 40 43 21 17 20 33 22 38 0 17 26 19 39 23 13 20 12 17 27 22 21 18 22 15 26 43 33 37 27 24 16 21 19 16 42 42 21 27 4 29 17 22 17 39 30 24 23 15 18 31 9 20 23 22 11 13 27 33 22 30 24 7 30 16 27 21 21 10 28 23 16 8 17 30 44 18 22 20 30 14 16 18 24 16 34 41 17 22 25 29 14 33 20 22 31 35
39 60 67 23 22 13 33 25 16 36 54 55 4 16 56 35 22 37 39 33 39 12 29 32 28 20 43 53 16 51 33 15 35 27 58 7 34 56 36 38 38 18 45 37 59 17 51 38 19 62 37 19 20 45 4 30 20 8 46 50 48 35 57 16 51 50 18 8 37 42 9 54 47 20 20 29 30 28 39 54 10 4 35 30 16 20 57 39 5 17 52 38 63 59 45 22 43 55 35 56 22 8 9 42 32 28 42 17 28 8 37 50 22 16 49 33 40 42 42 43 36 42 31 55 54 45 26 33 24 27 33 35 53 58 26 26 28 44 34 5 44 53 32 43 42 58 33 35 40 40 27 44 8 22 41 56 37 46 54 35 30 25 38 33 51 19 16 43 46 19 5 40 5 14 19 29 50 46 23 29 34 27 32 35 28 30 43 11 11 33 11 21 32 21 18 44 31 22 17 11 7 1 23 25 9 6 50 53 31 49 21 45 5 33 45 60 40 43 54 33 45 10 24 37 29 13 54 18 59 47 23 29 60 54 4 16 57 12 10 52 38 55 9 30 63 12 22 45 58 50 29 38 45 30 48 25 54 21 58 27 43 49 46 39 22 10 7 11 39 51 4 21 59 22 50 43 50 16 14 46 26 38 29 50 45 13 35 58 5 51 39 34 44 44 3 42 37 6 35 31 30 48 19 24 50 37 45 36 34 9 35 44 28 42 27 31 12 23 43 23 44 6 35 25 54 20 46 51 57 32 31 50 31 44 24 29 49 51 29 27 37 30 25 39 27 41 14 47 55 29 16 36 15 9 6 50 20 39 18 39 10 35 15 22 19 13 33 10 11 24 28 39 31 26 8 18 26 31 8 24 40 44 22 37 1 10 46 43 43 15 44 55 8 65 22 50 15 58 55 63 30 51 29 10 40 57 45 33 15 47 17 47 34 18 57 10 36 29 38 27 30 58 61 28 34 25 55 60 18 53 51 18 43 1 54 42 25 55 39 49 25 25 40 33 33 22 59 40 44 55 58 30 23 36 47 30 45 17 0 15 35 55 26 13 11 21 20 41 7 30 31 37 5 30 54 28 45 38 36 31 27 30 11 56 39 11 39 14 42 7 25 4 55 46 14 28 31 16 39 20 19 39 18 7 23 22 49 18 46 39 18 45 27 25 6 18 14 35 36 32 14 28 45 58 30 32 13 21 19 4 9 39 30 50 56 26 34 16 40 11 49 19 15 29 45
52 61 80 8 26 20 47 24 16 51 60 69 13 31 68 49 15 51 42 38 54 13 34 44 32 19 54 55 19 54 47 29 50 41 71 21 48 68 38 48 53 15 49 51 71 31 65 52 8 74 39 5 8 50 18 43 35 8 48 59 54 34 66 25 65 61 32 14 50 42 20 66 58 17 29 43 44 34 54 57 6 16 50 44 10 24 68 52 18 14 62 51 76 72 50 26 47 60 33 69 17 22 14 55 46 38 57 31 42 9 50 59 37 9 55 38 55 48 54 56 51 56 45 59 65 56 33 34 33 41 48 43 57 69 38 35 35 45 39 19 55 59 45 52 43 70 37 46 51 48 42 57 23 37 49 68 46 50 61 39 34 39 52 38 63 25 30 55 57 32 13 55 11 25 15 33 55 53 37 40 48 31 46 50 28 37 54 5 20 48 23 10 36 13 19 52 46 37 31 25 9 14 30 20 16 10 64 65 45 52 29 51 16 46 58 73 44 56 57 39 49 24 19 51 37 28 64 19 72 60 35 44 71 58 14 11 70 26 24 65 53 68 23 38 76 26 20 59 70 56 44 42 52 41 62 38 63 12 71 24 44 56 59 45 15 24 18 12 53 56 12 17 70 8 62 48 56 31 28 56 40 51 43 63 49 3 36 68 20 65 40 45 54 46 18 55 51 20 50 43 42 57 26 35 52 52 55 51 36 24 49 54 36 56 42 32 20 37 52 29 53 13 45 38 66 34 57 52 68 47 44 51 45 47 24 41 60 65 44 39 48 44 35 51 26 51 12 59 57 25 30 50 17 20 10 53 35 50 9 54 14 36 28 36 11 27 44 21 17 38 42 53 45 41 22 31 40 46 8 38 54 50 29 50 16 19 58 55 45 3 47 62 15 77 37 60 6 70 68 76 37 64 43 25 55 69 45 35 29 50 3 55 37 26 71 24 44 28 52 40 45 71 74 28 39 24 58 72 33 66 64 32 56 16 59 53 39 65 54 61 40 35 52 46 46 35 70 50 46 64 69 29 37 45 50 28 60 26 15 0 41 63 21 28 25 35 18 52 18 30 35 48 20 45 67 42 59 51 49 39 25 31 26 68 53 25 52 25 43 10 39 12 62 56 3 43 39 31 53 25 14 48 11 16 36 36 54 10 54 44 31 56 40 39 11 33 18 50 49 38 27 41 55 70 43 45 7 6 33 19 9 50 34 59 67 40 35 3 54 26 56 34 6 43 59
57 29 47 44 15 23 31 21 26 44 20 42 38 39 32 29 32 51 11 4 37 28 8 15 11 23 20 22 22 19 49 39 33 48 42 35 39 35 12 13 48 27 13 33 39 40 42 54 38 40 13 41 37 12 32 22 32 38 17 19 13 19 27 20 38 26 39 30 31 19 26 33 22 27 16 44 44 8 50 22 38 32 38 41 33 17 32 27 31 29 23 27 42 41 12 15 11 21 20 42 28 29 29 30 26 11 39 42 28 36 30 20 39 34 14 5 45 8 26 28 48 42 35 21 29 22 10 16 11 28 45 7 20 33 17 9 8 17 5 38 18 19 27 13 17 35 6 16 18 8 46 26 36 33 9 35 10 14 20 7 8 45 33 6 29 17 31 22 23 22 39 43 36 22 29 10 17 12 24 17 52 11 48 41 18 6 22 38 25 33 41 36 7 33 23 12 35 36 27 28 36 35 13 28 28 37 38 32 50 18 15 10 39 53 28 40 9 28 21 3 14 30 28 49 8 32 26 23 40 30 18 32 34 21 38 32 38 35 28 35 49 36 38 8 45 36 24 38 34 16 28 10 12 16 41 25 22 34 40 23 17 16 33 5 30 36 29 30 48 17 35 27 34 41 30 10 15 29 27 17 42 56 48 35 13 40 12 31 32 41 15 15 18 14 33 29 38 34 37 20 18 18 17 15 19 41 16 38 14 33 30 19 9 44 35 16 23 25 13 13 14 40 13 24 31 27 21 21 29 30 52 21 42 14 19 17 27 40 38 20 15 29 15 25 20 13 30 30 25 24 27 31 25 27 35 19 30 20 35 39 28 16 43 34 33 27 16 26 26 29 45 30 30 41 31 26 36 49 37 42 31 10 14 56 34 26 26 26 16 38 13 22 29 44 35 23 37 35 38 43 6 33 26 35 43 35 19 13 38 16 40 14 11 18 41 39 6 20 54 25 40 38 44 19 4 22 22 39 40 34 35 41 30 35 20 19 25 26 44 29 32 13 19 24 23 21 36 13 16 24 33 19 28 10 17 21 41 19 35 41 0 23 27 30 38 23 26 19 40 19 9 16 33 36 41 49 40 28 25 5 22 15 34 33 56 39 28 22 16 34 35 35 21 18 39 33 7 35 35 17 30 9 33 28 23 43 15 34 14 5 22 23 22 42 39 37 24 34 23 4 26 24 18 37 23 28 35 43 28 34 34 17 9 20 30 25 14 39 30 32 15 35 35 45 37
67 30 32 66 38 44 38 43 48 51 9 35 58 55 17 34 54 60 27 26 41 50 30 25 33 46 18 26 44 22 59 56 38 61 33 54 47 22 30 19 55 49 22 38 26 56 38 64 60 26 31 64 60 19 52 31 46 59 27 6 13 38 8 40 32 16 54 51 35 34 46 22 15 49 36 55 55 30 57 22 60 52 44 51 55 39 17 29 51 51 8 30 28 31 19 37 23 16 39 35 50 49 50 30 34 28 41 58 38 57 34 6 52 56 12 27 50 16 26 26 57 45 44 19 15 17 31 36 31 38 54 21 20 17 31 29 29 31 26 58 14 10 35 12 32 22 28 23 19 16 58 22 55 46 15 24 19 22 6 27 31 58 36 27 19 38 47 19 17 39 59 48 57 42 51 32 17 11 37 29 63 33 59 48 40 27 20 60 45 39 60 58 29 56 46 12 43 49 43 46 57 55 33 50 49 58 33 21 62 25 35 15 59 65 24 28 24 27 23 26 23 48 50 57 27 49 10 45 28 25 34 41 17 21 58 54 28 53 47 28 57 26 57 26 32 54 47 38 19 11 37 27 12 28 39 38 2 56 30 45 31 7 31 20 52 54 49 52 55 12 56 50 18 63 22 20 12 45 45 10 55 67 60 29 22 62 32 15 52 36 33 23 15 25 53 28 43 54 43 30 28 8 38 32 26 47 11 44 34 52 35 15 28 47 46 37 45 38 13 34 11 60 22 36 19 41 14 29 11 38 64 29 51 26 41 29 19 35 48 32 20 38 31 27 42 15 52 25 28 45 44 36 47 47 56 25 43 23 57 43 50 35 60 47 56 45 25 46 47 41 57 32 38 53 50 42 47 60 58 55 33 16 35 66 54 46 21 24 30 60 24 3 50 30 48 10 59 21 28 30 27 25 36 53 48 22 32 34 54 25 62 9 31 38 31 58 20 41 63 36 50 26 32 40 25 44 22 27 56 25 28 56 29 55 12 17 37 8 50 23 44 31 19 31 30 36 22 16 28 3 18 40 41 20 26 42 42 39 55 63 23 0 49 47 56 38 48 18 60 40 31 20 53 45 34 62 41 31 29 25 44 37 52 19 65 57 30 42 31 55 47 56 5 11 61 43 25 50 38 39 52 17 55 50 37 57 13 56 10 21 39 19 33 54 60 52 46 40 27 26 43 35 13 24 32 36 57 65 43 54 56 19 31 8 14 37 34 62 31 50 8 50 58 57 36
62 42 72 20 15 17 47 7 10 56 44 65 26 40 58 47 7 59 24 24 54 14 20 36 17 7 45 36 14 36 55 39 49 50 66 30 51 60 21 38 59 9 31 50 64 40 62 61 15 66 20 19 14 33 26 39 39 23 29 46 38 15 54 23 61 52 41 19 49 22 22 58 48 6 24 51 51 21 60 39 21 23 52 50 12 14 59 48 25 9 50 47 68 66 33 16 29 42 13 65 5 27 17 51 44 30 56 41 42 21 48 47 44 13 39 23 58 34 49 50 57 58 48 41 55 47 22 15 24 41 54 33 39 59 33 25 24 26 24 31 45 43 43 40 24 61 22 38 42 35 50 50 33 41 36 60 35 32 46 23 20 48 51 23 54 17 35 47 49 31 27 58 23 25 8 18 37 39 36 35 57 18 54 53 10 25 46 21 21 48 36 12 21 9 10 39 48 42 33 29 22 25 22 1 19 23 60 57 54 33 21 35 29 57 51 66 27 51 38 25 31 30 3 58 27 33 53 11 65 54 31 45 61 39 27 11 63 35 28 59 59 61 34 28 70 35 5 57 60 40 43 24 38 35 61 38 49 10 65 5 25 43 55 30 6 33 22 15 59 40 24 5 60 16 55 31 40 34 31 44 48 62 52 58 31 22 19 58 28 62 21 37 44 28 26 50 53 30 52 38 37 44 20 29 33 55 43 53 17 32 48 45 27 59 46 13 19 37 39 19 41 28 36 37 57 35 47 33 56 46 55 32 51 28 9 36 52 61 48 36 39 44 30 46 8 39 13 53 38 5 33 49 12 23 21 34 38 43 12 55 16 17 40 41 10 30 37 23 17 40 50 50 45 47 28 33 45 54 22 46 51 34 21 61 25 20 51 49 26 18 29 48 18 70 42 49 16 61 62 68 25 57 41 33 58 61 25 17 38 31 18 41 19 21 65 35 32 9 60 39 50 63 68 9 25 6 40 65 42 59 59 41 51 27 43 44 38 53 57 54 43 28 43 42 42 33 62 39 27 51 59 10 39 35 31 9 60 23 26 21 27 49 0 32 35 34 7 44 32 11 19 40 28 47 63 52 59 48 45 28 6 13 33 59 62 35 48 24 24 20 44 23 47 44 19 45 29 38 52 15 8 36 10 20 35 45 39 11 40 29 30 48 37 47 25 40 15 50 44 25 29 39 44 62 40 44 16 20 36 28 19 41 19 47 56 39 16 19 50 32 42 40 15 51 57
31 57 55 35 22 16 20 28 23 25 47 42 17 10 45 23 30 27 37 29 27 20 27 23 27 25 32 50 19 48 24 10 23 20 45 9 21 44 35 29 27 25 41 24 47 11 38 29 31 50 36 31 30 41 10 19 8 21 44 42 42 37 47 12 39 39 10 16 24 42 11 42 36 27 14 19 20 25 29 51 22 13 22 18 26 21 46 27 10 25 43 25 51 47 41 21 40 50 37 43 29 7 17 29 20 20 29 13 15 20 24 42 12 26 43 30 28 36 30 31 26 29 18 50 43 34 21 34 19 14 23 27 49 47 16 21 22 43 31 13 35 46 19 35 42 46 30 25 30 32 19 33 9 10 33 44 29 43 46 32 27 17 25 30 40 19 3 33 35 9 17 28 17 9 27 28 46 39 11 19 26 25 23 23 30 25 32 23 12 20 14 31 29 31 23 36 18 11 5 3 19 14 18 32 15 19 37 42 23 47 17 39 15 26 34 48 37 31 50 29 42 4 31 27 22 3 44 22 47 35 14 16 49 50 16 26 45 7 4 40 28 43 11 23 51 8 27 32 47 43 17 36 39 20 35 12 46 31 45 31 42 41 33 34 30 8 12 20 28 45 16 28 48 33 39 39 44 3 3 38 16 30 21 38 42 25 34 47 8 39 39 25 34 41 10 30 24 9 23 19 20 40 16 16 47 25 37 24 35 6 22 34 21 29 15 32 14 11 35 20 36 18 26 13 43 8 36 49 47 20 24 48 19 42 27 19 37 38 17 16 28 17 16 27 30 33 23 34 53 33 4 23 21 9 18 47 8 27 28 26 18 36 14 10 29 3 23 10 16 11 19 27 18 16 6 6 14 23 20 15 28 38 18 30 13 13 35 31 42 26 41 47 16 52 10 41 27 47 43 51 24 39 16 7 28 45 44 33 9 44 29 39 33 15 45 12 29 32 29 14 19 46 49 31 30 29 51 48 12 41 39 12 30 13 48 32 13 46 27 37 13 17 30 21 21 12 47 32 42 46 47 32 10 28 45 34 32 13 13 28 30 47 32 0 9 10 26 31 15 33 29 28 9 18 41 21 32 26 24 26 32 31 5 45 31 10 27 10 41 18 13 17 47 37 26 15 24 6 26 20 27 31 28 14 11 15 43 28 38 34 9 34 15 15 19 9 18 23 24 27 5 15 36 46 18 19 24 33 6 10 20 29 28 41 46 14 34 28 28 4 41 9 25 19 32
29 65 63 33 28 20 27 33 25 27 56 49 13 7 54 30 32 27 44 37 32 21 34 32 34 29 41 58 23 56 23 4 29 17 53 5 25 53 42 38 29 27 49 30 55 6 45 28 30 58 43 29 30 49 9 27 14 18 51 51 50 42 56 19 46 48 8 17 31 49 15 50 45 29 22 19 20 32 30 59 20 12 27 21 26 27 55 35 11 27 52 33 60 54 49 28 47 59 42 50 31 10 18 37 28 29 35 7 23 17 31 51 13 26 51 38 31 44 38 39 26 34 23 58 52 43 29 40 27 22 24 36 57 56 25 29 31 50 39 7 44 55 27 44 48 55 37 34 39 41 18 41 3 15 42 52 38 51 55 39 35 14 32 38 48 25 10 41 44 18 13 32 14 16 28 35 54 47 20 28 24 32 22 27 35 33 40 21 16 27 5 31 36 31 27 45 24 13 14 10 16 12 26 35 17 16 45 50 21 54 24 47 10 23 42 56 44 39 58 37 50 8 33 27 31 8 53 26 55 44 23 23 57 58 12 26 53 4 10 47 28 51 3 32 59 3 31 38 56 52 24 44 48 29 42 20 55 31 53 35 49 50 41 42 31 3 14 20 29 53 13 30 56 32 47 47 52 12 12 47 16 28 19 46 50 22 40 56 8 45 45 34 43 49 9 38 29 6 28 28 29 49 23 25 55 29 46 29 41 5 30 43 30 34 20 38 18 19 44 27 45 12 35 21 51 16 45 56 56 27 21 55 22 49 32 28 46 45 20 25 37 25 25 35 35 42 24 43 61 37 13 30 24 13 17 55 15 36 28 32 19 42 6 14 29 12 32 14 19 18 18 34 25 17 8 15 18 22 18 14 35 47 26 27 11 16 43 39 49 25 48 56 17 60 14 50 26 55 51 59 32 47 24 4 32 54 51 40 5 52 27 48 40 22 52 3 37 37 27 23 21 54 56 36 38 34 60 56 9 49 47 7 38 10 56 41 21 55 31 45 18 26 39 29 30 21 56 41 50 55 55 37 18 37 52 38 38 20 11 25 38 56 35 9 0 19 29 40 8 38 37 37 7 22 48 18 38 34 32 34 36 37 4 54 29 1 35 17 48 17 17 15 56 46 24 21 33 8 33 26 29 40 28 15 20 11 51 28 47 43 18 42 24 15 15 9 21 29 33 35 13 24 45 54 26 26 23 31 14 8 19 38 35 50 54 22 40 26 35 7 50 11 25 19 39
35 51 47 41 21 18 14 29 25 23 39 35 25 18 36 15 34 29 32 24 21 24 22 14 24 27 23 44 21 42 26 19 16 25 37 18 19 35 31 20 27 27 35 18 38 19 31 32 36 41 32 37 35 35 18 9 9 28 39 33 34 34 38 12 31 30 17 21 17 39 15 33 27 29 11 21 22 20 28 44 29 20 18 19 30 21 37 18 18 29 34 17 43 38 34 20 34 43 35 35 31 14 22 21 12 13 24 21 9 27 16 33 16 31 35 25 26 28 21 22 26 25 15 43 34 25 17 32 14 8 23 19 42 38 8 15 17 39 25 22 26 38 11 26 37 37 25 15 21 24 23 24 18 10 25 35 20 37 38 27 23 22 18 25 31 18 10 23 26 4 26 24 25 10 30 25 39 31 3 10 29 22 25 21 29 19 22 30 15 15 23 35 24 34 25 28 15 13 6 11 26 22 14 34 19 26 30 33 27 41 14 31 24 30 25 39 31 22 44 23 37 13 33 27 16 12 35 24 39 27 5 11 39 44 24 30 36 16 11 31 28 34 20 16 43 17 29 25 38 35 10 31 31 11 29 5 37 35 37 32 38 33 25 27 33 17 18 25 27 37 24 30 38 39 30 33 36 7 8 29 20 34 25 30 36 32 30 38 17 31 35 16 25 36 19 21 20 18 19 10 11 31 15 9 42 22 28 20 31 15 15 25 15 26 13 30 17 3 26 17 27 26 17 4 34 4 27 44 38 13 29 43 20 37 27 9 28 30 16 7 19 11 8 18 30 24 27 26 47 34 7 16 23 15 25 42 7 18 33 22 22 33 23 11 33 9 13 14 19 7 22 19 12 18 14 5 14 26 27 19 20 31 15 33 20 17 26 22 38 33 35 38 21 44 13 32 32 38 35 42 18 30 9 16 25 36 40 30 17 39 35 31 29 13 37 21 21 31 31 6 18 37 40 30 25 30 45 39 19 32 30 19 22 21 40 23 5 37 25 28 10 10 21 12 12 3 38 23 38 38 37 31 6 19 39 33 27 12 21 35 23 38 34 10 19 0 28 22 24 31 26 18 17 15 33 26 26 17 15 19 32 29 15 36 33 20 18 11 37 25 13 24 39 28 33 12 17 13 20 20 31 23 32 19 2 21 35 32 30 28 5 25 6 19 27 15 20 17 15 22 8 7 26 37 9 12 29 39 6 19 26 20 24 32 36 6 31 34 20 13 33 13 31 22 25
56 44 69 19 11 10 41 7 4 50 44 60 20 34 55 42 7 52 25 22 49 8 18 32 15 3 42 38 8 38 49 32 44 44 62 24 46 57 22 34 53 3 32 45 60 34 58 54 13 62 21 17 12 33 20 34 33 17 31 44 37 17 52 17 56 49 34 13 44 25 16 55 45 2 19 44 45 19 54 41 17 17 46 44 8 10 56 43 18 4 48 42 64 62 33 12 30 43 17 60 4 20 11 46 38 25 51 35 36 16 43 45 37 9 38 22 53 32 44 46 51 52 42 42 52 44 19 17 20 35 48 30 40 56 28 21 21 28 23 25 42 43 38 38 26 58 21 34 39 33 44 46 26 35 34 57 32 33 45 22 18 42 45 22 51 12 29 43 45 25 21 52 18 19 4 16 38 37 30 30 51 15 48 48 11 22 43 16 15 42 30 11 20 8 4 37 42 36 26 23 16 19 18 7 13 18 55 54 48 35 17 35 23 50 47 62 27 46 39 23 32 23 5 52 23 27 50 5 61 50 26 39 58 41 21 7 59 28 22 55 53 57 27 25 66 29 3 52 57 40 37 25 37 31 56 32 48 9 60 8 27 41 51 29 5 27 16 10 53 40 18 3 57 16 51 31 39 28 25 41 41 55 46 54 32 18 20 55 22 57 23 33 41 30 20 46 47 23 46 34 32 42 15 24 35 49 40 47 19 25 42 42 23 53 39 15 13 31 37 15 39 23 32 31 54 30 44 35 54 41 49 34 45 29 8 31 49 56 42 31 35 38 25 42 9 37 7 49 40 10 27 43 6 17 15 36 31 39 10 49 10 19 34 35 8 24 33 17 11 34 44 45 39 41 22 27 39 48 17 40 46 33 16 54 19 14 47 45 28 15 30 47 12 66 36 47 12 58 58 65 23 53 36 26 52 57 28 17 32 32 16 39 20 15 61 29 29 11 54 33 44 60 64 11 23 7 42 61 36 55 54 35 47 20 43 41 32 51 52 50 37 24 40 37 37 27 59 36 29 49 56 12 33 32 33 12 54 17 20 18 26 48 7 26 29 28 0 40 26 13 18 36 22 42 59 45 53 43 40 25 9 13 27 56 56 29 43 18 26 15 38 17 46 42 16 39 25 31 47 10 5 33 8 14 29 39 38 9 39 28 24 45 32 41 20 34 9 44 39 22 23 34 42 59 35 39 12 18 29 22 14 37 18 45 54 33 18 15 45 25 40 34 12 45 52
49 41 29 57 30 33 20 37 39 34 22 24 45 39 16 16 47 42 29 22 24 40 25 9 28 38 2 35 34 32 41 40 20 43 24 39 29 17 30 7 38 41 27 20 21 40 24 46 51 23 31 54 51 25 38 14 29 47 33 14 21 37 16 27 19 9 38 39 18 37 33 15 6 42 24 37 37 23 39 33 48 39 26 33 46 31 17 11 37 43 13 13 25 23 24 29 27 29 38 24 43 34 39 13 16 15 24 42 20 45 16 13 35 47 21 23 33 18 9 10 39 28 26 31 13 4 22 34 21 21 36 12 30 17 15 20 20 35 23 43 5 23 17 9 35 18 25 7 2 13 40 7 39 29 13 17 10 28 20 25 26 41 19 24 11 29 31 4 5 23 46 30 44 28 43 28 27 16 21 13 45 27 41 30 35 20 3 49 33 22 44 50 25 48 37 13 25 32 27 32 45 42 23 44 37 45 20 14 44 33 25 19 45 47 9 22 25 11 33 21 29 33 44 40 18 33 14 37 22 12 19 23 19 32 45 45 20 37 32 17 39 18 41 16 26 38 40 22 18 21 19 28 17 12 24 21 17 49 22 40 34 15 16 19 45 38 36 41 37 23 43 42 18 54 12 24 22 29 29 10 37 49 43 17 28 51 30 17 37 23 34 8 4 30 39 12 25 39 25 12 12 12 27 18 33 30 9 26 33 36 18 4 18 30 28 34 33 21 10 25 10 46 8 19 14 25 5 36 17 20 46 36 34 31 35 13 9 22 30 16 5 20 17 9 37 8 42 11 38 41 28 18 37 34 44 33 27 5 48 26 39 34 44 30 47 29 9 33 36 24 39 15 20 35 35 26 30 42 46 37 15 20 25 48 40 34 8 8 34 50 29 20 38 26 31 11 49 18 19 25 19 14 18 37 31 18 37 32 38 31 52 14 29 27 22 42 14 37 45 19 32 20 25 36 22 38 33 22 39 16 17 40 13 41 25 1 20 16 32 11 26 18 1 13 12 20 19 8 33 17 17 37 24 10 32 39 26 27 41 52 19 18 44 31 40 22 40 0 45 36 27 5 38 27 22 44 25 13 11 17 39 33 36 16 48 41 13 29 34 43 29 43 21 8 50 25 16 33 21 30 44 10 46 37 21 40 22 47 14 21 24 5 16 37 47 36 35 22 9 21 29 18 6 19 15 18 46 56 27 39 44 3 26 11 15 20 33 51 14 34 17 33 48 39 20
34 66 69 26 28 20 34 31 22 34 59 56 7 13 60 37 28 33 45 39 39 18 35 36 35 27 46 59 22 57 29 11 36 23 59 7 33 59 43 42 36 24 51 37 61 13 51 34 24 64 43 23 24 51 9 33 20 12 52 55 53 41 61 21 53 53 15 14 38 49 15 56 50 26 25 26 27 34 37 60 14 10 35 28 22 26 61 41 10 24 56 39 66 61 51 28 49 61 41 57 28 11 15 44 34 33 42 13 29 12 38 55 20 21 54 39 39 47 44 45 33 41 30 60 57 48 31 40 30 28 31 39 59 62 30 32 33 50 40 2 48 58 33 48 48 61 38 38 44 45 24 47 7 22 46 58 42 52 59 41 36 21 39 39 54 25 16 47 50 22 7 39 9 19 25 35 56 51 26 32 30 33 28 34 34 35 46 15 16 34 5 26 37 27 25 48 31 20 19 14 11 8 28 31 15 10 51 56 27 55 26 50 4 28 48 62 46 45 60 39 51 12 30 34 34 14 58 24 61 50 27 30 63 60 6 22 59 10 14 54 35 57 5 35 65 10 28 45 61 55 31 45 51 33 49 26 59 26 59 33 49 53 47 44 27 8 13 17 36 56 9 27 62 26 53 49 55 17 16 51 23 33 25 52 51 15 41 61 8 52 45 38 47 50 8 44 37 7 35 33 34 53 24 29 56 36 50 36 41 9 36 48 33 41 27 37 18 25 48 29 49 5 39 27 57 22 50 57 61 33 26 56 29 50 30 33 52 52 28 30 41 31 29 41 33 46 20 49 61 35 18 37 22 14 12 56 21 42 23 39 17 42 10 21 25 16 36 15 17 25 24 41 32 24 11 20 25 28 12 21 42 49 27 32 8 16 49 45 50 19 50 59 15 67 21 54 20 61 57 65 35 53 31 9 39 60 51 39 12 53 21 51 40 23 59 6 41 35 34 29 28 60 63 35 40 32 61 62 15 56 53 14 44 6 59 46 27 59 38 51 25 30 44 35 35 25 61 45 50 60 61 36 24 41 53 37 45 22 7 18 40 60 32 15 8 24 26 45 0 37 37 41 7 30 55 24 45 40 39 37 34 36 10 59 35 7 41 19 48 12 24 10 60 50 18 28 36 15 39 26 25 44 24 14 25 18 54 23 50 45 22 48 30 22 9 16 20 36 39 37 17 30 49 60 32 33 18 24 20 7 14 42 36 54 60 28 40 20 42 12 54 18 19 25 46
64 32 65 30 11 18 44 7 16 54 34 58 32 42 50 43 17 59 13 15 51 20 12 30 9 11 38 25 15 26 56 41 46 52 60 34 50 52 10 30 58 15 21 47 56 43 57 61 25 58 10 28 24 22 29 35 38 30 19 37 28 5 45 22 54 44 42 24 45 13 24 51 40 14 21 51 52 14 59 29 29 28 49 49 21 12 50 42 28 17 41 42 60 59 23 12 19 32 5 59 13 29 22 45 39 24 52 44 39 28 44 37 44 22 29 14 56 24 43 44 57 55 45 30 47 39 17 5 18 38 53 25 28 51 28 19 18 16 15 35 36 33 40 31 14 53 13 32 35 26 51 43 36 40 27 53 27 21 36 13 11 49 47 13 47 15 35 39 41 29 33 55 29 24 16 9 27 29 33 30 58 11 55 51 3 17 39 29 23 45 40 22 12 19 13 30 45 42 32 30 28 30 18 12 23 30 54 50 56 23 18 25 34 58 45 58 17 45 28 16 20 31 13 58 20 35 44 14 58 47 28 42 52 29 32 20 56 37 29 52 58 54 37 21 62 38 11 53 52 30 40 14 28 30 56 35 39 20 58 7 15 33 50 20 16 36 25 22 58 30 30 14 52 27 48 21 30 34 31 35 48 63 53 52 20 30 9 49 31 57 10 31 36 18 30 44 50 33 49 34 32 35 18 25 23 52 34 50 7 34 43 37 21 56 44 3 20 34 30 15 32 34 29 34 49 34 39 23 47 43 57 22 50 18 7 31 45 56 46 32 32 41 26 40 5 31 19 47 28 6 32 44 16 25 27 24 37 37 22 52 21 6 44 40 19 30 31 25 20 38 51 45 42 48 30 32 44 55 29 47 46 24 17 62 30 22 44 42 15 27 18 38 23 62 42 40 25 53 55 61 18 50 38 35 55 53 16 6 40 21 28 32 9 19 58 39 23 2 61 36 49 56 61 3 15 7 30 57 44 52 52 44 45 31 33 37 35 44 55 47 41 23 36 38 37 30 54 31 17 42 51 1 37 27 21 3 56 21 30 30 19 40 11 33 38 31 13 36 37 0 10 32 32 46 57 53 55 43 40 20 6 4 35 51 63 39 43 23 13 26 43 28 37 36 28 42 21 39 48 13 17 27 20 24 32 47 28 21 31 19 28 41 34 47 32 41 18 47 38 16 29 36 36 55 35 41 24 30 35 32 26 34 10 38 48 36 6 28 45 34 32 41 24 51 52
59 29 55 37 10 18 36 13 20 48 26 50 33 39 40 35 24 54 8 5 43 23 4 22 3 16 28 22 17 21 51 39 38 49 50 33 43 43 6 21 52 20 15 39 47 40 49 57 31 48 7 34 30 16 29 27 34 33 15 27 20 11 36 18 45 34 39 25 37 14 23 41 31 19 16 46 47 6 53 24 33 28 42 44 26 12 41 34 28 22 32 33 51 50 16 10 13 26 12 50 20 27 24 37 32 16 45 42 32 31 36 28 40 27 21 5 50 15 34 35 51 47 39 25 37 30 9 8 12 32 48 15 23 41 21 11 10 14 5 35 27 25 32 22 13 44 3 23 26 17 48 34 35 35 18 43 18 16 27 5 3 46 39 4 37 13 32 30 31 24 34 48 31 21 21 2 21 20 27 22 54 5 50 45 10 8 30 32 22 38 39 28 3 26 17 20 39 38 28 28 31 31 12 20 23 32 45 40 52 19 13 17 35 55 36 49 9 36 23 6 15 29 20 52 12 32 35 17 48 38 21 36 43 24 34 25 47 35 27 43 53 45 36 12 53 35 17 45 42 22 33 8 19 22 48 29 30 26 48 15 13 24 41 11 22 34 25 25 52 22 31 20 42 33 38 14 22 30 27 25 44 59 50 43 15 35 5 40 30 48 10 22 26 13 30 36 43 32 42 26 24 26 14 18 19 46 25 43 7 32 36 27 13 49 39 7 20 28 21 10 23 36 20 27 39 29 29 20 38 35 53 19 45 13 11 23 35 47 41 24 22 34 19 32 12 22 24 38 25 15 28 37 18 24 30 19 32 28 27 44 23 9 42 36 26 27 23 23 21 32 47 36 35 43 29 27 39 51 32 43 37 16 12 58 30 22 34 33 13 32 13 29 24 52 37 31 30 44 46 51 9 41 31 34 48 43 15 5 37 16 33 23 4 15 49 38 14 11 56 29 43 47 52 10 6 14 25 48 41 42 43 41 37 32 25 27 28 34 49 37 35 16 27 30 29 24 44 21 14 33 42 10 31 18 17 13 48 18 31 35 9 31 19 29 37 26 18 27 37 10 0 23 31 39 48 50 47 34 31 11 14 7 33 41 58 37 35 20 12 29 38 30 28 26 33 36 13 35 41 12 23 18 25 25 26 44 20 26 22 10 23 32 26 43 34 38 19 39 30 7 25 29 27 45 28 33 29 36 30 31 29 25 2 29 38 29 6 33 37 31 23 37 29 47 44
48 40 33 53 25 29 20 33 35 33 23 27 41 36 20 16 42 41 26 19 24 35 21 6 24 34 6 34 30 30 40 37 20 41 28 35 28 21 27 4 37 37 25 20 25 37 27 45 47 27 28 50 47 23 34 11 26 43 30 15 20 33 20 23 23 13 35 35 18 34 29 19 10 37 19 35 36 19 39 32 44 35 26 32 42 27 21 12 33 39 16 13 29 27 22 25 24 29 34 27 39 31 35 15 15 11 25 39 18 41 16 15 33 42 20 20 33 16 12 12 38 29 25 30 17 8 18 30 17 19 35 9 29 22 12 15 16 32 20 39 8 23 15 9 32 22 21 3 3 10 39 11 36 26 11 21 7 26 21 22 22 38 19 21 15 25 28 8 10 20 42 30 40 24 39 24 26 15 18 10 44 23 39 29 31 16 7 44 29 21 41 46 21 44 33 12 24 30 24 28 41 38 19 40 33 41 23 18 43 31 20 18 41 45 13 27 23 14 32 18 27 30 40 39 14 30 17 32 26 15 15 22 23 31 41 41 24 34 28 20 39 22 38 12 31 35 35 24 22 20 18 25 16 9 26 18 19 44 26 36 32 16 19 17 41 35 32 37 37 22 39 38 22 50 16 22 21 25 26 11 35 48 41 20 26 47 27 21 33 25 31 4 7 27 35 14 25 35 25 10 9 13 23 14 32 29 10 26 29 33 18 7 13 31 26 30 29 19 10 21 10 43 4 17 18 22 9 34 20 19 44 34 32 28 31 9 13 24 28 13 1 19 13 10 33 7 38 15 36 37 25 18 33 30 40 31 24 6 44 26 34 31 41 27 43 26 5 29 32 21 38 16 19 33 31 23 28 40 42 35 17 18 20 47 37 30 12 11 31 46 26 21 34 30 29 14 45 22 23 29 15 18 16 34 31 22 34 28 35 29 48 14 26 23 26 39 10 33 44 16 31 24 29 32 19 34 32 26 36 20 20 37 15 37 25 5 17 19 32 15 24 14 4 12 10 17 23 6 30 20 21 33 21 6 30 35 27 22 37 48 16 20 40 28 37 18 36 5 41 32 23 0 34 26 26 42 26 14 11 13 35 29 33 20 47 38 13 25 31 39 27 39 22 10 46 23 12 31 22 26 40 8 42 33 18 38 21 43 13 19 20 9 14 35 43 33 31 22 9 17 25 15 8 23 13 17 42 52 24 36 40 2 23 14 19 17 29 47 15 31 17 30 43 37 22
35 60 63 27 22 14 29 26 18 32 52 51 8 13 53 31 25 32 39 32 35 14 29 29 28 22 39 52 17 51 29 11 31 23 54 3 29 52 36 35 34 20 44 32 55 13 47 34 24 58 37 23 24 44 3 26 16 13 46 48 46 36 54 14 47 46 14 10 32 43 9 50 44 22 18 25 26 27 35 54 14 6 31 25 20 20 54 35 4 20 49 34 60 55 44 22 42 54 36 51 24 4 11 38 28 26 38 13 24 12 32 48 18 20 47 32 36 40 38 39 32 37 26 54 50 42 24 34 23 22 29 32 52 55 23 25 26 44 33 5 41 51 28 41 42 54 32 32 37 38 24 41 5 17 39 52 35 45 52 34 29 21 34 33 48 19 11 40 43 15 9 36 9 12 22 29 49 44 19 25 30 26 28 31 29 28 39 15 10 29 9 25 31 25 20 41 27 17 13 7 11 6 21 28 10 10 46 50 27 49 19 43 7 29 42 56 39 39 53 32 45 5 26 33 27 9 51 19 55 44 20 25 56 53 8 20 53 7 7 48 34 51 6 28 59 8 24 40 55 48 25 38 44 26 44 20 52 25 54 29 43 46 42 37 25 6 7 14 34 49 8 23 55 26 47 42 48 12 10 44 22 34 25 46 45 17 35 54 1 47 39 31 41 43 2 38 32 2 31 27 27 46 18 22 49 32 43 32 35 5 31 41 26 37 23 32 12 19 41 22 42 9 32 21 51 16 43 51 54 28 27 50 26 44 25 26 45 46 24 23 34 26 22 35 28 39 17 43 55 31 12 32 17 7 11 50 16 35 22 35 13 36 13 17 23 9 30 8 12 20 24 35 27 22 4 14 21 28 12 19 36 42 20 33 5 10 43 39 44 19 43 52 10 61 18 48 20 55 52 59 28 47 25 5 35 53 45 34 11 47 21 44 34 16 53 8 34 30 34 23 25 54 57 29 33 27 55 56 15 49 47 14 39 4 52 39 21 52 35 45 21 23 37 29 29 19 55 38 44 53 54 31 19 34 47 32 41 15 5 20 33 53 28 9 7 17 22 38 7 32 31 34 0 26 49 24 40 34 32 30 29 30 7 53 35 8 35 12 42 11 20 9 53 43 18 24 29 12 35 20 22 37 22 9 19 18 47 22 43 38 15 41 23 21 10 14 15 31 32 31 10 24 42 54 26 27 17 25 15 2 13 36 30 47 53 22 34 20 36 6 47 15 19 24 41
23 64 43 52 35 32 8 43 39 9 48 28 33 18 38 12 47 16 45 37 10 36 36 22 38 40 27 57 35 54 15 20 9 17 32 24 4 35 45 28 13 41 48 10 36 19 23 20 48 39 46 48 47 47 27 15 10 38 52 40 44 49 42 26 26 32 16 33 11 52 27 33 31 43 25 11 11 34 14 56 39 30 5 7 43 35 39 18 27 42 39 16 40 34 46 34 46 54 49 29 45 24 33 18 12 25 13 20 8 37 13 39 12 43 45 38 11 39 21 22 13 12 1 54 36 29 31 46 28 9 10 30 54 40 19 29 30 52 39 28 31 48 11 34 51 37 39 23 26 34 15 25 23 9 35 34 30 49 46 40 37 16 12 39 32 32 15 27 30 18 34 11 34 24 43 39 50 40 13 20 19 36 14 6 43 32 26 40 28 6 26 48 38 47 39 37 2 10 16 20 36 31 29 48 31 35 24 32 18 53 28 42 31 20 25 36 44 21 56 36 49 21 47 14 29 17 39 38 35 25 19 5 41 55 32 42 33 20 21 28 14 32 25 29 38 20 42 17 39 45 8 44 41 20 20 11 43 47 33 46 51 41 21 39 46 22 29 37 13 47 33 44 40 50 30 45 46 15 18 36 12 22 17 26 48 42 44 40 25 24 49 24 30 49 27 20 8 25 6 17 19 38 29 22 54 8 35 7 45 22 11 30 28 12 3 44 30 12 35 32 35 34 26 13 35 12 32 57 41 8 20 56 7 50 41 19 30 24 3 16 26 8 22 19 44 32 39 24 60 48 16 10 37 26 35 54 11 22 45 10 34 47 23 9 45 19 22 26 32 9 14 15 7 10 23 16 5 15 37 13 16 42 29 22 30 29 27 23 51 44 48 46 33 41 9 37 44 38 31 39 31 29 10 21 11 36 54 44 18 51 46 39 43 28 32 25 32 45 19 11 6 35 36 44 38 44 56 36 17 31 27 18 19 29 50 28 12 41 10 28 6 24 26 14 16 16 38 31 51 44 39 45 10 29 52 47 16 26 30 45 36 45 47 18 22 15 42 27 30 46 39 26 26 0 27 19 16 16 16 32 46 43 20 37 21 23 17 25 50 35 6 34 47 34 43 4 29 15 11 34 44 32 44 31 14 16 46 45 39 40 19 27 14 12 35 15 34 8 18 35 20 12 33 36 14 9 41 50 13 27 37 26 38 38 39 11 45 45 16 20 42 12 43 13 18
44 62 18 74 49 50 21 57 57 28 41 2 57 44 20 19 65 37 51 44 17 56 46 28 49 57 22 57 52 53 38 46 19 43 6 49 25 14 52 29 30 59 49 18 13 45 6 40 68 15 53 70 68 47 50 25 35 61 55 32 41 58 28 43 3 19 43 54 18 59 48 13 21 60 40 36 35 44 32 53 62 52 23 32 63 50 20 16 50 61 27 17 16 9 46 48 49 49 60 3 62 46 54 13 22 34 15 47 26 59 17 31 38 63 42 45 24 40 15 14 34 19 26 51 20 21 42 55 40 27 32 34 51 21 31 39 40 57 45 53 25 42 22 31 57 15 46 26 24 35 40 15 48 34 35 13 32 50 39 47 47 42 16 46 16 47 39 20 20 36 58 22 57 43 61 49 48 37 31 29 42 47 38 25 56 41 19 63 48 22 52 67 46 66 56 34 25 36 37 43 59 54 42 64 52 58 4 14 42 54 43 41 56 44 13 12 47 13 54 43 51 44 63 34 38 42 25 55 11 12 33 26 21 52 56 62 9 45 44 7 32 10 50 37 13 46 59 11 19 41 25 50 38 29 8 29 33 66 8 60 56 35 9 41 64 47 50 57 29 43 56 61 20 71 13 46 42 38 40 29 37 43 41 7 50 65 52 22 49 3 56 27 25 52 51 13 20 49 22 26 27 31 44 35 55 24 29 21 54 46 19 24 37 20 30 55 49 31 32 45 31 58 29 30 17 34 23 58 25 22 44 58 32 53 55 28 16 4 30 29 27 24 34 18 57 30 59 11 59 62 38 18 55 47 58 54 34 21 65 19 54 56 49 35 65 41 27 47 52 30 39 15 23 36 46 37 32 39 60 39 14 42 43 44 53 49 16 16 56 65 51 37 53 16 35 26 65 17 8 14 40 10 25 46 23 15 59 53 44 53 68 34 51 44 7 50 36 58 39 27 31 12 10 57 44 58 54 12 43 10 7 44 13 53 44 23 29 28 25 13 30 35 23 22 22 33 16 30 55 32 20 58 31 32 54 60 13 43 54 67 41 34 63 41 48 33 59 22 55 57 48 26 49 27 0 44 13 16 19 38 60 54 45 17 42 49 16 44 56 57 32 56 39 27 65 27 36 40 16 49 62 32 64 52 32 43 43 64 34 43 37 19 28 38 59 41 52 20 20 42 41 27 26 14 25 22 62 72 35 51 59 25 48 28 23 28 54 67 14 44 37 38 64 38 9
12 77 61 50 43 36 26 49 42 17 64 45 30 12 56 30 49 11 57 49 27 38 47 38 48 45 45 70 39 68 8 14 26 2 49 22 19 53 56 44 16 44 61 28 54 12 39 11 47 57 56 45 47 60 26 32 18 35 64 57 60 57 60 33 43 50 12 34 30 63 30 50 49 46 34 9 9 45 16 70 37 29 22 13 43 42 57 36 28 44 56 34 58 51 60 42 59 69 58 46 48 26 35 37 29 39 29 12 25 35 31 56 10 43 61 50 21 54 39 40 13 26 20 69 54 47 42 55 39 24 13 45 68 58 33 41 42 63 51 24 49 64 28 51 62 55 50 39 44 50 4 43 20 17 51 52 46 62 63 52 48 5 30 51 50 39 19 44 47 27 29 23 32 30 45 49 65 56 26 34 7 46 7 19 51 44 43 38 32 25 19 48 49 49 43 53 21 14 23 24 34 29 39 51 33 33 41 51 4 66 37 57 26 6 43 54 56 39 70 49 62 23 50 13 42 19 57 42 53 44 31 22 59 69 29 43 51 18 25 46 15 50 20 42 56 17 47 33 57 61 25 56 56 35 36 25 61 48 50 51 63 57 39 53 48 19 30 38 17 63 31 47 58 49 48 58 61 21 23 53 8 11 3 44 62 39 54 58 25 41 59 40 48 61 26 38 24 23 23 33 35 55 37 35 67 20 52 23 55 21 29 47 40 25 17 53 34 25 51 41 52 29 42 26 53 23 49 69 59 26 4 68 13 62 48 34 48 41 16 31 43 25 34 37 51 48 41 43 73 54 22 29 40 29 34 67 20 40 45 25 36 57 14 16 46 24 38 30 35 22 5 34 25 10 24 24 15 6 35 8 33 57 39 10 28 32 45 41 63 42 61 63 34 58 14 54 43 55 49 56 44 47 27 19 22 54 65 54 14 64 44 56 54 35 49 19 47 52 11 26 14 53 53 52 50 50 71 54 10 49 45 11 38 27 65 45 26 59 21 46 19 36 43 32 33 29 56 48 63 61 57 53 22 45 65 54 31 33 28 42 49 62 52 21 18 26 45 44 24 53 50 42 24 19 44 0 32 34 34 45 52 52 19 55 12 18 35 31 61 34 15 32 64 51 41 20 43 15 29 41 46 48 45 32 27 7 61 45 55 54 28 45 29 8 31 13 38 26 35 47 25 27 50 54 30 27 40 48 21 25 36 43 49 55 57 26 55 43 35 21 58 14 42 7 35
32 65 30 66 45 44 13 53 51 16 46 14 48 33 29 13 59 24 51 43 6 49 44 26 46 52 24 59 46 56 26 35 10 31 18 40 14 24 51 29 19 53 50 9 24 34 8 29 61 27 52 62 61 49 42 21 25 52 56 37 45 57 35 37 13 25 32 47 11 58 40 22 26 55 35 24 24 42 20 57 54 44 11 20 56 45 30 14 42 55 34 14 28 20 48 44 50 53 58 15 57 38 47 12 16 32 3 36 18 51 11 36 27 56 45 44 13 41 16 15 22 6 15 55 28 25 39 54 37 19 20 33 55 30 27 36 38 57 44 44 29 47 16 34 57 26 45 25 25 36 28 19 39 24 36 23 32 52 44 46 45 30 9 45 24 42 30 23 25 29 49 9 49 36 55 47 51 40 24 25 30 45 26 13 53 39 22 55 41 12 42 61 45 60 50 37 15 25 29 35 50 46 38 59 45 50 11 23 30 56 38 43 47 32 17 24 48 14 57 42 52 36 58 21 36 33 33 49 23 17 28 16 31 56 48 56 21 35 35 16 21 20 40 35 25 36 54 3 29 45 17 50 41 26 5 22 39 60 20 56 57 39 10 42 58 37 43 50 18 47 48 56 30 64 21 47 46 29 32 34 26 32 30 14 51 57 51 31 40 10 55 26 28 53 42 14 9 40 10 21 24 35 39 31 57 12 33 10 53 37 12 27 35 9 19 52 42 23 34 41 34 49 28 23 26 26 28 60 34 13 32 60 20 54 51 24 23 9 19 24 27 16 30 17 54 32 52 16 62 58 30 11 49 40 50 57 25 21 58 7 48 55 39 25 58 33 25 39 45 22 27 11 15 24 38 29 21 27 52 28 10 44 39 31 44 42 20 18 56 58 52 43 46 27 25 32 58 27 19 25 38 18 18 37 10 25 59 52 34 55 60 38 50 39 18 40 36 55 28 20 19 23 22 54 43 54 57 24 32 20 15 34 13 44 49 25 22 35 12 19 20 32 24 17 19 26 27 31 55 39 29 55 22 32 56 57 2 37 45 59 40 41 59 32 38 26 53 25 45 55 47 26 40 16 13 32 0 13 16 37 56 52 35 27 30 39 13 37 56 49 22 48 45 31 57 18 35 30 7 44 56 34 58 44 25 31 46 58 38 44 30 23 22 26 50 30 46 10 18 41 33 20 30 24 20 15 55 65 27 42 51 26 46 34 31 21 53 59 11 35 41 27 56 26 5
37 53 30 58 34 34 9 42 41 21 35 18 42 31 23 4 49 30 38 31 11 40 32 14 35 41 13 47 36 43 30 32 8 33 20 34 17 20 39 17 25 43 38 8 22 32 15 34 52 25 40 54 52 37 35 9 21 45 44 26 33 45 27 27 14 17 29 38 5 46 32 18 16 44 25 26 26 30 27 45 46 37 14 22 47 34 24 3 34 45 24 1 26 21 36 33 37 42 46 18 46 31 38 4 6 20 12 33 11 44 4 25 26 47 34 32 20 29 6 6 27 15 15 43 21 14 27 42 25 13 24 21 43 25 15 25 26 45 32 38 18 35 7 22 44 22 33 13 13 24 30 10 34 20 24 19 20 39 33 34 33 30 6 33 17 32 24 12 15 20 43 17 42 27 45 35 39 29 15 14 34 33 29 17 41 26 11 47 32 10 38 52 33 50 40 25 14 23 22 28 43 39 26 48 36 43 13 18 33 44 27 31 41 35 9 23 36 6 45 30 40 29 48 27 24 27 24 39 22 11 17 13 25 44 41 46 20 30 28 14 27 18 35 22 26 31 43 11 24 33 10 37 29 14 14 14 29 51 20 45 44 28 8 30 48 32 34 41 24 35 41 45 24 55 15 35 34 23 25 22 27 37 32 13 39 49 39 25 33 15 43 14 17 40 35 5 13 34 13 10 12 25 29 19 45 17 22 14 41 31 6 16 23 18 17 41 33 15 23 29 23 43 16 14 19 19 17 48 26 8 35 47 22 41 40 13 15 14 19 13 15 10 19 5 42 20 43 10 50 47 23 6 39 32 42 44 19 9 49 13 39 43 36 21 49 25 13 31 36 16 29 2 10 25 31 21 20 30 44 28 3 32 28 37 37 33 12 8 44 50 39 33 38 27 22 22 49 23 18 26 25 14 10 31 18 21 47 39 30 42 52 27 38 28 20 36 23 43 33 12 21 21 23 42 31 43 45 22 30 16 14 31 5 38 37 14 13 26 20 13 17 20 13 6 7 17 23 19 43 29 23 43 16 19 43 45 14 27 38 51 28 31 48 26 34 17 43 13 40 43 34 14 34 16 16 34 13 0 3 25 45 40 30 22 35 35 1 28 43 42 20 41 34 20 49 15 23 26 8 33 47 22 48 36 16 31 34 49 26 32 21 13 12 26 44 27 36 9 6 29 25 11 19 21 9 8 46 56 20 35 43 14 34 24 24 13 40 51 3 29 30 24 48 28 10
39 51 32 55 31 32 9 39 39 23 33 20 40 30 23 5 47 31 35 28 14 38 29 11 32 39 12 44 34 41 31 31 10 33 23 32 18 21 36 14 27 40 35 10 23 31 18 35 50 26 37 52 49 34 33 7 20 43 41 24 30 42 26 25 16 17 29 36 7 43 29 19 15 42 22 26 27 27 28 42 44 35 15 23 44 32 24 3 33 42 23 2 28 23 33 30 35 40 43 21 43 29 36 6 5 17 14 33 11 42 5 24 25 45 31 29 22 26 6 7 28 18 15 40 20 13 24 39 22 12 25 18 40 25 13 22 23 42 29 37 16 33 6 20 41 23 30 10 11 21 30 10 32 20 22 20 17 37 31 31 30 31 9 30 17 29 23 11 14 18 41 20 40 25 43 32 37 26 14 11 35 30 30 19 38 23 10 45 30 11 37 49 30 48 37 23 14 23 20 26 41 37 24 45 34 41 15 18 34 41 24 29 39 36 10 24 33 7 43 27 37 27 45 29 21 26 23 36 24 12 15 13 26 42 39 44 21 29 26 16 29 19 34 19 28 30 40 14 24 31 9 34 27 11 17 13 28 48 22 42 41 26 11 27 45 31 32 39 26 33 39 43 25 53 15 32 32 22 23 20 27 38 32 15 36 47 36 24 32 18 40 11 15 37 34 6 15 33 15 7 9 23 26 17 42 19 20 15 38 30 7 14 20 20 18 38 30 14 20 26 20 41 13 12 20 17 16 45 26 9 36 45 23 38 37 10 15 17 19 10 12 10 16 3 40 18 41 11 47 44 21 8 36 29 40 42 18 7 47 15 36 40 35 21 46 24 10 29 33 15 29 5 10 25 29 19 20 31 42 28 6 29 25 38 35 31 12 8 41 47 37 31 35 29 22 21 47 23 20 27 22 15 9 30 20 22 44 36 29 39 49 25 35 26 22 35 20 40 34 10 22 22 25 39 28 40 43 24 30 17 15 31 7 36 35 12 12 25 22 13 16 17 10 4 4 15 24 17 40 28 24 40 15 17 40 42 17 24 36 49 25 29 45 24 32 15 40 11 39 40 31 11 32 16 19 34 16 3 0 22 42 37 29 22 37 33 4 25 40 39 20 39 32 19 47 15 20 25 11 31 44 19 45 34 14 30 32 46 24 29 19 12 10 27 42 27 34 11 3 26 23 9 17 22 7 8 44 54 19 34 41 11 31 22 24 11 37 49 6 27 27 24 45 28 13
53 33 45 43 14 20 27 21 25 40 23 39 35 35 31 25 31 47 14 7 34 26 8 12 12 23 18 26 20 23 44 35 29 43 40 31 35 33 15 11 44 26 17 30 37 36 39 50 37 39 16 40 36 16 29 18 28 35 21 20 17 21 28 17 35 25 35 27 27 22 22 31 21 26 13 39 40 7 45 26 36 29 34 37 31 16 32 23 28 28 24 24 41 39 16 14 15 25 22 40 27 26 26 27 23 7 35 38 24 33 26 21 35 32 18 8 41 11 24 25 44 38 31 25 28 20 7 18 7 24 40 5 24 32 13 5 5 21 8 35 18 22 23 14 20 34 8 13 16 9 42 24 33 29 10 34 8 18 23 10 9 40 29 9 27 14 27 20 22 18 36 39 33 19 28 11 21 15 20 13 48 10 44 37 19 3 20 36 22 29 38 35 9 33 22 13 31 32 22 25 33 32 10 28 25 34 35 31 46 22 12 14 36 49 25 39 13 26 25 6 18 26 28 45 4 28 26 22 39 28 14 27 34 25 35 31 37 32 24 33 45 35 34 3 43 32 24 35 33 19 24 13 14 12 38 21 24 33 38 24 21 18 31 9 30 32 26 28 44 20 33 27 33 40 28 14 19 25 23 17 38 52 44 33 17 38 14 31 29 38 19 12 17 18 30 26 34 31 33 16 14 18 14 10 23 37 16 34 17 30 26 18 5 40 31 17 21 21 13 10 14 37 10 20 30 23 20 25 30 26 47 25 38 19 19 13 26 37 33 16 12 25 11 22 21 13 28 27 29 25 23 27 23 24 32 23 25 18 33 35 25 19 39 30 32 23 13 23 23 25 41 27 26 37 27 22 32 44 34 38 28 13 11 51 30 23 24 23 20 36 17 24 26 43 31 23 35 34 36 42 3 31 22 31 39 34 23 16 34 20 38 16 13 15 39 36 5 21 49 21 36 37 42 20 7 22 27 38 36 32 33 37 27 32 23 17 20 27 40 27 28 9 17 20 19 17 35 12 20 26 32 20 24 8 21 22 38 16 31 39 5 25 28 26 34 19 25 17 37 20 11 13 30 32 38 45 37 25 22 0 23 17 30 32 51 35 25 19 19 31 31 32 24 18 37 29 3 31 31 15 29 9 32 26 19 39 18 32 15 10 17 22 18 37 36 33 22 30 20 4 22 20 17 35 19 24 33 42 24 31 32 14 10 21 29 21 17 38 27 28 18 31 34 41 34
62 37 68 25 12 16 45 4 12 54 39 61 28 40 53 44 12 58 19 19 52 16 15 32 12 8 41 31 13 31 55 39 47 51 62 31 50 56 15 33 58 11 26 48 60 41 59 60 19 61 15 24 18 27 27 36 38 26 24 41 33 10 49 21 57 47 41 20 46 18 22 54 44 9 21 50 51 17 59 34 25 25 50 49 16 12 54 44 25 12 45 44 63 62 28 13 24 37 9 61 9 27 19 47 41 26 54 42 39 24 45 42 43 17 34 18 57 28 45 46 56 56 46 35 50 43 19 10 20 39 53 28 33 55 30 21 20 20 19 32 40 38 41 35 18 57 17 34 38 30 50 46 34 40 31 56 31 26 40 18 15 48 48 18 50 15 34 43 44 29 29 56 25 23 11 13 32 33 34 31 57 13 54 52 5 20 42 24 21 46 37 17 16 14 10 34 46 41 31 29 24 27 19 7 20 26 56 53 54 28 19 30 31 57 48 61 22 47 33 20 25 30 8 57 22 33 48 10 61 50 29 43 56 34 29 15 59 35 28 55 58 57 35 24 65 35 6 54 55 35 41 19 33 32 58 36 44 15 60 1 19 38 52 25 10 34 23 18 57 35 26 9 55 22 51 26 34 33 30 39 47 61 52 54 25 26 13 53 29 59 16 33 39 23 28 47 50 30 50 35 33 39 18 26 28 53 38 51 12 32 45 40 23 57 44 8 18 35 34 16 36 30 32 34 52 34 42 28 51 44 55 27 50 23 5 32 48 58 46 33 34 42 27 43 3 35 15 49 33 2 32 46 13 23 24 29 36 39 17 53 17 12 41 40 15 29 33 23 18 38 50 47 43 47 28 31 43 54 25 46 48 29 18 61 27 20 47 45 21 22 23 42 20 65 41 44 20 57 58 64 21 53 39 33 56 56 21 11 38 26 23 36 14 19 61 36 27 4 60 37 49 59 64 4 20 3 35 61 42 55 55 42 48 28 38 40 35 48 56 50 41 25 39 39 38 30 57 34 22 46 55 5 37 30 26 4 57 21 27 25 22 44 6 32 36 32 9 39 34 6 14 35 29 46 60 52 56 45 42 23 0 8 34 54 62 36 45 22 19 23 42 25 41 40 23 43 24 37 50 13 12 31 15 21 33 45 33 16 35 24 28 44 35 46 28 40 15 48 40 20 28 37 40 58 37 42 20 25 34 29 22 37 14 42 52 36 11 23 47 32 36 40 19 50 54
61 31 61 31 9 17 41 8 16 51 32 55 31 40 47 39 18 56 12 12 48 19 9 27 6 12 35 25 14 25 53 39 43 50 56 32 47 49 9 27 55 16 19 44 53 41 54 59 26 55 8 30 25 20 28 31 36 30 18 34 26 6 42 19 51 41 40 23 41 13 22 47 37 15 19 48 49 11 56 28 29 27 46 47 21 10 47 39 27 17 38 39 57 56 21 10 17 30 7 56 15 27 22 42 37 21 50 42 36 28 41 34 42 22 26 11 54 21 40 41 54 52 43 29 44 36 13 4 16 35 51 22 27 48 26 16 15 15 12 34 33 30 37 28 13 50 10 28 32 23 49 40 34 38 24 50 24 20 33 10 8 47 43 10 43 13 33 36 38 26 32 52 29 22 17 6 25 26 30 27 56 7 52 49 4 14 36 29 21 42 39 23 9 20 13 27 42 40 30 28 28 29 15 14 22 29 51 47 53 22 15 23 34 56 42 55 14 41 26 13 19 30 14 55 17 33 41 13 55 44 25 39 49 28 32 20 53 35 28 49 56 51 36 18 59 36 12 50 49 28 37 12 25 27 53 32 37 21 54 9 14 30 46 18 17 34 24 21 55 28 29 15 49 28 44 19 27 31 29 32 46 61 51 49 19 31 7 46 30 53 10 27 33 17 29 41 47 32 46 31 29 32 15 22 22 50 31 47 6 32 41 34 18 53 42 2 19 32 28 12 29 34 26 31 46 32 35 22 44 40 55 21 48 16 7 28 42 52 44 29 28 38 23 37 6 28 20 44 27 9 30 42 15 24 27 23 34 34 23 49 20 6 42 38 21 28 28 23 19 35 49 42 39 45 29 29 41 53 29 45 43 22 14 60 29 21 40 39 15 28 17 35 22 59 39 38 25 50 52 58 15 47 35 34 52 50 16 4 38 19 29 29 7 17 55 37 20 5 59 33 46 53 58 4 13 8 29 54 42 48 49 42 42 30 31 34 32 41 53 44 38 21 33 35 34 27 51 27 16 39 48 4 34 24 20 6 52 19 30 31 15 37 13 31 37 29 13 33 36 4 7 29 30 43 54 52 52 40 37 17 8 0 34 48 60 37 40 21 13 26 40 28 34 33 29 40 18 37 46 11 18 24 21 23 29 45 26 22 28 16 25 38 31 45 32 39 17 44 35 13 27 33 33 51 33 38 25 31 32 30 25 31 7 35 45 33 5 28 42 32 29 39 25 49 49
30 62 60 33 25 18 24 31 24 26 52 46 14 7 50 27 31 27 41 34 30 20 31 28 31 27 37 54 21 52 23 6 26 18 49 5 23 49 39 34 28 25 46 27 51 8 42 28 30 54 40 29 30 46 8 23 10 19 48 47 46 40 52 15 43 44 8 16 28 46 12 47 41 28 18 19 20 29 29 55 20 11 25 19 26 24 51 31 10 26 48 30 56 51 45 25 44 55 40 47 30 7 17 34 24 25 32 9 19 18 28 47 12 25 47 34 30 40 34 35 26 32 20 55 48 39 26 37 24 18 23 32 53 52 21 26 27 47 35 9 40 51 23 40 45 51 34 30 35 37 18 37 4 12 38 48 34 47 51 36 31 15 29 35 44 22 6 37 40 14 14 30 15 13 27 32 50 43 16 24 24 29 22 25 33 29 36 21 14 24 9 30 33 31 25 41 21 11 10 6 17 12 22 33 15 16 41 46 21 51 21 44 12 24 38 52 41 35 55 33 47 5 32 27 27 4 49 24 51 40 19 20 53 55 13 26 49 2 7 44 28 47 6 28 55 3 29 35 52 48 21 40 44 25 39 17 51 31 49 33 46 46 37 38 30 3 12 20 28 50 14 29 52 32 43 43 48 8 8 43 15 29 19 42 46 23 37 52 6 42 42 30 39 45 9 34 27 6 25 24 25 45 20 21 51 26 42 26 38 2 26 39 26 31 17 35 16 15 40 24 41 14 31 17 48 12 41 53 52 23 22 52 20 46 29 24 42 42 18 21 33 21 21 32 32 38 23 39 57 35 9 27 22 11 17 52 11 32 27 29 18 39 9 11 29 8 28 11 17 15 18 31 22 16 6 11 15 22 18 14 32 43 22 28 11 14 39 36 46 25 45 52 16 57 12 46 26 51 48 55 29 43 21 2 30 50 48 37 5 49 27 44 37 18 49 7 33 34 28 19 19 51 53 34 34 31 56 52 9 46 43 9 34 10 52 37 18 51 29 41 15 22 35 25 26 17 52 37 46 51 51 35 14 33 49 36 35 16 11 26 34 52 33 5 4 15 27 36 10 35 33 33 7 20 45 19 35 30 29 30 34 34 0 50 29 5 31 13 45 17 14 15 52 42 24 18 29 6 29 23 28 36 28 14 16 12 48 28 43 39 14 39 20 14 16 7 19 26 29 32 9 20 41 51 23 23 23 32 10 8 19 34 32 46 51 18 37 26 32 3 46 9 25 19 36
57 48 14 73 45 49 29 53 55 41 27 18 60 51 3 26 62 50 41 36 29 55 39 25 43 54 15 44 50 40 50 53 29 54 15 53 37 4 43 22 44 56 37 28 8 52 22 54 67 8 44 70 66 35 53 27 41 62 43 18 29 51 11 43 15 8 50 55 26 49 49 5 11 57 39 47 47 38 45 40 63 54 34 43 61 46 3 20 52 58 12 22 10 12 34 44 38 35 52 17 59 49 54 19 27 31 28 54 32 61 24 17 47 62 29 37 38 29 17 16 47 32 36 37 5 13 37 48 37 33 44 27 38 4 31 35 35 46 37 58 15 28 28 20 46 3 39 23 18 25 51 13 53 41 25 5 24 38 24 39 40 52 26 38 6 44 44 14 11 38 61 35 59 44 58 42 35 25 34 28 54 42 50 37 50 35 14 64 48 31 58 66 39 63 53 23 35 44 41 46 60 57 39 60 52 61 17 5 54 42 40 29 60 56 13 10 37 16 41 35 39 48 59 47 33 47 10 52 10 12 34 34 5 39 60 61 9 50 47 11 46 8 55 32 13 51 55 24 2 28 31 40 26 27 24 34 18 64 12 55 46 22 17 32 61 52 52 57 43 29 59 58 4 70 7 34 29 43 44 17 47 57 53 13 38 66 44 5 52 20 46 23 15 41 54 17 32 53 33 26 26 18 42 34 43 36 18 33 46 50 26 15 33 35 39 48 49 35 21 41 20 61 24 33 3 38 13 46 9 30 56 46 43 41 50 28 8 19 40 30 21 31 33 19 52 20 58 13 46 56 42 27 53 49 59 42 40 18 64 32 54 48 57 42 63 44 24 48 51 36 50 22 31 45 50 40 41 51 62 49 22 30 40 57 56 50 11 15 45 65 40 22 54 12 43 12 65 3 10 12 34 9 30 51 36 4 48 46 51 41 68 22 43 43 13 56 28 52 53 32 42 8 14 51 36 53 40 9 51 8 12 52 18 56 30 15 33 12 38 9 38 33 17 25 25 35 4 21 44 16 3 51 36 25 42 53 28 42 56 68 33 19 59 45 54 36 56 16 59 51 41 20 53 37 17 55 27 22 22 32 54 48 50 0 55 55 21 44 45 58 41 58 24 16 66 36 31 47 27 46 60 24 62 53 35 52 30 63 22 34 39 12 30 48 62 48 51 30 21 35 43 31 15 6 28 29 62 72 40 54 60 19 41 15 6 33 47 67 21 48 24 45 63 49 22
2 84 58 61 52 46 28 58 52 15 69 42 40 23 57 32 60 6 65 57 26 49 55 43 57 55 48 77 49 74 8 25 28 12 46 33 19 52 64 49 12 54 68 28 53 23 36 2 58 56 65 57 58 67 37 36 25 45 72 61 65 66 62 42 42 52 22 44 31 71 40 51 51 56 43 13 12 53 10 76 47 40 22 15 54 51 58 38 38 55 59 36 57 50 66 51 66 74 67 43 58 36 45 37 32 45 28 22 29 46 32 60 19 54 66 58 18 60 40 41 9 24 22 75 55 49 49 64 47 29 12 51 74 58 39 48 50 71 58 34 52 69 32 55 70 54 58 44 47 55 12 45 31 24 56 51 51 69 67 60 56 15 30 58 51 48 28 47 50 35 41 21 43 39 56 57 71 61 32 40 5 54 9 19 60 52 46 48 42 26 30 59 57 59 53 58 23 21 31 33 45 40 47 62 44 44 40 51 8 73 46 63 38 7 44 53 64 40 76 56 69 33 60 9 49 29 59 52 52 44 38 25 59 76 39 54 50 28 34 45 10 49 31 49 53 28 57 32 57 66 29 64 62 41 34 31 64 59 49 61 71 62 38 59 59 30 41 48 13 68 42 57 58 60 48 65 67 30 32 57 15 3 11 43 68 50 63 59 35 39 68 45 51 69 37 39 24 34 23 38 40 59 46 42 74 19 56 23 64 31 30 51 47 22 21 62 44 31 56 49 56 40 47 32 53 30 52 76 61 28 9 76 15 69 57 39 49 39 19 37 47 29 41 39 60 53 51 43 80 63 31 30 50 39 45 74 27 43 56 24 47 65 25 23 57 33 43 39 45 27 12 35 28 16 34 32 20 8 46 16 34 63 47 3 39 42 46 43 70 53 68 67 44 57 22 57 54 56 48 55 51 47 31 30 20 53 73 62 25 71 54 60 62 44 48 29 53 62 3 32 16 52 50 61 57 59 77 53 21 48 44 22 38 38 70 48 32 61 18 46 24 43 47 35 37 35 55 52 70 64 57 62 28 50 72 64 29 42 39 53 56 65 62 31 29 33 56 48 35 63 58 47 35 21 42 12 30 35 37 51 62 60 29 55 0 29 36 40 69 45 21 43 68 55 51 24 49 25 29 50 57 53 56 42 33 18 67 56 59 61 36 48 34 16 43 22 48 26 39 55 35 32 53 53 35 30 51 59 29 36 47 47 57 58 58 31 63 53 36 31 63 22 53 12 34
29 66 64 33 29 21 28 33 26 28 57 50 13 7 55 31 32 27 45 38 33 22 35 33 35 29 42 59 24 57 23 5 30 17 53 5 26 54 43 39 29 27 50 31 56 7 45 27 30 59 44 29 30 50 10 28 14 18 52 52 51 43 57 20 47 49 8 17 32 50 15 51 46 30 23 19 20 33 30 60 20 13 28 21 26 27 56 36 11 27 53 34 61 55 50 28 48 60 43 51 31 10 18 38 29 30 36 7 24 18 32 52 13 26 52 39 32 45 39 40 26 35 24 59 53 44 30 41 28 22 24 37 58 57 26 30 32 51 39 7 45 56 28 45 49 56 38 35 40 42 18 42 3 15 43 53 39 51 56 40 35 15 33 39 49 25 11 42 45 19 13 33 15 17 29 36 55 48 21 29 24 33 22 28 36 34 41 21 17 28 4 31 37 32 27 46 25 14 15 11 17 12 27 35 17 15 45 51 21 55 25 48 10 23 43 57 45 39 59 38 51 9 34 27 32 9 54 26 56 45 24 24 58 59 12 26 54 5 11 48 29 52 2 33 60 4 31 39 57 53 25 44 49 30 42 21 56 31 54 36 50 51 42 43 32 4 14 21 30 54 14 30 57 31 48 48 53 13 13 48 16 28 18 47 51 22 41 57 8 46 46 35 44 50 9 39 30 6 29 29 30 50 24 26 56 29 47 29 42 6 31 44 31 34 20 39 19 20 45 28 46 12 36 22 52 17 46 57 57 27 21 56 22 50 32 29 47 46 21 26 38 26 26 36 35 43 24 44 61 38 14 31 24 14 17 56 16 37 28 32 20 43 5 15 29 13 33 15 19 19 18 35 26 17 9 16 18 22 17 14 36 48 26 27 11 17 44 40 50 24 49 57 17 61 15 51 26 56 52 60 33 48 25 5 32 55 52 40 5 53 27 49 41 22 53 2 38 37 28 24 22 55 57 37 39 34 61 56 9 50 47 8 39 10 57 42 22 56 31 46 19 27 40 30 31 22 56 42 50 56 56 38 19 38 53 39 39 21 11 25 39 57 35 10 1 20 29 41 7 39 37 38 8 23 49 18 39 35 33 35 36 37 5 55 29 0 35 17 49 17 17 15 57 47 24 22 33 9 33 27 29 41 28 16 21 12 52 28 48 44 19 43 25 15 15 9 22 30 34 36 14 25 46 55 27 27 23 31 15 8 19 39 36 51 55 23 41 26 36 8 51 12 25 19 40
38 53 29 58 34 35 10 42 42 22 34 17 43 32 22 5 50 31 38 31 12 41 32 13 35 42 13 47 37 43 31 33 9 34 20 35 18 19 39 17 26 43 38 9 21 33 15 35 53 24 40 55 52 36 35 10 22 46 43 25 32 45 26 28 13 16 30 39 6 46 32 17 15 45 25 27 27 30 27 44 47 37 15 23 47 35 23 2 35 45 23 2 26 20 35 33 37 41 46 18 47 32 39 3 7 20 12 34 12 44 5 25 27 48 33 32 21 29 5 5 28 16 16 42 20 14 27 42 25 13 25 21 42 24 16 25 26 44 32 39 17 35 8 21 44 21 33 13 13 23 31 9 34 21 24 18 19 39 32 34 33 31 7 33 16 32 25 11 14 21 43 18 42 28 46 35 39 28 16 14 35 33 30 18 41 27 10 48 33 11 39 52 32 51 40 24 15 24 23 28 44 40 27 49 37 44 12 17 34 44 27 31 42 36 8 22 35 5 45 30 40 30 48 28 24 28 23 39 21 10 18 14 24 44 42 47 19 31 29 14 28 17 36 23 25 32 44 11 23 33 11 37 29 14 13 15 29 51 19 45 44 27 8 30 48 33 35 42 25 35 42 46 23 56 14 35 34 24 25 22 28 38 33 12 39 50 39 24 34 14 43 14 16 40 36 4 14 35 14 10 12 24 29 20 45 18 21 14 40 32 7 15 23 18 18 41 34 16 22 30 22 44 16 15 18 19 16 47 25 9 36 47 23 41 40 13 14 13 20 14 14 11 19 4 43 19 44 9 49 47 24 7 39 32 43 44 20 9 50 14 39 42 37 22 49 26 12 32 36 17 30 3 11 26 32 22 21 31 45 29 4 31 28 37 38 34 11 7 43 50 39 32 38 26 23 21 50 22 17 25 26 13 11 32 19 20 46 40 31 42 52 26 38 29 19 37 23 43 34 13 22 20 23 42 31 43 45 22 31 15 13 32 4 38 37 13 14 26 20 12 18 20 12 7 7 18 22 19 43 28 22 43 17 19 43 45 14 27 39 52 28 30 48 27 35 18 43 13 41 43 35 13 35 17 16 35 13 1 4 25 45 40 31 21 36 35 0 28 43 42 21 42 33 20 50 16 22 27 9 34 47 21 49 37 17 32 34 49 25 32 22 12 13 27 45 28 37 10 5 29 26 12 18 20 10 9 47 57 21 36 44 13 34 23 23 14 41 52 2 30 29 25 48 29 9
41 49 56 30 13 8 25 19 15 33 41 45 17 20 44 26 23 36 28 21 32 13 18 20 18 17 30 42 10 40 33 19 27 29 47 13 29 44 26 25 36 17 33 28 47 20 42 39 25 50 27 27 25 33 10 19 16 19 35 37 35 27 44 3 41 37 20 11 27 33 5 42 34 19 6 28 29 16 37 43 20 11 29 27 20 12 45 28 10 18 39 27 52 48 33 12 31 43 27 45 21 8 11 31 22 15 34 22 19 17 27 37 22 20 36 22 36 29 30 32 34 35 25 43 41 32 13 25 12 18 31 22 41 46 14 14 15 34 22 17 32 40 22 30 32 46 21 22 27 27 29 33 15 18 28 44 24 35 40 23 19 27 29 22 39 9 13 31 34 8 18 35 16 1 19 19 38 33 13 16 35 16 32 31 21 17 30 20 5 25 20 25 20 24 14 31 25 19 10 8 17 14 10 23 9 17 40 41 33 38 8 32 18 35 34 49 28 32 42 21 34 9 23 35 16 12 41 13 48 36 11 22 47 42 17 19 46 15 7 41 36 44 17 16 52 15 19 36 46 37 21 27 33 17 39 15 41 24 46 22 33 36 35 26 22 14 8 14 36 38 15 20 46 28 38 31 37 11 8 33 26 40 31 39 34 23 25 45 11 42 29 22 31 33 11 31 30 13 29 19 18 35 7 11 39 32 32 30 25 12 26 31 14 36 23 23 6 14 30 11 31 19 22 15 42 13 33 40 45 24 34 39 28 33 18 17 37 41 25 15 24 22 12 27 21 28 16 35 44 24 10 27 13 6 16 39 15 26 22 32 11 27 22 18 22 7 20 5 9 17 28 29 23 25 9 9 22 32 18 24 30 31 9 39 13 6 34 31 33 22 32 42 10 53 19 37 22 46 44 51 17 39 19 14 35 45 35 24 17 36 25 34 24 5 47 18 22 22 38 17 27 47 50 22 22 20 44 48 21 42 40 21 32 14 41 30 16 42 35 37 19 12 28 22 22 11 47 27 34 42 45 23 16 23 36 24 37 4 14 25 22 42 24 10 17 11 18 29 19 23 20 25 12 25 44 31 37 28 25 19 22 21 13 44 40 17 28 0 32 15 21 15 41 33 22 22 17 16 31 11 20 26 21 9 13 24 36 22 33 27 7 32 16 25 19 19 10 28 25 19 6 17 32 46 19 22 19 29 13 13 16 26 19 37 43 17 25 24 30 11 35 18 20 29 36
70 19 59 43 20 29 46 20 28 59 24 57 44 51 44 44 30 65 6 13 53 32 15 30 14 24 35 12 26 13 62 50 48 60 57 44 54 48 6 28 63 28 10 49 52 51 57 68 38 53 5 41 37 12 40 37 45 42 6 29 19 10 38 30 53 39 51 35 46 4 34 46 36 27 27 57 58 17 64 16 41 39 52 55 34 22 44 42 39 30 34 42 55 55 13 21 9 20 11 57 26 39 34 45 42 26 54 53 43 40 45 30 52 35 19 13 60 17 42 43 62 57 50 18 41 36 20 10 23 42 59 23 16 45 31 22 20 3 12 46 32 22 42 26 1 48 12 31 32 22 59 41 46 46 22 49 25 10 26 10 14 57 48 12 42 24 43 37 37 35 45 58 41 32 29 13 15 21 38 32 65 16 61 56 16 18 37 41 32 48 50 35 13 32 25 23 49 49 39 39 40 41 23 25 34 42 53 45 63 10 25 17 46 66 43 54 9 44 15 14 8 40 26 63 22 43 37 25 54 45 32 46 46 16 44 33 52 46 38 50 64 50 47 22 58 47 24 53 46 20 43 7 20 31 56 39 31 33 54 20 2 25 49 15 29 45 36 34 62 20 41 27 45 40 44 12 20 41 39 29 55 70 61 50 9 43 8 43 41 56 3 30 32 6 41 44 53 43 52 35 33 28 25 28 10 56 28 53 8 43 45 33 23 59 49 12 31 39 25 21 26 46 28 38 44 40 34 10 40 45 64 9 56 5 19 32 41 55 52 35 30 44 29 40 18 27 32 45 15 19 39 46 28 35 39 11 43 36 35 54 32 7 53 47 32 38 31 34 31 43 58 45 45 54 40 38 50 62 41 54 46 16 23 69 41 33 41 41 2 40 7 28 34 57 48 34 38 48 52 56 19 47 41 45 58 48 4 9 49 8 41 24 8 27 55 49 21 15 67 39 54 52 57 16 13 20 17 53 52 48 50 52 45 42 22 34 39 36 59 44 46 27 33 39 38 35 49 27 4 33 45 14 42 25 8 16 57 29 42 43 16 31 24 41 48 37 26 34 48 13 12 31 42 50 56 61 56 43 40 19 19 13 45 45 69 49 43 32 0 38 49 40 27 30 41 47 22 46 50 22 30 24 33 35 37 55 18 34 24 13 34 38 37 55 44 49 29 49 38 16 37 39 31 50 38 43 37 43 41 42 38 32 13 32 41 40 9 41 45 42 23 48 37 58 52
45 57 70 18 20 12 37 20 11 42 53 59 6 23 58 39 16 43 36 31 44 7 28 34 26 16 44 50 13 49 38 21 40 33 61 12 39 59 33 39 44 13 43 41 62 23 55 44 14 64 34 13 13 44 9 33 25 5 43 50 47 31 58 16 55 52 23 5 40 39 10 56 48 15 20 35 36 27 45 52 5 6 40 35 10 18 59 42 8 12 53 41 66 62 44 20 41 54 31 59 16 12 5 45 36 29 47 23 32 3 40 51 28 10 48 32 45 41 44 46 42 47 35 53 56 47 25 30 24 31 39 35 51 60 29 26 27 41 33 11 46 52 35 44 39 60 31 36 42 40 34 47 15 27 41 58 37 44 53 33 28 31 42 32 53 18 21 45 48 22 7 45 3 15 13 27 49 45 27 31 40 25 37 41 24 29 45 6 11 38 17 15 30 15 14 44 36 27 21 15 2 6 22 20 7 4 54 56 37 47 20 44 9 39 48 63 38 46 51 32 43 14 18 43 28 18 55 13 62 50 25 34 61 52 7 10 60 18 14 55 44 58 15 30 66 17 17 49 60 49 34 36 45 32 52 28 54 15 61 22 40 49 49 38 16 15 8 5 44 50 4 15 61 16 53 42 49 21 18 47 32 44 35 54 43 8 32 59 11 55 36 36 45 41 9 45 42 11 40 33 33 49 18 26 47 42 46 41 31 15 39 45 28 47 32 27 11 27 43 22 44 8 36 28 56 24 47 48 59 37 37 47 36 41 20 31 51 55 34 30 39 34 26 42 22 42 8 49 52 24 20 40 11 10 1 48 25 41 12 44 7 32 21 27 13 17 35 11 9 28 33 43 35 32 12 21 31 38 4 30 44 43 21 43 6 9 49 45 40 9 41 54 6 67 27 52 10 60 59 66 29 54 33 16 45 59 41 30 20 44 11 47 31 17 61 16 35 25 44 30 35 61 64 24 32 21 53 62 25 56 54 24 46 8 53 44 29 56 44 51 30 26 42 36 36 25 61 41 41 56 60 26 27 37 45 26 50 17 7 10 34 55 20 18 17 25 15 43 12 26 29 39 11 35 57 34 49 42 39 31 23 26 17 58 45 17 42 15 38 0 30 3 54 47 9 33 31 22 43 18 14 39 12 6 26 28 48 12 46 37 21 47 30 31 6 24 11 40 39 31 17 31 46 60 33 35 6 16 23 9 2 40 28 50 58 30 30 10 44 16 48 25 8 35 49
22 63 48 47 32 28 12 39 34 13 49 34 28 12 42 16 43 17 44 36 16 32 35 23 36 37 30 56 31 54 14 14 13 14 37 19 9 39 43 30 16 36 47 15 41 13 29 20 43 44 44 43 42 47 22 17 5 32 51 42 45 46 45 22 31 36 11 28 16 51 23 37 34 39 22 9 10 32 17 56 34 25 11 7 38 32 43 22 22 38 41 20 45 39 46 31 46 54 47 34 41 19 29 23 15 25 19 15 10 32 17 42 7 38 46 37 16 40 25 26 14 18 7 55 40 32 29 43 27 9 11 30 54 44 19 28 29 51 38 23 34 49 14 36 50 41 37 25 29 35 12 28 18 3 36 38 31 49 48 39 35 12 17 38 36 29 10 30 33 15 28 16 29 20 39 37 50 41 12 20 18 34 13 11 40 31 29 35 23 11 20 43 37 43 35 38 8 4 12 16 31 26 26 44 27 30 29 37 16 53 26 43 26 19 29 41 43 25 56 35 49 16 43 15 28 12 42 34 40 30 18 8 45 55 27 38 38 14 17 33 16 37 19 28 44 15 39 22 43 46 11 43 42 21 25 10 46 43 38 42 50 43 26 39 42 16 24 32 16 48 28 40 44 45 34 44 47 10 13 38 8 22 14 31 48 37 42 44 20 30 47 25 33 48 22 24 13 20 12 18 20 40 26 21 54 13 37 13 43 16 15 33 27 17 3 42 26 10 36 29 37 28 27 12 39 9 34 56 45 12 17 55 8 49 38 19 33 29 5 16 28 10 20 23 41 34 35 29 59 44 12 15 33 22 30 54 7 25 40 15 30 45 17 4 41 14 23 22 28 7 11 20 11 6 18 12 1 14 32 9 20 43 27 21 24 25 30 26 50 38 47 48 28 46 3 39 39 42 36 44 30 33 12 16 16 40 52 42 13 51 41 41 41 25 37 19 33 42 19 12 7 40 41 41 37 40 57 41 11 35 32 13 24 24 51 30 11 44 15 32 4 23 28 17 18 15 42 33 50 46 43 43 8 30 51 44 22 22 25 39 35 47 44 13 17 13 38 29 24 43 38 27 20 6 32 15 22 20 20 31 42 40 14 41 21 17 21 21 49 30 0 28 49 36 38 6 29 9 17 31 40 33 40 26 13 12 47 40 40 40 16 31 14 8 30 9 30 13 21 34 16 13 35 40 15 12 36 45 9 22 32 28 36 40 43 11 43 40 21 14 43 6 38 10 23
43 58 70 19 21 13 36 22 13 40 54 58 4 20 58 38 18 41 38 33 43 9 29 34 27 18 44 51 14 51 37 19 39 31 61 11 37 58 35 39 42 15 44 40 61 21 54 42 15 64 35 15 16 45 7 33 24 5 44 51 48 33 58 16 54 51 22 6 40 40 10 56 48 17 20 33 34 28 43 53 6 5 39 33 12 19 59 42 7 14 53 40 66 61 45 21 42 55 32 58 18 10 7 44 35 29 45 21 31 4 39 51 26 12 49 33 44 42 44 45 40 45 34 54 56 47 26 31 25 30 37 35 52 60 28 27 28 42 34 9 46 53 34 44 40 60 32 36 42 40 31 47 12 26 41 58 38 45 54 34 29 29 41 33 53 19 19 45 48 21 5 44 1 15 15 28 50 46 26 31 38 26 36 39 26 30 44 7 11 37 14 17 31 18 16 44 34 25 20 14 3 3 23 22 7 3 53 55 35 48 21 45 7 37 48 63 39 45 53 33 44 13 20 41 29 17 55 15 62 50 25 32 61 53 5 13 60 16 13 54 42 58 13 30 66 16 19 48 60 50 33 37 46 31 51 27 55 17 60 24 41 49 49 38 18 14 7 8 42 50 2 18 60 18 52 43 50 19 17 47 30 42 33 53 44 9 33 59 9 54 37 36 45 43 7 44 40 10 39 33 32 49 19 26 48 40 46 40 33 13 38 45 28 45 31 29 12 26 44 22 45 6 36 27 56 23 48 49 59 35 35 48 34 43 22 31 51 54 32 29 39 33 26 41 24 42 10 49 54 26 19 39 13 10 2 49 24 40 14 43 8 34 19 25 15 16 34 11 10 27 32 42 34 30 11 20 29 35 4 28 43 43 22 41 5 10 48 45 42 11 42 55 7 67 26 52 11 60 58 65 30 53 32 14 44 59 43 32 19 46 13 47 33 18 60 14 36 27 42 29 34 60 64 26 34 23 54 62 22 55 54 22 45 5 53 44 28 56 43 51 29 26 42 35 35 25 61 41 43 56 60 27 26 37 46 28 49 17 4 12 35 56 23 17 15 24 17 43 10 28 30 39 9 34 56 32 48 41 39 32 25 28 15 58 43 15 42 15 40 3 28 0 55 47 10 31 31 20 42 19 16 40 14 7 25 26 48 14 46 39 20 47 30 29 4 22 12 39 38 31 16 30 46 60 32 35 9 17 22 8 5 40 29 51 58 29 32 12 43 14 49 23 11 33 48
70 25 37 64 36 43 41 41 47 54 4 39 58 56 22 37 51 63 24 24 44 49 28 26 31 44 21 21 43 17 61 57 41 62 38 54 49 27 27 20 58 47 18 41 31 57 42 67 58 31 28 62 58 15 51 33 47 58 23 8 9 35 13 40 36 21 56 50 38 30 46 27 19 47 35 57 57 28 60 17 59 52 47 53 53 38 22 32 51 50 12 33 33 35 15 36 19 11 36 39 48 49 49 33 36 28 44 59 40 56 37 9 54 54 8 24 54 14 29 30 60 49 46 14 20 20 30 33 31 40 56 21 15 22 32 29 28 26 23 58 17 5 37 13 28 27 26 25 21 16 60 26 55 48 15 28 19 18 1 24 28 60 39 25 23 37 48 22 20 39 59 51 56 42 49 30 13 10 38 30 65 31 61 50 37 26 23 59 45 42 60 56 26 53 44 12 45 51 43 47 56 55 33 48 48 57 37 26 64 20 35 12 59 67 28 33 20 31 18 24 19 49 48 60 27 49 15 44 33 29 34 43 22 16 58 52 33 53 47 32 60 31 57 25 37 54 44 42 24 7 39 23 10 29 43 39 7 54 35 42 27 7 35 18 50 54 49 51 58 8 56 48 23 61 26 16 8 46 45 12 56 69 62 33 18 61 29 20 52 40 29 24 18 21 52 32 46 54 46 31 30 10 37 32 21 50 13 47 30 52 38 18 27 51 48 34 44 40 13 33 13 60 23 38 23 42 18 24 16 40 66 24 54 22 39 30 23 39 50 33 22 40 32 30 39 16 50 29 23 42 44 39 45 47 55 20 45 25 55 47 48 32 61 49 53 45 26 46 46 43 59 35 40 55 50 42 49 62 57 57 36 13 34 69 54 46 25 27 25 59 20 2 49 35 50 14 57 26 33 35 26 29 38 53 51 27 28 31 55 20 60 9 28 38 36 58 19 38 66 38 52 31 37 38 23 41 17 32 57 29 33 58 32 55 7 20 38 13 53 27 46 31 22 33 32 37 27 17 24 8 23 37 42 20 21 39 46 39 55 62 21 5 47 47 56 39 46 21 60 37 28 22 53 47 39 64 45 34 32 24 41 34 52 24 68 57 33 41 27 54 49 55 0 14 59 45 24 51 42 38 50 17 53 49 38 59 9 54 10 18 39 23 35 56 59 54 44 43 30 24 44 37 15 29 34 38 55 63 44 54 54 22 29 11 19 39 31 60 34 50 6 51 56 59 40
56 35 30 60 31 36 27 38 42 41 15 28 49 45 14 24 48 49 26 21 31 43 25 14 28 40 8 30 37 26 48 46 28 50 28 44 36 18 28 9 45 43 23 28 22 46 30 53 54 23 29 57 53 20 42 20 35 51 29 6 15 35 11 31 24 10 44 43 25 33 37 17 7 43 27 44 44 24 46 27 52 43 34 40 48 33 15 18 42 45 7 20 25 26 19 30 23 23 37 28 44 39 42 20 23 19 31 48 27 49 23 6 42 49 15 22 40 14 16 16 46 35 33 24 12 7 24 33 23 28 43 13 25 15 21 22 21 31 22 48 3 16 24 5 31 19 24 13 8 10 47 13 45 35 9 19 10 23 13 23 25 47 26 23 13 31 37 9 8 29 50 37 48 33 45 28 21 11 27 18 52 27 48 37 35 20 10 52 37 29 50 52 24 50 39 8 32 39 32 37 49 46 26 45 40 49 25 16 51 28 27 14 50 54 15 24 22 18 27 20 25 39 45 47 19 38 9 39 24 16 24 30 17 26 49 47 23 42 37 21 47 21 47 18 28 43 41 29 17 14 26 25 12 17 30 27 10 50 25 40 31 9 22 17 47 44 40 44 44 17 48 44 16 57 15 20 15 35 35 3 44 56 50 21 24 54 29 14 42 28 31 12 4 26 43 18 33 44 33 19 18 5 30 22 29 37 2 33 31 42 25 5 20 37 35 33 36 28 6 27 5 51 12 26 14 31 5 32 13 27 53 32 41 27 36 19 12 27 37 22 9 27 22 16 37 5 45 17 32 41 33 25 40 38 48 28 33 12 50 33 42 33 50 36 49 35 15 37 39 30 46 22 27 42 40 31 37 49 50 44 22 16 27 56 45 38 12 14 30 53 25 13 42 27 38 5 52 18 22 26 20 18 25 43 38 18 33 31 44 26 55 8 28 30 25 48 13 37 52 25 39 22 28 36 21 39 27 23 45 18 21 46 19 46 18 7 26 10 40 15 33 21 9 20 19 25 19 6 29 11 16 36 30 11 27 39 33 30 46 56 18 11 44 37 46 28 42 8 50 36 26 10 43 34 27 51 31 20 19 18 40 33 42 16 55 47 20 33 30 47 36 47 14 0 53 32 17 40 28 32 46 9 49 41 27 47 16 49 8 19 29 9 23 44 51 42 38 29 17 20 34 24 2 20 21 25 49 58 33 44 48 9 26 4 13 26 31 54 21 40 10 39 50 46 27
52 59 78 10 24 17 45 22 14 50 58 67 11 30 65 47 14 50 39 36 52 11 32 41 30 18 52 53 17 53 46 28 48 39 69 20 47 66 37 45 52 14 47 49 69 30 63 51 7 72 37 6 8 48 17 41 33 6 46 57 51 32 64 23 63 59 31 12 49 40 18 64 55 15 27 42 43 32 52 56 4 14 48 43 8 22 66 50 16 12 60 49 74 70 48 24 45 58 32 67 15 20 12 53 44 35 55 29 40 7 48 57 35 7 52 36 53 46 52 54 49 55 43 57 63 54 31 32 30 39 47 41 55 67 36 32 33 43 37 17 52 57 43 50 41 68 35 44 49 45 41 54 22 35 46 66 44 48 58 37 32 38 50 36 60 23 29 53 55 30 12 53 10 23 13 31 53 50 35 38 46 29 45 49 26 34 52 3 18 46 23 10 34 12 17 50 44 35 29 23 8 13 28 18 14 9 62 63 43 50 26 49 15 46 56 71 42 54 55 36 46 22 17 50 35 26 62 17 70 58 33 42 68 55 12 9 68 25 22 63 51 66 22 36 74 25 18 57 67 54 42 40 50 39 60 36 60 11 68 22 42 54 57 42 14 23 15 9 52 54 11 15 68 9 60 46 53 29 26 53 39 51 42 61 47 3 35 66 19 63 38 43 52 45 16 53 50 19 48 41 40 55 24 33 50 50 52 49 34 22 47 52 34 55 40 30 18 35 49 27 51 13 43 36 64 32 54 50 65 45 44 49 44 45 23 39 58 63 42 37 45 42 33 49 24 48 10 57 55 24 28 48 15 18 8 51 33 48 8 52 12 34 28 35 10 25 42 19 15 36 41 51 43 39 20 29 39 45 7 37 52 47 27 50 14 17 56 53 43 2 44 60 13 75 35 58 4 68 66 73 35 61 40 23 53 67 43 33 28 48 3 52 34 24 68 22 41 26 51 38 43 69 72 26 37 22 57 70 32 64 62 31 54 15 57 51 37 63 52 59 38 33 49 44 44 33 68 47 44 62 67 27 35 43 48 26 58 24 14 3 39 61 19 26 24 33 16 50 18 28 33 46 18 43 65 41 57 49 47 37 23 29 24 66 51 24 50 22 41 9 38 10 59 53 0 41 37 30 51 22 12 45 9 14 34 35 52 9 51 42 29 54 38 38 10 31 16 48 46 36 25 39 53 68 41 44 5 8 31 17 7 47 32 57 65 38 33 2 52 24 54 33 5 42 57
25 61 43 50 32 29 7 40 36 12 45 29 31 17 36 11 44 19 42 34 12 33 33 20 35 38 25 54 32 51 17 19 9 19 32 23 8 34 42 26 16 38 45 10 36 18 24 23 45 39 43 46 45 44 25 13 8 35 49 38 42 45 40 22 26 31 16 30 11 49 24 32 29 40 22 13 13 31 17 53 37 27 8 9 40 32 37 16 25 39 37 14 40 34 43 31 43 51 46 30 42 22 31 18 10 22 15 20 5 34 12 37 12 40 43 35 15 37 19 21 16 14 3 51 35 27 27 43 25 5 13 27 51 38 16 26 27 49 35 27 29 45 9 32 48 36 35 21 24 32 16 24 22 7 33 33 28 46 44 37 34 17 12 36 30 29 13 25 28 15 32 14 32 21 40 36 47 38 10 17 21 33 17 10 40 29 24 38 25 6 25 45 35 44 36 34 4 9 13 18 34 29 25 45 29 33 24 32 20 50 25 39 30 22 24 36 41 20 53 33 46 19 44 17 26 15 37 35 35 25 16 2 40 52 30 40 33 18 19 28 17 32 23 26 39 19 40 18 38 43 6 41 38 17 21 8 41 45 33 43 48 39 21 36 43 20 26 34 16 45 31 41 39 48 29 42 43 13 15 34 13 25 18 26 45 40 41 39 23 25 46 21 28 46 25 19 9 23 8 14 16 36 26 19 51 10 33 9 42 20 10 28 25 15 4 41 27 9 32 28 33 32 23 9 34 10 30 54 40 7 22 53 10 47 38 16 29 24 5 13 24 6 18 18 41 30 37 24 57 45 13 10 34 24 33 51 8 20 42 12 32 44 22 8 43 16 19 23 29 5 15 15 5 11 21 13 5 17 35 13 15 39 26 24 27 26 26 22 48 41 45 44 30 41 8 35 41 37 31 39 28 28 8 20 14 35 51 41 17 48 43 37 40 25 32 23 29 42 22 8 8 35 36 41 35 41 54 36 16 30 27 18 19 27 47 26 9 40 14 27 3 21 24 12 13 13 37 29 48 42 38 42 6 27 49 44 18 23 28 43 33 43 45 15 21 12 39 25 28 42 36 23 24 4 27 20 18 15 15 29 43 40 18 36 24 22 16 22 47 33 6 31 45 32 41 0 26 13 12 31 41 30 42 28 11 17 43 42 36 38 16 26 11 13 34 14 31 8 16 32 17 9 31 35 11 8 38 48 10 25 35 24 35 36 38 8 42 43 16 18 40 11 40 14 19
51 35 44 43 15 20 25 22 25 38 24 38 34 34 30 23 32 45 17 9 32 26 10 9 13 23 17 28 20 25 42 34 27 41 39 30 33 32 17 10 42 26 19 27 36 35 37 48 37 38 18 40 36 18 27 15 25 35 23 20 18 23 28 16 33 24 33 26 25 24 22 30 20 27 11 37 38 8 43 28 35 28 31 35 32 16 31 22 27 28 23 22 40 38 18 14 18 27 24 38 28 25 26 25 20 5 33 36 22 33 24 21 33 32 19 10 39 12 22 23 42 36 29 27 27 19 7 20 7 21 38 5 26 32 10 5 5 23 10 34 17 23 21 13 23 33 11 11 14 10 40 22 31 27 11 32 8 20 23 12 11 39 27 11 26 14 25 19 20 16 35 37 32 18 28 13 22 16 17 10 46 12 42 34 20 5 18 36 21 26 36 35 10 33 23 14 28 30 21 23 33 31 9 29 24 33 33 29 44 25 11 15 35 47 24 38 15 24 28 8 20 25 29 43 3 26 26 22 37 26 12 25 33 27 34 31 35 30 23 32 43 33 33 1 42 31 25 33 32 20 22 16 16 10 35 19 24 34 37 25 23 19 29 10 30 30 25 28 41 21 32 27 32 40 27 16 20 23 22 17 36 50 42 31 20 38 17 30 28 36 21 10 16 20 28 24 32 30 31 14 12 19 13 9 25 35 16 32 18 28 24 17 3 37 29 19 20 19 13 10 14 36 8 18 29 20 19 28 29 24 45 27 35 21 20 11 24 35 31 14 11 23 9 20 22 12 28 26 31 26 22 25 23 23 32 25 23 16 34 33 25 20 37 28 33 21 10 22 23 22 39 25 24 34 26 20 29 42 34 35 26 15 10 49 30 22 23 21 22 36 19 25 25 42 29 22 35 33 35 40 4 29 20 29 37 33 25 18 32 23 38 17 16 14 37 34 5 22 47 19 34 35 40 21 9 23 29 37 34 31 31 35 25 31 24 16 18 26 38 26 26 7 15 18 17 15 34 11 22 26 32 22 22 7 23 24 36 15 31 39 7 25 29 24 33 17 25 16 36 21 13 12 29 29 36 43 35 23 20 3 24 18 29 31 49 33 22 17 22 31 29 31 24 17 37 26 0 29 29 15 30 9 32 25 17 37 19 33 16 12 16 20 16 35 35 31 22 28 17 7 20 18 17 34 17 22 33 42 22 30 31 13 12 21 29 19 19 38 24 26 18 29 34 39 31
26 63 56 39 28 22 19 34 28 20 51 42 19 6 47 22 36 22 42 35 25 25 32 26 33 31 35 55 25 53 18 7 21 14 45 10 18 45 41 32 23 30 47 23 48 7 37 24 35 50 42 35 35 46 14 21 6 24 49 45 46 42 49 18 39 41 5 20 23 48 16 43 39 32 20 14 15 30 24 56 26 17 20 14 31 27 48 28 15 31 46 26 52 47 46 27 45 55 43 42 34 12 22 30 20 25 27 9 15 23 24 45 7 31 47 35 24 40 31 32 20 26 15 55 45 37 27 40 25 14 18 32 54 49 20 26 28 49 36 14 38 50 19 38 47 47 35 28 33 37 13 34 9 7 37 45 33 48 50 37 33 11 24 36 41 24 4 35 38 13 20 25 20 15 32 34 51 43 14 22 20 31 17 20 36 30 34 27 17 19 12 36 34 36 29 40 16 6 9 9 22 17 24 37 20 22 37 43 17 52 22 43 17 20 35 48 42 31 55 34 48 9 36 21 27 5 47 28 48 36 18 15 50 55 18 30 45 5 10 40 23 44 10 28 51 6 33 30 49 48 17 42 43 23 34 14 49 35 45 37 48 45 33 39 35 8 17 24 23 49 19 33 49 37 40 44 48 6 8 41 11 25 15 38 47 28 39 49 12 38 44 28 37 47 14 30 22 11 20 21 23 43 22 21 53 21 40 21 40 8 22 37 26 26 12 38 19 12 39 26 39 19 29 14 44 10 38 54 50 19 19 54 15 47 33 22 39 37 13 19 31 17 20 28 36 36 28 35 58 39 8 22 26 15 22 53 8 30 33 24 23 42 11 6 33 9 26 15 21 11 13 27 17 10 10 9 10 17 24 9 27 43 24 24 16 18 36 32 48 30 46 51 21 53 6 44 31 48 43 51 29 40 17 7 24 46 50 39 5 50 33 43 39 20 45 10 33 38 23 16 14 47 48 37 35 35 57 48 6 42 39 7 31 15 52 34 15 49 23 38 10 22 32 22 23 15 48 35 48 50 48 38 11 32 50 39 30 18 16 31 35 50 38 6 8 13 31 33 15 39 35 31 12 15 40 15 30 26 25 31 37 37 6 47 25 9 27 16 46 22 9 20 51 40 30 13 29 0 25 26 33 35 32 19 14 9 48 33 42 40 14 36 17 10 22 3 23 21 26 33 10 17 39 47 20 19 28 37 8 13 24 32 34 44 48 15 40 32 28 6 45 4 30 14 31
31 61 33 60 39 37 6 47 45 14 43 17 42 28 28 7 53 23 45 37 3 43 38 20 41 46 21 55 40 51 24 30 4 28 21 34 10 25 45 25 18 47 46 3 26 29 13 27 55 29 46 56 55 44 35 15 20 46 51 34 41 51 34 31 15 24 27 40 5 53 34 23 24 48 29 21 21 36 19 53 48 38 7 17 50 39 29 10 36 48 32 9 30 23 43 38 45 50 52 18 50 32 41 9 9 26 4 31 12 45 6 33 22 50 41 38 13 37 13 13 20 8 10 51 27 22 33 48 30 13 18 28 50 30 20 31 32 52 39 38 25 43 10 30 51 27 39 20 21 31 25 17 33 18 32 24 27 47 41 41 39 26 3 39 23 36 24 20 22 23 43 10 43 30 49 41 47 36 18 20 28 39 24 11 47 33 19 49 35 6 36 55 39 54 44 33 9 20 23 29 44 40 32 53 39 44 13 23 27 51 32 39 41 30 16 26 43 12 53 36 48 30 52 20 30 27 31 43 25 16 22 10 31 52 42 49 23 30 29 18 20 22 35 29 28 30 48 6 29 41 10 44 37 20 10 16 37 54 22 50 51 36 10 37 52 32 36 44 17 43 42 49 30 58 20 43 42 23 26 30 22 30 27 16 47 51 45 31 34 14 50 21 25 48 36 11 6 34 6 16 18 32 33 25 52 10 29 7 47 31 5 24 29 10 14 47 36 17 30 35 30 43 23 16 25 19 25 55 33 7 29 55 17 49 45 19 21 13 14 18 22 9 24 13 48 28 46 15 57 52 24 4 43 34 44 52 19 17 52 5 41 49 34 19 52 27 19 33 39 15 24 7 9 20 32 22 16 25 46 24 6 39 33 30 38 36 18 15 51 52 47 40 40 30 19 29 51 28 21 28 32 19 12 31 10 26 54 46 29 50 54 35 44 32 21 35 31 49 26 14 16 25 25 48 38 48 53 26 27 21 17 29 10 38 45 22 15 34 12 18 15 25 20 12 13 20 28 27 50 37 29 49 16 27 51 51 8 31 39 53 35 38 52 26 33 20 47 21 39 48 41 22 35 11 16 29 7 8 11 31 50 46 29 27 29 33 9 31 50 43 17 42 42 28 51 12 29 25 0 38 50 29 51 38 19 27 42 52 34 39 24 20 16 22 45 25 40 4 13 35 27 14 27 25 13 9 48 58 20 36 45 21 40 31 30 14 47 53 8 29 37 22 50 23 7
51 40 59 28 3 7 33 9 10 42 36 50 22 30 45 32 17 46 19 15 40 12 10 22 9 9 32 33 6 32 43 29 35 40 52 22 38 47 17 25 46 11 26 36 50 30 48 49 22 52 17 25 21 27 18 25 26 21 26 35 30 17 43 9 46 39 30 14 34 23 12 45 35 12 10 38 39 10 47 35 22 17 38 37 17 1 46 33 17 13 38 32 54 52 27 2 24 37 17 51 14 17 13 36 29 15 42 32 28 19 33 35 32 17 31 14 45 24 34 36 44 44 34 36 42 34 9 15 10 26 41 20 34 47 19 11 11 25 15 24 32 35 29 28 23 48 14 24 29 24 39 36 24 28 25 47 23 27 37 16 11 37 36 15 41 2 23 33 35 17 23 44 20 12 13 10 32 29 21 20 46 8 42 40 10 13 33 22 10 34 29 20 13 18 8 28 34 30 19 18 20 19 8 15 12 21 45 44 43 30 7 27 24 46 37 52 21 36 34 15 26 19 15 45 13 22 41 7 51 40 17 31 48 35 22 16 49 25 17 45 46 47 25 15 56 25 10 43 47 32 29 19 28 21 46 23 39 19 50 12 24 32 41 21 15 24 14 14 45 33 20 13 47 25 41 25 32 21 18 32 36 50 41 44 26 24 15 45 19 48 20 23 31 25 19 36 39 21 37 24 22 33 5 14 30 41 31 38 15 22 33 32 13 44 32 13 9 23 28 5 29 24 22 23 44 22 34 31 44 32 44 30 38 25 8 21 39 47 34 21 25 30 15 32 11 27 13 39 36 15 20 34 8 13 19 31 24 29 19 41 11 17 32 28 18 17 23 13 10 26 39 35 31 35 18 19 32 43 20 34 36 26 6 49 19 11 37 35 24 22 24 38 13 56 29 37 20 48 48 55 13 43 27 23 44 47 26 14 28 28 23 31 15 7 51 27 20 12 48 25 37 50 54 11 16 10 36 51 31 45 44 31 37 20 36 31 24 41 44 40 29 14 30 28 27 19 49 26 25 40 47 13 25 22 28 14 45 9 20 25 17 39 15 20 26 20 10 30 26 13 12 26 20 34 49 41 44 33 31 15 13 11 23 46 50 27 34 11 22 18 31 19 38 32 22 31 15 26 38 0 15 24 17 13 20 34 31 18 30 21 16 35 23 35 23 29 7 36 29 14 16 25 32 49 25 30 18 27 22 20 18 27 11 35 44 25 15 23 36 21 32 28 19 39 42
57 48 73 14 15 13 44 11 6 52 48 64 19 34 59 45 3 54 29 27 51 9 23 36 20 7 46 42 11 42 50 33 47 45 66 25 48 61 26 39 54 4 36 48 64 35 61 55 9 66 26 13 8 37 20 38 35 15 34 49 42 21 57 20 60 53 35 13 47 29 18 59 49 4 22 46 47 23 56 45 14 17 48 45 5 14 60 47 19 2 52 46 69 66 38 16 34 47 20 64 4 22 12 50 42 30 54 35 39 14 46 49 39 6 43 26 55 37 48 50 53 55 44 46 56 48 23 20 24 38 50 34 44 61 32 25 25 32 27 24 46 47 41 42 30 62 25 38 43 37 45 50 27 37 38 61 37 37 49 27 22 42 49 26 55 16 30 47 49 28 20 54 16 21 2 21 42 42 33 34 52 20 49 50 15 26 47 14 17 45 30 6 24 4 8 41 44 38 29 24 15 18 22 7 14 16 59 58 49 39 20 39 22 51 51 66 31 50 44 27 36 25 5 54 27 29 55 8 65 54 30 41 62 45 20 4 63 29 23 59 55 61 27 29 70 29 7 55 61 44 40 29 41 34 59 35 52 5 64 11 31 46 54 33 3 27 17 9 55 44 17 3 61 11 55 36 44 30 27 46 43 56 47 58 36 15 24 59 22 61 27 37 45 34 20 49 50 24 49 37 36 47 19 28 38 51 45 50 23 26 45 46 27 55 42 19 15 34 42 20 43 21 37 34 58 32 48 39 58 44 49 38 46 34 12 35 53 60 44 34 39 41 29 45 12 41 6 53 44 12 29 46 8 18 14 40 34 43 5 52 11 23 34 37 4 26 37 19 13 36 45 48 42 43 23 29 41 49 15 41 49 38 20 55 19 16 51 49 32 11 34 51 13 70 37 51 9 62 62 69 27 57 39 27 54 61 32 22 32 37 12 44 24 19 65 29 34 15 55 37 46 64 68 14 28 10 46 65 36 59 58 36 50 20 47 45 35 55 54 54 39 28 44 41 40 31 63 40 32 54 61 16 35 36 37 15 57 20 19 14 30 52 8 27 29 31 5 44 25 17 23 40 22 44 62 46 56 47 44 29 12 18 28 60 57 29 47 20 30 14 40 16 50 46 12 41 30 33 50 15 0 38 3 15 32 40 43 4 43 32 27 49 35 42 18 35 11 47 43 27 25 37 46 63 38 42 9 14 32 22 12 42 22 49 58 36 22 12 49 27 45 36 8 46 55
55 32 38 51 23 28 27 29 33 40 17 34 42 40 23 24 40 48 19 13 32 35 16 10 20 31 12 26 29 22 46 41 28 47 34 38 35 26 20 5 44 34 17 28 30 41 34 52 45 31 21 48 45 16 36 18 31 43 23 12 13 27 19 24 29 17 39 35 25 27 30 24 13 35 20 42 42 15 46 24 44 36 33 38 40 24 23 20 35 37 15 21 33 33 15 22 17 22 29 34 36 33 34 22 22 11 33 43 25 41 24 12 38 41 13 14 40 8 19 20 45 36 32 22 20 13 15 25 15 25 42 5 22 24 15 13 13 25 13 42 9 16 22 5 25 26 15 10 10 3 44 17 39 32 3 26 3 19 16 15 17 44 27 15 20 23 32 14 14 23 43 38 41 26 36 19 18 9 22 14 50 19 46 37 27 12 13 44 29 28 44 44 16 41 31 6 31 35 27 31 41 39 18 37 33 42 30 23 49 23 19 10 43 51 19 32 15 21 24 12 19 33 37 46 11 33 18 30 31 22 18 28 25 23 42 39 30 37 31 27 46 27 41 10 36 38 32 31 25 14 25 18 9 13 33 23 16 42 31 32 24 11 26 9 38 38 33 36 44 15 40 35 25 48 21 14 14 29 29 9 41 54 47 27 18 46 21 22 36 33 24 9 9 20 37 21 33 37 33 16 14 10 22 16 24 37 8 33 23 36 25 10 12 38 33 25 29 24 5 19 6 44 7 22 22 26 12 27 21 26 50 26 39 21 27 14 18 32 35 17 7 25 16 18 29 4 37 21 29 33 28 26 31 31 40 23 29 13 42 34 34 25 44 33 41 29 11 30 31 27 44 23 26 39 33 26 34 47 42 41 24 11 19 54 38 30 18 18 24 45 19 17 34 35 34 14 43 26 29 34 11 24 23 37 39 26 27 22 39 21 47 9 20 22 32 42 5 29 51 22 38 29 35 28 13 30 25 31 41 25 27 41 22 39 18 11 22 18 40 21 30 14 11 19 18 20 27 4 23 17 24 28 26 4 22 30 35 23 39 48 9 17 36 31 40 23 33 10 44 27 18 8 37 32 32 48 34 22 19 9 31 24 36 24 53 41 21 26 24 39 33 40 17 9 45 30 9 35 29 24 38 0 40 33 22 43 14 41 8 11 23 15 19 40 43 37 30 29 17 12 28 21 9 28 19 24 41 50 28 38 40 9 18 12 21 23 23 46 23 34 11 35 42 43 30
56 51 75 12 18 14 45 14 8 52 51 65 17 34 61 46 5 54 32 30 52 9 26 38 23 10 48 45 13 45 50 32 48 44 67 24 48 63 29 41 55 6 39 49 66 34 62 55 6 68 29 10 5 40 20 39 35 13 37 51 45 24 59 21 61 55 35 12 48 32 18 61 51 7 24 46 47 26 56 48 12 17 49 46 3 16 62 48 19 4 55 47 71 68 41 19 37 50 23 66 7 22 12 51 43 32 55 34 40 12 47 52 39 3 46 29 55 39 50 51 52 56 45 49 59 50 25 23 26 39 50 36 47 63 34 28 28 35 30 23 48 50 43 45 33 64 28 40 45 40 45 52 26 37 41 63 39 40 52 30 25 42 50 29 57 18 31 49 51 29 18 55 15 22 5 24 45 44 34 35 51 22 49 50 18 29 49 11 17 46 28 4 27 4 10 44 45 38 29 25 13 17 24 9 14 14 60 60 48 42 22 42 21 51 53 68 34 52 47 30 39 25 8 53 30 29 57 10 67 55 31 42 64 48 18 2 65 29 24 60 55 63 26 31 72 29 10 56 64 47 41 32 44 36 60 36 55 3 66 14 34 48 56 36 5 27 17 8 55 47 16 6 64 9 57 39 47 30 27 48 43 55 46 59 39 12 27 62 22 62 30 39 47 37 20 51 50 23 49 39 38 49 20 30 41 51 47 50 26 26 47 48 30 56 42 22 16 35 44 22 45 19 39 35 60 33 50 42 61 45 49 41 47 37 15 36 55 61 44 35 42 42 30 47 15 44 6 55 47 15 29 48 10 19 13 43 34 45 2 53 11 26 33 37 1 26 39 19 13 37 45 50 43 42 22 30 41 49 13 41 51 41 22 54 18 16 53 50 35 8 37 54 13 72 38 54 6 64 64 71 29 59 40 27 55 63 35 25 32 40 9 47 27 20 66 28 36 18 55 38 46 66 70 17 31 13 49 67 36 61 60 35 52 19 50 47 36 58 54 56 39 30 46 42 42 32 65 43 35 56 63 19 36 38 40 18 58 22 18 11 33 55 10 28 28 32 8 46 24 20 25 42 22 44 64 45 58 48 45 32 15 21 28 62 56 28 49 21 33 12 40 14 53 49 9 42 32 32 51 17 3 40 0 15 33 39 45 1 46 35 28 51 37 42 16 35 12 48 44 30 25 38 48 65 39 43 7 11 32 21 10 44 25 52 60 37 25 9 50 26 48 36 5 46 56
43 53 64 22 15 7 32 18 10 38 48 53 10 20 52 34 18 40 32 27 39 7 23 28 22 14 39 46 9 45 36 19 34 31 56 11 34 53 30 33 41 12 38 36 56 21 50 41 18 58 30 19 17 39 6 27 21 10 39 45 41 28 52 10 49 46 21 3 35 35 5 50 43 14 14 32 33 22 42 48 11 4 35 32 13 13 53 37 5 13 47 35 60 56 39 15 36 49 28 54 16 7 3 39 30 23 42 22 27 9 35 45 25 13 42 27 41 36 39 40 39 42 31 48 50 41 20 27 19 26 36 29 46 54 23 21 22 37 28 12 40 47 30 38 35 54 26 31 36 34 31 41 13 23 35 53 32 40 48 28 23 28 37 27 47 13 17 40 42 16 11 41 8 10 14 23 44 40 21 25 38 20 35 36 21 24 39 12 5 33 17 18 25 17 12 38 31 24 16 11 8 7 17 20 2 9 48 50 35 43 15 38 11 37 42 57 33 40 47 27 39 10 19 40 23 14 49 11 56 44 20 29 56 48 10 13 54 15 10 49 40 52 14 24 61 15 16 44 54 44 28 32 40 26 47 23 49 18 55 20 36 43 44 33 17 13 2 7 41 45 7 15 55 20 47 37 43 16 13 41 29 42 33 48 39 14 28 53 8 50 32 30 39 37 7 39 37 10 36 27 27 43 13 20 43 38 40 37 28 12 34 39 22 42 28 24 5 22 38 17 39 12 30 23 50 19 42 44 53 31 35 43 33 37 18 25 45 49 30 24 33 29 20 36 20 36 9 44 49 23 15 35 9 5 7 44 20 35 15 39 5 29 21 23 16 12 29 5 4 23 31 38 30 29 9 16 27 35 9 27 38 38 16 41 6 4 43 40 37 14 37 49 2 62 24 46 14 55 53 60 24 48 27 13 41 54 38 26 18 40 16 41 27 12 55 15 30 22 41 25 32 55 58 22 28 19 49 57 22 50 49 22 40 8 48 38 24 50 40 45 25 20 36 30 30 20 55 35 37 50 54 23 22 31 41 24 45 11 7 16 28 50 20 14 15 19 14 37 14 24 25 33 9 31 52 32 44 36 34 26 21 23 14 53 42 16 37 9 35 6 26 7 49 41 14 28 25 19 38 13 15 33 15 0 20 25 43 15 40 33 15 41 25 28 11 21 7 35 33 26 12 25 40 55 27 30 11 21 19 8 8 34 23 45 52 24 27 15 38 13 43 21 13 32 44
34 51 45 42 22 19 13 29 27 23 38 33 26 19 35 14 35 29 32 24 20 25 23 13 25 28 22 44 22 42 26 20 15 25 36 19 18 34 31 19 26 29 35 16 37 20 30 32 37 39 32 39 37 35 19 8 9 29 39 32 34 35 37 13 29 28 18 23 15 39 16 32 26 30 12 21 22 21 28 44 31 21 18 19 32 21 36 17 19 30 32 15 41 37 34 21 34 43 36 34 32 15 23 20 10 13 22 22 8 28 15 32 17 32 34 25 25 28 19 21 26 24 14 43 33 24 17 32 15 6 22 19 42 37 7 16 17 39 25 23 24 38 10 25 38 36 25 15 20 24 23 22 19 10 25 34 20 37 37 27 24 22 17 26 29 18 10 22 25 5 27 24 26 12 31 25 39 30 1 9 29 23 25 20 30 19 21 32 17 14 24 37 25 36 26 27 14 14 7 12 27 23 15 35 21 27 28 31 28 41 15 31 26 30 23 38 31 20 44 23 37 14 34 27 16 13 34 25 37 25 5 11 38 43 26 31 35 17 13 30 27 33 21 16 41 18 30 24 37 35 9 31 30 10 27 3 36 36 35 32 38 32 24 27 34 18 19 26 26 37 25 31 37 40 28 32 35 9 9 28 20 34 25 28 36 34 30 36 18 30 35 15 23 36 20 20 19 19 17 9 9 30 15 9 42 21 27 18 32 16 14 24 15 24 13 31 18 3 25 18 26 27 16 3 32 5 26 44 37 12 29 43 19 37 28 9 27 29 15 5 18 10 8 17 31 23 28 24 47 35 8 15 25 16 27 42 7 17 34 21 23 34 24 11 34 10 13 15 21 6 23 18 11 18 16 6 13 26 29 19 18 31 16 33 22 18 24 21 38 34 35 38 22 42 13 31 34 36 33 41 18 29 7 17 24 35 40 31 18 39 36 30 30 15 35 22 21 32 31 5 18 36 39 31 25 30 45 37 19 31 29 20 20 22 39 22 4 36 24 26 10 10 20 10 11 3 37 22 38 37 36 32 5 19 39 34 25 13 23 36 23 37 35 11 20 2 29 21 25 32 26 18 19 14 32 27 25 16 14 19 33 29 16 35 33 21 17 13 37 26 13 25 38 27 34 11 17 14 19 20 32 22 33 20 0 21 35 34 29 28 6 23 5 19 28 16 22 16 14 22 10 5 26 36 8 10 31 41 7 20 28 18 25 31 35 5 32 35 18 14 32 13 32 22 24
18 71 59 44 36 30 23 42 35 18 59 44 24 6 53 27 42 16 51 43 26 32 41 33 42 39 41 64 33 62 12 7 24 6 48 16 18 50 49 39 19 37 55 25 52 5 39 17 41 55 50 40 41 55 20 27 12 29 58 52 54 51 56 26 42 47 5 27 27 56 24 48 45 39 28 9 10 39 19 64 31 23 21 12 37 35 54 33 21 38 52 31 56 50 54 35 53 63 51 45 41 19 28 34 25 33 29 6 21 28 28 52 5 37 55 44 22 48 36 37 16 26 17 63 50 43 35 48 33 20 14 39 62 55 28 35 36 57 45 18 44 58 24 46 56 52 44 35 39 44 7 40 14 12 45 49 40 56 58 46 42 3 27 44 47 33 13 41 44 21 24 24 25 23 39 42 59 51 21 29 13 39 11 19 44 38 40 32 25 22 13 42 43 42 36 48 18 9 17 17 27 23 32 45 27 27 40 48 10 60 31 51 21 12 40 52 50 36 64 43 56 16 44 17 36 13 53 35 51 41 26 19 56 63 23 37 49 11 18 44 18 48 14 36 54 11 40 32 54 56 21 50 51 30 35 20 56 42 49 45 56 52 37 47 42 13 24 31 19 57 24 40 55 43 45 52 56 15 17 48 6 17 8 42 55 33 48 54 18 40 53 35 43 55 20 35 23 17 22 28 30 50 30 29 61 20 47 22 49 14 26 43 34 25 14 46 27 19 46 34 47 23 37 21 50 17 45 63 56 23 10 62 13 56 41 29 45 39 13 26 38 22 28 33 44 44 34 40 67 47 16 26 34 22 28 61 14 36 39 25 30 50 9 11 40 18 33 23 28 17 7 31 22 8 18 18 12 11 29 4 31 51 32 16 22 26 42 38 56 36 55 58 27 57 10 50 37 53 47 55 38 44 23 13 23 51 58 47 8 58 38 50 47 29 48 13 41 46 16 22 13 51 51 45 44 43 65 52 4 46 43 4 35 21 60 41 21 55 22 43 14 30 39 28 29 23 53 43 56 57 54 46 17 39 59 48 31 27 22 36 43 57 45 15 11 21 39 40 18 47 44 38 18 16 43 7 31 31 30 39 45 45 12 52 18 12 32 24 55 28 12 26 59 47 35 17 37 9 27 34 40 43 39 25 21 0 56 39 50 48 22 42 24 5 26 6 31 24 32 41 19 23 45 51 26 24 34 42 15 19 30 38 42 51 54 21 48 37 32 14 53 8 36 8 34
68 20 43 56 29 37 40 33 39 54 6 43 52 52 28 37 44 61 15 17 45 42 21 24 23 36 22 15 36 11 60 53 41 60 43 49 49 32 19 18 58 40 9 41 37 53 45 65 51 37 19 54 50 7 46 31 44 52 15 13 2 26 20 34 40 25 52 44 38 21 40 32 22 39 30 55 55 22 59 11 52 46 47 52 46 31 28 32 45 42 18 34 39 41 6 29 10 8 28 43 40 43 43 34 35 23 45 55 38 50 37 14 51 47 1 17 54 8 31 31 59 49 45 9 26 23 24 24 25 38 55 17 9 28 28 23 22 18 16 52 19 5 36 13 19 33 18 23 22 12 58 28 50 45 11 34 16 9 8 16 21 57 40 17 28 31 44 24 23 35 53 51 49 36 41 22 6 6 35 27 64 24 59 50 29 20 25 52 39 42 55 48 19 45 36 10 44 48 39 42 50 49 27 39 41 51 40 31 62 13 29 5 53 65 30 39 12 33 12 17 11 44 40 59 21 45 21 36 38 32 30 42 29 10 52 45 38 49 42 36 59 36 52 20 43 50 37 43 30 3 38 15 5 26 45 37 13 46 40 34 19 8 37 10 42 49 43 44 57 2 50 40 29 53 30 8 2 42 41 14 54 68 60 37 10 54 20 26 46 44 20 22 19 13 47 33 46 48 46 30 28 13 31 27 14 50 14 47 22 47 38 20 22 51 46 26 38 37 12 26 13 54 20 35 28 39 20 17 23 39 63 17 52 14 31 28 27 43 48 31 20 39 28 30 31 15 43 32 17 34 40 39 38 41 49 13 42 26 47 47 42 23 56 46 46 40 25 40 40 40 57 36 39 52 44 39 47 60 51 54 37 5 28 67 48 40 28 29 17 51 12 10 43 41 47 18 50 32 38 41 20 33 36 48 52 33 20 22 51 12 53 9 20 32 41 53 15 30 64 35 51 36 43 30 16 33 12 38 53 34 36 54 34 49 5 22 36 19 53 30 44 26 22 32 31 33 33 15 16 16 29 29 40 17 13 31 48 33 49 54 15 13 39 43 51 35 38 22 54 28 20 21 47 46 43 61 46 34 32 18 33 26 48 30 67 52 34 36 18 48 47 48 9 16 52 43 19 48 42 31 43 14 45 43 35 56 0 46 9 11 35 25 33 53 52 50 38 42 30 17 39 35 17 35 32 37 48 56 41 48 48 21 21 15 25 36 23 53 35 45 6 48 49 57 42
56 52 76 11 19 15 46 15 8 52 52 66 17 34 62 47 5 54 33 31 53 9 26 39 24 11 49 46 13 46 50 32 48 44 68 24 49 63 30 42 55 7 40 49 67 34 63 55 5 69 30 9 4 41 20 40 35 13 38 52 46 25 60 22 62 56 35 13 48 33 18 61 52 8 25 45 46 26 56 49 11 17 49 46 2 17 63 49 18 5 55 48 71 68 41 19 38 51 24 66 8 22 12 52 43 32 55 34 40 12 48 52 38 3 47 30 55 40 50 52 53 56 45 50 59 51 26 24 27 39 50 37 48 64 34 28 29 36 31 23 49 51 43 45 34 65 29 41 46 41 45 52 26 37 42 63 40 41 53 31 26 42 50 30 58 19 31 50 52 29 17 55 14 22 6 25 46 45 35 36 51 23 49 51 19 30 49 10 18 46 28 4 28 4 11 45 45 38 30 25 13 17 25 10 14 14 61 61 48 43 23 43 20 50 54 69 35 52 48 31 40 25 9 54 30 29 58 11 68 56 32 43 65 49 18 3 66 29 24 61 55 64 26 32 72 29 11 57 64 48 42 33 45 37 60 36 56 4 67 15 35 49 56 37 6 27 17 9 55 48 15 7 64 8 58 40 48 30 27 49 43 55 46 60 40 11 28 63 22 63 31 40 48 38 20 52 51 23 50 39 38 50 21 30 42 52 48 50 27 26 47 49 30 56 42 23 16 35 45 23 46 19 39 36 61 33 51 43 62 45 48 42 47 38 16 37 56 62 44 36 42 43 31 48 16 44 6 55 48 16 29 48 10 19 12 44 34 46 1 53 11 27 33 37 2 26 39 19 13 37 45 50 44 43 23 30 41 49 12 41 51 42 23 54 18 16 54 51 36 7 38 55 13 73 38 54 5 65 65 71 30 59 40 27 55 64 36 26 32 41 8 47 28 21 67 27 37 19 55 38 46 66 70 18 32 14 50 68 36 61 60 35 52 19 51 48 37 58 54 56 40 30 46 43 42 32 66 44 36 57 64 20 36 39 41 19 58 22 18 10 34 56 11 28 28 32 9 47 23 21 26 43 22 45 64 45 58 49 46 32 16 22 28 63 56 28 49 22 34 12 40 14 54 49 9 42 33 33 52 18 4 41 1 15 34 39 46 0 47 36 28 51 37 42 16 35 13 49 45 30 25 39 49 66 40 43 6 10 33 21 10 44 26 53 61 38 26 8 51 27 48 36 5 46 57
61 28 36 57 28 35 32 34 39 46 10 35 49 47 20 29 45 54 20 17 37 41 21 17 24 36 14 23 35 19 53 48 33 53 35 45 41 25 22 11 50 40 16 33 29 48 37 58 51 29 23 54 50 14 43 24 38 50 22 6 8 30 15 31 31 16 46 41 30 27 37 24 14 40 27 48 49 21 51 20 50 43 39 45 46 30 21 24 42 42 11 25 32 33 13 28 16 16 31 35 41 39 41 26 28 19 37 50 31 48 29 7 45 47 8 18 46 8 22 23 51 41 38 17 18 14 21 28 22 31 48 11 18 21 22 20 19 24 17 48 10 10 28 5 25 25 19 16 13 7 51 20 46 39 6 26 10 17 9 18 21 51 32 18 19 29 39 16 15 30 50 43 47 33 42 23 14 3 29 21 57 24 52 42 31 18 16 50 36 34 51 49 20 46 36 2 37 42 34 38 48 46 24 41 39 48 32 23 55 21 26 8 50 58 22 31 16 24 20 16 18 40 41 52 18 40 14 36 31 23 25 34 22 19 49 45 30 44 38 28 52 27 48 17 35 45 37 35 23 8 31 19 4 20 37 30 9 47 31 36 25 3 29 11 43 45 40 43 49 10 47 40 22 54 22 13 9 36 36 5 47 60 53 28 17 53 23 19 42 35 25 15 10 19 44 25 38 45 38 22 21 5 28 23 22 42 6 39 25 43 30 11 19 43 39 28 35 31 4 25 4 51 13 29 21 33 12 25 17 32 57 24 45 20 32 21 19 34 41 24 13 31 23 22 33 7 43 24 25 37 35 31 37 38 47 21 36 18 47 39 40 27 51 39 46 36 17 37 38 34 50 28 32 46 41 33 40 53 49 48 29 9 25 60 45 37 19 21 23 51 18 9 41 33 41 11 49 24 30 33 17 25 29 44 44 25 26 25 46 20 52 1 23 29 33 49 11 32 57 29 44 29 35 32 16 35 20 30 48 26 28 48 26 46 12 13 29 13 45 22 37 22 14 25 23 27 25 8 22 11 22 32 33 11 21 34 39 30 46 54 14 10 40 38 47 30 39 14 50 31 22 13 43 39 34 55 38 26 24 15 35 28 43 22 59 48 25 33 24 46 40 46 10 8 51 36 16 42 34 30 43 8 46 40 29 50 9 47 0 13 30 16 26 47 50 44 36 34 22 17 35 28 9 27 25 30 47 56 35 45 46 13 22 8 18 30 26 52 27 41 4 42 48 50 33
62 24 48 46 19 27 36 23 29 49 16 45 42 44 32 33 34 56 8 6 42 32 11 19 13 26 23 17 26 14 54 44 37 53 45 39 44 36 10 16 53 30 8 38 40 45 45 59 41 41 11 44 40 7 36 26 37 42 12 18 10 18 27 25 40 27 44 34 35 16 30 34 24 29 21 49 49 12 54 17 42 36 42 46 36 21 33 30 35 32 23 31 43 43 7 19 6 17 19 45 30 34 32 33 31 16 43 47 33 40 34 19 44 37 11 7 50 5 30 31 53 46 40 16 30 24 14 15 16 33 50 11 15 33 22 14 13 14 6 43 20 15 31 14 14 37 8 19 21 10 51 28 41 38 10 37 13 9 17 6 11 50 37 7 30 21 36 25 25 27 43 47 40 27 31 12 12 10 29 21 57 14 53 45 19 10 24 42 29 37 46 38 9 35 26 12 39 41 32 33 39 39 17 30 32 41 41 33 55 13 19 7 43 58 30 42 4 32 16 7 9 35 30 54 13 37 26 26 42 33 23 36 34 16 42 35 40 40 33 38 54 38 43 13 46 41 26 42 35 12 33 7 10 21 44 30 21 36 42 24 13 15 37 2 32 40 33 34 52 13 40 30 34 43 32 5 12 34 32 17 47 61 53 38 8 44 11 31 37 44 13 19 20 9 37 32 42 39 42 25 22 17 21 20 14 46 17 43 13 38 35 21 14 48 40 16 28 30 13 17 14 44 16 29 32 32 22 17 29 35 57 16 47 10 21 22 29 43 42 25 18 34 20 28 22 15 33 32 20 25 32 35 28 31 38 14 35 24 37 43 32 15 48 39 36 32 20 30 30 34 50 34 35 46 35 31 41 54 41 47 35 6 18 61 38 30 29 29 13 41 8 19 33 45 40 23 40 36 40 44 11 35 31 39 48 36 16 13 43 11 43 13 10 22 43 44 9 20 59 30 45 40 45 20 5 23 17 41 45 36 38 46 33 39 16 22 30 25 49 32 37 18 22 28 27 26 37 15 12 23 34 20 33 13 12 22 45 24 39 44 5 21 29 34 43 28 28 21 45 19 10 19 38 40 43 54 44 32 29 10 24 16 39 34 61 44 32 27 13 37 40 39 18 19 42 38 12 40 39 21 32 11 35 33 28 48 11 36 13 0 27 26 27 47 43 42 28 39 27 8 30 29 19 38 27 33 38 46 33 39 38 20 11 20 30 30 14 42 33 37 13 40 38 50 40
37 50 50 37 17 14 18 25 21 27 39 38 22 18 39 19 30 32 29 22 25 20 20 15 21 23 25 43 17 40 29 19 20 27 41 16 23 38 28 21 31 23 34 22 41 19 35 35 32 44 29 33 31 33 15 13 11 25 37 33 33 31 39 8 35 32 18 18 21 36 11 36 29 25 7 24 25 18 32 43 26 16 23 22 26 17 39 22 14 25 35 20 46 42 33 16 32 42 32 39 27 11 18 25 16 12 28 21 13 23 20 34 18 27 34 22 30 27 24 25 30 29 19 42 36 27 14 28 12 12 26 19 41 40 9 13 15 36 23 20 27 38 15 27 35 40 22 17 22 24 25 27 16 13 25 38 21 35 38 25 20 24 22 23 33 14 10 26 28 1 23 29 21 6 25 22 38 30 7 11 32 19 28 25 25 17 25 27 11 19 22 31 22 30 21 28 18 15 5 9 23 19 11 30 15 23 33 35 30 39 10 31 22 32 28 43 29 25 42 21 35 11 29 31 14 11 36 20 42 30 6 16 42 42 22 26 40 15 9 34 31 38 18 15 46 16 25 29 40 35 14 29 31 12 33 9 37 31 40 28 35 33 29 26 28 16 14 21 30 37 21 26 41 35 32 31 35 8 7 30 22 36 27 33 34 29 27 40 14 35 32 17 26 34 16 25 24 16 23 13 13 31 11 8 40 26 29 24 28 13 19 26 13 30 17 26 13 8 27 14 28 23 18 8 36 7 28 42 40 17 31 41 23 34 23 11 31 34 19 9 20 15 8 21 26 24 23 29 45 30 6 20 19 11 22 40 9 21 29 26 18 30 22 14 29 6 15 10 15 11 25 23 16 21 12 5 17 29 24 21 24 30 12 35 17 13 28 25 35 29 33 39 17 47 15 33 29 40 38 45 16 33 13 15 28 39 38 27 17 37 31 31 26 10 40 20 20 27 34 10 22 40 44 26 23 26 44 42 19 35 34 20 25 18 39 25 9 38 29 31 14 9 23 15 15 5 41 23 35 39 40 27 10 20 37 29 31 7 18 31 22 39 30 9 18 5 24 24 22 28 23 20 15 19 37 28 30 21 19 17 28 25 14 39 36 19 22 7 34 21 16 20 39 29 29 16 16 14 24 16 27 23 28 15 6 22 35 28 30 27 0 27 10 21 24 16 16 21 18 20 6 11 28 40 13 16 25 35 8 16 22 21 21 33 38 10 28 30 23 12 33 15 27 25 29
49 44 25 61 34 37 20 42 44 33 24 20 48 41 12 16 51 42 33 27 23 44 29 13 33 43 4 39 39 35 42 42 20 44 20 42 29 13 34 11 37 45 31 20 16 42 21 46 56 18 35 58 55 29 41 16 31 51 37 15 24 41 15 31 16 6 40 43 17 41 37 10 4 46 28 38 38 28 39 36 52 43 26 34 50 35 13 10 41 47 12 12 20 19 28 33 31 32 43 19 48 38 43 11 17 20 22 44 22 49 16 14 37 51 24 28 32 22 8 8 39 27 26 33 10 3 26 38 25 22 36 17 33 14 19 24 24 39 27 46 7 25 18 13 39 14 29 11 6 17 41 4 42 30 16 13 14 32 22 29 30 42 18 29 7 33 33 2 3 26 49 29 48 32 47 32 30 19 23 17 46 31 41 30 40 24 3 52 37 22 47 54 29 52 42 16 25 34 30 35 49 45 27 49 41 49 16 10 45 36 29 23 48 47 6 18 30 9 36 26 33 37 49 39 22 35 12 41 17 8 22 24 15 35 48 49 16 39 35 13 39 13 44 21 22 40 44 20 14 23 21 32 20 16 21 23 18 53 17 44 39 17 13 24 50 41 40 45 36 26 47 47 14 58 7 28 24 31 32 12 38 49 43 13 32 55 35 14 40 19 38 12 7 34 42 10 25 42 25 15 15 14 31 22 37 29 11 26 37 39 18 6 22 29 29 38 37 24 14 30 13 50 13 22 10 27 5 40 15 20 47 40 34 35 40 16 5 18 30 19 10 21 21 9 42 11 47 8 41 46 31 18 42 37 48 36 29 7 52 25 43 39 46 31 51 32 13 36 40 26 40 14 21 36 38 29 31 42 50 39 14 24 29 49 44 38 3 5 38 54 33 21 42 22 33 10 53 14 15 21 23 10 19 40 30 13 41 36 40 35 56 17 34 31 18 45 18 42 45 21 33 16 21 41 26 43 36 17 41 11 12 42 10 44 27 5 22 14 32 7 28 22 5 14 14 23 15 12 36 17 13 41 26 14 36 43 24 30 45 56 23 19 48 34 42 25 45 5 48 41 32 9 41 27 19 45 23 13 12 22 44 38 39 12 48 43 12 32 38 47 31 47 23 9 54 26 20 36 20 35 49 15 51 41 23 42 25 51 16 26 27 0 19 38 50 38 39 22 10 25 32 20 8 15 17 19 50 60 29 43 48 8 31 12 13 22 37 55 13 37 19 35 52 40 18
36 50 41 46 24 23 11 32 30 22 35 29 31 23 31 10 38 29 32 24 17 29 23 9 26 31 18 43 25 40 28 24 12 28 32 23 17 30 32 16 27 32 34 14 32 24 26 33 41 35 32 43 40 33 24 4 13 34 38 28 31 36 32 16 25 24 22 27 12 39 20 27 22 33 14 23 23 21 28 42 35 25 16 20 35 24 32 13 23 34 29 11 37 32 32 23 33 40 37 30 35 20 27 15 7 12 20 26 6 32 11 28 19 36 32 25 24 26 15 16 27 22 14 41 28 20 18 33 16 6 23 17 40 33 6 16 17 39 25 28 21 35 7 22 38 31 25 11 16 21 26 18 24 13 22 29 17 35 34 27 24 25 14 26 25 21 15 18 21 9 32 22 30 15 34 26 37 27 5 6 31 24 27 19 31 19 17 36 20 12 28 40 25 39 29 24 13 16 11 17 32 28 16 38 25 32 24 27 30 40 17 29 30 32 19 34 30 16 42 23 35 18 37 28 16 17 30 28 33 21 7 10 34 42 30 35 30 21 17 25 28 29 25 15 37 22 33 20 32 32 7 31 28 7 24 5 32 39 31 35 38 29 20 25 37 22 23 30 26 34 30 34 33 44 24 31 33 13 14 24 22 35 28 24 35 38 31 32 22 26 36 11 20 35 24 15 17 24 16 4 6 26 18 10 40 20 23 17 33 21 11 20 14 23 14 32 22 5 22 19 23 32 13 3 28 9 21 43 33 10 31 42 20 36 30 5 23 25 16 3 14 8 9 12 33 20 32 20 46 37 12 12 28 20 31 40 11 13 38 19 27 34 28 14 38 14 9 20 24 8 25 14 9 20 20 10 15 28 33 22 14 29 18 35 26 22 20 16 38 38 34 34 26 38 15 27 38 32 29 36 18 24 5 21 22 30 40 31 22 38 40 27 30 17 31 26 19 33 32 3 19 32 34 32 24 33 43 33 23 27 25 24 16 27 37 17 4 32 23 22 11 11 15 6 6 5 32 19 37 33 32 34 8 16 39 35 23 16 27 40 22 33 37 15 24 6 32 16 30 34 26 14 23 14 28 29 22 12 10 18 35 31 20 30 34 25 13 16 37 30 14 30 35 23 38 11 16 17 16 23 35 19 37 25 5 24 33 37 26 27 10 19 0 22 33 20 25 14 9 22 14 3 22 31 3 7 35 45 11 25 32 15 25 27 31 4 32 40 14 19 30 17 36 24 20
17 70 54 47 37 31 19 43 37 13 56 39 27 9 49 22 45 13 50 42 21 34 40 30 42 40 37 63 34 60 9 11 20 7 43 19 13 46 49 37 14 39 54 21 47 9 34 14 44 50 50 43 44 53 22 24 10 32 57 49 52 51 52 26 37 43 8 30 23 56 25 44 41 41 28 5 6 38 15 63 34 25 16 7 40 36 50 29 24 40 49 27 51 45 53 36 52 61 51 40 43 21 31 30 22 31 24 10 17 32 24 49 4 39 53 43 18 47 32 32 12 21 13 62 47 39 35 49 32 16 9 37 60 51 26 34 35 57 44 21 41 56 21 43 55 48 43 32 36 42 5 36 17 9 43 45 38 55 55 45 41 4 23 44 43 33 13 37 40 20 27 19 29 24 41 42 57 48 19 27 11 39 8 14 45 37 36 35 26 18 17 44 42 45 38 45 14 6 16 18 31 26 32 47 29 30 35 44 9 59 31 50 25 12 35 48 49 32 62 42 55 18 45 13 34 14 49 37 47 37 24 15 51 62 26 40 44 14 19 39 14 43 17 35 50 14 42 27 50 53 18 49 49 28 30 17 53 45 44 46 56 50 32 45 44 16 26 34 15 55 28 42 50 46 41 51 54 14 17 45 1 16 7 37 54 36 48 51 20 35 53 32 40 54 23 31 18 20 17 25 27 47 31 27 60 15 44 17 49 16 22 40 33 20 9 47 29 17 43 34 44 27 34 19 45 15 41 62 52 18 10 61 8 55 42 26 41 35 9 23 35 18 27 30 45 41 37 36 66 48 16 22 35 24 31 60 13 32 41 20 32 50 13 8 43 18 30 24 30 14 4 27 18 3 20 17 8 8 32 2 27 49 32 15 25 27 38 34 56 39 54 55 30 52 7 47 40 49 42 50 37 40 19 16 18 47 58 47 11 57 41 48 47 29 43 17 39 47 14 19 8 46 47 46 43 44 63 47 7 42 38 9 31 24 58 38 18 51 17 39 11 29 36 24 25 21 49 40 56 53 49 47 14 37 58 48 26 27 25 39 42 54 47 15 15 19 41 37 22 47 43 35 21 12 38 8 26 26 27 37 46 45 14 48 16 15 27 25 55 31 8 29 56 44 38 13 35 10 22 35 42 40 42 28 19 5 53 42 47 47 21 38 22 0 29 7 33 19 28 40 19 20 42 47 23 20 37 45 14 22 33 35 42 47 50 18 48 40 28 16 51 7 39 5 29
43 62 73 19 25 17 39 26 17 41 58 61 3 21 62 41 20 41 41 37 45 13 33 38 31 21 48 55 18 54 37 19 41 31 64 12 39 62 39 43 43 18 48 42 65 21 56 42 16 67 39 14 16 49 10 36 26 4 48 55 52 36 62 20 57 55 22 10 42 44 14 59 52 20 24 33 34 32 44 57 6 8 40 35 14 23 63 45 10 17 57 43 69 65 49 25 46 59 36 61 21 13 11 47 38 33 48 21 34 5 42 55 27 14 53 37 45 46 47 49 41 47 36 58 59 50 30 35 29 32 38 39 56 64 32 31 32 46 38 9 50 57 37 48 44 63 36 40 45 44 32 50 13 27 45 61 42 49 58 38 33 29 44 37 56 23 21 49 51 24 2 46 3 19 18 32 54 50 29 34 38 30 36 41 29 34 48 7 15 39 14 18 35 19 19 48 37 27 22 17 4 5 27 25 11 3 56 59 35 52 25 49 5 37 51 66 43 48 57 37 48 15 23 41 33 19 59 19 65 53 29 35 65 57 4 15 63 17 16 58 43 61 13 34 69 16 22 50 64 54 35 41 50 35 54 30 59 19 63 27 45 53 51 42 20 14 11 11 44 54 4 20 64 18 56 47 54 22 20 51 30 42 33 56 48 8 37 63 11 57 41 39 49 47 9 48 42 11 41 36 36 53 23 29 52 42 50 42 37 14 41 49 32 47 33 33 16 29 48 26 49 4 40 30 60 26 51 53 63 38 35 52 36 47 26 34 54 56 34 32 42 36 30 44 28 46 13 52 58 29 22 42 17 13 5 53 26 44 15 45 12 37 19 27 17 19 38 14 14 30 32 45 37 31 13 23 31 36 4 28 46 47 26 41 7 14 52 48 46 11 46 59 11 70 27 56 12 64 61 69 34 57 34 15 45 62 47 35 19 50 13 51 37 22 63 14 40 30 42 32 35 64 67 30 38 26 58 65 23 59 57 22 48 7 57 48 31 60 44 54 31 30 46 38 39 28 64 45 46 60 63 31 29 41 50 31 51 21 6 11 39 60 25 19 15 27 20 47 9 32 34 43 10 35 59 31 50 44 42 36 28 32 16 62 43 15 45 19 44 6 30 4 59 51 10 34 35 22 45 23 18 43 16 11 28 26 52 16 50 43 24 50 33 29 0 23 16 41 42 35 19 33 50 63 35 37 10 17 25 9 7 44 33 55 61 32 36 12 46 16 53 25 12 33 51
23 65 57 40 31 24 20 37 30 19 54 42 20 4 49 24 38 20 45 38 25 27 35 28 36 33 37 58 27 56 16 5 22 11 46 12 18 47 44 34 21 32 49 23 49 5 37 21 37 52 44 36 37 49 15 23 7 25 52 47 49 45 52 20 39 43 2 23 24 51 19 45 40 34 22 12 13 33 22 58 27 18 20 13 33 30 50 29 17 33 48 27 53 48 49 30 48 58 45 43 36 14 24 31 22 27 28 7 17 25 25 47 5 32 50 38 23 43 32 33 19 26 15 58 47 38 30 43 28 16 16 34 57 51 23 29 30 51 39 15 40 53 21 41 50 49 38 30 35 39 11 36 10 8 40 46 35 51 53 40 36 9 25 39 43 27 7 37 40 16 21 24 22 18 34 37 53 45 16 24 18 34 15 19 39 33 36 28 20 20 12 37 37 38 31 43 16 5 11 12 24 19 27 40 22 23 38 44 15 55 25 46 18 17 36 50 45 33 58 37 50 11 39 20 30 7 49 30 49 38 20 16 52 58 19 33 46 7 13 41 21 45 11 31 52 7 35 31 50 50 18 44 46 25 34 16 51 38 46 39 51 47 34 41 37 9 19 27 21 52 21 35 51 39 41 47 51 9 11 43 8 22 13 39 50 30 42 51 13 38 47 30 39 50 16 32 22 13 20 24 25 45 25 23 55 20 42 21 43 9 23 39 29 25 12 41 22 15 41 29 42 20 32 17 46 12 41 57 52 20 16 56 13 50 35 24 41 38 13 21 33 18 23 30 39 39 30 37 61 42 10 23 29 17 24 55 10 31 34 24 25 45 9 7 36 12 28 18 23 13 11 28 19 9 13 12 10 15 25 7 28 46 27 21 18 20 38 34 51 32 49 53 23 54 6 46 33 50 45 52 32 41 19 9 24 48 53 42 4 53 34 45 42 23 46 10 36 40 21 17 13 48 49 39 38 38 59 49 4 43 40 4 32 17 55 37 17 51 22 39 11 25 35 24 25 18 50 38 51 52 50 41 12 34 53 42 30 21 18 33 37 52 40 9 9 15 34 36 16 41 38 33 14 15 41 13 30 27 27 33 40 39 7 48 22 9 28 19 49 24 9 22 54 42 31 14 31 3 25 29 35 37 35 21 16 6 50 35 44 42 16 38 20 7 23 0 26 22 28 35 13 18 41 48 21 20 30 38 10 15 26 34 37 46 50 16 43 33 29 9 48 4 32 12 32
48 47 63 22 10 3 34 12 6 41 43 53 15 26 50 35 14 44 26 22 41 5 17 27 16 8 37 40 3 39 41 25 36 36 56 17 38 51 24 30 45 8 33 37 55 26 51 46 17 57 24 19 16 34 13 27 25 14 33 41 37 22 49 9 50 44 26 7 36 29 8 49 40 9 13 36 37 17 46 42 15 10 38 36 11 8 51 37 11 9 44 35 59 56 34 9 31 44 22 54 11 13 6 40 31 20 44 27 29 12 36 42 29 12 38 21 45 31 38 40 43 44 34 43 48 39 15 20 15 27 40 26 41 52 22 17 18 31 22 18 37 42 31 35 29 53 21 29 34 30 36 40 19 27 31 51 29 34 43 23 18 34 38 22 46 8 21 38 40 17 16 44 13 11 10 17 39 35 23 24 43 15 40 40 15 19 37 15 7 35 23 16 20 14 6 34 34 28 19 15 13 13 13 15 5 14 49 49 40 37 11 34 17 43 42 56 28 40 41 22 33 15 14 44 19 19 47 5 56 44 19 31 54 42 16 10 54 21 14 49 45 51 20 21 60 21 10 45 53 39 30 26 35 25 48 25 45 15 55 14 30 39 44 28 13 19 8 7 45 40 13 10 53 20 46 32 39 20 17 38 33 47 38 48 33 17 22 51 14 51 26 28 37 31 13 39 39 16 38 27 26 39 9 18 37 41 37 39 22 17 35 37 19 45 32 18 4 23 34 12 35 18 28 24 49 22 39 38 50 33 41 37 37 32 11 25 44 50 33 24 30 31 19 35 14 33 8 43 43 17 18 36 3 9 12 38 24 34 13 41 4 22 27 27 13 16 27 9 3 26 36 38 32 33 14 19 31 40 13 32 39 33 12 46 13 6 42 39 31 15 31 45 6 61 28 43 14 53 52 59 19 47 28 19 44 52 32 20 24 34 17 37 21 9 55 22 26 16 46 26 36 54 58 15 23 13 43 56 28 49 48 27 40 14 43 36 25 47 44 44 29 18 35 31 30 20 54 32 31 47 52 17 25 28 35 18 47 10 14 18 24 46 15 18 21 20 9 35 20 18 19 31 15 34 52 38 46 36 34 22 15 17 19 51 48 22 37 10 29 11 30 12 44 38 16 31 22 23 40 7 11 30 12 7 22 31 38 13 36 28 16 39 25 33 16 26 0 37 33 21 14 26 38 54 28 32 12 21 22 15 11 33 18 42 50 26 21 17 39 18 39 26 13 37 45
28 61 36 57 37 35 3 45 42 12 44 21 39 25 31 6 50 21 44 36 5 40 36 20 39 43 22 54 37 51 21 27 2 25 25 30 8 27 44 25 16 44 45 2 29 26 16 25 52 32 45 53 52 44 32 13 16 43 50 35 41 49 36 28 19 26 23 37 5 52 31 26 25 46 27 17 18 34 18 53 45 35 5 13 47 37 32 12 32 45 33 10 33 27 43 36 44 50 50 22 48 29 38 12 8 24 7 27 9 42 6 34 19 47 42 37 12 37 14 15 18 9 7 51 29 23 31 46 29 10 15 28 50 33 19 29 30 51 37 34 26 44 8 30 50 29 38 20 22 31 22 19 29 15 32 27 27 47 42 39 37 23 4 38 25 34 20 21 24 20 40 9 39 27 46 39 47 37 15 18 25 37 21 9 45 32 20 45 32 3 33 52 38 51 41 33 6 17 20 25 41 36 30 50 35 41 17 26 25 51 30 39 37 27 18 29 42 14 53 35 47 26 49 18 28 23 33 40 28 19 19 7 34 52 38 46 26 26 26 21 18 25 31 28 31 27 45 10 32 42 8 43 37 19 13 13 38 51 25 48 50 37 14 37 49 28 33 41 15 44 39 47 33 55 23 42 42 20 22 31 19 28 23 19 46 47 44 33 30 17 48 21 25 47 33 13 4 31 4 14 17 33 31 23 52 8 30 5 45 27 5 25 27 10 10 45 33 14 31 33 31 39 23 14 28 16 26 55 35 4 27 54 14 48 43 17 23 17 11 16 23 7 22 14 46 28 43 18 57 50 20 4 40 30 40 52 15 18 49 6 38 47 30 15 49 23 19 30 36 12 21 9 6 17 29 19 13 22 42 20 9 39 30 28 35 33 20 17 50 48 46 41 37 33 16 31 48 31 24 32 31 21 9 27 10 28 53 44 25 49 51 35 43 30 25 31 30 47 24 12 12 28 28 46 37 46 53 29 24 24 20 25 13 35 46 23 13 35 11 21 11 24 21 11 12 18 30 27 49 38 32 47 13 27 50 49 10 28 35 50 34 40 50 23 29 17 44 22 36 47 39 22 31 8 20 26 10 9 11 30 48 44 26 30 26 30 10 28 49 40 13 39 43 29 48 8 28 21 4 36 47 29 48 35 16 24 42 49 34 39 21 22 14 19 41 22 37 0 13 34 24 11 28 29 12 7 45 55 17 33 42 22 38 32 33 12 45 50 10 25 38 19 47 19 11
40 49 32 54 29 30 11 37 37 25 31 22 40 31 22 8 45 33 33 26 16 37 27 8 30 37 10 42 32 39 32 32 12 34 24 32 20 21 34 12 29 39 33 12 24 32 20 37 49 26 35 51 48 32 32 6 21 43 38 22 28 40 25 24 17 16 30 35 9 41 29 18 14 40 21 28 28 25 30 40 44 34 18 24 43 30 23 5 32 41 21 5 28 24 31 28 32 37 41 22 42 29 35 8 7 15 17 34 12 41 8 22 27 44 29 27 25 24 6 8 30 20 17 38 20 12 22 37 20 12 27 16 38 24 11 20 21 40 27 37 14 31 8 17 39 22 28 8 9 19 32 9 32 20 19 20 15 35 29 29 28 32 11 28 16 27 23 10 13 18 40 22 39 24 41 30 34 24 13 9 36 28 32 21 36 22 9 44 29 13 37 48 27 46 36 20 16 24 20 26 40 37 22 44 33 40 17 18 35 39 23 27 39 38 10 25 31 8 40 25 35 27 43 31 19 26 22 35 24 12 14 14 25 39 39 43 22 30 26 17 30 20 34 18 28 31 39 16 23 29 11 32 25 9 18 13 26 47 22 40 39 24 12 25 44 31 32 38 28 31 39 41 24 52 15 30 30 22 23 19 28 40 34 15 34 47 34 24 31 19 38 9 13 35 33 7 17 33 17 6 7 21 25 15 40 21 18 17 35 30 9 13 18 22 19 36 30 14 18 25 18 41 11 12 19 17 14 43 25 11 37 42 25 36 35 9 14 18 21 10 10 11 14 3 38 15 40 11 45 42 21 10 35 29 40 39 19 5 45 18 35 37 36 21 45 23 7 28 32 16 31 8 11 26 29 19 21 33 42 29 9 27 23 39 35 30 11 7 39 46 34 29 34 29 23 19 46 23 20 28 21 15 9 30 23 22 41 35 30 37 49 22 33 24 23 35 18 38 36 11 23 23 26 37 26 38 41 24 31 18 16 32 8 35 33 10 12 24 24 13 18 16 9 4 4 14 23 15 38 26 23 38 16 14 38 40 19 23 36 49 23 27 44 24 33 15 39 9 39 38 30 9 32 18 20 35 18 6 3 20 40 35 29 21 39 34 5 25 38 39 21 38 30 17 46 16 17 26 13 29 43 17 44 33 14 32 30 45 22 27 18 10 9 28 42 28 33 13 0 24 23 10 15 22 7 9 43 53 19 34 40 9 29 20 23 12 36 48 7 27 25 25 44 30 14
56 30 49 41 12 20 31 18 23 43 23 43 35 37 34 29 29 50 11 3 38 25 5 16 8 20 22 23 19 21 47 37 33 46 44 32 39 37 11 14 48 24 14 33 41 38 43 53 35 42 12 38 34 14 29 21 30 35 18 22 17 17 30 17 39 28 37 27 31 18 23 35 25 24 14 42 43 5 49 24 35 29 37 40 30 14 35 27 28 26 26 28 44 43 14 12 13 24 18 43 25 27 26 31 26 10 39 40 27 33 30 23 37 31 18 4 45 11 28 29 47 42 34 24 31 24 7 14 9 27 44 9 22 35 16 7 5 17 4 35 21 22 27 16 17 38 4 17 19 11 44 27 34 32 12 37 12 16 23 6 5 43 33 5 31 14 29 24 25 20 36 43 32 20 26 8 19 15 23 16 51 8 47 40 15 3 24 35 22 32 39 33 5 30 20 15 34 34 25 26 33 32 10 25 24 34 39 34 49 20 12 14 36 51 29 43 10 30 23 2 15 28 25 48 6 30 29 20 42 32 17 31 37 23 35 29 40 33 26 37 49 38 36 7 47 34 21 39 36 19 28 10 15 16 42 24 26 31 42 20 17 19 35 7 27 33 26 27 47 19 33 24 36 38 32 12 19 27 25 20 41 55 46 36 15 37 10 34 30 42 15 16 20 15 30 30 37 32 37 20 18 20 14 13 20 41 19 38 13 31 30 21 8 44 34 13 21 24 15 9 17 37 14 23 33 25 23 22 32 30 50 22 41 15 16 17 29 41 37 19 16 29 14 26 18 15 27 31 26 21 25 31 21 24 32 20 28 22 31 39 25 15 41 32 30 25 17 23 23 28 44 31 30 39 28 24 35 47 34 40 32 12 11 54 31 23 28 27 17 35 14 25 26 46 34 25 33 37 40 45 4 34 26 32 43 37 19 12 35 18 37 17 9 15 43 37 8 17 53 24 39 40 45 16 3 19 25 42 39 36 37 39 31 32 22 21 24 29 44 31 31 12 20 24 23 20 38 15 16 27 35 17 27 11 18 19 42 16 32 38 4 26 25 27 35 22 22 21 37 16 7 17 31 35 42 47 41 29 26 4 20 13 32 35 55 36 29 19 16 31 34 31 24 20 36 32 7 33 35 14 27 12 30 26 22 41 17 30 17 8 20 25 22 40 35 35 21 34 24 0 23 24 20 39 23 28 32 40 27 31 31 18 6 23 32 25 13 36 31 30 19 34 32 44 38
35 53 54 34 18 13 21 25 20 27 43 42 17 15 44 23 28 31 33 25 28 17 23 20 23 22 30 46 16 44 27 14 23 24 45 11 24 43 31 26 31 22 37 25 46 15 39 33 29 49 32 30 28 37 10 17 11 20 40 39 38 32 44 8 39 37 15 14 24 38 8 41 34 23 10 23 24 20 32 47 22 12 24 22 24 17 45 26 10 23 40 25 50 46 37 17 35 46 33 43 25 6 14 29 20 17 30 17 16 19 24 39 16 24 39 26 31 32 29 30 29 31 20 46 41 32 17 30 15 14 26 24 45 45 14 17 18 39 27 15 32 42 19 31 37 45 25 22 27 29 23 31 12 13 30 43 26 39 43 28 23 21 26 26 38 14 7 31 33 6 18 30 17 5 24 24 42 35 10 16 30 21 26 26 26 21 30 23 9 22 17 29 25 28 20 33 20 14 5 3 18 14 14 29 12 18 37 40 27 42 13 35 17 30 32 47 32 30 46 25 38 5 28 30 19 7 41 19 46 34 11 18 47 46 17 23 44 10 4 39 31 42 14 19 50 11 24 32 45 40 17 32 35 17 36 12 43 28 45 27 38 38 33 30 27 11 10 18 31 41 16 24 46 31 37 35 40 6 3 35 20 34 25 37 38 25 29 45 9 39 34 22 31 37 11 29 26 11 25 17 18 37 12 13 43 27 34 25 30 9 23 31 17 31 18 28 10 10 32 16 32 18 23 12 41 8 33 45 45 20 29 44 23 38 23 16 36 38 19 14 25 18 12 26 26 30 20 34 49 30 4 24 17 7 18 43 10 26 26 28 15 32 18 13 26 2 20 7 13 12 23 27 19 19 7 5 17 27 20 19 27 34 14 34 13 10 33 30 38 25 37 44 13 52 14 38 25 45 43 50 20 38 16 10 30 44 40 29 13 40 27 36 29 10 44 15 25 28 33 14 22 45 48 27 26 25 47 47 16 40 38 16 30 13 44 30 13 43 30 35 15 14 28 20 20 9 46 29 38 44 45 28 11 25 41 30 34 8 14 27 26 43 29 5 13 8 23 29 17 29 25 25 10 20 41 25 33 25 23 22 28 27 9 43 35 14 26 6 37 17 16 16 44 34 25 17 20 10 27 16 25 28 25 12 10 19 39 25 35 30 6 32 14 19 19 13 14 24 23 23 0 15 33 45 17 19 22 32 8 11 19 26 24 38 44 13 30 27 27 7 38 13 24 23 33
34 52 40 47 26 24 8 34 32 20 37 28 31 22 31 9 40 27 34 26 16 30 25 11 28 32 19 45 27 42 25 23 11 26 31 23 15 30 34 17 24 33 36 12 32 23 25 31 42 35 35 44 42 35 24 5 11 34 40 30 33 38 34 18 25 25 20 28 10 41 21 27 22 35 16 21 21 23 26 44 36 26 14 18 37 26 32 12 24 35 30 10 37 32 34 25 35 43 39 29 37 20 28 15 5 14 18 25 4 33 10 30 18 37 34 27 22 28 15 16 25 20 11 43 29 20 20 35 18 4 21 19 42 33 8 18 19 41 27 28 22 37 5 24 40 32 27 13 17 23 24 18 23 12 24 29 19 38 36 29 26 24 12 28 25 23 14 19 22 10 32 20 31 17 36 28 39 29 5 8 29 26 25 17 34 21 18 37 22 10 28 42 27 40 31 26 11 15 11 17 32 28 19 39 26 32 23 27 28 42 19 31 30 31 19 33 32 16 44 25 38 19 39 25 18 17 31 30 32 21 8 8 34 44 30 36 30 20 18 25 25 28 25 17 36 21 34 19 33 34 5 33 30 9 22 4 34 41 30 37 40 30 19 28 38 22 24 31 24 36 30 36 33 45 24 33 35 13 14 26 20 33 26 23 37 39 33 33 23 25 38 13 21 37 25 15 15 24 14 6 8 28 20 12 43 18 25 15 35 21 9 21 17 21 12 34 23 5 24 22 25 32 15 3 28 8 23 45 34 7 30 45 18 38 32 8 23 24 14 5 16 6 11 12 35 22 33 20 48 39 12 10 29 21 32 43 10 13 39 17 28 37 27 13 39 15 11 20 26 7 23 13 7 18 20 10 13 26 34 20 13 31 19 33 27 23 20 16 40 39 37 36 27 38 14 28 39 32 29 36 20 24 2 21 20 31 43 33 21 40 41 29 32 19 30 26 21 36 30 1 17 31 34 35 26 35 45 33 22 26 24 22 15 27 39 19 3 33 21 22 9 13 17 6 7 7 32 21 39 34 32 36 6 18 41 38 21 17 28 41 24 35 39 15 24 7 34 18 30 36 29 15 24 12 27 27 20 11 9 20 37 33 20 31 32 25 12 17 39 31 13 30 37 24 39 9 18 17 14 25 37 21 38 25 5 23 35 39 28 29 11 20 3 20 33 18 26 11 10 24 15 0 23 31 3 6 36 46 10 25 33 16 27 28 32 2 34 40 13 18 31 16 37 22 19
55 37 29 59 31 36 26 38 41 39 17 27 49 44 14 22 48 48 26 22 29 42 25 14 28 39 6 31 37 27 47 45 26 49 26 43 35 17 28 8 44 43 23 26 21 45 28 52 54 22 29 56 53 22 42 19 34 50 30 8 16 36 12 31 23 9 43 42 23 34 37 16 5 43 26 43 43 24 45 28 51 43 32 39 48 33 15 17 41 45 8 18 25 25 21 30 24 24 37 27 44 38 42 18 22 18 30 47 26 48 22 7 41 49 16 22 39 15 15 15 45 34 32 26 11 6 23 33 23 26 42 13 26 15 20 21 21 32 22 47 2 17 22 6 32 18 24 11 7 10 46 12 44 34 10 18 10 25 15 24 25 46 25 23 12 31 36 8 7 28 50 36 47 32 45 28 22 12 26 18 51 27 47 36 35 20 8 51 36 27 49 52 24 49 39 8 31 37 32 36 48 45 25 45 40 49 24 15 50 29 27 16 49 52 13 23 23 16 29 21 25 38 45 45 19 38 9 38 23 15 23 29 17 27 48 47 22 42 36 20 45 20 46 18 27 43 41 27 16 16 25 25 13 17 29 26 11 50 24 40 32 10 21 17 47 43 40 44 43 18 47 44 16 56 13 21 17 33 34 4 43 55 48 20 24 54 29 14 41 27 32 12 3 27 43 17 31 43 31 18 17 6 29 21 30 35 4 32 31 41 24 3 19 36 34 33 36 27 7 27 5 50 11 25 13 30 3 33 13 26 52 33 39 28 36 17 10 26 35 21 9 26 21 15 38 5 45 15 33 41 33 24 39 37 47 29 32 11 50 32 41 33 49 35 49 34 13 36 39 29 45 20 26 41 39 31 35 48 49 43 21 16 27 54 44 37 11 13 31 52 26 14 41 26 36 6 51 17 22 26 20 17 24 42 37 18 34 31 43 28 54 9 28 30 25 47 13 37 51 24 38 21 27 36 21 39 28 22 44 18 20 45 18 45 19 5 25 11 38 14 32 21 7 19 18 25 18 6 30 12 15 37 29 10 29 39 31 30 45 55 18 13 44 36 45 26 42 6 49 36 27 8 42 33 26 50 30 19 17 17 40 33 41 15 53 46 18 32 31 46 35 46 15 2 53 31 17 39 27 32 46 9 48 40 26 45 17 49 9 19 28 8 22 42 50 41 38 28 15 20 33 23 0 19 20 24 49 58 32 43 47 8 26 6 13 25 32 54 20 39 12 38 50 45 25
55 53 10 75 48 51 29 56 58 39 32 13 62 51 8 25 65 48 45 40 28 58 43 27 47 57 18 48 53 44 49 53 28 53 10 54 35 3 47 25 42 59 42 27 2 52 18 52 70 4 48 72 69 40 54 28 42 64 48 22 34 55 16 45 12 11 50 57 25 53 50 5 15 60 42 46 46 42 43 45 65 56 32 42 64 50 8 20 54 61 18 22 6 7 39 48 42 40 56 13 62 51 57 18 27 34 26 54 32 63 24 21 46 65 34 41 36 33 17 16 45 30 35 42 9 16 40 52 40 33 43 31 43 9 33 38 39 51 41 59 19 33 28 25 51 3 43 25 20 29 50 14 54 41 29 3 28 43 29 43 44 51 25 42 9 47 45 16 14 40 62 33 61 45 61 46 39 30 35 30 53 45 49 36 54 38 17 66 50 30 58 68 43 66 56 27 34 44 42 48 62 58 42 63 55 62 14 5 52 47 43 34 61 55 13 4 42 16 46 39 44 49 63 45 36 48 15 55 5 11 35 33 8 44 61 63 5 51 48 9 44 5 56 35 9 52 58 22 6 32 31 44 31 30 21 35 23 67 7 58 51 27 15 36 64 53 54 59 41 35 60 61 8 73 8 39 33 43 45 22 47 55 52 11 43 68 48 10 53 16 51 26 19 45 55 17 31 55 31 28 28 23 45 36 48 35 22 32 50 51 26 18 36 32 38 52 51 36 25 44 24 63 27 34 7 39 17 51 13 29 54 51 42 46 54 30 10 16 39 32 24 31 35 20 56 24 61 12 51 60 43 26 56 51 61 47 40 20 66 30 56 52 57 42 66 45 27 50 54 37 49 21 30 45 51 41 40 50 64 48 21 35 43 55 57 52 13 16 50 68 44 27 56 8 43 17 67 4 6 7 37 8 31 52 34 2 52 50 51 46 70 27 47 45 8 57 32 56 51 32 41 3 9 55 40 57 45 3 51 6 10 52 17 57 35 19 34 17 36 10 38 36 20 26 26 36 3 25 48 21 7 55 37 28 47 57 25 44 58 70 37 24 62 46 54 37 59 19 60 55 45 23 54 36 14 54 24 21 22 35 58 51 51 6 53 55 20 46 50 60 40 60 29 20 68 35 34 47 25 49 63 28 65 55 36 51 35 66 27 38 40 15 31 47 63 48 54 29 22 39 45 31 19 0 29 29 64 74 41 56 62 22 45 20 11 33 51 69 20 49 29 45 66 48 20
36 50 38 49 26 26 9 34 33 22 35 26 34 25 28 8 41 30 33 25 16 32 25 9 28 33 16 44 28 40 28 26 11 29 29 26 17 27 33 15 26 35 34 12 30 26 23 33 44 32 34 45 43 33 26 2 14 37 39 27 31 38 31 19 23 22 23 30 10 40 23 25 19 36 16 23 24 23 28 42 38 28 15 20 38 26 29 10 26 36 27 8 34 30 33 25 33 40 39 27 38 23 30 13 4 13 17 28 6 35 9 27 21 39 32 26 23 26 12 14 27 20 13 41 26 17 20 35 17 7 23 17 40 30 7 18 19 39 26 30 19 34 5 21 39 29 26 10 14 21 26 15 26 15 22 26 17 36 33 28 26 26 12 27 22 23 17 16 19 12 34 21 33 18 37 28 37 27 7 7 32 26 27 19 34 20 15 39 23 10 31 43 26 42 32 24 13 18 14 19 34 30 19 40 28 35 21 24 30 40 19 29 33 33 16 31 31 13 42 24 36 21 39 27 17 19 28 31 30 18 9 10 31 42 33 38 28 23 20 23 27 26 28 16 34 24 35 18 30 32 6 32 28 7 21 7 31 42 28 37 39 28 17 26 39 25 26 33 25 34 33 37 30 47 21 31 33 15 17 23 23 36 29 21 35 41 32 30 25 23 37 10 18 36 27 13 15 26 15 3 5 25 20 12 41 19 22 16 34 23 8 18 16 21 14 34 24 8 22 22 22 35 13 6 25 11 20 44 31 8 32 43 20 37 32 6 20 22 16 5 13 7 11 9 35 19 35 17 46 39 15 9 30 23 34 41 13 10 40 17 30 36 30 16 40 17 8 22 27 10 26 11 8 21 23 13 16 28 36 23 12 29 20 35 29 25 17 13 39 41 35 33 29 35 17 25 40 29 26 34 19 22 4 24 21 28 41 33 24 38 43 26 31 20 28 29 19 36 33 4 19 29 32 35 25 35 43 30 25 24 22 25 13 29 36 16 6 30 22 19 12 12 14 3 4 8 30 18 38 31 29 36 9 16 39 38 21 18 30 43 23 32 40 18 26 9 35 15 32 35 28 13 26 14 25 30 20 9 7 19 37 33 23 28 35 27 10 19 38 33 15 32 34 21 41 11 17 20 13 25 38 19 39 27 8 26 32 40 25 27 13 17 3 23 35 21 28 12 7 23 17 3 20 29 0 6 38 48 13 27 34 13 27 25 29 5 34 42 11 21 29 19 39 25 18
32 55 37 52 31 29 4 39 37 17 39 24 35 23 30 4 45 25 38 30 10 35 30 14 33 37 19 49 32 45 24 25 5 26 27 27 12 27 38 20 21 38 40 7 29 24 20 29 47 32 39 48 47 39 28 7 13 39 44 31 36 43 33 23 20 24 22 32 5 46 26 25 22 40 21 19 20 28 22 47 40 30 10 16 42 31 31 10 28 40 30 8 34 28 38 30 39 45 44 25 42 25 33 11 3 18 13 26 4 38 5 30 19 42 37 31 17 31 13 14 22 15 9 46 28 20 25 40 23 5 19 22 45 32 13 23 24 45 32 31 22 39 2 25 44 29 32 15 17 26 23 16 27 13 27 26 22 41 37 33 31 24 7 32 24 28 17 18 21 15 36 15 35 22 41 33 42 32 9 12 28 31 23 13 38 25 17 41 26 5 30 47 32 45 36 28 8 16 15 21 37 32 23 44 31 37 19 25 27 45 24 34 34 29 17 30 36 13 48 29 41 22 44 23 22 20 30 35 29 18 14 6 33 47 34 41 27 23 22 22 22 25 28 22 33 24 39 14 31 37 3 37 32 13 17 8 35 46 27 42 45 32 15 31 44 25 29 36 20 39 34 41 32 50 22 37 37 16 18 27 20 31 25 20 40 43 38 32 27 20 42 15 22 41 29 12 10 28 9 9 11 29 25 17 46 14 26 10 39 24 4 21 21 16 11 39 28 9 26 26 26 36 18 8 27 12 23 49 33 3 29 48 16 42 37 11 21 20 12 10 18 2 16 11 40 23 38 17 52 44 16 5 34 26 36 46 12 13 44 12 33 41 29 14 44 19 13 25 30 9 22 9 3 18 25 15 13 24 38 21 9 34 25 31 31 28 18 14 44 44 40 37 32 35 15 28 44 30 25 33 25 21 4 24 16 28 47 38 23 44 46 30 37 24 27 29 24 40 28 6 15 28 30 39 31 40 48 30 23 24 21 24 12 31 41 19 7 33 17 20 10 18 17 5 7 12 30 23 43 35 31 41 9 21 44 42 16 22 32 45 28 36 44 19 26 12 39 18 33 41 33 17 27 9 22 27 15 8 8 24 42 38 23 29 30 27 9 22 43 35 12 35 38 25 44 8 22 19 9 30 42 24 43 30 10 24 37 43 30 33 16 19 7 20 37 20 32 7 9 28 19 6 24 29 6 0 40 50 13 29 37 17 32 29 31 6 39 45 9 22 33 17 42 21 14
51 55 74 12 20 14 43 18 9 48 54 63 11 29 62 44 11 49 36 32 49 7 28 38 26 14 48 49 13 49 44 27 45 39 66 18 44 62 33 41 50 10 43 46 66 29 60 50 8 68 33 8 7 44 15 37 31 7 42 52 47 29 60 20 60 55 29 9 45 37 15 60 52 11 23 41 42 27 51 52 5 12 45 41 5 18 62 47 14 8 56 45 70 66 44 20 41 54 28 64 12 17 8 50 41 32 52 29 37 6 45 53 34 4 48 32 51 42 49 50 48 52 41 53 59 50 26 28 26 36 45 37 50 63 32 28 29 39 33 17 49 52 40 46 37 64 31 40 45 41 40 51 21 33 42 62 40 43 54 33 28 37 47 32 57 19 26 49 51 26 12 51 9 20 9 27 49 46 32 34 46 25 43 46 22 30 48 5 15 43 22 9 30 10 12 45 41 33 26 21 7 12 24 15 10 8 58 59 43 46 22 44 14 45 52 67 38 50 51 32 43 20 14 49 30 24 58 13 66 54 29 39 65 52 12 5 64 24 20 59 50 62 21 32 71 23 14 54 64 50 39 35 46 35 57 33 56 9 65 19 38 50 54 38 11 21 13 5 50 50 10 12 64 10 56 42 49 26 23 49 38 50 41 58 42 7 31 62 17 60 34 39 48 41 15 49 47 17 46 37 37 51 20 29 46 48 48 47 30 21 44 48 30 52 38 26 14 32 45 23 47 13 39 33 60 30 50 46 61 42 43 45 42 41 19 35 55 59 40 34 42 39 30 46 20 44 5 54 51 21 26 45 11 15 7 47 31 44 6 49 8 30 27 33 8 22 38 16 11 34 39 48 40 38 18 26 37 44 6 36 49 43 23 49 12 13 52 49 39 4 41 56 9 71 33 54 4 64 63 70 31 58 37 22 51 63 40 29 26 44 6 48 31 20 65 22 37 22 50 35 41 65 68 22 33 18 53 66 31 60 59 30 50 14 53 47 34 59 50 55 36 29 45 40 40 30 65 43 40 58 63 23 33 39 44 23 55 20 13 7 35 57 16 24 23 29 12 46 18 24 29 42 17 41 62 40 55 46 44 33 20 25 23 62 51 23 47 19 37 6 36 9 55 49 5 38 33 28 48 18 9 41 7 11 31 34 48 6 47 38 25 50 35 37 10 30 12 45 43 32 22 36 49 64 38 40 0 10 29 15 4 44 28 53 61 35 29 5 48 22 50 31 2 41 54
58 61 84 2 28 23 52 24 17 57 62 73 19 37 71 54 13 57 42 40 59 17 36 47 33 20 57 55 22 55 53 35 55 47 76 27 54 72 39 51 59 17 49 56 75 37 70 58 6 78 39 3 7 51 24 47 40 14 48 61 55 33 69 29 70 65 38 19 55 42 25 70 61 17 33 49 50 36 60 58 12 21 55 50 11 26 72 57 23 14 65 55 80 76 51 29 47 61 33 74 17 27 18 60 51 41 62 37 47 14 55 62 42 10 56 40 61 50 59 60 56 62 51 59 68 60 35 34 36 46 54 46 57 73 42 37 38 45 41 25 58 60 50 55 43 73 38 49 55 50 48 61 29 42 51 72 49 50 63 40 36 45 57 39 66 28 36 59 61 36 19 61 17 30 15 34 56 55 42 44 54 33 52 56 28 39 58 11 25 53 29 8 37 11 20 54 51 42 36 30 15 20 34 19 20 16 68 69 51 52 32 52 22 52 62 77 45 60 57 40 49 30 17 57 40 33 67 21 76 64 39 49 74 58 20 12 74 32 30 69 59 72 29 41 80 32 20 64 73 57 49 42 54 45 67 43 65 10 75 24 44 59 64 46 15 30 22 15 59 58 18 17 73 4 66 49 57 36 33 58 46 57 49 68 49 9 37 72 26 70 40 49 57 47 24 59 57 26 56 47 46 60 30 39 52 57 57 56 36 30 54 58 39 62 48 32 24 42 54 32 56 19 48 43 69 39 60 51 71 52 50 50 51 47 25 45 64 69 49 44 51 49 39 56 26 53 14 63 56 25 35 55 19 25 15 53 40 54 9 59 18 36 34 42 11 32 48 26 21 43 48 58 50 47 27 36 46 52 14 44 59 51 32 56 21 23 62 59 45 7 47 64 19 81 43 63 8 74 73 80 39 68 47 30 60 73 45 35 35 50 5 57 37 30 75 30 46 28 58 45 50 75 78 28 41 24 59 76 39 70 69 38 60 22 61 57 44 68 60 65 45 39 55 50 50 40 74 53 46 67 73 29 43 48 50 27 65 30 21 6 43 65 20 33 31 39 18 56 24 30 36 52 25 50 72 48 65 56 54 42 25 31 32 72 59 31 57 29 43 16 45 17 63 58 8 48 42 37 58 27 14 50 11 21 41 42 56 10 56 46 35 60 45 45 17 38 21 55 53 40 32 46 58 74 48 50 10 0 39 24 14 53 35 62 70 45 35 6 58 31 58 40 9 49 64
30 57 50 40 24 19 15 31 27 21 44 37 22 13 41 17 35 25 37 29 21 24 27 19 28 29 28 49 23 47 22 13 17 20 40 14 17 39 35 25 24 29 40 18 42 14 32 27 36 44 36 36 35 40 15 14 4 26 44 38 39 38 43 14 33 34 12 21 18 43 15 37 32 31 14 17 17 25 25 49 28 18 17 15 31 23 41 22 16 30 39 20 46 41 39 23 39 48 39 37 33 12 21 24 14 18 24 16 10 25 18 38 11 31 40 29 24 34 24 26 23 24 13 49 38 30 21 35 19 8 19 25 47 42 13 20 22 43 30 19 31 44 14 31 42 41 30 21 25 30 18 28 14 6 31 39 26 42 43 32 28 17 20 30 35 20 5 28 31 7 23 23 23 12 31 29 44 36 6 15 25 26 21 19 32 24 27 29 16 15 18 36 29 35 27 33 13 8 3 9 24 20 19 36 19 24 32 37 22 46 17 37 21 25 28 43 36 25 49 28 42 10 34 24 21 7 40 26 42 30 11 11 44 49 22 30 39 11 9 34 24 38 16 21 45 12 31 26 42 41 11 36 36 16 30 7 42 35 40 34 43 38 28 32 34 13 17 25 24 43 22 32 43 38 33 38 41 3 6 34 15 29 20 32 41 31 34 42 14 33 39 21 30 41 16 24 19 15 18 15 16 36 18 14 47 20 33 19 35 11 17 29 20 24 10 34 18 6 32 21 32 23 22 8 38 2 32 49 43 14 24 48 16 42 29 15 33 32 13 12 24 12 14 22 33 29 27 29 52 36 4 17 25 14 24 47 2 23 33 21 22 37 17 6 33 7 19 14 20 5 18 21 13 14 12 4 10 21 26 14 22 36 19 28 18 17 30 26 42 32 40 44 20 47 8 36 32 42 38 45 23 34 11 12 23 40 45 34 11 44 34 36 34 16 39 16 26 34 27 9 15 41 43 33 29 32 50 42 13 36 33 14 25 18 45 28 8 41 23 32 8 15 26 15 16 8 42 28 42 43 42 34 5 25 44 36 27 14 19 33 28 43 36 6 14 6 29 27 20 35 30 24 15 13 35 21 27 20 19 24 34 32 10 40 29 15 21 13 41 23 9 22 44 33 31 10 22 8 20 22 32 28 32 19 7 15 41 33 35 33 8 29 11 14 25 10 22 17 19 27 8 10 32 41 13 13 29 39 0 16 25 25 29 37 41 8 35 33 22 9 38 8 31 18 27
36 60 65 26 22 14 30 26 18 33 53 52 7 14 54 32 25 34 39 33 36 14 29 31 29 22 41 53 17 51 29 12 32 24 55 3 30 54 37 36 35 20 45 34 57 14 48 35 23 59 37 22 22 45 3 28 17 11 46 49 47 36 55 15 49 48 14 9 34 43 9 51 45 22 19 26 27 28 36 54 13 5 32 26 19 21 55 37 4 20 51 35 61 56 45 22 43 55 36 53 24 6 11 39 30 27 39 14 25 11 34 49 19 19 48 33 37 41 39 40 33 39 27 54 52 43 25 34 24 24 30 34 53 56 25 26 27 44 34 5 43 52 29 42 43 56 32 33 38 38 25 42 6 19 39 53 36 46 53 35 30 22 35 33 49 19 13 41 44 17 8 37 8 12 21 30 50 45 21 27 31 27 28 32 29 29 40 14 10 30 9 24 32 24 20 43 28 19 14 9 10 5 22 27 10 9 47 51 28 49 20 44 6 30 43 58 40 40 54 33 45 7 26 34 28 10 52 19 57 45 21 26 58 54 6 19 55 9 8 49 35 53 6 29 61 8 24 42 56 49 27 39 45 28 45 22 53 24 55 28 44 48 43 38 24 6 7 13 35 50 7 23 57 25 48 43 49 13 11 45 23 35 26 48 45 16 35 56 3 49 40 33 42 44 2 39 34 2 32 28 28 47 18 23 50 34 44 33 35 6 32 42 27 39 24 32 12 20 42 23 43 8 33 22 52 18 44 51 56 29 28 50 27 44 25 27 47 48 26 25 35 27 23 36 28 40 16 44 56 30 13 33 17 8 10 50 18 36 21 36 12 36 13 18 22 11 31 9 12 21 24 37 28 23 5 15 22 29 11 21 37 43 21 34 3 10 44 40 44 18 44 54 10 62 19 49 19 56 53 60 29 49 26 7 37 55 45 34 11 47 20 46 34 17 55 8 35 30 35 24 27 56 58 29 34 27 55 57 16 51 49 15 40 3 53 40 23 54 36 46 22 24 38 30 31 20 56 39 44 54 56 31 20 35 48 32 42 16 4 19 34 54 28 10 8 19 22 39 7 32 31 36 2 27 51 25 42 35 34 31 29 30 8 54 36 8 36 13 42 9 22 8 54 44 17 25 30 13 36 20 22 38 21 8 20 19 48 21 45 39 16 43 25 22 9 15 15 33 34 31 11 25 43 56 27 29 15 24 16 0 11 37 30 48 54 23 34 19 38 8 48 16 17 26 42
47 56 71 16 19 12 39 19 10 44 53 60 8 25 59 40 14 45 36 32 46 7 28 35 26 15 45 50 12 49 40 23 41 35 63 14 41 60 33 39 46 11 43 43 63 25 57 46 12 65 33 12 11 44 11 34 27 5 42 51 47 30 58 17 56 53 25 5 42 38 12 58 49 13 21 37 38 27 47 52 5 8 42 37 8 17 60 44 10 10 54 42 67 63 43 20 41 54 30 61 15 13 6 47 38 30 48 25 34 3 42 51 30 8 48 32 47 41 46 47 44 48 37 53 57 48 25 29 25 32 41 36 51 61 30 27 27 40 33 13 47 52 37 44 38 61 30 37 43 40 36 48 17 29 41 60 38 44 53 33 27 33 44 31 54 18 23 47 49 23 8 47 5 17 12 27 49 45 28 32 42 24 39 43 23 29 46 5 12 39 19 13 29 13 13 44 38 29 22 17 3 8 23 18 8 5 55 57 39 46 21 44 11 41 49 64 38 47 51 32 43 16 17 45 29 20 56 13 64 51 27 35 62 52 9 9 61 20 16 56 46 59 17 30 68 19 16 50 61 49 35 36 45 33 54 30 55 13 62 21 39 49 51 38 14 17 9 5 46 50 6 14 62 14 54 41 49 22 20 48 34 46 37 55 43 7 31 60 13 57 35 37 46 41 11 46 43 13 42 34 34 49 19 27 46 44 47 43 31 17 41 46 28 49 34 27 12 29 44 22 45 10 37 30 57 26 48 47 60 38 39 46 38 41 19 33 52 56 36 31 39 36 27 43 22 43 7 51 52 23 22 42 11 12 3 47 27 42 10 46 7 31 23 29 11 19 36 13 9 30 35 45 37 34 14 23 33 40 4 32 45 43 21 45 8 10 50 47 40 7 41 55 6 69 29 52 8 62 60 67 29 55 34 18 47 60 41 29 22 44 9 47 31 18 62 18 36 24 46 32 37 62 66 23 33 20 53 64 27 57 56 26 47 10 53 45 30 57 46 52 32 27 43 37 37 27 62 42 41 56 61 25 29 37 44 25 51 18 9 9 34 56 19 20 19 26 14 44 14 26 29 40 13 37 59 36 51 43 41 32 22 25 19 60 47 19 44 16 38 2 32 5 54 48 7 35 31 24 45 18 12 40 10 8 28 30 48 10 46 38 22 48 32 33 7 26 11 42 40 31 19 33 47 62 34 37 4 14 25 11 0 41 28 51 59 31 30 9 45 18 49 27 6 37 51
49 40 32 54 27 30 20 35 37 33 23 26 42 37 19 16 44 42 26 20 24 37 22 7 26 35 5 34 32 30 40 38 20 42 26 36 28 20 28 4 37 38 25 20 24 38 26 45 49 25 29 51 48 24 35 12 27 44 31 14 20 34 19 25 22 12 36 36 18 34 30 18 9 39 21 36 36 21 39 32 45 36 26 32 43 28 19 12 35 40 14 13 28 26 23 26 25 29 36 26 40 32 36 14 15 13 25 40 19 43 16 14 33 44 20 21 33 16 11 12 39 29 25 30 16 7 19 32 18 19 35 10 30 20 13 17 17 33 21 41 6 22 16 9 33 21 22 5 2 11 39 10 37 27 11 20 7 27 21 23 23 39 19 22 14 26 28 6 8 21 43 30 41 26 40 25 26 15 19 11 44 24 40 30 33 17 6 46 30 21 42 47 22 45 34 12 24 30 25 29 42 39 20 42 34 43 21 17 43 31 22 18 42 46 12 25 24 13 32 19 27 31 41 39 15 31 16 34 25 14 16 22 22 31 42 42 23 35 29 19 39 21 39 14 29 36 37 23 20 20 18 25 16 10 25 19 18 46 24 37 33 15 18 18 42 36 34 39 37 23 41 40 21 51 14 22 21 27 27 10 36 48 41 19 26 48 28 19 35 25 32 5 5 28 36 13 25 36 25 11 9 13 24 15 32 29 9 26 30 34 17 6 15 30 27 31 30 20 10 23 10 44 5 18 17 23 8 35 19 19 45 35 33 29 32 11 12 24 29 13 3 19 15 9 34 7 40 14 37 39 26 18 34 31 41 32 25 5 45 26 36 32 42 28 44 27 7 30 33 22 38 15 19 34 33 24 28 41 43 36 16 19 22 48 38 31 10 9 32 47 27 21 35 29 29 13 46 21 22 28 16 17 17 35 31 20 35 29 36 30 49 14 27 24 25 40 12 35 45 17 31 23 28 34 20 35 32 24 37 18 19 38 14 38 25 4 18 18 32 13 25 15 3 12 11 18 22 6 31 19 20 34 22 8 31 36 27 24 39 50 17 19 41 29 38 20 37 3 42 34 25 2 36 26 25 43 26 14 11 14 37 31 34 19 47 39 13 26 32 40 28 40 22 9 47 24 13 32 21 27 42 9 44 34 18 38 21 44 13 20 21 8 15 35 44 34 33 22 9 18 26 16 8 22 13 17 44 53 25 37 41 0 24 13 18 18 30 49 15 32 17 31 45 38 21
58 30 55 36 9 17 35 13 19 47 27 49 32 38 40 34 23 52 9 5 42 21 2 21 3 15 28 23 16 22 50 38 37 47 50 31 42 43 8 20 51 19 16 38 47 39 48 55 30 48 8 34 29 16 28 26 32 32 17 28 20 11 36 17 45 34 38 24 36 15 22 41 31 19 15 45 45 5 52 25 31 27 41 43 25 11 40 33 26 21 32 33 50 49 17 9 14 26 13 49 20 26 23 36 31 15 44 40 31 30 35 28 39 26 21 5 49 15 33 34 50 46 38 26 37 30 8 8 10 30 47 15 24 41 20 10 9 15 6 34 27 25 31 22 14 44 4 22 25 17 46 33 33 34 17 43 17 17 28 5 1 44 38 5 37 11 30 30 31 22 33 47 30 20 21 2 21 20 26 21 53 4 49 44 10 8 29 32 20 36 38 28 3 25 16 20 37 36 26 26 30 30 10 20 22 31 44 40 50 20 12 18 34 53 35 48 11 35 24 6 16 28 20 51 10 30 34 16 48 37 20 34 43 25 33 24 46 33 25 43 51 44 35 12 52 34 16 43 42 23 32 9 20 21 47 27 31 26 48 15 15 24 40 12 22 33 24 23 50 23 30 19 42 33 38 15 22 28 26 25 43 57 48 42 16 34 6 40 29 47 11 21 26 14 29 35 41 31 41 25 23 26 13 16 20 44 25 42 8 31 35 27 12 48 37 8 19 27 21 8 22 34 19 26 39 27 29 22 38 34 52 21 43 15 11 22 35 46 39 23 22 33 17 31 12 21 23 37 26 15 27 36 18 23 29 21 30 27 27 43 22 10 41 34 25 25 22 22 20 30 45 36 33 42 27 25 37 49 31 42 37 16 10 56 29 21 34 33 15 31 14 30 23 52 36 31 29 43 45 51 9 40 29 32 47 43 17 7 36 18 32 23 5 14 48 36 14 11 55 28 42 46 51 10 6 13 26 47 39 42 42 39 36 30 26 27 27 34 48 37 34 15 26 29 28 22 44 21 15 33 41 11 30 17 18 13 47 16 30 34 9 31 19 28 35 24 18 26 36 10 2 23 30 38 48 49 46 34 31 10 14 7 32 41 57 36 34 19 13 28 36 29 29 26 32 35 12 34 40 11 22 18 25 23 25 42 21 26 22 11 21 31 25 42 33 37 18 38 29 6 24 27 26 45 27 32 28 35 29 30 28 24 0 29 38 28 8 32 36 30 23 35 28 46 43
60 34 28 63 34 40 31 41 45 44 13 29 53 49 13 27 51 53 27 24 34 46 27 18 31 43 11 30 40 26 52 50 31 54 28 48 39 17 30 13 48 46 23 31 22 50 31 57 57 22 31 60 56 21 46 24 39 55 29 4 15 37 8 35 26 10 48 46 28 35 41 17 8 46 31 48 48 27 50 26 55 47 37 44 52 36 13 21 46 48 3 23 24 26 20 34 24 21 39 29 48 43 46 22 26 22 34 52 31 53 27 3 46 52 14 25 43 15 19 19 50 38 37 23 11 10 27 35 27 32 47 16 24 13 25 25 25 32 24 52 7 14 27 8 32 18 26 17 12 13 51 15 49 39 12 19 13 24 11 25 28 51 29 25 13 34 41 12 10 33 54 40 52 36 48 30 21 11 31 22 56 30 52 40 38 24 13 56 40 32 54 55 27 53 42 9 36 42 36 41 52 50 29 48 44 53 26 16 55 28 31 15 53 58 17 24 24 20 27 23 25 43 48 50 23 42 6 42 23 18 28 34 15 25 53 51 23 46 41 22 50 21 51 22 28 47 44 31 15 14 30 26 12 21 32 31 6 54 25 43 32 7 24 19 50 48 44 48 47 16 51 47 14 60 15 20 15 39 39 4 48 60 53 22 24 58 31 12 46 30 33 16 8 26 47 21 36 48 36 23 22 4 33 26 29 40 5 37 33 46 28 8 23 40 39 35 40 32 8 31 7 55 16 30 13 35 7 32 10 30 57 32 44 27 39 23 13 29 40 26 13 31 26 19 40 9 48 19 32 44 37 29 43 42 51 28 37 16 53 36 45 35 54 40 52 39 19 41 43 34 50 25 31 46 44 35 40 52 54 48 25 16 30 59 49 42 14 17 31 56 25 10 45 26 41 3 55 17 23 26 23 19 29 47 41 18 34 33 48 27 58 8 30 34 26 52 16 39 56 29 43 21 28 39 23 42 26 23 49 19 22 50 22 50 16 10 30 6 43 16 37 25 12 24 23 29 18 10 30 7 14 39 34 14 28 41 35 34 50 59 20 8 47 41 50 32 45 11 54 38 29 14 47 38 28 55 34 24 22 21 42 35 46 15 58 51 23 37 32 50 40 51 11 4 57 36 21 44 31 35 49 12 52 45 31 51 15 53 8 20 33 12 27 47 55 46 42 32 20 23 38 28 6 20 25 29 53 62 37 48 51 13 29 0 10 30 34 58 24 44 9 43 54 50 29
60 43 19 71 43 48 32 50 53 44 22 23 60 53 4 28 60 53 37 33 33 54 37 24 40 51 14 39 49 35 53 54 31 56 21 53 40 9 39 20 48 55 33 31 13 54 27 57 65 12 40 68 65 31 53 28 43 62 39 13 24 47 6 42 20 7 52 54 28 45 48 10 10 55 38 49 49 36 49 34 63 54 37 45 60 45 3 22 52 57 8 24 15 18 30 42 33 30 49 22 56 49 53 21 29 30 32 56 33 60 27 12 49 61 24 34 42 25 19 18 50 36 38 32 4 12 35 45 35 35 47 25 33 4 30 33 33 42 34 58 13 22 30 17 42 9 35 22 17 22 53 15 54 43 21 11 22 33 19 35 37 54 29 35 8 43 45 14 11 38 61 39 59 43 57 40 30 21 35 28 57 39 53 40 47 32 15 63 47 33 59 64 36 61 51 19 37 45 41 46 60 57 37 57 51 60 22 9 56 37 39 25 60 59 15 15 34 19 36 33 35 48 57 50 31 47 5 50 15 15 33 36 5 33 59 59 15 51 47 16 50 14 56 30 19 52 53 28 5 23 33 36 22 27 28 35 13 62 17 52 42 17 21 28 59 53 51 56 47 25 58 56 5 68 11 30 24 43 44 14 50 60 55 18 34 65 40 2 52 25 43 22 14 36 54 20 35 54 36 27 26 13 41 33 38 40 14 36 43 51 29 13 31 39 41 45 48 36 18 39 16 61 22 34 6 39 11 41 3 32 58 41 45 37 48 28 10 24 42 30 20 33 32 21 49 17 57 16 41 53 42 29 51 48 59 37 41 19 62 35 53 44 58 44 61 44 24 48 50 38 52 24 33 48 50 41 43 54 61 51 25 26 39 60 55 49 13 17 41 64 35 17 53 17 44 8 63 8 16 17 32 13 32 52 40 9 44 42 52 36 66 18 40 41 18 57 25 49 56 33 44 13 19 48 33 51 35 14 53 13 17 54 20 56 25 14 34 7 42 13 40 32 16 27 26 35 9 18 39 11 4 48 38 23 37 50 32 41 56 67 30 14 56 46 54 36 54 15 60 48 38 19 53 39 23 57 31 24 24 29 52 45 51 6 58 55 23 43 41 58 43 58 19 13 65 38 29 48 30 44 58 21 60 52 35 54 25 61 18 30 38 13 31 50 61 50 50 33 23 32 44 32 13 11 29 31 61 70 41 54 59 18 38 10 0 34 43 66 23 49 19 47 62 51 26
32 54 42 46 26 24 9 34 31 19 39 29 30 20 33 10 39 26 35 27 16 29 26 13 28 32 21 47 26 44 24 21 11 24 32 22 14 32 35 19 23 33 37 12 34 21 26 29 41 37 35 42 41 37 22 7 9 33 42 32 35 39 36 17 26 27 18 27 11 42 20 29 24 34 15 19 20 24 25 46 35 25 14 16 36 26 34 14 22 34 32 12 39 34 36 25 36 44 39 30 36 19 27 16 7 15 18 23 3 32 11 32 16 36 36 28 21 30 17 18 23 20 10 45 31 22 20 36 18 3 20 20 44 35 9 19 20 42 28 26 24 39 6 26 41 33 28 14 19 25 22 20 22 10 26 31 21 39 38 30 27 22 13 29 27 23 12 21 24 9 30 20 29 16 35 29 40 31 4 10 28 26 23 16 34 22 20 35 21 10 26 41 28 40 30 28 10 13 10 15 31 27 19 39 25 31 25 29 26 43 19 33 29 29 21 35 34 17 46 26 39 17 38 24 19 15 33 29 34 22 9 7 36 45 29 35 32 19 16 27 24 30 23 19 38 19 34 20 34 36 5 34 32 10 23 2 36 40 32 37 41 32 20 29 38 20 23 30 23 38 29 35 35 44 26 34 37 11 13 28 18 32 24 25 38 37 34 35 21 26 39 15 23 39 23 17 14 22 14 8 9 30 20 12 44 17 27 15 35 19 10 23 17 21 10 34 22 3 26 22 26 30 17 2 30 6 25 46 36 8 28 46 17 39 31 9 25 25 13 6 18 6 11 14 35 23 32 22 49 38 10 11 29 20 30 44 8 15 38 17 27 37 25 11 38 13 13 19 25 5 21 14 7 17 19 9 11 24 32 19 15 32 20 31 25 22 22 18 41 38 38 38 26 39 12 30 38 34 30 38 21 26 3 19 20 32 43 34 19 41 40 30 33 19 32 24 22 36 29 1 15 33 35 35 27 35 47 34 20 28 26 20 17 25 40 21 1 35 20 24 8 13 19 8 9 6 34 22 40 36 34 36 4 20 42 38 21 17 26 40 25 37 39 14 22 6 33 20 28 36 29 17 22 11 28 26 21 13 11 21 36 33 18 33 31 23 14 17 40 30 11 29 39 26 38 8 19 15 14 25 36 23 37 24 5 21 36 38 30 30 10 22 4 18 32 16 26 12 12 25 13 2 25 33 5 6 35 45 8 23 31 18 28 30 34 0 35 39 15 17 33 14 36 21 20
64 27 60 35 13 21 42 11 20 54 29 55 35 44 45 41 22 59 8 11 49 24 10 28 7 16 34 21 18 21 56 43 44 53 56 36 49 48 5 26 58 20 15 45 52 44 55 62 30 54 5 34 29 17 32 33 39 34 14 32 23 5 40 23 51 40 44 27 43 9 26 47 36 18 21 51 52 12 59 24 33 31 48 49 26 14 46 40 31 22 36 39 56 55 17 13 13 26 6 56 19 31 26 43 38 22 51 46 38 32 42 33 45 27 24 10 56 19 40 41 57 53 45 25 43 36 15 2 17 37 53 21 23 46 27 17 16 11 10 38 32 27 38 27 9 49 9 29 32 22 52 40 38 40 22 49 24 16 30 9 9 50 45 9 43 16 36 36 37 29 36 54 33 25 20 7 22 24 32 28 59 9 55 51 7 14 36 33 25 43 43 27 9 24 17 25 44 43 32 32 32 33 17 17 26 33 51 46 57 17 18 20 38 59 41 54 11 42 23 12 15 33 18 58 18 36 39 17 54 44 27 41 48 24 36 25 52 39 31 49 58 50 40 18 58 39 15 51 48 25 39 9 23 28 54 34 34 25 54 12 10 28 47 15 21 38 28 25 57 25 33 19 47 32 44 16 24 34 32 30 49 63 54 49 15 35 3 45 33 54 6 28 32 13 33 42 49 35 48 32 30 30 18 23 18 51 30 49 1 36 42 33 19 55 44 3 23 34 26 14 27 38 26 33 45 34 35 18 43 41 58 17 50 13 11 29 41 53 46 30 28 40 24 38 10 27 24 43 23 12 33 43 19 28 31 18 37 34 27 50 24 3 46 41 25 31 29 27 23 37 52 42 41 48 32 32 44 56 33 48 43 19 17 63 33 25 40 39 11 32 13 33 26 58 42 36 30 49 52 57 15 46 36 37 54 49 12 1 42 16 32 27 4 20 55 41 19 8 61 35 49 52 57 8 11 12 25 53 45 48 49 45 43 34 27 33 34 39 55 43 41 22 33 36 35 29 50 26 12 37 47 7 36 23 15 9 54 22 34 35 14 34 16 34 40 31 18 33 40 6 6 29 34 45 54 55 53 40 37 17 11 5 37 47 63 41 41 25 9 30 43 32 31 31 33 42 19 40 47 15 22 23 25 27 32 48 23 26 26 14 28 37 32 48 36 43 21 45 36 13 30 34 32 51 34 39 29 35 35 34 30 30 8 34 43 35 0 33 43 35 27 42 29 52 50
54 59 79 8 25 19 47 22 14 51 58 68 13 32 67 49 13 52 40 37 54 12 33 43 30 18 53 53 18 53 48 30 49 41 71 22 49 67 37 46 54 14 47 51 71 32 65 53 5 73 36 4 6 48 19 42 35 8 46 57 52 32 65 25 64 60 33 13 50 40 20 65 57 15 28 44 45 32 54 56 6 16 50 45 7 23 67 51 18 11 60 50 75 71 48 25 45 58 31 69 15 22 13 54 45 37 56 31 42 9 50 58 37 6 53 36 55 46 54 55 51 56 45 57 64 55 31 32 31 40 49 42 55 68 37 33 34 43 37 19 53 57 45 51 41 69 35 45 50 46 43 56 24 37 47 67 45 48 59 37 32 40 52 36 62 24 31 54 56 31 14 55 12 25 13 31 53 51 36 39 48 29 47 50 26 35 53 5 20 48 25 8 34 11 17 50 46 37 31 25 10 15 29 18 15 11 63 64 45 50 27 49 17 48 57 72 42 55 54 37 47 24 16 52 35 28 63 17 71 59 34 43 70 56 14 8 69 27 24 64 53 67 24 37 75 27 18 58 69 54 43 40 51 40 62 38 61 10 70 22 42 55 59 43 13 25 17 10 54 55 13 15 69 7 61 46 54 30 28 54 41 53 44 63 47 5 35 67 20 65 38 44 53 45 18 54 51 21 50 42 42 56 25 34 50 52 53 51 34 24 49 53 35 57 42 30 19 37 50 28 51 15 44 38 65 34 55 50 66 46 46 49 46 44 23 40 60 64 44 39 47 44 35 51 24 49 10 58 55 23 30 50 15 20 10 51 35 49 7 54 13 34 30 37 9 27 43 20 16 38 43 53 45 41 22 31 41 47 9 39 53 48 28 52 16 18 57 54 43 2 45 61 14 76 37 59 3 69 68 75 35 63 42 25 55 68 43 32 30 47 1 53 35 25 70 24 42 26 53 40 45 70 73 26 38 22 57 71 34 65 63 33 55 17 58 52 39 64 54 60 40 34 50 45 45 35 70 48 44 63 68 27 37 44 48 26 60 25 16 3 39 62 19 28 26 34 15 51 20 28 33 47 20 45 67 43 59 51 49 38 23 28 26 67 53 26 52 24 41 10 40 12 60 54 2 43 38 32 53 23 12 46 9 15 35 37 53 8 52 42 30 55 40 40 12 33 17 50 48 36 27 40 54 69 42 45 5 6 33 19 9 49 32 58 66 39 33 0 53 26 54 35 5 44 59
37 55 28 60 36 36 10 44 43 21 36 15 44 32 22 6 51 30 40 33 10 42 34 15 37 44 14 48 39 45 30 34 9 33 18 36 17 19 41 19 25 45 40 8 20 33 13 34 55 23 42 56 54 38 37 12 22 47 45 27 34 47 27 30 12 17 31 40 5 48 34 17 16 47 27 27 27 32 26 46 49 39 14 23 49 37 23 4 37 47 24 4 25 19 37 35 39 43 48 16 48 33 40 2 8 22 10 35 13 46 5 26 27 50 35 34 20 31 5 6 27 15 15 44 20 15 29 44 27 14 24 23 44 24 18 27 28 46 34 40 18 36 9 23 46 21 35 15 14 25 31 9 35 22 26 18 21 41 34 36 35 32 6 35 16 34 26 13 15 23 45 17 44 29 47 37 40 30 17 16 34 35 30 18 43 29 12 49 34 10 39 54 34 52 42 26 14 24 24 30 45 41 29 50 38 45 10 16 34 45 29 33 43 36 9 21 37 5 47 32 42 31 50 27 26 29 24 41 20 9 20 14 25 45 43 49 18 32 30 13 27 16 37 25 24 33 45 9 23 34 12 39 31 16 11 16 30 53 18 47 46 29 6 32 50 34 37 44 24 37 43 48 24 57 14 37 35 25 27 23 28 37 33 11 41 51 41 24 35 13 45 16 18 42 37 4 13 36 13 12 14 25 31 22 46 17 23 13 42 33 7 17 25 17 19 43 35 18 24 32 24 45 18 16 19 20 18 49 26 10 36 49 23 43 42 15 14 12 19 15 16 11 21 6 45 21 45 8 51 49 25 6 41 34 44 46 21 10 51 13 41 44 37 23 51 27 14 33 38 17 30 1 11 26 33 23 21 31 46 29 2 33 30 37 39 35 11 8 45 52 41 33 40 26 23 22 51 22 16 24 28 13 12 33 18 20 48 42 32 44 54 28 40 30 18 38 25 45 33 14 22 19 21 44 33 45 47 21 32 15 12 33 3 40 38 15 15 26 19 12 18 22 14 9 9 19 22 21 45 29 23 45 18 21 45 47 13 29 40 54 30 31 50 28 35 20 45 14 42 45 37 15 36 16 14 35 11 3 6 27 47 42 32 21 36 36 2 30 45 44 21 43 34 21 52 16 24 28 8 36 49 23 50 38 18 32 35 51 27 33 23 13 14 28 46 29 39 10 7 31 27 13 20 20 11 9 48 58 22 38 45 15 36 24 23 15 43 53 0 31 30 26 50 29 7
31 59 58 33 23 16 23 29 22 26 50 45 14 9 49 25 30 28 39 31 29 19 29 26 29 25 35 52 19 50 24 8 25 19 48 5 23 48 37 31 29 24 43 27 50 10 41 29 29 53 37 29 29 43 8 22 10 18 46 45 44 38 50 13 42 42 9 14 27 44 10 45 39 26 16 20 21 27 30 53 20 11 25 20 25 22 50 30 9 25 46 28 55 50 43 22 42 53 38 46 28 6 16 32 23 23 32 11 18 18 27 44 13 25 45 32 30 38 33 34 26 31 20 52 46 37 23 35 22 17 24 30 51 50 20 23 25 45 33 10 38 49 22 38 43 49 32 28 33 35 19 36 6 12 36 47 32 45 49 34 29 17 28 32 43 20 5 36 39 11 15 30 15 10 26 30 48 41 14 22 26 27 23 25 31 27 35 21 12 23 10 30 31 30 23 39 21 12 8 4 17 12 20 32 14 16 40 45 23 49 19 41 13 26 37 51 39 34 52 31 44 3 30 27 25 3 47 22 50 39 16 19 52 52 13 24 48 4 5 43 29 46 8 25 54 5 27 34 50 46 20 38 41 23 38 15 49 29 48 31 44 44 36 36 29 4 11 18 29 47 14 27 51 31 42 41 46 6 5 40 17 30 21 41 44 23 35 50 6 42 40 28 37 43 8 33 27 6 25 22 23 43 18 19 49 26 39 26 36 3 25 37 24 31 17 33 14 14 38 22 39 15 28 16 46 11 39 51 50 22 24 50 21 44 27 22 41 41 19 19 31 20 19 30 31 36 22 38 55 34 7 26 20 9 16 49 10 31 27 29 17 37 12 11 27 6 26 9 15 14 19 30 21 16 4 9 15 23 18 15 30 41 20 29 10 12 38 34 44 25 43 50 15 56 12 44 25 50 46 54 26 42 19 3 30 48 46 34 7 46 27 42 35 16 48 8 31 32 29 17 20 49 52 32 32 30 54 51 11 44 42 10 33 10 50 35 16 49 29 40 15 20 33 24 24 15 50 35 44 50 50 33 13 31 47 34 35 14 11 26 32 50 32 4 7 13 25 34 12 34 31 31 6 20 44 21 35 29 27 28 32 32 3 48 31 8 30 11 42 16 14 14 50 40 24 18 26 6 29 21 27 34 26 13 14 14 45 27 41 37 12 37 19 16 16 9 18 25 27 30 7 18 39 49 21 22 22 31 9 8 18 32 30 44 49 17 35 26 31 0 44 10 24 20 35
65 25 37 59 30 37 36 35 41 49 6 38 52 50 22 32 46 58 20 18 40 43 22 21 26 38 17 21 37 17 56 51 37 57 37 48 45 26 22 14 54 42 14 37 31 51 39 62 53 31 23 56 52 12 45 27 41 52 20 7 6 30 15 34 34 19 50 44 34 26 40 26 16 42 29 52 52 23 55 17 53 46 42 48 48 32 22 28 45 44 12 29 33 35 11 30 15 13 32 37 43 43 43 29 31 22 40 53 35 50 32 8 48 49 5 19 49 9 26 26 55 45 41 14 20 17 24 28 25 35 51 15 15 22 26 23 22 23 18 52 13 6 32 8 24 27 20 19 17 10 55 23 49 42 9 28 13 15 5 19 23 54 35 19 22 31 42 19 18 33 53 47 50 36 43 25 12 4 33 24 60 26 56 46 32 20 19 53 39 37 54 51 21 48 38 6 40 45 38 41 50 49 27 42 42 51 35 25 59 19 29 7 53 61 25 33 16 27 18 18 16 43 43 55 21 43 15 38 32 26 28 38 23 16 52 47 32 47 41 30 55 30 51 19 37 48 39 38 24 5 34 19 4 23 40 34 8 49 34 37 24 2 32 12 45 48 43 45 53 7 50 42 23 56 24 12 6 40 39 8 51 64 57 31 15 55 24 20 46 38 25 19 14 18 46 28 42 48 42 26 24 7 31 26 20 46 9 42 26 46 34 14 21 47 43 29 38 34 8 27 8 54 17 32 22 37 14 23 18 35 60 23 49 19 34 25 21 37 45 28 16 35 26 25 34 10 45 26 23 38 39 34 39 41 49 19 39 21 49 42 42 27 55 43 48 39 21 40 40 37 54 31 35 49 44 37 44 57 51 51 32 8 28 63 48 40 22 24 22 53 17 7 43 35 44 12 51 26 32 35 20 27 32 47 47 27 25 26 49 18 55 3 23 32 35 52 13 33 61 32 47 30 37 33 17 36 17 32 51 28 31 52 29 49 8 16 33 13 49 25 40 25 18 28 27 31 27 11 21 10 23 33 37 14 19 35 42 33 49 56 15 8 42 41 50 33 40 17 54 32 23 17 47 42 37 58 41 30 27 18 36 29 46 24 63 51 29 35 23 48 43 49 6 10 54 40 18 45 37 32 45 11 48 43 32 53 6 48 4 13 33 19 30 51 53 48 39 38 25 19 38 31 12 29 29 33 50 58 38 48 49 17 23 9 19 33 27 54 30 44 0 45 50 53 36
23 64 53 42 30 24 17 37 31 17 51 39 22 7 46 20 39 19 44 36 22 28 34 25 35 33 34 57 27 54 15 9 19 13 43 13 15 44 42 32 20 33 48 20 46 8 34 21 38 49 43 38 38 47 17 20 5 27 51 45 47 44 49 20 36 40 6 24 21 50 19 41 38 35 21 11 12 32 21 57 29 20 17 11 34 29 47 26 18 34 45 24 50 44 47 29 46 56 45 40 37 14 24 28 19 25 25 10 14 26 22 44 4 34 47 37 21 41 29 30 18 23 13 56 44 36 28 42 26 13 15 32 55 48 20 27 29 50 37 17 37 51 18 38 49 46 37 27 32 37 11 33 12 5 38 43 33 49 50 39 35 10 22 37 40 26 6 33 36 14 23 22 24 17 35 35 51 43 13 22 18 33 14 17 38 31 32 30 20 17 15 39 36 38 31 40 13 3 10 12 25 20 25 40 23 25 34 41 15 53 24 44 20 18 33 46 43 29 56 35 49 11 39 19 28 7 46 30 45 34 18 13 49 56 22 34 43 9 13 38 19 42 13 29 49 9 35 28 47 48 15 43 43 23 31 13 49 39 43 39 49 45 31 39 38 11 19 28 20 50 23 36 48 40 38 45 48 8 10 41 8 22 13 36 48 32 41 48 15 35 46 27 36 48 17 28 19 14 17 21 22 43 24 21 54 18 40 18 42 11 20 36 27 23 9 40 22 12 38 28 39 22 29 14 43 9 38 56 48 17 17 55 12 49 35 21 38 35 10 18 30 15 21 27 38 36 30 33 59 42 9 20 29 18 25 54 7 29 36 21 26 44 12 4 37 11 25 18 24 9 11 25 15 8 14 10 7 15 27 7 25 44 25 22 19 21 35 31 49 33 47 50 23 51 3 43 34 46 41 49 30 38 16 10 21 45 52 41 7 51 36 43 40 22 43 13 34 40 21 15 11 45 46 39 37 37 57 46 6 40 37 8 29 19 52 34 14 48 20 36 8 23 32 21 21 15 47 35 49 49 47 40 10 32 51 42 27 20 19 34 35 50 40 9 11 13 34 33 18 41 37 30 15 12 38 14 27 24 24 31 40 39 9 45 22 12 25 18 48 25 6 23 51 39 33 11 29 4 22 28 36 35 36 21 13 8 48 36 42 40 15 35 17 7 25 4 26 19 25 34 13 16 38 45 19 17 31 40 8 16 27 31 35 43 47 14 42 35 26 10 45 0 33 11 29
53 55 75 10 20 15 44 18 10 50 54 65 13 31 63 45 10 51 36 33 51 8 28 39 26 13 49 49 14 48 46 29 47 41 67 20 46 64 32 42 52 9 43 48 67 31 62 52 6 69 33 7 5 44 17 39 33 9 42 53 48 28 61 21 61 56 31 10 47 36 17 61 53 11 25 43 44 28 53 51 7 14 47 43 4 19 64 48 16 8 56 47 71 68 44 21 41 54 27 65 11 19 10 51 42 33 54 31 39 8 47 54 36 3 49 32 53 42 50 51 50 54 43 53 60 51 27 28 27 38 47 38 51 64 34 29 30 39 33 19 50 53 42 47 37 65 31 41 46 42 42 52 23 35 43 63 41 44 55 33 28 39 49 32 58 20 28 50 53 28 13 53 11 21 9 27 49 47 33 36 48 25 45 48 22 31 49 6 16 45 24 7 30 8 13 46 43 35 28 23 9 14 25 14 12 10 60 61 45 46 24 45 16 47 54 68 38 52 51 33 43 22 13 51 31 26 59 13 68 56 31 41 66 52 14 5 66 26 22 61 52 63 23 33 72 25 14 56 65 50 40 36 47 37 59 35 57 8 66 18 38 51 55 39 10 23 14 7 52 51 12 11 65 8 58 42 50 28 25 50 40 52 43 59 43 7 30 63 19 62 34 40 49 40 17 51 49 19 48 39 38 51 21 30 46 50 49 49 30 23 46 49 31 54 40 26 15 34 46 24 47 15 40 35 61 31 52 46 62 43 45 45 44 41 18 37 56 61 42 35 43 41 31 47 20 45 6 55 51 20 27 47 11 17 9 47 32 46 4 51 10 30 29 34 6 24 39 17 13 35 41 49 42 40 20 28 39 46 8 38 50 44 24 51 14 15 54 51 39 3 41 56 11 73 35 55 2 65 64 71 31 59 39 24 53 64 39 29 28 44 5 49 31 21 66 24 38 22 52 37 43 66 70 22 33 18 52 68 33 61 60 32 52 16 53 48 35 60 52 56 37 30 47 42 42 31 66 44 40 59 64 23 35 40 44 22 57 22 15 6 35 58 15 25 25 31 12 48 19 24 29 43 19 43 64 42 56 48 45 34 19 25 25 63 53 25 48 20 37 8 38 11 56 50 5 40 34 30 50 19 8 42 5 13 32 36 49 5 48 38 27 52 36 39 12 32 13 47 44 32 24 37 50 66 39 42 2 9 31 17 6 45 28 54 62 36 29 5 50 24 50 33 0 43 56
13 73 54 51 41 35 20 47 41 11 59 39 31 13 50 24 49 8 54 46 21 38 44 33 45 44 39 66 38 64 5 15 21 6 43 23 13 46 53 39 11 43 57 21 48 13 33 10 48 51 54 47 48 56 27 26 14 36 61 52 55 55 54 30 37 44 12 34 24 60 29 45 43 45 32 2 3 42 12 66 38 30 16 6 44 40 51 30 28 44 51 28 52 45 56 40 56 64 56 40 47 25 35 31 24 34 23 13 19 36 25 51 8 44 56 47 15 50 33 34 8 20 14 65 48 41 38 52 36 19 7 40 64 52 29 37 39 60 47 25 43 59 23 46 59 48 47 34 38 45 3 37 21 13 46 46 41 58 58 49 45 5 23 47 44 37 17 39 42 24 31 17 33 28 45 46 60 51 22 30 8 43 4 13 49 41 38 39 31 19 21 49 46 49 42 48 15 10 20 22 35 30 36 51 33 34 35 45 6 63 35 53 28 9 37 48 53 33 66 45 58 22 50 9 38 18 51 41 47 38 27 16 53 65 30 44 45 17 23 40 10 44 21 38 50 18 46 27 51 56 20 53 52 31 30 20 55 49 44 50 60 52 33 49 48 20 30 38 12 58 32 46 52 50 42 54 57 18 21 48 4 12 4 38 58 40 52 52 25 35 57 35 42 58 26 32 18 24 17 28 30 50 34 31 63 14 47 17 53 21 23 42 37 19 11 51 33 20 46 38 47 30 37 22 47 19 44 66 53 20 8 65 7 59 46 29 42 34 10 26 38 19 30 31 49 43 41 37 69 52 20 23 40 28 35 63 16 34 46 19 36 54 16 12 47 22 33 28 34 17 2 28 19 5 24 21 10 4 36 5 28 53 36 11 29 31 39 35 60 43 57 58 34 52 10 49 44 50 43 50 40 40 22 19 17 47 62 51 15 61 45 51 51 33 43 20 43 51 10 22 7 47 47 50 47 48 67 48 11 43 39 12 32 28 61 40 21 53 15 40 14 32 38 26 27 25 49 43 59 56 51 51 18 40 61 52 25 31 29 43 45 57 51 19 19 22 45 39 25 51 47 37 24 13 38 7 26 28 28 41 50 49 19 49 12 19 29 29 58 35 10 33 59 46 42 14 39 14 23 39 46 43 46 32 22 8 57 46 50 50 25 40 24 5 33 12 37 19 30 44 23 22 45 48 25 21 41 49 18 26 37 38 46 50 51 21 52 44 29 20 53 11 43 0 29
36 61 26 66 43 43 13 51 50 20 42 11 49 35 24 11 58 29 47 40 9 48 41 22 44 50 20 55 45 51 30 37 10 34 14 40 17 19 48 25 23 52 46 9 20 36 6 33 61 23 49 62 60 45 42 18 26 52 52 32 40 54 30 36 9 20 34 46 9 55 40 18 21 53 33 27 27 39 24 52 54 44 14 23 55 43 25 11 42 53 29 11 24 17 44 42 46 49 55 12 55 38 46 8 14 29 7 38 18 51 9 31 29 56 41 41 17 37 11 11 26 11 17 50 23 20 36 51 34 19 24 30 50 26 24 34 35 53 41 44 24 42 14 29 53 21 42 22 21 32 31 14 40 25 32 18 28 48 39 43 42 33 8 42 19 40 30 18 20 28 49 14 49 35 54 44 47 36 23 23 33 42 30 17 50 36 17 55 40 13 43 60 41 59 49 32 16 27 29 35 50 46 35 57 44 50 7 18 34 52 36 39 47 36 13 20 44 9 53 39 48 36 56 26 33 33 28 48 19 12 26 17 26 51 48 55 16 36 35 12 25 16 41 32 21 37 52 3 24 40 16 46 37 23 4 21 34 59 16 54 53 35 5 38 57 38 42 49 22 43 48 54 25 63 16 43 41 29 32 29 29 36 33 10 47 57 48 26 40 7 52 23 23 49 42 9 12 41 13 19 21 31 37 28 53 15 28 13 49 37 10 22 32 13 21 50 41 23 30 38 30 49 25 22 21 25 23 56 29 13 36 56 23 50 49 22 18 6 21 22 23 15 27 13 51 27 51 11 58 56 30 10 48 39 50 52 25 17 57 10 47 51 40 26 57 33 21 39 44 22 30 8 15 27 38 28 23 31 52 30 7 40 37 36 44 41 15 13 52 57 48 38 45 24 26 27 57 22 14 22 35 13 17 37 15 20 55 49 35 50 60 34 47 37 15 41 32 52 32 19 22 19 18 51 40 52 53 19 34 15 11 35 8 44 44 21 21 30 17 14 21 29 20 15 16 25 22 27 51 34 24 52 22 28 51 54 7 35 45 59 37 36 57 32 39 25 52 20 46 52 44 22 41 18 9 35 5 10 13 34 54 49 36 22 34 40 9 36 52 49 23 48 40 27 57 19 31 31 7 42 55 30 56 44 24 34 42 57 33 40 29 18 20 29 51 32 45 11 14 38 33 19 25 20 18 14 54 64 27 42 51 21 43 29 26 20 50 59 7 35 36 29 56 29 0
